slurmstepd: info: Setting TMPDIR to /scratch/11385659. Previous errors about TMPDIR can be discarded
python/3.9.9 loaded
jupyter-server/1.13.5-python-3.9.9 loaded
jupyterlab/3.2.4-python-3.9.9 loaded
Architecture:                    x86_64
CPU op-mode(s):                  32-bit, 64-bit
Byte Order:                      Little Endian
Address sizes:                   46 bits physical, 57 bits virtual
CPU(s):                          64
On-line CPU(s) list:             0-63
Thread(s) per core:              1
Core(s) per socket:              32
Socket(s):                       2
NUMA node(s):                    4
Vendor ID:                       GenuineIntel
CPU family:                      6
Model:                           106
Model name:                      Intel(R) Xeon(R) Platinum 8352Y CPU @ 2.20GHz
Stepping:                        6
CPU MHz:                         2800.000
CPU max MHz:                     3400.0000
CPU min MHz:                     800.0000
BogoMIPS:                        4400.00
Virtualization:                  VT-x
L1d cache:                       3 MiB
L1i cache:                       2 MiB
L2 cache:                        80 MiB
L3 cache:                        96 MiB
NUMA node0 CPU(s):               0-15
NUMA node1 CPU(s):               16-31
NUMA node2 CPU(s):               32-47
NUMA node3 CPU(s):               48-63
Vulnerability Itlb multihit:     Not affected
Vulnerability L1tf:              Not affected
Vulnerability Mds:               Not affected
Vulnerability Meltdown:          Not affected
Vulnerability Spec store bypass: Mitigation; Speculative Store Bypass disabled via prctl and seccomp
Vulnerability Spectre v1:        Mitigation; usercopy/swapgs barriers and __user pointer sanitization
Vulnerability Spectre v2:        Mitigation; Enhanced IBRS, IBPB conditional, RSB filling
Vulnerability Srbds:             Not affected
Vulnerability Tsx async abort:   Not affected
Flags:                           fpu vme de pse tsc msr pae mce cx8 apic sep mtrr pge mca cmov pat pse36 clflush dts acpi mmx fxsr sse sse2 ss ht tm pbe syscall nx pdpe1gb rdtscp lm constant_tsc art arch_perfmon pebs bts rep_good nopl xtopology nonstop_tsc cpuid aperfmperf pni pclmulqdq dtes64 monitor ds_cpl vmx smx est tm2 ssse3 sdbg fma cx16 xtpr pdcm pcid dca sse4_1 sse4_2 x2apic movbe popcnt tsc_deadline_timer aes xsave avx f16c rdrand lahf_lm abm 3dnowprefetch cpuid_fault epb cat_l3 invpcid_single intel_ppin ssbd mba ibrs ibpb stibp ibrs_enhanced tpr_shadow vnmi flexpriority ept vpid ept_ad fsgsbase tsc_adjust bmi1 hle avx2 smep bmi2 erms invpcid cqm rdt_a avx512f avx512dq rdseed adx smap avx512ifma clflushopt clwb intel_pt avx512cd sha_ni avx512bw avx512vl xsaveopt xsavec xgetbv1 xsaves cqm_llc cqm_occup_llc cqm_mbm_total cqm_mbm_local split_lock_detect wbnoinvd dtherm ida arat pln pts hwp hwp_act_window hwp_epp hwp_pkg_req avx512vbmi umip pku ospke avx512_vbmi2 gfni vaes vpclmulqdq avx512_vnni avx512_bitalg tme avx512_vpopcntdq la57 rdpid fsrm md_clear pconfig flush_l1d arch_capabilities
INFO: Using numpy backend
Percentage of tasks completed:: 0it [00:00, ?it/s][Parallel(n_jobs=-1)]: Using backend LokyBackend with 32 concurrent workers.
Percentage of tasks completed:: 0it [00:00, ?it/s]
Auto packing the repository in background for optimum performance.
See "git help gc" for manual housekeeping.
[main 475c120ba] Simulations Hyperboloid block 10
 4470 files changed, 3082 insertions(+)
 create mode 100644 11385650-H2-block1.out
 create mode 100644 11385651-H2-block2.out
 create mode 100644 11385652-H2-block3.out
 create mode 100644 11385653-H2-block4.out
 create mode 100644 11385654-H2-block5.out
 create mode 100644 11385655-H2-block6.out
 create mode 100644 11385656-H2-block7.out
 create mode 100644 11385657-H2-block8.out
 create mode 100644 11385658-H2-block9.out
 create mode 100644 11385659-H2-block10.out
 create mode 100644 11385660-H2-block11.out
 create mode 100644 11385683-sphere-block1.out
 create mode 100644 11385684-sphere-block2.out
 create mode 100644 11385685-sphere-block3.out
 create mode 100644 11385686-sphere-block4.out
 create mode 100644 11385687-sphere-block5.out
 create mode 100644 11385688-sphere-block6.out
 create mode 100644 11385689-sphere-block7.out
 create mode 100644 11385690-sphere-block8.out
 create mode 100644 11385691-sphere-block9.out
 create mode 100644 11385692-sphere-block10.out
 create mode 100644 11385693-sphere-block11.out
 create mode 100644 11385694-sphere-block12.out
 create mode 100644 11385695-sphere-block13.out
 create mode 100644 11385696-sphere-block14.out
 create mode 100644 11385697-sphere-block15.out
 create mode 100644 11385698-sphere-block16.out
 create mode 100644 11385699-sphere-block17.out
 create mode 100644 11385700-sphere-block18.out
 create mode 100644 11385701-sphere-block19.out
 create mode 100644 11385702-sphere-block20.out
 create mode 100644 j-SPD-block1.out
 create mode 100644 simulations_H2/results/H2_samp100_N100_kappa200_block_4_results.npy
 create mode 100644 simulations_H2/results/H2_samp100_N100_kappa50_block_4_results.npy
 create mode 100644 simulations_H2/results/H2_samp100_N200_kappa200_block_4_results.npy
 create mode 100644 simulations_H2/results/H2_samp100_N200_kappa50_block_4_results.npy
 create mode 100644 simulations_H2/results/H2_samp100_N500_kappa200_block_4_results.npy
 create mode 100644 simulations_H2/results/H2_samp100_N500_kappa50_block_4_results.npy
 create mode 100644 simulations_H2/results/H2_samp100_N50_kappa200_block_4_results.npy
 create mode 100644 simulations_H2/results/H2_samp100_N50_kappa50_block_4_results.npy
 create mode 100644 simulations_H2/results/H2_samp101_N100_kappa200_block_5_results.npy
 create mode 100644 simulations_H2/results/H2_samp101_N100_kappa50_block_5_results.npy
 create mode 100644 simulations_H2/results/H2_samp101_N200_kappa200_block_5_results.npy
 create mode 100644 simulations_H2/results/H2_samp101_N200_kappa50_block_5_results.npy
 create mode 100644 simulations_H2/results/H2_samp101_N500_kappa200_block_5_results.npy
 create mode 100644 simulations_H2/results/H2_samp101_N500_kappa50_block_5_results.npy
 create mode 100644 simulations_H2/results/H2_samp101_N50_kappa200_block_5_results.npy
 create mode 100644 simulations_H2/results/H2_samp101_N50_kappa50_block_5_results.npy
 create mode 100644 simulations_H2/results/H2_samp102_N100_kappa200_block_5_results.npy
 create mode 100644 simulations_H2/results/H2_samp102_N100_kappa50_block_5_results.npy
 create mode 100644 simulations_H2/results/H2_samp102_N200_kappa200_block_5_results.npy
 create mode 100644 simulations_H2/results/H2_samp102_N200_kappa50_block_5_results.npy
 create mode 100644 simulations_H2/results/H2_samp102_N500_kappa200_block_5_results.npy
 create mode 100644 simulations_H2/results/H2_samp102_N500_kappa50_block_5_results.npy
 create mode 100644 simulations_H2/results/H2_samp102_N50_kappa200_block_5_results.npy
 create mode 100644 simulations_H2/results/H2_samp102_N50_kappa50_block_5_results.npy
 create mode 100644 simulations_H2/results/H2_samp103_N100_kappa200_block_5_results.npy
 create mode 100644 simulations_H2/results/H2_samp103_N100_kappa50_block_5_results.npy
 create mode 100644 simulations_H2/results/H2_samp103_N200_kappa200_block_5_results.npy
 create mode 100644 simulations_H2/results/H2_samp103_N200_kappa50_block_5_results.npy
 create mode 100644 simulations_H2/results/H2_samp103_N500_kappa200_block_5_results.npy
 create mode 100644 simulations_H2/results/H2_samp103_N500_kappa50_block_5_results.npy
 create mode 100644 simulations_H2/results/H2_samp103_N50_kappa200_block_5_results.npy
 create mode 100644 simulations_H2/results/H2_samp103_N50_kappa50_block_5_results.npy
 create mode 100644 simulations_H2/results/H2_samp104_N100_kappa200_block_5_results.npy
 create mode 100644 simulations_H2/results/H2_samp104_N100_kappa50_block_5_results.npy
 create mode 100644 simulations_H2/results/H2_samp104_N200_kappa200_block_5_results.npy
 create mode 100644 simulations_H2/results/H2_samp104_N200_kappa50_block_5_results.npy
 create mode 100644 simulations_H2/results/H2_samp104_N500_kappa200_block_5_results.npy
 create mode 100644 simulations_H2/results/H2_samp104_N500_kappa50_block_5_results.npy
 create mode 100644 simulations_H2/results/H2_samp104_N50_kappa200_block_5_results.npy
 create mode 100644 simulations_H2/results/H2_samp104_N50_kappa50_block_5_results.npy
 create mode 100644 simulations_H2/results/H2_samp105_N100_kappa200_block_5_results.npy
 create mode 100644 simulations_H2/results/H2_samp105_N100_kappa50_block_5_results.npy
 create mode 100644 simulations_H2/results/H2_samp105_N200_kappa200_block_5_results.npy
 create mode 100644 simulations_H2/results/H2_samp105_N200_kappa50_block_5_results.npy
 create mode 100644 simulations_H2/results/H2_samp105_N500_kappa200_block_5_results.npy
 create mode 100644 simulations_H2/results/H2_samp105_N500_kappa50_block_5_results.npy
 create mode 100644 simulations_H2/results/H2_samp105_N50_kappa200_block_5_results.npy
 create mode 100644 simulations_H2/results/H2_samp105_N50_kappa50_block_5_results.npy
 create mode 100644 simulations_H2/results/H2_samp106_N100_kappa200_block_5_results.npy
 create mode 100644 simulations_H2/results/H2_samp106_N100_kappa50_block_5_results.npy
 create mode 100644 simulations_H2/results/H2_samp106_N200_kappa200_block_5_results.npy
 create mode 100644 simulations_H2/results/H2_samp106_N200_kappa50_block_5_results.npy
 create mode 100644 simulations_H2/results/H2_samp106_N500_kappa200_block_5_results.npy
 create mode 100644 simulations_H2/results/H2_samp106_N500_kappa50_block_5_results.npy
 create mode 100644 simulations_H2/results/H2_samp106_N50_kappa200_block_5_results.npy
 create mode 100644 simulations_H2/results/H2_samp106_N50_kappa50_block_5_results.npy
 create mode 100644 simulations_H2/results/H2_samp107_N100_kappa200_block_5_results.npy
 create mode 100644 simulations_H2/results/H2_samp107_N100_kappa50_block_5_results.npy
 create mode 100644 simulations_H2/results/H2_samp107_N200_kappa200_block_5_results.npy
 create mode 100644 simulations_H2/results/H2_samp107_N200_kappa50_block_5_results.npy
 create mode 100644 simulations_H2/results/H2_samp107_N500_kappa200_block_5_results.npy
 create mode 100644 simulations_H2/results/H2_samp107_N500_kappa50_block_5_results.npy
 create mode 100644 simulations_H2/results/H2_samp107_N50_kappa200_block_5_results.npy
 create mode 100644 simulations_H2/results/H2_samp107_N50_kappa50_block_5_results.npy
 create mode 100644 simulations_H2/results/H2_samp108_N100_kappa200_block_5_results.npy
 create mode 100644 simulations_H2/results/H2_samp108_N100_kappa50_block_5_results.npy
 create mode 100644 simulations_H2/results/H2_samp108_N200_kappa200_block_5_results.npy
 create mode 100644 simulations_H2/results/H2_samp108_N200_kappa50_block_5_results.npy
 create mode 100644 simulations_H2/results/H2_samp108_N500_kappa50_block_5_results.npy
 create mode 100644 simulations_H2/results/H2_samp108_N50_kappa200_block_5_results.npy
 create mode 100644 simulations_H2/results/H2_samp108_N50_kappa50_block_5_results.npy
 create mode 100644 simulations_H2/results/H2_samp109_N100_kappa200_block_5_results.npy
 create mode 100644 simulations_H2/results/H2_samp109_N100_kappa50_block_5_results.npy
 create mode 100644 simulations_H2/results/H2_samp109_N200_kappa200_block_5_results.npy
 create mode 100644 simulations_H2/results/H2_samp109_N200_kappa50_block_5_results.npy
 create mode 100644 simulations_H2/results/H2_samp109_N50_kappa200_block_5_results.npy
 create mode 100644 simulations_H2/results/H2_samp109_N50_kappa50_block_5_results.npy
 create mode 100644 simulations_H2/results/H2_samp10_N100_kappa200_block_1_results.npy
 create mode 100644 simulations_H2/results/H2_samp10_N100_kappa50_block_1_results.npy
 create mode 100644 simulations_H2/results/H2_samp10_N200_kappa200_block_1_results.npy
 create mode 100644 simulations_H2/results/H2_samp10_N200_kappa50_block_1_results.npy
 create mode 100644 simulations_H2/results/H2_samp10_N500_kappa200_block_1_results.npy
 create mode 100644 simulations_H2/results/H2_samp10_N500_kappa50_block_1_results.npy
 create mode 100644 simulations_H2/results/H2_samp10_N50_kappa200_block_1_results.npy
 create mode 100644 simulations_H2/results/H2_samp10_N50_kappa50_block_1_results.npy
 create mode 100644 simulations_H2/results/H2_samp110_N100_kappa200_block_5_results.npy
 create mode 100644 simulations_H2/results/H2_samp110_N100_kappa50_block_5_results.npy
 create mode 100644 simulations_H2/results/H2_samp110_N200_kappa200_block_5_results.npy
 create mode 100644 simulations_H2/results/H2_samp110_N200_kappa50_block_5_results.npy
 create mode 100644 simulations_H2/results/H2_samp110_N50_kappa200_block_5_results.npy
 create mode 100644 simulations_H2/results/H2_samp110_N50_kappa50_block_5_results.npy
 create mode 100644 simulations_H2/results/H2_samp111_N100_kappa200_block_5_results.npy
 create mode 100644 simulations_H2/results/H2_samp111_N100_kappa50_block_5_results.npy
 create mode 100644 simulations_H2/results/H2_samp111_N200_kappa200_block_5_results.npy
 create mode 100644 simulations_H2/results/H2_samp111_N200_kappa50_block_5_results.npy
 create mode 100644 simulations_H2/results/H2_samp111_N50_kappa200_block_5_results.npy
 create mode 100644 simulations_H2/results/H2_samp111_N50_kappa50_block_5_results.npy
 create mode 100644 simulations_H2/results/H2_samp112_N100_kappa200_block_5_results.npy
 create mode 100644 simulations_H2/results/H2_samp112_N100_kappa50_block_5_results.npy
 create mode 100644 simulations_H2/results/H2_samp112_N200_kappa200_block_5_results.npy
 create mode 100644 simulations_H2/results/H2_samp112_N200_kappa50_block_5_results.npy
 create mode 100644 simulations_H2/results/H2_samp112_N50_kappa200_block_5_results.npy
 create mode 100644 simulations_H2/results/H2_samp112_N50_kappa50_block_5_results.npy
 create mode 100644 simulations_H2/results/H2_samp113_N100_kappa200_block_5_results.npy
 create mode 100644 simulations_H2/results/H2_samp113_N100_kappa50_block_5_results.npy
 create mode 100644 simulations_H2/results/H2_samp113_N200_kappa200_block_5_results.npy
 create mode 100644 simulations_H2/results/H2_samp113_N200_kappa50_block_5_results.npy
 create mode 100644 simulations_H2/results/H2_samp113_N50_kappa200_block_5_results.npy
 create mode 100644 simulations_H2/results/H2_samp113_N50_kappa50_block_5_results.npy
 create mode 100644 simulations_H2/results/H2_samp114_N100_kappa200_block_5_results.npy
 create mode 100644 simulations_H2/results/H2_samp114_N100_kappa50_block_5_results.npy
 create mode 100644 simulations_H2/results/H2_samp114_N50_kappa200_block_5_results.npy
 create mode 100644 simulations_H2/results/H2_samp114_N50_kappa50_block_5_results.npy
 create mode 100644 simulations_H2/results/H2_samp115_N100_kappa200_block_5_results.npy
 create mode 100644 simulations_H2/results/H2_samp115_N100_kappa50_block_5_results.npy
 create mode 100644 simulations_H2/results/H2_samp115_N50_kappa200_block_5_results.npy
 create mode 100644 simulations_H2/results/H2_samp115_N50_kappa50_block_5_results.npy
 create mode 100644 simulations_H2/results/H2_samp116_N100_kappa200_block_5_results.npy
 create mode 100644 simulations_H2/results/H2_samp116_N100_kappa50_block_5_results.npy
 create mode 100644 simulations_H2/results/H2_samp116_N50_kappa200_block_5_results.npy
 create mode 100644 simulations_H2/results/H2_samp116_N50_kappa50_block_5_results.npy
 create mode 100644 simulations_H2/results/H2_samp11_N100_kappa200_block_1_results.npy
 create mode 100644 simulations_H2/results/H2_samp11_N100_kappa50_block_1_results.npy
 create mode 100644 simulations_H2/results/H2_samp11_N200_kappa200_block_1_results.npy
 create mode 100644 simulations_H2/results/H2_samp11_N200_kappa50_block_1_results.npy
 create mode 100644 simulations_H2/results/H2_samp11_N500_kappa200_block_1_results.npy
 create mode 100644 simulations_H2/results/H2_samp11_N500_kappa50_block_1_results.npy
 create mode 100644 simulations_H2/results/H2_samp11_N50_kappa200_block_1_results.npy
 create mode 100644 simulations_H2/results/H2_samp11_N50_kappa50_block_1_results.npy
 create mode 100644 simulations_H2/results/H2_samp126_N100_kappa200_block_6_results.npy
 create mode 100644 simulations_H2/results/H2_samp126_N100_kappa50_block_6_results.npy
 create mode 100644 simulations_H2/results/H2_samp126_N200_kappa200_block_6_results.npy
 create mode 100644 simulations_H2/results/H2_samp126_N200_kappa50_block_6_results.npy
 create mode 100644 simulations_H2/results/H2_samp126_N500_kappa200_block_6_results.npy
 create mode 100644 simulations_H2/results/H2_samp126_N500_kappa50_block_6_results.npy
 create mode 100644 simulations_H2/results/H2_samp126_N50_kappa200_block_6_results.npy
 create mode 100644 simulations_H2/results/H2_samp126_N50_kappa50_block_6_results.npy
 create mode 100644 simulations_H2/results/H2_samp127_N100_kappa200_block_6_results.npy
 create mode 100644 simulations_H2/results/H2_samp127_N100_kappa50_block_6_results.npy
 create mode 100644 simulations_H2/results/H2_samp127_N200_kappa200_block_6_results.npy
 create mode 100644 simulations_H2/results/H2_samp127_N200_kappa50_block_6_results.npy
 create mode 100644 simulations_H2/results/H2_samp127_N500_kappa200_block_6_results.npy
 create mode 100644 simulations_H2/results/H2_samp127_N500_kappa50_block_6_results.npy
 create mode 100644 simulations_H2/results/H2_samp127_N50_kappa200_block_6_results.npy
 create mode 100644 simulations_H2/results/H2_samp127_N50_kappa50_block_6_results.npy
 create mode 100644 simulations_H2/results/H2_samp128_N100_kappa200_block_6_results.npy
 create mode 100644 simulations_H2/results/H2_samp128_N100_kappa50_block_6_results.npy
 create mode 100644 simulations_H2/results/H2_samp128_N200_kappa200_block_6_results.npy
 create mode 100644 simulations_H2/results/H2_samp128_N200_kappa50_block_6_results.npy
 create mode 100644 simulations_H2/results/H2_samp128_N500_kappa200_block_6_results.npy
 create mode 100644 simulations_H2/results/H2_samp128_N500_kappa50_block_6_results.npy
 create mode 100644 simulations_H2/results/H2_samp128_N50_kappa200_block_6_results.npy
 create mode 100644 simulations_H2/results/H2_samp128_N50_kappa50_block_6_results.npy
 create mode 100644 simulations_H2/results/H2_samp129_N100_kappa200_block_6_results.npy
 create mode 100644 simulations_H2/results/H2_samp129_N100_kappa50_block_6_results.npy
 create mode 100644 simulations_H2/results/H2_samp129_N200_kappa200_block_6_results.npy
 create mode 100644 simulations_H2/results/H2_samp129_N200_kappa50_block_6_results.npy
 create mode 100644 simulations_H2/results/H2_samp129_N500_kappa200_block_6_results.npy
 create mode 100644 simulations_H2/results/H2_samp129_N500_kappa50_block_6_results.npy
 create mode 100644 simulations_H2/results/H2_samp129_N50_kappa200_block_6_results.npy
 create mode 100644 simulations_H2/results/H2_samp129_N50_kappa50_block_6_results.npy
 create mode 100644 simulations_H2/results/H2_samp12_N100_kappa200_block_1_results.npy
 create mode 100644 simulations_H2/results/H2_samp12_N100_kappa50_block_1_results.npy
 create mode 100644 simulations_H2/results/H2_samp12_N200_kappa200_block_1_results.npy
 create mode 100644 simulations_H2/results/H2_samp12_N200_kappa50_block_1_results.npy
 create mode 100644 simulations_H2/results/H2_samp12_N500_kappa200_block_1_results.npy
 create mode 100644 simulations_H2/results/H2_samp12_N500_kappa50_block_1_results.npy
 create mode 100644 simulations_H2/results/H2_samp12_N50_kappa200_block_1_results.npy
 create mode 100644 simulations_H2/results/H2_samp12_N50_kappa50_block_1_results.npy
 create mode 100644 simulations_H2/results/H2_samp130_N100_kappa200_block_6_results.npy
 create mode 100644 simulations_H2/results/H2_samp130_N100_kappa50_block_6_results.npy
 create mode 100644 simulations_H2/results/H2_samp130_N200_kappa200_block_6_results.npy
 create mode 100644 simulations_H2/results/H2_samp130_N200_kappa50_block_6_results.npy
 create mode 100644 simulations_H2/results/H2_samp130_N500_kappa200_block_6_results.npy
 create mode 100644 simulations_H2/results/H2_samp130_N500_kappa50_block_6_results.npy
 create mode 100644 simulations_H2/results/H2_samp130_N50_kappa200_block_6_results.npy
 create mode 100644 simulations_H2/results/H2_samp130_N50_kappa50_block_6_results.npy
 create mode 100644 simulations_H2/results/H2_samp131_N100_kappa200_block_6_results.npy
 create mode 100644 simulations_H2/results/H2_samp131_N100_kappa50_block_6_results.npy
 create mode 100644 simulations_H2/results/H2_samp131_N200_kappa200_block_6_results.npy
 create mode 100644 simulations_H2/results/H2_samp131_N200_kappa50_block_6_results.npy
 create mode 100644 simulations_H2/results/H2_samp131_N500_kappa200_block_6_results.npy
 create mode 100644 simulations_H2/results/H2_samp131_N500_kappa50_block_6_results.npy
 create mode 100644 simulations_H2/results/H2_samp131_N50_kappa200_block_6_results.npy
 create mode 100644 simulations_H2/results/H2_samp131_N50_kappa50_block_6_results.npy
 create mode 100644 simulations_H2/results/H2_samp132_N100_kappa200_block_6_results.npy
 create mode 100644 simulations_H2/results/H2_samp132_N100_kappa50_block_6_results.npy
 create mode 100644 simulations_H2/results/H2_samp132_N200_kappa200_block_6_results.npy
 create mode 100644 simulations_H2/results/H2_samp132_N200_kappa50_block_6_results.npy
 create mode 100644 simulations_H2/results/H2_samp132_N500_kappa200_block_6_results.npy
 create mode 100644 simulations_H2/results/H2_samp132_N500_kappa50_block_6_results.npy
 create mode 100644 simulations_H2/results/H2_samp132_N50_kappa200_block_6_results.npy
 create mode 100644 simulations_H2/results/H2_samp132_N50_kappa50_block_6_results.npy
 create mode 100644 simulations_H2/results/H2_samp133_N100_kappa200_block_6_results.npy
 create mode 100644 simulations_H2/results/H2_samp133_N100_kappa50_block_6_results.npy
 create mode 100644 simulations_H2/results/H2_samp133_N200_kappa200_block_6_results.npy
 create mode 100644 simulations_H2/results/H2_samp133_N200_kappa50_block_6_results.npy
 create mode 100644 simulations_H2/results/H2_samp133_N500_kappa200_block_6_results.npy
 create mode 100644 simulations_H2/results/H2_samp133_N500_kappa50_block_6_results.npy
 create mode 100644 simulations_H2/results/H2_samp133_N50_kappa200_block_6_results.npy
 create mode 100644 simulations_H2/results/H2_samp133_N50_kappa50_block_6_results.npy
 create mode 100644 simulations_H2/results/H2_samp134_N100_kappa200_block_6_results.npy
 create mode 100644 simulations_H2/results/H2_samp134_N100_kappa50_block_6_results.npy
 create mode 100644 simulations_H2/results/H2_samp134_N200_kappa200_block_6_results.npy
 create mode 100644 simulations_H2/results/H2_samp134_N200_kappa50_block_6_results.npy
 create mode 100644 simulations_H2/results/H2_samp134_N50_kappa200_block_6_results.npy
 create mode 100644 simulations_H2/results/H2_samp134_N50_kappa50_block_6_results.npy
 create mode 100644 simulations_H2/results/H2_samp135_N100_kappa200_block_6_results.npy
 create mode 100644 simulations_H2/results/H2_samp135_N100_kappa50_block_6_results.npy
 create mode 100644 simulations_H2/results/H2_samp135_N200_kappa200_block_6_results.npy
 create mode 100644 simulations_H2/results/H2_samp135_N200_kappa50_block_6_results.npy
 create mode 100644 simulations_H2/results/H2_samp135_N50_kappa200_block_6_results.npy
 create mode 100644 simulations_H2/results/H2_samp135_N50_kappa50_block_6_results.npy
 create mode 100644 simulations_H2/results/H2_samp136_N100_kappa200_block_6_results.npy
 create mode 100644 simulations_H2/results/H2_samp136_N100_kappa50_block_6_results.npy
 create mode 100644 simulations_H2/results/H2_samp136_N200_kappa200_block_6_results.npy
 create mode 100644 simulations_H2/results/H2_samp136_N200_kappa50_block_6_results.npy
 create mode 100644 simulations_H2/results/H2_samp136_N50_kappa200_block_6_results.npy
 create mode 100644 simulations_H2/results/H2_samp136_N50_kappa50_block_6_results.npy
 create mode 100644 simulations_H2/results/H2_samp137_N100_kappa200_block_6_results.npy
 create mode 100644 simulations_H2/results/H2_samp137_N100_kappa50_block_6_results.npy
 create mode 100644 simulations_H2/results/H2_samp137_N200_kappa200_block_6_results.npy
 create mode 100644 simulations_H2/results/H2_samp137_N200_kappa50_block_6_results.npy
 create mode 100644 simulations_H2/results/H2_samp137_N50_kappa200_block_6_results.npy
 create mode 100644 simulations_H2/results/H2_samp137_N50_kappa50_block_6_results.npy
 create mode 100644 simulations_H2/results/H2_samp138_N100_kappa200_block_6_results.npy
 create mode 100644 simulations_H2/results/H2_samp138_N100_kappa50_block_6_results.npy
 create mode 100644 simulations_H2/results/H2_samp138_N200_kappa200_block_6_results.npy
 create mode 100644 simulations_H2/results/H2_samp138_N200_kappa50_block_6_results.npy
 create mode 100644 simulations_H2/results/H2_samp138_N50_kappa200_block_6_results.npy
 create mode 100644 simulations_H2/results/H2_samp138_N50_kappa50_block_6_results.npy
 create mode 100644 simulations_H2/results/H2_samp139_N100_kappa200_block_6_results.npy
 create mode 100644 simulations_H2/results/H2_samp139_N100_kappa50_block_6_results.npy
 create mode 100644 simulations_H2/results/H2_samp139_N200_kappa200_block_6_results.npy
 create mode 100644 simulations_H2/results/H2_samp139_N200_kappa50_block_6_results.npy
 create mode 100644 simulations_H2/results/H2_samp139_N50_kappa200_block_6_results.npy
 create mode 100644 simulations_H2/results/H2_samp139_N50_kappa50_block_6_results.npy
 create mode 100644 simulations_H2/results/H2_samp13_N100_kappa200_block_1_results.npy
 create mode 100644 simulations_H2/results/H2_samp13_N100_kappa50_block_1_results.npy
 create mode 100644 simulations_H2/results/H2_samp13_N200_kappa200_block_1_results.npy
 create mode 100644 simulations_H2/results/H2_samp13_N200_kappa50_block_1_results.npy
 create mode 100644 simulations_H2/results/H2_samp13_N500_kappa200_block_1_results.npy
 create mode 100644 simulations_H2/results/H2_samp13_N500_kappa50_block_1_results.npy
 create mode 100644 simulations_H2/results/H2_samp13_N50_kappa200_block_1_results.npy
 create mode 100644 simulations_H2/results/H2_samp13_N50_kappa50_block_1_results.npy
 create mode 100644 simulations_H2/results/H2_samp140_N100_kappa200_block_6_results.npy
 create mode 100644 simulations_H2/results/H2_samp140_N100_kappa50_block_6_results.npy
 create mode 100644 simulations_H2/results/H2_samp140_N50_kappa200_block_6_results.npy
 create mode 100644 simulations_H2/results/H2_samp140_N50_kappa50_block_6_results.npy
 create mode 100644 simulations_H2/results/H2_samp141_N100_kappa200_block_6_results.npy
 create mode 100644 simulations_H2/results/H2_samp141_N100_kappa50_block_6_results.npy
 create mode 100644 simulations_H2/results/H2_samp141_N50_kappa200_block_6_results.npy
 create mode 100644 simulations_H2/results/H2_samp141_N50_kappa50_block_6_results.npy
 create mode 100644 simulations_H2/results/H2_samp142_N50_kappa200_block_6_results.npy
 create mode 100644 simulations_H2/results/H2_samp142_N50_kappa50_block_6_results.npy
 create mode 100644 simulations_H2/results/H2_samp14_N100_kappa200_block_1_results.npy
 create mode 100644 simulations_H2/results/H2_samp14_N100_kappa50_block_1_results.npy
 create mode 100644 simulations_H2/results/H2_samp14_N200_kappa200_block_1_results.npy
 create mode 100644 simulations_H2/results/H2_samp14_N200_kappa50_block_1_results.npy
 create mode 100644 simulations_H2/results/H2_samp14_N500_kappa200_block_1_results.npy
 create mode 100644 simulations_H2/results/H2_samp14_N500_kappa50_block_1_results.npy
 create mode 100644 simulations_H2/results/H2_samp14_N50_kappa200_block_1_results.npy
 create mode 100644 simulations_H2/results/H2_samp14_N50_kappa50_block_1_results.npy
 create mode 100644 simulations_H2/results/H2_samp151_N100_kappa200_block_7_results.npy
 create mode 100644 simulations_H2/results/H2_samp151_N100_kappa50_block_7_results.npy
 create mode 100644 simulations_H2/results/H2_samp151_N200_kappa200_block_7_results.npy
 create mode 100644 simulations_H2/results/H2_samp151_N200_kappa50_block_7_results.npy
 create mode 100644 simulations_H2/results/H2_samp151_N500_kappa200_block_7_results.npy
 create mode 100644 simulations_H2/results/H2_samp151_N500_kappa50_block_7_results.npy
 create mode 100644 simulations_H2/results/H2_samp151_N50_kappa200_block_7_results.npy
 create mode 100644 simulations_H2/results/H2_samp151_N50_kappa50_block_7_results.npy
 create mode 100644 simulations_H2/results/H2_samp152_N100_kappa200_block_7_results.npy
 create mode 100644 simulations_H2/results/H2_samp152_N100_kappa50_block_7_results.npy
 create mode 100644 simulations_H2/results/H2_samp152_N200_kappa200_block_7_results.npy
 create mode 100644 simulations_H2/results/H2_samp152_N200_kappa50_block_7_results.npy
 create mode 100644 simulations_H2/results/H2_samp152_N500_kappa200_block_7_results.npy
 create mode 100644 simulations_H2/results/H2_samp152_N500_kappa50_block_7_results.npy
 create mode 100644 simulations_H2/results/H2_samp152_N50_kappa200_block_7_results.npy
 create mode 100644 simulations_H2/results/H2_samp152_N50_kappa50_block_7_results.npy
 create mode 100644 simulations_H2/results/H2_samp153_N100_kappa200_block_7_results.npy
 create mode 100644 simulations_H2/results/H2_samp153_N100_kappa50_block_7_results.npy
 create mode 100644 simulations_H2/results/H2_samp153_N200_kappa200_block_7_results.npy
 create mode 100644 simulations_H2/results/H2_samp153_N200_kappa50_block_7_results.npy
 create mode 100644 simulations_H2/results/H2_samp153_N500_kappa200_block_7_results.npy
 create mode 100644 simulations_H2/results/H2_samp153_N500_kappa50_block_7_results.npy
 create mode 100644 simulations_H2/results/H2_samp153_N50_kappa200_block_7_results.npy
 create mode 100644 simulations_H2/results/H2_samp153_N50_kappa50_block_7_results.npy
 create mode 100644 simulations_H2/results/H2_samp154_N100_kappa200_block_7_results.npy
 create mode 100644 simulations_H2/results/H2_samp154_N100_kappa50_block_7_results.npy
 create mode 100644 simulations_H2/results/H2_samp154_N200_kappa200_block_7_results.npy
 create mode 100644 simulations_H2/results/H2_samp154_N200_kappa50_block_7_results.npy
 create mode 100644 simulations_H2/results/H2_samp154_N500_kappa200_block_7_results.npy
 create mode 100644 simulations_H2/results/H2_samp154_N500_kappa50_block_7_results.npy
 create mode 100644 simulations_H2/results/H2_samp154_N50_kappa200_block_7_results.npy
 create mode 100644 simulations_H2/results/H2_samp154_N50_kappa50_block_7_results.npy
 create mode 100644 simulations_H2/results/H2_samp155_N100_kappa200_block_7_results.npy
 create mode 100644 simulations_H2/results/H2_samp155_N100_kappa50_block_7_results.npy
 create mode 100644 simulations_H2/results/H2_samp155_N200_kappa200_block_7_results.npy
 create mode 100644 simulations_H2/results/H2_samp155_N200_kappa50_block_7_results.npy
 create mode 100644 simulations_H2/results/H2_samp155_N500_kappa200_block_7_results.npy
 create mode 100644 simulations_H2/results/H2_samp155_N500_kappa50_block_7_results.npy
 create mode 100644 simulations_H2/results/H2_samp155_N50_kappa200_block_7_results.npy
 create mode 100644 simulations_H2/results/H2_samp155_N50_kappa50_block_7_results.npy
 create mode 100644 simulations_H2/results/H2_samp156_N100_kappa200_block_7_results.npy
 create mode 100644 simulations_H2/results/H2_samp156_N100_kappa50_block_7_results.npy
 create mode 100644 simulations_H2/results/H2_samp156_N200_kappa200_block_7_results.npy
 create mode 100644 simulations_H2/results/H2_samp156_N200_kappa50_block_7_results.npy
 create mode 100644 simulations_H2/results/H2_samp156_N500_kappa200_block_7_results.npy
 create mode 100644 simulations_H2/results/H2_samp156_N500_kappa50_block_7_results.npy
 create mode 100644 simulations_H2/results/H2_samp156_N50_kappa200_block_7_results.npy
 create mode 100644 simulations_H2/results/H2_samp156_N50_kappa50_block_7_results.npy
 create mode 100644 simulations_H2/results/H2_samp157_N100_kappa200_block_7_results.npy
 create mode 100644 simulations_H2/results/H2_samp157_N100_kappa50_block_7_results.npy
 create mode 100644 simulations_H2/results/H2_samp157_N200_kappa200_block_7_results.npy
 create mode 100644 simulations_H2/results/H2_samp157_N200_kappa50_block_7_results.npy
 create mode 100644 simulations_H2/results/H2_samp157_N50_kappa200_block_7_results.npy
 create mode 100644 simulations_H2/results/H2_samp157_N50_kappa50_block_7_results.npy
 create mode 100644 simulations_H2/results/H2_samp158_N100_kappa200_block_7_results.npy
 create mode 100644 simulations_H2/results/H2_samp158_N100_kappa50_block_7_results.npy
 create mode 100644 simulations_H2/results/H2_samp158_N200_kappa200_block_7_results.npy
 create mode 100644 simulations_H2/results/H2_samp158_N200_kappa50_block_7_results.npy
 create mode 100644 simulations_H2/results/H2_samp158_N50_kappa200_block_7_results.npy
 create mode 100644 simulations_H2/results/H2_samp158_N50_kappa50_block_7_results.npy
 create mode 100644 simulations_H2/results/H2_samp159_N100_kappa200_block_7_results.npy
 create mode 100644 simulations_H2/results/H2_samp159_N100_kappa50_block_7_results.npy
 create mode 100644 simulations_H2/results/H2_samp159_N200_kappa200_block_7_results.npy
 create mode 100644 simulations_H2/results/H2_samp159_N200_kappa50_block_7_results.npy
 create mode 100644 simulations_H2/results/H2_samp159_N50_kappa200_block_7_results.npy
 create mode 100644 simulations_H2/results/H2_samp159_N50_kappa50_block_7_results.npy
 create mode 100644 simulations_H2/results/H2_samp15_N100_kappa200_block_1_results.npy
 create mode 100644 simulations_H2/results/H2_samp15_N100_kappa50_block_1_results.npy
 create mode 100644 simulations_H2/results/H2_samp15_N200_kappa200_block_1_results.npy
 create mode 100644 simulations_H2/results/H2_samp15_N200_kappa50_block_1_results.npy
 create mode 100644 simulations_H2/results/H2_samp15_N500_kappa200_block_1_results.npy
 create mode 100644 simulations_H2/results/H2_samp15_N500_kappa50_block_1_results.npy
 create mode 100644 simulations_H2/results/H2_samp15_N50_kappa200_block_1_results.npy
 create mode 100644 simulations_H2/results/H2_samp15_N50_kappa50_block_1_results.npy
 create mode 100644 simulations_H2/results/H2_samp160_N100_kappa200_block_7_results.npy
 create mode 100644 simulations_H2/results/H2_samp160_N100_kappa50_block_7_results.npy
 create mode 100644 simulations_H2/results/H2_samp160_N200_kappa200_block_7_results.npy
 create mode 100644 simulations_H2/results/H2_samp160_N200_kappa50_block_7_results.npy
 create mode 100644 simulations_H2/results/H2_samp160_N50_kappa200_block_7_results.npy
 create mode 100644 simulations_H2/results/H2_samp160_N50_kappa50_block_7_results.npy
 create mode 100644 simulations_H2/results/H2_samp161_N100_kappa200_block_7_results.npy
 create mode 100644 simulations_H2/results/H2_samp161_N100_kappa50_block_7_results.npy
 create mode 100644 simulations_H2/results/H2_samp161_N200_kappa200_block_7_results.npy
 create mode 100644 simulations_H2/results/H2_samp161_N200_kappa50_block_7_results.npy
 create mode 100644 simulations_H2/results/H2_samp161_N50_kappa200_block_7_results.npy
 create mode 100644 simulations_H2/results/H2_samp161_N50_kappa50_block_7_results.npy
 create mode 100644 simulations_H2/results/H2_samp162_N100_kappa200_block_7_results.npy
 create mode 100644 simulations_H2/results/H2_samp162_N100_kappa50_block_7_results.npy
 create mode 100644 simulations_H2/results/H2_samp162_N200_kappa200_block_7_results.npy
 create mode 100644 simulations_H2/results/H2_samp162_N200_kappa50_block_7_results.npy
 create mode 100644 simulations_H2/results/H2_samp162_N50_kappa200_block_7_results.npy
 create mode 100644 simulations_H2/results/H2_samp162_N50_kappa50_block_7_results.npy
 create mode 100644 simulations_H2/results/H2_samp163_N100_kappa200_block_7_results.npy
 create mode 100644 simulations_H2/results/H2_samp163_N100_kappa50_block_7_results.npy
 create mode 100644 simulations_H2/results/H2_samp163_N50_kappa200_block_7_results.npy
 create mode 100644 simulations_H2/results/H2_samp163_N50_kappa50_block_7_results.npy
 create mode 100644 simulations_H2/results/H2_samp164_N100_kappa200_block_7_results.npy
 create mode 100644 simulations_H2/results/H2_samp164_N100_kappa50_block_7_results.npy
 create mode 100644 simulations_H2/results/H2_samp164_N50_kappa200_block_7_results.npy
 create mode 100644 simulations_H2/results/H2_samp164_N50_kappa50_block_7_results.npy
 create mode 100644 simulations_H2/results/H2_samp16_N100_kappa200_block_1_results.npy
 create mode 100644 simulations_H2/results/H2_samp16_N100_kappa50_block_1_results.npy
 create mode 100644 simulations_H2/results/H2_samp16_N200_kappa200_block_1_results.npy
 create mode 100644 simulations_H2/results/H2_samp16_N200_kappa50_block_1_results.npy
 create mode 100644 simulations_H2/results/H2_samp16_N500_kappa200_block_1_results.npy
 create mode 100644 simulations_H2/results/H2_samp16_N500_kappa50_block_1_results.npy
 create mode 100644 simulations_H2/results/H2_samp16_N50_kappa200_block_1_results.npy
 create mode 100644 simulations_H2/results/H2_samp16_N50_kappa50_block_1_results.npy
 create mode 100644 simulations_H2/results/H2_samp176_N100_kappa200_block_8_results.npy
 create mode 100644 simulations_H2/results/H2_samp176_N100_kappa50_block_8_results.npy
 create mode 100644 simulations_H2/results/H2_samp176_N200_kappa200_block_8_results.npy
 create mode 100644 simulations_H2/results/H2_samp176_N200_kappa50_block_8_results.npy
 create mode 100644 simulations_H2/results/H2_samp176_N50_kappa200_block_8_results.npy
 create mode 100644 simulations_H2/results/H2_samp176_N50_kappa50_block_8_results.npy
 create mode 100644 simulations_H2/results/H2_samp177_N100_kappa200_block_8_results.npy
 create mode 100644 simulations_H2/results/H2_samp177_N100_kappa50_block_8_results.npy
 create mode 100644 simulations_H2/results/H2_samp177_N200_kappa200_block_8_results.npy
 create mode 100644 simulations_H2/results/H2_samp177_N200_kappa50_block_8_results.npy
 create mode 100644 simulations_H2/results/H2_samp177_N50_kappa200_block_8_results.npy
 create mode 100644 simulations_H2/results/H2_samp177_N50_kappa50_block_8_results.npy
 create mode 100644 simulations_H2/results/H2_samp178_N100_kappa200_block_8_results.npy
 create mode 100644 simulations_H2/results/H2_samp178_N100_kappa50_block_8_results.npy
 create mode 100644 simulations_H2/results/H2_samp178_N200_kappa200_block_8_results.npy
 create mode 100644 simulations_H2/results/H2_samp178_N200_kappa50_block_8_results.npy
 create mode 100644 simulations_H2/results/H2_samp178_N50_kappa200_block_8_results.npy
 create mode 100644 simulations_H2/results/H2_samp178_N50_kappa50_block_8_results.npy
 create mode 100644 simulations_H2/results/H2_samp179_N100_kappa200_block_8_results.npy
 create mode 100644 simulations_H2/results/H2_samp179_N100_kappa50_block_8_results.npy
 create mode 100644 simulations_H2/results/H2_samp179_N200_kappa200_block_8_results.npy
 create mode 100644 simulations_H2/results/H2_samp179_N200_kappa50_block_8_results.npy
 create mode 100644 simulations_H2/results/H2_samp179_N50_kappa200_block_8_results.npy
 create mode 100644 simulations_H2/results/H2_samp179_N50_kappa50_block_8_results.npy
 create mode 100644 simulations_H2/results/H2_samp17_N100_kappa200_block_1_results.npy
 create mode 100644 simulations_H2/results/H2_samp17_N100_kappa50_block_1_results.npy
 create mode 100644 simulations_H2/results/H2_samp17_N200_kappa200_block_1_results.npy
 create mode 100644 simulations_H2/results/H2_samp17_N200_kappa50_block_1_results.npy
 create mode 100644 simulations_H2/results/H2_samp17_N500_kappa200_block_1_results.npy
 create mode 100644 simulations_H2/results/H2_samp17_N500_kappa50_block_1_results.npy
 create mode 100644 simulations_H2/results/H2_samp17_N50_kappa200_block_1_results.npy
 create mode 100644 simulations_H2/results/H2_samp17_N50_kappa50_block_1_results.npy
 create mode 100644 simulations_H2/results/H2_samp180_N100_kappa200_block_8_results.npy
 create mode 100644 simulations_H2/results/H2_samp180_N100_kappa50_block_8_results.npy
 create mode 100644 simulations_H2/results/H2_samp180_N200_kappa200_block_8_results.npy
 create mode 100644 simulations_H2/results/H2_samp180_N200_kappa50_block_8_results.npy
 create mode 100644 simulations_H2/results/H2_samp180_N50_kappa200_block_8_results.npy
 create mode 100644 simulations_H2/results/H2_samp180_N50_kappa50_block_8_results.npy
 create mode 100644 simulations_H2/results/H2_samp181_N100_kappa200_block_8_results.npy
 create mode 100644 simulations_H2/results/H2_samp181_N100_kappa50_block_8_results.npy
 create mode 100644 simulations_H2/results/H2_samp181_N200_kappa200_block_8_results.npy
 create mode 100644 simulations_H2/results/H2_samp181_N200_kappa50_block_8_results.npy
 create mode 100644 simulations_H2/results/H2_samp181_N50_kappa200_block_8_results.npy
 create mode 100644 simulations_H2/results/H2_samp181_N50_kappa50_block_8_results.npy
 create mode 100644 simulations_H2/results/H2_samp182_N100_kappa200_block_8_results.npy
 create mode 100644 simulations_H2/results/H2_samp182_N100_kappa50_block_8_results.npy
 create mode 100644 simulations_H2/results/H2_samp182_N200_kappa200_block_8_results.npy
 create mode 100644 simulations_H2/results/H2_samp182_N200_kappa50_block_8_results.npy
 create mode 100644 simulations_H2/results/H2_samp182_N50_kappa200_block_8_results.npy
 create mode 100644 simulations_H2/results/H2_samp182_N50_kappa50_block_8_results.npy
 create mode 100644 simulations_H2/results/H2_samp183_N100_kappa200_block_8_results.npy
 create mode 100644 simulations_H2/results/H2_samp183_N100_kappa50_block_8_results.npy
 create mode 100644 simulations_H2/results/H2_samp183_N200_kappa200_block_8_results.npy
 create mode 100644 simulations_H2/results/H2_samp183_N200_kappa50_block_8_results.npy
 create mode 100644 simulations_H2/results/H2_samp183_N50_kappa200_block_8_results.npy
 create mode 100644 simulations_H2/results/H2_samp183_N50_kappa50_block_8_results.npy
 create mode 100644 simulations_H2/results/H2_samp184_N100_kappa200_block_8_results.npy
 create mode 100644 simulations_H2/results/H2_samp184_N100_kappa50_block_8_results.npy
 create mode 100644 simulations_H2/results/H2_samp184_N200_kappa200_block_8_results.npy
 create mode 100644 simulations_H2/results/H2_samp184_N200_kappa50_block_8_results.npy
 create mode 100644 simulations_H2/results/H2_samp184_N50_kappa200_block_8_results.npy
 create mode 100644 simulations_H2/results/H2_samp184_N50_kappa50_block_8_results.npy
 create mode 100644 simulations_H2/results/H2_samp185_N100_kappa200_block_8_results.npy
 create mode 100644 simulations_H2/results/H2_samp185_N100_kappa50_block_8_results.npy
 create mode 100644 simulations_H2/results/H2_samp185_N200_kappa200_block_8_results.npy
 create mode 100644 simulations_H2/results/H2_samp185_N200_kappa50_block_8_results.npy
 create mode 100644 simulations_H2/results/H2_samp185_N50_kappa200_block_8_results.npy
 create mode 100644 simulations_H2/results/H2_samp185_N50_kappa50_block_8_results.npy
 create mode 100644 simulations_H2/results/H2_samp186_N100_kappa200_block_8_results.npy
 create mode 100644 simulations_H2/results/H2_samp186_N100_kappa50_block_8_results.npy
 create mode 100644 simulations_H2/results/H2_samp186_N200_kappa200_block_8_results.npy
 create mode 100644 simulations_H2/results/H2_samp186_N200_kappa50_block_8_results.npy
 create mode 100644 simulations_H2/results/H2_samp186_N50_kappa200_block_8_results.npy
 create mode 100644 simulations_H2/results/H2_samp186_N50_kappa50_block_8_results.npy
 create mode 100644 simulations_H2/results/H2_samp187_N100_kappa200_block_8_results.npy
 create mode 100644 simulations_H2/results/H2_samp187_N100_kappa50_block_8_results.npy
 create mode 100644 simulations_H2/results/H2_samp187_N50_kappa200_block_8_results.npy
 create mode 100644 simulations_H2/results/H2_samp187_N50_kappa50_block_8_results.npy
 create mode 100644 simulations_H2/results/H2_samp18_N100_kappa200_block_1_results.npy
 create mode 100644 simulations_H2/results/H2_samp18_N100_kappa50_block_1_results.npy
 create mode 100644 simulations_H2/results/H2_samp18_N200_kappa200_block_1_results.npy
 create mode 100644 simulations_H2/results/H2_samp18_N200_kappa50_block_1_results.npy
 create mode 100644 simulations_H2/results/H2_samp18_N500_kappa200_block_1_results.npy
 create mode 100644 simulations_H2/results/H2_samp18_N500_kappa50_block_1_results.npy
 create mode 100644 simulations_H2/results/H2_samp18_N50_kappa200_block_1_results.npy
 create mode 100644 simulations_H2/results/H2_samp18_N50_kappa50_block_1_results.npy
 create mode 100644 simulations_H2/results/H2_samp19_N100_kappa200_block_1_results.npy
 create mode 100644 simulations_H2/results/H2_samp19_N100_kappa50_block_1_results.npy
 create mode 100644 simulations_H2/results/H2_samp19_N200_kappa200_block_1_results.npy
 create mode 100644 simulations_H2/results/H2_samp19_N200_kappa50_block_1_results.npy
 create mode 100644 simulations_H2/results/H2_samp19_N500_kappa200_block_1_results.npy
 create mode 100644 simulations_H2/results/H2_samp19_N500_kappa50_block_1_results.npy
 create mode 100644 simulations_H2/results/H2_samp19_N50_kappa200_block_1_results.npy
 create mode 100644 simulations_H2/results/H2_samp19_N50_kappa50_block_1_results.npy
 create mode 100644 simulations_H2/results/H2_samp1_N100_kappa200_block_1_results.npy
 create mode 100644 simulations_H2/results/H2_samp1_N100_kappa50_block_1_results.npy
 create mode 100644 simulations_H2/results/H2_samp1_N200_kappa200_block_1_results.npy
 create mode 100644 simulations_H2/results/H2_samp1_N200_kappa50_block_1_results.npy
 create mode 100644 simulations_H2/results/H2_samp1_N500_kappa200_block_1_results.npy
 create mode 100644 simulations_H2/results/H2_samp1_N500_kappa50_block_1_results.npy
 create mode 100644 simulations_H2/results/H2_samp1_N50_kappa200_block_1_results.npy
 create mode 100644 simulations_H2/results/H2_samp1_N50_kappa50_block_1_results.npy
 create mode 100644 simulations_H2/results/H2_samp201_N50_kappa200_block_9_results.npy
 create mode 100644 simulations_H2/results/H2_samp201_N50_kappa50_block_9_results.npy
 create mode 100644 simulations_H2/results/H2_samp202_N50_kappa200_block_9_results.npy
 create mode 100644 simulations_H2/results/H2_samp202_N50_kappa50_block_9_results.npy
 create mode 100644 simulations_H2/results/H2_samp203_N50_kappa200_block_9_results.npy
 create mode 100644 simulations_H2/results/H2_samp203_N50_kappa50_block_9_results.npy
 create mode 100644 simulations_H2/results/H2_samp204_N50_kappa200_block_9_results.npy
 create mode 100644 simulations_H2/results/H2_samp204_N50_kappa50_block_9_results.npy
 create mode 100644 simulations_H2/results/H2_samp20_N100_kappa200_block_1_results.npy
 create mode 100644 simulations_H2/results/H2_samp20_N100_kappa50_block_1_results.npy
 create mode 100644 simulations_H2/results/H2_samp20_N200_kappa200_block_1_results.npy
 create mode 100644 simulations_H2/results/H2_samp20_N200_kappa50_block_1_results.npy
 create mode 100644 simulations_H2/results/H2_samp20_N500_kappa200_block_1_results.npy
 create mode 100644 simulations_H2/results/H2_samp20_N50_kappa200_block_1_results.npy
 create mode 100644 simulations_H2/results/H2_samp20_N50_kappa50_block_1_results.npy
 create mode 100644 simulations_H2/results/H2_samp21_N100_kappa200_block_1_results.npy
 create mode 100644 simulations_H2/results/H2_samp21_N100_kappa50_block_1_results.npy
 create mode 100644 simulations_H2/results/H2_samp21_N200_kappa200_block_1_results.npy
 create mode 100644 simulations_H2/results/H2_samp21_N200_kappa50_block_1_results.npy
 create mode 100644 simulations_H2/results/H2_samp21_N50_kappa200_block_1_results.npy
 create mode 100644 simulations_H2/results/H2_samp21_N50_kappa50_block_1_results.npy
 create mode 100644 simulations_H2/results/H2_samp22_N100_kappa200_block_1_results.npy
 create mode 100644 simulations_H2/results/H2_samp22_N100_kappa50_block_1_results.npy
 create mode 100644 simulations_H2/results/H2_samp22_N200_kappa200_block_1_results.npy
 create mode 100644 simulations_H2/results/H2_samp22_N200_kappa50_block_1_results.npy
 create mode 100644 simulations_H2/results/H2_samp22_N50_kappa200_block_1_results.npy
 create mode 100644 simulations_H2/results/H2_samp22_N50_kappa50_block_1_results.npy
 create mode 100644 simulations_H2/results/H2_samp23_N100_kappa200_block_1_results.npy
 create mode 100644 simulations_H2/results/H2_samp23_N100_kappa50_block_1_results.npy
 create mode 100644 simulations_H2/results/H2_samp23_N200_kappa200_block_1_results.npy
 create mode 100644 simulations_H2/results/H2_samp23_N200_kappa50_block_1_results.npy
 create mode 100644 simulations_H2/results/H2_samp23_N50_kappa200_block_1_results.npy
 create mode 100644 simulations_H2/results/H2_samp23_N50_kappa50_block_1_results.npy
 create mode 100644 simulations_H2/results/H2_samp24_N100_kappa200_block_1_results.npy
 create mode 100644 simulations_H2/results/H2_samp24_N100_kappa50_block_1_results.npy
 create mode 100644 simulations_H2/results/H2_samp24_N200_kappa200_block_1_results.npy
 create mode 100644 simulations_H2/results/H2_samp24_N200_kappa50_block_1_results.npy
 create mode 100644 simulations_H2/results/H2_samp24_N50_kappa200_block_1_results.npy
 create mode 100644 simulations_H2/results/H2_samp24_N50_kappa50_block_1_results.npy
 create mode 100644 simulations_H2/results/H2_samp25_N100_kappa200_block_1_results.npy
 create mode 100644 simulations_H2/results/H2_samp25_N100_kappa50_block_1_results.npy
 create mode 100644 simulations_H2/results/H2_samp25_N200_kappa200_block_1_results.npy
 create mode 100644 simulations_H2/results/H2_samp25_N200_kappa50_block_1_results.npy
 create mode 100644 simulations_H2/results/H2_samp25_N50_kappa200_block_1_results.npy
 create mode 100644 simulations_H2/results/H2_samp25_N50_kappa50_block_1_results.npy
 create mode 100644 simulations_H2/results/H2_samp26_N100_kappa200_block_2_results.npy
 create mode 100644 simulations_H2/results/H2_samp26_N100_kappa50_block_2_results.npy
 create mode 100644 simulations_H2/results/H2_samp26_N200_kappa200_block_2_results.npy
 create mode 100644 simulations_H2/results/H2_samp26_N200_kappa50_block_2_results.npy
 create mode 100644 simulations_H2/results/H2_samp26_N500_kappa200_block_2_results.npy
 create mode 100644 simulations_H2/results/H2_samp26_N500_kappa50_block_2_results.npy
 create mode 100644 simulations_H2/results/H2_samp26_N50_kappa200_block_2_results.npy
 create mode 100644 simulations_H2/results/H2_samp26_N50_kappa50_block_2_results.npy
 create mode 100644 simulations_H2/results/H2_samp27_N100_kappa200_block_2_results.npy
 create mode 100644 simulations_H2/results/H2_samp27_N100_kappa50_block_2_results.npy
 create mode 100644 simulations_H2/results/H2_samp27_N200_kappa200_block_2_results.npy
 create mode 100644 simulations_H2/results/H2_samp27_N200_kappa50_block_2_results.npy
 create mode 100644 simulations_H2/results/H2_samp27_N500_kappa200_block_2_results.npy
 create mode 100644 simulations_H2/results/H2_samp27_N500_kappa50_block_2_results.npy
 create mode 100644 simulations_H2/results/H2_samp27_N50_kappa200_block_2_results.npy
 create mode 100644 simulations_H2/results/H2_samp27_N50_kappa50_block_2_results.npy
 create mode 100644 simulations_H2/results/H2_samp28_N100_kappa200_block_2_results.npy
 create mode 100644 simulations_H2/results/H2_samp28_N100_kappa50_block_2_results.npy
 create mode 100644 simulations_H2/results/H2_samp28_N200_kappa200_block_2_results.npy
 create mode 100644 simulations_H2/results/H2_samp28_N200_kappa50_block_2_results.npy
 create mode 100644 simulations_H2/results/H2_samp28_N500_kappa200_block_2_results.npy
 create mode 100644 simulations_H2/results/H2_samp28_N500_kappa50_block_2_results.npy
 create mode 100644 simulations_H2/results/H2_samp28_N50_kappa200_block_2_results.npy
 create mode 100644 simulations_H2/results/H2_samp28_N50_kappa50_block_2_results.npy
 create mode 100644 simulations_H2/results/H2_samp29_N100_kappa200_block_2_results.npy
 create mode 100644 simulations_H2/results/H2_samp29_N100_kappa50_block_2_results.npy
 create mode 100644 simulations_H2/results/H2_samp29_N200_kappa200_block_2_results.npy
 create mode 100644 simulations_H2/results/H2_samp29_N200_kappa50_block_2_results.npy
 create mode 100644 simulations_H2/results/H2_samp29_N500_kappa200_block_2_results.npy
 create mode 100644 simulations_H2/results/H2_samp29_N500_kappa50_block_2_results.npy
 create mode 100644 simulations_H2/results/H2_samp29_N50_kappa200_block_2_results.npy
 create mode 100644 simulations_H2/results/H2_samp29_N50_kappa50_block_2_results.npy
 create mode 100644 simulations_H2/results/H2_samp2_N100_kappa200_block_1_results.npy
 create mode 100644 simulations_H2/results/H2_samp2_N100_kappa50_block_1_results.npy
 create mode 100644 simulations_H2/results/H2_samp2_N200_kappa200_block_1_results.npy
 create mode 100644 simulations_H2/results/H2_samp2_N200_kappa50_block_1_results.npy
 create mode 100644 simulations_H2/results/H2_samp2_N50_kappa200_block_1_results.npy
 create mode 100644 simulations_H2/results/H2_samp2_N50_kappa50_block_1_results.npy
 create mode 100644 simulations_H2/results/H2_samp30_N100_kappa200_block_2_results.npy
 create mode 100644 simulations_H2/results/H2_samp30_N100_kappa50_block_2_results.npy
 create mode 100644 simulations_H2/results/H2_samp30_N200_kappa200_block_2_results.npy
 create mode 100644 simulations_H2/results/H2_samp30_N200_kappa50_block_2_results.npy
 create mode 100644 simulations_H2/results/H2_samp30_N500_kappa200_block_2_results.npy
 create mode 100644 simulations_H2/results/H2_samp30_N500_kappa50_block_2_results.npy
 create mode 100644 simulations_H2/results/H2_samp30_N50_kappa200_block_2_results.npy
 create mode 100644 simulations_H2/results/H2_samp30_N50_kappa50_block_2_results.npy
 create mode 100644 simulations_H2/results/H2_samp31_N100_kappa200_block_2_results.npy
 create mode 100644 simulations_H2/results/H2_samp31_N100_kappa50_block_2_results.npy
 create mode 100644 simulations_H2/results/H2_samp31_N200_kappa200_block_2_results.npy
 create mode 100644 simulations_H2/results/H2_samp31_N200_kappa50_block_2_results.npy
 create mode 100644 simulations_H2/results/H2_samp31_N500_kappa200_block_2_results.npy
 create mode 100644 simulations_H2/results/H2_samp31_N500_kappa50_block_2_results.npy
 create mode 100644 simulations_H2/results/H2_samp31_N50_kappa200_block_2_results.npy
 create mode 100644 simulations_H2/results/H2_samp31_N50_kappa50_block_2_results.npy
 create mode 100644 simulations_H2/results/H2_samp32_N100_kappa200_block_2_results.npy
 create mode 100644 simulations_H2/results/H2_samp32_N100_kappa50_block_2_results.npy
 create mode 100644 simulations_H2/results/H2_samp32_N200_kappa200_block_2_results.npy
 create mode 100644 simulations_H2/results/H2_samp32_N200_kappa50_block_2_results.npy
 create mode 100644 simulations_H2/results/H2_samp32_N500_kappa200_block_2_results.npy
 create mode 100644 simulations_H2/results/H2_samp32_N500_kappa50_block_2_results.npy
 create mode 100644 simulations_H2/results/H2_samp32_N50_kappa200_block_2_results.npy
 create mode 100644 simulations_H2/results/H2_samp32_N50_kappa50_block_2_results.npy
 create mode 100644 simulations_H2/results/H2_samp33_N100_kappa200_block_2_results.npy
 create mode 100644 simulations_H2/results/H2_samp33_N100_kappa50_block_2_results.npy
 create mode 100644 simulations_H2/results/H2_samp33_N200_kappa200_block_2_results.npy
 create mode 100644 simulations_H2/results/H2_samp33_N200_kappa50_block_2_results.npy
 create mode 100644 simulations_H2/results/H2_samp33_N500_kappa200_block_2_results.npy
 create mode 100644 simulations_H2/results/H2_samp33_N500_kappa50_block_2_results.npy
 create mode 100644 simulations_H2/results/H2_samp33_N50_kappa200_block_2_results.npy
 create mode 100644 simulations_H2/results/H2_samp33_N50_kappa50_block_2_results.npy
 create mode 100644 simulations_H2/results/H2_samp34_N100_kappa200_block_2_results.npy
 create mode 100644 simulations_H2/results/H2_samp34_N100_kappa50_block_2_results.npy
 create mode 100644 simulations_H2/results/H2_samp34_N200_kappa200_block_2_results.npy
 create mode 100644 simulations_H2/results/H2_samp34_N200_kappa50_block_2_results.npy
 create mode 100644 simulations_H2/results/H2_samp34_N50_kappa200_block_2_results.npy
 create mode 100644 simulations_H2/results/H2_samp34_N50_kappa50_block_2_results.npy
 create mode 100644 simulations_H2/results/H2_samp35_N100_kappa200_block_2_results.npy
 create mode 100644 simulations_H2/results/H2_samp35_N100_kappa50_block_2_results.npy
 create mode 100644 simulations_H2/results/H2_samp35_N200_kappa200_block_2_results.npy
 create mode 100644 simulations_H2/results/H2_samp35_N200_kappa50_block_2_results.npy
 create mode 100644 simulations_H2/results/H2_samp35_N50_kappa200_block_2_results.npy
 create mode 100644 simulations_H2/results/H2_samp35_N50_kappa50_block_2_results.npy
 create mode 100644 simulations_H2/results/H2_samp36_N100_kappa200_block_2_results.npy
 create mode 100644 simulations_H2/results/H2_samp36_N100_kappa50_block_2_results.npy
 create mode 100644 simulations_H2/results/H2_samp36_N200_kappa200_block_2_results.npy
 create mode 100644 simulations_H2/results/H2_samp36_N200_kappa50_block_2_results.npy
 create mode 100644 simulations_H2/results/H2_samp36_N50_kappa200_block_2_results.npy
 create mode 100644 simulations_H2/results/H2_samp36_N50_kappa50_block_2_results.npy
 create mode 100644 simulations_H2/results/H2_samp37_N100_kappa200_block_2_results.npy
 create mode 100644 simulations_H2/results/H2_samp37_N100_kappa50_block_2_results.npy
 create mode 100644 simulations_H2/results/H2_samp37_N200_kappa200_block_2_results.npy
 create mode 100644 simulations_H2/results/H2_samp37_N200_kappa50_block_2_results.npy
 create mode 100644 simulations_H2/results/H2_samp37_N50_kappa200_block_2_results.npy
 create mode 100644 simulations_H2/results/H2_samp37_N50_kappa50_block_2_results.npy
 create mode 100644 simulations_H2/results/H2_samp38_N100_kappa200_block_2_results.npy
 create mode 100644 simulations_H2/results/H2_samp38_N100_kappa50_block_2_results.npy
 create mode 100644 simulations_H2/results/H2_samp38_N200_kappa200_block_2_results.npy
 create mode 100644 simulations_H2/results/H2_samp38_N200_kappa50_block_2_results.npy
 create mode 100644 simulations_H2/results/H2_samp38_N50_kappa200_block_2_results.npy
 create mode 100644 simulations_H2/results/H2_samp38_N50_kappa50_block_2_results.npy
 create mode 100644 simulations_H2/results/H2_samp39_N100_kappa200_block_2_results.npy
 create mode 100644 simulations_H2/results/H2_samp39_N100_kappa50_block_2_results.npy
 create mode 100644 simulations_H2/results/H2_samp39_N200_kappa200_block_2_results.npy
 create mode 100644 simulations_H2/results/H2_samp39_N200_kappa50_block_2_results.npy
 create mode 100644 simulations_H2/results/H2_samp39_N50_kappa200_block_2_results.npy
 create mode 100644 simulations_H2/results/H2_samp39_N50_kappa50_block_2_results.npy
 create mode 100644 simulations_H2/results/H2_samp3_N100_kappa200_block_1_results.npy
 create mode 100644 simulations_H2/results/H2_samp3_N100_kappa50_block_1_results.npy
 create mode 100644 simulations_H2/results/H2_samp3_N50_kappa200_block_1_results.npy
 create mode 100644 simulations_H2/results/H2_samp3_N50_kappa50_block_1_results.npy
 create mode 100644 simulations_H2/results/H2_samp40_N100_kappa200_block_2_results.npy
 create mode 100644 simulations_H2/results/H2_samp40_N100_kappa50_block_2_results.npy
 create mode 100644 simulations_H2/results/H2_samp40_N50_kappa200_block_2_results.npy
 create mode 100644 simulations_H2/results/H2_samp40_N50_kappa50_block_2_results.npy
 create mode 100644 simulations_H2/results/H2_samp41_N100_kappa200_block_2_results.npy
 create mode 100644 simulations_H2/results/H2_samp41_N100_kappa50_block_2_results.npy
 create mode 100644 simulations_H2/results/H2_samp41_N50_kappa200_block_2_results.npy
 create mode 100644 simulations_H2/results/H2_samp41_N50_kappa50_block_2_results.npy
 create mode 100644 simulations_H2/results/H2_samp42_N50_kappa200_block_2_results.npy
 create mode 100644 simulations_H2/results/H2_samp4_N100_kappa200_block_1_results.npy
 create mode 100644 simulations_H2/results/H2_samp4_N100_kappa50_block_1_results.npy
 create mode 100644 simulations_H2/results/H2_samp4_N50_kappa200_block_1_results.npy
 create mode 100644 simulations_H2/results/H2_samp4_N50_kappa50_block_1_results.npy
 create mode 100644 simulations_H2/results/H2_samp50_N100_kappa200_block_2_results.npy
 create mode 100644 simulations_H2/results/H2_samp50_N100_kappa50_block_2_results.npy
 create mode 100644 simulations_H2/results/H2_samp50_N200_kappa200_block_2_results.npy
 create mode 100644 simulations_H2/results/H2_samp50_N200_kappa50_block_2_results.npy
 create mode 100644 simulations_H2/results/H2_samp50_N500_kappa200_block_2_results.npy
 create mode 100644 simulations_H2/results/H2_samp50_N500_kappa50_block_2_results.npy
 create mode 100644 simulations_H2/results/H2_samp50_N50_kappa200_block_2_results.npy
 create mode 100644 simulations_H2/results/H2_samp50_N50_kappa50_block_2_results.npy
 create mode 100644 simulations_H2/results/H2_samp51_N100_kappa200_block_3_results.npy
 create mode 100644 simulations_H2/results/H2_samp51_N100_kappa50_block_3_results.npy
 create mode 100644 simulations_H2/results/H2_samp51_N200_kappa200_block_3_results.npy
 create mode 100644 simulations_H2/results/H2_samp51_N200_kappa50_block_3_results.npy
 create mode 100644 simulations_H2/results/H2_samp51_N500_kappa200_block_3_results.npy
 create mode 100644 simulations_H2/results/H2_samp51_N500_kappa50_block_3_results.npy
 create mode 100644 simulations_H2/results/H2_samp51_N50_kappa200_block_3_results.npy
 create mode 100644 simulations_H2/results/H2_samp51_N50_kappa50_block_3_results.npy
 create mode 100644 simulations_H2/results/H2_samp52_N100_kappa200_block_3_results.npy
 create mode 100644 simulations_H2/results/H2_samp52_N100_kappa50_block_3_results.npy
 create mode 100644 simulations_H2/results/H2_samp52_N200_kappa200_block_3_results.npy
 create mode 100644 simulations_H2/results/H2_samp52_N200_kappa50_block_3_results.npy
 create mode 100644 simulations_H2/results/H2_samp52_N500_kappa200_block_3_results.npy
 create mode 100644 simulations_H2/results/H2_samp52_N500_kappa50_block_3_results.npy
 create mode 100644 simulations_H2/results/H2_samp52_N50_kappa200_block_3_results.npy
 create mode 100644 simulations_H2/results/H2_samp52_N50_kappa50_block_3_results.npy
 create mode 100644 simulations_H2/results/H2_samp53_N100_kappa200_block_3_results.npy
 create mode 100644 simulations_H2/results/H2_samp53_N100_kappa50_block_3_results.npy
 create mode 100644 simulations_H2/results/H2_samp53_N200_kappa200_block_3_results.npy
 create mode 100644 simulations_H2/results/H2_samp53_N200_kappa50_block_3_results.npy
 create mode 100644 simulations_H2/results/H2_samp53_N500_kappa200_block_3_results.npy
 create mode 100644 simulations_H2/results/H2_samp53_N500_kappa50_block_3_results.npy
 create mode 100644 simulations_H2/results/H2_samp53_N50_kappa200_block_3_results.npy
 create mode 100644 simulations_H2/results/H2_samp53_N50_kappa50_block_3_results.npy
 create mode 100644 simulations_H2/results/H2_samp54_N100_kappa200_block_3_results.npy
 create mode 100644 simulations_H2/results/H2_samp54_N100_kappa50_block_3_results.npy
 create mode 100644 simulations_H2/results/H2_samp54_N200_kappa200_block_3_results.npy
 create mode 100644 simulations_H2/results/H2_samp54_N200_kappa50_block_3_results.npy
 create mode 100644 simulations_H2/results/H2_samp54_N500_kappa200_block_3_results.npy
 create mode 100644 simulations_H2/results/H2_samp54_N500_kappa50_block_3_results.npy
 create mode 100644 simulations_H2/results/H2_samp54_N50_kappa200_block_3_results.npy
 create mode 100644 simulations_H2/results/H2_samp54_N50_kappa50_block_3_results.npy
 create mode 100644 simulations_H2/results/H2_samp55_N100_kappa200_block_3_results.npy
 create mode 100644 simulations_H2/results/H2_samp55_N100_kappa50_block_3_results.npy
 create mode 100644 simulations_H2/results/H2_samp55_N200_kappa200_block_3_results.npy
 create mode 100644 simulations_H2/results/H2_samp55_N200_kappa50_block_3_results.npy
 create mode 100644 simulations_H2/results/H2_samp55_N500_kappa200_block_3_results.npy
 create mode 100644 simulations_H2/results/H2_samp55_N500_kappa50_block_3_results.npy
 create mode 100644 simulations_H2/results/H2_samp55_N50_kappa200_block_3_results.npy
 create mode 100644 simulations_H2/results/H2_samp55_N50_kappa50_block_3_results.npy
 create mode 100644 simulations_H2/results/H2_samp56_N100_kappa200_block_3_results.npy
 create mode 100644 simulations_H2/results/H2_samp56_N100_kappa50_block_3_results.npy
 create mode 100644 simulations_H2/results/H2_samp56_N200_kappa200_block_3_results.npy
 create mode 100644 simulations_H2/results/H2_samp56_N200_kappa50_block_3_results.npy
 create mode 100644 simulations_H2/results/H2_samp56_N500_kappa200_block_3_results.npy
 create mode 100644 simulations_H2/results/H2_samp56_N500_kappa50_block_3_results.npy
 create mode 100644 simulations_H2/results/H2_samp56_N50_kappa200_block_3_results.npy
 create mode 100644 simulations_H2/results/H2_samp56_N50_kappa50_block_3_results.npy
 create mode 100644 simulations_H2/results/H2_samp57_N100_kappa200_block_3_results.npy
 create mode 100644 simulations_H2/results/H2_samp57_N100_kappa50_block_3_results.npy
 create mode 100644 simulations_H2/results/H2_samp57_N200_kappa200_block_3_results.npy
 create mode 100644 simulations_H2/results/H2_samp57_N200_kappa50_block_3_results.npy
 create mode 100644 simulations_H2/results/H2_samp57_N500_kappa200_block_3_results.npy
 create mode 100644 simulations_H2/results/H2_samp57_N500_kappa50_block_3_results.npy
 create mode 100644 simulations_H2/results/H2_samp57_N50_kappa200_block_3_results.npy
 create mode 100644 simulations_H2/results/H2_samp57_N50_kappa50_block_3_results.npy
 create mode 100644 simulations_H2/results/H2_samp58_N100_kappa200_block_3_results.npy
 create mode 100644 simulations_H2/results/H2_samp58_N100_kappa50_block_3_results.npy
 create mode 100644 simulations_H2/results/H2_samp58_N200_kappa200_block_3_results.npy
 create mode 100644 simulations_H2/results/H2_samp58_N200_kappa50_block_3_results.npy
 create mode 100644 simulations_H2/results/H2_samp58_N500_kappa200_block_3_results.npy
 create mode 100644 simulations_H2/results/H2_samp58_N500_kappa50_block_3_results.npy
 create mode 100644 simulations_H2/results/H2_samp58_N50_kappa200_block_3_results.npy
 create mode 100644 simulations_H2/results/H2_samp58_N50_kappa50_block_3_results.npy
 create mode 100644 simulations_H2/results/H2_samp59_N100_kappa200_block_3_results.npy
 create mode 100644 simulations_H2/results/H2_samp59_N100_kappa50_block_3_results.npy
 create mode 100644 simulations_H2/results/H2_samp59_N200_kappa200_block_3_results.npy
 create mode 100644 simulations_H2/results/H2_samp59_N200_kappa50_block_3_results.npy
 create mode 100644 simulations_H2/results/H2_samp59_N500_kappa200_block_3_results.npy
 create mode 100644 simulations_H2/results/H2_samp59_N500_kappa50_block_3_results.npy
 create mode 100644 simulations_H2/results/H2_samp59_N50_kappa200_block_3_results.npy
 create mode 100644 simulations_H2/results/H2_samp59_N50_kappa50_block_3_results.npy
 create mode 100644 simulations_H2/results/H2_samp60_N100_kappa200_block_3_results.npy
 create mode 100644 simulations_H2/results/H2_samp60_N100_kappa50_block_3_results.npy
 create mode 100644 simulations_H2/results/H2_samp60_N200_kappa200_block_3_results.npy
 create mode 100644 simulations_H2/results/H2_samp60_N200_kappa50_block_3_results.npy
 create mode 100644 simulations_H2/results/H2_samp60_N50_kappa200_block_3_results.npy
 create mode 100644 simulations_H2/results/H2_samp60_N50_kappa50_block_3_results.npy
 create mode 100644 simulations_H2/results/H2_samp61_N100_kappa200_block_3_results.npy
 create mode 100644 simulations_H2/results/H2_samp61_N100_kappa50_block_3_results.npy
 create mode 100644 simulations_H2/results/H2_samp61_N200_kappa200_block_3_results.npy
 create mode 100644 simulations_H2/results/H2_samp61_N200_kappa50_block_3_results.npy
 create mode 100644 simulations_H2/results/H2_samp61_N50_kappa200_block_3_results.npy
 create mode 100644 simulations_H2/results/H2_samp61_N50_kappa50_block_3_results.npy
 create mode 100644 simulations_H2/results/H2_samp62_N100_kappa200_block_3_results.npy
 create mode 100644 simulations_H2/results/H2_samp62_N100_kappa50_block_3_results.npy
 create mode 100644 simulations_H2/results/H2_samp62_N200_kappa200_block_3_results.npy
 create mode 100644 simulations_H2/results/H2_samp62_N200_kappa50_block_3_results.npy
 create mode 100644 simulations_H2/results/H2_samp62_N50_kappa200_block_3_results.npy
 create mode 100644 simulations_H2/results/H2_samp62_N50_kappa50_block_3_results.npy
 create mode 100644 simulations_H2/results/H2_samp63_N100_kappa200_block_3_results.npy
 create mode 100644 simulations_H2/results/H2_samp63_N100_kappa50_block_3_results.npy
 create mode 100644 simulations_H2/results/H2_samp63_N200_kappa200_block_3_results.npy
 create mode 100644 simulations_H2/results/H2_samp63_N200_kappa50_block_3_results.npy
 create mode 100644 simulations_H2/results/H2_samp63_N50_kappa200_block_3_results.npy
 create mode 100644 simulations_H2/results/H2_samp63_N50_kappa50_block_3_results.npy
 create mode 100644 simulations_H2/results/H2_samp64_N100_kappa200_block_3_results.npy
 create mode 100644 simulations_H2/results/H2_samp64_N100_kappa50_block_3_results.npy
 create mode 100644 simulations_H2/results/H2_samp64_N200_kappa200_block_3_results.npy
 create mode 100644 simulations_H2/results/H2_samp64_N200_kappa50_block_3_results.npy
 create mode 100644 simulations_H2/results/H2_samp64_N50_kappa200_block_3_results.npy
 create mode 100644 simulations_H2/results/H2_samp64_N50_kappa50_block_3_results.npy
 create mode 100644 simulations_H2/results/H2_samp65_N100_kappa200_block_3_results.npy
 create mode 100644 simulations_H2/results/H2_samp65_N100_kappa50_block_3_results.npy
 create mode 100644 simulations_H2/results/H2_samp65_N50_kappa200_block_3_results.npy
 create mode 100644 simulations_H2/results/H2_samp65_N50_kappa50_block_3_results.npy
 create mode 100644 simulations_H2/results/H2_samp66_N100_kappa200_block_3_results.npy
 create mode 100644 simulations_H2/results/H2_samp66_N100_kappa50_block_3_results.npy
 create mode 100644 simulations_H2/results/H2_samp66_N50_kappa200_block_3_results.npy
 create mode 100644 simulations_H2/results/H2_samp66_N50_kappa50_block_3_results.npy
 create mode 100644 simulations_H2/results/H2_samp67_N100_kappa200_block_3_results.npy
 create mode 100644 simulations_H2/results/H2_samp67_N50_kappa200_block_3_results.npy
 create mode 100644 simulations_H2/results/H2_samp67_N50_kappa50_block_3_results.npy
 create mode 100644 simulations_H2/results/H2_samp75_N100_kappa200_block_3_results.npy
 create mode 100644 simulations_H2/results/H2_samp75_N100_kappa50_block_3_results.npy
 create mode 100644 simulations_H2/results/H2_samp75_N200_kappa200_block_3_results.npy
 create mode 100644 simulations_H2/results/H2_samp75_N200_kappa50_block_3_results.npy
 create mode 100644 simulations_H2/results/H2_samp75_N500_kappa200_block_3_results.npy
 create mode 100644 simulations_H2/results/H2_samp75_N500_kappa50_block_3_results.npy
 create mode 100644 simulations_H2/results/H2_samp75_N50_kappa200_block_3_results.npy
 create mode 100644 simulations_H2/results/H2_samp75_N50_kappa50_block_3_results.npy
 create mode 100644 simulations_H2/results/H2_samp76_N100_kappa200_block_4_results.npy
 create mode 100644 simulations_H2/results/H2_samp76_N100_kappa50_block_4_results.npy
 create mode 100644 simulations_H2/results/H2_samp76_N200_kappa200_block_4_results.npy
 create mode 100644 simulations_H2/results/H2_samp76_N200_kappa50_block_4_results.npy
 create mode 100644 simulations_H2/results/H2_samp76_N500_kappa200_block_4_results.npy
 create mode 100644 simulations_H2/results/H2_samp76_N500_kappa50_block_4_results.npy
 create mode 100644 simulations_H2/results/H2_samp76_N50_kappa200_block_4_results.npy
 create mode 100644 simulations_H2/results/H2_samp76_N50_kappa50_block_4_results.npy
 create mode 100644 simulations_H2/results/H2_samp77_N100_kappa200_block_4_results.npy
 create mode 100644 simulations_H2/results/H2_samp77_N100_kappa50_block_4_results.npy
 create mode 100644 simulations_H2/results/H2_samp77_N200_kappa200_block_4_results.npy
 create mode 100644 simulations_H2/results/H2_samp77_N200_kappa50_block_4_results.npy
 create mode 100644 simulations_H2/results/H2_samp77_N500_kappa200_block_4_results.npy
 create mode 100644 simulations_H2/results/H2_samp77_N500_kappa50_block_4_results.npy
 create mode 100644 simulations_H2/results/H2_samp77_N50_kappa200_block_4_results.npy
 create mode 100644 simulations_H2/results/H2_samp77_N50_kappa50_block_4_results.npy
 create mode 100644 simulations_H2/results/H2_samp78_N100_kappa200_block_4_results.npy
 create mode 100644 simulations_H2/results/H2_samp78_N100_kappa50_block_4_results.npy
 create mode 100644 simulations_H2/results/H2_samp78_N200_kappa200_block_4_results.npy
 create mode 100644 simulations_H2/results/H2_samp78_N200_kappa50_block_4_results.npy
 create mode 100644 simulations_H2/results/H2_samp78_N500_kappa200_block_4_results.npy
 create mode 100644 simulations_H2/results/H2_samp78_N500_kappa50_block_4_results.npy
 create mode 100644 simulations_H2/results/H2_samp78_N50_kappa200_block_4_results.npy
 create mode 100644 simulations_H2/results/H2_samp78_N50_kappa50_block_4_results.npy
 create mode 100644 simulations_H2/results/H2_samp79_N100_kappa200_block_4_results.npy
 create mode 100644 simulations_H2/results/H2_samp79_N100_kappa50_block_4_results.npy
 create mode 100644 simulations_H2/results/H2_samp79_N200_kappa200_block_4_results.npy
 create mode 100644 simulations_H2/results/H2_samp79_N200_kappa50_block_4_results.npy
 create mode 100644 simulations_H2/results/H2_samp79_N500_kappa200_block_4_results.npy
 create mode 100644 simulations_H2/results/H2_samp79_N500_kappa50_block_4_results.npy
 create mode 100644 simulations_H2/results/H2_samp79_N50_kappa200_block_4_results.npy
 create mode 100644 simulations_H2/results/H2_samp79_N50_kappa50_block_4_results.npy
 create mode 100644 simulations_H2/results/H2_samp80_N100_kappa200_block_4_results.npy
 create mode 100644 simulations_H2/results/H2_samp80_N100_kappa50_block_4_results.npy
 create mode 100644 simulations_H2/results/H2_samp80_N200_kappa200_block_4_results.npy
 create mode 100644 simulations_H2/results/H2_samp80_N200_kappa50_block_4_results.npy
 create mode 100644 simulations_H2/results/H2_samp80_N500_kappa200_block_4_results.npy
 create mode 100644 simulations_H2/results/H2_samp80_N500_kappa50_block_4_results.npy
 create mode 100644 simulations_H2/results/H2_samp80_N50_kappa200_block_4_results.npy
 create mode 100644 simulations_H2/results/H2_samp80_N50_kappa50_block_4_results.npy
 create mode 100644 simulations_H2/results/H2_samp81_N100_kappa200_block_4_results.npy
 create mode 100644 simulations_H2/results/H2_samp81_N100_kappa50_block_4_results.npy
 create mode 100644 simulations_H2/results/H2_samp81_N200_kappa200_block_4_results.npy
 create mode 100644 simulations_H2/results/H2_samp81_N200_kappa50_block_4_results.npy
 create mode 100644 simulations_H2/results/H2_samp81_N500_kappa200_block_4_results.npy
 create mode 100644 simulations_H2/results/H2_samp81_N500_kappa50_block_4_results.npy
 create mode 100644 simulations_H2/results/H2_samp81_N50_kappa200_block_4_results.npy
 create mode 100644 simulations_H2/results/H2_samp81_N50_kappa50_block_4_results.npy
 create mode 100644 simulations_H2/results/H2_samp82_N100_kappa200_block_4_results.npy
 create mode 100644 simulations_H2/results/H2_samp82_N100_kappa50_block_4_results.npy
 create mode 100644 simulations_H2/results/H2_samp82_N200_kappa200_block_4_results.npy
 create mode 100644 simulations_H2/results/H2_samp82_N200_kappa50_block_4_results.npy
 create mode 100644 simulations_H2/results/H2_samp82_N500_kappa200_block_4_results.npy
 create mode 100644 simulations_H2/results/H2_samp82_N500_kappa50_block_4_results.npy
 create mode 100644 simulations_H2/results/H2_samp82_N50_kappa200_block_4_results.npy
 create mode 100644 simulations_H2/results/H2_samp82_N50_kappa50_block_4_results.npy
 create mode 100644 simulations_H2/results/H2_samp83_N100_kappa200_block_4_results.npy
 create mode 100644 simulations_H2/results/H2_samp83_N100_kappa50_block_4_results.npy
 create mode 100644 simulations_H2/results/H2_samp83_N200_kappa200_block_4_results.npy
 create mode 100644 simulations_H2/results/H2_samp83_N200_kappa50_block_4_results.npy
 create mode 100644 simulations_H2/results/H2_samp83_N50_kappa200_block_4_results.npy
 create mode 100644 simulations_H2/results/H2_samp83_N50_kappa50_block_4_results.npy
 create mode 100644 simulations_H2/results/H2_samp84_N100_kappa200_block_4_results.npy
 create mode 100644 simulations_H2/results/H2_samp84_N100_kappa50_block_4_results.npy
 create mode 100644 simulations_H2/results/H2_samp84_N200_kappa200_block_4_results.npy
 create mode 100644 simulations_H2/results/H2_samp84_N200_kappa50_block_4_results.npy
 create mode 100644 simulations_H2/results/H2_samp84_N50_kappa200_block_4_results.npy
 create mode 100644 simulations_H2/results/H2_samp84_N50_kappa50_block_4_results.npy
 create mode 100644 simulations_H2/results/H2_samp85_N100_kappa200_block_4_results.npy
 create mode 100644 simulations_H2/results/H2_samp85_N100_kappa50_block_4_results.npy
 create mode 100644 simulations_H2/results/H2_samp85_N200_kappa200_block_4_results.npy
 create mode 100644 simulations_H2/results/H2_samp85_N200_kappa50_block_4_results.npy
 create mode 100644 simulations_H2/results/H2_samp85_N50_kappa200_block_4_results.npy
 create mode 100644 simulations_H2/results/H2_samp85_N50_kappa50_block_4_results.npy
 create mode 100644 simulations_H2/results/H2_samp86_N100_kappa200_block_4_results.npy
 create mode 100644 simulations_H2/results/H2_samp86_N100_kappa50_block_4_results.npy
 create mode 100644 simulations_H2/results/H2_samp86_N200_kappa200_block_4_results.npy
 create mode 100644 simulations_H2/results/H2_samp86_N200_kappa50_block_4_results.npy
 create mode 100644 simulations_H2/results/H2_samp86_N50_kappa200_block_4_results.npy
 create mode 100644 simulations_H2/results/H2_samp86_N50_kappa50_block_4_results.npy
 create mode 100644 simulations_H2/results/H2_samp87_N100_kappa200_block_4_results.npy
 create mode 100644 simulations_H2/results/H2_samp87_N100_kappa50_block_4_results.npy
 create mode 100644 simulations_H2/results/H2_samp87_N200_kappa200_block_4_results.npy
 create mode 100644 simulations_H2/results/H2_samp87_N200_kappa50_block_4_results.npy
 create mode 100644 simulations_H2/results/H2_samp87_N50_kappa200_block_4_results.npy
 create mode 100644 simulations_H2/results/H2_samp87_N50_kappa50_block_4_results.npy
 create mode 100644 simulations_H2/results/H2_samp88_N100_kappa200_block_4_results.npy
 create mode 100644 simulations_H2/results/H2_samp88_N100_kappa50_block_4_results.npy
 create mode 100644 simulations_H2/results/H2_samp88_N50_kappa200_block_4_results.npy
 create mode 100644 simulations_H2/results/H2_samp88_N50_kappa50_block_4_results.npy
 create mode 100644 simulations_H2/results/H2_samp89_N100_kappa200_block_4_results.npy
 create mode 100644 simulations_H2/results/H2_samp89_N100_kappa50_block_4_results.npy
 create mode 100644 simulations_H2/results/H2_samp89_N50_kappa200_block_4_results.npy
 create mode 100644 simulations_H2/results/H2_samp89_N50_kappa50_block_4_results.npy
 create mode 100644 simulations_H2/results/H2_samp90_N100_kappa200_block_4_results.npy
 create mode 100644 simulations_H2/results/H2_samp90_N100_kappa50_block_4_results.npy
 create mode 100644 simulations_H2/results/H2_samp90_N50_kappa200_block_4_results.npy
 create mode 100644 simulations_H2/results/H2_samp90_N50_kappa50_block_4_results.npy
 create mode 100644 simulations_SPD/results/SPD_samp10_N100_df15_block_1_results.npy
 create mode 100644 simulations_SPD/results/SPD_samp10_N100_df5_block_1_results.npy
 create mode 100644 simulations_SPD/results/SPD_samp10_N50_df15_block_1_results.npy
 create mode 100644 simulations_SPD/results/SPD_samp10_N50_df5_block_1_results.npy
 create mode 100644 simulations_SPD/results/SPD_samp1_N100_df15_block_1_results.npy
 create mode 100644 simulations_SPD/results/SPD_samp1_N100_df5_block_1_results.npy
 create mode 100644 simulations_SPD/results/SPD_samp1_N50_df15_block_1_results.npy
 create mode 100644 simulations_SPD/results/SPD_samp1_N50_df5_block_1_results.npy
 create mode 100644 simulations_SPD/results/SPD_samp2_N100_df15_block_1_results.npy
 create mode 100644 simulations_SPD/results/SPD_samp2_N100_df5_block_1_results.npy
 create mode 100644 simulations_SPD/results/SPD_samp2_N50_df15_block_1_results.npy
 create mode 100644 simulations_SPD/results/SPD_samp2_N50_df5_block_1_results.npy
 create mode 100644 simulations_SPD/results/SPD_samp3_N100_df15_block_1_results.npy
 create mode 100644 simulations_SPD/results/SPD_samp3_N100_df5_block_1_results.npy
 create mode 100644 simulations_SPD/results/SPD_samp3_N50_df15_block_1_results.npy
 create mode 100644 simulations_SPD/results/SPD_samp3_N50_df5_block_1_results.npy
 create mode 100644 simulations_SPD/results/SPD_samp4_N100_df15_block_1_results.npy
 create mode 100644 simulations_SPD/results/SPD_samp4_N100_df5_block_1_results.npy
 create mode 100644 simulations_SPD/results/SPD_samp4_N50_df15_block_1_results.npy
 create mode 100644 simulations_SPD/results/SPD_samp4_N50_df5_block_1_results.npy
 create mode 100644 simulations_SPD/results/SPD_samp5_N100_df15_block_1_results.npy
 create mode 100644 simulations_SPD/results/SPD_samp5_N100_df5_block_1_results.npy
 create mode 100644 simulations_SPD/results/SPD_samp5_N50_df15_block_1_results.npy
 create mode 100644 simulations_SPD/results/SPD_samp5_N50_df5_block_1_results.npy
 create mode 100644 simulations_SPD/results/SPD_samp6_N100_df15_block_1_results.npy
 create mode 100644 simulations_SPD/results/SPD_samp6_N100_df5_block_1_results.npy
 create mode 100644 simulations_sphere/results/sphere_samp100_N100_kappa200_block_4_results.npy
 create mode 100644 simulations_sphere/results/sphere_samp100_N100_kappa50_block_4_results.npy
 create mode 100644 simulations_sphere/results/sphere_samp100_N200_kappa200_block_4_results.npy
 create mode 100644 simulations_sphere/results/sphere_samp100_N200_kappa50_block_4_results.npy
 create mode 100644 simulations_sphere/results/sphere_samp100_N500_kappa200_block_4_results.npy
 create mode 100644 simulations_sphere/results/sphere_samp100_N500_kappa50_block_4_results.npy
 create mode 100644 simulations_sphere/results/sphere_samp100_N50_kappa200_block_4_results.npy
 create mode 100644 simulations_sphere/results/sphere_samp100_N50_kappa50_block_4_results.npy
 create mode 100644 simulations_sphere/results/sphere_samp101_N100_kappa200_block_5_results.npy
 create mode 100644 simulations_sphere/results/sphere_samp101_N100_kappa50_block_5_results.npy
 create mode 100644 simulations_sphere/results/sphere_samp101_N200_kappa200_block_5_results.npy
 create mode 100644 simulations_sphere/results/sphere_samp101_N200_kappa50_block_5_results.npy
 create mode 100644 simulations_sphere/results/sphere_samp101_N500_kappa200_block_5_results.npy
 create mode 100644 simulations_sphere/results/sphere_samp101_N500_kappa50_block_5_results.npy
 create mode 100644 simulations_sphere/results/sphere_samp101_N50_kappa200_block_5_results.npy
 create mode 100644 simulations_sphere/results/sphere_samp101_N50_kappa50_block_5_results.npy
 create mode 100644 simulations_sphere/results/sphere_samp102_N100_kappa200_block_5_results.npy
 create mode 100644 simulations_sphere/results/sphere_samp102_N100_kappa50_block_5_results.npy
 create mode 100644 simulations_sphere/results/sphere_samp102_N200_kappa200_block_5_results.npy
 create mode 100644 simulations_sphere/results/sphere_samp102_N200_kappa50_block_5_results.npy
 create mode 100644 simulations_sphere/results/sphere_samp102_N500_kappa200_block_5_results.npy
 create mode 100644 simulations_sphere/results/sphere_samp102_N500_kappa50_block_5_results.npy
 create mode 100644 simulations_sphere/results/sphere_samp102_N50_kappa200_block_5_results.npy
 create mode 100644 simulations_sphere/results/sphere_samp102_N50_kappa50_block_5_results.npy
 create mode 100644 simulations_sphere/results/sphere_samp103_N100_kappa200_block_5_results.npy
 create mode 100644 simulations_sphere/results/sphere_samp103_N100_kappa50_block_5_results.npy
 create mode 100644 simulations_sphere/results/sphere_samp103_N200_kappa200_block_5_results.npy
 create mode 100644 simulations_sphere/results/sphere_samp103_N200_kappa50_block_5_results.npy
 create mode 100644 simulations_sphere/results/sphere_samp103_N500_kappa200_block_5_results.npy
 create mode 100644 simulations_sphere/results/sphere_samp103_N500_kappa50_block_5_results.npy
 create mode 100644 simulations_sphere/results/sphere_samp103_N50_kappa200_block_5_results.npy
 create mode 100644 simulations_sphere/results/sphere_samp103_N50_kappa50_block_5_results.npy
 create mode 100644 simulations_sphere/results/sphere_samp104_N100_kappa200_block_5_results.npy
 create mode 100644 simulations_sphere/results/sphere_samp104_N100_kappa50_block_5_results.npy
 create mode 100644 simulations_sphere/results/sphere_samp104_N200_kappa200_block_5_results.npy
 create mode 100644 simulations_sphere/results/sphere_samp104_N200_kappa50_block_5_results.npy
 create mode 100644 simulations_sphere/results/sphere_samp104_N500_kappa200_block_5_results.npy
 create mode 100644 simulations_sphere/results/sphere_samp104_N500_kappa50_block_5_results.npy
 create mode 100644 simulations_sphere/results/sphere_samp104_N50_kappa200_block_5_results.npy
 create mode 100644 simulations_sphere/results/sphere_samp104_N50_kappa50_block_5_results.npy
 create mode 100644 simulations_sphere/results/sphere_samp105_N100_kappa200_block_5_results.npy
 create mode 100644 simulations_sphere/results/sphere_samp105_N100_kappa50_block_5_results.npy
 create mode 100644 simulations_sphere/results/sphere_samp105_N200_kappa200_block_5_results.npy
 create mode 100644 simulations_sphere/results/sphere_samp105_N200_kappa50_block_5_results.npy
 create mode 100644 simulations_sphere/results/sphere_samp105_N500_kappa200_block_5_results.npy
 create mode 100644 simulations_sphere/results/sphere_samp105_N500_kappa50_block_5_results.npy
 create mode 100644 simulations_sphere/results/sphere_samp105_N50_kappa200_block_5_results.npy
 create mode 100644 simulations_sphere/results/sphere_samp105_N50_kappa50_block_5_results.npy
 create mode 100644 simulations_sphere/results/sphere_samp106_N100_kappa200_block_5_results.npy
 create mode 100644 simulations_sphere/results/sphere_samp106_N100_kappa50_block_5_results.npy
 create mode 100644 simulations_sphere/results/sphere_samp106_N200_kappa200_block_5_results.npy
 create mode 100644 simulations_sphere/results/sphere_samp106_N200_kappa50_block_5_results.npy
 create mode 100644 simulations_sphere/results/sphere_samp106_N500_kappa200_block_5_results.npy
 create mode 100644 simulations_sphere/results/sphere_samp106_N500_kappa50_block_5_results.npy
 create mode 100644 simulations_sphere/results/sphere_samp106_N50_kappa200_block_5_results.npy
 create mode 100644 simulations_sphere/results/sphere_samp106_N50_kappa50_block_5_results.npy
 create mode 100644 simulations_sphere/results/sphere_samp107_N100_kappa200_block_5_results.npy
 create mode 100644 simulations_sphere/results/sphere_samp107_N100_kappa50_block_5_results.npy
 create mode 100644 simulations_sphere/results/sphere_samp107_N200_kappa200_block_5_results.npy
 create mode 100644 simulations_sphere/results/sphere_samp107_N200_kappa50_block_5_results.npy
 create mode 100644 simulations_sphere/results/sphere_samp107_N500_kappa200_block_5_results.npy
 create mode 100644 simulations_sphere/results/sphere_samp107_N500_kappa50_block_5_results.npy
 create mode 100644 simulations_sphere/results/sphere_samp107_N50_kappa200_block_5_results.npy
 create mode 100644 simulations_sphere/results/sphere_samp107_N50_kappa50_block_5_results.npy
 create mode 100644 simulations_sphere/results/sphere_samp108_N100_kappa200_block_5_results.npy
 create mode 100644 simulations_sphere/results/sphere_samp108_N100_kappa50_block_5_results.npy
 create mode 100644 simulations_sphere/results/sphere_samp108_N200_kappa200_block_5_results.npy
 create mode 100644 simulations_sphere/results/sphere_samp108_N200_kappa50_block_5_results.npy
 create mode 100644 simulations_sphere/results/sphere_samp108_N500_kappa200_block_5_results.npy
 create mode 100644 simulations_sphere/results/sphere_samp108_N500_kappa50_block_5_results.npy
 create mode 100644 simulations_sphere/results/sphere_samp108_N50_kappa200_block_5_results.npy
 create mode 100644 simulations_sphere/results/sphere_samp108_N50_kappa50_block_5_results.npy
 create mode 100644 simulations_sphere/results/sphere_samp109_N100_kappa200_block_5_results.npy
 create mode 100644 simulations_sphere/results/sphere_samp109_N100_kappa50_block_5_results.npy
 create mode 100644 simulations_sphere/results/sphere_samp109_N200_kappa200_block_5_results.npy
 create mode 100644 simulations_sphere/results/sphere_samp109_N200_kappa50_block_5_results.npy
 create mode 100644 simulations_sphere/results/sphere_samp109_N500_kappa200_block_5_results.npy
 create mode 100644 simulations_sphere/results/sphere_samp109_N500_kappa50_block_5_results.npy
 create mode 100644 simulations_sphere/results/sphere_samp109_N50_kappa200_block_5_results.npy
 create mode 100644 simulations_sphere/results/sphere_samp109_N50_kappa50_block_5_results.npy
 create mode 100644 simulations_sphere/results/sphere_samp110_N100_kappa200_block_5_results.npy
 create mode 100644 simulations_sphere/results/sphere_samp110_N100_kappa50_block_5_results.npy
 create mode 100644 simulations_sphere/results/sphere_samp110_N200_kappa200_block_5_results.npy
 create mode 100644 simulations_sphere/results/sphere_samp110_N200_kappa50_block_5_results.npy
 create mode 100644 simulations_sphere/results/sphere_samp110_N500_kappa200_block_5_results.npy
 create mode 100644 simulations_sphere/results/sphere_samp110_N500_kappa50_block_5_results.npy
 create mode 100644 simulations_sphere/results/sphere_samp110_N50_kappa200_block_5_results.npy
 create mode 100644 simulations_sphere/results/sphere_samp110_N50_kappa50_block_5_results.npy
 create mode 100644 simulations_sphere/results/sphere_samp111_N100_kappa200_block_5_results.npy
 create mode 100644 simulations_sphere/results/sphere_samp111_N100_kappa50_block_5_results.npy
 create mode 100644 simulations_sphere/results/sphere_samp111_N200_kappa200_block_5_results.npy
 create mode 100644 simulations_sphere/results/sphere_samp111_N200_kappa50_block_5_results.npy
 create mode 100644 simulations_sphere/results/sphere_samp111_N500_kappa200_block_5_results.npy
 create mode 100644 simulations_sphere/results/sphere_samp111_N500_kappa50_block_5_results.npy
 create mode 100644 simulations_sphere/results/sphere_samp111_N50_kappa200_block_5_results.npy
 create mode 100644 simulations_sphere/results/sphere_samp111_N50_kappa50_block_5_results.npy
 create mode 100644 simulations_sphere/results/sphere_samp112_N100_kappa200_block_5_results.npy
 create mode 100644 simulations_sphere/results/sphere_samp112_N100_kappa50_block_5_results.npy
 create mode 100644 simulations_sphere/results/sphere_samp112_N200_kappa200_block_5_results.npy
 create mode 100644 simulations_sphere/results/sphere_samp112_N200_kappa50_block_5_results.npy
 create mode 100644 simulations_sphere/results/sphere_samp112_N500_kappa200_block_5_results.npy
 create mode 100644 simulations_sphere/results/sphere_samp112_N500_kappa50_block_5_results.npy
 create mode 100644 simulations_sphere/results/sphere_samp112_N50_kappa200_block_5_results.npy
 create mode 100644 simulations_sphere/results/sphere_samp112_N50_kappa50_block_5_results.npy
 create mode 100644 simulations_sphere/results/sphere_samp113_N100_kappa200_block_5_results.npy
 create mode 100644 simulations_sphere/results/sphere_samp113_N100_kappa50_block_5_results.npy
 create mode 100644 simulations_sphere/results/sphere_samp113_N200_kappa200_block_5_results.npy
 create mode 100644 simulations_sphere/results/sphere_samp113_N200_kappa50_block_5_results.npy
 create mode 100644 simulations_sphere/results/sphere_samp113_N500_kappa200_block_5_results.npy
 create mode 100644 simulations_sphere/results/sphere_samp113_N500_kappa50_block_5_results.npy
 create mode 100644 simulations_sphere/results/sphere_samp113_N50_kappa200_block_5_results.npy
 create mode 100644 simulations_sphere/results/sphere_samp113_N50_kappa50_block_5_results.npy
 create mode 100644 simulations_sphere/results/sphere_samp114_N100_kappa200_block_5_results.npy
 create mode 100644 simulations_sphere/results/sphere_samp114_N100_kappa50_block_5_results.npy
 create mode 100644 simulations_sphere/results/sphere_samp114_N200_kappa200_block_5_results.npy
 create mode 100644 simulations_sphere/results/sphere_samp114_N200_kappa50_block_5_results.npy
 create mode 100644 simulations_sphere/results/sphere_samp114_N500_kappa200_block_5_results.npy
 create mode 100644 simulations_sphere/results/sphere_samp114_N500_kappa50_block_5_results.npy
 create mode 100644 simulations_sphere/results/sphere_samp114_N50_kappa200_block_5_results.npy
 create mode 100644 simulations_sphere/results/sphere_samp114_N50_kappa50_block_5_results.npy
 create mode 100644 simulations_sphere/results/sphere_samp115_N100_kappa200_block_5_results.npy
 create mode 100644 simulations_sphere/results/sphere_samp115_N100_kappa50_block_5_results.npy
 create mode 100644 simulations_sphere/results/sphere_samp115_N200_kappa200_block_5_results.npy
 create mode 100644 simulations_sphere/results/sphere_samp115_N200_kappa50_block_5_results.npy
 create mode 100644 simulations_sphere/results/sphere_samp115_N500_kappa200_block_5_results.npy
 create mode 100644 simulations_sphere/results/sphere_samp115_N500_kappa50_block_5_results.npy
 create mode 100644 simulations_sphere/results/sphere_samp115_N50_kappa200_block_5_results.npy
 create mode 100644 simulations_sphere/results/sphere_samp115_N50_kappa50_block_5_results.npy
 create mode 100644 simulations_sphere/results/sphere_samp116_N100_kappa200_block_5_results.npy
 create mode 100644 simulations_sphere/results/sphere_samp116_N100_kappa50_block_5_results.npy
 create mode 100644 simulations_sphere/results/sphere_samp116_N200_kappa200_block_5_results.npy
 create mode 100644 simulations_sphere/results/sphere_samp116_N200_kappa50_block_5_results.npy
 create mode 100644 simulations_sphere/results/sphere_samp116_N500_kappa200_block_5_results.npy
 create mode 100644 simulations_sphere/results/sphere_samp116_N500_kappa50_block_5_results.npy
 create mode 100644 simulations_sphere/results/sphere_samp116_N50_kappa200_block_5_results.npy
 create mode 100644 simulations_sphere/results/sphere_samp116_N50_kappa50_block_5_results.npy
 create mode 100644 simulations_sphere/results/sphere_samp117_N100_kappa200_block_5_results.npy
 create mode 100644 simulations_sphere/results/sphere_samp117_N100_kappa50_block_5_results.npy
 create mode 100644 simulations_sphere/results/sphere_samp117_N200_kappa200_block_5_results.npy
 create mode 100644 simulations_sphere/results/sphere_samp117_N200_kappa50_block_5_results.npy
 create mode 100644 simulations_sphere/results/sphere_samp117_N500_kappa50_block_5_results.npy
 create mode 100644 simulations_sphere/results/sphere_samp117_N50_kappa200_block_5_results.npy
 create mode 100644 simulations_sphere/results/sphere_samp117_N50_kappa50_block_5_results.npy
 create mode 100644 simulations_sphere/results/sphere_samp118_N100_kappa200_block_5_results.npy
 create mode 100644 simulations_sphere/results/sphere_samp118_N100_kappa50_block_5_results.npy
 create mode 100644 simulations_sphere/results/sphere_samp118_N200_kappa200_block_5_results.npy
 create mode 100644 simulations_sphere/results/sphere_samp118_N200_kappa50_block_5_results.npy
 create mode 100644 simulations_sphere/results/sphere_samp118_N500_kappa50_block_5_results.npy
 create mode 100644 simulations_sphere/results/sphere_samp118_N50_kappa200_block_5_results.npy
 create mode 100644 simulations_sphere/results/sphere_samp118_N50_kappa50_block_5_results.npy
 create mode 100644 simulations_sphere/results/sphere_samp119_N100_kappa200_block_5_results.npy
 create mode 100644 simulations_sphere/results/sphere_samp119_N100_kappa50_block_5_results.npy
 create mode 100644 simulations_sphere/results/sphere_samp119_N200_kappa200_block_5_results.npy
 create mode 100644 simulations_sphere/results/sphere_samp119_N200_kappa50_block_5_results.npy
 create mode 100644 simulations_sphere/results/sphere_samp119_N50_kappa200_block_5_results.npy
 create mode 100644 simulations_sphere/results/sphere_samp119_N50_kappa50_block_5_results.npy
 create mode 100644 simulations_sphere/results/sphere_samp120_N100_kappa200_block_5_results.npy
 create mode 100644 simulations_sphere/results/sphere_samp120_N100_kappa50_block_5_results.npy
 create mode 100644 simulations_sphere/results/sphere_samp120_N200_kappa200_block_5_results.npy
 create mode 100644 simulations_sphere/results/sphere_samp120_N200_kappa50_block_5_results.npy
 create mode 100644 simulations_sphere/results/sphere_samp120_N50_kappa200_block_5_results.npy
 create mode 100644 simulations_sphere/results/sphere_samp120_N50_kappa50_block_5_results.npy
 create mode 100644 simulations_sphere/results/sphere_samp121_N100_kappa200_block_5_results.npy
 create mode 100644 simulations_sphere/results/sphere_samp121_N100_kappa50_block_5_results.npy
 create mode 100644 simulations_sphere/results/sphere_samp121_N200_kappa200_block_5_results.npy
 create mode 100644 simulations_sphere/results/sphere_samp121_N200_kappa50_block_5_results.npy
 create mode 100644 simulations_sphere/results/sphere_samp121_N50_kappa200_block_5_results.npy
 create mode 100644 simulations_sphere/results/sphere_samp121_N50_kappa50_block_5_results.npy
 create mode 100644 simulations_sphere/results/sphere_samp122_N100_kappa200_block_5_results.npy
 create mode 100644 simulations_sphere/results/sphere_samp122_N100_kappa50_block_5_results.npy
 create mode 100644 simulations_sphere/results/sphere_samp122_N200_kappa200_block_5_results.npy
 create mode 100644 simulations_sphere/results/sphere_samp122_N200_kappa50_block_5_results.npy
 create mode 100644 simulations_sphere/results/sphere_samp122_N50_kappa200_block_5_results.npy
 create mode 100644 simulations_sphere/results/sphere_samp122_N50_kappa50_block_5_results.npy
 create mode 100644 simulations_sphere/results/sphere_samp123_N100_kappa200_block_5_results.npy
 create mode 100644 simulations_sphere/results/sphere_samp123_N100_kappa50_block_5_results.npy
 create mode 100644 simulations_sphere/results/sphere_samp123_N200_kappa200_block_5_results.npy
 create mode 100644 simulations_sphere/results/sphere_samp123_N200_kappa50_block_5_results.npy
 create mode 100644 simulations_sphere/results/sphere_samp123_N50_kappa200_block_5_results.npy
 create mode 100644 simulations_sphere/results/sphere_samp123_N50_kappa50_block_5_results.npy
 create mode 100644 simulations_sphere/results/sphere_samp124_N100_kappa200_block_5_results.npy
 create mode 100644 simulations_sphere/results/sphere_samp124_N100_kappa50_block_5_results.npy
 create mode 100644 simulations_sphere/results/sphere_samp124_N50_kappa200_block_5_results.npy
 create mode 100644 simulations_sphere/results/sphere_samp124_N50_kappa50_block_5_results.npy
 create mode 100644 simulations_sphere/results/sphere_samp125_N100_kappa200_block_5_results.npy
 create mode 100644 simulations_sphere/results/sphere_samp125_N100_kappa50_block_5_results.npy
 create mode 100644 simulations_sphere/results/sphere_samp125_N50_kappa200_block_5_results.npy
 create mode 100644 simulations_sphere/results/sphere_samp125_N50_kappa50_block_5_results.npy
 create mode 100644 simulations_sphere/results/sphere_samp126_N100_kappa200_block_6_results.npy
 create mode 100644 simulations_sphere/results/sphere_samp126_N100_kappa50_block_6_results.npy
 create mode 100644 simulations_sphere/results/sphere_samp126_N200_kappa200_block_6_results.npy
 create mode 100644 simulations_sphere/results/sphere_samp126_N200_kappa50_block_6_results.npy
 create mode 100644 simulations_sphere/results/sphere_samp126_N500_kappa200_block_6_results.npy
 create mode 100644 simulations_sphere/results/sphere_samp126_N500_kappa50_block_6_results.npy
 create mode 100644 simulations_sphere/results/sphere_samp126_N50_kappa200_block_6_results.npy
 create mode 100644 simulations_sphere/results/sphere_samp126_N50_kappa50_block_6_results.npy
 create mode 100644 simulations_sphere/results/sphere_samp127_N100_kappa200_block_6_results.npy
 create mode 100644 simulations_sphere/results/sphere_samp127_N100_kappa50_block_6_results.npy
 create mode 100644 simulations_sphere/results/sphere_samp127_N200_kappa200_block_6_results.npy
 create mode 100644 simulations_sphere/results/sphere_samp127_N200_kappa50_block_6_results.npy
 create mode 100644 simulations_sphere/results/sphere_samp127_N500_kappa200_block_6_results.npy
 create mode 100644 simulations_sphere/results/sphere_samp127_N500_kappa50_block_6_results.npy
 create mode 100644 simulations_sphere/results/sphere_samp127_N50_kappa200_block_6_results.npy
 create mode 100644 simulations_sphere/results/sphere_samp127_N50_kappa50_block_6_results.npy
 create mode 100644 simulations_sphere/results/sphere_samp128_N100_kappa200_block_6_results.npy
 create mode 100644 simulations_sphere/results/sphere_samp128_N100_kappa50_block_6_results.npy
 create mode 100644 simulations_sphere/results/sphere_samp128_N200_kappa200_block_6_results.npy
 create mode 100644 simulations_sphere/results/sphere_samp128_N200_kappa50_block_6_results.npy
 create mode 100644 simulations_sphere/results/sphere_samp128_N500_kappa200_block_6_results.npy
 create mode 100644 simulations_sphere/results/sphere_samp128_N500_kappa50_block_6_results.npy
 create mode 100644 simulations_sphere/results/sphere_samp128_N50_kappa200_block_6_results.npy
 create mode 100644 simulations_sphere/results/sphere_samp128_N50_kappa50_block_6_results.npy
 create mode 100644 simulations_sphere/results/sphere_samp129_N100_kappa200_block_6_results.npy
 create mode 100644 simulations_sphere/results/sphere_samp129_N100_kappa50_block_6_results.npy
 create mode 100644 simulations_sphere/results/sphere_samp129_N200_kappa200_block_6_results.npy
 create mode 100644 simulations_sphere/results/sphere_samp129_N200_kappa50_block_6_results.npy
 create mode 100644 simulations_sphere/results/sphere_samp129_N500_kappa200_block_6_results.npy
 create mode 100644 simulations_sphere/results/sphere_samp129_N500_kappa50_block_6_results.npy
 create mode 100644 simulations_sphere/results/sphere_samp129_N50_kappa200_block_6_results.npy
 create mode 100644 simulations_sphere/results/sphere_samp129_N50_kappa50_block_6_results.npy
 create mode 100644 simulations_sphere/results/sphere_samp130_N100_kappa200_block_6_results.npy
 create mode 100644 simulations_sphere/results/sphere_samp130_N100_kappa50_block_6_results.npy
 create mode 100644 simulations_sphere/results/sphere_samp130_N200_kappa200_block_6_results.npy
 create mode 100644 simulations_sphere/results/sphere_samp130_N200_kappa50_block_6_results.npy
 create mode 100644 simulations_sphere/results/sphere_samp130_N500_kappa200_block_6_results.npy
 create mode 100644 simulations_sphere/results/sphere_samp130_N500_kappa50_block_6_results.npy
 create mode 100644 simulations_sphere/results/sphere_samp130_N50_kappa200_block_6_results.npy
 create mode 100644 simulations_sphere/results/sphere_samp130_N50_kappa50_block_6_results.npy
 create mode 100644 simulations_sphere/results/sphere_samp131_N100_kappa200_block_6_results.npy
 create mode 100644 simulations_sphere/results/sphere_samp131_N100_kappa50_block_6_results.npy
 create mode 100644 simulations_sphere/results/sphere_samp131_N200_kappa200_block_6_results.npy
 create mode 100644 simulations_sphere/results/sphere_samp131_N200_kappa50_block_6_results.npy
 create mode 100644 simulations_sphere/results/sphere_samp131_N500_kappa200_block_6_results.npy
 create mode 100644 simulations_sphere/results/sphere_samp131_N500_kappa50_block_6_results.npy
 create mode 100644 simulations_sphere/results/sphere_samp131_N50_kappa200_block_6_results.npy
 create mode 100644 simulations_sphere/results/sphere_samp131_N50_kappa50_block_6_results.npy
 create mode 100644 simulations_sphere/results/sphere_samp132_N100_kappa200_block_6_results.npy
 create mode 100644 simulations_sphere/results/sphere_samp132_N100_kappa50_block_6_results.npy
 create mode 100644 simulations_sphere/results/sphere_samp132_N200_kappa200_block_6_results.npy
 create mode 100644 simulations_sphere/results/sphere_samp132_N200_kappa50_block_6_results.npy
 create mode 100644 simulations_sphere/results/sphere_samp132_N500_kappa200_block_6_results.npy
 create mode 100644 simulations_sphere/results/sphere_samp132_N500_kappa50_block_6_results.npy
 create mode 100644 simulations_sphere/results/sphere_samp132_N50_kappa200_block_6_results.npy
 create mode 100644 simulations_sphere/results/sphere_samp132_N50_kappa50_block_6_results.npy
 create mode 100644 simulations_sphere/results/sphere_samp133_N100_kappa200_block_6_results.npy
 create mode 100644 simulations_sphere/results/sphere_samp133_N100_kappa50_block_6_results.npy
 create mode 100644 simulations_sphere/results/sphere_samp133_N200_kappa200_block_6_results.npy
 create mode 100644 simulations_sphere/results/sphere_samp133_N200_kappa50_block_6_results.npy
 create mode 100644 simulations_sphere/results/sphere_samp133_N500_kappa200_block_6_results.npy
 create mode 100644 simulations_sphere/results/sphere_samp133_N500_kappa50_block_6_results.npy
 create mode 100644 simulations_sphere/results/sphere_samp133_N50_kappa200_block_6_results.npy
 create mode 100644 simulations_sphere/results/sphere_samp133_N50_kappa50_block_6_results.npy
 create mode 100644 simulations_sphere/results/sphere_samp134_N100_kappa200_block_6_results.npy
 create mode 100644 simulations_sphere/results/sphere_samp134_N100_kappa50_block_6_results.npy
 create mode 100644 simulations_sphere/results/sphere_samp134_N200_kappa200_block_6_results.npy
 create mode 100644 simulations_sphere/results/sphere_samp134_N200_kappa50_block_6_results.npy
 create mode 100644 simulations_sphere/results/sphere_samp134_N500_kappa200_block_6_results.npy
 create mode 100644 simulations_sphere/results/sphere_samp134_N500_kappa50_block_6_results.npy
 create mode 100644 simulations_sphere/results/sphere_samp134_N50_kappa200_block_6_results.npy
 create mode 100644 simulations_sphere/results/sphere_samp134_N50_kappa50_block_6_results.npy
 create mode 100644 simulations_sphere/results/sphere_samp135_N100_kappa200_block_6_results.npy
 create mode 100644 simulations_sphere/results/sphere_samp135_N100_kappa50_block_6_results.npy
 create mode 100644 simulations_sphere/results/sphere_samp135_N200_kappa200_block_6_results.npy
 create mode 100644 simulations_sphere/results/sphere_samp135_N200_kappa50_block_6_results.npy
 create mode 100644 simulations_sphere/results/sphere_samp135_N500_kappa200_block_6_results.npy
 create mode 100644 simulations_sphere/results/sphere_samp135_N500_kappa50_block_6_results.npy
 create mode 100644 simulations_sphere/results/sphere_samp135_N50_kappa200_block_6_results.npy
 create mode 100644 simulations_sphere/results/sphere_samp135_N50_kappa50_block_6_results.npy
 create mode 100644 simulations_sphere/results/sphere_samp136_N100_kappa200_block_6_results.npy
 create mode 100644 simulations_sphere/results/sphere_samp136_N100_kappa50_block_6_results.npy
 create mode 100644 simulations_sphere/results/sphere_samp136_N200_kappa200_block_6_results.npy
 create mode 100644 simulations_sphere/results/sphere_samp136_N200_kappa50_block_6_results.npy
 create mode 100644 simulations_sphere/results/sphere_samp136_N500_kappa200_block_6_results.npy
 create mode 100644 simulations_sphere/results/sphere_samp136_N500_kappa50_block_6_results.npy
 create mode 100644 simulations_sphere/results/sphere_samp136_N50_kappa200_block_6_results.npy
 create mode 100644 simulations_sphere/results/sphere_samp136_N50_kappa50_block_6_results.npy
 create mode 100644 simulations_sphere/results/sphere_samp137_N100_kappa200_block_6_results.npy
 create mode 100644 simulations_sphere/results/sphere_samp137_N100_kappa50_block_6_results.npy
 create mode 100644 simulations_sphere/results/sphere_samp137_N200_kappa200_block_6_results.npy
 create mode 100644 simulations_sphere/results/sphere_samp137_N200_kappa50_block_6_results.npy
 create mode 100644 simulations_sphere/results/sphere_samp137_N500_kappa200_block_6_results.npy
 create mode 100644 simulations_sphere/results/sphere_samp137_N500_kappa50_block_6_results.npy
 create mode 100644 simulations_sphere/results/sphere_samp137_N50_kappa200_block_6_results.npy
 create mode 100644 simulations_sphere/results/sphere_samp137_N50_kappa50_block_6_results.npy
 create mode 100644 simulations_sphere/results/sphere_samp138_N100_kappa200_block_6_results.npy
 create mode 100644 simulations_sphere/results/sphere_samp138_N100_kappa50_block_6_results.npy
 create mode 100644 simulations_sphere/results/sphere_samp138_N200_kappa200_block_6_results.npy
 create mode 100644 simulations_sphere/results/sphere_samp138_N200_kappa50_block_6_results.npy
 create mode 100644 simulations_sphere/results/sphere_samp138_N500_kappa200_block_6_results.npy
 create mode 100644 simulations_sphere/results/sphere_samp138_N500_kappa50_block_6_results.npy
 create mode 100644 simulations_sphere/results/sphere_samp138_N50_kappa200_block_6_results.npy
 create mode 100644 simulations_sphere/results/sphere_samp138_N50_kappa50_block_6_results.npy
 create mode 100644 simulations_sphere/results/sphere_samp139_N100_kappa200_block_6_results.npy
 create mode 100644 simulations_sphere/results/sphere_samp139_N100_kappa50_block_6_results.npy
 create mode 100644 simulations_sphere/results/sphere_samp139_N200_kappa200_block_6_results.npy
 create mode 100644 simulations_sphere/results/sphere_samp139_N200_kappa50_block_6_results.npy
 create mode 100644 simulations_sphere/results/sphere_samp139_N500_kappa200_block_6_results.npy
 create mode 100644 simulations_sphere/results/sphere_samp139_N500_kappa50_block_6_results.npy
 create mode 100644 simulations_sphere/results/sphere_samp139_N50_kappa200_block_6_results.npy
 create mode 100644 simulations_sphere/results/sphere_samp139_N50_kappa50_block_6_results.npy
 create mode 100644 simulations_sphere/results/sphere_samp140_N100_kappa200_block_6_results.npy
 create mode 100644 simulations_sphere/results/sphere_samp140_N100_kappa50_block_6_results.npy
 create mode 100644 simulations_sphere/results/sphere_samp140_N200_kappa200_block_6_results.npy
 create mode 100644 simulations_sphere/results/sphere_samp140_N200_kappa50_block_6_results.npy
 create mode 100644 simulations_sphere/results/sphere_samp140_N500_kappa200_block_6_results.npy
 create mode 100644 simulations_sphere/results/sphere_samp140_N500_kappa50_block_6_results.npy
 create mode 100644 simulations_sphere/results/sphere_samp140_N50_kappa200_block_6_results.npy
 create mode 100644 simulations_sphere/results/sphere_samp140_N50_kappa50_block_6_results.npy
 create mode 100644 simulations_sphere/results/sphere_samp141_N100_kappa200_block_6_results.npy
 create mode 100644 simulations_sphere/results/sphere_samp141_N100_kappa50_block_6_results.npy
 create mode 100644 simulations_sphere/results/sphere_samp141_N200_kappa200_block_6_results.npy
 create mode 100644 simulations_sphere/results/sphere_samp141_N200_kappa50_block_6_results.npy
 create mode 100644 simulations_sphere/results/sphere_samp141_N500_kappa200_block_6_results.npy
 create mode 100644 simulations_sphere/results/sphere_samp141_N500_kappa50_block_6_results.npy
 create mode 100644 simulations_sphere/results/sphere_samp141_N50_kappa200_block_6_results.npy
 create mode 100644 simulations_sphere/results/sphere_samp141_N50_kappa50_block_6_results.npy
 create mode 100644 simulations_sphere/results/sphere_samp142_N100_kappa200_block_6_results.npy
 create mode 100644 simulations_sphere/results/sphere_samp142_N100_kappa50_block_6_results.npy
 create mode 100644 simulations_sphere/results/sphere_samp142_N200_kappa200_block_6_results.npy
 create mode 100644 simulations_sphere/results/sphere_samp142_N200_kappa50_block_6_results.npy
 create mode 100644 simulations_sphere/results/sphere_samp142_N500_kappa200_block_6_results.npy
 create mode 100644 simulations_sphere/results/sphere_samp142_N500_kappa50_block_6_results.npy
 create mode 100644 simulations_sphere/results/sphere_samp142_N50_kappa200_block_6_results.npy
 create mode 100644 simulations_sphere/results/sphere_samp142_N50_kappa50_block_6_results.npy
 create mode 100644 simulations_sphere/results/sphere_samp143_N100_kappa200_block_6_results.npy
 create mode 100644 simulations_sphere/results/sphere_samp143_N100_kappa50_block_6_results.npy
 create mode 100644 simulations_sphere/results/sphere_samp143_N200_kappa200_block_6_results.npy
 create mode 100644 simulations_sphere/results/sphere_samp143_N200_kappa50_block_6_results.npy
 create mode 100644 simulations_sphere/results/sphere_samp143_N500_kappa200_block_6_results.npy
 create mode 100644 simulations_sphere/results/sphere_samp143_N500_kappa50_block_6_results.npy
 create mode 100644 simulations_sphere/results/sphere_samp143_N50_kappa200_block_6_results.npy
 create mode 100644 simulations_sphere/results/sphere_samp143_N50_kappa50_block_6_results.npy
 create mode 100644 simulations_sphere/results/sphere_samp144_N100_kappa200_block_6_results.npy
 create mode 100644 simulations_sphere/results/sphere_samp144_N100_kappa50_block_6_results.npy
 create mode 100644 simulations_sphere/results/sphere_samp144_N200_kappa200_block_6_results.npy
 create mode 100644 simulations_sphere/results/sphere_samp144_N200_kappa50_block_6_results.npy
 create mode 100644 simulations_sphere/results/sphere_samp144_N500_kappa200_block_6_results.npy
 create mode 100644 simulations_sphere/results/sphere_samp144_N500_kappa50_block_6_results.npy
 create mode 100644 simulations_sphere/results/sphere_samp144_N50_kappa200_block_6_results.npy
 create mode 100644 simulations_sphere/results/sphere_samp144_N50_kappa50_block_6_results.npy
 create mode 100644 simulations_sphere/results/sphere_samp145_N100_kappa200_block_6_results.npy
 create mode 100644 simulations_sphere/results/sphere_samp145_N100_kappa50_block_6_results.npy
 create mode 100644 simulations_sphere/results/sphere_samp145_N200_kappa200_block_6_results.npy
 create mode 100644 simulations_sphere/results/sphere_samp145_N200_kappa50_block_6_results.npy
 create mode 100644 simulations_sphere/results/sphere_samp145_N50_kappa200_block_6_results.npy
 create mode 100644 simulations_sphere/results/sphere_samp145_N50_kappa50_block_6_results.npy
 create mode 100644 simulations_sphere/results/sphere_samp146_N100_kappa200_block_6_results.npy
 create mode 100644 simulations_sphere/results/sphere_samp146_N100_kappa50_block_6_results.npy
 create mode 100644 simulations_sphere/results/sphere_samp146_N200_kappa200_block_6_results.npy
 create mode 100644 simulations_sphere/results/sphere_samp146_N200_kappa50_block_6_results.npy
 create mode 100644 simulations_sphere/results/sphere_samp146_N50_kappa200_block_6_results.npy
 create mode 100644 simulations_sphere/results/sphere_samp146_N50_kappa50_block_6_results.npy
 create mode 100644 simulations_sphere/results/sphere_samp147_N100_kappa200_block_6_results.npy
 create mode 100644 simulations_sphere/results/sphere_samp147_N100_kappa50_block_6_results.npy
 create mode 100644 simulations_sphere/results/sphere_samp147_N200_kappa200_block_6_results.npy
 create mode 100644 simulations_sphere/results/sphere_samp147_N200_kappa50_block_6_results.npy
 create mode 100644 simulations_sphere/results/sphere_samp147_N50_kappa200_block_6_results.npy
 create mode 100644 simulations_sphere/results/sphere_samp147_N50_kappa50_block_6_results.npy
 create mode 100644 simulations_sphere/results/sphere_samp148_N100_kappa200_block_6_results.npy
 create mode 100644 simulations_sphere/results/sphere_samp148_N100_kappa50_block_6_results.npy
 create mode 100644 simulations_sphere/results/sphere_samp148_N200_kappa200_block_6_results.npy
 create mode 100644 simulations_sphere/results/sphere_samp148_N200_kappa50_block_6_results.npy
 create mode 100644 simulations_sphere/results/sphere_samp148_N50_kappa200_block_6_results.npy
 create mode 100644 simulations_sphere/results/sphere_samp148_N50_kappa50_block_6_results.npy
 create mode 100644 simulations_sphere/results/sphere_samp149_N100_kappa200_block_6_results.npy
 create mode 100644 simulations_sphere/results/sphere_samp149_N100_kappa50_block_6_results.npy
 create mode 100644 simulations_sphere/results/sphere_samp149_N200_kappa200_block_6_results.npy
 create mode 100644 simulations_sphere/results/sphere_samp149_N200_kappa50_block_6_results.npy
 create mode 100644 simulations_sphere/results/sphere_samp149_N50_kappa200_block_6_results.npy
 create mode 100644 simulations_sphere/results/sphere_samp149_N50_kappa50_block_6_results.npy
 create mode 100644 simulations_sphere/results/sphere_samp150_N100_kappa200_block_6_results.npy
 create mode 100644 simulations_sphere/results/sphere_samp150_N100_kappa50_block_6_results.npy
 create mode 100644 simulations_sphere/results/sphere_samp150_N200_kappa200_block_6_results.npy
 create mode 100644 simulations_sphere/results/sphere_samp150_N200_kappa50_block_6_results.npy
 create mode 100644 simulations_sphere/results/sphere_samp150_N50_kappa200_block_6_results.npy
 create mode 100644 simulations_sphere/results/sphere_samp150_N50_kappa50_block_6_results.npy
 create mode 100644 simulations_sphere/results/sphere_samp151_N100_kappa200_block_7_results.npy
 create mode 100644 simulations_sphere/results/sphere_samp151_N100_kappa50_block_7_results.npy
 create mode 100644 simulations_sphere/results/sphere_samp151_N200_kappa200_block_7_results.npy
 create mode 100644 simulations_sphere/results/sphere_samp151_N200_kappa50_block_7_results.npy
 create mode 100644 simulations_sphere/results/sphere_samp151_N500_kappa200_block_7_results.npy
 create mode 100644 simulations_sphere/results/sphere_samp151_N500_kappa50_block_7_results.npy
 create mode 100644 simulations_sphere/results/sphere_samp151_N50_kappa200_block_7_results.npy
 create mode 100644 simulations_sphere/results/sphere_samp151_N50_kappa50_block_7_results.npy
 create mode 100644 simulations_sphere/results/sphere_samp152_N100_kappa200_block_7_results.npy
 create mode 100644 simulations_sphere/results/sphere_samp152_N100_kappa50_block_7_results.npy
 create mode 100644 simulations_sphere/results/sphere_samp152_N200_kappa200_block_7_results.npy
 create mode 100644 simulations_sphere/results/sphere_samp152_N200_kappa50_block_7_results.npy
 create mode 100644 simulations_sphere/results/sphere_samp152_N500_kappa200_block_7_results.npy
 create mode 100644 simulations_sphere/results/sphere_samp152_N500_kappa50_block_7_results.npy
 create mode 100644 simulations_sphere/results/sphere_samp152_N50_kappa200_block_7_results.npy
 create mode 100644 simulations_sphere/results/sphere_samp152_N50_kappa50_block_7_results.npy
 create mode 100644 simulations_sphere/results/sphere_samp153_N100_kappa200_block_7_results.npy
 create mode 100644 simulations_sphere/results/sphere_samp153_N100_kappa50_block_7_results.npy
 create mode 100644 simulations_sphere/results/sphere_samp153_N200_kappa200_block_7_results.npy
 create mode 100644 simulations_sphere/results/sphere_samp153_N200_kappa50_block_7_results.npy
 create mode 100644 simulations_sphere/results/sphere_samp153_N500_kappa200_block_7_results.npy
 create mode 100644 simulations_sphere/results/sphere_samp153_N500_kappa50_block_7_results.npy
 create mode 100644 simulations_sphere/results/sphere_samp153_N50_kappa200_block_7_results.npy
 create mode 100644 simulations_sphere/results/sphere_samp153_N50_kappa50_block_7_results.npy
 create mode 100644 simulations_sphere/results/sphere_samp154_N100_kappa200_block_7_results.npy
 create mode 100644 simulations_sphere/results/sphere_samp154_N100_kappa50_block_7_results.npy
 create mode 100644 simulations_sphere/results/sphere_samp154_N200_kappa200_block_7_results.npy
 create mode 100644 simulations_sphere/results/sphere_samp154_N200_kappa50_block_7_results.npy
 create mode 100644 simulations_sphere/results/sphere_samp154_N500_kappa200_block_7_results.npy
 create mode 100644 simulations_sphere/results/sphere_samp154_N500_kappa50_block_7_results.npy
 create mode 100644 simulations_sphere/results/sphere_samp154_N50_kappa200_block_7_results.npy
 create mode 100644 simulations_sphere/results/sphere_samp154_N50_kappa50_block_7_results.npy
 create mode 100644 simulations_sphere/results/sphere_samp155_N100_kappa200_block_7_results.npy
 create mode 100644 simulations_sphere/results/sphere_samp155_N100_kappa50_block_7_results.npy
 create mode 100644 simulations_sphere/results/sphere_samp155_N200_kappa200_block_7_results.npy
 create mode 100644 simulations_sphere/results/sphere_samp155_N200_kappa50_block_7_results.npy
 create mode 100644 simulations_sphere/results/sphere_samp155_N500_kappa200_block_7_results.npy
 create mode 100644 simulations_sphere/results/sphere_samp155_N500_kappa50_block_7_results.npy
 create mode 100644 simulations_sphere/results/sphere_samp155_N50_kappa200_block_7_results.npy
 create mode 100644 simulations_sphere/results/sphere_samp155_N50_kappa50_block_7_results.npy
 create mode 100644 simulations_sphere/results/sphere_samp156_N100_kappa200_block_7_results.npy
 create mode 100644 simulations_sphere/results/sphere_samp156_N100_kappa50_block_7_results.npy
 create mode 100644 simulations_sphere/results/sphere_samp156_N200_kappa200_block_7_results.npy
 create mode 100644 simulations_sphere/results/sphere_samp156_N200_kappa50_block_7_results.npy
 create mode 100644 simulations_sphere/results/sphere_samp156_N500_kappa200_block_7_results.npy
 create mode 100644 simulations_sphere/results/sphere_samp156_N500_kappa50_block_7_results.npy
 create mode 100644 simulations_sphere/results/sphere_samp156_N50_kappa200_block_7_results.npy
 create mode 100644 simulations_sphere/results/sphere_samp156_N50_kappa50_block_7_results.npy
 create mode 100644 simulations_sphere/results/sphere_samp157_N100_kappa200_block_7_results.npy
 create mode 100644 simulations_sphere/results/sphere_samp157_N100_kappa50_block_7_results.npy
 create mode 100644 simulations_sphere/results/sphere_samp157_N200_kappa200_block_7_results.npy
 create mode 100644 simulations_sphere/results/sphere_samp157_N200_kappa50_block_7_results.npy
 create mode 100644 simulations_sphere/results/sphere_samp157_N500_kappa200_block_7_results.npy
 create mode 100644 simulations_sphere/results/sphere_samp157_N500_kappa50_block_7_results.npy
 create mode 100644 simulations_sphere/results/sphere_samp157_N50_kappa200_block_7_results.npy
 create mode 100644 simulations_sphere/results/sphere_samp157_N50_kappa50_block_7_results.npy
 create mode 100644 simulations_sphere/results/sphere_samp158_N100_kappa200_block_7_results.npy
 create mode 100644 simulations_sphere/results/sphere_samp158_N100_kappa50_block_7_results.npy
 create mode 100644 simulations_sphere/results/sphere_samp158_N200_kappa200_block_7_results.npy
 create mode 100644 simulations_sphere/results/sphere_samp158_N200_kappa50_block_7_results.npy
 create mode 100644 simulations_sphere/results/sphere_samp158_N500_kappa200_block_7_results.npy
 create mode 100644 simulations_sphere/results/sphere_samp158_N500_kappa50_block_7_results.npy
 create mode 100644 simulations_sphere/results/sphere_samp158_N50_kappa200_block_7_results.npy
 create mode 100644 simulations_sphere/results/sphere_samp158_N50_kappa50_block_7_results.npy
 create mode 100644 simulations_sphere/results/sphere_samp159_N100_kappa200_block_7_results.npy
 create mode 100644 simulations_sphere/results/sphere_samp159_N100_kappa50_block_7_results.npy
 create mode 100644 simulations_sphere/results/sphere_samp159_N200_kappa200_block_7_results.npy
 create mode 100644 simulations_sphere/results/sphere_samp159_N200_kappa50_block_7_results.npy
 create mode 100644 simulations_sphere/results/sphere_samp159_N500_kappa200_block_7_results.npy
 create mode 100644 simulations_sphere/results/sphere_samp159_N500_kappa50_block_7_results.npy
 create mode 100644 simulations_sphere/results/sphere_samp159_N50_kappa200_block_7_results.npy
 create mode 100644 simulations_sphere/results/sphere_samp159_N50_kappa50_block_7_results.npy
 create mode 100644 simulations_sphere/results/sphere_samp160_N100_kappa200_block_7_results.npy
 create mode 100644 simulations_sphere/results/sphere_samp160_N100_kappa50_block_7_results.npy
 create mode 100644 simulations_sphere/results/sphere_samp160_N200_kappa200_block_7_results.npy
 create mode 100644 simulations_sphere/results/sphere_samp160_N200_kappa50_block_7_results.npy
 create mode 100644 simulations_sphere/results/sphere_samp160_N500_kappa200_block_7_results.npy
 create mode 100644 simulations_sphere/results/sphere_samp160_N500_kappa50_block_7_results.npy
 create mode 100644 simulations_sphere/results/sphere_samp160_N50_kappa200_block_7_results.npy
 create mode 100644 simulations_sphere/results/sphere_samp160_N50_kappa50_block_7_results.npy
 create mode 100644 simulations_sphere/results/sphere_samp161_N100_kappa200_block_7_results.npy
 create mode 100644 simulations_sphere/results/sphere_samp161_N100_kappa50_block_7_results.npy
 create mode 100644 simulations_sphere/results/sphere_samp161_N200_kappa200_block_7_results.npy
 create mode 100644 simulations_sphere/results/sphere_samp161_N200_kappa50_block_7_results.npy
 create mode 100644 simulations_sphere/results/sphere_samp161_N500_kappa200_block_7_results.npy
 create mode 100644 simulations_sphere/results/sphere_samp161_N500_kappa50_block_7_results.npy
 create mode 100644 simulations_sphere/results/sphere_samp161_N50_kappa200_block_7_results.npy
 create mode 100644 simulations_sphere/results/sphere_samp161_N50_kappa50_block_7_results.npy
 create mode 100644 simulations_sphere/results/sphere_samp162_N100_kappa200_block_7_results.npy
 create mode 100644 simulations_sphere/results/sphere_samp162_N100_kappa50_block_7_results.npy
 create mode 100644 simulations_sphere/results/sphere_samp162_N200_kappa200_block_7_results.npy
 create mode 100644 simulations_sphere/results/sphere_samp162_N200_kappa50_block_7_results.npy
 create mode 100644 simulations_sphere/results/sphere_samp162_N500_kappa200_block_7_results.npy
 create mode 100644 simulations_sphere/results/sphere_samp162_N500_kappa50_block_7_results.npy
 create mode 100644 simulations_sphere/results/sphere_samp162_N50_kappa200_block_7_results.npy
 create mode 100644 simulations_sphere/results/sphere_samp162_N50_kappa50_block_7_results.npy
 create mode 100644 simulations_sphere/results/sphere_samp163_N100_kappa200_block_7_results.npy
 create mode 100644 simulations_sphere/results/sphere_samp163_N100_kappa50_block_7_results.npy
 create mode 100644 simulations_sphere/results/sphere_samp163_N200_kappa200_block_7_results.npy
 create mode 100644 simulations_sphere/results/sphere_samp163_N200_kappa50_block_7_results.npy
 create mode 100644 simulations_sphere/results/sphere_samp163_N500_kappa200_block_7_results.npy
 create mode 100644 simulations_sphere/results/sphere_samp163_N500_kappa50_block_7_results.npy
 create mode 100644 simulations_sphere/results/sphere_samp163_N50_kappa200_block_7_results.npy
 create mode 100644 simulations_sphere/results/sphere_samp163_N50_kappa50_block_7_results.npy
 create mode 100644 simulations_sphere/results/sphere_samp164_N100_kappa200_block_7_results.npy
 create mode 100644 simulations_sphere/results/sphere_samp164_N100_kappa50_block_7_results.npy
 create mode 100644 simulations_sphere/results/sphere_samp164_N200_kappa200_block_7_results.npy
 create mode 100644 simulations_sphere/results/sphere_samp164_N200_kappa50_block_7_results.npy
 create mode 100644 simulations_sphere/results/sphere_samp164_N500_kappa200_block_7_results.npy
 create mode 100644 simulations_sphere/results/sphere_samp164_N500_kappa50_block_7_results.npy
 create mode 100644 simulations_sphere/results/sphere_samp164_N50_kappa200_block_7_results.npy
 create mode 100644 simulations_sphere/results/sphere_samp164_N50_kappa50_block_7_results.npy
 create mode 100644 simulations_sphere/results/sphere_samp165_N100_kappa200_block_7_results.npy
 create mode 100644 simulations_sphere/results/sphere_samp165_N100_kappa50_block_7_results.npy
 create mode 100644 simulations_sphere/results/sphere_samp165_N200_kappa200_block_7_results.npy
 create mode 100644 simulations_sphere/results/sphere_samp165_N200_kappa50_block_7_results.npy
 create mode 100644 simulations_sphere/results/sphere_samp165_N500_kappa50_block_7_results.npy
 create mode 100644 simulations_sphere/results/sphere_samp165_N50_kappa200_block_7_results.npy
 create mode 100644 simulations_sphere/results/sphere_samp165_N50_kappa50_block_7_results.npy
 create mode 100644 simulations_sphere/results/sphere_samp166_N100_kappa200_block_7_results.npy
 create mode 100644 simulations_sphere/results/sphere_samp166_N100_kappa50_block_7_results.npy
 create mode 100644 simulations_sphere/results/sphere_samp166_N200_kappa200_block_7_results.npy
 create mode 100644 simulations_sphere/results/sphere_samp166_N200_kappa50_block_7_results.npy
 create mode 100644 simulations_sphere/results/sphere_samp166_N50_kappa200_block_7_results.npy
 create mode 100644 simulations_sphere/results/sphere_samp166_N50_kappa50_block_7_results.npy
 create mode 100644 simulations_sphere/results/sphere_samp167_N100_kappa200_block_7_results.npy
 create mode 100644 simulations_sphere/results/sphere_samp167_N100_kappa50_block_7_results.npy
 create mode 100644 simulations_sphere/results/sphere_samp167_N200_kappa200_block_7_results.npy
 create mode 100644 simulations_sphere/results/sphere_samp167_N200_kappa50_block_7_results.npy
 create mode 100644 simulations_sphere/results/sphere_samp167_N50_kappa200_block_7_results.npy
 create mode 100644 simulations_sphere/results/sphere_samp167_N50_kappa50_block_7_results.npy
 create mode 100644 simulations_sphere/results/sphere_samp168_N100_kappa200_block_7_results.npy
 create mode 100644 simulations_sphere/results/sphere_samp168_N100_kappa50_block_7_results.npy
 create mode 100644 simulations_sphere/results/sphere_samp168_N200_kappa200_block_7_results.npy
 create mode 100644 simulations_sphere/results/sphere_samp168_N200_kappa50_block_7_results.npy
 create mode 100644 simulations_sphere/results/sphere_samp168_N50_kappa200_block_7_results.npy
 create mode 100644 simulations_sphere/results/sphere_samp168_N50_kappa50_block_7_results.npy
 create mode 100644 simulations_sphere/results/sphere_samp169_N100_kappa200_block_7_results.npy
 create mode 100644 simulations_sphere/results/sphere_samp169_N100_kappa50_block_7_results.npy
 create mode 100644 simulations_sphere/results/sphere_samp169_N200_kappa200_block_7_results.npy
 create mode 100644 simulations_sphere/results/sphere_samp169_N200_kappa50_block_7_results.npy
 create mode 100644 simulations_sphere/results/sphere_samp169_N50_kappa200_block_7_results.npy
 create mode 100644 simulations_sphere/results/sphere_samp169_N50_kappa50_block_7_results.npy
 create mode 100644 simulations_sphere/results/sphere_samp170_N100_kappa200_block_7_results.npy
 create mode 100644 simulations_sphere/results/sphere_samp170_N100_kappa50_block_7_results.npy
 create mode 100644 simulations_sphere/results/sphere_samp170_N200_kappa200_block_7_results.npy
 create mode 100644 simulations_sphere/results/sphere_samp170_N200_kappa50_block_7_results.npy
 create mode 100644 simulations_sphere/results/sphere_samp170_N50_kappa200_block_7_results.npy
 create mode 100644 simulations_sphere/results/sphere_samp170_N50_kappa50_block_7_results.npy
 create mode 100644 simulations_sphere/results/sphere_samp171_N100_kappa200_block_7_results.npy
 create mode 100644 simulations_sphere/results/sphere_samp171_N100_kappa50_block_7_results.npy
 create mode 100644 simulations_sphere/results/sphere_samp171_N200_kappa200_block_7_results.npy
 create mode 100644 simulations_sphere/results/sphere_samp171_N200_kappa50_block_7_results.npy
 create mode 100644 simulations_sphere/results/sphere_samp171_N50_kappa200_block_7_results.npy
 create mode 100644 simulations_sphere/results/sphere_samp171_N50_kappa50_block_7_results.npy
 create mode 100644 simulations_sphere/results/sphere_samp172_N100_kappa200_block_7_results.npy
 create mode 100644 simulations_sphere/results/sphere_samp172_N100_kappa50_block_7_results.npy
 create mode 100644 simulations_sphere/results/sphere_samp172_N200_kappa200_block_7_results.npy
 create mode 100644 simulations_sphere/results/sphere_samp172_N50_kappa200_block_7_results.npy
 create mode 100644 simulations_sphere/results/sphere_samp172_N50_kappa50_block_7_results.npy
 create mode 100644 simulations_sphere/results/sphere_samp173_N100_kappa200_block_7_results.npy
 create mode 100644 simulations_sphere/results/sphere_samp173_N100_kappa50_block_7_results.npy
 create mode 100644 simulations_sphere/results/sphere_samp173_N50_kappa200_block_7_results.npy
 create mode 100644 simulations_sphere/results/sphere_samp173_N50_kappa50_block_7_results.npy
 create mode 100644 simulations_sphere/results/sphere_samp174_N100_kappa200_block_7_results.npy
 create mode 100644 simulations_sphere/results/sphere_samp174_N50_kappa200_block_7_results.npy
 create mode 100644 simulations_sphere/results/sphere_samp174_N50_kappa50_block_7_results.npy
 create mode 100644 simulations_sphere/results/sphere_samp175_N50_kappa200_block_7_results.npy
 create mode 100644 simulations_sphere/results/sphere_samp175_N50_kappa50_block_7_results.npy
 create mode 100644 simulations_sphere/results/sphere_samp176_N100_kappa200_block_8_results.npy
 create mode 100644 simulations_sphere/results/sphere_samp176_N100_kappa50_block_8_results.npy
 create mode 100644 simulations_sphere/results/sphere_samp176_N200_kappa200_block_8_results.npy
 create mode 100644 simulations_sphere/results/sphere_samp176_N200_kappa50_block_8_results.npy
 create mode 100644 simulations_sphere/results/sphere_samp176_N500_kappa200_block_8_results.npy
 create mode 100644 simulations_sphere/results/sphere_samp176_N500_kappa50_block_8_results.npy
 create mode 100644 simulations_sphere/results/sphere_samp176_N50_kappa200_block_8_results.npy
 create mode 100644 simulations_sphere/results/sphere_samp176_N50_kappa50_block_8_results.npy
 create mode 100644 simulations_sphere/results/sphere_samp177_N100_kappa200_block_8_results.npy
 create mode 100644 simulations_sphere/results/sphere_samp177_N100_kappa50_block_8_results.npy
 create mode 100644 simulations_sphere/results/sphere_samp177_N200_kappa200_block_8_results.npy
 create mode 100644 simulations_sphere/results/sphere_samp177_N200_kappa50_block_8_results.npy
 create mode 100644 simulations_sphere/results/sphere_samp177_N500_kappa200_block_8_results.npy
 create mode 100644 simulations_sphere/results/sphere_samp177_N500_kappa50_block_8_results.npy
 create mode 100644 simulations_sphere/results/sphere_samp177_N50_kappa200_block_8_results.npy
 create mode 100644 simulations_sphere/results/sphere_samp177_N50_kappa50_block_8_results.npy
 create mode 100644 simulations_sphere/results/sphere_samp178_N100_kappa200_block_8_results.npy
 create mode 100644 simulations_sphere/results/sphere_samp178_N100_kappa50_block_8_results.npy
 create mode 100644 simulations_sphere/results/sphere_samp178_N200_kappa200_block_8_results.npy
 create mode 100644 simulations_sphere/results/sphere_samp178_N200_kappa50_block_8_results.npy
 create mode 100644 simulations_sphere/results/sphere_samp178_N500_kappa200_block_8_results.npy
 create mode 100644 simulations_sphere/results/sphere_samp178_N500_kappa50_block_8_results.npy
 create mode 100644 simulations_sphere/results/sphere_samp178_N50_kappa200_block_8_results.npy
 create mode 100644 simulations_sphere/results/sphere_samp178_N50_kappa50_block_8_results.npy
 create mode 100644 simulations_sphere/results/sphere_samp179_N100_kappa200_block_8_results.npy
 create mode 100644 simulations_sphere/results/sphere_samp179_N100_kappa50_block_8_results.npy
 create mode 100644 simulations_sphere/results/sphere_samp179_N200_kappa200_block_8_results.npy
 create mode 100644 simulations_sphere/results/sphere_samp179_N200_kappa50_block_8_results.npy
 create mode 100644 simulations_sphere/results/sphere_samp179_N500_kappa200_block_8_results.npy
 create mode 100644 simulations_sphere/results/sphere_samp179_N500_kappa50_block_8_results.npy
 create mode 100644 simulations_sphere/results/sphere_samp179_N50_kappa200_block_8_results.npy
 create mode 100644 simulations_sphere/results/sphere_samp179_N50_kappa50_block_8_results.npy
 create mode 100644 simulations_sphere/results/sphere_samp180_N100_kappa200_block_8_results.npy
 create mode 100644 simulations_sphere/results/sphere_samp180_N100_kappa50_block_8_results.npy
 create mode 100644 simulations_sphere/results/sphere_samp180_N200_kappa200_block_8_results.npy
 create mode 100644 simulations_sphere/results/sphere_samp180_N200_kappa50_block_8_results.npy
 create mode 100644 simulations_sphere/results/sphere_samp180_N500_kappa200_block_8_results.npy
 create mode 100644 simulations_sphere/results/sphere_samp180_N500_kappa50_block_8_results.npy
 create mode 100644 simulations_sphere/results/sphere_samp180_N50_kappa200_block_8_results.npy
 create mode 100644 simulations_sphere/results/sphere_samp180_N50_kappa50_block_8_results.npy
 create mode 100644 simulations_sphere/results/sphere_samp181_N100_kappa200_block_8_results.npy
 create mode 100644 simulations_sphere/results/sphere_samp181_N100_kappa50_block_8_results.npy
 create mode 100644 simulations_sphere/results/sphere_samp181_N200_kappa200_block_8_results.npy
 create mode 100644 simulations_sphere/results/sphere_samp181_N200_kappa50_block_8_results.npy
 create mode 100644 simulations_sphere/results/sphere_samp181_N500_kappa200_block_8_results.npy
 create mode 100644 simulations_sphere/results/sphere_samp181_N500_kappa50_block_8_results.npy
 create mode 100644 simulations_sphere/results/sphere_samp181_N50_kappa200_block_8_results.npy
 create mode 100644 simulations_sphere/results/sphere_samp181_N50_kappa50_block_8_results.npy
 create mode 100644 simulations_sphere/results/sphere_samp182_N100_kappa200_block_8_results.npy
 create mode 100644 simulations_sphere/results/sphere_samp182_N100_kappa50_block_8_results.npy
 create mode 100644 simulations_sphere/results/sphere_samp182_N200_kappa200_block_8_results.npy
 create mode 100644 simulations_sphere/results/sphere_samp182_N200_kappa50_block_8_results.npy
 create mode 100644 simulations_sphere/results/sphere_samp182_N500_kappa200_block_8_results.npy
 create mode 100644 simulations_sphere/results/sphere_samp182_N500_kappa50_block_8_results.npy
 create mode 100644 simulations_sphere/results/sphere_samp182_N50_kappa200_block_8_results.npy
 create mode 100644 simulations_sphere/results/sphere_samp182_N50_kappa50_block_8_results.npy
 create mode 100644 simulations_sphere/results/sphere_samp183_N100_kappa200_block_8_results.npy
 create mode 100644 simulations_sphere/results/sphere_samp183_N100_kappa50_block_8_results.npy
 create mode 100644 simulations_sphere/results/sphere_samp183_N200_kappa200_block_8_results.npy
 create mode 100644 simulations_sphere/results/sphere_samp183_N200_kappa50_block_8_results.npy
 create mode 100644 simulations_sphere/results/sphere_samp183_N500_kappa200_block_8_results.npy
 create mode 100644 simulations_sphere/results/sphere_samp183_N500_kappa50_block_8_results.npy
 create mode 100644 simulations_sphere/results/sphere_samp183_N50_kappa200_block_8_results.npy
 create mode 100644 simulations_sphere/results/sphere_samp183_N50_kappa50_block_8_results.npy
 create mode 100644 simulations_sphere/results/sphere_samp184_N100_kappa200_block_8_results.npy
 create mode 100644 simulations_sphere/results/sphere_samp184_N100_kappa50_block_8_results.npy
 create mode 100644 simulations_sphere/results/sphere_samp184_N200_kappa200_block_8_results.npy
 create mode 100644 simulations_sphere/results/sphere_samp184_N200_kappa50_block_8_results.npy
 create mode 100644 simulations_sphere/results/sphere_samp184_N500_kappa200_block_8_results.npy
 create mode 100644 simulations_sphere/results/sphere_samp184_N500_kappa50_block_8_results.npy
 create mode 100644 simulations_sphere/results/sphere_samp184_N50_kappa200_block_8_results.npy
 create mode 100644 simulations_sphere/results/sphere_samp184_N50_kappa50_block_8_results.npy
 create mode 100644 simulations_sphere/results/sphere_samp185_N100_kappa200_block_8_results.npy
 create mode 100644 simulations_sphere/results/sphere_samp185_N100_kappa50_block_8_results.npy
 create mode 100644 simulations_sphere/results/sphere_samp185_N200_kappa200_block_8_results.npy
 create mode 100644 simulations_sphere/results/sphere_samp185_N200_kappa50_block_8_results.npy
 create mode 100644 simulations_sphere/results/sphere_samp185_N500_kappa200_block_8_results.npy
 create mode 100644 simulations_sphere/results/sphere_samp185_N500_kappa50_block_8_results.npy
 create mode 100644 simulations_sphere/results/sphere_samp185_N50_kappa200_block_8_results.npy
 create mode 100644 simulations_sphere/results/sphere_samp185_N50_kappa50_block_8_results.npy
 create mode 100644 simulations_sphere/results/sphere_samp186_N100_kappa200_block_8_results.npy
 create mode 100644 simulations_sphere/results/sphere_samp186_N100_kappa50_block_8_results.npy
 create mode 100644 simulations_sphere/results/sphere_samp186_N200_kappa200_block_8_results.npy
 create mode 100644 simulations_sphere/results/sphere_samp186_N200_kappa50_block_8_results.npy
 create mode 100644 simulations_sphere/results/sphere_samp186_N500_kappa200_block_8_results.npy
 create mode 100644 simulations_sphere/results/sphere_samp186_N500_kappa50_block_8_results.npy
 create mode 100644 simulations_sphere/results/sphere_samp186_N50_kappa200_block_8_results.npy
 create mode 100644 simulations_sphere/results/sphere_samp186_N50_kappa50_block_8_results.npy
 create mode 100644 simulations_sphere/results/sphere_samp187_N100_kappa200_block_8_results.npy
 create mode 100644 simulations_sphere/results/sphere_samp187_N100_kappa50_block_8_results.npy
 create mode 100644 simulations_sphere/results/sphere_samp187_N200_kappa200_block_8_results.npy
 create mode 100644 simulations_sphere/results/sphere_samp187_N200_kappa50_block_8_results.npy
 create mode 100644 simulations_sphere/results/sphere_samp187_N500_kappa200_block_8_results.npy
 create mode 100644 simulations_sphere/results/sphere_samp187_N500_kappa50_block_8_results.npy
 create mode 100644 simulations_sphere/results/sphere_samp187_N50_kappa200_block_8_results.npy
 create mode 100644 simulations_sphere/results/sphere_samp187_N50_kappa50_block_8_results.npy
 create mode 100644 simulations_sphere/results/sphere_samp188_N100_kappa200_block_8_results.npy
 create mode 100644 simulations_sphere/results/sphere_samp188_N100_kappa50_block_8_results.npy
 create mode 100644 simulations_sphere/results/sphere_samp188_N200_kappa200_block_8_results.npy
 create mode 100644 simulations_sphere/results/sphere_samp188_N200_kappa50_block_8_results.npy
 create mode 100644 simulations_sphere/results/sphere_samp188_N500_kappa200_block_8_results.npy
 create mode 100644 simulations_sphere/results/sphere_samp188_N500_kappa50_block_8_results.npy
 create mode 100644 simulations_sphere/results/sphere_samp188_N50_kappa200_block_8_results.npy
 create mode 100644 simulations_sphere/results/sphere_samp188_N50_kappa50_block_8_results.npy
 create mode 100644 simulations_sphere/results/sphere_samp189_N100_kappa200_block_8_results.npy
 create mode 100644 simulations_sphere/results/sphere_samp189_N100_kappa50_block_8_results.npy
 create mode 100644 simulations_sphere/results/sphere_samp189_N200_kappa200_block_8_results.npy
 create mode 100644 simulations_sphere/results/sphere_samp189_N200_kappa50_block_8_results.npy
 create mode 100644 simulations_sphere/results/sphere_samp189_N500_kappa200_block_8_results.npy
 create mode 100644 simulations_sphere/results/sphere_samp189_N500_kappa50_block_8_results.npy
 create mode 100644 simulations_sphere/results/sphere_samp189_N50_kappa200_block_8_results.npy
 create mode 100644 simulations_sphere/results/sphere_samp189_N50_kappa50_block_8_results.npy
 rewrite simulations_sphere/results/sphere_samp18_N100_kappa200_block_1_results.npy (64%)
 create mode 100644 simulations_sphere/results/sphere_samp190_N100_kappa200_block_8_results.npy
 create mode 100644 simulations_sphere/results/sphere_samp190_N100_kappa50_block_8_results.npy
 create mode 100644 simulations_sphere/results/sphere_samp190_N200_kappa200_block_8_results.npy
 create mode 100644 simulations_sphere/results/sphere_samp190_N200_kappa50_block_8_results.npy
 create mode 100644 simulations_sphere/results/sphere_samp190_N500_kappa200_block_8_results.npy
 create mode 100644 simulations_sphere/results/sphere_samp190_N500_kappa50_block_8_results.npy
 create mode 100644 simulations_sphere/results/sphere_samp190_N50_kappa200_block_8_results.npy
 create mode 100644 simulations_sphere/results/sphere_samp190_N50_kappa50_block_8_results.npy
 create mode 100644 simulations_sphere/results/sphere_samp191_N100_kappa200_block_8_results.npy
 create mode 100644 simulations_sphere/results/sphere_samp191_N100_kappa50_block_8_results.npy
 create mode 100644 simulations_sphere/results/sphere_samp191_N200_kappa200_block_8_results.npy
 create mode 100644 simulations_sphere/results/sphere_samp191_N200_kappa50_block_8_results.npy
 create mode 100644 simulations_sphere/results/sphere_samp191_N500_kappa200_block_8_results.npy
 create mode 100644 simulations_sphere/results/sphere_samp191_N500_kappa50_block_8_results.npy
 create mode 100644 simulations_sphere/results/sphere_samp191_N50_kappa200_block_8_results.npy
 create mode 100644 simulations_sphere/results/sphere_samp191_N50_kappa50_block_8_results.npy
 create mode 100644 simulations_sphere/results/sphere_samp192_N100_kappa200_block_8_results.npy
 create mode 100644 simulations_sphere/results/sphere_samp192_N100_kappa50_block_8_results.npy
 create mode 100644 simulations_sphere/results/sphere_samp192_N200_kappa200_block_8_results.npy
 create mode 100644 simulations_sphere/results/sphere_samp192_N200_kappa50_block_8_results.npy
 create mode 100644 simulations_sphere/results/sphere_samp192_N500_kappa200_block_8_results.npy
 create mode 100644 simulations_sphere/results/sphere_samp192_N500_kappa50_block_8_results.npy
 create mode 100644 simulations_sphere/results/sphere_samp192_N50_kappa200_block_8_results.npy
 create mode 100644 simulations_sphere/results/sphere_samp192_N50_kappa50_block_8_results.npy
 create mode 100644 simulations_sphere/results/sphere_samp193_N100_kappa200_block_8_results.npy
 create mode 100644 simulations_sphere/results/sphere_samp193_N100_kappa50_block_8_results.npy
 create mode 100644 simulations_sphere/results/sphere_samp193_N200_kappa200_block_8_results.npy
 create mode 100644 simulations_sphere/results/sphere_samp193_N200_kappa50_block_8_results.npy
 create mode 100644 simulations_sphere/results/sphere_samp193_N50_kappa200_block_8_results.npy
 create mode 100644 simulations_sphere/results/sphere_samp193_N50_kappa50_block_8_results.npy
 create mode 100644 simulations_sphere/results/sphere_samp194_N100_kappa200_block_8_results.npy
 create mode 100644 simulations_sphere/results/sphere_samp194_N100_kappa50_block_8_results.npy
 create mode 100644 simulations_sphere/results/sphere_samp194_N200_kappa200_block_8_results.npy
 create mode 100644 simulations_sphere/results/sphere_samp194_N200_kappa50_block_8_results.npy
 create mode 100644 simulations_sphere/results/sphere_samp194_N50_kappa200_block_8_results.npy
 create mode 100644 simulations_sphere/results/sphere_samp194_N50_kappa50_block_8_results.npy
 create mode 100644 simulations_sphere/results/sphere_samp195_N100_kappa200_block_8_results.npy
 create mode 100644 simulations_sphere/results/sphere_samp195_N100_kappa50_block_8_results.npy
 create mode 100644 simulations_sphere/results/sphere_samp195_N200_kappa200_block_8_results.npy
 create mode 100644 simulations_sphere/results/sphere_samp195_N200_kappa50_block_8_results.npy
 create mode 100644 simulations_sphere/results/sphere_samp195_N50_kappa200_block_8_results.npy
 create mode 100644 simulations_sphere/results/sphere_samp195_N50_kappa50_block_8_results.npy
 create mode 100644 simulations_sphere/results/sphere_samp196_N100_kappa200_block_8_results.npy
 create mode 100644 simulations_sphere/results/sphere_samp196_N100_kappa50_block_8_results.npy
 create mode 100644 simulations_sphere/results/sphere_samp196_N200_kappa200_block_8_results.npy
 create mode 100644 simulations_sphere/results/sphere_samp196_N200_kappa50_block_8_results.npy
 create mode 100644 simulations_sphere/results/sphere_samp196_N50_kappa200_block_8_results.npy
 create mode 100644 simulations_sphere/results/sphere_samp196_N50_kappa50_block_8_results.npy
 create mode 100644 simulations_sphere/results/sphere_samp197_N100_kappa200_block_8_results.npy
 create mode 100644 simulations_sphere/results/sphere_samp197_N100_kappa50_block_8_results.npy
 create mode 100644 simulations_sphere/results/sphere_samp197_N200_kappa200_block_8_results.npy
 create mode 100644 simulations_sphere/results/sphere_samp197_N200_kappa50_block_8_results.npy
 create mode 100644 simulations_sphere/results/sphere_samp197_N50_kappa200_block_8_results.npy
 create mode 100644 simulations_sphere/results/sphere_samp197_N50_kappa50_block_8_results.npy
 create mode 100644 simulations_sphere/results/sphere_samp198_N100_kappa200_block_8_results.npy
 create mode 100644 simulations_sphere/results/sphere_samp198_N100_kappa50_block_8_results.npy
 create mode 100644 simulations_sphere/results/sphere_samp198_N200_kappa200_block_8_results.npy
 create mode 100644 simulations_sphere/results/sphere_samp198_N200_kappa50_block_8_results.npy
 create mode 100644 simulations_sphere/results/sphere_samp198_N50_kappa200_block_8_results.npy
 create mode 100644 simulations_sphere/results/sphere_samp198_N50_kappa50_block_8_results.npy
 create mode 100644 simulations_sphere/results/sphere_samp199_N100_kappa200_block_8_results.npy
 create mode 100644 simulations_sphere/results/sphere_samp199_N100_kappa50_block_8_results.npy
 create mode 100644 simulations_sphere/results/sphere_samp199_N50_kappa200_block_8_results.npy
 create mode 100644 simulations_sphere/results/sphere_samp199_N50_kappa50_block_8_results.npy
 rewrite simulations_sphere/results/sphere_samp19_N50_kappa200_block_1_results.npy (62%)
 create mode 100644 simulations_sphere/results/sphere_samp200_N100_kappa200_block_8_results.npy
 create mode 100644 simulations_sphere/results/sphere_samp200_N100_kappa50_block_8_results.npy
 create mode 100644 simulations_sphere/results/sphere_samp200_N50_kappa200_block_8_results.npy
 create mode 100644 simulations_sphere/results/sphere_samp200_N50_kappa50_block_8_results.npy
 create mode 100644 simulations_sphere/results/sphere_samp201_N100_kappa200_block_9_results.npy
 create mode 100644 simulations_sphere/results/sphere_samp201_N100_kappa50_block_9_results.npy
 create mode 100644 simulations_sphere/results/sphere_samp201_N200_kappa200_block_9_results.npy
 create mode 100644 simulations_sphere/results/sphere_samp201_N200_kappa50_block_9_results.npy
 create mode 100644 simulations_sphere/results/sphere_samp201_N500_kappa200_block_9_results.npy
 create mode 100644 simulations_sphere/results/sphere_samp201_N500_kappa50_block_9_results.npy
 create mode 100644 simulations_sphere/results/sphere_samp201_N50_kappa200_block_9_results.npy
 create mode 100644 simulations_sphere/results/sphere_samp201_N50_kappa50_block_9_results.npy
 create mode 100644 simulations_sphere/results/sphere_samp202_N100_kappa200_block_9_results.npy
 create mode 100644 simulations_sphere/results/sphere_samp202_N100_kappa50_block_9_results.npy
 create mode 100644 simulations_sphere/results/sphere_samp202_N200_kappa200_block_9_results.npy
 create mode 100644 simulations_sphere/results/sphere_samp202_N200_kappa50_block_9_results.npy
 create mode 100644 simulations_sphere/results/sphere_samp202_N500_kappa200_block_9_results.npy
 create mode 100644 simulations_sphere/results/sphere_samp202_N500_kappa50_block_9_results.npy
 create mode 100644 simulations_sphere/results/sphere_samp202_N50_kappa200_block_9_results.npy
 create mode 100644 simulations_sphere/results/sphere_samp202_N50_kappa50_block_9_results.npy
 create mode 100644 simulations_sphere/results/sphere_samp203_N100_kappa200_block_9_results.npy
 create mode 100644 simulations_sphere/results/sphere_samp203_N100_kappa50_block_9_results.npy
 create mode 100644 simulations_sphere/results/sphere_samp203_N200_kappa200_block_9_results.npy
 create mode 100644 simulations_sphere/results/sphere_samp203_N200_kappa50_block_9_results.npy
 create mode 100644 simulations_sphere/results/sphere_samp203_N500_kappa200_block_9_results.npy
 create mode 100644 simulations_sphere/results/sphere_samp203_N500_kappa50_block_9_results.npy
 create mode 100644 simulations_sphere/results/sphere_samp203_N50_kappa200_block_9_results.npy
 create mode 100644 simulations_sphere/results/sphere_samp203_N50_kappa50_block_9_results.npy
 create mode 100644 simulations_sphere/results/sphere_samp204_N100_kappa200_block_9_results.npy
 create mode 100644 simulations_sphere/results/sphere_samp204_N100_kappa50_block_9_results.npy
 create mode 100644 simulations_sphere/results/sphere_samp204_N200_kappa200_block_9_results.npy
 create mode 100644 simulations_sphere/results/sphere_samp204_N200_kappa50_block_9_results.npy
 create mode 100644 simulations_sphere/results/sphere_samp204_N500_kappa200_block_9_results.npy
 create mode 100644 simulations_sphere/results/sphere_samp204_N500_kappa50_block_9_results.npy
 create mode 100644 simulations_sphere/results/sphere_samp204_N50_kappa200_block_9_results.npy
 create mode 100644 simulations_sphere/results/sphere_samp204_N50_kappa50_block_9_results.npy
 create mode 100644 simulations_sphere/results/sphere_samp205_N100_kappa200_block_9_results.npy
 create mode 100644 simulations_sphere/results/sphere_samp205_N100_kappa50_block_9_results.npy
 create mode 100644 simulations_sphere/results/sphere_samp205_N200_kappa200_block_9_results.npy
 create mode 100644 simulations_sphere/results/sphere_samp205_N200_kappa50_block_9_results.npy
 create mode 100644 simulations_sphere/results/sphere_samp205_N500_kappa200_block_9_results.npy
 create mode 100644 simulations_sphere/results/sphere_samp205_N500_kappa50_block_9_results.npy
 create mode 100644 simulations_sphere/results/sphere_samp205_N50_kappa200_block_9_results.npy
 create mode 100644 simulations_sphere/results/sphere_samp205_N50_kappa50_block_9_results.npy
 create mode 100644 simulations_sphere/results/sphere_samp206_N100_kappa200_block_9_results.npy
 create mode 100644 simulations_sphere/results/sphere_samp206_N100_kappa50_block_9_results.npy
 create mode 100644 simulations_sphere/results/sphere_samp206_N200_kappa200_block_9_results.npy
 create mode 100644 simulations_sphere/results/sphere_samp206_N200_kappa50_block_9_results.npy
 create mode 100644 simulations_sphere/results/sphere_samp206_N500_kappa200_block_9_results.npy
 create mode 100644 simulations_sphere/results/sphere_samp206_N500_kappa50_block_9_results.npy
 create mode 100644 simulations_sphere/results/sphere_samp206_N50_kappa200_block_9_results.npy
 create mode 100644 simulations_sphere/results/sphere_samp206_N50_kappa50_block_9_results.npy
 create mode 100644 simulations_sphere/results/sphere_samp207_N100_kappa200_block_9_results.npy
 create mode 100644 simulations_sphere/results/sphere_samp207_N100_kappa50_block_9_results.npy
 create mode 100644 simulations_sphere/results/sphere_samp207_N200_kappa200_block_9_results.npy
 create mode 100644 simulations_sphere/results/sphere_samp207_N200_kappa50_block_9_results.npy
 create mode 100644 simulations_sphere/results/sphere_samp207_N500_kappa200_block_9_results.npy
 create mode 100644 simulations_sphere/results/sphere_samp207_N500_kappa50_block_9_results.npy
 create mode 100644 simulations_sphere/results/sphere_samp207_N50_kappa200_block_9_results.npy
 create mode 100644 simulations_sphere/results/sphere_samp207_N50_kappa50_block_9_results.npy
 create mode 100644 simulations_sphere/results/sphere_samp208_N100_kappa200_block_9_results.npy
 create mode 100644 simulations_sphere/results/sphere_samp208_N100_kappa50_block_9_results.npy
 create mode 100644 simulations_sphere/results/sphere_samp208_N200_kappa200_block_9_results.npy
 create mode 100644 simulations_sphere/results/sphere_samp208_N200_kappa50_block_9_results.npy
 create mode 100644 simulations_sphere/results/sphere_samp208_N500_kappa200_block_9_results.npy
 create mode 100644 simulations_sphere/results/sphere_samp208_N500_kappa50_block_9_results.npy
 create mode 100644 simulations_sphere/results/sphere_samp208_N50_kappa200_block_9_results.npy
 create mode 100644 simulations_sphere/results/sphere_samp208_N50_kappa50_block_9_results.npy
 create mode 100644 simulations_sphere/results/sphere_samp209_N100_kappa200_block_9_results.npy
 create mode 100644 simulations_sphere/results/sphere_samp209_N100_kappa50_block_9_results.npy
 create mode 100644 simulations_sphere/results/sphere_samp209_N200_kappa200_block_9_results.npy
 create mode 100644 simulations_sphere/results/sphere_samp209_N200_kappa50_block_9_results.npy
 create mode 100644 simulations_sphere/results/sphere_samp209_N500_kappa200_block_9_results.npy
 create mode 100644 simulations_sphere/results/sphere_samp209_N500_kappa50_block_9_results.npy
 create mode 100644 simulations_sphere/results/sphere_samp209_N50_kappa200_block_9_results.npy
 create mode 100644 simulations_sphere/results/sphere_samp209_N50_kappa50_block_9_results.npy
 create mode 100644 simulations_sphere/results/sphere_samp210_N100_kappa200_block_9_results.npy
 create mode 100644 simulations_sphere/results/sphere_samp210_N100_kappa50_block_9_results.npy
 create mode 100644 simulations_sphere/results/sphere_samp210_N200_kappa200_block_9_results.npy
 create mode 100644 simulations_sphere/results/sphere_samp210_N200_kappa50_block_9_results.npy
 create mode 100644 simulations_sphere/results/sphere_samp210_N500_kappa200_block_9_results.npy
 create mode 100644 simulations_sphere/results/sphere_samp210_N500_kappa50_block_9_results.npy
 create mode 100644 simulations_sphere/results/sphere_samp210_N50_kappa200_block_9_results.npy
 create mode 100644 simulations_sphere/results/sphere_samp210_N50_kappa50_block_9_results.npy
 create mode 100644 simulations_sphere/results/sphere_samp211_N100_kappa200_block_9_results.npy
 create mode 100644 simulations_sphere/results/sphere_samp211_N100_kappa50_block_9_results.npy
 create mode 100644 simulations_sphere/results/sphere_samp211_N200_kappa200_block_9_results.npy
 create mode 100644 simulations_sphere/results/sphere_samp211_N200_kappa50_block_9_results.npy
 create mode 100644 simulations_sphere/results/sphere_samp211_N500_kappa200_block_9_results.npy
 create mode 100644 simulations_sphere/results/sphere_samp211_N500_kappa50_block_9_results.npy
 create mode 100644 simulations_sphere/results/sphere_samp211_N50_kappa200_block_9_results.npy
 create mode 100644 simulations_sphere/results/sphere_samp211_N50_kappa50_block_9_results.npy
 create mode 100644 simulations_sphere/results/sphere_samp212_N100_kappa200_block_9_results.npy
 create mode 100644 simulations_sphere/results/sphere_samp212_N100_kappa50_block_9_results.npy
 create mode 100644 simulations_sphere/results/sphere_samp212_N200_kappa200_block_9_results.npy
 create mode 100644 simulations_sphere/results/sphere_samp212_N200_kappa50_block_9_results.npy
 create mode 100644 simulations_sphere/results/sphere_samp212_N500_kappa200_block_9_results.npy
 create mode 100644 simulations_sphere/results/sphere_samp212_N500_kappa50_block_9_results.npy
 create mode 100644 simulations_sphere/results/sphere_samp212_N50_kappa200_block_9_results.npy
 create mode 100644 simulations_sphere/results/sphere_samp212_N50_kappa50_block_9_results.npy
 create mode 100644 simulations_sphere/results/sphere_samp213_N100_kappa200_block_9_results.npy
 create mode 100644 simulations_sphere/results/sphere_samp213_N100_kappa50_block_9_results.npy
 create mode 100644 simulations_sphere/results/sphere_samp213_N200_kappa200_block_9_results.npy
 create mode 100644 simulations_sphere/results/sphere_samp213_N200_kappa50_block_9_results.npy
 create mode 100644 simulations_sphere/results/sphere_samp213_N500_kappa200_block_9_results.npy
 create mode 100644 simulations_sphere/results/sphere_samp213_N500_kappa50_block_9_results.npy
 create mode 100644 simulations_sphere/results/sphere_samp213_N50_kappa200_block_9_results.npy
 create mode 100644 simulations_sphere/results/sphere_samp213_N50_kappa50_block_9_results.npy
 create mode 100644 simulations_sphere/results/sphere_samp214_N100_kappa200_block_9_results.npy
 create mode 100644 simulations_sphere/results/sphere_samp214_N100_kappa50_block_9_results.npy
 create mode 100644 simulations_sphere/results/sphere_samp214_N200_kappa200_block_9_results.npy
 create mode 100644 simulations_sphere/results/sphere_samp214_N200_kappa50_block_9_results.npy
 create mode 100644 simulations_sphere/results/sphere_samp214_N500_kappa200_block_9_results.npy
 create mode 100644 simulations_sphere/results/sphere_samp214_N500_kappa50_block_9_results.npy
 create mode 100644 simulations_sphere/results/sphere_samp214_N50_kappa200_block_9_results.npy
 create mode 100644 simulations_sphere/results/sphere_samp214_N50_kappa50_block_9_results.npy
 create mode 100644 simulations_sphere/results/sphere_samp215_N100_kappa200_block_9_results.npy
 create mode 100644 simulations_sphere/results/sphere_samp215_N100_kappa50_block_9_results.npy
 create mode 100644 simulations_sphere/results/sphere_samp215_N200_kappa200_block_9_results.npy
 create mode 100644 simulations_sphere/results/sphere_samp215_N200_kappa50_block_9_results.npy
 create mode 100644 simulations_sphere/results/sphere_samp215_N500_kappa200_block_9_results.npy
 create mode 100644 simulations_sphere/results/sphere_samp215_N500_kappa50_block_9_results.npy
 create mode 100644 simulations_sphere/results/sphere_samp215_N50_kappa200_block_9_results.npy
 create mode 100644 simulations_sphere/results/sphere_samp215_N50_kappa50_block_9_results.npy
 create mode 100644 simulations_sphere/results/sphere_samp216_N100_kappa200_block_9_results.npy
 create mode 100644 simulations_sphere/results/sphere_samp216_N100_kappa50_block_9_results.npy
 create mode 100644 simulations_sphere/results/sphere_samp216_N200_kappa200_block_9_results.npy
 create mode 100644 simulations_sphere/results/sphere_samp216_N200_kappa50_block_9_results.npy
 create mode 100644 simulations_sphere/results/sphere_samp216_N500_kappa200_block_9_results.npy
 create mode 100644 simulations_sphere/results/sphere_samp216_N500_kappa50_block_9_results.npy
 create mode 100644 simulations_sphere/results/sphere_samp216_N50_kappa200_block_9_results.npy
 create mode 100644 simulations_sphere/results/sphere_samp216_N50_kappa50_block_9_results.npy
 create mode 100644 simulations_sphere/results/sphere_samp217_N100_kappa200_block_9_results.npy
 create mode 100644 simulations_sphere/results/sphere_samp217_N100_kappa50_block_9_results.npy
 create mode 100644 simulations_sphere/results/sphere_samp217_N200_kappa200_block_9_results.npy
 create mode 100644 simulations_sphere/results/sphere_samp217_N200_kappa50_block_9_results.npy
 create mode 100644 simulations_sphere/results/sphere_samp217_N500_kappa200_block_9_results.npy
 create mode 100644 simulations_sphere/results/sphere_samp217_N500_kappa50_block_9_results.npy
 create mode 100644 simulations_sphere/results/sphere_samp217_N50_kappa200_block_9_results.npy
 create mode 100644 simulations_sphere/results/sphere_samp217_N50_kappa50_block_9_results.npy
 create mode 100644 simulations_sphere/results/sphere_samp218_N100_kappa200_block_9_results.npy
 create mode 100644 simulations_sphere/results/sphere_samp218_N100_kappa50_block_9_results.npy
 create mode 100644 simulations_sphere/results/sphere_samp218_N200_kappa200_block_9_results.npy
 create mode 100644 simulations_sphere/results/sphere_samp218_N200_kappa50_block_9_results.npy
 create mode 100644 simulations_sphere/results/sphere_samp218_N500_kappa200_block_9_results.npy
 create mode 100644 simulations_sphere/results/sphere_samp218_N500_kappa50_block_9_results.npy
 create mode 100644 simulations_sphere/results/sphere_samp218_N50_kappa200_block_9_results.npy
 create mode 100644 simulations_sphere/results/sphere_samp218_N50_kappa50_block_9_results.npy
 create mode 100644 simulations_sphere/results/sphere_samp219_N100_kappa200_block_9_results.npy
 create mode 100644 simulations_sphere/results/sphere_samp219_N100_kappa50_block_9_results.npy
 create mode 100644 simulations_sphere/results/sphere_samp219_N200_kappa200_block_9_results.npy
 create mode 100644 simulations_sphere/results/sphere_samp219_N200_kappa50_block_9_results.npy
 create mode 100644 simulations_sphere/results/sphere_samp219_N500_kappa200_block_9_results.npy
 create mode 100644 simulations_sphere/results/sphere_samp219_N500_kappa50_block_9_results.npy
 create mode 100644 simulations_sphere/results/sphere_samp219_N50_kappa200_block_9_results.npy
 create mode 100644 simulations_sphere/results/sphere_samp219_N50_kappa50_block_9_results.npy
 rewrite simulations_sphere/results/sphere_samp21_N100_kappa200_block_1_results.npy (60%)
 create mode 100644 simulations_sphere/results/sphere_samp220_N100_kappa200_block_9_results.npy
 create mode 100644 simulations_sphere/results/sphere_samp220_N100_kappa50_block_9_results.npy
 create mode 100644 simulations_sphere/results/sphere_samp220_N200_kappa200_block_9_results.npy
 create mode 100644 simulations_sphere/results/sphere_samp220_N200_kappa50_block_9_results.npy
 create mode 100644 simulations_sphere/results/sphere_samp220_N500_kappa50_block_9_results.npy
 create mode 100644 simulations_sphere/results/sphere_samp220_N50_kappa200_block_9_results.npy
 create mode 100644 simulations_sphere/results/sphere_samp220_N50_kappa50_block_9_results.npy
 create mode 100644 simulations_sphere/results/sphere_samp221_N100_kappa200_block_9_results.npy
 create mode 100644 simulations_sphere/results/sphere_samp221_N100_kappa50_block_9_results.npy
 create mode 100644 simulations_sphere/results/sphere_samp221_N200_kappa200_block_9_results.npy
 create mode 100644 simulations_sphere/results/sphere_samp221_N200_kappa50_block_9_results.npy
 create mode 100644 simulations_sphere/results/sphere_samp221_N50_kappa200_block_9_results.npy
 create mode 100644 simulations_sphere/results/sphere_samp221_N50_kappa50_block_9_results.npy
 create mode 100644 simulations_sphere/results/sphere_samp222_N100_kappa200_block_9_results.npy
 create mode 100644 simulations_sphere/results/sphere_samp222_N100_kappa50_block_9_results.npy
 create mode 100644 simulations_sphere/results/sphere_samp222_N200_kappa200_block_9_results.npy
 create mode 100644 simulations_sphere/results/sphere_samp222_N200_kappa50_block_9_results.npy
 create mode 100644 simulations_sphere/results/sphere_samp222_N50_kappa200_block_9_results.npy
 create mode 100644 simulations_sphere/results/sphere_samp222_N50_kappa50_block_9_results.npy
 create mode 100644 simulations_sphere/results/sphere_samp223_N100_kappa200_block_9_results.npy
 create mode 100644 simulations_sphere/results/sphere_samp223_N100_kappa50_block_9_results.npy
 create mode 100644 simulations_sphere/results/sphere_samp223_N200_kappa200_block_9_results.npy
 create mode 100644 simulations_sphere/results/sphere_samp223_N200_kappa50_block_9_results.npy
 create mode 100644 simulations_sphere/results/sphere_samp223_N50_kappa200_block_9_results.npy
 create mode 100644 simulations_sphere/results/sphere_samp223_N50_kappa50_block_9_results.npy
 create mode 100644 simulations_sphere/results/sphere_samp224_N100_kappa200_block_9_results.npy
 create mode 100644 simulations_sphere/results/sphere_samp224_N100_kappa50_block_9_results.npy
 create mode 100644 simulations_sphere/results/sphere_samp224_N200_kappa200_block_9_results.npy
 create mode 100644 simulations_sphere/results/sphere_samp224_N200_kappa50_block_9_results.npy
 create mode 100644 simulations_sphere/results/sphere_samp224_N50_kappa200_block_9_results.npy
 create mode 100644 simulations_sphere/results/sphere_samp224_N50_kappa50_block_9_results.npy
 create mode 100644 simulations_sphere/results/sphere_samp225_N100_kappa200_block_9_results.npy
 create mode 100644 simulations_sphere/results/sphere_samp225_N100_kappa50_block_9_results.npy
 create mode 100644 simulations_sphere/results/sphere_samp225_N200_kappa200_block_9_results.npy
 create mode 100644 simulations_sphere/results/sphere_samp225_N200_kappa50_block_9_results.npy
 create mode 100644 simulations_sphere/results/sphere_samp225_N50_kappa200_block_9_results.npy
 create mode 100644 simulations_sphere/results/sphere_samp225_N50_kappa50_block_9_results.npy
 create mode 100644 simulations_sphere/results/sphere_samp226_N100_kappa200_block_10_results.npy
 create mode 100644 simulations_sphere/results/sphere_samp226_N100_kappa50_block_10_results.npy
 create mode 100644 simulations_sphere/results/sphere_samp226_N200_kappa200_block_10_results.npy
 create mode 100644 simulations_sphere/results/sphere_samp226_N200_kappa50_block_10_results.npy
 create mode 100644 simulations_sphere/results/sphere_samp226_N500_kappa200_block_10_results.npy
 create mode 100644 simulations_sphere/results/sphere_samp226_N500_kappa50_block_10_results.npy
 create mode 100644 simulations_sphere/results/sphere_samp226_N50_kappa200_block_10_results.npy
 create mode 100644 simulations_sphere/results/sphere_samp226_N50_kappa50_block_10_results.npy
 create mode 100644 simulations_sphere/results/sphere_samp227_N100_kappa200_block_10_results.npy
 create mode 100644 simulations_sphere/results/sphere_samp227_N100_kappa50_block_10_results.npy
 create mode 100644 simulations_sphere/results/sphere_samp227_N200_kappa200_block_10_results.npy
 create mode 100644 simulations_sphere/results/sphere_samp227_N200_kappa50_block_10_results.npy
 create mode 100644 simulations_sphere/results/sphere_samp227_N500_kappa200_block_10_results.npy
 create mode 100644 simulations_sphere/results/sphere_samp227_N500_kappa50_block_10_results.npy
 create mode 100644 simulations_sphere/results/sphere_samp227_N50_kappa200_block_10_results.npy
 create mode 100644 simulations_sphere/results/sphere_samp227_N50_kappa50_block_10_results.npy
 create mode 100644 simulations_sphere/results/sphere_samp228_N100_kappa200_block_10_results.npy
 create mode 100644 simulations_sphere/results/sphere_samp228_N100_kappa50_block_10_results.npy
 create mode 100644 simulations_sphere/results/sphere_samp228_N200_kappa200_block_10_results.npy
 create mode 100644 simulations_sphere/results/sphere_samp228_N200_kappa50_block_10_results.npy
 create mode 100644 simulations_sphere/results/sphere_samp228_N500_kappa200_block_10_results.npy
 create mode 100644 simulations_sphere/results/sphere_samp228_N500_kappa50_block_10_results.npy
 create mode 100644 simulations_sphere/results/sphere_samp228_N50_kappa200_block_10_results.npy
 create mode 100644 simulations_sphere/results/sphere_samp228_N50_kappa50_block_10_results.npy
 create mode 100644 simulations_sphere/results/sphere_samp229_N100_kappa200_block_10_results.npy
 create mode 100644 simulations_sphere/results/sphere_samp229_N100_kappa50_block_10_results.npy
 create mode 100644 simulations_sphere/results/sphere_samp229_N200_kappa200_block_10_results.npy
 create mode 100644 simulations_sphere/results/sphere_samp229_N200_kappa50_block_10_results.npy
 create mode 100644 simulations_sphere/results/sphere_samp229_N500_kappa200_block_10_results.npy
 create mode 100644 simulations_sphere/results/sphere_samp229_N500_kappa50_block_10_results.npy
 create mode 100644 simulations_sphere/results/sphere_samp229_N50_kappa200_block_10_results.npy
 create mode 100644 simulations_sphere/results/sphere_samp229_N50_kappa50_block_10_results.npy
 create mode 100644 simulations_sphere/results/sphere_samp230_N100_kappa200_block_10_results.npy
 create mode 100644 simulations_sphere/results/sphere_samp230_N100_kappa50_block_10_results.npy
 create mode 100644 simulations_sphere/results/sphere_samp230_N200_kappa200_block_10_results.npy
 create mode 100644 simulations_sphere/results/sphere_samp230_N200_kappa50_block_10_results.npy
 create mode 100644 simulations_sphere/results/sphere_samp230_N500_kappa200_block_10_results.npy
 create mode 100644 simulations_sphere/results/sphere_samp230_N500_kappa50_block_10_results.npy
 create mode 100644 simulations_sphere/results/sphere_samp230_N50_kappa200_block_10_results.npy
 create mode 100644 simulations_sphere/results/sphere_samp230_N50_kappa50_block_10_results.npy
 create mode 100644 simulations_sphere/results/sphere_samp231_N100_kappa200_block_10_results.npy
 create mode 100644 simulations_sphere/results/sphere_samp231_N100_kappa50_block_10_results.npy
 create mode 100644 simulations_sphere/results/sphere_samp231_N200_kappa200_block_10_results.npy
 create mode 100644 simulations_sphere/results/sphere_samp231_N200_kappa50_block_10_results.npy
 create mode 100644 simulations_sphere/results/sphere_samp231_N500_kappa200_block_10_results.npy
 create mode 100644 simulations_sphere/results/sphere_samp231_N500_kappa50_block_10_results.npy
 create mode 100644 simulations_sphere/results/sphere_samp231_N50_kappa200_block_10_results.npy
 create mode 100644 simulations_sphere/results/sphere_samp231_N50_kappa50_block_10_results.npy
 create mode 100644 simulations_sphere/results/sphere_samp232_N100_kappa200_block_10_results.npy
 create mode 100644 simulations_sphere/results/sphere_samp232_N100_kappa50_block_10_results.npy
 create mode 100644 simulations_sphere/results/sphere_samp232_N200_kappa200_block_10_results.npy
 create mode 100644 simulations_sphere/results/sphere_samp232_N200_kappa50_block_10_results.npy
 create mode 100644 simulations_sphere/results/sphere_samp232_N500_kappa200_block_10_results.npy
 create mode 100644 simulations_sphere/results/sphere_samp232_N500_kappa50_block_10_results.npy
 create mode 100644 simulations_sphere/results/sphere_samp232_N50_kappa200_block_10_results.npy
 create mode 100644 simulations_sphere/results/sphere_samp232_N50_kappa50_block_10_results.npy
 create mode 100644 simulations_sphere/results/sphere_samp233_N100_kappa200_block_10_results.npy
 create mode 100644 simulations_sphere/results/sphere_samp233_N100_kappa50_block_10_results.npy
 create mode 100644 simulations_sphere/results/sphere_samp233_N200_kappa200_block_10_results.npy
 create mode 100644 simulations_sphere/results/sphere_samp233_N200_kappa50_block_10_results.npy
 create mode 100644 simulations_sphere/results/sphere_samp233_N500_kappa200_block_10_results.npy
 create mode 100644 simulations_sphere/results/sphere_samp233_N500_kappa50_block_10_results.npy
 create mode 100644 simulations_sphere/results/sphere_samp233_N50_kappa200_block_10_results.npy
 create mode 100644 simulations_sphere/results/sphere_samp233_N50_kappa50_block_10_results.npy
 create mode 100644 simulations_sphere/results/sphere_samp234_N100_kappa200_block_10_results.npy
 create mode 100644 simulations_sphere/results/sphere_samp234_N100_kappa50_block_10_results.npy
 create mode 100644 simulations_sphere/results/sphere_samp234_N200_kappa200_block_10_results.npy
 create mode 100644 simulations_sphere/results/sphere_samp234_N200_kappa50_block_10_results.npy
 create mode 100644 simulations_sphere/results/sphere_samp234_N500_kappa200_block_10_results.npy
 create mode 100644 simulations_sphere/results/sphere_samp234_N500_kappa50_block_10_results.npy
 create mode 100644 simulations_sphere/results/sphere_samp234_N50_kappa200_block_10_results.npy
 create mode 100644 simulations_sphere/results/sphere_samp234_N50_kappa50_block_10_results.npy
 create mode 100644 simulations_sphere/results/sphere_samp235_N100_kappa200_block_10_results.npy
 create mode 100644 simulations_sphere/results/sphere_samp235_N100_kappa50_block_10_results.npy
 create mode 100644 simulations_sphere/results/sphere_samp235_N200_kappa200_block_10_results.npy
 create mode 100644 simulations_sphere/results/sphere_samp235_N200_kappa50_block_10_results.npy
 create mode 100644 simulations_sphere/results/sphere_samp235_N500_kappa200_block_10_results.npy
 create mode 100644 simulations_sphere/results/sphere_samp235_N500_kappa50_block_10_results.npy
 create mode 100644 simulations_sphere/results/sphere_samp235_N50_kappa200_block_10_results.npy
 create mode 100644 simulations_sphere/results/sphere_samp235_N50_kappa50_block_10_results.npy
 create mode 100644 simulations_sphere/results/sphere_samp236_N100_kappa200_block_10_results.npy
 create mode 100644 simulations_sphere/results/sphere_samp236_N100_kappa50_block_10_results.npy
 create mode 100644 simulations_sphere/results/sphere_samp236_N200_kappa200_block_10_results.npy
 create mode 100644 simulations_sphere/results/sphere_samp236_N200_kappa50_block_10_results.npy
 create mode 100644 simulations_sphere/results/sphere_samp236_N500_kappa200_block_10_results.npy
 create mode 100644 simulations_sphere/results/sphere_samp236_N500_kappa50_block_10_results.npy
 create mode 100644 simulations_sphere/results/sphere_samp236_N50_kappa200_block_10_results.npy
 create mode 100644 simulations_sphere/results/sphere_samp236_N50_kappa50_block_10_results.npy
 create mode 100644 simulations_sphere/results/sphere_samp237_N100_kappa200_block_10_results.npy
 create mode 100644 simulations_sphere/results/sphere_samp237_N100_kappa50_block_10_results.npy
 create mode 100644 simulations_sphere/results/sphere_samp237_N200_kappa200_block_10_results.npy
 create mode 100644 simulations_sphere/results/sphere_samp237_N200_kappa50_block_10_results.npy
 create mode 100644 simulations_sphere/results/sphere_samp237_N500_kappa200_block_10_results.npy
 create mode 100644 simulations_sphere/results/sphere_samp237_N500_kappa50_block_10_results.npy
 create mode 100644 simulations_sphere/results/sphere_samp237_N50_kappa200_block_10_results.npy
 create mode 100644 simulations_sphere/results/sphere_samp237_N50_kappa50_block_10_results.npy
 create mode 100644 simulations_sphere/results/sphere_samp238_N100_kappa200_block_10_results.npy
 create mode 100644 simulations_sphere/results/sphere_samp238_N100_kappa50_block_10_results.npy
 create mode 100644 simulations_sphere/results/sphere_samp238_N200_kappa200_block_10_results.npy
 create mode 100644 simulations_sphere/results/sphere_samp238_N200_kappa50_block_10_results.npy
 create mode 100644 simulations_sphere/results/sphere_samp238_N500_kappa200_block_10_results.npy
 create mode 100644 simulations_sphere/results/sphere_samp238_N500_kappa50_block_10_results.npy
 create mode 100644 simulations_sphere/results/sphere_samp238_N50_kappa200_block_10_results.npy
 create mode 100644 simulations_sphere/results/sphere_samp238_N50_kappa50_block_10_results.npy
 create mode 100644 simulations_sphere/results/sphere_samp239_N100_kappa200_block_10_results.npy
 create mode 100644 simulations_sphere/results/sphere_samp239_N100_kappa50_block_10_results.npy
 create mode 100644 simulations_sphere/results/sphere_samp239_N200_kappa200_block_10_results.npy
 create mode 100644 simulations_sphere/results/sphere_samp239_N200_kappa50_block_10_results.npy
 create mode 100644 simulations_sphere/results/sphere_samp239_N500_kappa200_block_10_results.npy
 create mode 100644 simulations_sphere/results/sphere_samp239_N500_kappa50_block_10_results.npy
 create mode 100644 simulations_sphere/results/sphere_samp239_N50_kappa200_block_10_results.npy
 create mode 100644 simulations_sphere/results/sphere_samp239_N50_kappa50_block_10_results.npy
 create mode 100644 simulations_sphere/results/sphere_samp240_N100_kappa200_block_10_results.npy
 create mode 100644 simulations_sphere/results/sphere_samp240_N100_kappa50_block_10_results.npy
 create mode 100644 simulations_sphere/results/sphere_samp240_N200_kappa200_block_10_results.npy
 create mode 100644 simulations_sphere/results/sphere_samp240_N200_kappa50_block_10_results.npy
 create mode 100644 simulations_sphere/results/sphere_samp240_N500_kappa200_block_10_results.npy
 create mode 100644 simulations_sphere/results/sphere_samp240_N500_kappa50_block_10_results.npy
 create mode 100644 simulations_sphere/results/sphere_samp240_N50_kappa200_block_10_results.npy
 create mode 100644 simulations_sphere/results/sphere_samp240_N50_kappa50_block_10_results.npy
 create mode 100644 simulations_sphere/results/sphere_samp241_N100_kappa200_block_10_results.npy
 create mode 100644 simulations_sphere/results/sphere_samp241_N100_kappa50_block_10_results.npy
 create mode 100644 simulations_sphere/results/sphere_samp241_N200_kappa200_block_10_results.npy
 create mode 100644 simulations_sphere/results/sphere_samp241_N200_kappa50_block_10_results.npy
 create mode 100644 simulations_sphere/results/sphere_samp241_N500_kappa200_block_10_results.npy
 create mode 100644 simulations_sphere/results/sphere_samp241_N500_kappa50_block_10_results.npy
 create mode 100644 simulations_sphere/results/sphere_samp241_N50_kappa200_block_10_results.npy
 create mode 100644 simulations_sphere/results/sphere_samp241_N50_kappa50_block_10_results.npy
 create mode 100644 simulations_sphere/results/sphere_samp242_N100_kappa200_block_10_results.npy
 create mode 100644 simulations_sphere/results/sphere_samp242_N100_kappa50_block_10_results.npy
 create mode 100644 simulations_sphere/results/sphere_samp242_N200_kappa200_block_10_results.npy
 create mode 100644 simulations_sphere/results/sphere_samp242_N200_kappa50_block_10_results.npy
 create mode 100644 simulations_sphere/results/sphere_samp242_N500_kappa50_block_10_results.npy
 create mode 100644 simulations_sphere/results/sphere_samp242_N50_kappa200_block_10_results.npy
 create mode 100644 simulations_sphere/results/sphere_samp242_N50_kappa50_block_10_results.npy
 create mode 100644 simulations_sphere/results/sphere_samp243_N100_kappa200_block_10_results.npy
 create mode 100644 simulations_sphere/results/sphere_samp243_N100_kappa50_block_10_results.npy
 create mode 100644 simulations_sphere/results/sphere_samp243_N200_kappa200_block_10_results.npy
 create mode 100644 simulations_sphere/results/sphere_samp243_N200_kappa50_block_10_results.npy
 create mode 100644 simulations_sphere/results/sphere_samp243_N50_kappa200_block_10_results.npy
 create mode 100644 simulations_sphere/results/sphere_samp243_N50_kappa50_block_10_results.npy
 create mode 100644 simulations_sphere/results/sphere_samp244_N100_kappa200_block_10_results.npy
 create mode 100644 simulations_sphere/results/sphere_samp244_N100_kappa50_block_10_results.npy
 create mode 100644 simulations_sphere/results/sphere_samp244_N200_kappa200_block_10_results.npy
 create mode 100644 simulations_sphere/results/sphere_samp244_N200_kappa50_block_10_results.npy
 create mode 100644 simulations_sphere/results/sphere_samp244_N50_kappa200_block_10_results.npy
 create mode 100644 simulations_sphere/results/sphere_samp244_N50_kappa50_block_10_results.npy
 create mode 100644 simulations_sphere/results/sphere_samp245_N100_kappa200_block_10_results.npy
 create mode 100644 simulations_sphere/results/sphere_samp245_N100_kappa50_block_10_results.npy
 create mode 100644 simulations_sphere/results/sphere_samp245_N200_kappa200_block_10_results.npy
 create mode 100644 simulations_sphere/results/sphere_samp245_N200_kappa50_block_10_results.npy
 create mode 100644 simulations_sphere/results/sphere_samp245_N50_kappa200_block_10_results.npy
 create mode 100644 simulations_sphere/results/sphere_samp245_N50_kappa50_block_10_results.npy
 create mode 100644 simulations_sphere/results/sphere_samp246_N100_kappa200_block_10_results.npy
 create mode 100644 simulations_sphere/results/sphere_samp246_N100_kappa50_block_10_results.npy
 create mode 100644 simulations_sphere/results/sphere_samp246_N200_kappa200_block_10_results.npy
 create mode 100644 simulations_sphere/results/sphere_samp246_N200_kappa50_block_10_results.npy
 create mode 100644 simulations_sphere/results/sphere_samp246_N50_kappa200_block_10_results.npy
 create mode 100644 simulations_sphere/results/sphere_samp246_N50_kappa50_block_10_results.npy
 create mode 100644 simulations_sphere/results/sphere_samp247_N100_kappa200_block_10_results.npy
 create mode 100644 simulations_sphere/results/sphere_samp247_N100_kappa50_block_10_results.npy
 create mode 100644 simulations_sphere/results/sphere_samp247_N200_kappa200_block_10_results.npy
 create mode 100644 simulations_sphere/results/sphere_samp247_N200_kappa50_block_10_results.npy
 create mode 100644 simulations_sphere/results/sphere_samp247_N50_kappa200_block_10_results.npy
 create mode 100644 simulations_sphere/results/sphere_samp247_N50_kappa50_block_10_results.npy
 create mode 100644 simulations_sphere/results/sphere_samp248_N100_kappa200_block_10_results.npy
 create mode 100644 simulations_sphere/results/sphere_samp248_N100_kappa50_block_10_results.npy
 create mode 100644 simulations_sphere/results/sphere_samp248_N200_kappa200_block_10_results.npy
 create mode 100644 simulations_sphere/results/sphere_samp248_N200_kappa50_block_10_results.npy
 create mode 100644 simulations_sphere/results/sphere_samp248_N50_kappa200_block_10_results.npy
 create mode 100644 simulations_sphere/results/sphere_samp248_N50_kappa50_block_10_results.npy
 create mode 100644 simulations_sphere/results/sphere_samp249_N100_kappa200_block_10_results.npy
 create mode 100644 simulations_sphere/results/sphere_samp249_N100_kappa50_block_10_results.npy
 create mode 100644 simulations_sphere/results/sphere_samp249_N50_kappa200_block_10_results.npy
 create mode 100644 simulations_sphere/results/sphere_samp249_N50_kappa50_block_10_results.npy
 create mode 100644 simulations_sphere/results/sphere_samp250_N100_kappa50_block_10_results.npy
 create mode 100644 simulations_sphere/results/sphere_samp250_N50_kappa200_block_10_results.npy
 create mode 100644 simulations_sphere/results/sphere_samp250_N50_kappa50_block_10_results.npy
 create mode 100644 simulations_sphere/results/sphere_samp251_N100_kappa200_block_11_results.npy
 create mode 100644 simulations_sphere/results/sphere_samp251_N100_kappa50_block_11_results.npy
 create mode 100644 simulations_sphere/results/sphere_samp251_N200_kappa200_block_11_results.npy
 create mode 100644 simulations_sphere/results/sphere_samp251_N200_kappa50_block_11_results.npy
 create mode 100644 simulations_sphere/results/sphere_samp251_N500_kappa200_block_11_results.npy
 create mode 100644 simulations_sphere/results/sphere_samp251_N500_kappa50_block_11_results.npy
 create mode 100644 simulations_sphere/results/sphere_samp251_N50_kappa200_block_11_results.npy
 create mode 100644 simulations_sphere/results/sphere_samp251_N50_kappa50_block_11_results.npy
 create mode 100644 simulations_sphere/results/sphere_samp252_N100_kappa200_block_11_results.npy
 create mode 100644 simulations_sphere/results/sphere_samp252_N100_kappa50_block_11_results.npy
 create mode 100644 simulations_sphere/results/sphere_samp252_N200_kappa200_block_11_results.npy
 create mode 100644 simulations_sphere/results/sphere_samp252_N200_kappa50_block_11_results.npy
 create mode 100644 simulations_sphere/results/sphere_samp252_N500_kappa200_block_11_results.npy
 create mode 100644 simulations_sphere/results/sphere_samp252_N500_kappa50_block_11_results.npy
 create mode 100644 simulations_sphere/results/sphere_samp252_N50_kappa200_block_11_results.npy
 create mode 100644 simulations_sphere/results/sphere_samp252_N50_kappa50_block_11_results.npy
 create mode 100644 simulations_sphere/results/sphere_samp253_N100_kappa200_block_11_results.npy
 create mode 100644 simulations_sphere/results/sphere_samp253_N100_kappa50_block_11_results.npy
 create mode 100644 simulations_sphere/results/sphere_samp253_N200_kappa200_block_11_results.npy
 create mode 100644 simulations_sphere/results/sphere_samp253_N200_kappa50_block_11_results.npy
 create mode 100644 simulations_sphere/results/sphere_samp253_N500_kappa200_block_11_results.npy
 create mode 100644 simulations_sphere/results/sphere_samp253_N500_kappa50_block_11_results.npy
 create mode 100644 simulations_sphere/results/sphere_samp253_N50_kappa200_block_11_results.npy
 create mode 100644 simulations_sphere/results/sphere_samp253_N50_kappa50_block_11_results.npy
 create mode 100644 simulations_sphere/results/sphere_samp254_N100_kappa200_block_11_results.npy
 create mode 100644 simulations_sphere/results/sphere_samp254_N100_kappa50_block_11_results.npy
 create mode 100644 simulations_sphere/results/sphere_samp254_N200_kappa200_block_11_results.npy
 create mode 100644 simulations_sphere/results/sphere_samp254_N200_kappa50_block_11_results.npy
 create mode 100644 simulations_sphere/results/sphere_samp254_N500_kappa200_block_11_results.npy
 create mode 100644 simulations_sphere/results/sphere_samp254_N500_kappa50_block_11_results.npy
 create mode 100644 simulations_sphere/results/sphere_samp254_N50_kappa200_block_11_results.npy
 create mode 100644 simulations_sphere/results/sphere_samp254_N50_kappa50_block_11_results.npy
 create mode 100644 simulations_sphere/results/sphere_samp255_N100_kappa200_block_11_results.npy
 create mode 100644 simulations_sphere/results/sphere_samp255_N100_kappa50_block_11_results.npy
 create mode 100644 simulations_sphere/results/sphere_samp255_N200_kappa200_block_11_results.npy
 create mode 100644 simulations_sphere/results/sphere_samp255_N200_kappa50_block_11_results.npy
 create mode 100644 simulations_sphere/results/sphere_samp255_N500_kappa200_block_11_results.npy
 create mode 100644 simulations_sphere/results/sphere_samp255_N500_kappa50_block_11_results.npy
 create mode 100644 simulations_sphere/results/sphere_samp255_N50_kappa200_block_11_results.npy
 create mode 100644 simulations_sphere/results/sphere_samp255_N50_kappa50_block_11_results.npy
 create mode 100644 simulations_sphere/results/sphere_samp256_N100_kappa200_block_11_results.npy
 create mode 100644 simulations_sphere/results/sphere_samp256_N100_kappa50_block_11_results.npy
 create mode 100644 simulations_sphere/results/sphere_samp256_N200_kappa200_block_11_results.npy
 create mode 100644 simulations_sphere/results/sphere_samp256_N200_kappa50_block_11_results.npy
 create mode 100644 simulations_sphere/results/sphere_samp256_N500_kappa200_block_11_results.npy
 create mode 100644 simulations_sphere/results/sphere_samp256_N500_kappa50_block_11_results.npy
 create mode 100644 simulations_sphere/results/sphere_samp256_N50_kappa200_block_11_results.npy
 create mode 100644 simulations_sphere/results/sphere_samp256_N50_kappa50_block_11_results.npy
 create mode 100644 simulations_sphere/results/sphere_samp257_N100_kappa200_block_11_results.npy
 create mode 100644 simulations_sphere/results/sphere_samp257_N100_kappa50_block_11_results.npy
 create mode 100644 simulations_sphere/results/sphere_samp257_N200_kappa200_block_11_results.npy
 create mode 100644 simulations_sphere/results/sphere_samp257_N200_kappa50_block_11_results.npy
 create mode 100644 simulations_sphere/results/sphere_samp257_N500_kappa200_block_11_results.npy
 create mode 100644 simulations_sphere/results/sphere_samp257_N500_kappa50_block_11_results.npy
 create mode 100644 simulations_sphere/results/sphere_samp257_N50_kappa200_block_11_results.npy
 create mode 100644 simulations_sphere/results/sphere_samp257_N50_kappa50_block_11_results.npy
 create mode 100644 simulations_sphere/results/sphere_samp258_N100_kappa200_block_11_results.npy
 create mode 100644 simulations_sphere/results/sphere_samp258_N100_kappa50_block_11_results.npy
 create mode 100644 simulations_sphere/results/sphere_samp258_N200_kappa200_block_11_results.npy
 create mode 100644 simulations_sphere/results/sphere_samp258_N200_kappa50_block_11_results.npy
 create mode 100644 simulations_sphere/results/sphere_samp258_N500_kappa200_block_11_results.npy
 create mode 100644 simulations_sphere/results/sphere_samp258_N500_kappa50_block_11_results.npy
 create mode 100644 simulations_sphere/results/sphere_samp258_N50_kappa200_block_11_results.npy
 create mode 100644 simulations_sphere/results/sphere_samp258_N50_kappa50_block_11_results.npy
 create mode 100644 simulations_sphere/results/sphere_samp259_N100_kappa200_block_11_results.npy
 create mode 100644 simulations_sphere/results/sphere_samp259_N100_kappa50_block_11_results.npy
 create mode 100644 simulations_sphere/results/sphere_samp259_N200_kappa200_block_11_results.npy
 create mode 100644 simulations_sphere/results/sphere_samp259_N200_kappa50_block_11_results.npy
 create mode 100644 simulations_sphere/results/sphere_samp259_N500_kappa200_block_11_results.npy
 create mode 100644 simulations_sphere/results/sphere_samp259_N500_kappa50_block_11_results.npy
 create mode 100644 simulations_sphere/results/sphere_samp259_N50_kappa200_block_11_results.npy
 create mode 100644 simulations_sphere/results/sphere_samp259_N50_kappa50_block_11_results.npy
 create mode 100644 simulations_sphere/results/sphere_samp260_N100_kappa200_block_11_results.npy
 create mode 100644 simulations_sphere/results/sphere_samp260_N100_kappa50_block_11_results.npy
 create mode 100644 simulations_sphere/results/sphere_samp260_N200_kappa200_block_11_results.npy
 create mode 100644 simulations_sphere/results/sphere_samp260_N200_kappa50_block_11_results.npy
 create mode 100644 simulations_sphere/results/sphere_samp260_N500_kappa200_block_11_results.npy
 create mode 100644 simulations_sphere/results/sphere_samp260_N500_kappa50_block_11_results.npy
 create mode 100644 simulations_sphere/results/sphere_samp260_N50_kappa200_block_11_results.npy
 create mode 100644 simulations_sphere/results/sphere_samp260_N50_kappa50_block_11_results.npy
 create mode 100644 simulations_sphere/results/sphere_samp261_N100_kappa200_block_11_results.npy
 create mode 100644 simulations_sphere/results/sphere_samp261_N100_kappa50_block_11_results.npy
 create mode 100644 simulations_sphere/results/sphere_samp261_N200_kappa200_block_11_results.npy
 create mode 100644 simulations_sphere/results/sphere_samp261_N200_kappa50_block_11_results.npy
 create mode 100644 simulations_sphere/results/sphere_samp261_N500_kappa200_block_11_results.npy
 create mode 100644 simulations_sphere/results/sphere_samp261_N500_kappa50_block_11_results.npy
 create mode 100644 simulations_sphere/results/sphere_samp261_N50_kappa200_block_11_results.npy
 create mode 100644 simulations_sphere/results/sphere_samp261_N50_kappa50_block_11_results.npy
 create mode 100644 simulations_sphere/results/sphere_samp262_N100_kappa200_block_11_results.npy
 create mode 100644 simulations_sphere/results/sphere_samp262_N100_kappa50_block_11_results.npy
 create mode 100644 simulations_sphere/results/sphere_samp262_N200_kappa200_block_11_results.npy
 create mode 100644 simulations_sphere/results/sphere_samp262_N200_kappa50_block_11_results.npy
 create mode 100644 simulations_sphere/results/sphere_samp262_N500_kappa200_block_11_results.npy
 create mode 100644 simulations_sphere/results/sphere_samp262_N500_kappa50_block_11_results.npy
 create mode 100644 simulations_sphere/results/sphere_samp262_N50_kappa200_block_11_results.npy
 create mode 100644 simulations_sphere/results/sphere_samp262_N50_kappa50_block_11_results.npy
 create mode 100644 simulations_sphere/results/sphere_samp263_N100_kappa200_block_11_results.npy
 create mode 100644 simulations_sphere/results/sphere_samp263_N100_kappa50_block_11_results.npy
 create mode 100644 simulations_sphere/results/sphere_samp263_N200_kappa200_block_11_results.npy
 create mode 100644 simulations_sphere/results/sphere_samp263_N200_kappa50_block_11_results.npy
 create mode 100644 simulations_sphere/results/sphere_samp263_N500_kappa200_block_11_results.npy
 create mode 100644 simulations_sphere/results/sphere_samp263_N500_kappa50_block_11_results.npy
 create mode 100644 simulations_sphere/results/sphere_samp263_N50_kappa200_block_11_results.npy
 create mode 100644 simulations_sphere/results/sphere_samp263_N50_kappa50_block_11_results.npy
 create mode 100644 simulations_sphere/results/sphere_samp264_N100_kappa200_block_11_results.npy
 create mode 100644 simulations_sphere/results/sphere_samp264_N100_kappa50_block_11_results.npy
 create mode 100644 simulations_sphere/results/sphere_samp264_N200_kappa200_block_11_results.npy
 create mode 100644 simulations_sphere/results/sphere_samp264_N200_kappa50_block_11_results.npy
 create mode 100644 simulations_sphere/results/sphere_samp264_N500_kappa200_block_11_results.npy
 create mode 100644 simulations_sphere/results/sphere_samp264_N500_kappa50_block_11_results.npy
 create mode 100644 simulations_sphere/results/sphere_samp264_N50_kappa200_block_11_results.npy
 create mode 100644 simulations_sphere/results/sphere_samp264_N50_kappa50_block_11_results.npy
 create mode 100644 simulations_sphere/results/sphere_samp265_N100_kappa200_block_11_results.npy
 create mode 100644 simulations_sphere/results/sphere_samp265_N100_kappa50_block_11_results.npy
 create mode 100644 simulations_sphere/results/sphere_samp265_N200_kappa200_block_11_results.npy
 create mode 100644 simulations_sphere/results/sphere_samp265_N200_kappa50_block_11_results.npy
 create mode 100644 simulations_sphere/results/sphere_samp265_N500_kappa200_block_11_results.npy
 create mode 100644 simulations_sphere/results/sphere_samp265_N500_kappa50_block_11_results.npy
 create mode 100644 simulations_sphere/results/sphere_samp265_N50_kappa200_block_11_results.npy
 create mode 100644 simulations_sphere/results/sphere_samp265_N50_kappa50_block_11_results.npy
 create mode 100644 simulations_sphere/results/sphere_samp266_N100_kappa200_block_11_results.npy
 create mode 100644 simulations_sphere/results/sphere_samp266_N100_kappa50_block_11_results.npy
 create mode 100644 simulations_sphere/results/sphere_samp266_N200_kappa200_block_11_results.npy
 create mode 100644 simulations_sphere/results/sphere_samp266_N200_kappa50_block_11_results.npy
 create mode 100644 simulations_sphere/results/sphere_samp266_N500_kappa200_block_11_results.npy
 create mode 100644 simulations_sphere/results/sphere_samp266_N500_kappa50_block_11_results.npy
 create mode 100644 simulations_sphere/results/sphere_samp266_N50_kappa200_block_11_results.npy
 create mode 100644 simulations_sphere/results/sphere_samp266_N50_kappa50_block_11_results.npy
 create mode 100644 simulations_sphere/results/sphere_samp267_N100_kappa200_block_11_results.npy
 create mode 100644 simulations_sphere/results/sphere_samp267_N100_kappa50_block_11_results.npy
 create mode 100644 simulations_sphere/results/sphere_samp267_N200_kappa200_block_11_results.npy
 create mode 100644 simulations_sphere/results/sphere_samp267_N200_kappa50_block_11_results.npy
 create mode 100644 simulations_sphere/results/sphere_samp267_N50_kappa200_block_11_results.npy
 create mode 100644 simulations_sphere/results/sphere_samp267_N50_kappa50_block_11_results.npy
 create mode 100644 simulations_sphere/results/sphere_samp268_N100_kappa200_block_11_results.npy
 create mode 100644 simulations_sphere/results/sphere_samp268_N100_kappa50_block_11_results.npy
 create mode 100644 simulations_sphere/results/sphere_samp268_N200_kappa200_block_11_results.npy
 create mode 100644 simulations_sphere/results/sphere_samp268_N200_kappa50_block_11_results.npy
 create mode 100644 simulations_sphere/results/sphere_samp268_N50_kappa200_block_11_results.npy
 create mode 100644 simulations_sphere/results/sphere_samp268_N50_kappa50_block_11_results.npy
 create mode 100644 simulations_sphere/results/sphere_samp269_N100_kappa200_block_11_results.npy
 create mode 100644 simulations_sphere/results/sphere_samp269_N100_kappa50_block_11_results.npy
 create mode 100644 simulations_sphere/results/sphere_samp269_N200_kappa200_block_11_results.npy
 create mode 100644 simulations_sphere/results/sphere_samp269_N200_kappa50_block_11_results.npy
 create mode 100644 simulations_sphere/results/sphere_samp269_N50_kappa200_block_11_results.npy
 create mode 100644 simulations_sphere/results/sphere_samp269_N50_kappa50_block_11_results.npy
 create mode 100644 simulations_sphere/results/sphere_samp270_N100_kappa200_block_11_results.npy
 create mode 100644 simulations_sphere/results/sphere_samp270_N100_kappa50_block_11_results.npy
 create mode 100644 simulations_sphere/results/sphere_samp270_N200_kappa200_block_11_results.npy
 create mode 100644 simulations_sphere/results/sphere_samp270_N200_kappa50_block_11_results.npy
 create mode 100644 simulations_sphere/results/sphere_samp270_N50_kappa200_block_11_results.npy
 create mode 100644 simulations_sphere/results/sphere_samp270_N50_kappa50_block_11_results.npy
 create mode 100644 simulations_sphere/results/sphere_samp271_N100_kappa200_block_11_results.npy
 create mode 100644 simulations_sphere/results/sphere_samp271_N100_kappa50_block_11_results.npy
 create mode 100644 simulations_sphere/results/sphere_samp271_N200_kappa200_block_11_results.npy
 create mode 100644 simulations_sphere/results/sphere_samp271_N200_kappa50_block_11_results.npy
 create mode 100644 simulations_sphere/results/sphere_samp271_N50_kappa200_block_11_results.npy
 create mode 100644 simulations_sphere/results/sphere_samp271_N50_kappa50_block_11_results.npy
 create mode 100644 simulations_sphere/results/sphere_samp272_N100_kappa200_block_11_results.npy
 create mode 100644 simulations_sphere/results/sphere_samp272_N100_kappa50_block_11_results.npy
 create mode 100644 simulations_sphere/results/sphere_samp272_N200_kappa200_block_11_results.npy
 create mode 100644 simulations_sphere/results/sphere_samp272_N200_kappa50_block_11_results.npy
 create mode 100644 simulations_sphere/results/sphere_samp272_N50_kappa200_block_11_results.npy
 create mode 100644 simulations_sphere/results/sphere_samp272_N50_kappa50_block_11_results.npy
 create mode 100644 simulations_sphere/results/sphere_samp273_N100_kappa200_block_11_results.npy
 create mode 100644 simulations_sphere/results/sphere_samp273_N100_kappa50_block_11_results.npy
 create mode 100644 simulations_sphere/results/sphere_samp273_N50_kappa200_block_11_results.npy
 create mode 100644 simulations_sphere/results/sphere_samp273_N50_kappa50_block_11_results.npy
 create mode 100644 simulations_sphere/results/sphere_samp274_N100_kappa200_block_11_results.npy
 create mode 100644 simulations_sphere/results/sphere_samp274_N100_kappa50_block_11_results.npy
 create mode 100644 simulations_sphere/results/sphere_samp274_N50_kappa200_block_11_results.npy
 create mode 100644 simulations_sphere/results/sphere_samp274_N50_kappa50_block_11_results.npy
 create mode 100644 simulations_sphere/results/sphere_samp275_N50_kappa200_block_11_results.npy
 create mode 100644 simulations_sphere/results/sphere_samp275_N50_kappa50_block_11_results.npy
 create mode 100644 simulations_sphere/results/sphere_samp276_N100_kappa200_block_12_results.npy
 create mode 100644 simulations_sphere/results/sphere_samp276_N100_kappa50_block_12_results.npy
 create mode 100644 simulations_sphere/results/sphere_samp276_N200_kappa200_block_12_results.npy
 create mode 100644 simulations_sphere/results/sphere_samp276_N200_kappa50_block_12_results.npy
 create mode 100644 simulations_sphere/results/sphere_samp276_N500_kappa200_block_12_results.npy
 create mode 100644 simulations_sphere/results/sphere_samp276_N500_kappa50_block_12_results.npy
 create mode 100644 simulations_sphere/results/sphere_samp276_N50_kappa200_block_12_results.npy
 create mode 100644 simulations_sphere/results/sphere_samp276_N50_kappa50_block_12_results.npy
 create mode 100644 simulations_sphere/results/sphere_samp277_N100_kappa200_block_12_results.npy
 create mode 100644 simulations_sphere/results/sphere_samp277_N100_kappa50_block_12_results.npy
 create mode 100644 simulations_sphere/results/sphere_samp277_N200_kappa200_block_12_results.npy
 create mode 100644 simulations_sphere/results/sphere_samp277_N200_kappa50_block_12_results.npy
 create mode 100644 simulations_sphere/results/sphere_samp277_N500_kappa200_block_12_results.npy
 create mode 100644 simulations_sphere/results/sphere_samp277_N500_kappa50_block_12_results.npy
 create mode 100644 simulations_sphere/results/sphere_samp277_N50_kappa200_block_12_results.npy
 create mode 100644 simulations_sphere/results/sphere_samp277_N50_kappa50_block_12_results.npy
 create mode 100644 simulations_sphere/results/sphere_samp278_N100_kappa200_block_12_results.npy
 create mode 100644 simulations_sphere/results/sphere_samp278_N100_kappa50_block_12_results.npy
 create mode 100644 simulations_sphere/results/sphere_samp278_N200_kappa200_block_12_results.npy
 create mode 100644 simulations_sphere/results/sphere_samp278_N200_kappa50_block_12_results.npy
 create mode 100644 simulations_sphere/results/sphere_samp278_N500_kappa200_block_12_results.npy
 create mode 100644 simulations_sphere/results/sphere_samp278_N500_kappa50_block_12_results.npy
 create mode 100644 simulations_sphere/results/sphere_samp278_N50_kappa200_block_12_results.npy
 create mode 100644 simulations_sphere/results/sphere_samp278_N50_kappa50_block_12_results.npy
 create mode 100644 simulations_sphere/results/sphere_samp279_N100_kappa200_block_12_results.npy
 create mode 100644 simulations_sphere/results/sphere_samp279_N100_kappa50_block_12_results.npy
 create mode 100644 simulations_sphere/results/sphere_samp279_N200_kappa200_block_12_results.npy
 create mode 100644 simulations_sphere/results/sphere_samp279_N200_kappa50_block_12_results.npy
 create mode 100644 simulations_sphere/results/sphere_samp279_N500_kappa200_block_12_results.npy
 create mode 100644 simulations_sphere/results/sphere_samp279_N500_kappa50_block_12_results.npy
 create mode 100644 simulations_sphere/results/sphere_samp279_N50_kappa200_block_12_results.npy
 create mode 100644 simulations_sphere/results/sphere_samp279_N50_kappa50_block_12_results.npy
 create mode 100644 simulations_sphere/results/sphere_samp280_N100_kappa200_block_12_results.npy
 create mode 100644 simulations_sphere/results/sphere_samp280_N100_kappa50_block_12_results.npy
 create mode 100644 simulations_sphere/results/sphere_samp280_N200_kappa200_block_12_results.npy
 create mode 100644 simulations_sphere/results/sphere_samp280_N200_kappa50_block_12_results.npy
 create mode 100644 simulations_sphere/results/sphere_samp280_N500_kappa200_block_12_results.npy
 create mode 100644 simulations_sphere/results/sphere_samp280_N500_kappa50_block_12_results.npy
 create mode 100644 simulations_sphere/results/sphere_samp280_N50_kappa200_block_12_results.npy
 create mode 100644 simulations_sphere/results/sphere_samp280_N50_kappa50_block_12_results.npy
 create mode 100644 simulations_sphere/results/sphere_samp281_N100_kappa200_block_12_results.npy
 create mode 100644 simulations_sphere/results/sphere_samp281_N100_kappa50_block_12_results.npy
 create mode 100644 simulations_sphere/results/sphere_samp281_N200_kappa200_block_12_results.npy
 create mode 100644 simulations_sphere/results/sphere_samp281_N200_kappa50_block_12_results.npy
 create mode 100644 simulations_sphere/results/sphere_samp281_N500_kappa200_block_12_results.npy
 create mode 100644 simulations_sphere/results/sphere_samp281_N500_kappa50_block_12_results.npy
 create mode 100644 simulations_sphere/results/sphere_samp281_N50_kappa200_block_12_results.npy
 create mode 100644 simulations_sphere/results/sphere_samp281_N50_kappa50_block_12_results.npy
 create mode 100644 simulations_sphere/results/sphere_samp282_N100_kappa200_block_12_results.npy
 create mode 100644 simulations_sphere/results/sphere_samp282_N100_kappa50_block_12_results.npy
 create mode 100644 simulations_sphere/results/sphere_samp282_N200_kappa200_block_12_results.npy
 create mode 100644 simulations_sphere/results/sphere_samp282_N200_kappa50_block_12_results.npy
 create mode 100644 simulations_sphere/results/sphere_samp282_N500_kappa200_block_12_results.npy
 create mode 100644 simulations_sphere/results/sphere_samp282_N500_kappa50_block_12_results.npy
 create mode 100644 simulations_sphere/results/sphere_samp282_N50_kappa200_block_12_results.npy
 create mode 100644 simulations_sphere/results/sphere_samp282_N50_kappa50_block_12_results.npy
 create mode 100644 simulations_sphere/results/sphere_samp283_N100_kappa200_block_12_results.npy
 create mode 100644 simulations_sphere/results/sphere_samp283_N100_kappa50_block_12_results.npy
 create mode 100644 simulations_sphere/results/sphere_samp283_N200_kappa200_block_12_results.npy
 create mode 100644 simulations_sphere/results/sphere_samp283_N200_kappa50_block_12_results.npy
 create mode 100644 simulations_sphere/results/sphere_samp283_N500_kappa200_block_12_results.npy
 create mode 100644 simulations_sphere/results/sphere_samp283_N500_kappa50_block_12_results.npy
 create mode 100644 simulations_sphere/results/sphere_samp283_N50_kappa200_block_12_results.npy
 create mode 100644 simulations_sphere/results/sphere_samp283_N50_kappa50_block_12_results.npy
 create mode 100644 simulations_sphere/results/sphere_samp284_N100_kappa200_block_12_results.npy
 create mode 100644 simulations_sphere/results/sphere_samp284_N100_kappa50_block_12_results.npy
 create mode 100644 simulations_sphere/results/sphere_samp284_N200_kappa200_block_12_results.npy
 create mode 100644 simulations_sphere/results/sphere_samp284_N200_kappa50_block_12_results.npy
 create mode 100644 simulations_sphere/results/sphere_samp284_N500_kappa200_block_12_results.npy
 create mode 100644 simulations_sphere/results/sphere_samp284_N500_kappa50_block_12_results.npy
 create mode 100644 simulations_sphere/results/sphere_samp284_N50_kappa200_block_12_results.npy
 create mode 100644 simulations_sphere/results/sphere_samp284_N50_kappa50_block_12_results.npy
 create mode 100644 simulations_sphere/results/sphere_samp285_N100_kappa200_block_12_results.npy
 create mode 100644 simulations_sphere/results/sphere_samp285_N100_kappa50_block_12_results.npy
 create mode 100644 simulations_sphere/results/sphere_samp285_N200_kappa200_block_12_results.npy
 create mode 100644 simulations_sphere/results/sphere_samp285_N200_kappa50_block_12_results.npy
 create mode 100644 simulations_sphere/results/sphere_samp285_N500_kappa200_block_12_results.npy
 create mode 100644 simulations_sphere/results/sphere_samp285_N500_kappa50_block_12_results.npy
 create mode 100644 simulations_sphere/results/sphere_samp285_N50_kappa200_block_12_results.npy
 create mode 100644 simulations_sphere/results/sphere_samp285_N50_kappa50_block_12_results.npy
 create mode 100644 simulations_sphere/results/sphere_samp286_N100_kappa200_block_12_results.npy
 create mode 100644 simulations_sphere/results/sphere_samp286_N100_kappa50_block_12_results.npy
 create mode 100644 simulations_sphere/results/sphere_samp286_N200_kappa200_block_12_results.npy
 create mode 100644 simulations_sphere/results/sphere_samp286_N200_kappa50_block_12_results.npy
 create mode 100644 simulations_sphere/results/sphere_samp286_N500_kappa200_block_12_results.npy
 create mode 100644 simulations_sphere/results/sphere_samp286_N500_kappa50_block_12_results.npy
 create mode 100644 simulations_sphere/results/sphere_samp286_N50_kappa200_block_12_results.npy
 create mode 100644 simulations_sphere/results/sphere_samp286_N50_kappa50_block_12_results.npy
 create mode 100644 simulations_sphere/results/sphere_samp287_N100_kappa200_block_12_results.npy
 create mode 100644 simulations_sphere/results/sphere_samp287_N100_kappa50_block_12_results.npy
 create mode 100644 simulations_sphere/results/sphere_samp287_N200_kappa200_block_12_results.npy
 create mode 100644 simulations_sphere/results/sphere_samp287_N200_kappa50_block_12_results.npy
 create mode 100644 simulations_sphere/results/sphere_samp287_N500_kappa200_block_12_results.npy
 create mode 100644 simulations_sphere/results/sphere_samp287_N500_kappa50_block_12_results.npy
 create mode 100644 simulations_sphere/results/sphere_samp287_N50_kappa200_block_12_results.npy
 create mode 100644 simulations_sphere/results/sphere_samp287_N50_kappa50_block_12_results.npy
 create mode 100644 simulations_sphere/results/sphere_samp288_N100_kappa200_block_12_results.npy
 create mode 100644 simulations_sphere/results/sphere_samp288_N100_kappa50_block_12_results.npy
 create mode 100644 simulations_sphere/results/sphere_samp288_N200_kappa200_block_12_results.npy
 create mode 100644 simulations_sphere/results/sphere_samp288_N200_kappa50_block_12_results.npy
 create mode 100644 simulations_sphere/results/sphere_samp288_N500_kappa200_block_12_results.npy
 create mode 100644 simulations_sphere/results/sphere_samp288_N500_kappa50_block_12_results.npy
 create mode 100644 simulations_sphere/results/sphere_samp288_N50_kappa200_block_12_results.npy
 create mode 100644 simulations_sphere/results/sphere_samp288_N50_kappa50_block_12_results.npy
 create mode 100644 simulations_sphere/results/sphere_samp289_N100_kappa200_block_12_results.npy
 create mode 100644 simulations_sphere/results/sphere_samp289_N100_kappa50_block_12_results.npy
 create mode 100644 simulations_sphere/results/sphere_samp289_N200_kappa200_block_12_results.npy
 create mode 100644 simulations_sphere/results/sphere_samp289_N200_kappa50_block_12_results.npy
 create mode 100644 simulations_sphere/results/sphere_samp289_N500_kappa200_block_12_results.npy
 create mode 100644 simulations_sphere/results/sphere_samp289_N500_kappa50_block_12_results.npy
 create mode 100644 simulations_sphere/results/sphere_samp289_N50_kappa200_block_12_results.npy
 create mode 100644 simulations_sphere/results/sphere_samp289_N50_kappa50_block_12_results.npy
 rewrite simulations_sphere/results/sphere_samp28_N100_kappa50_block_2_results.npy (62%)
 create mode 100644 simulations_sphere/results/sphere_samp290_N100_kappa200_block_12_results.npy
 create mode 100644 simulations_sphere/results/sphere_samp290_N100_kappa50_block_12_results.npy
 create mode 100644 simulations_sphere/results/sphere_samp290_N200_kappa200_block_12_results.npy
 create mode 100644 simulations_sphere/results/sphere_samp290_N200_kappa50_block_12_results.npy
 create mode 100644 simulations_sphere/results/sphere_samp290_N500_kappa200_block_12_results.npy
 create mode 100644 simulations_sphere/results/sphere_samp290_N500_kappa50_block_12_results.npy
 create mode 100644 simulations_sphere/results/sphere_samp290_N50_kappa200_block_12_results.npy
 create mode 100644 simulations_sphere/results/sphere_samp290_N50_kappa50_block_12_results.npy
 create mode 100644 simulations_sphere/results/sphere_samp291_N100_kappa200_block_12_results.npy
 create mode 100644 simulations_sphere/results/sphere_samp291_N100_kappa50_block_12_results.npy
 create mode 100644 simulations_sphere/results/sphere_samp291_N200_kappa200_block_12_results.npy
 create mode 100644 simulations_sphere/results/sphere_samp291_N200_kappa50_block_12_results.npy
 create mode 100644 simulations_sphere/results/sphere_samp291_N500_kappa200_block_12_results.npy
 create mode 100644 simulations_sphere/results/sphere_samp291_N500_kappa50_block_12_results.npy
 create mode 100644 simulations_sphere/results/sphere_samp291_N50_kappa200_block_12_results.npy
 create mode 100644 simulations_sphere/results/sphere_samp291_N50_kappa50_block_12_results.npy
 create mode 100644 simulations_sphere/results/sphere_samp292_N100_kappa200_block_12_results.npy
 create mode 100644 simulations_sphere/results/sphere_samp292_N100_kappa50_block_12_results.npy
 create mode 100644 simulations_sphere/results/sphere_samp292_N200_kappa200_block_12_results.npy
 create mode 100644 simulations_sphere/results/sphere_samp292_N200_kappa50_block_12_results.npy
 create mode 100644 simulations_sphere/results/sphere_samp292_N500_kappa200_block_12_results.npy
 create mode 100644 simulations_sphere/results/sphere_samp292_N500_kappa50_block_12_results.npy
 create mode 100644 simulations_sphere/results/sphere_samp292_N50_kappa200_block_12_results.npy
 create mode 100644 simulations_sphere/results/sphere_samp292_N50_kappa50_block_12_results.npy
 create mode 100644 simulations_sphere/results/sphere_samp293_N100_kappa200_block_12_results.npy
 create mode 100644 simulations_sphere/results/sphere_samp293_N100_kappa50_block_12_results.npy
 create mode 100644 simulations_sphere/results/sphere_samp293_N200_kappa200_block_12_results.npy
 create mode 100644 simulations_sphere/results/sphere_samp293_N200_kappa50_block_12_results.npy
 create mode 100644 simulations_sphere/results/sphere_samp293_N50_kappa200_block_12_results.npy
 create mode 100644 simulations_sphere/results/sphere_samp293_N50_kappa50_block_12_results.npy
 create mode 100644 simulations_sphere/results/sphere_samp294_N100_kappa200_block_12_results.npy
 create mode 100644 simulations_sphere/results/sphere_samp294_N100_kappa50_block_12_results.npy
 create mode 100644 simulations_sphere/results/sphere_samp294_N200_kappa200_block_12_results.npy
 create mode 100644 simulations_sphere/results/sphere_samp294_N200_kappa50_block_12_results.npy
 create mode 100644 simulations_sphere/results/sphere_samp294_N50_kappa200_block_12_results.npy
 create mode 100644 simulations_sphere/results/sphere_samp294_N50_kappa50_block_12_results.npy
 create mode 100644 simulations_sphere/results/sphere_samp295_N100_kappa200_block_12_results.npy
 create mode 100644 simulations_sphere/results/sphere_samp295_N100_kappa50_block_12_results.npy
 create mode 100644 simulations_sphere/results/sphere_samp295_N200_kappa200_block_12_results.npy
 create mode 100644 simulations_sphere/results/sphere_samp295_N200_kappa50_block_12_results.npy
 create mode 100644 simulations_sphere/results/sphere_samp295_N50_kappa200_block_12_results.npy
 create mode 100644 simulations_sphere/results/sphere_samp295_N50_kappa50_block_12_results.npy
 create mode 100644 simulations_sphere/results/sphere_samp296_N100_kappa200_block_12_results.npy
 create mode 100644 simulations_sphere/results/sphere_samp296_N100_kappa50_block_12_results.npy
 create mode 100644 simulations_sphere/results/sphere_samp296_N200_kappa200_block_12_results.npy
 create mode 100644 simulations_sphere/results/sphere_samp296_N200_kappa50_block_12_results.npy
 create mode 100644 simulations_sphere/results/sphere_samp296_N50_kappa200_block_12_results.npy
 create mode 100644 simulations_sphere/results/sphere_samp296_N50_kappa50_block_12_results.npy
 create mode 100644 simulations_sphere/results/sphere_samp297_N100_kappa200_block_12_results.npy
 create mode 100644 simulations_sphere/results/sphere_samp297_N100_kappa50_block_12_results.npy
 create mode 100644 simulations_sphere/results/sphere_samp297_N200_kappa200_block_12_results.npy
 create mode 100644 simulations_sphere/results/sphere_samp297_N200_kappa50_block_12_results.npy
 create mode 100644 simulations_sphere/results/sphere_samp297_N50_kappa200_block_12_results.npy
 create mode 100644 simulations_sphere/results/sphere_samp297_N50_kappa50_block_12_results.npy
 create mode 100644 simulations_sphere/results/sphere_samp298_N100_kappa200_block_12_results.npy
 create mode 100644 simulations_sphere/results/sphere_samp298_N100_kappa50_block_12_results.npy
 create mode 100644 simulations_sphere/results/sphere_samp298_N200_kappa200_block_12_results.npy
 create mode 100644 simulations_sphere/results/sphere_samp298_N200_kappa50_block_12_results.npy
 create mode 100644 simulations_sphere/results/sphere_samp298_N50_kappa200_block_12_results.npy
 create mode 100644 simulations_sphere/results/sphere_samp298_N50_kappa50_block_12_results.npy
 create mode 100644 simulations_sphere/results/sphere_samp299_N100_kappa200_block_12_results.npy
 create mode 100644 simulations_sphere/results/sphere_samp299_N100_kappa50_block_12_results.npy
 create mode 100644 simulations_sphere/results/sphere_samp299_N50_kappa200_block_12_results.npy
 create mode 100644 simulations_sphere/results/sphere_samp299_N50_kappa50_block_12_results.npy
 create mode 100644 simulations_sphere/results/sphere_samp300_N50_kappa200_block_12_results.npy
 create mode 100644 simulations_sphere/results/sphere_samp300_N50_kappa50_block_12_results.npy
 create mode 100644 simulations_sphere/results/sphere_samp301_N100_kappa200_block_13_results.npy
 create mode 100644 simulations_sphere/results/sphere_samp301_N100_kappa50_block_13_results.npy
 create mode 100644 simulations_sphere/results/sphere_samp301_N200_kappa200_block_13_results.npy
 create mode 100644 simulations_sphere/results/sphere_samp301_N200_kappa50_block_13_results.npy
 create mode 100644 simulations_sphere/results/sphere_samp301_N500_kappa200_block_13_results.npy
 create mode 100644 simulations_sphere/results/sphere_samp301_N500_kappa50_block_13_results.npy
 create mode 100644 simulations_sphere/results/sphere_samp301_N50_kappa200_block_13_results.npy
 create mode 100644 simulations_sphere/results/sphere_samp301_N50_kappa50_block_13_results.npy
 create mode 100644 simulations_sphere/results/sphere_samp302_N100_kappa200_block_13_results.npy
 create mode 100644 simulations_sphere/results/sphere_samp302_N100_kappa50_block_13_results.npy
 create mode 100644 simulations_sphere/results/sphere_samp302_N200_kappa200_block_13_results.npy
 create mode 100644 simulations_sphere/results/sphere_samp302_N200_kappa50_block_13_results.npy
 create mode 100644 simulations_sphere/results/sphere_samp302_N500_kappa200_block_13_results.npy
 create mode 100644 simulations_sphere/results/sphere_samp302_N500_kappa50_block_13_results.npy
 create mode 100644 simulations_sphere/results/sphere_samp302_N50_kappa200_block_13_results.npy
 create mode 100644 simulations_sphere/results/sphere_samp302_N50_kappa50_block_13_results.npy
 create mode 100644 simulations_sphere/results/sphere_samp303_N100_kappa200_block_13_results.npy
 create mode 100644 simulations_sphere/results/sphere_samp303_N100_kappa50_block_13_results.npy
 create mode 100644 simulations_sphere/results/sphere_samp303_N200_kappa200_block_13_results.npy
 create mode 100644 simulations_sphere/results/sphere_samp303_N200_kappa50_block_13_results.npy
 create mode 100644 simulations_sphere/results/sphere_samp303_N500_kappa200_block_13_results.npy
 create mode 100644 simulations_sphere/results/sphere_samp303_N500_kappa50_block_13_results.npy
 create mode 100644 simulations_sphere/results/sphere_samp303_N50_kappa200_block_13_results.npy
 create mode 100644 simulations_sphere/results/sphere_samp303_N50_kappa50_block_13_results.npy
 create mode 100644 simulations_sphere/results/sphere_samp304_N100_kappa200_block_13_results.npy
 create mode 100644 simulations_sphere/results/sphere_samp304_N100_kappa50_block_13_results.npy
 create mode 100644 simulations_sphere/results/sphere_samp304_N200_kappa200_block_13_results.npy
 create mode 100644 simulations_sphere/results/sphere_samp304_N200_kappa50_block_13_results.npy
 create mode 100644 simulations_sphere/results/sphere_samp304_N500_kappa200_block_13_results.npy
 create mode 100644 simulations_sphere/results/sphere_samp304_N500_kappa50_block_13_results.npy
 create mode 100644 simulations_sphere/results/sphere_samp304_N50_kappa200_block_13_results.npy
 create mode 100644 simulations_sphere/results/sphere_samp304_N50_kappa50_block_13_results.npy
 create mode 100644 simulations_sphere/results/sphere_samp305_N100_kappa200_block_13_results.npy
 create mode 100644 simulations_sphere/results/sphere_samp305_N100_kappa50_block_13_results.npy
 create mode 100644 simulations_sphere/results/sphere_samp305_N200_kappa200_block_13_results.npy
 create mode 100644 simulations_sphere/results/sphere_samp305_N200_kappa50_block_13_results.npy
 create mode 100644 simulations_sphere/results/sphere_samp305_N500_kappa200_block_13_results.npy
 create mode 100644 simulations_sphere/results/sphere_samp305_N500_kappa50_block_13_results.npy
 create mode 100644 simulations_sphere/results/sphere_samp305_N50_kappa200_block_13_results.npy
 create mode 100644 simulations_sphere/results/sphere_samp305_N50_kappa50_block_13_results.npy
 create mode 100644 simulations_sphere/results/sphere_samp306_N100_kappa200_block_13_results.npy
 create mode 100644 simulations_sphere/results/sphere_samp306_N100_kappa50_block_13_results.npy
 create mode 100644 simulations_sphere/results/sphere_samp306_N200_kappa200_block_13_results.npy
 create mode 100644 simulations_sphere/results/sphere_samp306_N200_kappa50_block_13_results.npy
 create mode 100644 simulations_sphere/results/sphere_samp306_N500_kappa200_block_13_results.npy
 create mode 100644 simulations_sphere/results/sphere_samp306_N500_kappa50_block_13_results.npy
 create mode 100644 simulations_sphere/results/sphere_samp306_N50_kappa200_block_13_results.npy
 create mode 100644 simulations_sphere/results/sphere_samp306_N50_kappa50_block_13_results.npy
 create mode 100644 simulations_sphere/results/sphere_samp307_N100_kappa200_block_13_results.npy
 create mode 100644 simulations_sphere/results/sphere_samp307_N100_kappa50_block_13_results.npy
 create mode 100644 simulations_sphere/results/sphere_samp307_N200_kappa200_block_13_results.npy
 create mode 100644 simulations_sphere/results/sphere_samp307_N200_kappa50_block_13_results.npy
 create mode 100644 simulations_sphere/results/sphere_samp307_N500_kappa200_block_13_results.npy
 create mode 100644 simulations_sphere/results/sphere_samp307_N500_kappa50_block_13_results.npy
 create mode 100644 simulations_sphere/results/sphere_samp307_N50_kappa200_block_13_results.npy
 create mode 100644 simulations_sphere/results/sphere_samp307_N50_kappa50_block_13_results.npy
 create mode 100644 simulations_sphere/results/sphere_samp308_N100_kappa200_block_13_results.npy
 create mode 100644 simulations_sphere/results/sphere_samp308_N100_kappa50_block_13_results.npy
 create mode 100644 simulations_sphere/results/sphere_samp308_N200_kappa200_block_13_results.npy
 create mode 100644 simulations_sphere/results/sphere_samp308_N200_kappa50_block_13_results.npy
 create mode 100644 simulations_sphere/results/sphere_samp308_N500_kappa200_block_13_results.npy
 create mode 100644 simulations_sphere/results/sphere_samp308_N500_kappa50_block_13_results.npy
 create mode 100644 simulations_sphere/results/sphere_samp308_N50_kappa200_block_13_results.npy
 create mode 100644 simulations_sphere/results/sphere_samp308_N50_kappa50_block_13_results.npy
 create mode 100644 simulations_sphere/results/sphere_samp309_N100_kappa200_block_13_results.npy
 create mode 100644 simulations_sphere/results/sphere_samp309_N100_kappa50_block_13_results.npy
 create mode 100644 simulations_sphere/results/sphere_samp309_N200_kappa200_block_13_results.npy
 create mode 100644 simulations_sphere/results/sphere_samp309_N200_kappa50_block_13_results.npy
 create mode 100644 simulations_sphere/results/sphere_samp309_N500_kappa200_block_13_results.npy
 create mode 100644 simulations_sphere/results/sphere_samp309_N500_kappa50_block_13_results.npy
 create mode 100644 simulations_sphere/results/sphere_samp309_N50_kappa200_block_13_results.npy
 create mode 100644 simulations_sphere/results/sphere_samp309_N50_kappa50_block_13_results.npy
 create mode 100644 simulations_sphere/results/sphere_samp310_N100_kappa200_block_13_results.npy
 create mode 100644 simulations_sphere/results/sphere_samp310_N100_kappa50_block_13_results.npy
 create mode 100644 simulations_sphere/results/sphere_samp310_N200_kappa200_block_13_results.npy
 create mode 100644 simulations_sphere/results/sphere_samp310_N200_kappa50_block_13_results.npy
 create mode 100644 simulations_sphere/results/sphere_samp310_N500_kappa200_block_13_results.npy
 create mode 100644 simulations_sphere/results/sphere_samp310_N500_kappa50_block_13_results.npy
 create mode 100644 simulations_sphere/results/sphere_samp310_N50_kappa200_block_13_results.npy
 create mode 100644 simulations_sphere/results/sphere_samp310_N50_kappa50_block_13_results.npy
 create mode 100644 simulations_sphere/results/sphere_samp311_N100_kappa200_block_13_results.npy
 create mode 100644 simulations_sphere/results/sphere_samp311_N100_kappa50_block_13_results.npy
 create mode 100644 simulations_sphere/results/sphere_samp311_N200_kappa200_block_13_results.npy
 create mode 100644 simulations_sphere/results/sphere_samp311_N200_kappa50_block_13_results.npy
 create mode 100644 simulations_sphere/results/sphere_samp311_N500_kappa200_block_13_results.npy
 create mode 100644 simulations_sphere/results/sphere_samp311_N500_kappa50_block_13_results.npy
 create mode 100644 simulations_sphere/results/sphere_samp311_N50_kappa200_block_13_results.npy
 create mode 100644 simulations_sphere/results/sphere_samp311_N50_kappa50_block_13_results.npy
 create mode 100644 simulations_sphere/results/sphere_samp312_N100_kappa200_block_13_results.npy
 create mode 100644 simulations_sphere/results/sphere_samp312_N100_kappa50_block_13_results.npy
 create mode 100644 simulations_sphere/results/sphere_samp312_N200_kappa200_block_13_results.npy
 create mode 100644 simulations_sphere/results/sphere_samp312_N200_kappa50_block_13_results.npy
 create mode 100644 simulations_sphere/results/sphere_samp312_N500_kappa200_block_13_results.npy
 create mode 100644 simulations_sphere/results/sphere_samp312_N500_kappa50_block_13_results.npy
 create mode 100644 simulations_sphere/results/sphere_samp312_N50_kappa200_block_13_results.npy
 create mode 100644 simulations_sphere/results/sphere_samp312_N50_kappa50_block_13_results.npy
 create mode 100644 simulations_sphere/results/sphere_samp313_N100_kappa200_block_13_results.npy
 create mode 100644 simulations_sphere/results/sphere_samp313_N100_kappa50_block_13_results.npy
 create mode 100644 simulations_sphere/results/sphere_samp313_N200_kappa200_block_13_results.npy
 create mode 100644 simulations_sphere/results/sphere_samp313_N200_kappa50_block_13_results.npy
 create mode 100644 simulations_sphere/results/sphere_samp313_N500_kappa200_block_13_results.npy
 create mode 100644 simulations_sphere/results/sphere_samp313_N500_kappa50_block_13_results.npy
 create mode 100644 simulations_sphere/results/sphere_samp313_N50_kappa200_block_13_results.npy
 create mode 100644 simulations_sphere/results/sphere_samp313_N50_kappa50_block_13_results.npy
 create mode 100644 simulations_sphere/results/sphere_samp314_N100_kappa200_block_13_results.npy
 create mode 100644 simulations_sphere/results/sphere_samp314_N100_kappa50_block_13_results.npy
 create mode 100644 simulations_sphere/results/sphere_samp314_N200_kappa200_block_13_results.npy
 create mode 100644 simulations_sphere/results/sphere_samp314_N200_kappa50_block_13_results.npy
 create mode 100644 simulations_sphere/results/sphere_samp314_N500_kappa200_block_13_results.npy
 create mode 100644 simulations_sphere/results/sphere_samp314_N500_kappa50_block_13_results.npy
 create mode 100644 simulations_sphere/results/sphere_samp314_N50_kappa200_block_13_results.npy
 create mode 100644 simulations_sphere/results/sphere_samp314_N50_kappa50_block_13_results.npy
 create mode 100644 simulations_sphere/results/sphere_samp315_N100_kappa200_block_13_results.npy
 create mode 100644 simulations_sphere/results/sphere_samp315_N100_kappa50_block_13_results.npy
 create mode 100644 simulations_sphere/results/sphere_samp315_N200_kappa200_block_13_results.npy
 create mode 100644 simulations_sphere/results/sphere_samp315_N200_kappa50_block_13_results.npy
 create mode 100644 simulations_sphere/results/sphere_samp315_N500_kappa50_block_13_results.npy
 create mode 100644 simulations_sphere/results/sphere_samp315_N50_kappa200_block_13_results.npy
 create mode 100644 simulations_sphere/results/sphere_samp315_N50_kappa50_block_13_results.npy
 create mode 100644 simulations_sphere/results/sphere_samp316_N100_kappa200_block_13_results.npy
 create mode 100644 simulations_sphere/results/sphere_samp316_N100_kappa50_block_13_results.npy
 create mode 100644 simulations_sphere/results/sphere_samp316_N200_kappa200_block_13_results.npy
 create mode 100644 simulations_sphere/results/sphere_samp316_N200_kappa50_block_13_results.npy
 create mode 100644 simulations_sphere/results/sphere_samp316_N50_kappa200_block_13_results.npy
 create mode 100644 simulations_sphere/results/sphere_samp316_N50_kappa50_block_13_results.npy
 create mode 100644 simulations_sphere/results/sphere_samp317_N100_kappa200_block_13_results.npy
 create mode 100644 simulations_sphere/results/sphere_samp317_N100_kappa50_block_13_results.npy
 create mode 100644 simulations_sphere/results/sphere_samp317_N200_kappa200_block_13_results.npy
 create mode 100644 simulations_sphere/results/sphere_samp317_N200_kappa50_block_13_results.npy
 create mode 100644 simulations_sphere/results/sphere_samp317_N50_kappa200_block_13_results.npy
 create mode 100644 simulations_sphere/results/sphere_samp317_N50_kappa50_block_13_results.npy
 create mode 100644 simulations_sphere/results/sphere_samp318_N100_kappa200_block_13_results.npy
 create mode 100644 simulations_sphere/results/sphere_samp318_N100_kappa50_block_13_results.npy
 create mode 100644 simulations_sphere/results/sphere_samp318_N200_kappa200_block_13_results.npy
 create mode 100644 simulations_sphere/results/sphere_samp318_N200_kappa50_block_13_results.npy
 create mode 100644 simulations_sphere/results/sphere_samp318_N50_kappa200_block_13_results.npy
 create mode 100644 simulations_sphere/results/sphere_samp318_N50_kappa50_block_13_results.npy
 create mode 100644 simulations_sphere/results/sphere_samp319_N100_kappa200_block_13_results.npy
 create mode 100644 simulations_sphere/results/sphere_samp319_N100_kappa50_block_13_results.npy
 create mode 100644 simulations_sphere/results/sphere_samp319_N200_kappa200_block_13_results.npy
 create mode 100644 simulations_sphere/results/sphere_samp319_N200_kappa50_block_13_results.npy
 create mode 100644 simulations_sphere/results/sphere_samp319_N50_kappa200_block_13_results.npy
 create mode 100644 simulations_sphere/results/sphere_samp319_N50_kappa50_block_13_results.npy
 create mode 100644 simulations_sphere/results/sphere_samp320_N100_kappa200_block_13_results.npy
 create mode 100644 simulations_sphere/results/sphere_samp320_N100_kappa50_block_13_results.npy
 create mode 100644 simulations_sphere/results/sphere_samp320_N200_kappa200_block_13_results.npy
 create mode 100644 simulations_sphere/results/sphere_samp320_N200_kappa50_block_13_results.npy
 create mode 100644 simulations_sphere/results/sphere_samp320_N50_kappa200_block_13_results.npy
 create mode 100644 simulations_sphere/results/sphere_samp320_N50_kappa50_block_13_results.npy
 create mode 100644 simulations_sphere/results/sphere_samp321_N100_kappa200_block_13_results.npy
 create mode 100644 simulations_sphere/results/sphere_samp321_N100_kappa50_block_13_results.npy
 create mode 100644 simulations_sphere/results/sphere_samp321_N200_kappa200_block_13_results.npy
 create mode 100644 simulations_sphere/results/sphere_samp321_N200_kappa50_block_13_results.npy
 create mode 100644 simulations_sphere/results/sphere_samp321_N50_kappa200_block_13_results.npy
 create mode 100644 simulations_sphere/results/sphere_samp321_N50_kappa50_block_13_results.npy
 create mode 100644 simulations_sphere/results/sphere_samp322_N100_kappa200_block_13_results.npy
 create mode 100644 simulations_sphere/results/sphere_samp322_N100_kappa50_block_13_results.npy
 create mode 100644 simulations_sphere/results/sphere_samp322_N50_kappa200_block_13_results.npy
 create mode 100644 simulations_sphere/results/sphere_samp322_N50_kappa50_block_13_results.npy
 create mode 100644 simulations_sphere/results/sphere_samp323_N100_kappa200_block_13_results.npy
 create mode 100644 simulations_sphere/results/sphere_samp323_N100_kappa50_block_13_results.npy
 create mode 100644 simulations_sphere/results/sphere_samp323_N50_kappa200_block_13_results.npy
 create mode 100644 simulations_sphere/results/sphere_samp323_N50_kappa50_block_13_results.npy
 create mode 100644 simulations_sphere/results/sphere_samp324_N50_kappa200_block_13_results.npy
 create mode 100644 simulations_sphere/results/sphere_samp325_N100_kappa200_block_13_results.npy
 create mode 100644 simulations_sphere/results/sphere_samp325_N100_kappa50_block_13_results.npy
 create mode 100644 simulations_sphere/results/sphere_samp325_N200_kappa200_block_13_results.npy
 create mode 100644 simulations_sphere/results/sphere_samp325_N200_kappa50_block_13_results.npy
 create mode 100644 simulations_sphere/results/sphere_samp325_N500_kappa200_block_13_results.npy
 create mode 100644 simulations_sphere/results/sphere_samp325_N500_kappa50_block_13_results.npy
 create mode 100644 simulations_sphere/results/sphere_samp325_N50_kappa200_block_13_results.npy
 create mode 100644 simulations_sphere/results/sphere_samp325_N50_kappa50_block_13_results.npy
 create mode 100644 simulations_sphere/results/sphere_samp326_N100_kappa200_block_14_results.npy
 create mode 100644 simulations_sphere/results/sphere_samp326_N100_kappa50_block_14_results.npy
 create mode 100644 simulations_sphere/results/sphere_samp326_N200_kappa200_block_14_results.npy
 create mode 100644 simulations_sphere/results/sphere_samp326_N200_kappa50_block_14_results.npy
 create mode 100644 simulations_sphere/results/sphere_samp326_N500_kappa200_block_14_results.npy
 create mode 100644 simulations_sphere/results/sphere_samp326_N500_kappa50_block_14_results.npy
 create mode 100644 simulations_sphere/results/sphere_samp326_N50_kappa200_block_14_results.npy
 create mode 100644 simulations_sphere/results/sphere_samp326_N50_kappa50_block_14_results.npy
 create mode 100644 simulations_sphere/results/sphere_samp327_N100_kappa200_block_14_results.npy
 create mode 100644 simulations_sphere/results/sphere_samp327_N100_kappa50_block_14_results.npy
 create mode 100644 simulations_sphere/results/sphere_samp327_N200_kappa200_block_14_results.npy
 create mode 100644 simulations_sphere/results/sphere_samp327_N200_kappa50_block_14_results.npy
 create mode 100644 simulations_sphere/results/sphere_samp327_N500_kappa200_block_14_results.npy
 create mode 100644 simulations_sphere/results/sphere_samp327_N500_kappa50_block_14_results.npy
 create mode 100644 simulations_sphere/results/sphere_samp327_N50_kappa200_block_14_results.npy
 create mode 100644 simulations_sphere/results/sphere_samp327_N50_kappa50_block_14_results.npy
 create mode 100644 simulations_sphere/results/sphere_samp328_N100_kappa200_block_14_results.npy
 create mode 100644 simulations_sphere/results/sphere_samp328_N100_kappa50_block_14_results.npy
 create mode 100644 simulations_sphere/results/sphere_samp328_N200_kappa200_block_14_results.npy
 create mode 100644 simulations_sphere/results/sphere_samp328_N200_kappa50_block_14_results.npy
 create mode 100644 simulations_sphere/results/sphere_samp328_N500_kappa200_block_14_results.npy
 create mode 100644 simulations_sphere/results/sphere_samp328_N500_kappa50_block_14_results.npy
 create mode 100644 simulations_sphere/results/sphere_samp328_N50_kappa200_block_14_results.npy
 create mode 100644 simulations_sphere/results/sphere_samp328_N50_kappa50_block_14_results.npy
 create mode 100644 simulations_sphere/results/sphere_samp329_N100_kappa200_block_14_results.npy
 create mode 100644 simulations_sphere/results/sphere_samp329_N100_kappa50_block_14_results.npy
 create mode 100644 simulations_sphere/results/sphere_samp329_N200_kappa200_block_14_results.npy
 create mode 100644 simulations_sphere/results/sphere_samp329_N200_kappa50_block_14_results.npy
 create mode 100644 simulations_sphere/results/sphere_samp329_N500_kappa200_block_14_results.npy
 create mode 100644 simulations_sphere/results/sphere_samp329_N500_kappa50_block_14_results.npy
 create mode 100644 simulations_sphere/results/sphere_samp329_N50_kappa200_block_14_results.npy
 create mode 100644 simulations_sphere/results/sphere_samp329_N50_kappa50_block_14_results.npy
 rewrite simulations_sphere/results/sphere_samp32_N100_kappa50_block_2_results.npy (64%)
 create mode 100644 simulations_sphere/results/sphere_samp330_N100_kappa200_block_14_results.npy
 create mode 100644 simulations_sphere/results/sphere_samp330_N100_kappa50_block_14_results.npy
 create mode 100644 simulations_sphere/results/sphere_samp330_N200_kappa200_block_14_results.npy
 create mode 100644 simulations_sphere/results/sphere_samp330_N200_kappa50_block_14_results.npy
 create mode 100644 simulations_sphere/results/sphere_samp330_N500_kappa200_block_14_results.npy
 create mode 100644 simulations_sphere/results/sphere_samp330_N500_kappa50_block_14_results.npy
 create mode 100644 simulations_sphere/results/sphere_samp330_N50_kappa200_block_14_results.npy
 create mode 100644 simulations_sphere/results/sphere_samp330_N50_kappa50_block_14_results.npy
 create mode 100644 simulations_sphere/results/sphere_samp331_N100_kappa200_block_14_results.npy
 create mode 100644 simulations_sphere/results/sphere_samp331_N100_kappa50_block_14_results.npy
 create mode 100644 simulations_sphere/results/sphere_samp331_N200_kappa200_block_14_results.npy
 create mode 100644 simulations_sphere/results/sphere_samp331_N200_kappa50_block_14_results.npy
 create mode 100644 simulations_sphere/results/sphere_samp331_N500_kappa200_block_14_results.npy
 create mode 100644 simulations_sphere/results/sphere_samp331_N500_kappa50_block_14_results.npy
 create mode 100644 simulations_sphere/results/sphere_samp331_N50_kappa200_block_14_results.npy
 create mode 100644 simulations_sphere/results/sphere_samp331_N50_kappa50_block_14_results.npy
 create mode 100644 simulations_sphere/results/sphere_samp332_N100_kappa200_block_14_results.npy
 create mode 100644 simulations_sphere/results/sphere_samp332_N100_kappa50_block_14_results.npy
 create mode 100644 simulations_sphere/results/sphere_samp332_N200_kappa200_block_14_results.npy
 create mode 100644 simulations_sphere/results/sphere_samp332_N200_kappa50_block_14_results.npy
 create mode 100644 simulations_sphere/results/sphere_samp332_N500_kappa200_block_14_results.npy
 create mode 100644 simulations_sphere/results/sphere_samp332_N500_kappa50_block_14_results.npy
 create mode 100644 simulations_sphere/results/sphere_samp332_N50_kappa200_block_14_results.npy
 create mode 100644 simulations_sphere/results/sphere_samp332_N50_kappa50_block_14_results.npy
 create mode 100644 simulations_sphere/results/sphere_samp333_N100_kappa200_block_14_results.npy
 create mode 100644 simulations_sphere/results/sphere_samp333_N100_kappa50_block_14_results.npy
 create mode 100644 simulations_sphere/results/sphere_samp333_N200_kappa200_block_14_results.npy
 create mode 100644 simulations_sphere/results/sphere_samp333_N200_kappa50_block_14_results.npy
 create mode 100644 simulations_sphere/results/sphere_samp333_N500_kappa200_block_14_results.npy
 create mode 100644 simulations_sphere/results/sphere_samp333_N500_kappa50_block_14_results.npy
 create mode 100644 simulations_sphere/results/sphere_samp333_N50_kappa200_block_14_results.npy
 create mode 100644 simulations_sphere/results/sphere_samp333_N50_kappa50_block_14_results.npy
 create mode 100644 simulations_sphere/results/sphere_samp334_N100_kappa200_block_14_results.npy
 create mode 100644 simulations_sphere/results/sphere_samp334_N100_kappa50_block_14_results.npy
 create mode 100644 simulations_sphere/results/sphere_samp334_N200_kappa200_block_14_results.npy
 create mode 100644 simulations_sphere/results/sphere_samp334_N200_kappa50_block_14_results.npy
 create mode 100644 simulations_sphere/results/sphere_samp334_N500_kappa200_block_14_results.npy
 create mode 100644 simulations_sphere/results/sphere_samp334_N500_kappa50_block_14_results.npy
 create mode 100644 simulations_sphere/results/sphere_samp334_N50_kappa200_block_14_results.npy
 create mode 100644 simulations_sphere/results/sphere_samp334_N50_kappa50_block_14_results.npy
 create mode 100644 simulations_sphere/results/sphere_samp335_N100_kappa200_block_14_results.npy
 create mode 100644 simulations_sphere/results/sphere_samp335_N100_kappa50_block_14_results.npy
 create mode 100644 simulations_sphere/results/sphere_samp335_N200_kappa200_block_14_results.npy
 create mode 100644 simulations_sphere/results/sphere_samp335_N200_kappa50_block_14_results.npy
 create mode 100644 simulations_sphere/results/sphere_samp335_N500_kappa200_block_14_results.npy
 create mode 100644 simulations_sphere/results/sphere_samp335_N500_kappa50_block_14_results.npy
 create mode 100644 simulations_sphere/results/sphere_samp335_N50_kappa200_block_14_results.npy
 create mode 100644 simulations_sphere/results/sphere_samp335_N50_kappa50_block_14_results.npy
 create mode 100644 simulations_sphere/results/sphere_samp336_N100_kappa200_block_14_results.npy
 create mode 100644 simulations_sphere/results/sphere_samp336_N100_kappa50_block_14_results.npy
 create mode 100644 simulations_sphere/results/sphere_samp336_N200_kappa200_block_14_results.npy
 create mode 100644 simulations_sphere/results/sphere_samp336_N200_kappa50_block_14_results.npy
 create mode 100644 simulations_sphere/results/sphere_samp336_N500_kappa200_block_14_results.npy
 create mode 100644 simulations_sphere/results/sphere_samp336_N500_kappa50_block_14_results.npy
 create mode 100644 simulations_sphere/results/sphere_samp336_N50_kappa200_block_14_results.npy
 create mode 100644 simulations_sphere/results/sphere_samp336_N50_kappa50_block_14_results.npy
 create mode 100644 simulations_sphere/results/sphere_samp337_N100_kappa200_block_14_results.npy
 create mode 100644 simulations_sphere/results/sphere_samp337_N100_kappa50_block_14_results.npy
 create mode 100644 simulations_sphere/results/sphere_samp337_N200_kappa200_block_14_results.npy
 create mode 100644 simulations_sphere/results/sphere_samp337_N200_kappa50_block_14_results.npy
 create mode 100644 simulations_sphere/results/sphere_samp337_N500_kappa200_block_14_results.npy
 create mode 100644 simulations_sphere/results/sphere_samp337_N500_kappa50_block_14_results.npy
 create mode 100644 simulations_sphere/results/sphere_samp337_N50_kappa200_block_14_results.npy
 create mode 100644 simulations_sphere/results/sphere_samp337_N50_kappa50_block_14_results.npy
 create mode 100644 simulations_sphere/results/sphere_samp338_N100_kappa200_block_14_results.npy
 create mode 100644 simulations_sphere/results/sphere_samp338_N100_kappa50_block_14_results.npy
 create mode 100644 simulations_sphere/results/sphere_samp338_N200_kappa200_block_14_results.npy
 create mode 100644 simulations_sphere/results/sphere_samp338_N200_kappa50_block_14_results.npy
 create mode 100644 simulations_sphere/results/sphere_samp338_N500_kappa200_block_14_results.npy
 create mode 100644 simulations_sphere/results/sphere_samp338_N500_kappa50_block_14_results.npy
 create mode 100644 simulations_sphere/results/sphere_samp338_N50_kappa200_block_14_results.npy
 create mode 100644 simulations_sphere/results/sphere_samp338_N50_kappa50_block_14_results.npy
 create mode 100644 simulations_sphere/results/sphere_samp339_N100_kappa200_block_14_results.npy
 create mode 100644 simulations_sphere/results/sphere_samp339_N100_kappa50_block_14_results.npy
 create mode 100644 simulations_sphere/results/sphere_samp339_N200_kappa200_block_14_results.npy
 create mode 100644 simulations_sphere/results/sphere_samp339_N200_kappa50_block_14_results.npy
 create mode 100644 simulations_sphere/results/sphere_samp339_N500_kappa200_block_14_results.npy
 create mode 100644 simulations_sphere/results/sphere_samp339_N500_kappa50_block_14_results.npy
 create mode 100644 simulations_sphere/results/sphere_samp339_N50_kappa200_block_14_results.npy
 create mode 100644 simulations_sphere/results/sphere_samp339_N50_kappa50_block_14_results.npy
 create mode 100644 simulations_sphere/results/sphere_samp340_N100_kappa200_block_14_results.npy
 create mode 100644 simulations_sphere/results/sphere_samp340_N100_kappa50_block_14_results.npy
 create mode 100644 simulations_sphere/results/sphere_samp340_N200_kappa200_block_14_results.npy
 create mode 100644 simulations_sphere/results/sphere_samp340_N200_kappa50_block_14_results.npy
 create mode 100644 simulations_sphere/results/sphere_samp340_N50_kappa200_block_14_results.npy
 create mode 100644 simulations_sphere/results/sphere_samp340_N50_kappa50_block_14_results.npy
 create mode 100644 simulations_sphere/results/sphere_samp341_N100_kappa200_block_14_results.npy
 create mode 100644 simulations_sphere/results/sphere_samp341_N100_kappa50_block_14_results.npy
 create mode 100644 simulations_sphere/results/sphere_samp341_N200_kappa200_block_14_results.npy
 create mode 100644 simulations_sphere/results/sphere_samp341_N200_kappa50_block_14_results.npy
 create mode 100644 simulations_sphere/results/sphere_samp341_N50_kappa200_block_14_results.npy
 create mode 100644 simulations_sphere/results/sphere_samp341_N50_kappa50_block_14_results.npy
 create mode 100644 simulations_sphere/results/sphere_samp342_N100_kappa200_block_14_results.npy
 create mode 100644 simulations_sphere/results/sphere_samp342_N100_kappa50_block_14_results.npy
 create mode 100644 simulations_sphere/results/sphere_samp342_N200_kappa200_block_14_results.npy
 create mode 100644 simulations_sphere/results/sphere_samp342_N200_kappa50_block_14_results.npy
 create mode 100644 simulations_sphere/results/sphere_samp342_N50_kappa200_block_14_results.npy
 create mode 100644 simulations_sphere/results/sphere_samp342_N50_kappa50_block_14_results.npy
 create mode 100644 simulations_sphere/results/sphere_samp343_N100_kappa200_block_14_results.npy
 create mode 100644 simulations_sphere/results/sphere_samp343_N100_kappa50_block_14_results.npy
 create mode 100644 simulations_sphere/results/sphere_samp343_N200_kappa200_block_14_results.npy
 create mode 100644 simulations_sphere/results/sphere_samp343_N200_kappa50_block_14_results.npy
 create mode 100644 simulations_sphere/results/sphere_samp343_N50_kappa200_block_14_results.npy
 create mode 100644 simulations_sphere/results/sphere_samp343_N50_kappa50_block_14_results.npy
 create mode 100644 simulations_sphere/results/sphere_samp344_N100_kappa200_block_14_results.npy
 create mode 100644 simulations_sphere/results/sphere_samp344_N100_kappa50_block_14_results.npy
 create mode 100644 simulations_sphere/results/sphere_samp344_N200_kappa200_block_14_results.npy
 create mode 100644 simulations_sphere/results/sphere_samp344_N200_kappa50_block_14_results.npy
 create mode 100644 simulations_sphere/results/sphere_samp344_N50_kappa200_block_14_results.npy
 create mode 100644 simulations_sphere/results/sphere_samp344_N50_kappa50_block_14_results.npy
 create mode 100644 simulations_sphere/results/sphere_samp345_N100_kappa200_block_14_results.npy
 create mode 100644 simulations_sphere/results/sphere_samp345_N100_kappa50_block_14_results.npy
 create mode 100644 simulations_sphere/results/sphere_samp345_N200_kappa200_block_14_results.npy
 create mode 100644 simulations_sphere/results/sphere_samp345_N200_kappa50_block_14_results.npy
 create mode 100644 simulations_sphere/results/sphere_samp345_N50_kappa200_block_14_results.npy
 create mode 100644 simulations_sphere/results/sphere_samp345_N50_kappa50_block_14_results.npy
 create mode 100644 simulations_sphere/results/sphere_samp346_N100_kappa200_block_14_results.npy
 create mode 100644 simulations_sphere/results/sphere_samp346_N100_kappa50_block_14_results.npy
 create mode 100644 simulations_sphere/results/sphere_samp346_N50_kappa200_block_14_results.npy
 create mode 100644 simulations_sphere/results/sphere_samp346_N50_kappa50_block_14_results.npy
 create mode 100644 simulations_sphere/results/sphere_samp347_N100_kappa200_block_14_results.npy
 create mode 100644 simulations_sphere/results/sphere_samp347_N100_kappa50_block_14_results.npy
 create mode 100644 simulations_sphere/results/sphere_samp347_N50_kappa200_block_14_results.npy
 create mode 100644 simulations_sphere/results/sphere_samp347_N50_kappa50_block_14_results.npy
 create mode 100644 simulations_sphere/results/sphere_samp348_N100_kappa200_block_14_results.npy
 create mode 100644 simulations_sphere/results/sphere_samp348_N50_kappa200_block_14_results.npy
 create mode 100644 simulations_sphere/results/sphere_samp348_N50_kappa50_block_14_results.npy
 create mode 100644 simulations_sphere/results/sphere_samp350_N100_kappa200_block_14_results.npy
 create mode 100644 simulations_sphere/results/sphere_samp350_N100_kappa50_block_14_results.npy
 create mode 100644 simulations_sphere/results/sphere_samp350_N200_kappa200_block_14_results.npy
 create mode 100644 simulations_sphere/results/sphere_samp350_N200_kappa50_block_14_results.npy
 create mode 100644 simulations_sphere/results/sphere_samp350_N500_kappa200_block_14_results.npy
 create mode 100644 simulations_sphere/results/sphere_samp350_N500_kappa50_block_14_results.npy
 create mode 100644 simulations_sphere/results/sphere_samp350_N50_kappa200_block_14_results.npy
 create mode 100644 simulations_sphere/results/sphere_samp350_N50_kappa50_block_14_results.npy
 create mode 100644 simulations_sphere/results/sphere_samp351_N100_kappa200_block_15_results.npy
 create mode 100644 simulations_sphere/results/sphere_samp351_N100_kappa50_block_15_results.npy
 create mode 100644 simulations_sphere/results/sphere_samp351_N200_kappa200_block_15_results.npy
 create mode 100644 simulations_sphere/results/sphere_samp351_N200_kappa50_block_15_results.npy
 create mode 100644 simulations_sphere/results/sphere_samp351_N500_kappa200_block_15_results.npy
 create mode 100644 simulations_sphere/results/sphere_samp351_N500_kappa50_block_15_results.npy
 create mode 100644 simulations_sphere/results/sphere_samp351_N50_kappa200_block_15_results.npy
 create mode 100644 simulations_sphere/results/sphere_samp351_N50_kappa50_block_15_results.npy
 create mode 100644 simulations_sphere/results/sphere_samp352_N100_kappa200_block_15_results.npy
 create mode 100644 simulations_sphere/results/sphere_samp352_N100_kappa50_block_15_results.npy
 create mode 100644 simulations_sphere/results/sphere_samp352_N200_kappa200_block_15_results.npy
 create mode 100644 simulations_sphere/results/sphere_samp352_N200_kappa50_block_15_results.npy
 create mode 100644 simulations_sphere/results/sphere_samp352_N500_kappa200_block_15_results.npy
 create mode 100644 simulations_sphere/results/sphere_samp352_N500_kappa50_block_15_results.npy
 create mode 100644 simulations_sphere/results/sphere_samp352_N50_kappa200_block_15_results.npy
 create mode 100644 simulations_sphere/results/sphere_samp352_N50_kappa50_block_15_results.npy
 create mode 100644 simulations_sphere/results/sphere_samp353_N100_kappa200_block_15_results.npy
 create mode 100644 simulations_sphere/results/sphere_samp353_N100_kappa50_block_15_results.npy
 create mode 100644 simulations_sphere/results/sphere_samp353_N200_kappa200_block_15_results.npy
 create mode 100644 simulations_sphere/results/sphere_samp353_N200_kappa50_block_15_results.npy
 create mode 100644 simulations_sphere/results/sphere_samp353_N500_kappa200_block_15_results.npy
 create mode 100644 simulations_sphere/results/sphere_samp353_N500_kappa50_block_15_results.npy
 create mode 100644 simulations_sphere/results/sphere_samp353_N50_kappa200_block_15_results.npy
 create mode 100644 simulations_sphere/results/sphere_samp353_N50_kappa50_block_15_results.npy
 create mode 100644 simulations_sphere/results/sphere_samp354_N100_kappa200_block_15_results.npy
 create mode 100644 simulations_sphere/results/sphere_samp354_N100_kappa50_block_15_results.npy
 create mode 100644 simulations_sphere/results/sphere_samp354_N200_kappa200_block_15_results.npy
 create mode 100644 simulations_sphere/results/sphere_samp354_N200_kappa50_block_15_results.npy
 create mode 100644 simulations_sphere/results/sphere_samp354_N500_kappa200_block_15_results.npy
 create mode 100644 simulations_sphere/results/sphere_samp354_N500_kappa50_block_15_results.npy
 create mode 100644 simulations_sphere/results/sphere_samp354_N50_kappa200_block_15_results.npy
 create mode 100644 simulations_sphere/results/sphere_samp354_N50_kappa50_block_15_results.npy
 create mode 100644 simulations_sphere/results/sphere_samp355_N100_kappa200_block_15_results.npy
 create mode 100644 simulations_sphere/results/sphere_samp355_N100_kappa50_block_15_results.npy
 create mode 100644 simulations_sphere/results/sphere_samp355_N200_kappa200_block_15_results.npy
 create mode 100644 simulations_sphere/results/sphere_samp355_N200_kappa50_block_15_results.npy
 create mode 100644 simulations_sphere/results/sphere_samp355_N500_kappa200_block_15_results.npy
 create mode 100644 simulations_sphere/results/sphere_samp355_N500_kappa50_block_15_results.npy
 create mode 100644 simulations_sphere/results/sphere_samp355_N50_kappa200_block_15_results.npy
 create mode 100644 simulations_sphere/results/sphere_samp355_N50_kappa50_block_15_results.npy
 create mode 100644 simulations_sphere/results/sphere_samp356_N100_kappa200_block_15_results.npy
 create mode 100644 simulations_sphere/results/sphere_samp356_N100_kappa50_block_15_results.npy
 create mode 100644 simulations_sphere/results/sphere_samp356_N200_kappa200_block_15_results.npy
 create mode 100644 simulations_sphere/results/sphere_samp356_N200_kappa50_block_15_results.npy
 create mode 100644 simulations_sphere/results/sphere_samp356_N500_kappa200_block_15_results.npy
 create mode 100644 simulations_sphere/results/sphere_samp356_N500_kappa50_block_15_results.npy
 create mode 100644 simulations_sphere/results/sphere_samp356_N50_kappa200_block_15_results.npy
 create mode 100644 simulations_sphere/results/sphere_samp356_N50_kappa50_block_15_results.npy
 create mode 100644 simulations_sphere/results/sphere_samp357_N100_kappa200_block_15_results.npy
 create mode 100644 simulations_sphere/results/sphere_samp357_N100_kappa50_block_15_results.npy
 create mode 100644 simulations_sphere/results/sphere_samp357_N200_kappa200_block_15_results.npy
 create mode 100644 simulations_sphere/results/sphere_samp357_N200_kappa50_block_15_results.npy
 create mode 100644 simulations_sphere/results/sphere_samp357_N500_kappa200_block_15_results.npy
 create mode 100644 simulations_sphere/results/sphere_samp357_N500_kappa50_block_15_results.npy
 create mode 100644 simulations_sphere/results/sphere_samp357_N50_kappa200_block_15_results.npy
 create mode 100644 simulations_sphere/results/sphere_samp357_N50_kappa50_block_15_results.npy
 create mode 100644 simulations_sphere/results/sphere_samp358_N100_kappa200_block_15_results.npy
 create mode 100644 simulations_sphere/results/sphere_samp358_N100_kappa50_block_15_results.npy
 create mode 100644 simulations_sphere/results/sphere_samp358_N200_kappa200_block_15_results.npy
 create mode 100644 simulations_sphere/results/sphere_samp358_N200_kappa50_block_15_results.npy
 create mode 100644 simulations_sphere/results/sphere_samp358_N500_kappa200_block_15_results.npy
 create mode 100644 simulations_sphere/results/sphere_samp358_N500_kappa50_block_15_results.npy
 create mode 100644 simulations_sphere/results/sphere_samp358_N50_kappa200_block_15_results.npy
 create mode 100644 simulations_sphere/results/sphere_samp358_N50_kappa50_block_15_results.npy
 create mode 100644 simulations_sphere/results/sphere_samp359_N100_kappa200_block_15_results.npy
 create mode 100644 simulations_sphere/results/sphere_samp359_N100_kappa50_block_15_results.npy
 create mode 100644 simulations_sphere/results/sphere_samp359_N200_kappa200_block_15_results.npy
 create mode 100644 simulations_sphere/results/sphere_samp359_N200_kappa50_block_15_results.npy
 create mode 100644 simulations_sphere/results/sphere_samp359_N500_kappa200_block_15_results.npy
 create mode 100644 simulations_sphere/results/sphere_samp359_N500_kappa50_block_15_results.npy
 create mode 100644 simulations_sphere/results/sphere_samp359_N50_kappa200_block_15_results.npy
 create mode 100644 simulations_sphere/results/sphere_samp359_N50_kappa50_block_15_results.npy
 create mode 100644 simulations_sphere/results/sphere_samp360_N100_kappa200_block_15_results.npy
 create mode 100644 simulations_sphere/results/sphere_samp360_N100_kappa50_block_15_results.npy
 create mode 100644 simulations_sphere/results/sphere_samp360_N200_kappa200_block_15_results.npy
 create mode 100644 simulations_sphere/results/sphere_samp360_N200_kappa50_block_15_results.npy
 create mode 100644 simulations_sphere/results/sphere_samp360_N500_kappa200_block_15_results.npy
 create mode 100644 simulations_sphere/results/sphere_samp360_N500_kappa50_block_15_results.npy
 create mode 100644 simulations_sphere/results/sphere_samp360_N50_kappa200_block_15_results.npy
 create mode 100644 simulations_sphere/results/sphere_samp360_N50_kappa50_block_15_results.npy
 create mode 100644 simulations_sphere/results/sphere_samp361_N100_kappa200_block_15_results.npy
 create mode 100644 simulations_sphere/results/sphere_samp361_N100_kappa50_block_15_results.npy
 create mode 100644 simulations_sphere/results/sphere_samp361_N200_kappa200_block_15_results.npy
 create mode 100644 simulations_sphere/results/sphere_samp361_N200_kappa50_block_15_results.npy
 create mode 100644 simulations_sphere/results/sphere_samp361_N500_kappa200_block_15_results.npy
 create mode 100644 simulations_sphere/results/sphere_samp361_N500_kappa50_block_15_results.npy
 create mode 100644 simulations_sphere/results/sphere_samp361_N50_kappa200_block_15_results.npy
 create mode 100644 simulations_sphere/results/sphere_samp361_N50_kappa50_block_15_results.npy
 create mode 100644 simulations_sphere/results/sphere_samp362_N100_kappa200_block_15_results.npy
 create mode 100644 simulations_sphere/results/sphere_samp362_N100_kappa50_block_15_results.npy
 create mode 100644 simulations_sphere/results/sphere_samp362_N200_kappa200_block_15_results.npy
 create mode 100644 simulations_sphere/results/sphere_samp362_N200_kappa50_block_15_results.npy
 create mode 100644 simulations_sphere/results/sphere_samp362_N500_kappa200_block_15_results.npy
 create mode 100644 simulations_sphere/results/sphere_samp362_N500_kappa50_block_15_results.npy
 create mode 100644 simulations_sphere/results/sphere_samp362_N50_kappa200_block_15_results.npy
 create mode 100644 simulations_sphere/results/sphere_samp362_N50_kappa50_block_15_results.npy
 create mode 100644 simulations_sphere/results/sphere_samp363_N100_kappa200_block_15_results.npy
 create mode 100644 simulations_sphere/results/sphere_samp363_N100_kappa50_block_15_results.npy
 create mode 100644 simulations_sphere/results/sphere_samp363_N200_kappa200_block_15_results.npy
 create mode 100644 simulations_sphere/results/sphere_samp363_N200_kappa50_block_15_results.npy
 create mode 100644 simulations_sphere/results/sphere_samp363_N500_kappa200_block_15_results.npy
 create mode 100644 simulations_sphere/results/sphere_samp363_N500_kappa50_block_15_results.npy
 create mode 100644 simulations_sphere/results/sphere_samp363_N50_kappa200_block_15_results.npy
 create mode 100644 simulations_sphere/results/sphere_samp363_N50_kappa50_block_15_results.npy
 create mode 100644 simulations_sphere/results/sphere_samp364_N100_kappa200_block_15_results.npy
 create mode 100644 simulations_sphere/results/sphere_samp364_N100_kappa50_block_15_results.npy
 create mode 100644 simulations_sphere/results/sphere_samp364_N200_kappa200_block_15_results.npy
 create mode 100644 simulations_sphere/results/sphere_samp364_N200_kappa50_block_15_results.npy
 create mode 100644 simulations_sphere/results/sphere_samp364_N500_kappa200_block_15_results.npy
 create mode 100644 simulations_sphere/results/sphere_samp364_N500_kappa50_block_15_results.npy
 create mode 100644 simulations_sphere/results/sphere_samp364_N50_kappa200_block_15_results.npy
 create mode 100644 simulations_sphere/results/sphere_samp364_N50_kappa50_block_15_results.npy
 create mode 100644 simulations_sphere/results/sphere_samp365_N100_kappa200_block_15_results.npy
 create mode 100644 simulations_sphere/results/sphere_samp365_N100_kappa50_block_15_results.npy
 create mode 100644 simulations_sphere/results/sphere_samp365_N200_kappa200_block_15_results.npy
 create mode 100644 simulations_sphere/results/sphere_samp365_N200_kappa50_block_15_results.npy
 create mode 100644 simulations_sphere/results/sphere_samp365_N500_kappa50_block_15_results.npy
 create mode 100644 simulations_sphere/results/sphere_samp365_N50_kappa200_block_15_results.npy
 create mode 100644 simulations_sphere/results/sphere_samp365_N50_kappa50_block_15_results.npy
 create mode 100644 simulations_sphere/results/sphere_samp366_N100_kappa200_block_15_results.npy
 create mode 100644 simulations_sphere/results/sphere_samp366_N100_kappa50_block_15_results.npy
 create mode 100644 simulations_sphere/results/sphere_samp366_N200_kappa200_block_15_results.npy
 create mode 100644 simulations_sphere/results/sphere_samp366_N200_kappa50_block_15_results.npy
 create mode 100644 simulations_sphere/results/sphere_samp366_N50_kappa200_block_15_results.npy
 create mode 100644 simulations_sphere/results/sphere_samp366_N50_kappa50_block_15_results.npy
 create mode 100644 simulations_sphere/results/sphere_samp367_N100_kappa200_block_15_results.npy
 create mode 100644 simulations_sphere/results/sphere_samp367_N100_kappa50_block_15_results.npy
 create mode 100644 simulations_sphere/results/sphere_samp367_N200_kappa200_block_15_results.npy
 create mode 100644 simulations_sphere/results/sphere_samp367_N200_kappa50_block_15_results.npy
 create mode 100644 simulations_sphere/results/sphere_samp367_N50_kappa200_block_15_results.npy
 create mode 100644 simulations_sphere/results/sphere_samp367_N50_kappa50_block_15_results.npy
 create mode 100644 simulations_sphere/results/sphere_samp368_N100_kappa200_block_15_results.npy
 create mode 100644 simulations_sphere/results/sphere_samp368_N100_kappa50_block_15_results.npy
 create mode 100644 simulations_sphere/results/sphere_samp368_N200_kappa200_block_15_results.npy
 create mode 100644 simulations_sphere/results/sphere_samp368_N200_kappa50_block_15_results.npy
 create mode 100644 simulations_sphere/results/sphere_samp368_N50_kappa200_block_15_results.npy
 create mode 100644 simulations_sphere/results/sphere_samp368_N50_kappa50_block_15_results.npy
 create mode 100644 simulations_sphere/results/sphere_samp369_N100_kappa200_block_15_results.npy
 create mode 100644 simulations_sphere/results/sphere_samp369_N100_kappa50_block_15_results.npy
 create mode 100644 simulations_sphere/results/sphere_samp369_N200_kappa200_block_15_results.npy
 create mode 100644 simulations_sphere/results/sphere_samp369_N200_kappa50_block_15_results.npy
 create mode 100644 simulations_sphere/results/sphere_samp369_N50_kappa200_block_15_results.npy
 create mode 100644 simulations_sphere/results/sphere_samp369_N50_kappa50_block_15_results.npy
 create mode 100644 simulations_sphere/results/sphere_samp370_N100_kappa200_block_15_results.npy
 create mode 100644 simulations_sphere/results/sphere_samp370_N100_kappa50_block_15_results.npy
 create mode 100644 simulations_sphere/results/sphere_samp370_N200_kappa200_block_15_results.npy
 create mode 100644 simulations_sphere/results/sphere_samp370_N200_kappa50_block_15_results.npy
 create mode 100644 simulations_sphere/results/sphere_samp370_N50_kappa200_block_15_results.npy
 create mode 100644 simulations_sphere/results/sphere_samp370_N50_kappa50_block_15_results.npy
 create mode 100644 simulations_sphere/results/sphere_samp371_N100_kappa200_block_15_results.npy
 create mode 100644 simulations_sphere/results/sphere_samp371_N100_kappa50_block_15_results.npy
 create mode 100644 simulations_sphere/results/sphere_samp371_N200_kappa50_block_15_results.npy
 create mode 100644 simulations_sphere/results/sphere_samp371_N50_kappa200_block_15_results.npy
 create mode 100644 simulations_sphere/results/sphere_samp371_N50_kappa50_block_15_results.npy
 create mode 100644 simulations_sphere/results/sphere_samp372_N100_kappa200_block_15_results.npy
 create mode 100644 simulations_sphere/results/sphere_samp372_N100_kappa50_block_15_results.npy
 create mode 100644 simulations_sphere/results/sphere_samp372_N50_kappa200_block_15_results.npy
 create mode 100644 simulations_sphere/results/sphere_samp372_N50_kappa50_block_15_results.npy
 create mode 100644 simulations_sphere/results/sphere_samp373_N100_kappa200_block_15_results.npy
 create mode 100644 simulations_sphere/results/sphere_samp373_N100_kappa50_block_15_results.npy
 create mode 100644 simulations_sphere/results/sphere_samp373_N50_kappa200_block_15_results.npy
 create mode 100644 simulations_sphere/results/sphere_samp373_N50_kappa50_block_15_results.npy
 create mode 100644 simulations_sphere/results/sphere_samp375_N100_kappa200_block_15_results.npy
 create mode 100644 simulations_sphere/results/sphere_samp375_N100_kappa50_block_15_results.npy
 create mode 100644 simulations_sphere/results/sphere_samp375_N200_kappa200_block_15_results.npy
 create mode 100644 simulations_sphere/results/sphere_samp375_N200_kappa50_block_15_results.npy
 create mode 100644 simulations_sphere/results/sphere_samp375_N500_kappa200_block_15_results.npy
 create mode 100644 simulations_sphere/results/sphere_samp375_N500_kappa50_block_15_results.npy
 create mode 100644 simulations_sphere/results/sphere_samp375_N50_kappa200_block_15_results.npy
 create mode 100644 simulations_sphere/results/sphere_samp375_N50_kappa50_block_15_results.npy
 create mode 100644 simulations_sphere/results/sphere_samp376_N100_kappa200_block_16_results.npy
 create mode 100644 simulations_sphere/results/sphere_samp376_N100_kappa50_block_16_results.npy
 create mode 100644 simulations_sphere/results/sphere_samp376_N200_kappa200_block_16_results.npy
 create mode 100644 simulations_sphere/results/sphere_samp376_N200_kappa50_block_16_results.npy
 create mode 100644 simulations_sphere/results/sphere_samp376_N500_kappa200_block_16_results.npy
 create mode 100644 simulations_sphere/results/sphere_samp376_N500_kappa50_block_16_results.npy
 create mode 100644 simulations_sphere/results/sphere_samp376_N50_kappa200_block_16_results.npy
 create mode 100644 simulations_sphere/results/sphere_samp376_N50_kappa50_block_16_results.npy
 create mode 100644 simulations_sphere/results/sphere_samp377_N100_kappa200_block_16_results.npy
 create mode 100644 simulations_sphere/results/sphere_samp377_N100_kappa50_block_16_results.npy
 create mode 100644 simulations_sphere/results/sphere_samp377_N200_kappa200_block_16_results.npy
 create mode 100644 simulations_sphere/results/sphere_samp377_N200_kappa50_block_16_results.npy
 create mode 100644 simulations_sphere/results/sphere_samp377_N500_kappa200_block_16_results.npy
 create mode 100644 simulations_sphere/results/sphere_samp377_N500_kappa50_block_16_results.npy
 create mode 100644 simulations_sphere/results/sphere_samp377_N50_kappa200_block_16_results.npy
 create mode 100644 simulations_sphere/results/sphere_samp377_N50_kappa50_block_16_results.npy
 create mode 100644 simulations_sphere/results/sphere_samp378_N100_kappa200_block_16_results.npy
 create mode 100644 simulations_sphere/results/sphere_samp378_N100_kappa50_block_16_results.npy
 create mode 100644 simulations_sphere/results/sphere_samp378_N200_kappa200_block_16_results.npy
 create mode 100644 simulations_sphere/results/sphere_samp378_N200_kappa50_block_16_results.npy
 create mode 100644 simulations_sphere/results/sphere_samp378_N500_kappa200_block_16_results.npy
 create mode 100644 simulations_sphere/results/sphere_samp378_N500_kappa50_block_16_results.npy
 create mode 100644 simulations_sphere/results/sphere_samp378_N50_kappa200_block_16_results.npy
 create mode 100644 simulations_sphere/results/sphere_samp378_N50_kappa50_block_16_results.npy
 create mode 100644 simulations_sphere/results/sphere_samp379_N100_kappa200_block_16_results.npy
 create mode 100644 simulations_sphere/results/sphere_samp379_N100_kappa50_block_16_results.npy
 create mode 100644 simulations_sphere/results/sphere_samp379_N200_kappa200_block_16_results.npy
 create mode 100644 simulations_sphere/results/sphere_samp379_N200_kappa50_block_16_results.npy
 create mode 100644 simulations_sphere/results/sphere_samp379_N500_kappa200_block_16_results.npy
 create mode 100644 simulations_sphere/results/sphere_samp379_N500_kappa50_block_16_results.npy
 create mode 100644 simulations_sphere/results/sphere_samp379_N50_kappa200_block_16_results.npy
 create mode 100644 simulations_sphere/results/sphere_samp379_N50_kappa50_block_16_results.npy
 create mode 100644 simulations_sphere/results/sphere_samp380_N100_kappa200_block_16_results.npy
 create mode 100644 simulations_sphere/results/sphere_samp380_N100_kappa50_block_16_results.npy
 create mode 100644 simulations_sphere/results/sphere_samp380_N200_kappa200_block_16_results.npy
 create mode 100644 simulations_sphere/results/sphere_samp380_N200_kappa50_block_16_results.npy
 create mode 100644 simulations_sphere/results/sphere_samp380_N500_kappa200_block_16_results.npy
 create mode 100644 simulations_sphere/results/sphere_samp380_N500_kappa50_block_16_results.npy
 create mode 100644 simulations_sphere/results/sphere_samp380_N50_kappa200_block_16_results.npy
 create mode 100644 simulations_sphere/results/sphere_samp380_N50_kappa50_block_16_results.npy
 create mode 100644 simulations_sphere/results/sphere_samp381_N100_kappa200_block_16_results.npy
 create mode 100644 simulations_sphere/results/sphere_samp381_N100_kappa50_block_16_results.npy
 create mode 100644 simulations_sphere/results/sphere_samp381_N200_kappa200_block_16_results.npy
 create mode 100644 simulations_sphere/results/sphere_samp381_N200_kappa50_block_16_results.npy
 create mode 100644 simulations_sphere/results/sphere_samp381_N500_kappa200_block_16_results.npy
 create mode 100644 simulations_sphere/results/sphere_samp381_N500_kappa50_block_16_results.npy
 create mode 100644 simulations_sphere/results/sphere_samp381_N50_kappa200_block_16_results.npy
 create mode 100644 simulations_sphere/results/sphere_samp381_N50_kappa50_block_16_results.npy
 create mode 100644 simulations_sphere/results/sphere_samp382_N100_kappa200_block_16_results.npy
 create mode 100644 simulations_sphere/results/sphere_samp382_N100_kappa50_block_16_results.npy
 create mode 100644 simulations_sphere/results/sphere_samp382_N200_kappa200_block_16_results.npy
 create mode 100644 simulations_sphere/results/sphere_samp382_N200_kappa50_block_16_results.npy
 create mode 100644 simulations_sphere/results/sphere_samp382_N500_kappa200_block_16_results.npy
 create mode 100644 simulations_sphere/results/sphere_samp382_N500_kappa50_block_16_results.npy
 create mode 100644 simulations_sphere/results/sphere_samp382_N50_kappa200_block_16_results.npy
 create mode 100644 simulations_sphere/results/sphere_samp382_N50_kappa50_block_16_results.npy
 create mode 100644 simulations_sphere/results/sphere_samp383_N100_kappa200_block_16_results.npy
 create mode 100644 simulations_sphere/results/sphere_samp383_N100_kappa50_block_16_results.npy
 create mode 100644 simulations_sphere/results/sphere_samp383_N200_kappa200_block_16_results.npy
 create mode 100644 simulations_sphere/results/sphere_samp383_N200_kappa50_block_16_results.npy
 create mode 100644 simulations_sphere/results/sphere_samp383_N500_kappa200_block_16_results.npy
 create mode 100644 simulations_sphere/results/sphere_samp383_N500_kappa50_block_16_results.npy
 create mode 100644 simulations_sphere/results/sphere_samp383_N50_kappa200_block_16_results.npy
 create mode 100644 simulations_sphere/results/sphere_samp383_N50_kappa50_block_16_results.npy
 create mode 100644 simulations_sphere/results/sphere_samp384_N100_kappa200_block_16_results.npy
 create mode 100644 simulations_sphere/results/sphere_samp384_N100_kappa50_block_16_results.npy
 create mode 100644 simulations_sphere/results/sphere_samp384_N200_kappa200_block_16_results.npy
 create mode 100644 simulations_sphere/results/sphere_samp384_N200_kappa50_block_16_results.npy
 create mode 100644 simulations_sphere/results/sphere_samp384_N500_kappa200_block_16_results.npy
 create mode 100644 simulations_sphere/results/sphere_samp384_N500_kappa50_block_16_results.npy
 create mode 100644 simulations_sphere/results/sphere_samp384_N50_kappa200_block_16_results.npy
 create mode 100644 simulations_sphere/results/sphere_samp384_N50_kappa50_block_16_results.npy
 create mode 100644 simulations_sphere/results/sphere_samp385_N100_kappa200_block_16_results.npy
 create mode 100644 simulations_sphere/results/sphere_samp385_N100_kappa50_block_16_results.npy
 create mode 100644 simulations_sphere/results/sphere_samp385_N200_kappa200_block_16_results.npy
 create mode 100644 simulations_sphere/results/sphere_samp385_N200_kappa50_block_16_results.npy
 create mode 100644 simulations_sphere/results/sphere_samp385_N500_kappa200_block_16_results.npy
 create mode 100644 simulations_sphere/results/sphere_samp385_N500_kappa50_block_16_results.npy
 create mode 100644 simulations_sphere/results/sphere_samp385_N50_kappa200_block_16_results.npy
 create mode 100644 simulations_sphere/results/sphere_samp385_N50_kappa50_block_16_results.npy
 create mode 100644 simulations_sphere/results/sphere_samp386_N100_kappa200_block_16_results.npy
 create mode 100644 simulations_sphere/results/sphere_samp386_N100_kappa50_block_16_results.npy
 create mode 100644 simulations_sphere/results/sphere_samp386_N200_kappa200_block_16_results.npy
 create mode 100644 simulations_sphere/results/sphere_samp386_N200_kappa50_block_16_results.npy
 create mode 100644 simulations_sphere/results/sphere_samp386_N500_kappa200_block_16_results.npy
 create mode 100644 simulations_sphere/results/sphere_samp386_N500_kappa50_block_16_results.npy
 create mode 100644 simulations_sphere/results/sphere_samp386_N50_kappa200_block_16_results.npy
 create mode 100644 simulations_sphere/results/sphere_samp386_N50_kappa50_block_16_results.npy
 create mode 100644 simulations_sphere/results/sphere_samp387_N100_kappa200_block_16_results.npy
 create mode 100644 simulations_sphere/results/sphere_samp387_N100_kappa50_block_16_results.npy
 create mode 100644 simulations_sphere/results/sphere_samp387_N200_kappa200_block_16_results.npy
 create mode 100644 simulations_sphere/results/sphere_samp387_N200_kappa50_block_16_results.npy
 create mode 100644 simulations_sphere/results/sphere_samp387_N500_kappa50_block_16_results.npy
 create mode 100644 simulations_sphere/results/sphere_samp387_N50_kappa200_block_16_results.npy
 create mode 100644 simulations_sphere/results/sphere_samp387_N50_kappa50_block_16_results.npy
 create mode 100644 simulations_sphere/results/sphere_samp388_N100_kappa200_block_16_results.npy
 create mode 100644 simulations_sphere/results/sphere_samp388_N100_kappa50_block_16_results.npy
 create mode 100644 simulations_sphere/results/sphere_samp388_N200_kappa200_block_16_results.npy
 create mode 100644 simulations_sphere/results/sphere_samp388_N200_kappa50_block_16_results.npy
 create mode 100644 simulations_sphere/results/sphere_samp388_N50_kappa200_block_16_results.npy
 create mode 100644 simulations_sphere/results/sphere_samp388_N50_kappa50_block_16_results.npy
 create mode 100644 simulations_sphere/results/sphere_samp389_N100_kappa200_block_16_results.npy
 create mode 100644 simulations_sphere/results/sphere_samp389_N100_kappa50_block_16_results.npy
 create mode 100644 simulations_sphere/results/sphere_samp389_N200_kappa200_block_16_results.npy
 create mode 100644 simulations_sphere/results/sphere_samp389_N200_kappa50_block_16_results.npy
 create mode 100644 simulations_sphere/results/sphere_samp389_N50_kappa200_block_16_results.npy
 create mode 100644 simulations_sphere/results/sphere_samp389_N50_kappa50_block_16_results.npy
 rewrite simulations_sphere/results/sphere_samp38_N50_kappa50_block_2_results.npy (62%)
 create mode 100644 simulations_sphere/results/sphere_samp390_N100_kappa200_block_16_results.npy
 create mode 100644 simulations_sphere/results/sphere_samp390_N100_kappa50_block_16_results.npy
 create mode 100644 simulations_sphere/results/sphere_samp390_N200_kappa200_block_16_results.npy
 create mode 100644 simulations_sphere/results/sphere_samp390_N200_kappa50_block_16_results.npy
 create mode 100644 simulations_sphere/results/sphere_samp390_N50_kappa200_block_16_results.npy
 create mode 100644 simulations_sphere/results/sphere_samp390_N50_kappa50_block_16_results.npy
 create mode 100644 simulations_sphere/results/sphere_samp391_N100_kappa200_block_16_results.npy
 create mode 100644 simulations_sphere/results/sphere_samp391_N100_kappa50_block_16_results.npy
 create mode 100644 simulations_sphere/results/sphere_samp391_N200_kappa200_block_16_results.npy
 create mode 100644 simulations_sphere/results/sphere_samp391_N200_kappa50_block_16_results.npy
 create mode 100644 simulations_sphere/results/sphere_samp391_N50_kappa200_block_16_results.npy
 create mode 100644 simulations_sphere/results/sphere_samp391_N50_kappa50_block_16_results.npy
 create mode 100644 simulations_sphere/results/sphere_samp392_N100_kappa200_block_16_results.npy
 create mode 100644 simulations_sphere/results/sphere_samp392_N100_kappa50_block_16_results.npy
 create mode 100644 simulations_sphere/results/sphere_samp392_N200_kappa200_block_16_results.npy
 create mode 100644 simulations_sphere/results/sphere_samp392_N200_kappa50_block_16_results.npy
 create mode 100644 simulations_sphere/results/sphere_samp392_N50_kappa200_block_16_results.npy
 create mode 100644 simulations_sphere/results/sphere_samp392_N50_kappa50_block_16_results.npy
 create mode 100644 simulations_sphere/results/sphere_samp393_N100_kappa200_block_16_results.npy
 create mode 100644 simulations_sphere/results/sphere_samp393_N100_kappa50_block_16_results.npy
 create mode 100644 simulations_sphere/results/sphere_samp393_N200_kappa200_block_16_results.npy
 create mode 100644 simulations_sphere/results/sphere_samp393_N200_kappa50_block_16_results.npy
 create mode 100644 simulations_sphere/results/sphere_samp393_N50_kappa200_block_16_results.npy
 create mode 100644 simulations_sphere/results/sphere_samp393_N50_kappa50_block_16_results.npy
 create mode 100644 simulations_sphere/results/sphere_samp394_N100_kappa200_block_16_results.npy
 create mode 100644 simulations_sphere/results/sphere_samp394_N100_kappa50_block_16_results.npy
 create mode 100644 simulations_sphere/results/sphere_samp394_N200_kappa200_block_16_results.npy
 create mode 100644 simulations_sphere/results/sphere_samp394_N200_kappa50_block_16_results.npy
 create mode 100644 simulations_sphere/results/sphere_samp394_N50_kappa200_block_16_results.npy
 create mode 100644 simulations_sphere/results/sphere_samp394_N50_kappa50_block_16_results.npy
 create mode 100644 simulations_sphere/results/sphere_samp395_N100_kappa200_block_16_results.npy
 create mode 100644 simulations_sphere/results/sphere_samp395_N100_kappa50_block_16_results.npy
 create mode 100644 simulations_sphere/results/sphere_samp395_N50_kappa200_block_16_results.npy
 create mode 100644 simulations_sphere/results/sphere_samp395_N50_kappa50_block_16_results.npy
 create mode 100644 simulations_sphere/results/sphere_samp396_N100_kappa200_block_16_results.npy
 create mode 100644 simulations_sphere/results/sphere_samp396_N100_kappa50_block_16_results.npy
 create mode 100644 simulations_sphere/results/sphere_samp396_N50_kappa200_block_16_results.npy
 create mode 100644 simulations_sphere/results/sphere_samp396_N50_kappa50_block_16_results.npy
 rewrite simulations_sphere/results/sphere_samp39_N200_kappa200_block_2_results.npy (62%)
 rewrite simulations_sphere/results/sphere_samp39_N50_kappa200_block_2_results.npy (62%)
 rewrite simulations_sphere/results/sphere_samp3_N500_kappa200_block_1_results.npy (70%)
 create mode 100644 simulations_sphere/results/sphere_samp400_N100_kappa200_block_16_results.npy
 create mode 100644 simulations_sphere/results/sphere_samp400_N100_kappa50_block_16_results.npy
 create mode 100644 simulations_sphere/results/sphere_samp400_N200_kappa200_block_16_results.npy
 create mode 100644 simulations_sphere/results/sphere_samp400_N200_kappa50_block_16_results.npy
 create mode 100644 simulations_sphere/results/sphere_samp400_N500_kappa200_block_16_results.npy
 create mode 100644 simulations_sphere/results/sphere_samp400_N500_kappa50_block_16_results.npy
 create mode 100644 simulations_sphere/results/sphere_samp400_N50_kappa200_block_16_results.npy
 create mode 100644 simulations_sphere/results/sphere_samp400_N50_kappa50_block_16_results.npy
 create mode 100644 simulations_sphere/results/sphere_samp401_N100_kappa200_block_17_results.npy
 create mode 100644 simulations_sphere/results/sphere_samp401_N100_kappa50_block_17_results.npy
 create mode 100644 simulations_sphere/results/sphere_samp401_N200_kappa200_block_17_results.npy
 create mode 100644 simulations_sphere/results/sphere_samp401_N200_kappa50_block_17_results.npy
 create mode 100644 simulations_sphere/results/sphere_samp401_N500_kappa200_block_17_results.npy
 create mode 100644 simulations_sphere/results/sphere_samp401_N500_kappa50_block_17_results.npy
 create mode 100644 simulations_sphere/results/sphere_samp401_N50_kappa200_block_17_results.npy
 create mode 100644 simulations_sphere/results/sphere_samp401_N50_kappa50_block_17_results.npy
 create mode 100644 simulations_sphere/results/sphere_samp402_N100_kappa200_block_17_results.npy
 create mode 100644 simulations_sphere/results/sphere_samp402_N100_kappa50_block_17_results.npy
 create mode 100644 simulations_sphere/results/sphere_samp402_N200_kappa200_block_17_results.npy
 create mode 100644 simulations_sphere/results/sphere_samp402_N200_kappa50_block_17_results.npy
 create mode 100644 simulations_sphere/results/sphere_samp402_N500_kappa200_block_17_results.npy
 create mode 100644 simulations_sphere/results/sphere_samp402_N500_kappa50_block_17_results.npy
 create mode 100644 simulations_sphere/results/sphere_samp402_N50_kappa200_block_17_results.npy
 create mode 100644 simulations_sphere/results/sphere_samp402_N50_kappa50_block_17_results.npy
 create mode 100644 simulations_sphere/results/sphere_samp403_N100_kappa200_block_17_results.npy
 create mode 100644 simulations_sphere/results/sphere_samp403_N100_kappa50_block_17_results.npy
 create mode 100644 simulations_sphere/results/sphere_samp403_N200_kappa200_block_17_results.npy
 create mode 100644 simulations_sphere/results/sphere_samp403_N200_kappa50_block_17_results.npy
 create mode 100644 simulations_sphere/results/sphere_samp403_N500_kappa200_block_17_results.npy
 create mode 100644 simulations_sphere/results/sphere_samp403_N500_kappa50_block_17_results.npy
 create mode 100644 simulations_sphere/results/sphere_samp403_N50_kappa200_block_17_results.npy
 create mode 100644 simulations_sphere/results/sphere_samp403_N50_kappa50_block_17_results.npy
 create mode 100644 simulations_sphere/results/sphere_samp404_N100_kappa200_block_17_results.npy
 create mode 100644 simulations_sphere/results/sphere_samp404_N100_kappa50_block_17_results.npy
 create mode 100644 simulations_sphere/results/sphere_samp404_N200_kappa200_block_17_results.npy
 create mode 100644 simulations_sphere/results/sphere_samp404_N200_kappa50_block_17_results.npy
 create mode 100644 simulations_sphere/results/sphere_samp404_N500_kappa200_block_17_results.npy
 create mode 100644 simulations_sphere/results/sphere_samp404_N500_kappa50_block_17_results.npy
 create mode 100644 simulations_sphere/results/sphere_samp404_N50_kappa200_block_17_results.npy
 create mode 100644 simulations_sphere/results/sphere_samp404_N50_kappa50_block_17_results.npy
 create mode 100644 simulations_sphere/results/sphere_samp405_N100_kappa200_block_17_results.npy
 create mode 100644 simulations_sphere/results/sphere_samp405_N100_kappa50_block_17_results.npy
 create mode 100644 simulations_sphere/results/sphere_samp405_N200_kappa200_block_17_results.npy
 create mode 100644 simulations_sphere/results/sphere_samp405_N200_kappa50_block_17_results.npy
 create mode 100644 simulations_sphere/results/sphere_samp405_N500_kappa200_block_17_results.npy
 create mode 100644 simulations_sphere/results/sphere_samp405_N500_kappa50_block_17_results.npy
 create mode 100644 simulations_sphere/results/sphere_samp405_N50_kappa200_block_17_results.npy
 create mode 100644 simulations_sphere/results/sphere_samp405_N50_kappa50_block_17_results.npy
 create mode 100644 simulations_sphere/results/sphere_samp406_N100_kappa200_block_17_results.npy
 create mode 100644 simulations_sphere/results/sphere_samp406_N100_kappa50_block_17_results.npy
 create mode 100644 simulations_sphere/results/sphere_samp406_N200_kappa200_block_17_results.npy
 create mode 100644 simulations_sphere/results/sphere_samp406_N200_kappa50_block_17_results.npy
 create mode 100644 simulations_sphere/results/sphere_samp406_N500_kappa200_block_17_results.npy
 create mode 100644 simulations_sphere/results/sphere_samp406_N500_kappa50_block_17_results.npy
 create mode 100644 simulations_sphere/results/sphere_samp406_N50_kappa200_block_17_results.npy
 create mode 100644 simulations_sphere/results/sphere_samp406_N50_kappa50_block_17_results.npy
 create mode 100644 simulations_sphere/results/sphere_samp407_N100_kappa200_block_17_results.npy
 create mode 100644 simulations_sphere/results/sphere_samp407_N100_kappa50_block_17_results.npy
 create mode 100644 simulations_sphere/results/sphere_samp407_N200_kappa200_block_17_results.npy
 create mode 100644 simulations_sphere/results/sphere_samp407_N200_kappa50_block_17_results.npy
 create mode 100644 simulations_sphere/results/sphere_samp407_N500_kappa200_block_17_results.npy
 create mode 100644 simulations_sphere/results/sphere_samp407_N500_kappa50_block_17_results.npy
 create mode 100644 simulations_sphere/results/sphere_samp407_N50_kappa200_block_17_results.npy
 create mode 100644 simulations_sphere/results/sphere_samp407_N50_kappa50_block_17_results.npy
 create mode 100644 simulations_sphere/results/sphere_samp408_N100_kappa200_block_17_results.npy
 create mode 100644 simulations_sphere/results/sphere_samp408_N100_kappa50_block_17_results.npy
 create mode 100644 simulations_sphere/results/sphere_samp408_N200_kappa200_block_17_results.npy
 create mode 100644 simulations_sphere/results/sphere_samp408_N200_kappa50_block_17_results.npy
 create mode 100644 simulations_sphere/results/sphere_samp408_N500_kappa200_block_17_results.npy
 create mode 100644 simulations_sphere/results/sphere_samp408_N500_kappa50_block_17_results.npy
 create mode 100644 simulations_sphere/results/sphere_samp408_N50_kappa200_block_17_results.npy
 create mode 100644 simulations_sphere/results/sphere_samp408_N50_kappa50_block_17_results.npy
 create mode 100644 simulations_sphere/results/sphere_samp409_N100_kappa200_block_17_results.npy
 create mode 100644 simulations_sphere/results/sphere_samp409_N100_kappa50_block_17_results.npy
 create mode 100644 simulations_sphere/results/sphere_samp409_N200_kappa200_block_17_results.npy
 create mode 100644 simulations_sphere/results/sphere_samp409_N200_kappa50_block_17_results.npy
 create mode 100644 simulations_sphere/results/sphere_samp409_N500_kappa200_block_17_results.npy
 create mode 100644 simulations_sphere/results/sphere_samp409_N500_kappa50_block_17_results.npy
 create mode 100644 simulations_sphere/results/sphere_samp409_N50_kappa200_block_17_results.npy
 create mode 100644 simulations_sphere/results/sphere_samp409_N50_kappa50_block_17_results.npy
 create mode 100644 simulations_sphere/results/sphere_samp410_N100_kappa200_block_17_results.npy
 create mode 100644 simulations_sphere/results/sphere_samp410_N100_kappa50_block_17_results.npy
 create mode 100644 simulations_sphere/results/sphere_samp410_N200_kappa200_block_17_results.npy
 create mode 100644 simulations_sphere/results/sphere_samp410_N200_kappa50_block_17_results.npy
 create mode 100644 simulations_sphere/results/sphere_samp410_N500_kappa200_block_17_results.npy
 create mode 100644 simulations_sphere/results/sphere_samp410_N500_kappa50_block_17_results.npy
 create mode 100644 simulations_sphere/results/sphere_samp410_N50_kappa200_block_17_results.npy
 create mode 100644 simulations_sphere/results/sphere_samp410_N50_kappa50_block_17_results.npy
 create mode 100644 simulations_sphere/results/sphere_samp411_N100_kappa200_block_17_results.npy
 create mode 100644 simulations_sphere/results/sphere_samp411_N100_kappa50_block_17_results.npy
 create mode 100644 simulations_sphere/results/sphere_samp411_N200_kappa200_block_17_results.npy
 create mode 100644 simulations_sphere/results/sphere_samp411_N200_kappa50_block_17_results.npy
 create mode 100644 simulations_sphere/results/sphere_samp411_N500_kappa200_block_17_results.npy
 create mode 100644 simulations_sphere/results/sphere_samp411_N500_kappa50_block_17_results.npy
 create mode 100644 simulations_sphere/results/sphere_samp411_N50_kappa200_block_17_results.npy
 create mode 100644 simulations_sphere/results/sphere_samp411_N50_kappa50_block_17_results.npy
 create mode 100644 simulations_sphere/results/sphere_samp412_N100_kappa200_block_17_results.npy
 create mode 100644 simulations_sphere/results/sphere_samp412_N100_kappa50_block_17_results.npy
 create mode 100644 simulations_sphere/results/sphere_samp412_N200_kappa200_block_17_results.npy
 create mode 100644 simulations_sphere/results/sphere_samp412_N200_kappa50_block_17_results.npy
 create mode 100644 simulations_sphere/results/sphere_samp412_N500_kappa200_block_17_results.npy
 create mode 100644 simulations_sphere/results/sphere_samp412_N500_kappa50_block_17_results.npy
 create mode 100644 simulations_sphere/results/sphere_samp412_N50_kappa200_block_17_results.npy
 create mode 100644 simulations_sphere/results/sphere_samp412_N50_kappa50_block_17_results.npy
 create mode 100644 simulations_sphere/results/sphere_samp413_N100_kappa200_block_17_results.npy
 create mode 100644 simulations_sphere/results/sphere_samp413_N100_kappa50_block_17_results.npy
 create mode 100644 simulations_sphere/results/sphere_samp413_N200_kappa200_block_17_results.npy
 create mode 100644 simulations_sphere/results/sphere_samp413_N200_kappa50_block_17_results.npy
 create mode 100644 simulations_sphere/results/sphere_samp413_N500_kappa200_block_17_results.npy
 create mode 100644 simulations_sphere/results/sphere_samp413_N500_kappa50_block_17_results.npy
 create mode 100644 simulations_sphere/results/sphere_samp413_N50_kappa200_block_17_results.npy
 create mode 100644 simulations_sphere/results/sphere_samp413_N50_kappa50_block_17_results.npy
 create mode 100644 simulations_sphere/results/sphere_samp414_N100_kappa200_block_17_results.npy
 create mode 100644 simulations_sphere/results/sphere_samp414_N100_kappa50_block_17_results.npy
 create mode 100644 simulations_sphere/results/sphere_samp414_N200_kappa200_block_17_results.npy
 create mode 100644 simulations_sphere/results/sphere_samp414_N200_kappa50_block_17_results.npy
 create mode 100644 simulations_sphere/results/sphere_samp414_N500_kappa200_block_17_results.npy
 create mode 100644 simulations_sphere/results/sphere_samp414_N500_kappa50_block_17_results.npy
 create mode 100644 simulations_sphere/results/sphere_samp414_N50_kappa200_block_17_results.npy
 create mode 100644 simulations_sphere/results/sphere_samp414_N50_kappa50_block_17_results.npy
 create mode 100644 simulations_sphere/results/sphere_samp415_N100_kappa200_block_17_results.npy
 create mode 100644 simulations_sphere/results/sphere_samp415_N100_kappa50_block_17_results.npy
 create mode 100644 simulations_sphere/results/sphere_samp415_N200_kappa200_block_17_results.npy
 create mode 100644 simulations_sphere/results/sphere_samp415_N200_kappa50_block_17_results.npy
 create mode 100644 simulations_sphere/results/sphere_samp415_N500_kappa200_block_17_results.npy
 create mode 100644 simulations_sphere/results/sphere_samp415_N500_kappa50_block_17_results.npy
 create mode 100644 simulations_sphere/results/sphere_samp415_N50_kappa200_block_17_results.npy
 create mode 100644 simulations_sphere/results/sphere_samp415_N50_kappa50_block_17_results.npy
 create mode 100644 simulations_sphere/results/sphere_samp416_N100_kappa200_block_17_results.npy
 create mode 100644 simulations_sphere/results/sphere_samp416_N100_kappa50_block_17_results.npy
 create mode 100644 simulations_sphere/results/sphere_samp416_N200_kappa200_block_17_results.npy
 create mode 100644 simulations_sphere/results/sphere_samp416_N200_kappa50_block_17_results.npy
 create mode 100644 simulations_sphere/results/sphere_samp416_N50_kappa200_block_17_results.npy
 create mode 100644 simulations_sphere/results/sphere_samp416_N50_kappa50_block_17_results.npy
 create mode 100644 simulations_sphere/results/sphere_samp417_N100_kappa200_block_17_results.npy
 create mode 100644 simulations_sphere/results/sphere_samp417_N100_kappa50_block_17_results.npy
 create mode 100644 simulations_sphere/results/sphere_samp417_N200_kappa200_block_17_results.npy
 create mode 100644 simulations_sphere/results/sphere_samp417_N200_kappa50_block_17_results.npy
 create mode 100644 simulations_sphere/results/sphere_samp417_N50_kappa200_block_17_results.npy
 create mode 100644 simulations_sphere/results/sphere_samp417_N50_kappa50_block_17_results.npy
 create mode 100644 simulations_sphere/results/sphere_samp418_N100_kappa200_block_17_results.npy
 create mode 100644 simulations_sphere/results/sphere_samp418_N100_kappa50_block_17_results.npy
 create mode 100644 simulations_sphere/results/sphere_samp418_N200_kappa200_block_17_results.npy
 create mode 100644 simulations_sphere/results/sphere_samp418_N200_kappa50_block_17_results.npy
 create mode 100644 simulations_sphere/results/sphere_samp418_N50_kappa200_block_17_results.npy
 create mode 100644 simulations_sphere/results/sphere_samp418_N50_kappa50_block_17_results.npy
 create mode 100644 simulations_sphere/results/sphere_samp419_N100_kappa200_block_17_results.npy
 create mode 100644 simulations_sphere/results/sphere_samp419_N100_kappa50_block_17_results.npy
 create mode 100644 simulations_sphere/results/sphere_samp419_N200_kappa200_block_17_results.npy
 create mode 100644 simulations_sphere/results/sphere_samp419_N200_kappa50_block_17_results.npy
 create mode 100644 simulations_sphere/results/sphere_samp419_N50_kappa200_block_17_results.npy
 create mode 100644 simulations_sphere/results/sphere_samp419_N50_kappa50_block_17_results.npy
 rewrite simulations_sphere/results/sphere_samp41_N200_kappa200_block_2_results.npy (62%)
 create mode 100644 simulations_sphere/results/sphere_samp420_N100_kappa200_block_17_results.npy
 create mode 100644 simulations_sphere/results/sphere_samp420_N100_kappa50_block_17_results.npy
 create mode 100644 simulations_sphere/results/sphere_samp420_N200_kappa200_block_17_results.npy
 create mode 100644 simulations_sphere/results/sphere_samp420_N200_kappa50_block_17_results.npy
 create mode 100644 simulations_sphere/results/sphere_samp420_N50_kappa200_block_17_results.npy
 create mode 100644 simulations_sphere/results/sphere_samp420_N50_kappa50_block_17_results.npy
 create mode 100644 simulations_sphere/results/sphere_samp421_N100_kappa200_block_17_results.npy
 create mode 100644 simulations_sphere/results/sphere_samp421_N100_kappa50_block_17_results.npy
 create mode 100644 simulations_sphere/results/sphere_samp421_N200_kappa200_block_17_results.npy
 create mode 100644 simulations_sphere/results/sphere_samp421_N200_kappa50_block_17_results.npy
 create mode 100644 simulations_sphere/results/sphere_samp421_N50_kappa200_block_17_results.npy
 create mode 100644 simulations_sphere/results/sphere_samp421_N50_kappa50_block_17_results.npy
 create mode 100644 simulations_sphere/results/sphere_samp422_N100_kappa200_block_17_results.npy
 create mode 100644 simulations_sphere/results/sphere_samp422_N100_kappa50_block_17_results.npy
 create mode 100644 simulations_sphere/results/sphere_samp422_N200_kappa200_block_17_results.npy
 create mode 100644 simulations_sphere/results/sphere_samp422_N200_kappa50_block_17_results.npy
 create mode 100644 simulations_sphere/results/sphere_samp422_N50_kappa200_block_17_results.npy
 create mode 100644 simulations_sphere/results/sphere_samp422_N50_kappa50_block_17_results.npy
 create mode 100644 simulations_sphere/results/sphere_samp423_N100_kappa200_block_17_results.npy
 create mode 100644 simulations_sphere/results/sphere_samp423_N100_kappa50_block_17_results.npy
 create mode 100644 simulations_sphere/results/sphere_samp423_N50_kappa200_block_17_results.npy
 create mode 100644 simulations_sphere/results/sphere_samp423_N50_kappa50_block_17_results.npy
 create mode 100644 simulations_sphere/results/sphere_samp424_N100_kappa200_block_17_results.npy
 create mode 100644 simulations_sphere/results/sphere_samp424_N100_kappa50_block_17_results.npy
 create mode 100644 simulations_sphere/results/sphere_samp424_N50_kappa200_block_17_results.npy
 create mode 100644 simulations_sphere/results/sphere_samp424_N50_kappa50_block_17_results.npy
 create mode 100644 simulations_sphere/results/sphere_samp425_N100_kappa200_block_17_results.npy
 create mode 100644 simulations_sphere/results/sphere_samp425_N100_kappa50_block_17_results.npy
 create mode 100644 simulations_sphere/results/sphere_samp425_N200_kappa200_block_17_results.npy
 create mode 100644 simulations_sphere/results/sphere_samp425_N200_kappa50_block_17_results.npy
 create mode 100644 simulations_sphere/results/sphere_samp425_N500_kappa200_block_17_results.npy
 create mode 100644 simulations_sphere/results/sphere_samp425_N500_kappa50_block_17_results.npy
 create mode 100644 simulations_sphere/results/sphere_samp425_N50_kappa200_block_17_results.npy
 create mode 100644 simulations_sphere/results/sphere_samp425_N50_kappa50_block_17_results.npy
 create mode 100644 simulations_sphere/results/sphere_samp426_N100_kappa200_block_18_results.npy
 create mode 100644 simulations_sphere/results/sphere_samp426_N100_kappa50_block_18_results.npy
 create mode 100644 simulations_sphere/results/sphere_samp426_N200_kappa200_block_18_results.npy
 create mode 100644 simulations_sphere/results/sphere_samp426_N200_kappa50_block_18_results.npy
 create mode 100644 simulations_sphere/results/sphere_samp426_N500_kappa200_block_18_results.npy
 create mode 100644 simulations_sphere/results/sphere_samp426_N500_kappa50_block_18_results.npy
 create mode 100644 simulations_sphere/results/sphere_samp426_N50_kappa200_block_18_results.npy
 create mode 100644 simulations_sphere/results/sphere_samp426_N50_kappa50_block_18_results.npy
 create mode 100644 simulations_sphere/results/sphere_samp427_N100_kappa200_block_18_results.npy
 create mode 100644 simulations_sphere/results/sphere_samp427_N100_kappa50_block_18_results.npy
 create mode 100644 simulations_sphere/results/sphere_samp427_N200_kappa200_block_18_results.npy
 create mode 100644 simulations_sphere/results/sphere_samp427_N200_kappa50_block_18_results.npy
 create mode 100644 simulations_sphere/results/sphere_samp427_N500_kappa200_block_18_results.npy
 create mode 100644 simulations_sphere/results/sphere_samp427_N500_kappa50_block_18_results.npy
 create mode 100644 simulations_sphere/results/sphere_samp427_N50_kappa200_block_18_results.npy
 create mode 100644 simulations_sphere/results/sphere_samp427_N50_kappa50_block_18_results.npy
 create mode 100644 simulations_sphere/results/sphere_samp428_N100_kappa200_block_18_results.npy
 create mode 100644 simulations_sphere/results/sphere_samp428_N100_kappa50_block_18_results.npy
 create mode 100644 simulations_sphere/results/sphere_samp428_N200_kappa200_block_18_results.npy
 create mode 100644 simulations_sphere/results/sphere_samp428_N200_kappa50_block_18_results.npy
 create mode 100644 simulations_sphere/results/sphere_samp428_N500_kappa200_block_18_results.npy
 create mode 100644 simulations_sphere/results/sphere_samp428_N500_kappa50_block_18_results.npy
 create mode 100644 simulations_sphere/results/sphere_samp428_N50_kappa200_block_18_results.npy
 create mode 100644 simulations_sphere/results/sphere_samp428_N50_kappa50_block_18_results.npy
 create mode 100644 simulations_sphere/results/sphere_samp429_N100_kappa200_block_18_results.npy
 create mode 100644 simulations_sphere/results/sphere_samp429_N100_kappa50_block_18_results.npy
 create mode 100644 simulations_sphere/results/sphere_samp429_N200_kappa200_block_18_results.npy
 create mode 100644 simulations_sphere/results/sphere_samp429_N200_kappa50_block_18_results.npy
 create mode 100644 simulations_sphere/results/sphere_samp429_N500_kappa200_block_18_results.npy
 create mode 100644 simulations_sphere/results/sphere_samp429_N500_kappa50_block_18_results.npy
 create mode 100644 simulations_sphere/results/sphere_samp429_N50_kappa200_block_18_results.npy
 create mode 100644 simulations_sphere/results/sphere_samp429_N50_kappa50_block_18_results.npy
 create mode 100644 simulations_sphere/results/sphere_samp430_N100_kappa200_block_18_results.npy
 create mode 100644 simulations_sphere/results/sphere_samp430_N100_kappa50_block_18_results.npy
 create mode 100644 simulations_sphere/results/sphere_samp430_N200_kappa200_block_18_results.npy
 create mode 100644 simulations_sphere/results/sphere_samp430_N200_kappa50_block_18_results.npy
 create mode 100644 simulations_sphere/results/sphere_samp430_N500_kappa200_block_18_results.npy
 create mode 100644 simulations_sphere/results/sphere_samp430_N500_kappa50_block_18_results.npy
 create mode 100644 simulations_sphere/results/sphere_samp430_N50_kappa200_block_18_results.npy
 create mode 100644 simulations_sphere/results/sphere_samp430_N50_kappa50_block_18_results.npy
 create mode 100644 simulations_sphere/results/sphere_samp431_N100_kappa200_block_18_results.npy
 create mode 100644 simulations_sphere/results/sphere_samp431_N100_kappa50_block_18_results.npy
 create mode 100644 simulations_sphere/results/sphere_samp431_N200_kappa200_block_18_results.npy
 create mode 100644 simulations_sphere/results/sphere_samp431_N200_kappa50_block_18_results.npy
 create mode 100644 simulations_sphere/results/sphere_samp431_N500_kappa200_block_18_results.npy
 create mode 100644 simulations_sphere/results/sphere_samp431_N500_kappa50_block_18_results.npy
 create mode 100644 simulations_sphere/results/sphere_samp431_N50_kappa200_block_18_results.npy
 create mode 100644 simulations_sphere/results/sphere_samp431_N50_kappa50_block_18_results.npy
 create mode 100644 simulations_sphere/results/sphere_samp432_N100_kappa200_block_18_results.npy
 create mode 100644 simulations_sphere/results/sphere_samp432_N100_kappa50_block_18_results.npy
 create mode 100644 simulations_sphere/results/sphere_samp432_N200_kappa200_block_18_results.npy
 create mode 100644 simulations_sphere/results/sphere_samp432_N200_kappa50_block_18_results.npy
 create mode 100644 simulations_sphere/results/sphere_samp432_N500_kappa200_block_18_results.npy
 create mode 100644 simulations_sphere/results/sphere_samp432_N500_kappa50_block_18_results.npy
 create mode 100644 simulations_sphere/results/sphere_samp432_N50_kappa200_block_18_results.npy
 create mode 100644 simulations_sphere/results/sphere_samp432_N50_kappa50_block_18_results.npy
 create mode 100644 simulations_sphere/results/sphere_samp433_N100_kappa200_block_18_results.npy
 create mode 100644 simulations_sphere/results/sphere_samp433_N100_kappa50_block_18_results.npy
 create mode 100644 simulations_sphere/results/sphere_samp433_N200_kappa200_block_18_results.npy
 create mode 100644 simulations_sphere/results/sphere_samp433_N200_kappa50_block_18_results.npy
 create mode 100644 simulations_sphere/results/sphere_samp433_N500_kappa200_block_18_results.npy
 create mode 100644 simulations_sphere/results/sphere_samp433_N500_kappa50_block_18_results.npy
 create mode 100644 simulations_sphere/results/sphere_samp433_N50_kappa200_block_18_results.npy
 create mode 100644 simulations_sphere/results/sphere_samp433_N50_kappa50_block_18_results.npy
 create mode 100644 simulations_sphere/results/sphere_samp434_N100_kappa200_block_18_results.npy
 create mode 100644 simulations_sphere/results/sphere_samp434_N100_kappa50_block_18_results.npy
 create mode 100644 simulations_sphere/results/sphere_samp434_N200_kappa200_block_18_results.npy
 create mode 100644 simulations_sphere/results/sphere_samp434_N200_kappa50_block_18_results.npy
 create mode 100644 simulations_sphere/results/sphere_samp434_N500_kappa200_block_18_results.npy
 create mode 100644 simulations_sphere/results/sphere_samp434_N500_kappa50_block_18_results.npy
 create mode 100644 simulations_sphere/results/sphere_samp434_N50_kappa200_block_18_results.npy
 create mode 100644 simulations_sphere/results/sphere_samp434_N50_kappa50_block_18_results.npy
 create mode 100644 simulations_sphere/results/sphere_samp435_N100_kappa200_block_18_results.npy
 create mode 100644 simulations_sphere/results/sphere_samp435_N100_kappa50_block_18_results.npy
 create mode 100644 simulations_sphere/results/sphere_samp435_N200_kappa200_block_18_results.npy
 create mode 100644 simulations_sphere/results/sphere_samp435_N200_kappa50_block_18_results.npy
 create mode 100644 simulations_sphere/results/sphere_samp435_N500_kappa200_block_18_results.npy
 create mode 100644 simulations_sphere/results/sphere_samp435_N500_kappa50_block_18_results.npy
 create mode 100644 simulations_sphere/results/sphere_samp435_N50_kappa200_block_18_results.npy
 create mode 100644 simulations_sphere/results/sphere_samp435_N50_kappa50_block_18_results.npy
 create mode 100644 simulations_sphere/results/sphere_samp436_N100_kappa200_block_18_results.npy
 create mode 100644 simulations_sphere/results/sphere_samp436_N100_kappa50_block_18_results.npy
 create mode 100644 simulations_sphere/results/sphere_samp436_N200_kappa200_block_18_results.npy
 create mode 100644 simulations_sphere/results/sphere_samp436_N200_kappa50_block_18_results.npy
 create mode 100644 simulations_sphere/results/sphere_samp436_N500_kappa200_block_18_results.npy
 create mode 100644 simulations_sphere/results/sphere_samp436_N500_kappa50_block_18_results.npy
 create mode 100644 simulations_sphere/results/sphere_samp436_N50_kappa200_block_18_results.npy
 create mode 100644 simulations_sphere/results/sphere_samp436_N50_kappa50_block_18_results.npy
 create mode 100644 simulations_sphere/results/sphere_samp437_N100_kappa200_block_18_results.npy
 create mode 100644 simulations_sphere/results/sphere_samp437_N100_kappa50_block_18_results.npy
 create mode 100644 simulations_sphere/results/sphere_samp437_N200_kappa200_block_18_results.npy
 create mode 100644 simulations_sphere/results/sphere_samp437_N200_kappa50_block_18_results.npy
 create mode 100644 simulations_sphere/results/sphere_samp437_N500_kappa200_block_18_results.npy
 create mode 100644 simulations_sphere/results/sphere_samp437_N500_kappa50_block_18_results.npy
 create mode 100644 simulations_sphere/results/sphere_samp437_N50_kappa200_block_18_results.npy
 create mode 100644 simulations_sphere/results/sphere_samp437_N50_kappa50_block_18_results.npy
 create mode 100644 simulations_sphere/results/sphere_samp438_N100_kappa200_block_18_results.npy
 create mode 100644 simulations_sphere/results/sphere_samp438_N100_kappa50_block_18_results.npy
 create mode 100644 simulations_sphere/results/sphere_samp438_N200_kappa200_block_18_results.npy
 create mode 100644 simulations_sphere/results/sphere_samp438_N200_kappa50_block_18_results.npy
 create mode 100644 simulations_sphere/results/sphere_samp438_N500_kappa200_block_18_results.npy
 create mode 100644 simulations_sphere/results/sphere_samp438_N500_kappa50_block_18_results.npy
 create mode 100644 simulations_sphere/results/sphere_samp438_N50_kappa200_block_18_results.npy
 create mode 100644 simulations_sphere/results/sphere_samp438_N50_kappa50_block_18_results.npy
 create mode 100644 simulations_sphere/results/sphere_samp439_N100_kappa200_block_18_results.npy
 create mode 100644 simulations_sphere/results/sphere_samp439_N100_kappa50_block_18_results.npy
 create mode 100644 simulations_sphere/results/sphere_samp439_N200_kappa200_block_18_results.npy
 create mode 100644 simulations_sphere/results/sphere_samp439_N200_kappa50_block_18_results.npy
 create mode 100644 simulations_sphere/results/sphere_samp439_N500_kappa200_block_18_results.npy
 create mode 100644 simulations_sphere/results/sphere_samp439_N500_kappa50_block_18_results.npy
 create mode 100644 simulations_sphere/results/sphere_samp439_N50_kappa200_block_18_results.npy
 create mode 100644 simulations_sphere/results/sphere_samp439_N50_kappa50_block_18_results.npy
 rewrite simulations_sphere/results/sphere_samp43_N50_kappa200_block_2_results.npy (60%)
 create mode 100644 simulations_sphere/results/sphere_samp440_N100_kappa200_block_18_results.npy
 create mode 100644 simulations_sphere/results/sphere_samp440_N100_kappa50_block_18_results.npy
 create mode 100644 simulations_sphere/results/sphere_samp440_N200_kappa200_block_18_results.npy
 create mode 100644 simulations_sphere/results/sphere_samp440_N200_kappa50_block_18_results.npy
 create mode 100644 simulations_sphere/results/sphere_samp440_N500_kappa50_block_18_results.npy
 create mode 100644 simulations_sphere/results/sphere_samp440_N50_kappa200_block_18_results.npy
 create mode 100644 simulations_sphere/results/sphere_samp440_N50_kappa50_block_18_results.npy
 create mode 100644 simulations_sphere/results/sphere_samp441_N100_kappa200_block_18_results.npy
 create mode 100644 simulations_sphere/results/sphere_samp441_N100_kappa50_block_18_results.npy
 create mode 100644 simulations_sphere/results/sphere_samp441_N200_kappa200_block_18_results.npy
 create mode 100644 simulations_sphere/results/sphere_samp441_N200_kappa50_block_18_results.npy
 create mode 100644 simulations_sphere/results/sphere_samp441_N50_kappa200_block_18_results.npy
 create mode 100644 simulations_sphere/results/sphere_samp441_N50_kappa50_block_18_results.npy
 create mode 100644 simulations_sphere/results/sphere_samp442_N100_kappa200_block_18_results.npy
 create mode 100644 simulations_sphere/results/sphere_samp442_N100_kappa50_block_18_results.npy
 create mode 100644 simulations_sphere/results/sphere_samp442_N200_kappa200_block_18_results.npy
 create mode 100644 simulations_sphere/results/sphere_samp442_N200_kappa50_block_18_results.npy
 create mode 100644 simulations_sphere/results/sphere_samp442_N50_kappa200_block_18_results.npy
 create mode 100644 simulations_sphere/results/sphere_samp442_N50_kappa50_block_18_results.npy
 create mode 100644 simulations_sphere/results/sphere_samp443_N100_kappa200_block_18_results.npy
 create mode 100644 simulations_sphere/results/sphere_samp443_N100_kappa50_block_18_results.npy
 create mode 100644 simulations_sphere/results/sphere_samp443_N200_kappa200_block_18_results.npy
 create mode 100644 simulations_sphere/results/sphere_samp443_N200_kappa50_block_18_results.npy
 create mode 100644 simulations_sphere/results/sphere_samp443_N50_kappa200_block_18_results.npy
 create mode 100644 simulations_sphere/results/sphere_samp443_N50_kappa50_block_18_results.npy
 create mode 100644 simulations_sphere/results/sphere_samp444_N100_kappa200_block_18_results.npy
 create mode 100644 simulations_sphere/results/sphere_samp444_N100_kappa50_block_18_results.npy
 create mode 100644 simulations_sphere/results/sphere_samp444_N200_kappa200_block_18_results.npy
 create mode 100644 simulations_sphere/results/sphere_samp444_N200_kappa50_block_18_results.npy
 create mode 100644 simulations_sphere/results/sphere_samp444_N50_kappa200_block_18_results.npy
 create mode 100644 simulations_sphere/results/sphere_samp444_N50_kappa50_block_18_results.npy
 create mode 100644 simulations_sphere/results/sphere_samp445_N100_kappa200_block_18_results.npy
 create mode 100644 simulations_sphere/results/sphere_samp445_N100_kappa50_block_18_results.npy
 create mode 100644 simulations_sphere/results/sphere_samp445_N200_kappa200_block_18_results.npy
 create mode 100644 simulations_sphere/results/sphere_samp445_N200_kappa50_block_18_results.npy
 create mode 100644 simulations_sphere/results/sphere_samp445_N50_kappa200_block_18_results.npy
 create mode 100644 simulations_sphere/results/sphere_samp445_N50_kappa50_block_18_results.npy
 create mode 100644 simulations_sphere/results/sphere_samp446_N100_kappa200_block_18_results.npy
 create mode 100644 simulations_sphere/results/sphere_samp446_N100_kappa50_block_18_results.npy
 create mode 100644 simulations_sphere/results/sphere_samp446_N200_kappa200_block_18_results.npy
 create mode 100644 simulations_sphere/results/sphere_samp446_N200_kappa50_block_18_results.npy
 create mode 100644 simulations_sphere/results/sphere_samp446_N50_kappa200_block_18_results.npy
 create mode 100644 simulations_sphere/results/sphere_samp446_N50_kappa50_block_18_results.npy
 create mode 100644 simulations_sphere/results/sphere_samp447_N100_kappa200_block_18_results.npy
 create mode 100644 simulations_sphere/results/sphere_samp447_N100_kappa50_block_18_results.npy
 create mode 100644 simulations_sphere/results/sphere_samp447_N50_kappa200_block_18_results.npy
 create mode 100644 simulations_sphere/results/sphere_samp447_N50_kappa50_block_18_results.npy
 create mode 100644 simulations_sphere/results/sphere_samp448_N100_kappa200_block_18_results.npy
 create mode 100644 simulations_sphere/results/sphere_samp448_N100_kappa50_block_18_results.npy
 create mode 100644 simulations_sphere/results/sphere_samp448_N50_kappa200_block_18_results.npy
 create mode 100644 simulations_sphere/results/sphere_samp448_N50_kappa50_block_18_results.npy
 rewrite simulations_sphere/results/sphere_samp44_N100_kappa50_block_2_results.npy (60%)
 create mode 100644 simulations_sphere/results/sphere_samp450_N100_kappa200_block_18_results.npy
 create mode 100644 simulations_sphere/results/sphere_samp450_N100_kappa50_block_18_results.npy
 create mode 100644 simulations_sphere/results/sphere_samp450_N200_kappa200_block_18_results.npy
 create mode 100644 simulations_sphere/results/sphere_samp450_N200_kappa50_block_18_results.npy
 create mode 100644 simulations_sphere/results/sphere_samp450_N500_kappa200_block_18_results.npy
 create mode 100644 simulations_sphere/results/sphere_samp450_N500_kappa50_block_18_results.npy
 create mode 100644 simulations_sphere/results/sphere_samp450_N50_kappa200_block_18_results.npy
 create mode 100644 simulations_sphere/results/sphere_samp450_N50_kappa50_block_18_results.npy
 create mode 100644 simulations_sphere/results/sphere_samp451_N100_kappa200_block_19_results.npy
 create mode 100644 simulations_sphere/results/sphere_samp451_N100_kappa50_block_19_results.npy
 create mode 100644 simulations_sphere/results/sphere_samp451_N200_kappa200_block_19_results.npy
 create mode 100644 simulations_sphere/results/sphere_samp451_N200_kappa50_block_19_results.npy
 create mode 100644 simulations_sphere/results/sphere_samp451_N500_kappa200_block_19_results.npy
 create mode 100644 simulations_sphere/results/sphere_samp451_N500_kappa50_block_19_results.npy
 create mode 100644 simulations_sphere/results/sphere_samp451_N50_kappa200_block_19_results.npy
 create mode 100644 simulations_sphere/results/sphere_samp451_N50_kappa50_block_19_results.npy
 create mode 100644 simulations_sphere/results/sphere_samp452_N100_kappa200_block_19_results.npy
 create mode 100644 simulations_sphere/results/sphere_samp452_N100_kappa50_block_19_results.npy
 create mode 100644 simulations_sphere/results/sphere_samp452_N200_kappa200_block_19_results.npy
 create mode 100644 simulations_sphere/results/sphere_samp452_N200_kappa50_block_19_results.npy
 create mode 100644 simulations_sphere/results/sphere_samp452_N500_kappa200_block_19_results.npy
 create mode 100644 simulations_sphere/results/sphere_samp452_N500_kappa50_block_19_results.npy
 create mode 100644 simulations_sphere/results/sphere_samp452_N50_kappa200_block_19_results.npy
 create mode 100644 simulations_sphere/results/sphere_samp452_N50_kappa50_block_19_results.npy
 create mode 100644 simulations_sphere/results/sphere_samp453_N100_kappa200_block_19_results.npy
 create mode 100644 simulations_sphere/results/sphere_samp453_N100_kappa50_block_19_results.npy
 create mode 100644 simulations_sphere/results/sphere_samp453_N200_kappa200_block_19_results.npy
 create mode 100644 simulations_sphere/results/sphere_samp453_N200_kappa50_block_19_results.npy
 create mode 100644 simulations_sphere/results/sphere_samp453_N500_kappa200_block_19_results.npy
 create mode 100644 simulations_sphere/results/sphere_samp453_N500_kappa50_block_19_results.npy
 create mode 100644 simulations_sphere/results/sphere_samp453_N50_kappa200_block_19_results.npy
 create mode 100644 simulations_sphere/results/sphere_samp453_N50_kappa50_block_19_results.npy
 create mode 100644 simulations_sphere/results/sphere_samp454_N100_kappa200_block_19_results.npy
 create mode 100644 simulations_sphere/results/sphere_samp454_N100_kappa50_block_19_results.npy
 create mode 100644 simulations_sphere/results/sphere_samp454_N200_kappa200_block_19_results.npy
 create mode 100644 simulations_sphere/results/sphere_samp454_N200_kappa50_block_19_results.npy
 create mode 100644 simulations_sphere/results/sphere_samp454_N500_kappa200_block_19_results.npy
 create mode 100644 simulations_sphere/results/sphere_samp454_N500_kappa50_block_19_results.npy
 create mode 100644 simulations_sphere/results/sphere_samp454_N50_kappa200_block_19_results.npy
 create mode 100644 simulations_sphere/results/sphere_samp454_N50_kappa50_block_19_results.npy
 create mode 100644 simulations_sphere/results/sphere_samp455_N100_kappa200_block_19_results.npy
 create mode 100644 simulations_sphere/results/sphere_samp455_N100_kappa50_block_19_results.npy
 create mode 100644 simulations_sphere/results/sphere_samp455_N200_kappa200_block_19_results.npy
 create mode 100644 simulations_sphere/results/sphere_samp455_N200_kappa50_block_19_results.npy
 create mode 100644 simulations_sphere/results/sphere_samp455_N500_kappa200_block_19_results.npy
 create mode 100644 simulations_sphere/results/sphere_samp455_N500_kappa50_block_19_results.npy
 create mode 100644 simulations_sphere/results/sphere_samp455_N50_kappa200_block_19_results.npy
 create mode 100644 simulations_sphere/results/sphere_samp455_N50_kappa50_block_19_results.npy
 create mode 100644 simulations_sphere/results/sphere_samp456_N100_kappa200_block_19_results.npy
 create mode 100644 simulations_sphere/results/sphere_samp456_N100_kappa50_block_19_results.npy
 create mode 100644 simulations_sphere/results/sphere_samp456_N200_kappa200_block_19_results.npy
 create mode 100644 simulations_sphere/results/sphere_samp456_N200_kappa50_block_19_results.npy
 create mode 100644 simulations_sphere/results/sphere_samp456_N500_kappa200_block_19_results.npy
 create mode 100644 simulations_sphere/results/sphere_samp456_N500_kappa50_block_19_results.npy
 create mode 100644 simulations_sphere/results/sphere_samp456_N50_kappa200_block_19_results.npy
 create mode 100644 simulations_sphere/results/sphere_samp456_N50_kappa50_block_19_results.npy
 create mode 100644 simulations_sphere/results/sphere_samp457_N100_kappa200_block_19_results.npy
 create mode 100644 simulations_sphere/results/sphere_samp457_N100_kappa50_block_19_results.npy
 create mode 100644 simulations_sphere/results/sphere_samp457_N200_kappa200_block_19_results.npy
 create mode 100644 simulations_sphere/results/sphere_samp457_N200_kappa50_block_19_results.npy
 create mode 100644 simulations_sphere/results/sphere_samp457_N500_kappa200_block_19_results.npy
 create mode 100644 simulations_sphere/results/sphere_samp457_N500_kappa50_block_19_results.npy
 create mode 100644 simulations_sphere/results/sphere_samp457_N50_kappa200_block_19_results.npy
 create mode 100644 simulations_sphere/results/sphere_samp457_N50_kappa50_block_19_results.npy
 create mode 100644 simulations_sphere/results/sphere_samp458_N100_kappa200_block_19_results.npy
 create mode 100644 simulations_sphere/results/sphere_samp458_N100_kappa50_block_19_results.npy
 create mode 100644 simulations_sphere/results/sphere_samp458_N200_kappa200_block_19_results.npy
 create mode 100644 simulations_sphere/results/sphere_samp458_N200_kappa50_block_19_results.npy
 create mode 100644 simulations_sphere/results/sphere_samp458_N500_kappa200_block_19_results.npy
 create mode 100644 simulations_sphere/results/sphere_samp458_N500_kappa50_block_19_results.npy
 create mode 100644 simulations_sphere/results/sphere_samp458_N50_kappa200_block_19_results.npy
 create mode 100644 simulations_sphere/results/sphere_samp458_N50_kappa50_block_19_results.npy
 create mode 100644 simulations_sphere/results/sphere_samp459_N100_kappa200_block_19_results.npy
 create mode 100644 simulations_sphere/results/sphere_samp459_N100_kappa50_block_19_results.npy
 create mode 100644 simulations_sphere/results/sphere_samp459_N200_kappa200_block_19_results.npy
 create mode 100644 simulations_sphere/results/sphere_samp459_N200_kappa50_block_19_results.npy
 create mode 100644 simulations_sphere/results/sphere_samp459_N500_kappa200_block_19_results.npy
 create mode 100644 simulations_sphere/results/sphere_samp459_N500_kappa50_block_19_results.npy
 create mode 100644 simulations_sphere/results/sphere_samp459_N50_kappa200_block_19_results.npy
 create mode 100644 simulations_sphere/results/sphere_samp459_N50_kappa50_block_19_results.npy
 create mode 100644 simulations_sphere/results/sphere_samp460_N100_kappa200_block_19_results.npy
 create mode 100644 simulations_sphere/results/sphere_samp460_N100_kappa50_block_19_results.npy
 create mode 100644 simulations_sphere/results/sphere_samp460_N200_kappa200_block_19_results.npy
 create mode 100644 simulations_sphere/results/sphere_samp460_N200_kappa50_block_19_results.npy
 create mode 100644 simulations_sphere/results/sphere_samp460_N500_kappa200_block_19_results.npy
 create mode 100644 simulations_sphere/results/sphere_samp460_N500_kappa50_block_19_results.npy
 create mode 100644 simulations_sphere/results/sphere_samp460_N50_kappa200_block_19_results.npy
 create mode 100644 simulations_sphere/results/sphere_samp460_N50_kappa50_block_19_results.npy
 create mode 100644 simulations_sphere/results/sphere_samp461_N100_kappa200_block_19_results.npy
 create mode 100644 simulations_sphere/results/sphere_samp461_N100_kappa50_block_19_results.npy
 create mode 100644 simulations_sphere/results/sphere_samp461_N200_kappa200_block_19_results.npy
 create mode 100644 simulations_sphere/results/sphere_samp461_N200_kappa50_block_19_results.npy
 create mode 100644 simulations_sphere/results/sphere_samp461_N500_kappa200_block_19_results.npy
 create mode 100644 simulations_sphere/results/sphere_samp461_N500_kappa50_block_19_results.npy
 create mode 100644 simulations_sphere/results/sphere_samp461_N50_kappa200_block_19_results.npy
 create mode 100644 simulations_sphere/results/sphere_samp461_N50_kappa50_block_19_results.npy
 create mode 100644 simulations_sphere/results/sphere_samp462_N100_kappa200_block_19_results.npy
 create mode 100644 simulations_sphere/results/sphere_samp462_N100_kappa50_block_19_results.npy
 create mode 100644 simulations_sphere/results/sphere_samp462_N200_kappa200_block_19_results.npy
 create mode 100644 simulations_sphere/results/sphere_samp462_N200_kappa50_block_19_results.npy
 create mode 100644 simulations_sphere/results/sphere_samp462_N500_kappa200_block_19_results.npy
 create mode 100644 simulations_sphere/results/sphere_samp462_N500_kappa50_block_19_results.npy
 create mode 100644 simulations_sphere/results/sphere_samp462_N50_kappa200_block_19_results.npy
 create mode 100644 simulations_sphere/results/sphere_samp462_N50_kappa50_block_19_results.npy
 create mode 100644 simulations_sphere/results/sphere_samp463_N100_kappa200_block_19_results.npy
 create mode 100644 simulations_sphere/results/sphere_samp463_N100_kappa50_block_19_results.npy
 create mode 100644 simulations_sphere/results/sphere_samp463_N200_kappa200_block_19_results.npy
 create mode 100644 simulations_sphere/results/sphere_samp463_N200_kappa50_block_19_results.npy
 create mode 100644 simulations_sphere/results/sphere_samp463_N500_kappa200_block_19_results.npy
 create mode 100644 simulations_sphere/results/sphere_samp463_N500_kappa50_block_19_results.npy
 create mode 100644 simulations_sphere/results/sphere_samp463_N50_kappa200_block_19_results.npy
 create mode 100644 simulations_sphere/results/sphere_samp463_N50_kappa50_block_19_results.npy
 create mode 100644 simulations_sphere/results/sphere_samp464_N100_kappa200_block_19_results.npy
 create mode 100644 simulations_sphere/results/sphere_samp464_N100_kappa50_block_19_results.npy
 create mode 100644 simulations_sphere/results/sphere_samp464_N200_kappa200_block_19_results.npy
 create mode 100644 simulations_sphere/results/sphere_samp464_N200_kappa50_block_19_results.npy
 create mode 100644 simulations_sphere/results/sphere_samp464_N50_kappa200_block_19_results.npy
 create mode 100644 simulations_sphere/results/sphere_samp464_N50_kappa50_block_19_results.npy
 create mode 100644 simulations_sphere/results/sphere_samp465_N100_kappa200_block_19_results.npy
 create mode 100644 simulations_sphere/results/sphere_samp465_N100_kappa50_block_19_results.npy
 create mode 100644 simulations_sphere/results/sphere_samp465_N200_kappa200_block_19_results.npy
 create mode 100644 simulations_sphere/results/sphere_samp465_N200_kappa50_block_19_results.npy
 create mode 100644 simulations_sphere/results/sphere_samp465_N50_kappa200_block_19_results.npy
 create mode 100644 simulations_sphere/results/sphere_samp465_N50_kappa50_block_19_results.npy
 create mode 100644 simulations_sphere/results/sphere_samp466_N100_kappa200_block_19_results.npy
 create mode 100644 simulations_sphere/results/sphere_samp466_N100_kappa50_block_19_results.npy
 create mode 100644 simulations_sphere/results/sphere_samp466_N200_kappa200_block_19_results.npy
 create mode 100644 simulations_sphere/results/sphere_samp466_N200_kappa50_block_19_results.npy
 create mode 100644 simulations_sphere/results/sphere_samp466_N50_kappa200_block_19_results.npy
 create mode 100644 simulations_sphere/results/sphere_samp466_N50_kappa50_block_19_results.npy
 create mode 100644 simulations_sphere/results/sphere_samp467_N100_kappa200_block_19_results.npy
 create mode 100644 simulations_sphere/results/sphere_samp467_N100_kappa50_block_19_results.npy
 create mode 100644 simulations_sphere/results/sphere_samp467_N200_kappa200_block_19_results.npy
 create mode 100644 simulations_sphere/results/sphere_samp467_N200_kappa50_block_19_results.npy
 create mode 100644 simulations_sphere/results/sphere_samp467_N50_kappa200_block_19_results.npy
 create mode 100644 simulations_sphere/results/sphere_samp467_N50_kappa50_block_19_results.npy
 create mode 100644 simulations_sphere/results/sphere_samp468_N100_kappa200_block_19_results.npy
 create mode 100644 simulations_sphere/results/sphere_samp468_N100_kappa50_block_19_results.npy
 create mode 100644 simulations_sphere/results/sphere_samp468_N200_kappa200_block_19_results.npy
 create mode 100644 simulations_sphere/results/sphere_samp468_N200_kappa50_block_19_results.npy
 create mode 100644 simulations_sphere/results/sphere_samp468_N50_kappa200_block_19_results.npy
 create mode 100644 simulations_sphere/results/sphere_samp468_N50_kappa50_block_19_results.npy
 create mode 100644 simulations_sphere/results/sphere_samp469_N100_kappa200_block_19_results.npy
 create mode 100644 simulations_sphere/results/sphere_samp469_N100_kappa50_block_19_results.npy
 create mode 100644 simulations_sphere/results/sphere_samp469_N200_kappa200_block_19_results.npy
 create mode 100644 simulations_sphere/results/sphere_samp469_N200_kappa50_block_19_results.npy
 create mode 100644 simulations_sphere/results/sphere_samp469_N50_kappa200_block_19_results.npy
 create mode 100644 simulations_sphere/results/sphere_samp469_N50_kappa50_block_19_results.npy
 rewrite simulations_sphere/results/sphere_samp46_N100_kappa200_block_2_results.npy (60%)
 create mode 100644 simulations_sphere/results/sphere_samp470_N100_kappa200_block_19_results.npy
 create mode 100644 simulations_sphere/results/sphere_samp470_N100_kappa50_block_19_results.npy
 create mode 100644 simulations_sphere/results/sphere_samp470_N200_kappa200_block_19_results.npy
 create mode 100644 simulations_sphere/results/sphere_samp470_N200_kappa50_block_19_results.npy
 create mode 100644 simulations_sphere/results/sphere_samp470_N50_kappa200_block_19_results.npy
 create mode 100644 simulations_sphere/results/sphere_samp470_N50_kappa50_block_19_results.npy
 create mode 100644 simulations_sphere/results/sphere_samp471_N100_kappa200_block_19_results.npy
 create mode 100644 simulations_sphere/results/sphere_samp471_N100_kappa50_block_19_results.npy
 create mode 100644 simulations_sphere/results/sphere_samp471_N50_kappa200_block_19_results.npy
 create mode 100644 simulations_sphere/results/sphere_samp471_N50_kappa50_block_19_results.npy
 create mode 100644 simulations_sphere/results/sphere_samp472_N100_kappa200_block_19_results.npy
 create mode 100644 simulations_sphere/results/sphere_samp472_N100_kappa50_block_19_results.npy
 create mode 100644 simulations_sphere/results/sphere_samp472_N50_kappa200_block_19_results.npy
 create mode 100644 simulations_sphere/results/sphere_samp472_N50_kappa50_block_19_results.npy
 create mode 100644 simulations_sphere/results/sphere_samp475_N100_kappa200_block_19_results.npy
 create mode 100644 simulations_sphere/results/sphere_samp475_N100_kappa50_block_19_results.npy
 create mode 100644 simulations_sphere/results/sphere_samp475_N200_kappa200_block_19_results.npy
 create mode 100644 simulations_sphere/results/sphere_samp475_N200_kappa50_block_19_results.npy
 create mode 100644 simulations_sphere/results/sphere_samp475_N500_kappa200_block_19_results.npy
 create mode 100644 simulations_sphere/results/sphere_samp475_N500_kappa50_block_19_results.npy
 create mode 100644 simulations_sphere/results/sphere_samp475_N50_kappa200_block_19_results.npy
 create mode 100644 simulations_sphere/results/sphere_samp475_N50_kappa50_block_19_results.npy
 create mode 100644 simulations_sphere/results/sphere_samp476_N100_kappa200_block_20_results.npy
 create mode 100644 simulations_sphere/results/sphere_samp476_N100_kappa50_block_20_results.npy
 create mode 100644 simulations_sphere/results/sphere_samp476_N200_kappa200_block_20_results.npy
 create mode 100644 simulations_sphere/results/sphere_samp476_N200_kappa50_block_20_results.npy
 create mode 100644 simulations_sphere/results/sphere_samp476_N500_kappa200_block_20_results.npy
 create mode 100644 simulations_sphere/results/sphere_samp476_N500_kappa50_block_20_results.npy
 create mode 100644 simulations_sphere/results/sphere_samp476_N50_kappa200_block_20_results.npy
 create mode 100644 simulations_sphere/results/sphere_samp476_N50_kappa50_block_20_results.npy
 create mode 100644 simulations_sphere/results/sphere_samp477_N100_kappa200_block_20_results.npy
 create mode 100644 simulations_sphere/results/sphere_samp477_N100_kappa50_block_20_results.npy
 create mode 100644 simulations_sphere/results/sphere_samp477_N200_kappa200_block_20_results.npy
 create mode 100644 simulations_sphere/results/sphere_samp477_N200_kappa50_block_20_results.npy
 create mode 100644 simulations_sphere/results/sphere_samp477_N500_kappa200_block_20_results.npy
 create mode 100644 simulations_sphere/results/sphere_samp477_N500_kappa50_block_20_results.npy
 create mode 100644 simulations_sphere/results/sphere_samp477_N50_kappa200_block_20_results.npy
 create mode 100644 simulations_sphere/results/sphere_samp477_N50_kappa50_block_20_results.npy
 create mode 100644 simulations_sphere/results/sphere_samp478_N100_kappa200_block_20_results.npy
 create mode 100644 simulations_sphere/results/sphere_samp478_N100_kappa50_block_20_results.npy
 create mode 100644 simulations_sphere/results/sphere_samp478_N200_kappa200_block_20_results.npy
 create mode 100644 simulations_sphere/results/sphere_samp478_N200_kappa50_block_20_results.npy
 create mode 100644 simulations_sphere/results/sphere_samp478_N500_kappa200_block_20_results.npy
 create mode 100644 simulations_sphere/results/sphere_samp478_N500_kappa50_block_20_results.npy
 create mode 100644 simulations_sphere/results/sphere_samp478_N50_kappa200_block_20_results.npy
 create mode 100644 simulations_sphere/results/sphere_samp478_N50_kappa50_block_20_results.npy
 create mode 100644 simulations_sphere/results/sphere_samp479_N100_kappa200_block_20_results.npy
 create mode 100644 simulations_sphere/results/sphere_samp479_N100_kappa50_block_20_results.npy
 create mode 100644 simulations_sphere/results/sphere_samp479_N200_kappa200_block_20_results.npy
 create mode 100644 simulations_sphere/results/sphere_samp479_N200_kappa50_block_20_results.npy
 create mode 100644 simulations_sphere/results/sphere_samp479_N500_kappa200_block_20_results.npy
 create mode 100644 simulations_sphere/results/sphere_samp479_N500_kappa50_block_20_results.npy
 create mode 100644 simulations_sphere/results/sphere_samp479_N50_kappa200_block_20_results.npy
 create mode 100644 simulations_sphere/results/sphere_samp479_N50_kappa50_block_20_results.npy
 create mode 100644 simulations_sphere/results/sphere_samp480_N100_kappa200_block_20_results.npy
 create mode 100644 simulations_sphere/results/sphere_samp480_N100_kappa50_block_20_results.npy
 create mode 100644 simulations_sphere/results/sphere_samp480_N200_kappa200_block_20_results.npy
 create mode 100644 simulations_sphere/results/sphere_samp480_N200_kappa50_block_20_results.npy
 create mode 100644 simulations_sphere/results/sphere_samp480_N500_kappa200_block_20_results.npy
 create mode 100644 simulations_sphere/results/sphere_samp480_N500_kappa50_block_20_results.npy
 create mode 100644 simulations_sphere/results/sphere_samp480_N50_kappa200_block_20_results.npy
 create mode 100644 simulations_sphere/results/sphere_samp480_N50_kappa50_block_20_results.npy
 create mode 100644 simulations_sphere/results/sphere_samp481_N100_kappa200_block_20_results.npy
 create mode 100644 simulations_sphere/results/sphere_samp481_N100_kappa50_block_20_results.npy
 create mode 100644 simulations_sphere/results/sphere_samp481_N200_kappa200_block_20_results.npy
 create mode 100644 simulations_sphere/results/sphere_samp481_N200_kappa50_block_20_results.npy
 create mode 100644 simulations_sphere/results/sphere_samp481_N500_kappa200_block_20_results.npy
 create mode 100644 simulations_sphere/results/sphere_samp481_N500_kappa50_block_20_results.npy
 create mode 100644 simulations_sphere/results/sphere_samp481_N50_kappa200_block_20_results.npy
 create mode 100644 simulations_sphere/results/sphere_samp481_N50_kappa50_block_20_results.npy
 create mode 100644 simulations_sphere/results/sphere_samp482_N100_kappa200_block_20_results.npy
 create mode 100644 simulations_sphere/results/sphere_samp482_N100_kappa50_block_20_results.npy
 create mode 100644 simulations_sphere/results/sphere_samp482_N200_kappa200_block_20_results.npy
 create mode 100644 simulations_sphere/results/sphere_samp482_N200_kappa50_block_20_results.npy
 create mode 100644 simulations_sphere/results/sphere_samp482_N500_kappa200_block_20_results.npy
 create mode 100644 simulations_sphere/results/sphere_samp482_N500_kappa50_block_20_results.npy
 create mode 100644 simulations_sphere/results/sphere_samp482_N50_kappa200_block_20_results.npy
 create mode 100644 simulations_sphere/results/sphere_samp482_N50_kappa50_block_20_results.npy
 create mode 100644 simulations_sphere/results/sphere_samp483_N100_kappa200_block_20_results.npy
 create mode 100644 simulations_sphere/results/sphere_samp483_N100_kappa50_block_20_results.npy
 create mode 100644 simulations_sphere/results/sphere_samp483_N200_kappa200_block_20_results.npy
 create mode 100644 simulations_sphere/results/sphere_samp483_N200_kappa50_block_20_results.npy
 create mode 100644 simulations_sphere/results/sphere_samp483_N500_kappa200_block_20_results.npy
 create mode 100644 simulations_sphere/results/sphere_samp483_N500_kappa50_block_20_results.npy
 create mode 100644 simulations_sphere/results/sphere_samp483_N50_kappa200_block_20_results.npy
 create mode 100644 simulations_sphere/results/sphere_samp483_N50_kappa50_block_20_results.npy
 create mode 100644 simulations_sphere/results/sphere_samp484_N100_kappa200_block_20_results.npy
 create mode 100644 simulations_sphere/results/sphere_samp484_N100_kappa50_block_20_results.npy
 create mode 100644 simulations_sphere/results/sphere_samp484_N200_kappa200_block_20_results.npy
 create mode 100644 simulations_sphere/results/sphere_samp484_N200_kappa50_block_20_results.npy
 create mode 100644 simulations_sphere/results/sphere_samp484_N500_kappa200_block_20_results.npy
 create mode 100644 simulations_sphere/results/sphere_samp484_N500_kappa50_block_20_results.npy
 create mode 100644 simulations_sphere/results/sphere_samp484_N50_kappa200_block_20_results.npy
 create mode 100644 simulations_sphere/results/sphere_samp484_N50_kappa50_block_20_results.npy
 create mode 100644 simulations_sphere/results/sphere_samp485_N100_kappa200_block_20_results.npy
 create mode 100644 simulations_sphere/results/sphere_samp485_N100_kappa50_block_20_results.npy
 create mode 100644 simulations_sphere/results/sphere_samp485_N200_kappa200_block_20_results.npy
 create mode 100644 simulations_sphere/results/sphere_samp485_N200_kappa50_block_20_results.npy
 create mode 100644 simulations_sphere/results/sphere_samp485_N500_kappa200_block_20_results.npy
 create mode 100644 simulations_sphere/results/sphere_samp485_N500_kappa50_block_20_results.npy
 create mode 100644 simulations_sphere/results/sphere_samp485_N50_kappa200_block_20_results.npy
 create mode 100644 simulations_sphere/results/sphere_samp485_N50_kappa50_block_20_results.npy
 create mode 100644 simulations_sphere/results/sphere_samp486_N100_kappa200_block_20_results.npy
 create mode 100644 simulations_sphere/results/sphere_samp486_N100_kappa50_block_20_results.npy
 create mode 100644 simulations_sphere/results/sphere_samp486_N200_kappa200_block_20_results.npy
 create mode 100644 simulations_sphere/results/sphere_samp486_N200_kappa50_block_20_results.npy
 create mode 100644 simulations_sphere/results/sphere_samp486_N500_kappa200_block_20_results.npy
 create mode 100644 simulations_sphere/results/sphere_samp486_N500_kappa50_block_20_results.npy
 create mode 100644 simulations_sphere/results/sphere_samp486_N50_kappa200_block_20_results.npy
 create mode 100644 simulations_sphere/results/sphere_samp486_N50_kappa50_block_20_results.npy
 create mode 100644 simulations_sphere/results/sphere_samp487_N100_kappa200_block_20_results.npy
 create mode 100644 simulations_sphere/results/sphere_samp487_N100_kappa50_block_20_results.npy
 create mode 100644 simulations_sphere/results/sphere_samp487_N200_kappa200_block_20_results.npy
 create mode 100644 simulations_sphere/results/sphere_samp487_N200_kappa50_block_20_results.npy
 create mode 100644 simulations_sphere/results/sphere_samp487_N500_kappa200_block_20_results.npy
 create mode 100644 simulations_sphere/results/sphere_samp487_N500_kappa50_block_20_results.npy
 create mode 100644 simulations_sphere/results/sphere_samp487_N50_kappa200_block_20_results.npy
 create mode 100644 simulations_sphere/results/sphere_samp487_N50_kappa50_block_20_results.npy
 create mode 100644 simulations_sphere/results/sphere_samp488_N100_kappa200_block_20_results.npy
 create mode 100644 simulations_sphere/results/sphere_samp488_N100_kappa50_block_20_results.npy
 create mode 100644 simulations_sphere/results/sphere_samp488_N200_kappa200_block_20_results.npy
 create mode 100644 simulations_sphere/results/sphere_samp488_N200_kappa50_block_20_results.npy
 create mode 100644 simulations_sphere/results/sphere_samp488_N500_kappa200_block_20_results.npy
 create mode 100644 simulations_sphere/results/sphere_samp488_N500_kappa50_block_20_results.npy
 create mode 100644 simulations_sphere/results/sphere_samp488_N50_kappa200_block_20_results.npy
 create mode 100644 simulations_sphere/results/sphere_samp488_N50_kappa50_block_20_results.npy
 create mode 100644 simulations_sphere/results/sphere_samp489_N100_kappa200_block_20_results.npy
 create mode 100644 simulations_sphere/results/sphere_samp489_N100_kappa50_block_20_results.npy
 create mode 100644 simulations_sphere/results/sphere_samp489_N200_kappa200_block_20_results.npy
 create mode 100644 simulations_sphere/results/sphere_samp489_N200_kappa50_block_20_results.npy
 create mode 100644 simulations_sphere/results/sphere_samp489_N500_kappa200_block_20_results.npy
 create mode 100644 simulations_sphere/results/sphere_samp489_N500_kappa50_block_20_results.npy
 create mode 100644 simulations_sphere/results/sphere_samp489_N50_kappa200_block_20_results.npy
 create mode 100644 simulations_sphere/results/sphere_samp489_N50_kappa50_block_20_results.npy
 create mode 100644 simulations_sphere/results/sphere_samp490_N100_kappa200_block_20_results.npy
 create mode 100644 simulations_sphere/results/sphere_samp490_N100_kappa50_block_20_results.npy
 create mode 100644 simulations_sphere/results/sphere_samp490_N200_kappa200_block_20_results.npy
 create mode 100644 simulations_sphere/results/sphere_samp490_N200_kappa50_block_20_results.npy
 create mode 100644 simulations_sphere/results/sphere_samp490_N500_kappa50_block_20_results.npy
 create mode 100644 simulations_sphere/results/sphere_samp490_N50_kappa200_block_20_results.npy
 create mode 100644 simulations_sphere/results/sphere_samp490_N50_kappa50_block_20_results.npy
 create mode 100644 simulations_sphere/results/sphere_samp491_N100_kappa200_block_20_results.npy
 create mode 100644 simulations_sphere/results/sphere_samp491_N100_kappa50_block_20_results.npy
 create mode 100644 simulations_sphere/results/sphere_samp491_N200_kappa200_block_20_results.npy
 create mode 100644 simulations_sphere/results/sphere_samp491_N200_kappa50_block_20_results.npy
 create mode 100644 simulations_sphere/results/sphere_samp491_N50_kappa200_block_20_results.npy
 create mode 100644 simulations_sphere/results/sphere_samp491_N50_kappa50_block_20_results.npy
 create mode 100644 simulations_sphere/results/sphere_samp492_N100_kappa200_block_20_results.npy
 create mode 100644 simulations_sphere/results/sphere_samp492_N100_kappa50_block_20_results.npy
 create mode 100644 simulations_sphere/results/sphere_samp492_N200_kappa200_block_20_results.npy
 create mode 100644 simulations_sphere/results/sphere_samp492_N200_kappa50_block_20_results.npy
 create mode 100644 simulations_sphere/results/sphere_samp492_N50_kappa200_block_20_results.npy
 create mode 100644 simulations_sphere/results/sphere_samp492_N50_kappa50_block_20_results.npy
 create mode 100644 simulations_sphere/results/sphere_samp493_N100_kappa200_block_20_results.npy
 create mode 100644 simulations_sphere/results/sphere_samp493_N100_kappa50_block_20_results.npy
 create mode 100644 simulations_sphere/results/sphere_samp493_N200_kappa200_block_20_results.npy
 create mode 100644 simulations_sphere/results/sphere_samp493_N200_kappa50_block_20_results.npy
 create mode 100644 simulations_sphere/results/sphere_samp493_N50_kappa200_block_20_results.npy
 create mode 100644 simulations_sphere/results/sphere_samp493_N50_kappa50_block_20_results.npy
 create mode 100644 simulations_sphere/results/sphere_samp494_N100_kappa200_block_20_results.npy
 create mode 100644 simulations_sphere/results/sphere_samp494_N100_kappa50_block_20_results.npy
 create mode 100644 simulations_sphere/results/sphere_samp494_N200_kappa200_block_20_results.npy
 create mode 100644 simulations_sphere/results/sphere_samp494_N200_kappa50_block_20_results.npy
 create mode 100644 simulations_sphere/results/sphere_samp494_N50_kappa200_block_20_results.npy
 create mode 100644 simulations_sphere/results/sphere_samp494_N50_kappa50_block_20_results.npy
 create mode 100644 simulations_sphere/results/sphere_samp495_N100_kappa200_block_20_results.npy
 create mode 100644 simulations_sphere/results/sphere_samp495_N100_kappa50_block_20_results.npy
 create mode 100644 simulations_sphere/results/sphere_samp495_N200_kappa200_block_20_results.npy
 create mode 100644 simulations_sphere/results/sphere_samp495_N200_kappa50_block_20_results.npy
 create mode 100644 simulations_sphere/results/sphere_samp495_N50_kappa200_block_20_results.npy
 create mode 100644 simulations_sphere/results/sphere_samp495_N50_kappa50_block_20_results.npy
 create mode 100644 simulations_sphere/results/sphere_samp496_N100_kappa200_block_20_results.npy
 create mode 100644 simulations_sphere/results/sphere_samp496_N100_kappa50_block_20_results.npy
 create mode 100644 simulations_sphere/results/sphere_samp496_N200_kappa200_block_20_results.npy
 create mode 100644 simulations_sphere/results/sphere_samp496_N200_kappa50_block_20_results.npy
 create mode 100644 simulations_sphere/results/sphere_samp496_N50_kappa200_block_20_results.npy
 create mode 100644 simulations_sphere/results/sphere_samp496_N50_kappa50_block_20_results.npy
 create mode 100644 simulations_sphere/results/sphere_samp497_N100_kappa200_block_20_results.npy
 create mode 100644 simulations_sphere/results/sphere_samp497_N100_kappa50_block_20_results.npy
 create mode 100644 simulations_sphere/results/sphere_samp497_N50_kappa200_block_20_results.npy
 create mode 100644 simulations_sphere/results/sphere_samp497_N50_kappa50_block_20_results.npy
 create mode 100644 simulations_sphere/results/sphere_samp498_N100_kappa200_block_20_results.npy
 create mode 100644 simulations_sphere/results/sphere_samp498_N100_kappa50_block_20_results.npy
 create mode 100644 simulations_sphere/results/sphere_samp498_N50_kappa200_block_20_results.npy
 create mode 100644 simulations_sphere/results/sphere_samp498_N50_kappa50_block_20_results.npy
 create mode 100644 simulations_sphere/results/sphere_samp499_N100_kappa200_block_20_results.npy
 create mode 100644 simulations_sphere/results/sphere_samp499_N50_kappa200_block_20_results.npy
 create mode 100644 simulations_sphere/results/sphere_samp499_N50_kappa50_block_20_results.npy
 create mode 100644 simulations_sphere/results/sphere_samp500_N100_kappa200_block_20_results.npy
 create mode 100644 simulations_sphere/results/sphere_samp500_N100_kappa50_block_20_results.npy
 create mode 100644 simulations_sphere/results/sphere_samp500_N200_kappa200_block_20_results.npy
 create mode 100644 simulations_sphere/results/sphere_samp500_N200_kappa50_block_20_results.npy
 create mode 100644 simulations_sphere/results/sphere_samp500_N500_kappa200_block_20_results.npy
 create mode 100644 simulations_sphere/results/sphere_samp500_N500_kappa50_block_20_results.npy
 create mode 100644 simulations_sphere/results/sphere_samp500_N50_kappa200_block_20_results.npy
 create mode 100644 simulations_sphere/results/sphere_samp500_N50_kappa50_block_20_results.npy
 rewrite simulations_sphere/results/sphere_samp50_N50_kappa50_block_2_results.npy (62%)
 create mode 100644 simulations_sphere/results/sphere_samp51_N100_kappa200_block_3_results.npy
 create mode 100644 simulations_sphere/results/sphere_samp51_N100_kappa50_block_3_results.npy
 create mode 100644 simulations_sphere/results/sphere_samp51_N200_kappa200_block_3_results.npy
 create mode 100644 simulations_sphere/results/sphere_samp51_N200_kappa50_block_3_results.npy
 create mode 100644 simulations_sphere/results/sphere_samp51_N500_kappa200_block_3_results.npy
 create mode 100644 simulations_sphere/results/sphere_samp51_N500_kappa50_block_3_results.npy
 create mode 100644 simulations_sphere/results/sphere_samp51_N50_kappa200_block_3_results.npy
 create mode 100644 simulations_sphere/results/sphere_samp51_N50_kappa50_block_3_results.npy
 create mode 100644 simulations_sphere/results/sphere_samp52_N100_kappa200_block_3_results.npy
 create mode 100644 simulations_sphere/results/sphere_samp52_N100_kappa50_block_3_results.npy
 create mode 100644 simulations_sphere/results/sphere_samp52_N200_kappa200_block_3_results.npy
 create mode 100644 simulations_sphere/results/sphere_samp52_N200_kappa50_block_3_results.npy
 create mode 100644 simulations_sphere/results/sphere_samp52_N500_kappa200_block_3_results.npy
 create mode 100644 simulations_sphere/results/sphere_samp52_N500_kappa50_block_3_results.npy
 create mode 100644 simulations_sphere/results/sphere_samp52_N50_kappa200_block_3_results.npy
 create mode 100644 simulations_sphere/results/sphere_samp52_N50_kappa50_block_3_results.npy
 create mode 100644 simulations_sphere/results/sphere_samp53_N100_kappa200_block_3_results.npy
 create mode 100644 simulations_sphere/results/sphere_samp53_N100_kappa50_block_3_results.npy
 create mode 100644 simulations_sphere/results/sphere_samp53_N200_kappa200_block_3_results.npy
 create mode 100644 simulations_sphere/results/sphere_samp53_N200_kappa50_block_3_results.npy
 create mode 100644 simulations_sphere/results/sphere_samp53_N500_kappa200_block_3_results.npy
 create mode 100644 simulations_sphere/results/sphere_samp53_N500_kappa50_block_3_results.npy
 create mode 100644 simulations_sphere/results/sphere_samp53_N50_kappa200_block_3_results.npy
 create mode 100644 simulations_sphere/results/sphere_samp53_N50_kappa50_block_3_results.npy
 create mode 100644 simulations_sphere/results/sphere_samp54_N100_kappa200_block_3_results.npy
 create mode 100644 simulations_sphere/results/sphere_samp54_N100_kappa50_block_3_results.npy
 create mode 100644 simulations_sphere/results/sphere_samp54_N200_kappa200_block_3_results.npy
 create mode 100644 simulations_sphere/results/sphere_samp54_N200_kappa50_block_3_results.npy
 create mode 100644 simulations_sphere/results/sphere_samp54_N500_kappa200_block_3_results.npy
 create mode 100644 simulations_sphere/results/sphere_samp54_N500_kappa50_block_3_results.npy
 create mode 100644 simulations_sphere/results/sphere_samp54_N50_kappa200_block_3_results.npy
 create mode 100644 simulations_sphere/results/sphere_samp54_N50_kappa50_block_3_results.npy
 create mode 100644 simulations_sphere/results/sphere_samp55_N100_kappa200_block_3_results.npy
 create mode 100644 simulations_sphere/results/sphere_samp55_N100_kappa50_block_3_results.npy
 create mode 100644 simulations_sphere/results/sphere_samp55_N200_kappa200_block_3_results.npy
 create mode 100644 simulations_sphere/results/sphere_samp55_N200_kappa50_block_3_results.npy
 create mode 100644 simulations_sphere/results/sphere_samp55_N500_kappa200_block_3_results.npy
 create mode 100644 simulations_sphere/results/sphere_samp55_N500_kappa50_block_3_results.npy
 create mode 100644 simulations_sphere/results/sphere_samp55_N50_kappa200_block_3_results.npy
 create mode 100644 simulations_sphere/results/sphere_samp55_N50_kappa50_block_3_results.npy
 create mode 100644 simulations_sphere/results/sphere_samp56_N100_kappa200_block_3_results.npy
 create mode 100644 simulations_sphere/results/sphere_samp56_N100_kappa50_block_3_results.npy
 create mode 100644 simulations_sphere/results/sphere_samp56_N200_kappa200_block_3_results.npy
 create mode 100644 simulations_sphere/results/sphere_samp56_N200_kappa50_block_3_results.npy
 create mode 100644 simulations_sphere/results/sphere_samp56_N500_kappa200_block_3_results.npy
 create mode 100644 simulations_sphere/results/sphere_samp56_N500_kappa50_block_3_results.npy
 create mode 100644 simulations_sphere/results/sphere_samp56_N50_kappa200_block_3_results.npy
 create mode 100644 simulations_sphere/results/sphere_samp56_N50_kappa50_block_3_results.npy
 create mode 100644 simulations_sphere/results/sphere_samp57_N100_kappa200_block_3_results.npy
 create mode 100644 simulations_sphere/results/sphere_samp57_N100_kappa50_block_3_results.npy
 create mode 100644 simulations_sphere/results/sphere_samp57_N200_kappa200_block_3_results.npy
 create mode 100644 simulations_sphere/results/sphere_samp57_N200_kappa50_block_3_results.npy
 create mode 100644 simulations_sphere/results/sphere_samp57_N500_kappa200_block_3_results.npy
 create mode 100644 simulations_sphere/results/sphere_samp57_N500_kappa50_block_3_results.npy
 create mode 100644 simulations_sphere/results/sphere_samp57_N50_kappa200_block_3_results.npy
 create mode 100644 simulations_sphere/results/sphere_samp57_N50_kappa50_block_3_results.npy
 create mode 100644 simulations_sphere/results/sphere_samp58_N100_kappa200_block_3_results.npy
 create mode 100644 simulations_sphere/results/sphere_samp58_N100_kappa50_block_3_results.npy
 create mode 100644 simulations_sphere/results/sphere_samp58_N200_kappa200_block_3_results.npy
 create mode 100644 simulations_sphere/results/sphere_samp58_N200_kappa50_block_3_results.npy
 create mode 100644 simulations_sphere/results/sphere_samp58_N500_kappa200_block_3_results.npy
 create mode 100644 simulations_sphere/results/sphere_samp58_N500_kappa50_block_3_results.npy
 create mode 100644 simulations_sphere/results/sphere_samp58_N50_kappa200_block_3_results.npy
 create mode 100644 simulations_sphere/results/sphere_samp58_N50_kappa50_block_3_results.npy
 create mode 100644 simulations_sphere/results/sphere_samp59_N100_kappa200_block_3_results.npy
 create mode 100644 simulations_sphere/results/sphere_samp59_N100_kappa50_block_3_results.npy
 create mode 100644 simulations_sphere/results/sphere_samp59_N200_kappa200_block_3_results.npy
 create mode 100644 simulations_sphere/results/sphere_samp59_N200_kappa50_block_3_results.npy
 create mode 100644 simulations_sphere/results/sphere_samp59_N500_kappa200_block_3_results.npy
 create mode 100644 simulations_sphere/results/sphere_samp59_N500_kappa50_block_3_results.npy
 create mode 100644 simulations_sphere/results/sphere_samp59_N50_kappa200_block_3_results.npy
 create mode 100644 simulations_sphere/results/sphere_samp59_N50_kappa50_block_3_results.npy
 create mode 100644 simulations_sphere/results/sphere_samp60_N100_kappa200_block_3_results.npy
 create mode 100644 simulations_sphere/results/sphere_samp60_N100_kappa50_block_3_results.npy
 create mode 100644 simulations_sphere/results/sphere_samp60_N200_kappa200_block_3_results.npy
 create mode 100644 simulations_sphere/results/sphere_samp60_N200_kappa50_block_3_results.npy
 create mode 100644 simulations_sphere/results/sphere_samp60_N500_kappa200_block_3_results.npy
 create mode 100644 simulations_sphere/results/sphere_samp60_N500_kappa50_block_3_results.npy
 create mode 100644 simulations_sphere/results/sphere_samp60_N50_kappa200_block_3_results.npy
 create mode 100644 simulations_sphere/results/sphere_samp60_N50_kappa50_block_3_results.npy
 create mode 100644 simulations_sphere/results/sphere_samp61_N100_kappa200_block_3_results.npy
 create mode 100644 simulations_sphere/results/sphere_samp61_N100_kappa50_block_3_results.npy
 create mode 100644 simulations_sphere/results/sphere_samp61_N200_kappa200_block_3_results.npy
 create mode 100644 simulations_sphere/results/sphere_samp61_N200_kappa50_block_3_results.npy
 create mode 100644 simulations_sphere/results/sphere_samp61_N500_kappa200_block_3_results.npy
 create mode 100644 simulations_sphere/results/sphere_samp61_N500_kappa50_block_3_results.npy
 create mode 100644 simulations_sphere/results/sphere_samp61_N50_kappa200_block_3_results.npy
 create mode 100644 simulations_sphere/results/sphere_samp61_N50_kappa50_block_3_results.npy
 create mode 100644 simulations_sphere/results/sphere_samp62_N100_kappa200_block_3_results.npy
 create mode 100644 simulations_sphere/results/sphere_samp62_N100_kappa50_block_3_results.npy
 create mode 100644 simulations_sphere/results/sphere_samp62_N200_kappa200_block_3_results.npy
 create mode 100644 simulations_sphere/results/sphere_samp62_N200_kappa50_block_3_results.npy
 create mode 100644 simulations_sphere/results/sphere_samp62_N500_kappa200_block_3_results.npy
 create mode 100644 simulations_sphere/results/sphere_samp62_N500_kappa50_block_3_results.npy
 create mode 100644 simulations_sphere/results/sphere_samp62_N50_kappa200_block_3_results.npy
 create mode 100644 simulations_sphere/results/sphere_samp62_N50_kappa50_block_3_results.npy
 create mode 100644 simulations_sphere/results/sphere_samp63_N100_kappa200_block_3_results.npy
 create mode 100644 simulations_sphere/results/sphere_samp63_N100_kappa50_block_3_results.npy
 create mode 100644 simulations_sphere/results/sphere_samp63_N200_kappa200_block_3_results.npy
 create mode 100644 simulations_sphere/results/sphere_samp63_N200_kappa50_block_3_results.npy
 create mode 100644 simulations_sphere/results/sphere_samp63_N500_kappa200_block_3_results.npy
 create mode 100644 simulations_sphere/results/sphere_samp63_N500_kappa50_block_3_results.npy
 create mode 100644 simulations_sphere/results/sphere_samp63_N50_kappa200_block_3_results.npy
 create mode 100644 simulations_sphere/results/sphere_samp63_N50_kappa50_block_3_results.npy
 create mode 100644 simulations_sphere/results/sphere_samp64_N100_kappa200_block_3_results.npy
 create mode 100644 simulations_sphere/results/sphere_samp64_N100_kappa50_block_3_results.npy
 create mode 100644 simulations_sphere/results/sphere_samp64_N200_kappa200_block_3_results.npy
 create mode 100644 simulations_sphere/results/sphere_samp64_N200_kappa50_block_3_results.npy
 create mode 100644 simulations_sphere/results/sphere_samp64_N500_kappa200_block_3_results.npy
 create mode 100644 simulations_sphere/results/sphere_samp64_N500_kappa50_block_3_results.npy
 create mode 100644 simulations_sphere/results/sphere_samp64_N50_kappa200_block_3_results.npy
 create mode 100644 simulations_sphere/results/sphere_samp64_N50_kappa50_block_3_results.npy
 create mode 100644 simulations_sphere/results/sphere_samp65_N100_kappa200_block_3_results.npy
 create mode 100644 simulations_sphere/results/sphere_samp65_N100_kappa50_block_3_results.npy
 create mode 100644 simulations_sphere/results/sphere_samp65_N200_kappa200_block_3_results.npy
 create mode 100644 simulations_sphere/results/sphere_samp65_N200_kappa50_block_3_results.npy
 create mode 100644 simulations_sphere/results/sphere_samp65_N500_kappa200_block_3_results.npy
 create mode 100644 simulations_sphere/results/sphere_samp65_N500_kappa50_block_3_results.npy
 create mode 100644 simulations_sphere/results/sphere_samp65_N50_kappa200_block_3_results.npy
 create mode 100644 simulations_sphere/results/sphere_samp65_N50_kappa50_block_3_results.npy
 create mode 100644 simulations_sphere/results/sphere_samp66_N100_kappa200_block_3_results.npy
 create mode 100644 simulations_sphere/results/sphere_samp66_N100_kappa50_block_3_results.npy
 create mode 100644 simulations_sphere/results/sphere_samp66_N200_kappa200_block_3_results.npy
 create mode 100644 simulations_sphere/results/sphere_samp66_N200_kappa50_block_3_results.npy
 create mode 100644 simulations_sphere/results/sphere_samp66_N500_kappa200_block_3_results.npy
 create mode 100644 simulations_sphere/results/sphere_samp66_N500_kappa50_block_3_results.npy
 create mode 100644 simulations_sphere/results/sphere_samp66_N50_kappa200_block_3_results.npy
 create mode 100644 simulations_sphere/results/sphere_samp66_N50_kappa50_block_3_results.npy
 create mode 100644 simulations_sphere/results/sphere_samp67_N100_kappa200_block_3_results.npy
 create mode 100644 simulations_sphere/results/sphere_samp67_N100_kappa50_block_3_results.npy
 create mode 100644 simulations_sphere/results/sphere_samp67_N200_kappa200_block_3_results.npy
 create mode 100644 simulations_sphere/results/sphere_samp67_N200_kappa50_block_3_results.npy
 create mode 100644 simulations_sphere/results/sphere_samp67_N500_kappa200_block_3_results.npy
 create mode 100644 simulations_sphere/results/sphere_samp67_N500_kappa50_block_3_results.npy
 create mode 100644 simulations_sphere/results/sphere_samp67_N50_kappa200_block_3_results.npy
 create mode 100644 simulations_sphere/results/sphere_samp67_N50_kappa50_block_3_results.npy
 create mode 100644 simulations_sphere/results/sphere_samp68_N100_kappa200_block_3_results.npy
 create mode 100644 simulations_sphere/results/sphere_samp68_N100_kappa50_block_3_results.npy
 create mode 100644 simulations_sphere/results/sphere_samp68_N200_kappa200_block_3_results.npy
 create mode 100644 simulations_sphere/results/sphere_samp68_N200_kappa50_block_3_results.npy
 create mode 100644 simulations_sphere/results/sphere_samp68_N500_kappa200_block_3_results.npy
 create mode 100644 simulations_sphere/results/sphere_samp68_N500_kappa50_block_3_results.npy
 create mode 100644 simulations_sphere/results/sphere_samp68_N50_kappa200_block_3_results.npy
 create mode 100644 simulations_sphere/results/sphere_samp68_N50_kappa50_block_3_results.npy
 create mode 100644 simulations_sphere/results/sphere_samp69_N100_kappa200_block_3_results.npy
 create mode 100644 simulations_sphere/results/sphere_samp69_N100_kappa50_block_3_results.npy
 create mode 100644 simulations_sphere/results/sphere_samp69_N200_kappa200_block_3_results.npy
 create mode 100644 simulations_sphere/results/sphere_samp69_N200_kappa50_block_3_results.npy
 create mode 100644 simulations_sphere/results/sphere_samp69_N500_kappa200_block_3_results.npy
 create mode 100644 simulations_sphere/results/sphere_samp69_N500_kappa50_block_3_results.npy
 create mode 100644 simulations_sphere/results/sphere_samp69_N50_kappa200_block_3_results.npy
 create mode 100644 simulations_sphere/results/sphere_samp69_N50_kappa50_block_3_results.npy
 create mode 100644 simulations_sphere/results/sphere_samp70_N100_kappa200_block_3_results.npy
 create mode 100644 simulations_sphere/results/sphere_samp70_N100_kappa50_block_3_results.npy
 create mode 100644 simulations_sphere/results/sphere_samp70_N200_kappa200_block_3_results.npy
 create mode 100644 simulations_sphere/results/sphere_samp70_N200_kappa50_block_3_results.npy
 create mode 100644 simulations_sphere/results/sphere_samp70_N500_kappa50_block_3_results.npy
 create mode 100644 simulations_sphere/results/sphere_samp70_N50_kappa200_block_3_results.npy
 create mode 100644 simulations_sphere/results/sphere_samp70_N50_kappa50_block_3_results.npy
 create mode 100644 simulations_sphere/results/sphere_samp71_N100_kappa200_block_3_results.npy
 create mode 100644 simulations_sphere/results/sphere_samp71_N100_kappa50_block_3_results.npy
 create mode 100644 simulations_sphere/results/sphere_samp71_N200_kappa200_block_3_results.npy
 create mode 100644 simulations_sphere/results/sphere_samp71_N200_kappa50_block_3_results.npy
 create mode 100644 simulations_sphere/results/sphere_samp71_N50_kappa200_block_3_results.npy
 create mode 100644 simulations_sphere/results/sphere_samp71_N50_kappa50_block_3_results.npy
 create mode 100644 simulations_sphere/results/sphere_samp72_N100_kappa200_block_3_results.npy
 create mode 100644 simulations_sphere/results/sphere_samp72_N100_kappa50_block_3_results.npy
 create mode 100644 simulations_sphere/results/sphere_samp72_N200_kappa200_block_3_results.npy
 create mode 100644 simulations_sphere/results/sphere_samp72_N200_kappa50_block_3_results.npy
 create mode 100644 simulations_sphere/results/sphere_samp72_N50_kappa200_block_3_results.npy
 create mode 100644 simulations_sphere/results/sphere_samp72_N50_kappa50_block_3_results.npy
 create mode 100644 simulations_sphere/results/sphere_samp73_N100_kappa200_block_3_results.npy
 create mode 100644 simulations_sphere/results/sphere_samp73_N100_kappa50_block_3_results.npy
 create mode 100644 simulations_sphere/results/sphere_samp73_N200_kappa200_block_3_results.npy
 create mode 100644 simulations_sphere/results/sphere_samp73_N200_kappa50_block_3_results.npy
 create mode 100644 simulations_sphere/results/sphere_samp73_N50_kappa200_block_3_results.npy
 create mode 100644 simulations_sphere/results/sphere_samp73_N50_kappa50_block_3_results.npy
 create mode 100644 simulations_sphere/results/sphere_samp74_N100_kappa200_block_3_results.npy
 create mode 100644 simulations_sphere/results/sphere_samp74_N100_kappa50_block_3_results.npy
 create mode 100644 simulations_sphere/results/sphere_samp74_N200_kappa200_block_3_results.npy
 create mode 100644 simulations_sphere/results/sphere_samp74_N200_kappa50_block_3_results.npy
 create mode 100644 simulations_sphere/results/sphere_samp74_N50_kappa200_block_3_results.npy
 create mode 100644 simulations_sphere/results/sphere_samp74_N50_kappa50_block_3_results.npy
 create mode 100644 simulations_sphere/results/sphere_samp75_N100_kappa200_block_3_results.npy
 create mode 100644 simulations_sphere/results/sphere_samp75_N100_kappa50_block_3_results.npy
 create mode 100644 simulations_sphere/results/sphere_samp75_N200_kappa200_block_3_results.npy
 create mode 100644 simulations_sphere/results/sphere_samp75_N200_kappa50_block_3_results.npy
 create mode 100644 simulations_sphere/results/sphere_samp75_N500_kappa200_block_3_results.npy
 create mode 100644 simulations_sphere/results/sphere_samp75_N500_kappa50_block_3_results.npy
 create mode 100644 simulations_sphere/results/sphere_samp75_N50_kappa200_block_3_results.npy
 create mode 100644 simulations_sphere/results/sphere_samp75_N50_kappa50_block_3_results.npy
 create mode 100644 simulations_sphere/results/sphere_samp76_N100_kappa200_block_4_results.npy
 create mode 100644 simulations_sphere/results/sphere_samp76_N100_kappa50_block_4_results.npy
 create mode 100644 simulations_sphere/results/sphere_samp76_N200_kappa200_block_4_results.npy
 create mode 100644 simulations_sphere/results/sphere_samp76_N200_kappa50_block_4_results.npy
 create mode 100644 simulations_sphere/results/sphere_samp76_N500_kappa200_block_4_results.npy
 create mode 100644 simulations_sphere/results/sphere_samp76_N500_kappa50_block_4_results.npy
 create mode 100644 simulations_sphere/results/sphere_samp76_N50_kappa200_block_4_results.npy
 create mode 100644 simulations_sphere/results/sphere_samp76_N50_kappa50_block_4_results.npy
 create mode 100644 simulations_sphere/results/sphere_samp77_N100_kappa200_block_4_results.npy
 create mode 100644 simulations_sphere/results/sphere_samp77_N100_kappa50_block_4_results.npy
 create mode 100644 simulations_sphere/results/sphere_samp77_N200_kappa200_block_4_results.npy
 create mode 100644 simulations_sphere/results/sphere_samp77_N200_kappa50_block_4_results.npy
 create mode 100644 simulations_sphere/results/sphere_samp77_N500_kappa200_block_4_results.npy
 create mode 100644 simulations_sphere/results/sphere_samp77_N500_kappa50_block_4_results.npy
 create mode 100644 simulations_sphere/results/sphere_samp77_N50_kappa200_block_4_results.npy
 create mode 100644 simulations_sphere/results/sphere_samp77_N50_kappa50_block_4_results.npy
 create mode 100644 simulations_sphere/results/sphere_samp78_N100_kappa200_block_4_results.npy
 create mode 100644 simulations_sphere/results/sphere_samp78_N100_kappa50_block_4_results.npy
 create mode 100644 simulations_sphere/results/sphere_samp78_N200_kappa200_block_4_results.npy
 create mode 100644 simulations_sphere/results/sphere_samp78_N200_kappa50_block_4_results.npy
 create mode 100644 simulations_sphere/results/sphere_samp78_N500_kappa200_block_4_results.npy
 create mode 100644 simulations_sphere/results/sphere_samp78_N500_kappa50_block_4_results.npy
 create mode 100644 simulations_sphere/results/sphere_samp78_N50_kappa200_block_4_results.npy
 create mode 100644 simulations_sphere/results/sphere_samp78_N50_kappa50_block_4_results.npy
 create mode 100644 simulations_sphere/results/sphere_samp79_N100_kappa200_block_4_results.npy
 create mode 100644 simulations_sphere/results/sphere_samp79_N100_kappa50_block_4_results.npy
 create mode 100644 simulations_sphere/results/sphere_samp79_N200_kappa200_block_4_results.npy
 create mode 100644 simulations_sphere/results/sphere_samp79_N200_kappa50_block_4_results.npy
 create mode 100644 simulations_sphere/results/sphere_samp79_N500_kappa200_block_4_results.npy
 create mode 100644 simulations_sphere/results/sphere_samp79_N500_kappa50_block_4_results.npy
 create mode 100644 simulations_sphere/results/sphere_samp79_N50_kappa200_block_4_results.npy
 create mode 100644 simulations_sphere/results/sphere_samp79_N50_kappa50_block_4_results.npy
 create mode 100644 simulations_sphere/results/sphere_samp80_N100_kappa200_block_4_results.npy
 create mode 100644 simulations_sphere/results/sphere_samp80_N100_kappa50_block_4_results.npy
 create mode 100644 simulations_sphere/results/sphere_samp80_N200_kappa200_block_4_results.npy
 create mode 100644 simulations_sphere/results/sphere_samp80_N200_kappa50_block_4_results.npy
 create mode 100644 simulations_sphere/results/sphere_samp80_N500_kappa200_block_4_results.npy
 create mode 100644 simulations_sphere/results/sphere_samp80_N500_kappa50_block_4_results.npy
 create mode 100644 simulations_sphere/results/sphere_samp80_N50_kappa200_block_4_results.npy
 create mode 100644 simulations_sphere/results/sphere_samp80_N50_kappa50_block_4_results.npy
 create mode 100644 simulations_sphere/results/sphere_samp81_N100_kappa200_block_4_results.npy
 create mode 100644 simulations_sphere/results/sphere_samp81_N100_kappa50_block_4_results.npy
 create mode 100644 simulations_sphere/results/sphere_samp81_N200_kappa200_block_4_results.npy
 create mode 100644 simulations_sphere/results/sphere_samp81_N200_kappa50_block_4_results.npy
 create mode 100644 simulations_sphere/results/sphere_samp81_N500_kappa200_block_4_results.npy
 create mode 100644 simulations_sphere/results/sphere_samp81_N500_kappa50_block_4_results.npy
 create mode 100644 simulations_sphere/results/sphere_samp81_N50_kappa200_block_4_results.npy
 create mode 100644 simulations_sphere/results/sphere_samp81_N50_kappa50_block_4_results.npy
 create mode 100644 simulations_sphere/results/sphere_samp82_N100_kappa200_block_4_results.npy
 create mode 100644 simulations_sphere/results/sphere_samp82_N100_kappa50_block_4_results.npy
 create mode 100644 simulations_sphere/results/sphere_samp82_N200_kappa200_block_4_results.npy
 create mode 100644 simulations_sphere/results/sphere_samp82_N200_kappa50_block_4_results.npy
 create mode 100644 simulations_sphere/results/sphere_samp82_N500_kappa200_block_4_results.npy
 create mode 100644 simulations_sphere/results/sphere_samp82_N500_kappa50_block_4_results.npy
 create mode 100644 simulations_sphere/results/sphere_samp82_N50_kappa200_block_4_results.npy
 create mode 100644 simulations_sphere/results/sphere_samp82_N50_kappa50_block_4_results.npy
 create mode 100644 simulations_sphere/results/sphere_samp83_N100_kappa200_block_4_results.npy
 create mode 100644 simulations_sphere/results/sphere_samp83_N100_kappa50_block_4_results.npy
 create mode 100644 simulations_sphere/results/sphere_samp83_N200_kappa200_block_4_results.npy
 create mode 100644 simulations_sphere/results/sphere_samp83_N200_kappa50_block_4_results.npy
 create mode 100644 simulations_sphere/results/sphere_samp83_N500_kappa200_block_4_results.npy
 create mode 100644 simulations_sphere/results/sphere_samp83_N500_kappa50_block_4_results.npy
 create mode 100644 simulations_sphere/results/sphere_samp83_N50_kappa200_block_4_results.npy
 create mode 100644 simulations_sphere/results/sphere_samp83_N50_kappa50_block_4_results.npy
 create mode 100644 simulations_sphere/results/sphere_samp84_N100_kappa200_block_4_results.npy
 create mode 100644 simulations_sphere/results/sphere_samp84_N100_kappa50_block_4_results.npy
 create mode 100644 simulations_sphere/results/sphere_samp84_N200_kappa200_block_4_results.npy
 create mode 100644 simulations_sphere/results/sphere_samp84_N200_kappa50_block_4_results.npy
 create mode 100644 simulations_sphere/results/sphere_samp84_N500_kappa200_block_4_results.npy
 create mode 100644 simulations_sphere/results/sphere_samp84_N500_kappa50_block_4_results.npy
 create mode 100644 simulations_sphere/results/sphere_samp84_N50_kappa200_block_4_results.npy
 create mode 100644 simulations_sphere/results/sphere_samp84_N50_kappa50_block_4_results.npy
 create mode 100644 simulations_sphere/results/sphere_samp85_N100_kappa200_block_4_results.npy
 create mode 100644 simulations_sphere/results/sphere_samp85_N100_kappa50_block_4_results.npy
 create mode 100644 simulations_sphere/results/sphere_samp85_N200_kappa200_block_4_results.npy
 create mode 100644 simulations_sphere/results/sphere_samp85_N200_kappa50_block_4_results.npy
 create mode 100644 simulations_sphere/results/sphere_samp85_N500_kappa200_block_4_results.npy
 create mode 100644 simulations_sphere/results/sphere_samp85_N500_kappa50_block_4_results.npy
 create mode 100644 simulations_sphere/results/sphere_samp85_N50_kappa200_block_4_results.npy
 create mode 100644 simulations_sphere/results/sphere_samp85_N50_kappa50_block_4_results.npy
 create mode 100644 simulations_sphere/results/sphere_samp86_N100_kappa200_block_4_results.npy
 create mode 100644 simulations_sphere/results/sphere_samp86_N100_kappa50_block_4_results.npy
 create mode 100644 simulations_sphere/results/sphere_samp86_N200_kappa200_block_4_results.npy
 create mode 100644 simulations_sphere/results/sphere_samp86_N200_kappa50_block_4_results.npy
 create mode 100644 simulations_sphere/results/sphere_samp86_N500_kappa200_block_4_results.npy
 create mode 100644 simulations_sphere/results/sphere_samp86_N500_kappa50_block_4_results.npy
 create mode 100644 simulations_sphere/results/sphere_samp86_N50_kappa200_block_4_results.npy
 create mode 100644 simulations_sphere/results/sphere_samp86_N50_kappa50_block_4_results.npy
 create mode 100644 simulations_sphere/results/sphere_samp87_N100_kappa200_block_4_results.npy
 create mode 100644 simulations_sphere/results/sphere_samp87_N100_kappa50_block_4_results.npy
 create mode 100644 simulations_sphere/results/sphere_samp87_N200_kappa200_block_4_results.npy
 create mode 100644 simulations_sphere/results/sphere_samp87_N200_kappa50_block_4_results.npy
 create mode 100644 simulations_sphere/results/sphere_samp87_N500_kappa200_block_4_results.npy
 create mode 100644 simulations_sphere/results/sphere_samp87_N500_kappa50_block_4_results.npy
 create mode 100644 simulations_sphere/results/sphere_samp87_N50_kappa200_block_4_results.npy
 create mode 100644 simulations_sphere/results/sphere_samp87_N50_kappa50_block_4_results.npy
 create mode 100644 simulations_sphere/results/sphere_samp88_N100_kappa200_block_4_results.npy
 create mode 100644 simulations_sphere/results/sphere_samp88_N100_kappa50_block_4_results.npy
 create mode 100644 simulations_sphere/results/sphere_samp88_N200_kappa200_block_4_results.npy
 create mode 100644 simulations_sphere/results/sphere_samp88_N200_kappa50_block_4_results.npy
 create mode 100644 simulations_sphere/results/sphere_samp88_N500_kappa200_block_4_results.npy
 create mode 100644 simulations_sphere/results/sphere_samp88_N500_kappa50_block_4_results.npy
 create mode 100644 simulations_sphere/results/sphere_samp88_N50_kappa200_block_4_results.npy
 create mode 100644 simulations_sphere/results/sphere_samp88_N50_kappa50_block_4_results.npy
 create mode 100644 simulations_sphere/results/sphere_samp89_N100_kappa200_block_4_results.npy
 create mode 100644 simulations_sphere/results/sphere_samp89_N100_kappa50_block_4_results.npy
 create mode 100644 simulations_sphere/results/sphere_samp89_N200_kappa200_block_4_results.npy
 create mode 100644 simulations_sphere/results/sphere_samp89_N200_kappa50_block_4_results.npy
 create mode 100644 simulations_sphere/results/sphere_samp89_N500_kappa200_block_4_results.npy
 create mode 100644 simulations_sphere/results/sphere_samp89_N500_kappa50_block_4_results.npy
 create mode 100644 simulations_sphere/results/sphere_samp89_N50_kappa200_block_4_results.npy
 create mode 100644 simulations_sphere/results/sphere_samp89_N50_kappa50_block_4_results.npy
 create mode 100644 simulations_sphere/results/sphere_samp90_N100_kappa200_block_4_results.npy
 create mode 100644 simulations_sphere/results/sphere_samp90_N100_kappa50_block_4_results.npy
 create mode 100644 simulations_sphere/results/sphere_samp90_N200_kappa200_block_4_results.npy
 create mode 100644 simulations_sphere/results/sphere_samp90_N200_kappa50_block_4_results.npy
 create mode 100644 simulations_sphere/results/sphere_samp90_N500_kappa200_block_4_results.npy
 create mode 100644 simulations_sphere/results/sphere_samp90_N500_kappa50_block_4_results.npy
 create mode 100644 simulations_sphere/results/sphere_samp90_N50_kappa200_block_4_results.npy
 create mode 100644 simulations_sphere/results/sphere_samp90_N50_kappa50_block_4_results.npy
 create mode 100644 simulations_sphere/results/sphere_samp91_N100_kappa200_block_4_results.npy
 create mode 100644 simulations_sphere/results/sphere_samp91_N100_kappa50_block_4_results.npy
 create mode 100644 simulations_sphere/results/sphere_samp91_N200_kappa200_block_4_results.npy
 create mode 100644 simulations_sphere/results/sphere_samp91_N200_kappa50_block_4_results.npy
 create mode 100644 simulations_sphere/results/sphere_samp91_N500_kappa200_block_4_results.npy
 create mode 100644 simulations_sphere/results/sphere_samp91_N500_kappa50_block_4_results.npy
 create mode 100644 simulations_sphere/results/sphere_samp91_N50_kappa200_block_4_results.npy
 create mode 100644 simulations_sphere/results/sphere_samp91_N50_kappa50_block_4_results.npy
 create mode 100644 simulations_sphere/results/sphere_samp92_N100_kappa200_block_4_results.npy
 create mode 100644 simulations_sphere/results/sphere_samp92_N100_kappa50_block_4_results.npy
 create mode 100644 simulations_sphere/results/sphere_samp92_N200_kappa200_block_4_results.npy
 create mode 100644 simulations_sphere/results/sphere_samp92_N200_kappa50_block_4_results.npy
 create mode 100644 simulations_sphere/results/sphere_samp92_N500_kappa200_block_4_results.npy
 create mode 100644 simulations_sphere/results/sphere_samp92_N500_kappa50_block_4_results.npy
 create mode 100644 simulations_sphere/results/sphere_samp92_N50_kappa200_block_4_results.npy
 create mode 100644 simulations_sphere/results/sphere_samp92_N50_kappa50_block_4_results.npy
 create mode 100644 simulations_sphere/results/sphere_samp93_N100_kappa200_block_4_results.npy
 create mode 100644 simulations_sphere/results/sphere_samp93_N100_kappa50_block_4_results.npy
 create mode 100644 simulations_sphere/results/sphere_samp93_N200_kappa200_block_4_results.npy
 create mode 100644 simulations_sphere/results/sphere_samp93_N200_kappa50_block_4_results.npy
 create mode 100644 simulations_sphere/results/sphere_samp93_N500_kappa200_block_4_results.npy
 create mode 100644 simulations_sphere/results/sphere_samp93_N500_kappa50_block_4_results.npy
 create mode 100644 simulations_sphere/results/sphere_samp93_N50_kappa200_block_4_results.npy
 create mode 100644 simulations_sphere/results/sphere_samp93_N50_kappa50_block_4_results.npy
 create mode 100644 simulations_sphere/results/sphere_samp94_N100_kappa200_block_4_results.npy
 create mode 100644 simulations_sphere/results/sphere_samp94_N100_kappa50_block_4_results.npy
 create mode 100644 simulations_sphere/results/sphere_samp94_N200_kappa200_block_4_results.npy
 create mode 100644 simulations_sphere/results/sphere_samp94_N200_kappa50_block_4_results.npy
 create mode 100644 simulations_sphere/results/sphere_samp94_N500_kappa50_block_4_results.npy
 create mode 100644 simulations_sphere/results/sphere_samp94_N50_kappa200_block_4_results.npy
 create mode 100644 simulations_sphere/results/sphere_samp94_N50_kappa50_block_4_results.npy
 create mode 100644 simulations_sphere/results/sphere_samp95_N100_kappa200_block_4_results.npy
 create mode 100644 simulations_sphere/results/sphere_samp95_N100_kappa50_block_4_results.npy
 create mode 100644 simulations_sphere/results/sphere_samp95_N200_kappa200_block_4_results.npy
 create mode 100644 simulations_sphere/results/sphere_samp95_N200_kappa50_block_4_results.npy
 create mode 100644 simulations_sphere/results/sphere_samp95_N50_kappa200_block_4_results.npy
 create mode 100644 simulations_sphere/results/sphere_samp95_N50_kappa50_block_4_results.npy
 create mode 100644 simulations_sphere/results/sphere_samp96_N100_kappa200_block_4_results.npy
 create mode 100644 simulations_sphere/results/sphere_samp96_N100_kappa50_block_4_results.npy
 create mode 100644 simulations_sphere/results/sphere_samp96_N200_kappa200_block_4_results.npy
 create mode 100644 simulations_sphere/results/sphere_samp96_N200_kappa50_block_4_results.npy
 create mode 100644 simulations_sphere/results/sphere_samp96_N50_kappa200_block_4_results.npy
 create mode 100644 simulations_sphere/results/sphere_samp96_N50_kappa50_block_4_results.npy
 create mode 100644 simulations_sphere/results/sphere_samp97_N100_kappa200_block_4_results.npy
 create mode 100644 simulations_sphere/results/sphere_samp97_N100_kappa50_block_4_results.npy
 create mode 100644 simulations_sphere/results/sphere_samp97_N200_kappa200_block_4_results.npy
 create mode 100644 simulations_sphere/results/sphere_samp97_N200_kappa50_block_4_results.npy
 create mode 100644 simulations_sphere/results/sphere_samp97_N50_kappa200_block_4_results.npy
 create mode 100644 simulations_sphere/results/sphere_samp97_N50_kappa50_block_4_results.npy
 create mode 100644 simulations_sphere/results/sphere_samp98_N100_kappa200_block_4_results.npy
 create mode 100644 simulations_sphere/results/sphere_samp98_N100_kappa50_block_4_results.npy
 create mode 100644 simulations_sphere/results/sphere_samp98_N200_kappa200_block_4_results.npy
 create mode 100644 simulations_sphere/results/sphere_samp98_N200_kappa50_block_4_results.npy
 create mode 100644 simulations_sphere/results/sphere_samp98_N50_kappa200_block_4_results.npy
 create mode 100644 simulations_sphere/results/sphere_samp98_N50_kappa50_block_4_results.npy
 create mode 100644 simulations_sphere/results/sphere_samp99_N100_kappa200_block_4_results.npy
 create mode 100644 simulations_sphere/results/sphere_samp99_N100_kappa50_block_4_results.npy
 create mode 100644 simulations_sphere/results/sphere_samp99_N200_kappa200_block_4_results.npy
 create mode 100644 simulations_sphere/results/sphere_samp99_N200_kappa50_block_4_results.npy
 create mode 100644 simulations_sphere/results/sphere_samp99_N50_kappa200_block_4_results.npy
 create mode 100644 simulations_sphere/results/sphere_samp99_N50_kappa50_block_4_results.npy
To github.com:egarpor/pyfrechet.git
   9ddaafb85..475c120ba  main -> main

*****************************************************************************
*                                                                           *
*                    JOB EFFICIENCY REPORT (seff 11385659)                   *
*                                                                           *
*****************************************************************************

Job ID: 11385659
Cluster: finisterrae3
User/Group: usceiega/usc
State: COMPLETED (exit code 0)
Nodes: 1
Cores per node: 32
CPU Utilized: 00:00:15
CPU Efficiency: 0.45% of 00:56:00 core-walltime
Job Wall-clock time: 00:01:45
Memory Utilized: 8.94 MB
Memory Efficiency: 0.05% of 18.00 GB

 +++++++++++++++++++++++++++++++++++++++++++++++++++++++++++++++++++++++++++
 ++   Memory Efficiency is too small. Please review the requested memory. ++
 ++ It seems that you do not need that much memory so we recommend        ++
 ++ requesting less memory in other similar jobs.                         ++
 +++++++++++++++++++++++++++++++++++++++++++++++++++++++++++++++++++++++++++
 
*****************************************************************************

