"","theta_pred","phi_pred","","","",""
"1",6.07549112619226,-0.0296705972839036,-0.587351433139321,0.702464432430935,-0.40194777665596,12
"2",2.26718269834063,-0.413643032722656,-0.834204355938476,0.417738423749417,-0.359996808120051,12
"3",2.6773350725593,-0.368264472170804,0.199967754385823,0.873105065062091,-0.444635179184927,12
"4",1.34564885328763,-0.460766922526503,-0.968370734835409,-0.0202844752523045,0.248689887164855,12
"5",3.16253660461372,0.251327412287183,-0.230516059869777,-0.866343041758723,-0.44307119082418,12
"6",4.45233492183753,-0.459021593274509,-0.868725376794561,0.153179722755009,0.47101188121941,12
"7",2.96705972839036,0.490437519810407,-0.00868636025999749,0.99535829673001,0.095845752520224,12
"8",1.57952297305487,0.0959931088596881,-0.145985254674018,0.943007375360667,-0.299040792256087,12
"9",1.7243853009704,-0.303687289847013,-0.0704541463668123,0.982886025769709,0.170209499166033,12
"10",1.64235482612666,0.171042266695444,-0.153393083421647,-0.95766501867349,0.243615011786023,12
"11",4.5535640184532,0.2460914245312,-0.704826778930399,0.512086629769968,0.490903753615141,12
"12",2.51327412287183,0.513126800086333,-0.547627286798508,0.67868193631037,0.489382451748846,12
"13",2.24972940582069,0.511381470834338,-0.410932974056071,0.82061418693426,-0.397147890634781,12
"14",2.03505390782539,-0.408407044966673,0.582161449807893,-0.758687572479669,0.292371704722737,12
"15",5.36688744988256,0.296705972839036,-0.546607509287426,-0.720128799168406,0.427357863387192,12
"16",4.0631264986428,0.441568300754565,-0.143444972310658,-0.916020436501348,-0.374606593415912,12
"17",4.55705467695719,-0.383972435438752,0.822584079875681,-0.217336088707018,0.525471651072268,12
"18",6.02487657788443,0.553269372882202,0.578623567148426,-0.756808209128778,0.30403306092549,12
"19",5.36514212063057,0.308923277602996,0.196918830682833,-0.873797763532096,0.444635179184927,12
"20",4.93404579538797,0.460766922526503,-0.0225396149542029,-0.922262702409296,-0.385906042324319,12
"21",4.68795437085677,-0.396189740202713,0.870108144523918,0.445256832891123,-0.211324796455389,12
"22",0.472984227290463,-0.212930168743308,-0.316435528445682,0.803318388402053,0.504527623815019,12
"23",1.94604211597368,0.528834763354282,0.932194266939666,-0.0700920390207338,-0.355106962408137,12
"24",6.20813614934383,-0.363028484414821,0.91115370382856,-0.160660981557425,-0.379456159529005,12
"25",6.10865238198015,-0.389208423194735,-0.630596611286164,0.705283928657284,-0.323917418198149,12
"26",2.30034395412853,-0.329867228626928,-0.469246511379778,-0.812758798984223,0.345298198998535,12
"27",4.18879020478639,0.352556508902855,-0.650430883737743,-0.68781137469348,-0.322265695230511,12
"28",3.95491608501915,-0.328121899374934,-0.263167742212675,-0.917774985345484,0.297374874077786,12
"29",4.4331363000656,0.301941960595019,-0.815048340339122,-0.011380961283412,0.579281172342679,12
"30",3.15555528760575,0.617846555205993,-0.484854753990037,-0.77592980437996,-0.40354529635239,12
"31",4.1538836197465,-0.41538836197465,-0.637965989762361,-0.711024714792446,-0.295708050044047,12
"32",3.98109602379907,-0.300196631343025,-0.427075840545882,0.845466461008204,-0.320612990585676,12
"33",2.03854456632938,-0.32637657012294,-0.973817435282201,0.0578554160995087,-0.219846204352837,12
"34",3.08225145902199,-0.22165681500328,-0.990230857857462,0.11282255514905,-0.0819385086300409,12
"35",3.02814625221016,-0.0820304748437335,-0.70592724603644,0.579855177163088,-0.4067366430758,12
"36",2.45393292830403,-0.418879020478639,0.240002644992916,0.921384344841998,0.305695304963106,12
"37",1.31597825600372,0.310668606854991,0.766916843315856,-0.563356427968215,0.307356617799807,12
"38",5.64963078870564,0.312413936106985,-0.557072647611383,-0.761143250478503,0.332161131883703,12
"39",4.08057979116274,0.3385938748869,-0.578862379845894,-0.770972304083928,-0.265556117486809,12
"40",4.06836248639878,-0.268780704807127,-0.877579106917162,-0.123335700203517,0.463296035119862,12
"41",3.28121899374934,0.481710873550435,-0.915863689025767,-0.252270889723865,0.312334918512233,12
"42",3.41037335839692,0.317649923862968,0.486075656620583,-0.726091147025776,-0.486335380423491,12
"43",5.30231026755877,-0.50789081233035,0.625934231563964,0.695170391034932,0.353474843779257,12
"44",0.837758040957278,0.361283155162826,0.421118596726541,-0.867259520533733,0.265556117486809,12
"45",5.16442925665122,0.268780704807127,-0.770831091957539,-0.557988653259375,-0.307356617799807,12
"46",3.76816585505576,-0.312413936106985,-0.894638921237274,0.285515699961888,0.343659694585616,12
"47",2.8326693759868,0.35081117965086,-0.847919083126383,-0.35295464846397,-0.395545502562965,12
"48",3.53603706454051,-0.406661715714679,-0.345259944521914,0.872027077776926,0.346935651573256,12
"49",1.94778744522567,0.354301838154849,0.822340035491629,0.476693845250311,-0.310676429630732,12
"50",0.525344104850293,-0.315904594610974,0.252568847455,-0.820987869478222,-0.512042864870571,12
"51",5.01084028247572,-0.537561409614253,-0.948044542398499,0.113047467444619,0.297374874077786,12
"52",3.02291026445418,0.301941960595019,0.196533509098835,-0.812372159246418,-0.549022817998132,12
"53",4.94975375865592,-0.581194640914112,-0.900894022490915,-0.320793931547434,0.292371704722737,12
"54",3.48367718698068,0.296705972839036,-0.0906239394001668,0.94116559563711,-0.325568154457157,12
"55",1.66678943565458,-0.331612557878923,-0.934313596015687,-0.0571450675745401,0.351841648404702,12
"56",3.20267917740959,0.359537825910832,-0.0250958026476598,0.898443620018696,0.438371146789077,12
"57",1.59872159482681,0.453785605518526,-0.959903894784582,0.19878654021749,0.197657340379126,12
"58",2.93738913110646,0.198967534727354,0.147111191890369,0.869773594086845,-0.47101188121941,12
"59",1.40324471860344,-0.490437519810407,0.370909317888373,0.878065331892307,0.302369890750444,12
"60",1.1711159280882,0.307177948351002,0.538456378889987,0.746588181839347,0.390731128489274,12
"61",0.945968454580927,0.401425727958696,-0.561612673832331,-0.721423245572525,0.405141586779863,12
"62",4.05090919387884,0.417133691226645,0.332786153750207,-0.880693001346564,0.337095258423082,12
"63",5.07367213554752,0.343829862642883,-0.898502873629974,0.368502884241477,0.238533457578581,12
"64",2.75238423039506,0.240855436775218,0.0852910971854546,0.902285560997277,0.422618261740699,12
"65",1.4765485471872,0.436332312998582,0.90618614915848,0.337007607964471,0.255445757935791,12
"66",0.356047167406843,0.258308729295161,0.67648157306593,-0.639716822940966,-0.36487678433762,12
"67",5.52571241181405,-0.373500459926786,-0.538551569163604,-0.743979813404659,0.395545502562965,12
"68",4.08581577891873,0.406661715714679,-0.624877994217675,-0.665427477240925,0.408330460381385,12
"69",3.95840674352314,0.420624349730633,-0.890513516392275,-0.327645177893757,-0.315649036947102,12
"70",3.49414916249265,-0.321140582366957,0.155538714880413,0.882103885947986,-0.444635179184927,12
"71",1.39626340159546,-0.460766922526503,0.249772671910569,0.755242789512127,-0.605988400265711,12
"72",1.25140107367993,-0.651007810993885,-0.644321832762569,0.703153893518325,-0.300705799504273,12
"73",2.31256125889249,-0.305432619099008,-0.602555041123791,0.693160282920565,0.395545502562965,12
"74",2.28638132011257,0.406661715714679,0.919393822090032,0.2207269279133,-0.325568154457157,12
"75",0.235619449019234,-0.331612557878923,0.479065682201324,-0.676608726550978,-0.559192903470747,12
"76",5.32849020633869,-0.593411945678072,-0.935647538606664,-0.0277693706654277,0.351841648404702,12
"77",3.1712632508737,0.359537825910832,-0.280340959108649,0.873159851732369,0.398749068925246,12
"78",1.88146493364989,0.410152374218667,0.465252070234625,0.774309474612587,0.428935133403146,12
"79",1.02974425867665,0.44331363000656,0.712320928957647,0.664250012424599,0.226651307436855,12
"80",0.750491578357562,0.228638132011257,0.789467398242761,-0.579921457388346,0.201077921145965,12
"81",5.64963078870564,0.202458193231342,-0.524293154298305,-0.751556611631281,0.400349032556895,12
"82",4.10326907143867,0.411897703470662,0.945550339519325,0.146378926324981,-0.290702193598252,12
"83",0.153588974175501,-0.294960643587042,0.796143727728756,-0.476482191532214,-0.372987782575809,12
"84",5.74387856831334,-0.382227106186758,-0.669655268661104,-0.67907130943585,-0.300705799504273,12
"85",3.93397213399522,-0.305432619099008,-0.775327429273647,-0.513178030635201,0.368124552684678,12
"86",3.72627795300789,0.376991118430775,-0.757177972655735,-0.564383067063383,-0.328866646738583,12
"87",3.78212848907171,-0.335103216382911,-0.278423668810168,-0.888451007595649,0.36487678433762,12
"88",4.40870169053768,0.373500459926786,-0.915186411993701,-0.110749724869987,0.387515586452103,12
"89",3.2620203719774,0.397935069454707,0.29642691432236,0.870748339878135,0.392337116603562,12
"90",1.24267442741996,0.40317105721069,0.469547126047355,0.813279478861966,-0.343659694585616,12
"91",1.0471975511966,-0.35081117965086,0.82410274606347,-0.541334322807439,0.166768746716102,12
"92",5.70199066626547,0.167551608191456,0.841604477968844,0.491793949092388,-0.223250116010951,12
"93",0.528834763354282,-0.225147473507269,-0.182358785385217,-0.929490496810235,0.320612990585676,12
"94",4.51865743341332,0.32637657012294,-0.580136405200905,-0.696301340084766,0.422618261740699,12
"95",4.01774793809095,0.436332312998582,-0.540356930070474,-0.783291961927017,-0.307356617799807,12
"96",4.10850505919465,-0.312413936106985,-0.67033038590488,-0.618563076863415,0.409923033841573,12
"97",3.88684824419137,0.422369678982628,-0.790720732977627,-0.531342281682535,-0.30403306092549,12
"98",3.73325927001587,-0.308923277602996,-0.820175829973182,-0.417900458431551,0.390731128489274,12
"99",3.61283155162826,0.401425727958696,-0.908169781529153,-0.173242651173293,0.381070376350274,12
"100",3.33008821280518,0.39095375244673,-0.362704670046877,-0.906826367940766,0.214735327167063,12
"101",4.33190720344993,0.216420827247297,-0.133510700631065,0.949977996884583,0.282341456842876,12
"102",1.71042266695444,0.28623399732707,-0.0165982248672099,0.950911665781176,0.309016994374947,12
"103",1.58824961931484,0.314159265358979,-0.929421674581788,0.0649914946547034,0.363251230472978,12
"104",3.07177948351002,0.371755130674792,0.00315843583122329,0.904821539949975,0.425779291565073,12
"105",1.56730566829091,0.439822971502571,0.425277912337962,0.841907168126749,0.332161131883703,12
"106",1.10304808726042,0.3385938748869,0.547222991924542,0.734155965684733,0.40194777665596,12
"107",0.930260491312978,0.413643032722656,0.927450859220958,0.16854638666786,-0.333806859233771,12
"108",0.179768912955416,-0.340339204138894,0.872495889229624,-0.381184081253299,-0.305695304963106,12
"109",5.87128760370892,-0.310668606854991,0.92578093915057,-0.125170493914976,-0.356737999319625,12
"110",6.14879495477602,-0.364773813666815,0.81368926866267,-0.47357846320529,-0.337095258423082,12
"111",5.7560958730773,-0.343829862642883,0.726537248855349,-0.624920621163346,0.285688367404974,12
"112",5.57283630161789,0.289724655831059,0.279781958652856,-0.887355005858398,0.366501226724297,12
"113",5.0178215994837,0.375245789178781,-0.672221952493508,-0.686450456806315,-0.277314653302378,12
"114",3.93746279249921,-0.280998009571087,-0.191055060785933,-0.883664653785143,-0.427357863387192,12
"115",4.49945881164138,-0.441568300754565,-0.927154462614378,-0.0778553354872343,0.366501226724297,12
"116",3.22536845768552,0.375245789178781,0.240362133170435,-0.916205956761615,-0.320612990585676,12
"117",4.96895238042786,-0.32637657012294,-0.947268084241601,0.13481621272833,0.290702193598252,12
"118",3.00022098417825,0.294960643587042,-0.794262375565999,0.385673087595737,0.469471562785891,12
"119",2.68955237732326,0.488692190558412,-0.505049524321278,-0.732110963626072,-0.457097927058694,12
"120",4.10850505919465,-0.474729556542458,-0.816007137499967,-0.509897851162989,-0.272280247040574,12
"121",3.70009801422798,-0.275762021815104,-0.746211018508377,-0.434305183787001,0.504527623815019,12
"122",3.66868208769208,0.528834763354282,-0.0497428547330379,0.918475495230118,0.392337116603562,12
"123",1.62490153360672,0.40317105721069,0.186666689594163,0.901379349788675,0.390731128489274,12
"124",1.36659280431156,0.401425727958696,0.40724070370871,0.838679127888477,0.361624570082092,12
"125",1.11875605052837,0.370009801422798,0.0147971953368956,0.941941233497213,0.335451569750255,12
"126",1.55508836352695,0.342084533390889,-0.292207730151675,0.863290550800501,0.411514358605109,12
"127",1.89717289691784,0.424115008234622,0.651586707986347,0.640312474620746,0.4067366430758,12
"128",0.776671517137477,0.418879020478639,0.93699627216532,-0.0409101407444988,-0.346935651573256,12
"129",6.23955207587973,-0.354301838154849,0.330171025758199,0.887803133592965,0.320612990585676,12
"130",1.21474915938805,0.32637657012294,0.808506017291907,-0.519051638150349,0.277314653302378,12
"131",5.71246264177744,0.280998009571087,0.962492661429419,-0.154166346507957,-0.223250116010951,12
"132",6.1243603452481,-0.225147473507269,0.52632539795597,-0.826165386042109,0.201077921145965,12
"133",5.27962098728285,0.202458193231342,0.863551315051636,-0.397189227377192,0.310676429630732,12
"134",5.85208898193699,0.315904594610974,-0.518921117302463,-0.763569236545947,-0.384295322659804,12
"135",4.11548637620263,-0.394444410950718,-0.534758833089854,-0.792812573506436,-0.292371704722737,12
"136",4.11897703470662,-0.296705972839036,0.771725905680048,-0.518578287448496,0.368124552684678,12
"137",5.69151869075351,0.376991118430775,-0.756402859720492,-0.634697360612905,-0.158158067254484,12
"138",3.83972435438753,-0.158824961931484,0.504350471482102,-0.816613005296484,0.280666708920788,12
"139",5.26565835326689,0.284488668075076,-0.882185808430094,-0.338639404074957,-0.327217898979104,12
"140",3.5081117965086,-0.333357887130917,-0.962532592183263,-0.090986118378456,-0.255445757935791,12
"141",3.23584043319749,-0.258308729295161,-0.825962973621228,-0.415416097996983,0.381070376350274,12
"142",3.60759556387228,0.39095375244673,-0.37616863809962,-0.788653950385475,-0.486335380423491,12
"143",4.26733002112614,-0.50789081233035,-0.702922500122751,0.676437436318269,-0.219846204352837,12
"144",2.37539311196428,-0.22165681500328,-0.442123505430195,0.882900238820017,0.158158067254484,12
"145",2.03505390782539,0.158824961931484,0.541403187045507,0.759019274702501,0.361624570082092,12
"146",0.951204442336909,0.370009801422798,0.816007137499967,0.50989785116299,-0.272280247040574,12
"147",0.558505360638185,-0.275762021815104,0.758747000865386,0.610048251204352,-0.228350870110656,12
"148",0.6771877497738,-0.230383461263251,0.599220095103651,0.783747349393808,-0.163325962241622,12
"149",0.918043186549017,-0.164060949687467,0.892534910191602,-0.277993667802947,0.355106962408137,12
"150",5.98124334658457,0.363028484414821,-0.0949799490408998,-0.95157637400143,-0.292371704722737,12
"151",4.61290521302101,-0.296705972839036,-0.280352480810935,-0.883782997501355,0.374606593415912,12
"152",4.40521103203369,0.383972435438752,-0.532711396874028,-0.738622567824638,-0.413104429824542,12
"153",4.08756110817072,-0.425860337486616,0.856587909407317,-0.35656313256755,-0.372987782575809,12
"154",5.88874089622887,-0.382227106186758,-0.687278267038914,0.682496830525914,-0.248689887164855,12
"155",2.35968514869633,-0.251327412287183,-0.0448995497336309,-0.918038017895529,0.393941909590951,12
"156",4.66351976132885,0.404916386462684,-0.863251927121279,0.395227590024982,0.313992455967405,12
"157",2.71224165759919,0.319395253114962,-0.819173139859598,-0.471045447404248,0.327217898979104,12
"158",3.6634460999361,0.333357887130917,-0.363260779975755,0.885721302716863,-0.289031796944472,12
"159",1.96000474998963,-0.293215314335047,0.789630022073382,-0.565319571442558,0.238533457578581,12
"160",5.6618480934696,0.240855436775218,0.684500974756336,-0.618494092174862,0.385906042324319,12
"161",5.54840169208997,0.396189740202713,-0.286149005241349,-0.891249797333637,0.351841648404702,12
"162",4.4017203735297,0.359537825910832,-0.851744324710275,-0.151718772199141,-0.501510737159457,12
"163",3.31787090804122,-0.525344104850293,-0.85138694323122,-0.418934312714733,-0.315649036947102,12
"164",3.59886891761231,-0.321140582366957,-0.826317891025462,-0.47515386154255,-0.302369890750444,12
"165",3.6634460999361,-0.307177948351002,-0.069417452088047,0.902160302950617,0.425779291565073,12
"166",1.64759081388265,0.439822971502571,0.184679289044502,0.899687343247769,0.395545502562965,12
"167",1.36833813356355,0.406661715714679,0.936709076689735,-0.173608765652375,0.30403306092549,12
"168",6.09992573572018,0.308923277602996,0.930251144006553,-0.152334466891067,-0.333806859233771,12
"169",6.12086968674411,-0.340339204138894,0.685153189044308,-0.560791387299203,0.46484204572462,12
"170",5.59727091114581,0.483456202802429,0.637195260565515,-0.685703765747796,-0.351841648404702,12
"171",5.46113522949026,-0.359537825910832,0.662496270011095,-0.602825223138991,0.444635179184927,12
"172",5.54491103358598,0.460766922526503,-0.562287610951027,-0.78539502447062,0.258819045102521,12
"173",4.09105176667471,0.261799387799149,0.348292448492646,-0.893323935812597,-0.284015344703923,12
"174",5.08414411105948,-0.287979326579064,-0.582002218199281,-0.742254943046426,-0.332161131883703,12
"175",4.04741853537485,-0.3385938748869,-0.899925221050061,0.100942787065137,-0.42419942274539,12
"176",3.02989158146216,-0.438077642250577,-0.646851367682758,-0.72092763031311,0.248689887164855,12
"177",3.98109602379907,0.251327412287183,-0.944723644185175,0.199084497373192,0.260504508642648,12
"178",2.93389847260247,0.263544717051144,-0.377523424988911,0.88082814459696,-0.285688367404974,12
"179",1.97571271325758,-0.289724655831059,-0.940727629898162,0.253827794962983,-0.224951054343865,12
"180",2.87804793653865,-0.226892802759263,-0.305982122719283,0.909207480349807,-0.282341456842876,12
"181",1.89542756766584,-0.28623399732707,0.315998016315194,0.892350870096768,0.322265695230511,12
"182",1.230457122656,0.328121899374934,-0.302914750000618,0.789119902761067,-0.534352349389826,12
"183",1.93731546971371,-0.563741348394168,-0.36154773643926,0.855903364732921,0.369746757273829,12
"184",1.9704767255016,0.378736447682769,0.703430972533927,0.64007293652165,0.309016994374947,12
"185",0.738274273593601,0.314159265358979,0.956639478282352,-0.0836951094310603,0.278991106039229,12
"186",6.19591884457987,0.282743338823081,0.784529376617242,0.509479334261746,0.353474843779257,12
"187",0.575958653158129,0.361283155162826,0.890163304880126,-0.3363646832525,0.307356617799807,12
"188",5.92190215201676,0.312413936106985,0.716516748383264,-0.609803550886815,-0.338737920245291,12
"189",5.57807228937388,-0.345575191894877,0.738057649356109,-0.578711119553077,-0.346935651573256,12
"190",5.61821486216975,-0.354301838154849,-0.341990333857038,-0.877159847631563,0.337095258423082,12
"191",4.3406338497099,0.343829862642883,-0.436530493271936,-0.831468064787266,-0.343659694585616,12
"192",4.22893277758226,-0.35081117965086,0.858984667546612,-0.373497163350971,-0.350207381259467,12
"193",5.87303293296092,-0.357792496658838,0.212751623335188,-0.93642976753158,0.278991106039229,12
"194",4.93579112463996,0.282743338823081,-0.907259311373825,-0.30709033452259,-0.287360519849712,12
"195",3.46796922371273,-0.291469985083053,-0.966327420336152,0.082843483382661,-0.243615011786023,12
"196",3.05607152024207,-0.2460914245312,-0.717771464181247,-0.623949214595693,0.309016994374947,12
"197",3.85717764690747,0.314159265358979,-0.432730433241468,0.820746298313817,0.372987782575809,12
"198",2.05599785884932,0.382227106186758,-0.769849820469399,-0.578019595308755,0.270600445975864,12
"199",3.7856191475757,0.27401669256311,-0.951194258806533,-0.0882396234842304,0.295708050044047,12
"200",3.23409510394549,0.300196631343025,0.738588286881513,0.577048412446746,0.348572047321815,12
"201",0.663225115757845,0.356047167406843,0.823273250322477,-0.477234810966392,-0.307356617799807,12
"202",5.75784120232929,-0.312413936106985,0.672163962751008,-0.700926099381718,0.238533457578581,12
"203",5.47684319275821,0.240855436775218,0.586791850935318,-0.722047210704044,-0.366501226724297,12
"204",5.39481271791447,-0.375245789178781,0.675598156045812,0.663908458912226,-0.320612990585676,12
"205",0.776671517137477,-0.32637657012294,0.848555136110038,-0.363691195883364,0.384295322659804,12
"206",5.8782689207169,0.394444410950718,0.11755198987775,-0.943763755853792,0.309016994374947,12
"207",4.83630735727629,0.314159265358979,0.817973418116275,-0.493433112381328,-0.295708050044047,12
"208",5.74038790980935,-0.300196631343025,-0.0821897003946822,-0.958701371763156,-0.272280247040574,12
"209",4.62686784703697,-0.275762021815104,-0.239535655894857,-0.95363141873767,0.182235525492147,12
"210",4.46629755585349,0.183259571459405,0.241872110340624,-0.955869273153036,0.166768746716102,12
"211",4.96022573416788,0.167551608191456,-0.689384518188537,-0.682202837955439,0.243615011786023,12
"212",3.92175482923126,0.2460914245312,-0.850067782601755,0.232552229841402,-0.472550764869054,12
"213",2.87455727803466,-0.492182849062401,0.302587118389531,-0.822407705018757,0.481753674101715,12
"214",5.06494548928754,0.502654824574367,-0.967436024357501,0.0744401451155003,-0.241921895599668,12
"215",3.06479816650204,-0.244346095279206,-0.96608134916034,0.224814172252381,0.12706460860135,12
"216",2.91295452157854,0.127409035395586,-0.965281814569639,0.151159098253066,0.213030386274977,12
"217",2.9862583501623,0.214675497995303,0.314064520288136,0.891834544015617,-0.325568154457157,12
"218",1.232202451908,-0.331612557878923,0.326547425487677,0.897181677908433,0.297374874077786,12
"219",1.22173047639603,0.301941960595019,-0.955795064772035,0.151383066398873,0.252069358243114,12
"220",2.9845130209103,0.254818070791172,0.13506966330343,0.824821272381168,-0.549022817998132,12
"221",1.40848070635942,-0.581194640914112,-0.582563416069585,0.694272044014884,-0.422618261740699,12
"222",2.26892802759263,-0.436332312998582,0.96063438354617,0.100966742252535,0.258819045102521,12
"223",0.10471975511966,0.261799387799149,0.930366552596433,-0.00974313190987065,-0.366501226724297,12
"224",6.27271333166762,-0.375245789178781,-0.105050795555707,0.951538202442846,0.289031796944472,12
"225",1.68075206967054,0.293215314335047,0.866252410925775,-0.344723702228646,0.361624570082092,12
"226",5.90444885949682,0.370009801422798,0.601154294046284,0.739720192990078,-0.302369890750444,12
"227",0.888372589265114,-0.307177948351002,0.38960442478833,-0.831716386508986,-0.395545502562965,12
"228",5.15046662263527,-0.406661715714679,0.00839266967803398,-0.961704689387084,-0.273959218692432,12
"229",4.72111562664466,-0.277507351067098,0.0545868102779476,-0.892486458945721,0.44775908783877,12
"230",4.77347550420449,0.464257581030492,0.0802145415499164,-0.935662140754481,-0.343659694585616,12
"231",4.79791011373241,-0.35081117965086,-0.134286058726661,-0.898528999567952,-0.417867073801077,12
"232",4.56403599396517,-0.431096325242599,-0.740617135870051,-0.632546791069883,0.226651307436855,12
"233",3.8484510006475,0.228638132011257,0.326190408187029,-0.896200780936546,-0.300705799504273,12
"234",5.06145483078356,-0.305432619099008,0.0793536782486731,-0.944997750670367,-0.317304656405092,12
"235",4.79616478448042,-0.322885911618951,-0.697348260292346,-0.599814130212386,-0.392337116603562,12
"236",3.85194165915149,-0.40317105721069,-0.777464978332054,-0.50875882592111,-0.369746757273829,12
"237",3.72104196525191,-0.378736447682769,-0.934136631731013,-0.0358859095956016,0.355106962408137,12
"238",3.17998989713367,0.363028484414821,-0.899013237550559,0.328992126142726,-0.289031796944472,12
"239",2.79078147393893,-0.293215314335047,-0.829032676817024,0.544572682027464,0.12706460860135,12
"240",2.56039801267568,0.127409035395586,-0.783585844177859,0.601266565635948,-0.156434465040231,12
"241",2.48709418409192,-0.15707963267949,-0.588969971526554,0.672774978650219,-0.44775908783877,12
"242",2.28987197861656,-0.464257581030492,-0.96224452991503,-0.0892647261412165,-0.257132793154696,12
"243",3.23409510394549,-0.260054058547155,-0.84273430391227,0.508369833640281,-0.177084740319583,12
"244",2.59879525621956,-0.178023583703422,-0.936769224034982,0.0458156585496448,0.346935651573256,12
"245",3.09272343453395,0.354301838154849,-0.351606381056565,0.897193737802132,0.267238376078257,12
"246",1.94429678672168,0.270526034059121,0.922219596414899,-0.127968543946471,0.36487678433762,12
"247",6.14530429627203,0.373500459926786,0.887348145738331,-0.2016005524546,0.414693242656239,12
"248",6.05978316292431,0.427605666738611,0.361268396912895,-0.842902322587402,-0.398749068925246,12
"249",5.11730536684737,-0.410152374218667,0.869053527750919,0.450474561640058,-0.20449605184179,12
"250",0.478220215046446,-0.205948851735331,0.908237523355535,-0.179835872354226,-0.377840786818467,12
"251",6.08770843095622,-0.387463093942741,0.827363552982383,-0.38054471649953,0.413104429824542,12
"252",5.85208898193699,0.425860337486616,0.00169567223799515,-0.971547640244091,-0.236838146065619,12
"253",4.71413430963668,-0.239110107523223,-0.891890782619024,-0.397095360584269,0.216439613938103,12
"254",3.56047167406843,0.218166156499291,0.286892910798229,-0.89356679185279,0.345298198998535,12
"255",5.02305758723968,0.352556508902855,-0.946013586444697,-0.0661517141553237,0.317304656405092,12
"256",3.21140582366957,0.322885911618951,-0.965916841847543,0.239040251727884,0.099319749743639,12
"257",2.89899188756258,0.0994837673636768,-0.920754429544222,-0.103279157141872,0.376224263139366,12
"258",3.25329372571743,0.385717764690747,-0.736265468531402,-0.531011403248367,0.419452082446177,12
"259",3.76642052580376,0.432841654494594,-0.855600792196282,0.0854003124315011,-0.510542917911606,12
"260",3.04210888622612,-0.535816080362259,-0.931937164299562,0.055367269537049,0.3583679495453,12
"261",3.08225145902199,0.366519142918809,-0.923541922223154,0.261336022009855,-0.280666708920788,12
"262",2.86583063177469,-0.284488668075076,-0.825390939564055,0.333479586150599,-0.455544907233516,12
"263",2.75762021815104,-0.472984227290463,0.0292742849489578,0.882462162348109,-0.469471562785891,12
"264",1.537635071007,-0.488692190558412,0.608435197193015,0.719985827322443,0.333806859233771,12
"265",0.869173967493176,0.340339204138894,0.92907865175358,-0.31990743471669,-0.185666615385577,12
"266",5.95157274930066,-0.186750229963393,0.935287972675696,-0.134777055747212,-0.327217898979104,12
"267",6.14006830851605,-0.333357887130917,0.691161025544038,0.493000368321147,0.528438334722347,12
"268",0.619591884457987,0.556760031386191,0.733580786292603,-0.523258089604948,-0.433659084587544,12
"269",5.6635934227216,-0.448549617762543,0.301650123609045,-0.871113582251666,0.387515586452103,12
"270",5.04574686751561,0.397935069454707,-0.574490227734735,-0.765149144202917,0.290702193598252,12
"271",4.06836248639878,0.294960643587042,-0.968146165805301,-0.00168973553912877,0.250380004054441,12
"272",3.14333798284179,0.253072741539178,-0.864152137557796,0.110700441918078,-0.490903753615141,12
"273",3.01418361819421,-0.513126800086333,-0.940637296464969,0.296581800349806,-0.165047605860678,12
"274",2.83616003449079,-0.165806278939461,-0.827811164234816,-0.489566157798546,0.273959218692432,12
"275",3.67566340470006,0.277507351067098,-0.90531347182099,0.180899482368586,0.384295322659804,12
"276",2.94437044811443,0.394444410950718,-0.476858603616386,0.793625989981069,-0.377840786818467,12
"277",2.11184839491314,-0.387463093942741,-0.702931710732483,0.637379553736289,-0.315649036947102,12
"278",2.40506370924819,-0.321140582366957,0.0400188268951828,0.996381796309746,0.0749787268263277,12
"279",1.53065375399903,0.0750491578357562,0.0900418201003237,0.886445202355598,-0.453990499739547,12
"280",1.46956723017923,-0.471238898038469,0.328439784009963,0.902380890217926,0.278991106039229,12
"281",1.22173047639603,0.282743338823081,-0.226212230000373,0.942241749612194,0.246999012722743,12
"282",1.80641577581413,0.249582083035189,0.700085121341294,0.630359474608445,-0.335451569750255,12
"283",0.733038285837618,-0.342084533390889,0.964693300464303,-0.198023095704123,-0.17364817766693,12
"284",6.08072711394824,-0.174532925199433,0.789711156447563,-0.432354229216516,0.435231099372328,12
"285",5.78227581185721,0.450294947014537,0.68103447803631,-0.555438166885679,0.477158760259608,12
"286",5.59901624039781,0.497418836818384,0.966234425918815,-0.033741649662502,-0.255445757935791,12
"287",6.2482787221397,-0.258308729295161,0.72752252371355,-0.65048021009288,0.218143241396543,12
"288",5.55363767984596,0.219911485751285,0.616369801854438,-0.747716360042972,0.246999012722743,12
"289",5.40179403492245,0.249582083035189,0.198638456872949,-0.89600017657112,0.397147890634781,12
"290",4.93055513688398,0.408407044966673,-0.553973649692053,-0.735147863137998,0.390731128489274,12
"291",4.06661715714679,0.401425727958696,-0.817764218109761,-0.402389880888123,0.411514358605109,12
"292",3.59886891761231,0.424115008234622,-0.864861068370068,-0.356470008882955,0.353474843779257,12
"293",3.53254640603652,0.361283155162826,-0.883563537439736,-0.325088083533766,-0.337095258423082,12
"294",3.49414916249265,-0.343829862642883,-0.933648198898634,-0.213833983092116,0.287360519849712,12
"295",3.36674012709706,0.291469985083053,-0.909977673237569,-0.309781668740023,0.275637355816999,12
"296",3.46971455296473,0.279252680319093,-0.437625504553815,-0.862606992392314,-0.253757944584806,12
"297",4.24289541159821,-0.256563400043166,-0.855277670295096,-0.281200990100937,-0.435231099372328,12
"298",3.45924257745276,-0.450294947014537,-0.521340820239945,-0.812071784853513,0.262189178640865,12
"299",4.14166631498254,0.265290046303138,-0.903774872008707,-0.309431300719226,0.295708050044047,12
"300",3.47145988221672,0.300196631343025,-0.748767637508601,0.574549615985597,-0.330514392713223,12
"301",2.48709418409192,-0.336848545634906,-0.387072293219694,0.890205328802962,0.240228042477264,12
"302",1.98094870101356,0.242600766027212,-0.464504703202046,0.848435198623486,-0.253757944584806,12
"303",2.07170582211727,-0.256563400043166,-0.908854788772204,-0.272669503979083,-0.315649036947102,12
"304",3.43306263867285,-0.321140582366957,-0.654222065890282,0.654222065890283,-0.379456159529005,12
"305",2.35619449019234,-0.389208423194735,0.844133632835789,0.477587830611239,0.243615011786023,12
"306",0.514872129338327,0.2460914245312,0.935043365893529,0.158150747459971,0.317304656405092,12
"307",0.167551608191456,0.322885911618951,-0.148112876409663,0.956750975652157,0.250380004054441,12
"308",1.7243853009704,0.253072741539178,0.680488485796038,-0.606293124949344,0.411514358605109,12
"309",5.55538300909795,0.424115008234622,0.575546050649941,-0.688345353388755,0.441505852791745,12
"310",5.40877535193043,0.457276264022514,0.5956445951277,0.743485987870273,0.30403306092549,12
"311",0.895353906273091,0.308923277602996,0.651352391672419,-0.720865975359373,-0.236838146065619,12
"312",5.4471725954743,-0.239110107523223,0.547461914044563,-0.799547960027823,-0.246999012722743,12
"313",5.31278224307074,-0.249582083035189,0.776114907828614,-0.589103278717548,0.224951054343865,12
"314",5.6339228254377,0.226892802759263,0.72426655147125,-0.647569034920713,0.236838146065619,12
"315",5.55363767984596,0.239110107523223,0.782585251523146,-0.598331604192497,0.17192910027941,12
"316",5.63043216693371,0.172787595947439,0.430776385032493,-0.849106640311952,0.305695304963106,12
"317",5.18188254917116,0.310668606854991,0.358105561759709,-0.877510892040014,0.31895930929807,12
"318",5.09985207432743,0.324631240870945,-0.387482332872703,-0.870299568870286,0.30403306092549,12
"319",4.29350995990605,0.308923277602996,0.696118657791604,-0.64235980925189,-0.320612990585676,12
"320",5.53792971657801,-0.32637657012294,-0.557984733417203,-0.756832081158096,-0.34037955021305,12
"321",4.07708913265875,-0.347320521146872,-0.486958819016469,-0.764372234860317,0.422618261740699,12
"322",4.14515697348653,0.436332312998582,-0.920857656708884,-0.288579297047192,0.262189178640865,12
"323",3.44527994343681,0.265290046303138,-0.971525444030917,-0.00678263729895937,0.236838146065619,12
"324",3.14857397059777,0.239110107523223,-0.866336293723186,-0.204793221742275,-0.455544907233516,12
"325",3.37372144410504,-0.472984227290463,-0.947204507016872,-0.00330638089652832,-0.320612990585676,12
"326",3.14508331209378,-0.32637657012294,-0.680488485796038,-0.606293124949344,0.411514358605109,12
"327",3.86939495167143,0.424115008234622,-0.422892191880838,0.848190516958495,-0.31895930929807,12
"328",2.03330857857339,-0.324631240870945,-0.947624060290122,0.0165408394999052,-0.31895930929807,12
"329",3.12413936106985,-0.324631240870945,-0.257931755403004,0.876376923894139,-0.4067366430758,12
"330",1.85703032412197,-0.418879020478639,-0.577164274275,0.661615829346595,-0.478691857940607,12
"331",2.28812664936457,-0.499164166070378,-0.521170527110082,0.699203902729445,-0.489382451748846,12
"332",2.21133216227682,-0.511381470834338,0.725776781790544,0.624266516296374,0.289031796944472,12
"333",0.710349005561692,0.293215314335047,0.559309812866924,-0.792872202602809,-0.241921895599668,12
"334",5.32674487708669,-0.244346095279206,0.374855310399493,-0.793012540108119,0.480223497443189,12
"335",5.15395728113926,0.500909495322373,0.0508033753041798,-0.969386148377026,0.240228042477264,12
"336",4.76474885794452,0.242600766027212,-0.044800896906942,-0.950000724643833,0.309016994374947,12
"337",4.66526509058084,0.314159265358979,-0.0622153018112954,-0.962085861389648,0.265556117486809,12
"338",4.6478117980609,0.268780704807127,-0.126144046983047,-0.932981492935103,0.337095258423082,12
"339",4.57799862798113,0.343829862642883,-0.206587855938152,-0.916702612267668,0.342020143325669,12
"340",4.49073216538141,0.349065850398866,0.627758546516892,-0.764245762341223,-0.147809411129611,12
"341",5.40004870567045,-0.148352986419518,0.580130040064692,-0.767069412183781,0.273959218692432,12
"342",5.35990613287459,0.277507351067098,0.098662320833564,-0.908202097347922,0.4067366430758,12
"343",4.82059939400834,0.418879020478639,-0.815359074769564,-0.495746087990388,-0.299040792256087,12
"344",3.68788070946402,-0.303687289847013,-0.244547818482948,-0.919078267430313,-0.309016994374947,12
"345",4.45233492183753,-0.314159265358979,-0.901507721482704,0.0440910833613994,-0.430511096808295,12
"346",3.09272343453395,-0.445058959258554,-0.171789441000991,-0.9452962345341,0.277314653302378,12
"347",4.53262006742927,0.280998009571087,-0.970947022639259,0.0525846110772067,0.233445363855905,12
"348",3.08748744677797,0.235619449019234,-0.920936318441859,0.180680522312513,-0.345298198998535,12
"349",2.94786110661842,-0.352556508902855,-0.976652545275308,0.116458765257367,-0.18051914525056,12
"350",3.02291026445418,-0.18151424220741,-0.718853053477523,-0.594686964418606,0.359996808120051,12
"351",3.83274303737955,0.368264472170804,-0.959585336920481,-0.13486092421898,0.246999012722743,12
"352",3.28121899374934,0.249582083035189,-0.163834004595475,0.958468403773642,0.233445363855905,12
"353",1.74009326423835,0.235619449019234,0.0636424080793027,0.958182449560038,0.278991106039229,12
"354",1.50447381521911,0.282743338823081,0.84731271963088,0.435459588269679,0.30403306092549,12
"355",0.474729556542458,0.308923277602996,0.860203964420256,0.381189927704772,0.338737920245291,12
"356",0.417133691226645,0.345575191894877,0.0487828228838614,0.997437308243289,-0.0523359562429438,12
"357",1.52192710773906,-0.0523598775598299,0.949496509392225,-0.143597846094528,0.278991106039229,12
"358",6.13308699150807,0.282743338823081,0.919462882945662,-0.178725479427635,0.350207381259467,12
"359",6.09119908946021,0.357792496658838,0.916156033864598,-0.259246026270422,0.305695304963106,12
"360",6.00742328536448,0.310668606854991,0.560227952001436,0.806062385352195,0.190808995376545,12
"361",0.96342174710087,0.191986217719376,-0.0992433809267319,-0.960358345785095,0.260504508642648,12
"362",4.60941455451703,0.263544717051144,-0.196755180775755,-0.910028752891544,0.36487678433762,12
"363",4.49945881164138,0.373500459926786,0.565842054073042,-0.729479180528271,0.384295322659804,12
"364",5.37212343763855,0.394444410950718,-0.953848210807458,0.149368643684889,0.260504508642648,12
"365",2.9862583501623,0.263544717051144,-0.900194979324857,0.0914384715131755,-0.425779291565073,12
"366",3.04036355697412,-0.439822971502571,-0.680434290030061,-0.71702813139334,-0.151260820247219,12
"367",3.95317075576716,-0.151843644923507,-0.836918690594366,-0.465822967408773,-0.287360519849712,12
"368",3.64948346592014,-0.291469985083053,-0.930343598184728,-0.249284815817062,0.268919820615266,12
"369",3.40339204138894,0.272271363311115,-0.576437675373079,0.735158218516199,-0.356737999319625,12
"370",2.23576677180474,-0.364773813666815,-0.203292566007743,0.956416327073165,0.209618562903822,12
"371",1.78023583703422,0.211184839491314,-0.72042972025859,-0.608810315807697,0.332161131883703,12
"372",3.84321501289151,0.3385938748869,-0.108063037985199,0.963403688105208,0.245307385878803,12
"373",1.68249739892253,0.247836753783195,-0.916628586354233,0.231942690080117,0.325568154457157,12
"374",2.8937558998066,0.331612557878923,0.760480922212307,0.598439475290546,0.252069358243114,12
"375",0.666715774261834,0.254818070791172,-0.244715085212648,0.853422922796349,-0.460199784783852,12
"376",1.85004900711399,-0.478220215046446,0.81626363717228,0.540273115573411,-0.20449605184179,12
"377",0.5846852994181,-0.205948851735331,0.866303152299099,-0.283151515938851,0.411514358605109,12
"378",5.96728071256861,0.424115008234622,0.325452332494374,-0.903978629358987,0.277314653302378,12
"379",5.05796417227957,0.280998009571087,-0.145761249948985,-0.96380135075357,0.223250116010951,12
"380",4.56229066471318,0.225147473507269,-0.128401309878926,-0.925338372414549,0.356737999319625,12
"381",4.57450796947714,0.364773813666815,-0.152799414741058,-0.933090411299008,-0.325568154457157,12
"382",4.55007335994922,-0.331612557878923,-0.772938833032466,-0.531226142106965,0.346935651573256,12
"383",3.74373124552784,0.354301838154849,-0.30922940329802,-0.887985888363499,0.34037955021305,12
"384",4.37728576400178,0.347320521146872,-0.650430883737742,0.68781137469348,-0.322265695230511,12
"385",2.32826922216044,-0.328121899374934,-0.753778881150755,0.599582795293001,0.268919820615266,12
"386",2.46964089157198,0.272271363311115,-0.95678910580587,-0.168707734201501,-0.236838146065619,12
"387",3.31612557878923,-0.239110107523223,-0.935085704030772,-0.236613058851888,0.263873049965373,12
"388",3.38942940737299,0.267035375555132,0.732758630886677,0.634735437244834,0.245307385878803,12
"389",0.713839664065681,0.247836753783195,-0.595451956658082,0.781642421599113,0.185666615385577,12
"390",2.22180413778878,0.186750229963393,0.948731620800585,-0.14856740707202,0.278991106039229,12
"391",6.12785100375209,0.282743338823081,0.90785787709211,-0.363117244272347,-0.209618562903822,12
"392",5.90270353024482,-0.211184839491314,0.8199451914799,0.39461297173844,0.414693242656239,12
"393",0.448549617762543,0.427605666738611,0.9165958601055,0.214985618091382,0.337095258423082,12
"394",0.230383461263251,0.343829862642883,0.275526937453887,-0.918379110558376,0.284015344703923,12
"395",5.00385896546774,0.287979326579064,0.56306877718326,-0.786486145918314,0.253757944584806,12
"396",5.33372619409467,0.256563400043166,0.768642950297125,0.424313704822153,-0.478691857940607,12
"397",0.504400153826361,-0.499164166070378,-0.289028015756119,-0.868850269580099,0.40194777665596,12
"398",4.39124839801773,0.413643032722656,-0.683406366966327,-0.67393021604129,0.280666708920788,12
"399",3.92000949997926,0.284488668075076,-0.648717283582827,-0.735825320838496,0.194234351219972,12
"400",3.98982267005904,0.195476876223365,-0.969835085530259,-0.0084636225702616,-0.243615011786023,12
"401",3.15031929984976,-0.2460914245312,-0.838685335044778,-0.468725390654924,0.277314653302378,12
"402",3.65122879517214,0.280998009571087,-0.877717909916869,-0.298799549498471,0.374606593415912,12
"403",3.46971455296473,0.383972435438752,-0.936331048998718,-0.266720915566567,0.228350870110656,12
"404",3.41910000465689,0.230383461263251,0.318729828585476,0.890177888499391,-0.325568154457157,12
"405",1.22696646415201,-0.331612557878923,0.446618330611418,0.829460252883741,-0.335451569750255,12
"406",1.0768681484805,-0.342084533390889,-0.921038782371767,-0.311754428134255,-0.233445363855905,12
"407",3.46796922371273,-0.235619449019234,0.0507549280011359,0.907818395538806,0.416280792260401,12
"408",1.51494579073108,0.429350995990605,0.0514089425721384,0.98094106019054,0.187381314585725,12
"409",1.51843644923507,0.188495559215388,0.840268290540281,0.356672728193844,0.408330460381385,12
"410",0.401425727958696,0.420624349730633,-0.603416948275592,0.729405791183047,-0.322265695230511,12
"411",2.26194671058465,-0.328121899374934,0.239731023131148,0.900975419676605,0.361624570082092,12
"412",1.31074226824774,0.370009801422798,0.0417839320920286,-0.886026140243307,0.461748613235034,12
"413",4.75951287018854,0.479965544298441,0.210683580541798,-0.934876775633863,0.285688367404974,12
"414",4.93404579538797,0.289724655831059,0.947010723140499,-0.170394123514964,0.272280247040574,12
"415",6.10516172347617,0.275762021815104,-0.32648804325996,-0.837398528343054,0.438371146789077,12
"416",4.3406338497099,0.453785605518526,-0.126425471870581,-0.960296797914183,-0.248689887164855,12
"417",4.58148928648512,-0.251327412287183,-0.526145646154254,-0.797941756126475,0.294040325232304,12
"418",4.12944901021858,0.29845130209103,-0.744952500246912,-0.640760236209409,0.185666615385577,12
"419",3.85194165915149,0.186750229963393,0.941892330143857,0.171170846732804,0.289031796944472,12
"420",0.179768912955416,0.293215314335047,0.685197594754239,-0.68519759475424,0.246999012722743,12
"421",5.49778714378214,0.249582083035189,0.335732811594578,-0.907603722917499,-0.252069358243114,12
"422",5.06669081853954,-0.254818070791172,-0.0821489835157955,-0.958226429921839,0.273959218692432,12
"423",4.62686784703697,0.277507351067098,-0.640477174629255,0.689235525903026,-0.338737920245291,12
"424",2.31954257590046,-0.345575191894877,-0.895930617869186,-0.121134572132291,-0.427357863387192,12
"425",3.27598300599336,-0.441568300754565,-0.844030968267869,0.45067056620326,0.290702193598252,12
"426",2.65115513377939,0.294960643587042,-0.839073980705896,0.508161265454696,0.194234351219972,12
"427",2.59704992696756,0.195476876223365,-0.273612796747356,0.847121523129768,-0.455544907233516,12
"428",1.88321026290188,-0.472984227290463,-0.955420365477326,0.0266873072537099,0.294040325232304,12
"429",3.11366738555788,0.29845130209103,0.839202573897261,0.332263804061065,0.430511096808295,12
"430",0.376991118430775,0.445058959258554,0.12279912137947,0.89645544823085,0.425779291565073,12
"431",1.43466064513934,0.439822971502571,0.906464632010302,0.32277753637134,0.272280247040574,12
"432",0.342084533390889,0.275762021815104,0.83099536408943,-0.291010437792827,-0.474088209047116,12
"433",5.94633676154468,-0.493928178314395,0.668659049263864,-0.707087119283918,-0.230049737188104,12
"434",5.46986187575023,-0.232128790515246,0.597136557069025,0.719254459465506,-0.355106962408137,12
"435",0.877900613753148,-0.363028484414821,0.947796228363849,0.141649095403904,0.285688367404974,12
"436",0.148352986419518,0.289724655831059,0.68788967491127,-0.652782927299813,0.317304656405092,12
"437",5.52396708256205,0.322885911618951,0.952660030267543,0.00166270710633058,-0.30403306092549,12
"438",0.00174532925199433,-0.308923277602996,-0.4773510017774,-0.737872305083763,0.477158760259608,12
"439",4.13817565647856,0.497418836818384,0.877998927324874,-0.0660170709655314,-0.474088209047116,12
"440",6.20813614934383,-0.493928178314395,0.277412553763085,-0.879840213625306,0.385906042324319,12
"441",5.0178215994837,0.396189740202713,-0.534284394954302,-0.804162661583568,0.260504508642648,12
"442",4.1259583517146,0.263544717051144,-0.511094057403671,-0.713888625506825,0.478691857940607,12
"443",4.09105176667471,0.499164166070378,-0.956878008086879,-0.105640315587145,0.270600445975864,12
"444",3.25154839646544,0.27401669256311,-0.880864391513666,0.252583799745784,0.400349032556895,12
"445",2.8623399732707,0.411897703470662,-0.921309180614269,0.150870164229254,-0.3583679495453,12
"446",2.97927703315432,-0.366519142918809,-0.123035646547184,0.947322003765279,-0.295708050044047,12
"447",1.69995069144248,-0.300196631343025,-0.0560952536057289,0.891608523964255,-0.449318998615897,12
"448",1.63362817986669,-0.466002910282486,-0.769089770679788,0.577448933784749,0.273959218692432,12
"449",2.49756615960389,0.277507351067098,0.709107041029044,0.562031315175034,-0.425779291565073,12
"450",0.670206432765822,-0.439822971502571,0.882051186082035,0.370780177151422,0.290702193598252,12
"451",0.397935069454707,0.294960643587042,0.91408020132695,0.300534278599973,0.272280247040574,12
"452",0.317649923862968,0.275762021815104,0.523437572200059,0.831204758740849,0.187381314585725,12
"453",1.00880030765272,0.188495559215388,0.125664160694674,0.929432177398837,-0.346935651573256,12
"454",1.43640597439133,-0.354301838154849,0.980984352069546,0.110035025409826,-0.159881187691835,12
"455",0.111701072127637,-0.160570291183478,0.582359046118829,-0.74271002256128,0.330514392713223,12
"456",5.37735942539453,0.336848545634906,0.47331769645983,-0.853887727828597,0.216439613938103,12
"457",5.21853446346305,0.218166156499291,0.220480924639194,-0.947460326924726,-0.231747903494157,12
"458",4.94102711239595,-0.23387411976724,0.934125522084775,-0.169759378490271,-0.313992455967405,12
"459",6.10341639422417,-0.319395253114962,-0.316116437903497,-0.923300559904636,0.218143241396543,12
"460",4.38252175175776,0.219911485751285,-0.465958807226438,-0.851091173962919,0.241921895599668,12
"461",4.21147948506232,0.244346095279206,-0.591484171743904,-0.790653211173365,0.158158067254484,12
"462",4.07010781565078,0.158824961931484,-0.309500330425201,-0.87400197118543,-0.374606593415912,12
"463",4.3720497762458,-0.383972435438752,-0.966085748185952,0.172086081822405,0.192521966525907,12
"464",2.96531439913837,0.193731546971371,-0.847783386803513,-0.435701478339848,-0.302369890750444,12
"465",3.61632221013225,-0.307177948351002,-0.648473846518167,0.685741865858679,-0.330514392713223,12
"466",2.32826922216044,-0.336848545634906,-0.559851707637748,-0.781992590724828,0.273959218692432,12
"467",4.09105176667471,0.277507351067098,-0.941775329405617,-0.324279251429324,0.0888942968664415,12
"468",3.47320521146872,0.0890117918517108,-0.847329185229499,0.359669900169326,0.390731128489274,12
"469",2.7401669256311,0.401425727958696,-0.84484474753201,-0.534088678761973,0.0314107590781283,12
"470",3.70533400198396,0.0314159265358979,-0.232901082007069,0.920416114371915,-0.313992455967405,12
"471",1.81863308057809,-0.319395253114962,-0.104679833522095,0.933241740799836,-0.343659694585616,12
"472",1.68249739892253,-0.35081117965086,-0.894332157949217,-0.270014797926573,0.356737999319625,12
"473",3.43480796792484,0.364773813666815,-0.95903413617945,-0.0721101389262847,0.273959218692432,12
"474",3.21664181142555,0.277507351067098,-0.925860420900419,0.260247627277428,-0.273959218692432,12
"475",2.86757596102668,-0.277507351067098,0.324324355147861,0.876762657682905,0.355106962408137,12
"476",1.21649448864005,0.363028484414821,0.612187696078587,0.755988845153191,-0.231747903494157,12
"477",0.890117918517108,-0.23387411976724,0.921649247646365,0.290594891554125,-0.257132793154696,12
"478",0.305432619099008,-0.260054058547155,0.970512597433046,0.0866159417967926,-0.224951054343865,12
"479",0.0890117918517108,-0.226892802759263,0.511113565139834,0.775144408641888,0.371367835550235,12
"480",0.987856356628791,0.380481776934764,0.372880109204663,-0.89578692811906,-0.241921895599668,12
"481",5.10683339133541,-0.244346095279206,0.943322433647297,-0.107478015302194,-0.313992455967405,12
"482",6.16973890579995,-0.319395253114962,0.491768550932523,-0.858676294971681,0.144356201000973,12
"483",5.232497097479,0.144862327915529,0.958290589882477,-0.228297021048911,-0.17192910027941,12
"484",6.04931118741235,-0.172787595947439,-0.46788634584601,-0.81697561415231,0.337095258423082,12
"485",4.19228086329038,0.343829862642883,-0.76379486530706,-0.645456704635923,0.00174532836589831,12
"486",3.84321501289151,0.00174532925199433,0.129237369116076,-0.955860196851991,-0.263873049965373,12
"487",4.84677933278825,-0.267035375555132,-0.0287836489264555,-0.915910559872107,0.400349032556895,12
"488",4.68097305384879,0.411897703470662,-0.953439179448961,-0.162974343538442,-0.253757944584806,12
"489",3.31088959103324,-0.256563400043166,-0.98896163499461,0.0103567606086684,0.147809411129611,12
"490",3.13112067807783,0.148352986419518,0.00859919700649439,-0.985370377170174,-0.170209499166033,12
"491",4.72111562664466,-0.171042266695444,-0.427734568056015,-0.854166194852666,-0.295708050044047,12
"492",4.2481313993542,-0.300196631343025,-0.764730857956286,-0.625924954595929,-0.152985836284038,12
"493",3.82750704962357,-0.153588974175501,-0.694048051711799,0.658627008671995,-0.290702193598252,12
"494",2.38237442897226,-0.294960643587042,-0.895258327666562,0.396723883306339,0.202787295356512,12
"495",2.72445896236315,0.204203522483337,-0.533604419911896,0.79110108558726,0.299040792256087,12
"496",2.16420827247297,0.303687289847013,0.213639852689152,0.896766236875386,-0.387515586452103,12
"497",1.33692220702766,-0.397935069454707,-0.31249389556635,0.94489424959006,-0.0975828997591495,12
"498",1.89019157990986,-0.0977384381116825,-0.846275091705175,0.400032403196615,0.351841648404702,12
"499",2.70002435283523,0.359537825910832,0.983669255685871,0.0206049335813568,-0.17880221511635,12
"500",0.020943951023932,-0.179768912955416,0.223216276824534,0.9442713011577,-0.241921895599668,12
"501",1.33866753627965,-0.244346095279206,0.716217444671894,0.607396564251877,-0.343659694585616,12
"502",0.703367688553715,-0.35081117965086,-0.0889244021473699,0.958575948655294,-0.270600445975864,12
"503",1.6632987771506,-0.27401669256311,0.625509194044206,0.748100602438419,0.221548497619467,12
"504",0.874409955249159,0.223402144255274,0.878485343178576,0.323219671846072,0.351841648404702,12
"505",0.352556508902855,0.359537825910832,0.72209888476936,-0.657059429681342,-0.216439613938103,12
"506",5.54491103358598,-0.218166156499291,0.926555643169547,0.328110561729463,0.18395135061272,12
"507",0.340339204138894,0.185004900711399,-0.0220704488068149,-0.903065638047363,0.428935133403146,12
"508",4.68795437085677,0.44331363000656,0.820019268240159,-0.502508453867501,0.273959218692432,12
"509",5.73340659280137,0.277507351067098,-0.302522342703432,-0.920126932649599,-0.248689887164855,12
"510",4.39473905652172,-0.251327412287183,-0.554711015558719,-0.760698676196094,-0.337095258423082,12
"511",4.08232512041474,-0.343829862642883,-0.519111272845117,-0.79027138579635,0.325568154457157,12
"512",4.13119433947058,0.331612557878923,-0.71933870472176,-0.694657312434064,0.00174532836589831,12
"513",3.9095375244673,0.00174532925199433,-0.870668640719747,-0.480634911792861,0.104528463267653,12
"514",3.64599280741615,0.10471975511966,-0.926580834428714,-0.329940593845917,-0.18051914525056,12
"515",3.48367718698068,-0.18151424220741,-0.951381771736989,-0.115129844680122,0.285688367404974,12
"516",3.2620203719774,0.289724655831059,-0.894638921237274,0.285515699961888,0.343659694585616,12
"517",2.8326693759868,0.35081117965086,-0.882202367940221,-0.381763054889915,-0.275637355816999,12
"518",3.54999969855647,-0.279252680319093,-0.96326326451286,0.0775023220587107,-0.257132793154696,12
"519",3.06130750799805,-0.260054058547155,-0.470151623084182,0.869527236818633,-0.151260820247219,12
"520",2.06646983436129,-0.151843644923507,-0.150564862466306,0.919444813868875,-0.363251230472978,12
"521",1.73311194723037,-0.371755130674792,-0.940187261179867,-0.0361183513327335,0.338737920245291,12
"522",3.17998989713367,0.345575191894877,-0.748883959740412,0.580893943724342,-0.31895930929807,12
"523",2.48185819633594,-0.324631240870945,0.334230771679914,0.819007504834185,-0.466386640339891,12
"524",1.18333323285216,-0.485201532054424,-0.934653399355479,0.0179462620763632,0.355106962408137,12
"525",3.12239403181786,0.363028484414821,-0.279005742537724,0.884893162862136,-0.372987782575809,12
"526",1.8762289458939,-0.382227106186758,0.278423668810168,0.888451007595649,-0.36487678433762,12
"527",1.26710903694788,-0.373500459926786,0.493307495095283,0.837469940910398,-0.23514211310259,12
"528",1.03847090493663,-0.237364778271229,0.917348073678796,0.352136933094309,0.185666615385577,12
"529",0.366519142918809,0.186750229963393,0.976688198626398,0.0751520611263475,-0.201077921145965,12
"530",0.0767944870877505,-0.202458193231342,0.781083765985184,0.567490573922823,0.260504508642648,12
"531",0.628318530717959,0.263544717051144,0.774446018498806,-0.620448256810281,0.123601476740493,12
"532",5.60774288665778,0.123918376891597,0.747834213899945,0.609918702061414,0.262189178640865,12
"533",0.684169066781777,0.265290046303138,0.941836401308088,0.278984652113977,0.187381314585725,12
"534",0.287979326579064,0.188495559215388,0.934278442049322,-0.253837834633827,0.250380004054441,12
"535",6.01789526087645,0.253072741539178,-0.0119500300551602,-0.978074601246235,0.207911690817759,12
"536",4.70017167562073,0.20943951023932,0.189308939970963,-0.922241243924683,0.337095258423082,12
"537",4.91484717361603,0.343829862642883,-0.645377406599254,-0.719284873840459,0.257132793154696,12
"538",3.98109602379907,0.260054058547155,-0.914357271123112,0.0703559576407349,0.398749068925246,12
"539",3.06479816650204,0.410152374218667,-0.819377639400787,-0.508035660672876,0.265556117486809,12
"540",3.69660735572399,0.268780704807127,-0.91106272024596,0.172147088117569,0.374606593415912,12
"541",2.9548424236264,0.383972435438752,-0.556756232078973,-0.766309211943151,0.320612990585676,12
"542",4.08407044966673,0.32637657012294,-0.777922507191814,-0.621007378803372,0.095845752520224,12
"543",3.8152897448596,0.0959931088596881,-0.851528352101898,0.391659282275428,0.348572047321815,12
"544",2.71049632834719,0.356047167406843,-0.805582054693078,0.491729386315164,-0.330514392713223,12
"545",2.59355926846357,-0.336848545634906,0.120478036653457,-0.953681860350894,-0.275637355816999,12
"546",4.83805268652828,-0.279252680319093,-0.707082172091054,0.702162958611638,-0.0836778433323155,12
"547",2.35968514869633,-0.0837758040957278,-0.940741446798553,-0.318423412110453,-0.116670737099333,12
"548",3.46796922371273,-0.11693705988362,-0.314967554148755,0.919944945052548,0.233445363855905,12
"549",1.90066355542182,0.235619449019234,-0.7308600459364,0.637569854436625,-0.243615011786023,12
"550",2.42426233102012,-0.2460914245312,-0.175383216710909,0.955587996923536,-0.236838146065619,12
"551",1.75231056900231,-0.239110107523223,-0.713605898179583,-0.656194261264618,0.245307385878803,12
"552",3.88510291493938,0.247836753783195,-0.958806591604505,-0.00502034545262117,-0.284015344703923,12
"553",3.14682864134578,-0.287979326579064,0.433039389692834,0.768521108834761,-0.47101188121941,12
"554",1.05766952670856,-0.490437519810407,0.810147231722823,0.560972538833671,0.170209499166033,12
"555",0.605629250442032,0.171042266695444,-0.161146049161436,0.923325229085363,-0.348572047321815,12
"556",1.74358392274234,-0.356047167406843,0.920754629429297,0.269247496055878,-0.282341456842876,12
"557",0.284488668075076,-0.28623399732707,0.450890651433753,0.830437274595346,0.327217898979104,12
"558",1.07337748997651,0.333357887130917,0.980233848899111,0.00855437120336917,0.197657340379126,12
"559",0.00872664625997165,0.198967534727354,-0.624499736536348,-0.74424980459133,0.236838146065619,12
"560",4.01425727958696,0.239110107523223,-0.94549596235983,-0.206151458389611,-0.252069358243114,12
"561",3.3562681515851,-0.254818070791172,-0.914564257638559,0.174462462729005,0.36487678433762,12
"562",2.95309709437441,0.373500459926786,0.114494999033962,-0.89377328979496,0.433659084587544,12
"563",4.83979801578028,0.448549617762543,-0.944902260657825,-0.159818254693299,-0.285688367404974,12
"564",3.30914426178125,-0.289724655831059,-0.610857798881801,0.738400234476373,0.285688367404974,12
"565",2.26194671058465,0.289724655831059,-0.471172020570295,0.836195626355029,0.280666708920788,12
"566",2.08392312688123,0.284488668075076,-0.437222080533606,0.861811800208334,0.257132793154696,12
"567",2.04028989558137,0.260054058547155,-0.549586003375318,0.781981784974065,0.294040325232304,12
"568",2.18340689424491,0.29845130209103,-0.877037621362788,0.456556887775746,-0.14953534344371,12
"569",2.66162710929135,-0.150098315671512,-0.553289946655281,0.802039436735988,-0.224951054343865,12
"570",2.17468024798493,-0.226892802759263,-0.0652814359157359,0.957582650546862,-0.280666708920788,12
"571",1.63886416762268,-0.284488668075076,0.784891666776173,0.578672044104326,-0.221548497619467,12
"572",0.635299847725936,-0.223402144255274,0.098628545483372,0.893366189016947,0.438371146789077,12
"573",1.46084058391925,0.453785605518526,0.934921672937382,0.271619854929042,-0.228350870110656,12
"574",0.282743338823081,-0.230383461263251,0.847316076888251,-0.384359618919951,0.366501226724297,12
"575",5.85732496969297,0.375245789178781,0.368586356987698,-0.889846181945391,0.268919820615266,12
"576",5.10508806208341,0.272271363311115,-0.627577358857994,-0.740013820869779,0.241921895599668,12
"577",4.00902129183097,0.244346095279206,-0.830357278137519,-0.496958579037484,0.252069358243114,12
"578",3.68089939245604,0.254818070791172,-0.891619076794277,-0.356622187542404,0.278991106039229,12
"579",3.52207443052456,0.282743338823081,-0.960736633314428,-0.207718612587835,0.18395135061272,12
"580",3.3545228223331,0.185004900711399,-0.304269338426645,-0.854487573669382,0.421035813367491,12
"581",4.3703044469938,0.434586983746588,-0.361176987621309,-0.871958381932421,-0.330514392713223,12
"582",4.31968989868597,-0.336848545634906,-0.943310761238918,0.205675007494119,-0.260504508642648,12
"583",2.92691715559449,-0.263544717051144,-0.765700083289602,0.637957258171565,-0.0819385086300409,12
"584",2.44695161129605,-0.0820304748437335,-0.69599892793333,0.669774733927666,0.258819045102521,12
"585",2.37539311196428,0.261799387799149,-0.415951704966358,0.823444415630564,-0.385906042324319,12
"586",2.03854456632938,-0.396189740202713,-0.750094135925725,0.654348820564133,-0.095845752520224,12
"587",2.42426233102012,-0.0959931088596881,-0.582577796522788,0.75105476968764,0.310676429630732,12
"588",2.23053078404875,0.315904594610974,0.550801830080993,0.786626535740078,0.278991106039229,12
"589",0.959931088596881,0.282743338823081,0.893029747085429,-0.405096259396486,0.195946144242518,12
"590",5.85732496969297,0.197222205475359,0.979348183674927,0.134154013696051,0.151260820247219,12
"591",0.136135681655558,0.151843644923507,0.323749931280929,-0.91424160265659,0.243615011786023,12
"592",5.05272818452358,0.2460914245312,0.122068397784552,-0.939874600824179,0.31895930929807,12
"593",4.84154334503227,0.324631240870945,0.219073701076963,-0.956526009004166,-0.192521966525907,12
"594",4.93753645389196,-0.193731546971371,-0.148064284137347,-0.967604429787305,-0.20449605184179,12
"595",4.56054533546118,-0.205948851735331,0.892991621771598,0.286708243887706,-0.346935651573256,12
"596",0.310668606854991,-0.354301838154849,-0.282918115245673,-0.902792803612037,-0.323917418198149,12
"597",4.40870169053768,-0.329867228626928,-0.57794140929021,-0.75865654256201,-0.300705799504273,12
"598",4.06138116939081,-0.305432619099008,-0.767656818975118,-0.557735325898736,0.315649036947102,12
"599",3.76991118430775,0.321140582366957,-0.134523384451017,-0.98204465594595,0.132256390257122,12
"600",4.57625329872913,0.132645023151569,-0.952589406356666,-0.241042176451174,0.185666615385577,12
"601",3.38942940737299,0.186750229963393,-0.87545771441917,-0.393446297183665,0.280666708920788,12
"602",3.56396233257242,0.284488668075076,-0.464897847235713,0.863408999369412,-0.195946144242518,12
"603",2.06472450510929,-0.197222205475359,0.509251254790884,0.81181606058478,0.285688367404974,12
"604",1.01054563690472,0.289724655831059,0.636035012867718,-0.677308495363707,0.369746757273829,12
"605",5.46637121724624,0.378736447682769,0.920947623040109,0.164045757128926,0.353474843779257,12
"606",0.176278254451427,0.361283155162826,0.441315538206797,-0.858707165868608,0.260504508642648,12
"607",5.18711853692715,0.263544717051144,0.551415049327351,-0.778791402072575,-0.299040792256087,12
"608",5.32849020633869,-0.303687289847013,-0.44289532611466,-0.822545883186598,-0.356737999319625,12
"609",4.21846080207029,-0.364773813666815,-0.913044013917031,-0.391331164216264,-0.114937150492867,12
"610",3.54650904005248,-0.115191730631626,-0.969208648356517,-0.100157970728828,0.224951054343865,12
"611",3.24456707945746,0.226892802759263,-0.194232031825602,-0.913789865151901,-0.356737999319625,12
"612",4.50294947014537,-0.364773813666815,-0.404788196516977,-0.86413026826248,-0.299040792256087,12
"613",4.27431133813411,-0.303687289847013,-0.896365473581076,-0.400963653230851,0.189095442989891,12
"614",3.56221700332043,0.190240888467382,-0.917393811145413,-0.3393542751954,0.207911690817759,12
"615",3.49589449174464,0.20943951023932,-0.58781746278158,0.785751820140445,-0.192521966525907,12
"616",2.21307749152881,-0.193731546971371,-0.74729195453487,0.63599530430063,0.192521966525907,12
"617",2.43647963578408,0.193731546971371,-0.450752223117373,0.738450684791153,-0.501510737159457,12
"618",2.11882971192112,-0.525344104850293,-0.144956658675023,0.947296006449544,0.285688367404974,12
"619",1.7226399717184,0.289724655831059,-0.276105821586392,0.914506601630218,0.295708050044047,12
"620",1.86401164112994,0.300196631343025,0.928954381249575,0.310823787997052,-0.201077921145965,12
"621",0.322885911618951,-0.202458193231342,0.933424653133326,0.0701845522233516,0.351841648404702,12
"622",0.0750491578357562,0.359537825910832,-0.453171905181978,0.866837904786724,-0.207911690817759,12
"623",2.05250720034533,-0.20943951023932,0.423889667997831,0.900811397979085,0.0941083133185143,12
"624",1.13097335529233,0.0942477796076938,0.398029414232735,0.845855561342959,0.355106962408137,12
"625",1.13097335529233,0.363028484414821,0.415034964517321,0.821629578008,-0.390731128489274,12
"626",1.10304808726042,-0.401425727958696,0.694151783071684,0.580400979438135,-0.425779291565073,12
"627",0.696386371545737,-0.439822971502571,0.978792745437877,-0.162038088246247,0.125333233564304,12
"628",6.11912435749212,0.125663706143592,0.624449123762375,0.749487116809924,-0.219846204352837,12
"629",0.876155284501153,-0.22165681500328,-0.287192998022957,-0.9393659695937,0.187381314585725,12
"630",4.41568300754565,0.188495559215388,-0.392335205281786,-0.860901035476403,0.323917418198149,12
"631",4.28478331364608,0.329867228626928,0.747140816123038,-0.546824414871358,0.377840786818467,12
"632",5.65137611795764,0.387463093942741,-0.941678064684564,-0.2735827681862,0.195946144242518,12
"633",3.42433599241287,0.197222205475359,0.496436576449306,-0.836094484886413,-0.233445363855905,12
"634",5.24820506074695,-0.235619449019234,0.672877796032495,-0.665868074984863,0.322265695230511,12
"635",5.50302313153812,0.328121899374934,-0.715642146290511,-0.600495061007284,-0.356737999319625,12
"636",3.83972435438753,-0.364773813666815,-0.751066753351942,-0.529819312480403,-0.393941909590951,12
"637",3.7559485502918,-0.404916386462684,-0.866822750850846,0.457023790774169,0.199367934417197,12
"638",2.65639112153537,0.200712863979348,-0.977895834660352,-0.0221915609012634,0.207911690817759,12
"639",3.16428193386572,0.20943951023932,0.347745387258023,0.865043823140602,0.361624570082092,12
"640",1.18856922060814,0.370009801422798,0.587194378432695,0.722542520678527,-0.36487678433762,12
"641",0.888372589265114,-0.373500459926786,0.725815568125002,0.611193460813961,0.315649036947102,12
"642",0.699877030049726,0.321140582366957,0.732118796430114,0.555708412552443,-0.393941909590951,12
"643",0.649262481741891,-0.404916386462684,0.846817185854155,0.518930238901866,0.116670737099333,12
"644",0.549778714378214,0.11693705988362,0.953929594329503,-0.277142166584102,0.114937150492867,12
"645",6.00044196835651,0.115191730631626,0.736771677610944,-0.555197281664757,0.385906042324319,12
"646",5.63741348394168,0.396189740202713,0.94003104701438,0.164061681132132,-0.299040792256087,12
"647",0.172787595947439,-0.303687289847013,0.927039665137194,-0.352149334181606,0.128795596577563,12
"648",5.92015682276477,0.12915436464758,0.266034938320053,-0.952830079478539,0.146083028562412,12
"649",4.98466034369581,0.146607657167524,0.714740191378026,-0.634576036394523,0.294040325232304,12
"650",5.55712833834995,0.29845130209103,-0.894641273945138,-0.390859161939625,0.216439613938103,12
"651",3.55349035706046,0.218166156499291,-0.903902798009838,0.304196899876516,0.300705799504273,12
"652",2.81696141271885,0.305432619099008,-0.947064378358235,-0.243164802821184,0.209618562903822,12
"653",3.39292006587698,0.211184839491314,-0.937958397542109,-0.226916017689073,0.262189178640865,12
"654",3.37895743186102,0.265290046303138,-0.789038847157648,-0.493046193054682,-0.366501226724297,12
"655",3.70009801422798,-0.375245789178781,-0.903474108802649,-0.337795127592498,0.263873049965373,12
"656",3.49938515024863,0.267035375555132,-0.957934644963986,0.215879895817512,0.189095442989891,12
"657",2.91993583858651,0.190240888467382,-0.742027178615239,0.480038910008734,-0.467929814260573,12
"658",2.56737932968366,-0.486946861306418,-0.491122552413347,0.798308315337425,0.348572047321815,12
"659",2.1223203704251,0.356047167406843,-0.957250428658034,-0.235123256628966,0.168489379565003,12
"660",3.38244809036501,0.16929693744345,-0.693517176061154,0.708196423137196,-0.132256390257122,12
"661",2.34572251468038,-0.132645023151569,-0.672628539790571,0.703865560727978,0.228350870110656,12
"662",2.33350520991642,0.230383461263251,0.284493354225524,0.902297643568549,0.323917418198149,12
"663",1.26536370769589,0.329867228626928,0.669530222145656,0.637585013862347,-0.381070376350274,12
"664",0.760963553869528,-0.39095375244673,-0.329388412185697,0.909925443403299,0.252069358243114,12
"665",1.91811684794177,0.254818070791172,0.864130721256424,-0.417737112409738,0.280666708920788,12
"666",5.83289036016505,0.284488668075076,0.962501942935041,0.135270826462764,-0.23514211310259,12
"667",0.139626340159546,-0.237364778271229,0.935376439377544,0.0834801232312759,-0.343659694585616,12
"668",0.0890117918517108,-0.35081117965086,0.828436914963366,-0.422109691474487,-0.368124552684678,12
"669",5.81194640914112,-0.376991118430775,0.944942591230119,0.0329981224112818,0.325568154457157,12
"670",0.0349065850398866,0.331612557878923,0.947889919219633,-0.268225810687395,-0.17192910027941,12
"671",6.00742328536448,-0.172787595947439,-0.536294017767227,-0.774506921117671,-0.335451569750255,12
"672",4.10675972994266,-0.342084533390889,-0.751258612753766,-0.531920747849514,-0.390731128489274,12
"673",3.75769387954379,-0.401425727958696,-0.847668533153622,-0.462163887466382,0.260504508642648,12
"674",3.64075681966017,0.263544717051144,-0.564070382206061,-0.748546679735998,0.348572047321815,12
"675",4.06661715714679,0.356047167406843,-0.98057661313545,-0.0806180726716853,-0.17880221511635,12
"676",3.22362312843353,-0.179768912955416,-0.387439604183427,-0.842354113944673,0.374606593415912,12
"677",4.28129265514209,0.383972435438752,-0.942549113543871,0.114060975592973,0.313992455967405,12
"678",3.02116493520218,0.319395253114962,-0.612886587983733,-0.702565086367519,-0.361624570082092,12
"679",3.99505865781502,-0.370009801422798,-0.84172687424681,0.525969326395268,-0.121869343405147,12
"680",2.58308729295161,-0.122173047639603,-0.504980153251341,0.789615458719072,0.348572047321815,12
"681",2.13977366294505,0.356047167406843,-0.954562212494079,-0.234462967408853,0.18395135061272,12
"682",3.38244809036501,0.185004900711399,-0.942291074706267,0.0907323107085021,0.322265695230511,12
"683",3.04559954473011,0.328121899374934,0.0173568003287447,0.994370424866534,-0.104528463267653,12
"684",1.55334303427495,-0.10471975511966,0.122946281601489,0.97322003095216,0.194234351219972,12
"685",1.4451326206513,0.195476876223365,0.718968957208601,0.578065882982172,-0.385906042324319,12
"686",0.6771877497738,-0.396189740202713,0.940637645960096,0.0839496734095431,-0.328866646738583,12
"687",0.0890117918517108,-0.335103216382911,0.970986371455011,0.0169486301581616,0.238533457578581,12
"688",0.0174532925199433,0.240855436775218,0.392369224259,0.822619185599398,0.411514358605109,12
"689",1.12573736753634,0.424115008234622,0.968564842324141,-0.18301222687955,-0.168489379565003,12
"690",6.09643507721619,-0.16929693744345,0.841993523284771,-0.468647583048877,0.267238376078257,12
"691",5.77529449484924,0.270526034059121,0.394696121336284,0.899142861420003,0.189095442989891,12
"692",1.15715329407224,0.190240888467382,0.944338634172975,-0.281519573745715,0.170209499166033,12
"693",5.99346065134853,0.171042266695444,0.866459648800614,0.398526911443647,-0.300705799504273,12
"694",0.431096325242599,-0.305432619099008,0.490574846148386,-0.819690837734346,-0.295708050044047,12
"695",5.25169571925094,-0.300196631343025,0.807141838506116,0.395414706600294,-0.438371146789077,12
"696",0.45553093477052,-0.453785605518526,0.876968289947895,-0.437240260214089,0.199367934417197,12
"697",5.82067305540109,0.200712863979348,-0.557631348776489,-0.756352761891701,0.342020143325669,12
"698",4.07708913265875,0.349065850398866,-0.23236483880073,-0.938942749718643,-0.253757944584806,12
"699",4.46978821435748,-0.256563400043166,-0.947208835062641,-0.00165319296621992,0.320612990585676,12
"700",3.14333798284179,0.32637657012294,-0.815110484789024,-0.564409258190842,0.130526192220052,12
"701",3.74722190403183,0.130899693899575,-0.779830893705417,-0.613666401369817,-0.123601476740493,12
"702",3.80830842785163,-0.123918376891597,-0.943666171891509,0.279526654853471,0.177084740319583,12
"703",2.85361332701073,0.178023583703422,-0.460389028045983,0.827155828446171,0.322265695230511,12
"704",2.07868713912525,0.328121899374934,-0.676726323298908,-0.605063165203359,0.419452082446177,12
"705",3.87114028092342,0.432841654494594,-0.982139705441466,0.111900684776673,0.151260820247219,12
"706",3.02814625221016,0.151843644923507,-0.79852121156694,-0.448109204903221,-0.40194777665596,12
"707",3.65297412442413,-0.413643032722656,-0.998883789383022,-0.00348677635568832,0.0471064507096427,12
"708",3.14508331209378,0.0471238898038469,0.300957999839433,0.937374414901765,0.175366726091987,12
"709",1.26012771993991,0.176278254451427,0.963405869373859,0.0471184078463144,-0.263873049965373,12
"710",0.0488692190558412,-0.267035375555132,0.938104970292631,0.324847971622233,0.120136838834647,12
"711",0.333357887130917,0.120427718387609,0.957136386306518,0.139631098141474,-0.253757944584806,12
"712",0.144862327915529,-0.256563400043166,0.977781747509951,-0.00170655281881479,0.209618562903822,12
"713",6.28143997792759,0.211184839491314,0.983945124850403,-0.136533668813612,0.114937150492867,12
"714",6.14530429627203,0.115191730631626,0.980265202474268,-0.00342178496299637,-0.197657340379126,12
"715",6.2796946486756,-0.198967534727354,-0.0186432944009301,-0.970955311633593,-0.238533457578581,12
"716",4.69319035861275,-0.240855436775218,-0.0635124143546782,-0.982144168627389,0.177084740319583,12
"717",4.6478117980609,0.178023583703422,0.83056096987425,-0.510964517871939,-0.221548497619467,12
"718",5.73166126354938,-0.223402144255274,0.991093729405021,-0.0536757177133699,0.121869343405147,12
"719",6.22908010036776,0.122173047639603,0.818414098262724,-0.493698947641266,-0.294040325232304,12
"720",5.74038790980935,-0.29845130209103,0.213070490263051,-0.848269177971041,-0.484809620246337,12
"721",4.95848040491589,-0.506145483078356,-0.615323463327322,-0.770802389253256,-0.165047605860678,12
"722",4.03869188911488,-0.165806278939461,-0.779168786527822,-0.541536413895805,-0.315649036947102,12
"723",3.74896723328382,-0.321140582366957,0.913900974769444,-0.327223923213145,0.240228042477264,12
"724",5.9393554445367,0.242600766027212,-0.848049782133306,-0.391854012184492,-0.356737999319625,12
"725",3.57443430808439,-0.364773813666815,-0.97412193511444,-0.207056009175274,0.0906325801977802,12
"726",3.35103216382911,0.0907571211037051,-0.874573177544783,0.451400877120512,0.177084740319583,12
"727",2.66511776779534,0.178023583703422,-0.280411973579053,0.857921511910279,0.430511096808295,12
"728",1.88670092140587,0.445058959258554,0.231000207874008,0.962185112748442,-0.144356201000973,12
"729",1.33517687777566,-0.144862327915529,0.640950244554403,0.729578353311869,0.238533457578581,12
"730",0.849975345721238,0.240855436775218,-0.358186209067048,0.835711039552087,0.416280792260401,12
"731",1.97571271325758,0.429350995990605,0.289007642794259,0.945301405195531,0.151260820247219,12
"732",1.27409035395586,0.151843644923507,-0.176808623449652,0.982661014925359,0.0558215049931638,12
"733",1.74881991049832,0.0558505360638185,0.977673112980169,0.113120638707579,-0.177084740319583,12
"734",0.115191730631626,-0.178023583703422,0.945812627060088,-0.0827478826874304,0.313992455967405,12
"735",6.19591884457987,0.319395253114962,0.73258924134562,0.648140210360342,-0.207911690817759,12
"736",0.724311639577647,-0.20943951023932,0.106270762055609,-0.878174257675884,-0.466386640339891,12
"737",4.8328166987723,-0.485201532054424,-0.0236960858627092,-0.96958249857724,-0.243615011786023,12
"738",4.68795437085677,-0.2460914245312,0.94589191092632,-0.228835336571602,-0.230049737188104,12
"739",6.04582052890836,-0.232128790515246,-0.21958244496415,-0.958747301462473,0.18051914525056,12
"740",4.48724150687742,0.18151424220741,-0.480079291004095,-0.862532248771751,-0.159881187691835,12
"741",4.20449816805434,-0.160570291183478,-0.799514475507475,-0.501534485019143,-0.330514392713223,12
"742",3.70184334347997,-0.336848545634906,-0.055730476871567,-0.966542274045665,-0.250380004054441,12
"743",4.65479311506888,-0.253072741539178,0.0837317475764395,-0.976688573825887,0.197657340379126,12
"744",4.79791011373241,0.198967534727354,-0.109345907797344,-0.959716715671971,0.258819045102521,12
"745",4.59894257900506,0.261799387799149,0.630952239726663,-0.723274131769886,-0.280666708920788,12
"746",5.42971930295436,-0.284488668075076,-0.0492763077487076,-0.972728651953781,-0.226651307436855,12
"747",4.66177443207685,-0.228638132011257,-0.91354217409272,-0.401016977682576,-0.0680152906652482,12
"748",3.55523568631245,-0.0680678408277788,-0.942921690246206,-0.300924697114189,-0.142628933705512,12
"749",3.45051593119279,-0.143116998663535,-0.892844636354558,0.401260289729768,0.20449605184179,12
"750",2.71922297460717,0.205948851735331,-0.915487953917361,0.0736584118374486,-0.395545502562965,12
"751",3.06130750799805,-0.406661715714679,-0.0309530255805511,-0.933067158861626,-0.3583679495453,12
"752",4.6792277245968,-0.366519142918809,-0.927707966388843,-0.361698221827885,-0.0923705874465616,12
"753",3.51334778426459,-0.0925024503556995,-0.193553144011663,0.977514807549458,0.0836778433323155,12
"754",1.76627320301826,0.0837758040957278,0.0034757278268913,0.995718631888974,0.0923705874465616,12
"755",1.56730566829091,0.0925024503556995,0.203992095554056,0.968011866516882,-0.146083028562412,12
"756",1.36310214580757,-0.146607657167524,0.385289229781001,0.873567623989113,-0.297374874077786,12
"757",1.15540796482025,-0.301941960595019,-0.998171886552097,-0.0435811257516327,0.0418756537291996,12
"758",3.18522588488965,0.0418879020478639,-0.15063829100606,0.984425640000029,-0.0906325801977802,12
"759",1.7226399717184,-0.0907571211037051,0.95303796887352,0.273279240027428,0.130526192220052,12
"760",0.279252680319093,0.130899693899575,-0.0182886639127686,0.952485917290415,-0.30403306092549,12
"761",1.58999494856683,-0.308923277602996,0.700149479477668,0.662098449430451,0.267238376078257,12
"762",0.757472895365539,0.270526034059121,0.935302319069643,-0.22800212845632,-0.270600445975864,12
"763",6.04407519965636,-0.27401669256311,0.867761052499041,0.423235344391994,0.260504508642648,12
"764",0.453785605518526,0.263544717051144,0.602109971672367,-0.738259764498227,-0.30403306092549,12
"765",5.39655804716647,-0.308923277602996,0.736054628552432,0.608917344904618,0.295708050044047,12
"766",0.691150383789754,0.300196631343025,-0.425777432854163,-0.876854014858354,-0.223250116010951,12
"767",4.26034870411816,-0.225147473507269,-0.987882465809725,-0.131811663175845,0.0819385086300409,12
"768",3.27423767674136,0.0820304748437335,0.480891380552197,0.846521919521467,-0.228350870110656,12
"769",1.05417886820457,-0.230383461263251,-0.17216416876004,0.938048783987091,-0.300705799504273,12
"770",1.75231056900231,-0.305432619099008,0.0631685720703371,0.97682705546259,0.20449605184179,12
"771",1.50621914447111,0.205948851735331,0.651333414307826,0.710805692064605,0.265556117486809,12
"772",0.829031394697307,0.268780704807127,0.169671445866228,0.915465200162793,-0.36487678433762,12
"773",1.38753675533549,-0.373500459926786,0.943539150773511,0.249293796935686,-0.218143241396543,12
"774",0.258308729295161,-0.219911485751285,0.46703989798567,0.818808105979674,-0.333806859233771,12
"775",1.05243353895258,-0.340339204138894,0.970624420513067,-0.0423783774096288,0.236838146065619,12
"776",6.23955207587973,0.239110107523223,0.457254907472355,-0.878378504724249,-0.139173100960065,12
"777",5.19235452468313,-0.139626340159546,0.318537797740353,-0.889641567148493,-0.327217898979104,12
"778",5.05621884302757,-0.333357887130917,0.85503845037465,-0.418879014638393,0.305695304963106,12
"779",5.82765437240907,0.310668606854991,-0.323900203805293,-0.852673304555156,-0.409923033841573,12
"780",4.34936049596987,-0.422369678982628,-0.979629571952785,0.146406620479561,-0.137444546037147,12
"781",2.99323966717028,-0.137881010907552,0.033057161964772,-0.946633262837591,-0.320612990585676,12
"782",4.74729556542458,-0.32637657012294,-0.67084525728783,0.704456918484366,0.231747903494157,12
"783",2.33175988066442,0.23387411976724,-0.526605299939047,0.820272054733795,-0.223250116010951,12
"784",2.14151899219704,-0.225147473507269,-0.53668692247242,0.810845490424203,0.233445363855905,12
"785",2.155481626213,0.235619449019234,-0.411331922770362,0.902585527554604,0.12706460860135,12
"786",1.99840199353351,0.127409035395586,-0.178682130436287,0.983224254620978,0.0366437087065563,12
"787",1.75056523975031,0.0366519142918809,0.014930052206555,0.95039846886083,-0.310676429630732,12
"788",1.55508836352695,-0.315904594610974,-0.591811273982154,0.79109045775985,0.154710386299468,12
"789",2.21307749152881,0.155334303427495,-0.895607134206926,0.425265533875239,0.130526192220052,12
"790",2.69827902358323,0.130899693899575,0.419429886075961,0.895386928499338,-0.14953534344371,12
"791",1.13271868454432,-0.150098315671512,0.801209617705899,0.546548144748533,-0.243615011786023,12
"792",0.598647933434055,-0.2460914245312,0.766840371584241,0.40430906225765,0.49848773975383,12
"793",0.485201532054424,0.521853446346304,0.968389404786934,-0.149914600431807,0.199367934417197,12
"794",6.12959633300409,0.200712863979348,0.532628294735458,-0.80471357280142,-0.262189178640865,12
"795",5.29707427980279,-0.265290046303138,0.53178076766012,-0.753847293319008,-0.385906042324319,12
"796",5.32674487708669,-0.396189740202713,0.181401900982045,-0.942006715511064,-0.282341456842876,12
"797",4.90262986885207,-0.28623399732707,-0.24584271801145,-0.874613324065937,-0.417867073801077,12
"798",4.43837228782158,-0.431096325242599,0.478220381633538,-0.866294726881585,0.144356201000973,12
"799",5.21678913421105,0.144862327915529,-0.0710926218085422,-0.991793217494169,-0.106264071336233,12
"800",4.64083048105292,-0.106465084371654,0.481835727899431,-0.86568794303632,0.135715572434304,12
"801",5.22027979271504,0.136135681655558,-0.982030179078467,-0.162574041909972,0.095845752520224,12
"802",3.30565360327726,0.0959931088596881,-0.961155442728814,-0.0335642876612716,-0.273959218692432,12
"803",3.17649923862968,-0.277507351067098,-0.980999338502065,0.146611333461966,0.12706460860135,12
"804",2.99323966717028,0.127409035395586,-0.900909365360365,0.427783218333162,0.0732381971276317,12
"805",2.69827902358323,0.0733038285837618,-0.861826238618796,-0.495572067004651,0.107999355706023,12
"806",3.6634460999361,0.108210413623648,-0.770823509644452,0.597912003066555,0.219846204352837,12
"807",2.48185819633594,0.22165681500328,-0.870488063209298,-0.385747212995297,-0.305695304963106,12
"808",3.55872634481644,-0.310668606854991,-0.846050115838988,-0.465119987170716,-0.260504508642648,12
"809",3.64424747816416,-0.263544717051144,-0.150671820883767,0.951304437323732,-0.268919820615266,12
"810",1.72787595947439,-0.272271363311115,-0.231845218099538,0.943904646397096,0.23514211310259,12
"811",1.81165176357011,0.237364778271229,-0.30071347685143,0.947968989580792,0.104528463267653,12
"812",1.8779742751459,0.10471975511966,-0.32458374914134,0.916596231656849,0.233445363855905,12
"813",1.91113553093379,0.235619449019234,-0.866789146723875,0.462822301810274,0.185666615385577,12
"814",2.65115513377939,0.186750229963393,-0.417914786269191,0.845586313680226,-0.332161131883703,12
"815",2.02981792006941,-0.3385938748869,0.820114106936396,0.498637192864202,-0.280666708920788,12
"816",0.546288055874225,-0.284488668075076,0.935001571289066,0.164866004023072,-0.313992455967405,12
"817",0.174532925199433,-0.319395253114962,0.891099049449481,0.411745566282898,0.190808995376545,12
"818",0.432841654494594,0.191986217719376,0.960632822838778,-0.0167679082948278,-0.277314653302378,12
"819",6.26573201465964,-0.280998009571087,-0.362833517756558,0.902576726721039,0.231747903494157,12
"820",1.95302343298165,0.23387411976724,0.760475181203641,0.596288709819122,0.257132793154696,12
"821",0.66497044500984,0.260054058547155,0.524319503790648,-0.807381233731867,-0.270600445975864,12
"822",5.28834763354282,-0.27401669256311,0.498475966270686,-0.77944514498841,-0.379456159529005,12
"823",5.28136631653484,-0.389208423194735,0.380395833671048,-0.904925929018007,0.190808995376545,12
"824",5.1103240498394,0.191986217719376,0.26797255246291,-0.94072495446215,0.207911690817759,12
"825",4.98989633145179,0.20943951023932,0.69012761343528,-0.675822890309542,-0.258819045102521,12
"826",5.5082591192941,-0.261799387799149,0.741008265242644,-0.664868690950651,-0.0941083133185143,12
"827",5.55189235059396,-0.0942477796076938,-0.668949703868673,-0.657375043153796,0.346935651573256,12
"828",3.91826417072727,0.354301838154849,0.189201734535547,-0.905657621093224,-0.379456159529005,12
"829",4.91833783212002,-0.389208423194735,-0.646941150124116,-0.710979040727854,0.275637355816999,12
"830",3.97411470679109,0.279252680319093,-0.714322251430971,-0.692226419238266,-0.102792536787247,12
"831",3.91128285371929,-0.102974425867665,-0.824747888390703,-0.533553337108112,0.187381314585725,12
"832",3.71580597749593,0.188495559215388,-0.44422432214595,0.868090441611085,0.221548497619467,12
"833",2.04378055408536,0.223402144255274,0.645015174544529,0.747257271914793,0.159881187691835,12
"834",0.85870199198121,0.160570291183478,0.915401577900148,0.315198040519952,0.250380004054441,12
"835",0.331612557878923,0.253072741539178,0.333361008449867,0.936186474586164,-0.111468932206325,12
"836",1.22871179340401,-0.111701072127637,0.959690678720561,-0.211001680344336,-0.185666615385577,12
"837",6.06676447993229,-0.186750229963393,0.983738017078382,-0.106868147673942,-0.144356201000973,12
"838",6.17497489355594,-0.144862327915529,0.807759983937467,-0.516584061235009,-0.284015344703923,12
"839",5.71420797102943,-0.287979326579064,-0.132316730061295,0.953555285016842,0.270600445975864,12
"840",1.70867733770245,0.27401669256311,0.948882308044941,0.241867067459166,-0.202787295356512,12
"841",0.249582083035189,-0.204203522483337,0.382904021643241,-0.836334919242665,-0.392337116603562,12
"842",5.14173997637529,-0.40317105721069,0.41531506724555,0.8591204801922,0.299040792256087,12
"843",1.12050137978036,0.303687289847013,0.982717276971698,-0.134615522070512,0.12706460860135,12
"844",6.14704962552403,0.127409035395586,-0.44359628369056,-0.796985221583214,-0.409923033841573,12
"845",4.20449816805434,-0.422369678982628,-0.224334076805173,-0.964018261888228,-0.142628933705512,12
"846",4.48375084837343,-0.143116998663535,-0.878421375404074,-0.317984098776411,0.356737999319625,12
"847",3.48891317473666,0.364773813666815,-0.762284614528285,-0.481896329240735,-0.432085748801982,12
"848",3.70533400198396,-0.446804288510548,-0.975575836376841,0.203808410722208,0.0819385086300409,12
"849",2.93564380185446,0.0820304748437335,-0.803539486614443,0.525821506028809,-0.278991106039229,12
"850",2.56214334192768,-0.282743338823081,-0.177346651728381,-0.947643452774336,-0.265556117486809,12
"851",4.52738407967329,-0.268780704807127,-0.964215498123213,0.19091980983324,-0.18395135061272,12
"852",2.94611577736643,-0.185004900711399,-0.916557457493809,0.225128104247103,-0.330514392713223,12
"853",2.90073721681458,-0.336848545634906,0.101663449517801,0.983776865459673,-0.147809411129611,12
"854",1.46782190092723,-0.148352986419518,-0.492097803984621,0.852338398794434,0.177084740319583,12
"855",2.0943951023932,0.178023583703422,-0.320973856767326,0.916557457493809,0.238533457578581,12
"856",1.9076448724298,0.240855436775218,0.580128057787257,0.807333621085527,0.107999355706023,12
"857",0.947713783832921,0.108210413623648,0.796674823516516,0.580945273406772,0.166768746716102,12
"858",0.630063859969953,0.167551608191456,-0.906326094341265,0.317390884347858,-0.278991106039229,12
"859",2.80474410795489,-0.282743338823081,-0.563416820746028,0.804642609513419,-0.187381314585725,12
"860",2.18166156499291,-0.188495559215388,0.239313902248809,0.967022612298467,0.0871557427476582,12
"861",1.32819556076768,0.0872664625997165,0.331327666325885,-0.86313808037608,-0.381070376350274,12
"862",5.0789081233035,-0.39095375244673,-0.742104967662901,-0.504334015232642,-0.441505852791745,12
"863",3.73849525777185,-0.457276264022514,-0.793144833985029,-0.578371160766385,-0.190808995376545,12
"864",3.77165651355975,-0.191986217719376,0.565800824533834,-0.790302229278446,-0.23514211310259,12
"865",5.33372619409467,-0.237364778271229,-0.938697343621145,-0.27627365238748,0.20620418539663,12
"866",3.42782665091686,0.207694180987325,-0.978734084917253,0.0753094834969713,-0.190808995376545,12
"867",3.06479816650204,-0.191986217719376,-0.593762696022105,-0.730624833660365,0.337095258423082,12
"868",4.02996524285491,0.343829862642883,-0.972244572695016,0.185465571293206,0.142628933705512,12
"869",2.95309709437441,0.143116998663535,-0.675822890309542,0.69012761343528,-0.258819045102521,12
"870",2.34572251468038,-0.261799387799149,-0.872197670445984,0.455973922954531,-0.177084740319583,12
"871",2.65988178003936,-0.178023583703422,-0.934923553560613,-0.291196260002743,-0.202787295356512,12
"872",3.44353461418481,-0.204203522483337,-0.941821131285177,-0.226111248474376,-0.248689887164855,12
"873",3.37721210260903,-0.251327412287183,-0.985608321195689,0.143784704243661,0.0888942968664415,12
"874",2.99673032567426,0.0890117918517108,-0.319768780148118,0.908032667848601,-0.270600445975864,12
"875",1.9093902016818,-0.27401669256311,0.243752387652277,0.956278713826992,-0.161603821103361,12
"876",1.32121424375971,-0.162315620435473,-0.779498680617399,-0.624496202475763,-0.0488497697956133,12
"877",3.8170350741116,-0.0488692190558412,-0.989870208371237,-0.109282688408444,0.0906325801977802,12
"878",3.25154839646544,0.0907571211037051,-0.0971004079383096,0.99030656772995,0.099319749743639,12
"879",1.66853476490658,0.0994837673636768,0.361146368347443,0.92153691618919,0.142628933705512,12
"880",1.19729586686811,0.143116998663535,0.400308361083952,0.858464050682374,0.320612990585676,12
"881",1.13446401379631,0.32637657012294,0.734528104185804,0.659054374969169,0.161603821103361,12
"882",0.731292956585624,0.162315620435473,0.885891474997504,0.430165787714111,-0.17364817766693,12
"883",0.452040276266531,-0.174532925199433,0.988430643278454,0.116113914337333,0.0975828997591495,12
"884",0.11693705988362,0.0977384381116825,0.931844045447958,-0.277794775072117,-0.233445363855905,12
"885",5.99346065134853,-0.235619449019234,0.455594603877837,-0.853252871356136,-0.253757944584806,12
"886",5.2028265001951,-0.256563400043166,-0.613942926104752,-0.742129512663516,0.268919820615266,12
"887",4.02123859659494,0.272271363311115,-0.909801045907765,-0.302650525917021,-0.284015344703923,12
"888",3.46273323595675,-0.287979326579064,-0.973515663210104,-0.140285750105275,0.18051914525056,12
"889",3.28470965225333,0.18151424220741,-0.979612818402242,0.0359207713762722,-0.197657340379126,12
"890",3.10494073929791,-0.198967534727354,-0.966085748185952,0.172086081822405,0.192521966525907,12
"891",2.96531439913837,0.193731546971371,-0.826312678392932,0.516337467821852,-0.224951054343865,12
"892",2.58308729295161,-0.226892802759263,-0.273923644690164,-0.918858596766863,-0.284015344703923,12
"893",4.42266432455363,-0.287979326579064,0.0133872140509612,0.958726272964638,-0.284015344703923,12
"894",1.55683369277894,-0.287979326579064,0.173784291204677,0.946876136972599,-0.270600445975864,12
"895",1.38928208458749,-0.27401669256311,0.270755060443605,0.944235108534048,-0.187381314585725,12
"896",1.2915436464758,-0.188495559215388,0.361624019296515,0.932322381205519,-0.00174532836589831,12
"897",1.2007865253721,-0.00174532925199433,0.555326038769469,0.811033224518186,0.18395135061272,12
"898",0.970403064108847,0.185004900711399,0.915242645484962,0.311574011493735,-0.255445757935791,12
"899",0.328121899374934,-0.258308729295161,0.562746358264616,0.806677986843524,0.18051914525056,12
"900",0.961676417848876,0.18151424220741,0.907690783509933,0.212896951232436,0.361624570082092,12
"901",0.230383461263251,0.370009801422798,0.61905941736622,-0.769954631222688,-0.154710386299468,12
"902",5.38957673015849,-0.155334303427495,0.931267574421936,-0.35004046856036,-0.101056297182946,12
"903",5.92364748126875,-0.101229096615671,0.0674421903223931,-0.964468255422193,-0.255445757935791,12
"904",4.78220215046446,-0.258308729295161,-0.234371438072484,-0.919475782438125,-0.315649036947102,12
"905",4.4628068973495,-0.321140582366957,-0.766860905062389,-0.614371435060385,0.185666615385577,12
"906",3.8170350741116,0.186750229963393,-0.78620021622415,-0.612040169638272,-0.0854169231373675,12
"907",3.80307244009564,-0.0855211333477222,-0.895304659313582,-0.347265791235472,-0.278991106039229,12
"908",3.51160245501259,-0.282743338823081,-0.944447658528602,-0.168231751009381,0.282341456842876,12
"909",3.31787090804122,0.28623399732707,-0.649254303511091,0.669978467949309,-0.359996808120051,12
"910",2.3404865269244,-0.368264472170804,-0.776066606471464,-0.615102812779316,-0.139173100960065,12
"911",3.81179908635562,-0.139626340159546,-0.768181649336783,-0.556070776651557,0.317304656405092,12
"912",3.76816585505576,0.322885911618951,-0.143590172684819,0.972390746004969,0.18395135061272,12
"913",1.71740398396242,0.185004900711399,-0.908049756572166,-0.284565544442566,-0.307356617799807,12
"914",3.44527994343681,-0.312413936106985,0.265982743845311,0.946263747897105,0.18395135061272,12
"915",1.29677963423179,0.185004900711399,-0.993066581967549,-0.0537825635888852,0.104528463267653,12
"916",3.19569786040162,0.10471975511966,-0.587537848279904,0.8057155002618,0.0749787268263277,12
"917",2.20086018676485,0.0750491578357562,-0.619169086268924,0.767344660323929,-0.166768746716102,12
"918",2.24972940582069,-0.167551608191456,0.863799234374302,0.390020309351278,0.31895930929807,12
"919",0.424115008234622,0.324631240870945,0.729966254010833,-0.671238379644386,-0.128795596577563,12
"920",5.53967504583,-0.12915436464758,0.66507598723352,-0.676786241497066,0.315649036947102,12
"921",5.48906049752217,0.321140582366957,-0.314064520288136,-0.891834544015617,-0.325568154457157,12
"922",4.37379510549779,-0.331612557878923,0.531535145758631,-0.809184924719343,-0.250380004054441,12
"923",5.2935836212988,-0.253072741539178,-0.25296424494245,-0.899948963013994,-0.355106962408137,12
"924",4.43837228782158,-0.363028484414821,-0.691104844471067,-0.686296786227203,0.226651307436855,12
"925",3.92350015848325,0.228638132011257,-0.992335407447056,0.0659108450392567,-0.104528463267653,12
"926",3.07527014201401,-0.10471975511966,-0.333064448228371,-0.920080380864217,-0.20620418539663,12
"927",4.36506845923782,-0.207694180987325,-0.811814360007957,0.574796606866911,-0.102792536787247,12
"928",2.52549142763579,-0.102974425867665,-0.606556773068719,0.697763748924178,-0.381070376350274,12
"929",2.28638132011257,-0.39095375244673,-0.337114749089488,0.921209347951098,0.194234351219972,12
"930",1.92160750644576,0.195476876223365,-0.881227872156632,-0.431709079982448,-0.192521966525907,12
"931",3.59712358836031,-0.193731546971371,-0.497486241131635,0.811823761914019,-0.305695304963106,12
"932",2.12057504117311,-0.310668606854991,-0.352213640437577,0.908060976106161,-0.226651307436855,12
"933",1.94080612821769,-0.228638132011257,-0.505551241584238,0.834764319053974,0.218143241396543,12
"934",2.11533905341713,0.219911485751285,-0.493228741858464,0.814417453599952,0.305695304963106,12
"935",2.11533905341713,0.310668606854991,0.159348946250626,0.95223175451445,0.260504508642648,12
"936",1.40499004785544,0.263544717051144,-0.951710322624886,0.0282461029656966,-0.305695304963106,12
"937",3.11192205630589,-0.310668606854991,-0.619885107331781,0.768232034954619,-0.159881187691835,12
"938",2.24972940582069,-0.160570291183478,-0.9665642640857,-0.0625049071225767,0.248689887164855,12
"939",3.20616983591358,0.251327412287183,0.790129433084051,0.58680190330317,-0.177084740319583,12
"940",0.638790506229925,-0.178023583703422,-0.969719786196338,0.223877452937817,0.0975828997591495,12
"941",2.91469985083053,0.0977384381116825,-0.951200498235753,0.205656827204303,-0.230049737188104,12
"942",2.92866248484649,-0.232128790515246,0.922832749294903,0.32317143270244,0.209618562903822,12
"943",0.336848545634906,0.211184839491314,0.514798623173723,0.85003356094405,-0.111468932206325,12
"944",1.02625360017267,-0.111701072127637,0.852773772684264,0.381464143089856,0.356737999319625,12
"945",0.420624349730633,0.364773813666815,0.759547144865202,-0.623899058610346,-0.18395135061272,12
"946",5.59552558189382,-0.185004900711399,0.861459809275099,0.401705306257723,0.310676429630732,12
"947",0.436332312998582,0.315904594610974,0.969524040764242,-0.062696307294578,0.236838146065619,12
"948",6.2186081248558,0.239110107523223,0.199815099531272,-0.948190599886593,0.246999012722743,12
"949",4.92008316137201,0.249582083035189,0.969620052556295,-0.0542101770550086,0.238533457578581,12
"950",6.22733477111577,0.240855436775218,-0.282189653078102,-0.952656303232324,-0.113203213767907,12
"951",4.42440965380563,-0.113446401379631,-0.554535476581211,-0.822132653234914,-0.128795596577563,12
"952",4.11897703470662,-0.12915436464758,-0.718612869087915,-0.677186510603661,-0.158158067254484,12
"953",3.89732021970334,-0.158824961931484,0.662270286561242,-0.738112296226204,-0.128795596577563,12
"954",5.44368193697031,-0.12915436464758,-0.590994192557507,-0.711855945651084,0.379456159529005,12
"955",4.01949326734294,0.389208423194735,-0.83707195648106,-0.500977231123951,-0.219846204352837,12
"956",3.68089939245604,-0.22165681500328,-0.942263072290298,-0.227957428111823,0.245307385878803,12
"957",3.37895743186102,0.247836753783195,-0.996999329564353,-0.0627258810716531,0.0453629881292538,12
"958",3.20442450666159,0.0453785605518526,-0.174196096402109,-0.863916370153928,-0.472550764869054,12
"959",4.51342144565734,-0.492182849062401,-0.896908588334648,-0.395583821668428,-0.197657340379126,12
"960",3.55698101556444,-0.198967534727354,-0.926555643169547,0.328110561729463,0.18395135061272,12
"961",2.8012534494509,0.185004900711399,-0.669468129304076,0.71791667422445,-0.190808995376545,12
"962",2.32128790515246,-0.191986217719376,-0.650447484042728,0.737787848029833,0.18051914525056,12
"963",2.29336263712055,0.18151424220741,-0.887877536856856,-0.442679410080611,0.125333233564304,12
"964",3.60410490536829,0.125663706143592,-0.615353111524956,0.733349281373892,-0.289031796944472,12
"965",2.26892802759263,-0.293215314335047,-0.446336545017437,0.801908499484974,-0.397147890634781,12
"966",2.07868713912525,-0.408407044966673,-0.935594720912792,-0.248942506956551,0.250380004054441,12
"967",3.40164671213695,0.253072741539178,-0.198006380922274,0.973232455387078,0.116670737099333,12
"968",1.77150919077424,0.11693705988362,0.63728937517126,0.730538526518029,-0.245307385878803,12
"969",0.853466004225227,-0.247836753783195,0.783801259581825,0.601431859689037,-0.154710386299468,12
"970",0.654498469497874,-0.155334303427495,0.42455430327637,0.874335078911492,0.23514211310259,12
"971",1.11875605052837,0.237364778271229,-0.292704073070137,0.900850506952103,0.320612990585676,12
"972",1.88495559215388,0.32637657012294,0.543383717185225,0.820963243560724,0.175366726091987,12
"973",0.986111027376796,0.176278254451427,0.855789649503515,-0.460795250027927,-0.23514211310259,12
"974",5.78925712886519,-0.237364778271229,-0.112020260841861,0.939430129040349,0.323917418198149,12
"975",1.68947871593051,0.329867228626928,0.393645151000048,0.901018150950773,-0.182235525492147,12
"976",1.15889862332423,-0.183259571459405,0.977124125653617,-0.0238803992584323,-0.211324796455389,12
"977",6.25875069765167,-0.212930168743308,0.814417453599952,-0.493228741858465,0.305695304963106,12
"978",5.73864258055736,0.310668606854991,0.116372151357489,-0.990628910259702,0.0714974443326859,12
"979",4.82932604026831,0.0715584993317675,0.678285230429917,-0.719778802245629,-0.147809411129611,12
"980",5.46811654649823,-0.148352986419518,-0.285551338972,-0.933996344788218,-0.214735327167063,12
"981",4.41568300754565,-0.216420827247297,-0.459456645076044,-0.835748534811735,-0.300705799504273,12
"982",4.20973415581032,-0.305432619099008,-0.601302964771232,-0.755941430568233,0.258819045102521,12
"983",4.04043721836687,0.261799387799149,-0.680772279537162,-0.709902769125311,-0.18051914525056,12
"984",3.94793476801117,-0.18151424220741,-0.790396203180833,-0.584862424204124,-0.182235525492147,12
"985",3.77863783056772,-0.183259571459405,-0.892415999967255,-0.410465499094102,-0.187381314585725,12
"986",3.57268897883239,-0.188495559215388,-0.977444238581349,0.161814844383808,-0.135715572434304,12
"987",2.97753170390233,-0.136135681655558,-0.884954266577325,-0.437371640471622,0.159881187691835,12
"988",3.6006142468643,0.160570291183478,-0.623195888264612,0.769582830382306,-0.139173100960065,12
"989",2.25147473507268,-0.139626340159546,-0.528039475969074,0.822506013486463,-0.211324796455389,12
"990",2.14151899219704,-0.212930168743308,-0.293945023371992,0.863457833111125,-0.409923033841573,12
"991",1.89891822616983,-0.422369678982628,-0.259637571577628,0.955625020284856,0.139173100960065,12
"992",1.83608637309803,0.139626340159546,0.648837146561505,0.749038089391307,0.133986185418292,12
"993",0.856956662729216,0.134390352403563,0.67467430671322,0.703543861860888,-0.223250116010951,12
"994",0.80634211442138,-0.225147473507269,0.812585156027327,0.558474304979903,-0.166768746716102,12
"995",0.602138591938044,-0.167551608191456,0.119828629984708,0.975925874585047,0.182235525492147,12
"996",1.44862327915529,0.183259571459405,0.973311218354383,0.0971493749172225,-0.207911690817759,12
"997",0.0994837673636768,-0.20943951023932,0.838185794452417,0.509624951100638,0.194234351219972,12
"998",0.546288055874225,0.195476876223365,0.975695474122106,-0.0579669921656139,0.211324796455389,12
"999",6.22384411261178,0.212930168743308,-0.303525655102222,0.852399068259176,-0.425779291565073,12
"1000",1.91288086018578,-0.439822971502571,0.933411059298027,-0.243135369459292,0.263873049965373,12
"1001",6.02836723638841,0.267035375555132,0.834380428577073,-0.426974036954729,0.348572047321815,12
"1002",5.81020107988912,0.356047167406843,0.845086823362401,-0.455032371906461,-0.280666708920788,12
"1003",5.78925712886519,-0.284488668075076,0.173348936691582,0.97317537494844,0.151260820247219,12
"1004",1.39451807234347,0.151843644923507,0.951193238175141,0.138764086593408,0.275637355816999,12
"1005",0.144862327915529,0.279252680319093,0.947310614402654,-0.252059865179518,-0.197657340379126,12
"1006",6.02313124863243,-0.198967534727354,0.66465856513449,-0.688274092517309,-0.290702193598252,12
"1007",5.48033385126219,-0.294960643587042,0.208352667065024,-0.971878360236642,-0.109734311091045,12
"1008",4.923573819876,-0.109955742875643,-0.682933039853119,-0.71464860409513,-0.151260820247219,12
"1009",3.94968009726317,-0.151843644923507,-0.754907856082513,-0.617884920722746,-0.219846204352837,12
"1010",3.82750704962357,-0.22165681500328,0.0133086200013153,-0.953097754588282,-0.302369890750444,12
"1011",4.72635161440064,-0.307177948351002,-0.84189953440148,-0.51996775016066,0.144356201000973,12
"1012",3.694862026472,0.144862327915529,-0.89019593020032,-0.430337526734492,-0.14953534344371,12
"1013",3.59188760060433,-0.150098315671512,-0.949611051268316,-0.310380734509984,0.043619387365336,12
"1014",3.45749724820077,0.0436332312998582,-0.926178467308381,-0.236079931022481,-0.294040325232304,12
"1015",3.39117473662498,-0.29845130209103,-0.177274323351575,-0.956486656209225,-0.231747903494157,12
"1016",4.52912940892528,-0.23387411976724,-0.917640747821561,0.0384605426339597,-0.395545502562965,12
"1017",3.09970475154193,-0.406661715714679,-0.860882394703138,0.459668389954325,-0.218143241396543,12
"1018",2.65115513377939,-0.219911485751285,-0.328120589979405,-0.936965324004248,-0.120136838834647,12
"1019",4.37554043474978,-0.120427718387609,-0.9726277197314,-0.0169772799988955,-0.231747903494157,12
"1020",3.15904594610974,-0.23387411976724,-0.977343084581625,-0.154795937456516,-0.144356201000973,12
"1021",3.29867228626928,-0.144862327915529,-0.388251738291462,0.884462147073507,-0.258819045102521,12
"1022",1.98443935951755,-0.261799387799149,-0.96013148466995,0.230507175393311,-0.158158067254484,12
"1023",2.90597320457056,-0.158824961931484,-0.87354206799637,0.466428025969479,0.139173100960065,12
"1024",2.65115513377939,0.139626340159546,-0.626259379443611,0.765139445277836,0.14953534344371,12
"1025",2.25671072282867,0.150098315671512,-0.15535665306397,0.969923993564901,0.187381314585725,12
"1026",1.72962128872638,0.188495559215388,0.347475353388561,0.914735323857348,0.20620418539663,12
"1027",1.20776784238008,0.207694180987325,0.71750272756097,0.657470116706647,-0.230049737188104,12
"1028",0.74176493209759,-0.232128790515246,0.78266325827431,0.59192357323597,0.192521966525907,12
"1029",0.647517152489896,0.193731546971371,0.839602180608184,0.51048612738178,-0.185666615385577,12
"1030",0.546288055874225,-0.186750229963393,0.162438151263014,0.921232534070244,-0.353474843779257,12
"1031",1.39626340159546,-0.361283155162826,0.954485082967761,0.132445750188829,0.267238376078257,12
"1032",0.137881010907552,0.270526034059121,-0.682520291180786,0.668373249962656,-0.295708050044047,12
"1033",2.36666646570431,-0.300196631343025,0.978369944448779,-0.0838758918864598,-0.189095442989891,12
"1034",6.19766417383186,-0.190240888467382,0.57295121573537,0.81221012389451,-0.109734311091045,12
"1035",0.956440430092892,-0.109955742875643,0.825167370970877,0.513621452560793,-0.23514211310259,12
"1036",0.556760031386191,-0.237364778271229,0.939683614235566,-0.26059732987838,-0.221548497619467,12
"1037",6.01265927312047,-0.223402144255274,0.938555559731816,-0.304955187365767,-0.161603821103361,12
"1038",5.96902604182061,-0.162315620435473,-0.611030924419894,0.779276624422759,0.139173100960065,12
"1039",2.23576677180474,0.139626340159546,0.926830079975809,-0.299357959121184,0.226651307436855,12
"1040",5.9707713710726,0.228638132011257,0.867477780129533,-0.281860616808484,-0.409923033841573,12
"1041",5.96902604182061,-0.422369678982628,0.814404090560549,-0.347372782187661,-0.46484204572462,12
"1042",5.8800142499689,-0.483456202802429,0.790636915333315,-0.582907806652429,0.187381314585725,12
"1043",5.64788545945365,0.188495559215388,0.966012645498348,-0.16859619596472,0.195946144242518,12
"1044",6.11039771123215,0.197222205475359,0.422022859999383,0.888778078885516,0.17880221511635,12
"1045",1.12748269678834,0.179768912955416,0.765860078980292,0.63357455788066,-0.109734311091045,12
"1046",0.691150383789754,-0.109955742875643,0.962566750610308,-0.208114297952994,-0.17364817766693,12
"1047",6.07025513843628,-0.174532925199433,-0.209439010686753,-0.929354183649502,-0.30403306092549,12
"1048",4.49073216538141,-0.308923277602996,0.434478770563738,-0.845404254780708,0.310676429630732,12
"1049",5.18711853692715,0.315904594610974,0.36012445556407,-0.904952795090355,-0.226651307436855,12
"1050",5.09112542806746,-0.228638132011257,-0.779279802674528,-0.626557047709257,-0.0122170008352472,12
"1051",3.81878040336359,-0.0122173047639603,-0.877362508991992,-0.458674035294944,-0.140901231937583,12
"1052",3.62330352714023,-0.141371669411541,-0.92169326338416,-0.387444172026846,0.0191974423996897,12
"1053",3.5395277230445,0.0191986217719376,0.424024583377783,-0.881058006477118,-0.209618562903822,12
"1054",5.16093859814723,-0.211184839491314,0.0194311364121516,-0.927632764075803,0.372987782575809,12
"1055",4.73333293140862,0.382227106186758,-0.720326877301819,0.632822624286871,-0.284015344703923,12
"1056",2.42077167251613,-0.287979326579064,-0.720120732469902,0.683369058870703,0.120136838834647,12
"1057",2.38237442897226,0.120427718387609,-0.292489442279633,0.939075483841931,0.18051914525056,12
"1058",1.87273828738992,0.18151424220741,-0.803837840626618,-0.518038137837609,-0.292371704722737,12
"1059",3.71406064824393,-0.296705972839036,-0.923594139188609,-0.332514350577305,-0.190808995376545,12
"1060",3.48716784548467,-0.191986217719376,0.27318525124755,0.946472505135741,0.17192910027941,12
"1061",1.28979831722381,0.172787595947439,-0.937234786386469,0.333734295490863,-0.101056297182946,12
"1062",2.7995081201989,-0.101229096615671,0.743228723672658,0.648359739733715,0.165047605860678,12
"1063",0.717330322569669,0.165806278939461,0.801702626101904,0.422689843909905,-0.422618261740699,12
"1064",0.485201532054424,-0.436332312998582,0.888350935632053,0.397378577154506,0.230049737188104,12
"1065",0.420624349730633,0.232128790515246,0.967027493681318,0.12559494284001,0.221548497619467,12
"1066",0.12915436464758,0.223402144255274,0.928646527263909,0.21952273678946,0.299040792256087,12
"1067",0.232128790515246,0.303687289847013,0.840550819895324,-0.505053885966428,0.195946144242518,12
"1068",5.74213323906134,0.197222205475359,0.943859250191933,-0.321315898377903,-0.0767190281268186,12
"1069",5.95506340780465,-0.0767944870877505,0.762099184055789,-0.608375785895574,0.221548497619467,12
"1070",5.60948821590977,0.223402144255274,0.77468753193016,0.596589713251992,0.209618562903822,12
"1071",0.656243798749868,0.211184839491314,0.983654512913788,0.0326311809514243,-0.177084740319583,12
"1072",0.0331612557878923,-0.178023583703422,0.772737701140902,0.605903753640733,0.189095442989891,12
"1073",0.66497044500984,0.190240888467382,-0.25770990301229,-0.955115361961805,0.146083028562412,12
"1074",4.44884426333355,0.146607657167524,0.936391218751687,-0.329755402381142,0.120136838834647,12
"1075",5.94459143229269,0.120427718387609,0.87765112153527,-0.431857890618179,0.207911690817759,12
"1076",5.82590904315707,0.20943951023932,-0.372029430663924,-0.868009695442854,-0.328866646738583,12
"1077",4.30747259392201,-0.335103216382911,-0.52218662853396,-0.835673292246428,-0.170209499166033,12
"1078",4.1538836197465,-0.171042266695444,0.891408143712349,-0.289636063274556,0.348572047321815,12
"1079",5.96902604182061,0.356047167406843,-0.734938282138462,-0.621071001189791,-0.272280247040574,12
"1080",3.84321501289151,-0.275762021815104,-0.8612619260549,-0.469575245870521,-0.194234351219972,12
"1081",3.64075681966017,-0.195476876223365,0.261685913729347,-0.943608920791674,-0.202787295356512,12
"1082",4.98291501444381,-0.204203522483337,-0.351209694747889,-0.919727275715401,-0.175366726091987,12
"1083",4.34761516671788,-0.176278254451427,-0.873345783568631,-0.407247827095431,-0.267238376078257,12
"1084",3.57792496658838,-0.270526034059121,-0.963063289069262,0.118249303070076,0.241921895599668,12
"1085",3.01941960595019,0.244346095279206,-0.177347763278389,-0.956882902595629,-0.230049737188104,12
"1086",4.52912940892528,-0.232128790515246,-0.7728145237733,-0.513456741989264,-0.372987782575809,12
"1087",3.72802328225989,-0.382227106186758,-0.859005785155571,0.495947221295015,0.12706460860135,12
"1088",2.61799387799149,0.127409035395586,-0.801699131592737,-0.528623178790392,-0.278991106039229,12
"1089",3.7245326237559,-0.282743338823081,-0.209704344789832,0.969921008496999,-0.123601476740493,12
"1090",1.7837264955382,-0.123918376891597,-0.138222639078793,0.983505181049288,-0.116670737099333,12
"1091",1.71042266695444,-0.11693705988362,0.261685913729347,0.943608920791674,0.202787295356512,12
"1092",1.30027029273578,0.204203522483337,0.237916768706507,0.940237915211225,-0.243615011786023,12
"1093",1.3229595730117,-0.2460914245312,0.467856659179212,0.868904109477254,0.161603821103361,12
"1094",1.0768681484805,0.162315620435473,-0.983078813868923,0.103325746937582,0.151260820247219,12
"1095",3.03687289847013,0.151843644923507,-0.572189244919531,0.799225480453529,0.18395135061272,12
"1096",2.19213354050488,0.185004900711399,0.509999238040494,0.8421088341645,0.175366726091987,12
"1097",1.02625360017267,0.176278254451427,0.73389706239308,0.653878430917066,0.18395135061272,12
"1098",0.727802298081635,0.185004900711399,0.596736973298685,0.78902771400272,-0.146083028562412,12
"1099",0.923279174305,-0.146607657167524,0.841885253853993,0.308086252865722,-0.44307119082418,12
"1100",0.35081117965086,-0.459021593274509,0.75489860519638,0.644744318181539,-0.120136838834647,12
"1101",0.706858347057703,-0.120427718387609,0.874309481131432,0.378347497768867,0.30403306092549,12
"1102",0.408407044966673,0.308923277602996,0.869126451091823,-0.456301588092708,0.190808995376545,12
"1103",5.79972910437716,0.191986217719376,0.783941246935514,-0.59504379342964,0.177084740319583,12
"1104",5.6339228254377,0.178023583703422,0.719567964460413,-0.671007982360705,-0.17880221511635,12
"1105",5.53269372882202,-0.179768912955416,0.215680529748039,-0.972871999608817,-0.0836778433323155,12
"1106",4.93055513688398,-0.0837758040957278,-0.0786850324512135,-0.95706458947093,-0.278991106039229,12
"1107",4.63035850554096,-0.282743338823081,-0.0776174126728513,-0.986222736513414,-0.146083028562412,12
"1108",4.63384916404495,-0.146607657167524,0.153386817497765,-0.97950773216062,-0.130526192220052,12
"1109",4.86772328381219,-0.130899693899575,-0.160794929199262,-0.971283430376315,0.175366726091987,12
"1110",4.54832803069722,0.176278254451427,-0.536155011292772,-0.813121755152826,0.226651307436855,12
"1111",4.12944901021858,0.228638132011257,0.970172555262355,0.11568607322944,-0.213030386274977,12
"1112",0.118682389135614,-0.214675497995303,0.286373442047288,-0.942565985046724,-0.17192910027941,12
"1113",5.00734962397173,-0.172787595947439,-0.246849607396096,-0.940934737670183,-0.231747903494157,12
"1114",4.45582558034152,-0.23387411976724,0.242287244894365,-0.957509868935603,-0.156434465040231,12
"1115",4.96022573416788,-0.15707963267949,-0.234588619788758,-0.92708519875097,-0.292371704722737,12
"1116",4.4645522266015,-0.296705972839036,-0.873272006638779,-0.456535572343196,-0.170209499166033,12
"1117",3.62330352714023,-0.171042266695444,0.652760020914503,-0.724963448407813,-0.219846204352837,12
"1118",5.44542726622231,-0.22165681500328,-0.918128625676225,-0.312556479290356,-0.243615011786023,12
"1119",3.46971455296473,-0.2460914245312,-0.967786606723751,-0.139460180454004,0.209618562903822,12
"1120",3.28470965225333,0.211184839491314,-0.992743733457437,0.00519804153571906,0.120136838834647,12
"1121",3.13635666583381,0.120427718387609,-0.846551409128526,-0.436937763951325,-0.30403306092549,12
"1122",3.61806753938425,-0.308923277602996,-0.968940002708335,0.236202111830242,0.0732381971276317,12
"1123",2.90248254606657,0.0733038285837618,-0.623040015869137,0.739883804516547,0.253757944584806,12
"1124",2.27067335684462,0.256563400043166,-0.47820939945162,-0.845232252041845,0.238533457578581,12
"1125",4.19751685104636,0.240855436775218,-0.977288255812221,-0.139088715839048,0.159881187691835,12
"1126",3.28296432300133,0.160570291183478,-0.496383407185474,0.856306312216002,-0.142628933705512,12
"1127",2.09614043164519,-0.143116998663535,-0.982311867075449,0.0497617724840269,0.18051914525056,12
"1128",3.09097810528196,0.18151424220741,-0.886958413401427,-0.400477079638906,-0.230049737188104,12
"1129",3.56570766182442,-0.232128790515246,-0.877136412282765,0.397886722985289,-0.268919820615266,12
"1130",2.71573231610318,-0.272271363311115,-0.990952959470134,0.0692941812417334,0.114937150492867,12
"1131",3.07177948351002,0.115191730631626,-0.756475763289737,0.570045375231585,-0.320612990585676,12
"1132",2.49582083035189,-0.32637657012294,0.413073806240921,0.88583963616488,-0.211324796455389,12
"1133",1.13446401379631,-0.212930168743308,-0.7871278115976,0.578202860141687,0.214735327167063,12
"1134",2.50803813511585,0.216420827247297,-0.576247261035719,0.798986532193093,0.17192910027941,12
"1135",2.19562419900887,0.172787595947439,0.694970575637656,0.699839400718139,0.165047605860678,12
"1136",0.788888821901437,0.165806278939461,0.769683167142392,0.594878753565565,0.231747903494157,12
"1137",0.657989128001862,0.23387411976724,0.716068933120476,0.686685418211293,-0.125333233564304,12
"1138",0.764454212373516,-0.125663706143592,0.874971109722382,-0.459370102474745,-0.152985836284038,12
"1139",5.79972910437716,-0.153588974175501,0.939515462693971,0.296228087520487,-0.17192910027941,12
"1140",0.305432619099008,-0.172787595947439,0.699529453347098,0.682642200792625,-0.211324796455389,12
"1141",0.773180858633488,-0.212930168743308,0.666225282160664,0.677955772511632,-0.310676429630732,12
"1142",0.79412480965742,-0.315904594610974,0.266736796951512,-0.930221758392564,-0.252069358243114,12
"1143",4.99164166070378,-0.254818070791172,0.242460945173379,-0.951212183137404,-0.190808995376545,12
"1144",4.96197106341988,-0.191986217719376,0.161529399871742,-0.955019158446053,-0.248689887164855,12
"1145",4.87994058857615,-0.251327412287183,0.771930145404958,-0.489881766630046,-0.405141586779863,12
"1146",5.71769862953342,-0.417133691226645,-0.0249377703496773,-0.952335027957212,-0.30403306092549,12
"1147",4.68620904160477,-0.308923277602996,-0.0594355701423546,-0.971762981967084,-0.228350870110656,12
"1148",4.65130245656489,-0.230383461263251,-0.201559021852113,-0.948260643042475,-0.245307385878803,12
"1149",4.50294947014537,-0.247836753783195,-0.0496801783092574,-0.980701174325603,0.189095442989891,12
"1150",4.66177443207685,0.190240888467382,-0.434391002721887,-0.882799085083214,0.17880221511635,12
"1151",4.25511271636218,0.179768912955416,-0.538378038689147,-0.783344907131672,-0.310676429630732,12
"1152",4.11025038844665,-0.315904594610974,-0.138983434345575,-0.929959873744169,-0.34037955021305,12
"1153",4.56403599396517,-0.347320521146872,-0.868961711192638,-0.465933181475523,-0.166768746716102,12
"1154",3.63377550265219,-0.167551608191456,-0.988607931509567,-0.0362506072005509,0.146083028562412,12
"1155",3.17824456788167,0.146607657167524,-0.967044296403318,-0.196747385747828,0.161603821103361,12
"1156",3.34230551756914,0.162315620435473,-0.608750417126656,0.776368185660625,-0.163325962241622,12
"1157",2.23576677180474,-0.164060949687467,-0.80614457131921,0.577142827450105,-0.130526192220052,12
"1158",2.52025543987981,-0.130899693899575,-0.675308513673996,-0.734392491516042,0.0680152906652482,12
"1159",3.96887871903511,0.0680678408277788,-0.436068720026859,0.882318007387406,-0.177084740319583,12
"1160",2.02981792006941,-0.178023583703422,-0.91746346749448,0.0899580795131145,-0.387515586452103,12
"1161",3.04385421547811,-0.397935069454707,-0.85023790815058,0.446384881346505,0.278991106039229,12
"1162",2.65813645078736,0.282743338823081,-0.719386857052044,0.675549224635463,0.161603821103361,12
"1163",2.38761041672824,0.162315620435473,-0.89366574590379,-0.418623625232756,-0.161603821103361,12
"1164",3.57967029584037,-0.162315620435473,0.386943430671965,0.853012058280067,-0.350207381259467,12
"1165",1.14493598930828,-0.357792496658838,0.561081989089971,0.789519057110576,-0.248689887164855,12
"1166",0.952949771588904,-0.251327412287183,-0.790483396289179,0.593511722250929,-0.151260820247219,12
"1167",2.49756615960389,-0.151843644923507,0.88469319672723,0.435323021196095,-0.166768746716102,12
"1168",0.457276264022514,-0.167551608191456,0.165761859810006,0.921265683872025,-0.351841648404702,12
"1169",1.39277274309147,-0.359537825910832,0.823469520633868,-0.50660182919097,-0.255445757935791,12
"1170",5.73166126354938,-0.258308729295161,-0.0936811619130781,-0.972916065396036,-0.211324796455389,12
"1171",4.616395871525,-0.212930168743308,-0.415362407018523,-0.882690045977312,-0.219846204352837,12
"1172",4.27256600888212,-0.22165681500328,-0.64485563636066,-0.739211894560717,0.194234351219972,12
"1173",3.99505865781502,0.195476876223365,-0.888463501028172,-0.390008209875416,0.241921895599668,12
"1174",3.55523568631245,0.244346095279206,0.350896769644527,-0.933545726536483,-0.0732381971276317,12
"1175",5.07192680629552,-0.0733038285837618,-0.9665471746415,-0.201922225014634,0.158158067254484,12
"1176",3.34754150532512,0.158824961931484,-0.98624302693789,-0.0534130130582876,0.156434465040231,12
"1177",3.19569786040162,0.15707963267949,-0.896892193465172,0.429718737860167,-0.104528463267653,12
"1178",2.69478836507925,-0.10471975511966,-0.741798156308976,-0.640302992358168,0.199367934417197,12
"1179",3.85368698840348,0.200712863979348,-0.924919470138458,0.314868271317275,0.213030386274977,12
"1180",2.81347075421486,0.214675497995303,-0.670100080594099,0.733853227246814,0.111468932206325,12
"1181",2.31081592964049,0.111701072127637,-0.548749940444032,0.822815824376385,-0.147809411129611,12
"1182",2.15897228471699,-0.148352986419518,-0.258205935881426,-0.950355725540995,0.17364817766693,12
"1183",4.44709893408155,0.174532925199433,-0.987373743219324,0.109007076089766,0.114937150492867,12
"1184",3.03163691071415,0.115191730631626,0.28380600165421,0.958113004576449,-0.0383878090875199,12
"1185",1.28281700021583,-0.0383972435438752,0.463652872970651,0.850399525757155,-0.248689887164855,12
"1186",1.07163216072452,-0.251327412287183,0.560781749477884,0.825165286284054,-0.0680152906652482,12
"1187",0.973893722612836,-0.0680678408277788,-0.902069588036438,0.360802093824262,0.236838146065619,12
"1188",2.76111087665503,0.239110107523223,0.64894237473895,0.757134059986522,-0.0749787268263277,12
"1189",0.862192650485199,-0.0750491578357562,0.864909217299221,0.471563813611648,-0.17192910027941,12
"1190",0.499164166070378,-0.172787595947439,0.881548597672949,-0.359753318906679,0.305695304963106,12
"1191",5.89572221323685,0.310668606854991,0.867259520533733,-0.421118596726542,-0.265556117486809,12
"1192",5.83114503091306,-0.268780704807127,0.836929058242377,-0.504867885562764,-0.211324796455389,12
"1193",5.74038790980935,-0.212930168743308,0.738622567824638,-0.532711396874028,-0.413104429824542,12
"1194",5.65835743496562,-0.425860337486616,0.654215906702838,-0.640655548839088,-0.40194777665596,12
"1195",5.5082591192941,-0.413643032722656,0.457532307221237,0.886452605737947,-0.0697564737441253,12
"1196",1.09432144100044,-0.0698131700797732,0.837748281412795,-0.481726627533057,0.257132793154696,12
"1197",5.76133186083328,0.260054058547155,0.322877421423322,-0.901761666055244,-0.287360519849712,12
"1198",5.05621884302757,-0.291469985083053,-0.182249403371358,-0.973841074492965,-0.135715572434304,12
"1199",4.52738407967329,-0.136135681655558,-0.503687430117183,-0.84830631425199,0.163325962241622,12
"1200",4.17657290002243,0.164060949687467,-0.546065606478064,-0.80050224305478,-0.246999012722743,12
"1201",4.11374104695063,-0.249582083035189,-0.720072485547905,-0.623746353433139,-0.30403306092549,12
"1202",3.85543231765547,-0.308923277602996,-0.803589328485207,-0.498246493161824,-0.325568154457157,12
"1203",3.69660735572399,-0.331612557878923,-0.945454373806823,-0.28185219017669,0.163325962241622,12
"1204",3.43131730942085,0.164060949687467,-0.296538729192721,-0.901927668765253,0.313992455967405,12
"1205",4.39473905652172,0.319395253114962,-0.884369892793971,0.448666454085671,-0.128795596577563,12
"1206",2.67209908480332,-0.12915436464758,0.182113134979477,0.982594547450868,-0.0366437087065563,12
"1207",1.38753675533549,-0.0366519142918809,0.24718803785842,0.962733844273212,0.109734311091045,12
"1208",1.31946891450771,0.109955742875643,-0.128324886820156,0.988046898008561,0.0854169231373675,12
"1209",1.69995069144248,0.0855211333477222,-0.304727139326853,0.943453381838343,0.130526192220052,12
"1210",1.88321026290188,0.130899693899575,0.851484248397288,0.505574349330012,-0.139173100960065,12
"1211",0.535816080362259,-0.139626340159546,0.835203579340973,0.546541907703964,-0.0610485395348569,12
"1212",0.579449311662117,-0.0610865238198015,0.973382647435735,0.0339912710583705,0.226651307436855,12
"1213",0.0349065850398866,0.228638132011257,0.526854325767363,0.830189576343149,-0.182235525492147,12
"1214",1.00530964914873,-0.183259571459405,0.858945997678369,-0.435768175929089,-0.268919820615266,12
"1215",5.81369173839311,-0.272271363311115,-0.520183154803899,-0.832467064058186,-0.190808995376545,12
"1216",4.1538836197465,-0.191986217719376,-0.499359401494321,-0.847744039205656,0.17880221511635,12
"1217",4.18006355852642,0.179768912955416,-0.722075212548483,-0.652445021318078,0.230049737188104,12
"1218",3.87637626867941,0.232128790515246,-0.0995210249564723,-0.979766235376872,0.17364817766693,12
"1219",4.61115988376902,0.174532925199433,-0.533311750778169,-0.790667185752906,0.300705799504273,12
"1220",4.11897703470662,0.305432619099008,-0.99354071721925,0.0747047017877949,-0.0854169231373675,12
"1221",3.06654349575404,-0.0855211333477222,-0.86984055574179,0.47622379391316,-0.128795596577563,12
"1222",2.64068315826742,-0.12915436464758,-0.771175014700222,0.620040630874042,0.144356201000973,12
"1223",2.46440490381599,0.144862327915529,0.109420933963614,0.975509603486262,0.190808995376545,12
"1224",1.45909525466726,0.191986217719376,-0.917732343171914,-0.287599883153003,0.273959218692432,12
"1225",3.44527994343681,0.277507351067098,-0.967668679631039,-0.228747182724004,0.106264071336233,12
"1226",3.37372144410504,0.106465084371654,0.721696186880364,0.677717829690804,-0.140901231937583,12
"1227",0.75398223686155,-0.141371669411541,-0.971319984002733,0.167776093799835,0.168489379565003,12
"1228",2.97055038689435,0.16929693744345,-0.808114440021773,0.559564967127189,-0.18395135061272,12
"1229",2.53596340314776,-0.185004900711399,0.827949867615742,0.531534368206386,-0.17880221511635,12
"1230",0.570722665402146,-0.179768912955416,0.270420749809787,0.955646669631099,0.116670737099333,12
"1231",1.29503430497979,0.11693705988362,0.668263895120953,0.724190646771567,0.170209499166033,12
"1232",0.825540736193318,0.171042266695444,0.766510846405113,-0.631862780815501,-0.114937150492867,12
"1233",5.59378025264183,-0.115191730631626,0.380941849289126,-0.910670804013409,-0.159881187691835,12
"1234",5.1085787205874,-0.160570291183478,0.646911026800848,-0.760117885083711,-0.0610485395348569,12
"1235",5.4175019981904,-0.0610865238198015,0.048107632027581,-0.983632027810021,0.17364817766693,12
"1236",4.76125819944053,0.174532925199433,-0.467149834462085,-0.853266629716708,-0.231747903494157,12
"1237",4.21147948506232,-0.23387411976724,-0.814397156128413,-0.574493997264931,0.0819385086300409,12
"1238",3.7559485502918,0.0820304748437335,-0.829020729460418,-0.538372356629735,-0.151260820247219,12
"1239",3.71755130674792,-0.151843644923507,-0.135776717989666,-0.954016945972665,-0.267238376078257,12
"1240",4.57101731097315,-0.270526034059121,-0.721062487844664,-0.66305094694969,-0.201077921145965,12
"1241",3.88510291493938,-0.202458193231342,-0.808993303897263,-0.581320660870999,-0.0871557427476582,12
"1242",3.76467519655177,-0.0872664625997165,-0.883274303521848,0.432711616363603,0.18051914525056,12
"1243",2.68606171881927,0.18151424220741,-0.83860273029228,-0.455324132144548,0.299040792256087,12
"1244",3.63901149040818,0.303687289847013,-0.0715841779414053,0.974791021640814,0.211324796455389,12
"1245",1.64410015537866,0.212930168743308,-0.989017703487171,0.022443951412255,-0.146083028562412,12
"1246",3.11890337331387,-0.146607657167524,0.340699859356187,0.916114313957468,0.211324796455389,12
"1247",1.21474915938805,0.212930168743308,0.554376861421906,0.824999803932928,-0.109734311091045,12
"1248",0.979129710368819,-0.109955742875643,0.0590333387964561,0.993644129774023,0.095845752520224,12
"1249",1.51145513222709,0.0959931088596881,0.881348863299175,0.460758050964011,-0.104528463267653,12
"1250",0.481710873550435,-0.10471975511966,0.901197150807849,0.389982831437837,-0.189095442989891,12
"1251",0.408407044966673,-0.190240888467382,0.800525486941234,-0.596693308440608,-0.0558215049931638,12
"1252",5.64264947169767,-0.0558505360638185,0.0473987228622493,-0.969137326440629,0.241921895599668,12
"1253",4.76125819944053,0.244346095279206,0.564377522559408,-0.797098959537747,-0.214735327167063,12
"1254",5.32849020633869,-0.216420827247297,0.0957751061889288,-0.994662508164432,0.0383878090875199,12
"1255",4.80838208924438,0.0383972435438752,-0.191155718469413,-0.923056050315975,-0.333806859233771,12
"1256",4.50818545790135,-0.340339204138894,-0.223101793945465,-0.936483309074956,-0.270600445975864,12
"1257",4.47851486061745,-0.27401669256311,-0.266245240673669,-0.928507497929252,-0.258819045102521,12
"1258",4.4331363000656,-0.261799387799149,-0.31094952338639,-0.892925400416596,-0.325568154457157,12
"1259",4.37728576400178,-0.331612557878923,-0.699670870278474,-0.702117454931808,-0.132256390257122,12
"1260",3.92873614623924,-0.132645023151569,-0.43126273054022,-0.835556233322303,-0.34037955021305,12
"1261",4.23591409459024,-0.347320521146872,-0.712514715013724,-0.643806448895876,0.278991106039229,12
"1262",3.87637626867941,0.282743338823081,-0.300197289712663,-0.897195125620406,-0.323917418198149,12
"1263",4.38950306876574,-0.329867228626928,-0.973856789687549,0.154243762590912,-0.166768746716102,12
"1264",2.9845130209103,-0.167551608191456,-0.909466363881919,0.276317008233845,-0.310676429630732,12
"1265",2.84663201000275,-0.315904594610974,-0.930676466768389,0.342422266369664,0.128795596577563,12
"1266",2.78903614468694,0.12915436464758,-0.889231172135043,0.416546319085638,-0.189095442989891,12
"1267",2.70351501133922,-0.190240888467382,-0.986347820197497,-0.0689721585338414,-0.14953534344371,12
"1268",3.21140582366957,-0.150098315671512,-0.527358360989962,0.784792033533306,-0.325568154457157,12
"1269",2.16246294322097,-0.331612557878923,-0.92961191123298,-0.137273143962155,-0.342020143325669,12
"1270",3.28820031075732,-0.349065850398866,0.604602354919817,0.733441305420762,-0.310676429630732,12
"1271",0.881391272257136,-0.315904594610974,-0.135801200036487,0.942395041684836,0.305695304963106,12
"1272",1.71391332545843,0.310668606854991,0.821964147635618,0.544046201140539,-0.168489379565003,12
"1273",0.5846852994181,-0.16929693744345,0.891816323444726,0.410189678710868,-0.190808995376545,12
"1274",0.431096325242599,-0.191986217719376,-0.545387099340698,0.802512746504504,-0.241921895599668,12
"1275",2.16769893097696,-0.244346095279206,0.166207043156789,0.933081013533753,0.31895930929807,12
"1276",1.39451807234347,0.324631240870945,0.908240992581971,0.337771797383539,-0.246999012722743,12
"1277",0.356047167406843,-0.249582083035189,0.944269601695078,0.207611136664747,0.255445757935791,12
"1278",0.216420827247297,0.258308729295161,0.845434351662143,0.364101554870494,-0.390731128489274,12
"1279",0.406661715714679,-0.401425727958696,0.908706240281693,-0.404582084692281,0.102792536787247,12
"1280",5.86430628670095,0.102974425867665,0.974154973726813,0.161270310118256,0.158158067254484,12
"1281",0.164060949687467,0.158824961931484,0.284373114832637,-0.953910647432041,0.095845752520224,12
"1282",5.00211363621575,0.0959931088596881,-0.216898453749812,-0.947028380424336,0.236838146065619,12
"1283",4.48724150687742,0.239110107523223,-0.657366263371745,-0.700023969969369,0.278991106039229,12
"1284",3.95840674352314,0.282743338823081,0.0705745570902819,-0.961042601679325,0.267238376078257,12
"1285",4.78569280896845,0.270526034059121,0.894189767005869,-0.399990412647111,-0.201077921145965,12
"1286",5.86256095744895,-0.202458193231342,-0.525825508346507,-0.844774006514759,0.099319749743639,12
"1287",4.1556289489985,0.0994837673636768,-0.639998802711756,-0.695993469316257,0.325568154457157,12
"1288",3.96887871903511,0.331612557878923,-0.945674474673147,-0.299985613848368,-0.125333233564304,12
"1289",3.4487706019408,-0.125663706143592,-0.918379110558376,-0.272036286038663,-0.287360519849712,12
"1290",3.42957198016886,-0.291469985083053,-0.996054304486134,-0.0644119424897634,-0.0610485395348569,12
"1291",3.20616983591358,-0.0610865238198015,-0.899767725267841,-0.425318255240626,0.0975828997591495,12
"1292",3.58316095434436,0.0977384381116825,-0.678712886601375,0.702827768436025,-0.213030386274977,12
"1293",2.3387411976724,-0.214675497995303,-0.95185326762764,0.285569665859956,0.111468932206325,12
"1294",2.85012266850674,0.111701072127637,-0.483890264843703,0.841510962018341,-0.240228042477264,12
"1295",2.0926497731412,-0.242600766027212,-0.0963274458414401,0.965076550958607,-0.243615011786023,12
"1296",1.67028009415857,-0.2460914245312,0.377866904732118,0.912251406176222,0.158158067254484,12
"1297",1.17809724509617,0.158824961931484,0.304933019065484,0.944090797777377,-0.125333233564304,12
"1298",1.25838239068791,-0.125663706143592,0.908423429073956,0.336036030109045,0.248689887164855,12
"1299",0.354301838154849,0.251327412287183,0.834317845555531,0.515285203692157,-0.195946144242518,12
"1300",0.553269372882202,-0.197222205475359,0.971808331852437,-0.174855917556456,-0.158158067254484,12
"1301",6.10516172347617,-0.158824961931484,0.346572300423701,0.853504652597926,-0.389123950140206,12
"1302",1.18507856210415,-0.399680398706701,0.911788202281886,-0.29978070765668,-0.280666708920788,12
"1303",5.96553538331662,-0.284488668075076,0.226312522444686,-0.942659497707434,0.245307385878803,12
"1304",4.94800842940392,0.247836753783195,0.659711174905594,-0.75093347219748,-0.0296662440851108,12
"1305",5.43320996145835,-0.0296705972839036,-0.803371765209069,-0.577281175538314,-0.146083028562412,12
"1306",3.76467519655177,-0.146607657167524,-0.879532215256925,-0.453960427345022,-0.142628933705512,12
"1307",3.61806753938425,-0.143116998663535,0.964379692298026,-0.212032626841932,-0.158158067254484,12
"1308",6.06676447993229,-0.158824961931484,0.642721815650888,-0.755195578634207,-0.128795596577563,12
"1309",5.4175019981904,-0.12915436464758,0.361153203618011,-0.916840820377287,-0.170209499166033,12
"1310",5.08763476956347,-0.171042266695444,0.180761099707263,-0.956651088408061,0.228350870110656,12
"1311",4.89913921034808,0.230383461263251,-0.453522007145733,-0.785523158727024,-0.421035813367491,12
"1312",4.18879020478639,-0.434586983746588,-0.476955329121935,-0.754468725212674,-0.450877540689431,12
"1313",4.14864763199052,-0.46774823953448,-0.938628213130689,-0.314060606866123,-0.142628933705512,12
"1314",3.46447856520874,-0.143116998663535,-0.751027352597014,-0.576283556358079,0.322265695230511,12
"1315",3.79609112308767,0.328121899374934,-0.654556441195046,0.716830770054982,-0.240228042477264,12
"1316",2.31081592964049,-0.242600766027212,-0.842271185111265,-0.534521547836988,-0.0697564737441253,12
"1317",3.70707933123596,-0.0698131700797732,-0.470203283417748,0.848269177971041,-0.243615011786023,12
"1318",2.07694180987325,-0.2460914245312,-0.917310128881698,0.183296650995792,-0.353474843779257,12
"1319",2.94437044811443,-0.361283155162826,-0.326415324623567,0.937337131980212,-0.121869343405147,12
"1320",1.90589954317781,-0.122173047639603,-0.208625918141567,0.948885092541657,-0.236838146065619,12
"1321",1.78721715404219,-0.239110107523223,-0.777468014781481,0.59873097330666,0.192521966525907,12
"1322",2.48534885483993,0.193731546971371,0.299126167240456,0.942965155686078,0.146083028562412,12
"1323",1.26361837844389,0.146607657167524,0.657582379955235,0.735465868433238,0.163325962241622,12
"1324",0.841248699461267,0.164060949687467,-0.223838799593513,0.969552360168029,0.099319749743639,12
"1325",1.79768912955416,0.0994837673636768,0.299863430382103,0.939596302099543,-0.165047605860678,12
"1326",1.2618730491919,-0.165806278939461,0.473863832681254,0.779369087405161,-0.409923033841573,12
"1327",1.02450827092067,-0.422369678982628,0.963345207466259,0.20300867624702,0.175366726091987,12
"1328",0.207694180987325,0.176278254451427,-0.652097059290402,0.750151855449404,-0.109734311091045,12
"1329",2.28638132011257,-0.109955742875643,0.43452812121035,-0.883077746647116,-0.177084740319583,12
"1330",5.1696652444072,-0.178023583703422,0.911521907745636,-0.396341005535801,-0.109734311091045,12
"1331",5.87303293296092,-0.109955742875643,0.323088443212532,-0.94366412102845,0.0714974443326859,12
"1332",5.04225620901162,0.0715584993317675,-0.338031861113813,-0.938919614271359,0.064532308252958,12
"1333",4.36681378848981,0.0645771823237902,-0.709317896437507,-0.70192855974452,-0.064532308252958,12
"1334",3.92175482923126,-0.0645771823237902,-0.754237480547551,-0.576658096737434,0.313992455967405,12
"1335",3.79434579383567,0.319395253114962,-0.876239443871559,-0.458086911038541,-0.14953534344371,12
"1336",3.62330352714023,-0.150098315671512,-0.912204845027336,-0.387207983938489,0.133986185418292,12
"1337",3.54301838154849,0.134390352403563,-0.65334958169686,-0.741079631664242,-0.154710386299468,12
"1338",3.98982267005904,-0.155334303427495,-0.907665955390285,0.396549505345906,0.137444546037147,12
"1339",2.72969495011913,0.137881010907552,-0.786566092485493,0.603553390593274,-0.130526192220052,12
"1340",2.48709418409192,-0.130899693899575,-0.481550802556664,-0.827387119135947,-0.289031796944472,12
"1341",4.1852995462824,-0.293215314335047,-0.548878813962328,0.789733115727548,-0.273959218692432,12
"1342",2.17817090648892,-0.277507351067098,0.305164995777096,0.912042034034505,-0.273959218692432,12
"1343",1.24791041517595,-0.277507351067098,0.975152471613282,-0.210835427151676,0.0680152906652482,12
"1344",6.07025513843628,0.0680678408277788,0.949092436659131,0.201735825043288,0.241921895599668,12
"1345",0.20943951023932,0.244346095279206,0.589366221056603,-0.799396895529472,-0.116670737099333,12
"1346",5.34768882811063,-0.11693705988362,-0.205596450570419,-0.975625076674499,0.0767190281268186,12
"1347",4.50469479939736,0.0767944870877505,0.954096597023789,-0.273582796764752,-0.121869343405147,12
"1348",6.00393262686049,-0.122173047639603,0.695681897118142,-0.686035533005133,-0.213030386274977,12
"1349",5.50476846079011,-0.214675497995303,-0.0154392774260974,-0.982814086854842,-0.18395135061272,12
"1350",4.69668101711674,-0.185004900711399,-0.808743573613905,-0.547560564143058,-0.214735327167063,12
"1351",3.73674992851986,-0.216420827247297,0.842331483534745,-0.514161333484879,-0.161603821103361,12
"1352",5.73515192205337,-0.162315620435473,-0.859705247987538,0.434268369401848,0.268919820615266,12
"1353",2.67384441405531,0.272271363311115,-0.807150647239049,0.575734961424195,-0.130526192220052,12
"1354",2.52200076913181,-0.130899693899575,-0.937178603061436,0.16187885331719,-0.309016994374947,12
"1355",2.97055038689435,-0.314159265358979,-0.195189652137868,0.950889839732153,-0.240228042477264,12
"1356",1.77325452002624,-0.242600766027212,-0.286624498041597,0.949346138889621,0.128795596577563,12
"1357",1.86401164112994,0.12915436464758,-0.856925497973886,0.394141692019438,-0.332161131883703,12
"1358",2.71049632834719,-0.3385938748869,0.499978398992731,0.855610485359851,0.133986185418292,12
"1359",1.04196156344061,0.134390352403563,0.0101866989901001,0.97272254029078,-0.231747903494157,12
"1360",1.56032435128293,-0.23387411976724,0.996972722461598,-0.073213100226641,0.0261769483078731,12
"1361",6.20988147859582,0.0261799387799149,0.977834823639995,0.139166503960242,-0.156434465040231,12
"1362",0.141371669411541,-0.15707963267949,0.529286613411582,-0.847035643201757,-0.0488497697956133,12
"1363",5.27089434102288,-0.0488692190558412,0.205485875507381,-0.950409815322395,-0.233445363855905,12
"1364",4.925319149128,-0.235619449019234,0.0547202122688009,-0.97874270069488,0.197657340379126,12
"1365",4.76823951644851,0.198967534727354,0.621482393209623,-0.781310449008996,-0.0575640269595673,12
"1366",5.38434074240251,-0.0575958653158129,0.363987962829616,-0.928787810689789,-0.0697564737441253,12
"1367",5.08588944031148,-0.0698131700797732,-0.937332026160041,0.128398516044995,-0.323917418198149,12
"1368",3.00545697193423,-0.329867228626928,-0.784399377015196,0.515254084027036,-0.345298198998535,12
"1369",2.56039801267568,-0.352556508902855,0.164535200152575,0.914448196124986,-0.369746757273829,12
"1370",1.39277274309147,-0.378736447682769,-0.358024707938082,0.927842717745176,-0.104528463267653,12
"1371",1.9390607989657,-0.10471975511966,0.297705855521802,0.944202344006042,0.140901231937583,12
"1372",1.26536370769589,0.141371669411541,0.932267530745208,0.317369755192877,-0.17364817766693,12
"1373",0.328121899374934,-0.174532925199433,-0.00171554494671471,0.982933852053785,0.18395135061272,12
"1374",1.57254165604689,0.185004900711399,0.999692367338443,-0.0191950740588632,0.0157073173118207,12
"1375",6.26398668540765,0.015707963267949,0.802008584516657,-0.563661073834124,0.197657340379126,12
"1376",5.67057473972958,0.198967534727354,0.97690392378982,0.198753349611073,0.0784590957278449,12
"1377",0.200712863979348,0.0785398163397448,0.488459405325713,-0.842636691692224,-0.226651307436855,12
"1378",5.23773308523498,-0.228638132011257,0.576070853511405,0.798741937128379,0.17364817766693,12
"1379",0.945968454580927,0.174532925199433,0.839369229424928,0.54301230682676,-0.0244321781526532,12
"1380",0.574213323906134,-0.0244346095279206,0.314257184618866,-0.923124414755661,-0.221548497619467,12
"1381",5.04051087975962,-0.223402144255274,0.972098522543937,-0.22979435321486,-0.0471064507096427,12
"1382",6.05105651666434,-0.0471238898038469,0.96574510257585,0.152958997567638,-0.209618562903822,12
"1383",0.15707963267949,-0.211184839491314,-0.422586721596326,-0.906240148978769,0.0122170008352472,12
"1384",4.27605666738611,0.0122173047639603,-0.713144592748912,-0.653476621917788,-0.253757944584806,12
"1385",3.88335758568738,-0.256563400043166,-0.0971523475184478,-0.909077398263289,-0.405141586779863,12
"1386",4.60592389601304,-0.417133691226645,-0.49989531011957,-0.862364662690299,-0.0801989243288589,12
"1387",4.1870448755344,-0.0802851455917391,-0.610020686155142,-0.70671576691164,-0.3583679495453,12
"1388",4.000294645571,-0.366519142918809,-0.979463221537163,-0.0994902459330526,0.175366726091987,12
"1389",3.24282175020546,0.176278254451427,-0.421372701009921,0.903636673429581,-0.0767190281268186,12
"1390",2.00712863979348,-0.0767944870877505,0.00348256803986404,0.997678200601561,0.0680152906652482,12
"1391",1.56730566829091,0.0680678408277788,0.0718135778507352,0.933300736356797,-0.351841648404702,12
"1392",1.49400183970715,-0.359537825910832,-0.0537124565303071,0.960717668769032,-0.272280247040574,12
"1393",1.62664686285872,-0.275762021815104,0.262358786186508,0.952487566156016,0.154710386299468,12
"1394",1.30201562198777,0.155334303427495,-0.854384797952633,0.446661578258943,-0.265556117486809,12
"1395",2.65988178003936,-0.268780704807127,0.0921455773380713,0.993299162864753,0.0697564737441253,12
"1396",1.4782938764392,0.0698131700797732,-0.698077797807827,0.66013935746292,-0.277314653302378,12
"1397",2.38411975822425,-0.280998009571087,0.765478514903799,0.6400393842151,-0.0662739004000001,12
"1398",0.696386371545737,-0.0663225115757845,0.351902530407167,0.916737433801789,-0.189095442989891,12
"1399",1.20427718387609,-0.190240888467382,0.832063806422957,0.55282187126499,-0.0453629881292538,12
"1400",0.586430628670095,-0.0453785605518526,-0.175635136310839,0.96645772894483,0.187381314585725,12
"1401",1.75056523975031,0.188495559215388,-0.302367536006236,0.947442701980663,0.104528463267653,12
"1402",1.87971960439789,0.10471975511966,-0.20872241663857,0.933770414732508,-0.290702193598252,12
"1403",1.79070781254618,-0.294960643587042,0.876172364164013,0.450291430911534,-0.17192910027941,12
"1404",0.474729556542458,-0.172787595947439,0.99843468133917,-0.055821164909453,-0.00349065141522373,12
"1405",6.22733477111577,-0.00349065850398866,0.902839688326509,-0.396318914892077,-0.166768746716102,12
"1406",5.86954227445693,-0.167551608191456,0.410989627964152,-0.906021605981646,-0.101056297182946,12
"1407",5.13824931787131,-0.101229096615671,0.14668583898445,-0.947532874687807,0.284015344703923,12
"1408",4.86597795456019,0.287979326579064,0.967703274866545,0.252067822550323,-0.00349065141522373,12
"1409",0.254818070791172,-0.00349065850398866,-0.420496616877902,-0.905882414890935,-0.0505929400767133,12
"1410",4.2778019966381,-0.0506145483078356,-0.558724707337281,-0.780418413361989,0.280666708920788,12
"1411",4.09105176667471,0.284488668075076,-0.611022042519866,-0.723046945386291,-0.322265695230511,12
"1412",4.01076662108297,-0.328121899374934,-0.611761386678711,-0.731658409309588,0.300705799504273,12
"1413",4.01600260883895,0.305432619099008,-0.297383256295217,-0.904496312540171,0.305695304963106,12
"1414",4.39473905652172,0.310668606854991,-0.214873687869501,-0.945770069463956,-0.243615011786023,12
"1415",4.48898683612942,-0.2460914245312,-0.899655167220309,0.339951359148966,-0.273959218692432,12
"1416",2.78030949842697,-0.277507351067098,-0.570054849742478,-0.817154463688981,-0.0854169231373675,12
"1417",4.10326907143867,-0.0855211333477222,-0.947552003337398,0.0596149189955018,-0.313992455967405,12
"1418",3.078760800518,-0.319395253114962,-0.461556880673752,0.825858796702294,-0.323917418198149,12
"1419",2.08043246837724,-0.329867228626928,0.0850787631258534,0.992400830334999,0.0888942968664415,12
"1420",1.48527519344717,0.0890117918517108,0.103815643826217,0.955639241646742,-0.275637355816999,12
"1421",1.46258591317125,-0.279252680319093,0.284899644925151,0.943633149743757,0.168489379565003,12
"1422",1.27758101245985,0.16929693744345,0.699529453347098,0.682642200792625,-0.211324796455389,12
"1423",0.773180858633488,-0.212930168743308,-0.298366789389981,0.907487745442473,-0.295708050044047,12
"1424",1.88844625065786,-0.300196631343025,0.851653650801534,0.452832278640107,-0.263873049965373,12
"1425",0.488692190558412,-0.267035375555132,0.914478672726282,-0.397626643539238,0.0749787268263277,12
"1426",5.87303293296092,0.0750491578357562,0.658267316678271,-0.746657707063298,-0.095845752520224,12
"1427",5.43495529071034,-0.0959931088596881,0.433389022258941,-0.876896050969976,-0.207911690817759,12
"1428",5.1714105736592,-0.20943951023932,-0.486164733897682,-0.802753390078525,-0.345298198998535,12
"1429",4.16784625376246,-0.352556508902855,-0.562225387619447,-0.776683910924434,-0.284015344703923,12
"1430",4.08581577891873,-0.287979326579064,-0.368469939383759,-0.885192175599875,-0.284015344703923,12
"1431",4.31794456943397,-0.287979326579064,-0.465958807226438,-0.851091173962919,-0.241921895599668,12
"1432",4.21147948506232,-0.244346095279206,-0.815239824237059,-0.556118902738185,0.161603821103361,12
"1433",3.74024058702385,0.162315620435473,-0.906942104502943,0.351779658743703,-0.231747903494157,12
"1434",2.771582852167,-0.23387411976724,-0.744288168191911,-0.658490546509448,-0.111468932206325,12
"1435",3.86590429316744,-0.111701072127637,-0.50926961004056,0.83760136108019,0.197657340379126,12
"1436",2.11708438266912,0.198967534727354,0.166460744818608,0.973835467009445,0.154710386299468,12
"1437",1.40149938935145,0.155334303427495,-0.937956550482732,0.293937765546196,-0.18395135061272,12
"1438",2.83790536374278,-0.185004900711399,0.666324894310874,0.727166021635541,-0.165047605860678,12
"1439",0.829031394697307,-0.165806278939461,-0.75942952597129,0.626025390722267,0.177084740319583,12
"1440",2.45218759905203,0.178023583703422,0.778779570122652,-0.621691563152365,-0.0836778433323155,12
"1441",5.60948821590977,-0.0837758040957278,0.902970828125165,-0.407706962111003,0.135715572434304,12
"1442",5.85907029894496,0.136135681655558,0.0151360492998811,-0.963511572511014,-0.267238376078257,12
"1443",4.72809694365264,-0.270526034059121,0.676282261672181,-0.707688962276988,-0.20449605184179,12
"1444",5.47509786350621,-0.205948851735331,-0.434613957094995,-0.852977918033802,-0.289031796944472,12
"1445",4.24115008234622,-0.293215314335047,-0.423261611107119,-0.82712571236088,-0.369746757273829,12
"1446",4.23940475309423,-0.378736447682769,-0.300749037537308,-0.909381079664673,-0.287360519849712,12
"1447",4.39299372726973,-0.291469985083053,-0.36077905426496,-0.897466088252797,0.253757944584806,12
"1448",4.33016187419793,0.256563400043166,0.150661637673577,-0.973214971795271,-0.17364817766693,12
"1449",4.86597795456019,-0.174532925199433,0.0711682842817253,-0.992848763425844,-0.095845752520224,12
"1450",4.78394747971646,-0.0959931088596881,-0.973990490090878,0.14556385404861,-0.17364817766693,12
"1451",2.99323966717028,-0.174532925199433,-0.408735675664179,-0.888655094094805,-0.207911690817759,12
"1452",4.28129265514209,-0.20943951023932,-0.602409661149667,-0.76828151980369,-0.216439613938103,12
"1453",4.04741853537485,-0.218166156499291,-0.869205472983114,0.412729103417392,-0.272280247040574,12
"1454",2.69827902358323,-0.275762021815104,-0.655929445470743,0.72848345098478,0.197657340379126,12
"1455",2.30383461263251,0.198967534727354,-0.879428903536317,0.411954600945928,-0.238533457578581,12
"1456",2.70351501133922,-0.240855436775218,-0.583266235124727,-0.80575070173365,-0.102792536787247,12
"1457",4.08581577891873,-0.102974425867665,-0.555606739208512,-0.77320859531539,-0.305695304963106,12
"1458",4.08930643742271,-0.310668606854991,-0.491215315067464,0.837256234285965,0.240228042477264,12
"1459",2.10137641940117,0.242600766027212,-0.0139152309274879,0.996540238601392,0.0819385086300409,12
"1460",1.58475896081085,0.0820304748437335,0.215743571818695,0.94198590111709,0.257132793154696,12
"1461",1.34564885328763,0.260054058547155,0.540821811582282,0.826462356229511,-0.156434465040231,12
"1462",0.991347015132779,-0.15707963267949,-0.915171417201737,0.342168571994126,-0.213030386274977,12
"1463",2.78380015693096,-0.214675497995303,-0.537822455715603,0.840969535822379,-0.0593063735759616,12
"1464",2.13977366294505,-0.0593411945678072,-0.33299067435487,0.900190762725469,0.280666708920788,12
"1465",1.92509816494975,0.284488668075076,-0.0221968336464751,0.908236978551851,-0.417867073801077,12
"1466",1.59523093632282,-0.431096325242599,0.698299215497548,-0.700741003796369,-0.146083028562412,12
"1467",5.49604181453014,-0.146607657167524,0.395990214724049,-0.889408584376443,0.228350870110656,12
"1468",5.13126800086333,0.230383461263251,-0.227823243583868,-0.948952104121138,-0.218143241396543,12
"1469",4.47676953136546,-0.219911485751285,-0.258110189662233,-0.937063133752564,0.23514211310259,12
"1470",4.44360827557756,0.237364778271229,-0.272680410040832,-0.95094960052886,-0.146083028562412,12
"1471",4.4331363000656,-0.146607657167524,0.248542294744886,-0.927572471817676,0.278991106039229,12
"1472",4.97418836818384,0.282743338823081,-0.297259428117202,-0.909466363881919,-0.290702193598252,12
"1473",4.39648438577372,-0.294960643587042,-0.391927666131839,-0.905691398615026,-0.161603821103361,12
"1474",4.30398193541802,-0.162315620435473,-0.555315818533996,-0.817122413140765,0.154710386299468,12
"1475",4.11548637620263,0.155334303427495,-0.664430258058706,-0.685638838196366,-0.297374874077786,12
"1476",3.94269878025519,-0.301941960595019,0.992975238538562,-0.10611844011963,-0.0523359562429438,12
"1477",6.17672022280793,-0.0523598775598299,0.555598330782609,-0.823708399389126,-0.113203213767907,12
"1478",5.30580092606276,-0.113446401379631,0.133570670322874,-0.975089673197006,-0.177084740319583,12
"1479",4.84852466204025,-0.178023583703422,-0.983511962655306,-0.0964341910858455,-0.152985836284038,12
"1480",3.23933109170148,-0.153588974175501,-0.0226519586696599,-0.998183774837443,-0.0558215049931638,12
"1481",4.68969970010876,-0.0558505360638185,-0.717176160390084,0.668777588982037,0.195946144242518,12
"1482",2.39110107523223,0.197222205475359,-0.541059177522989,0.744704069847645,-0.390731128489274,12
"1483",2.19911485751286,-0.401425727958696,-0.542106959964077,0.803706619601839,0.245307385878803,12
"1484",2.16420827247297,0.247836753783195,-0.435079517924791,0.876462005455595,-0.20620418539663,12
"1485",2.0315632493214,-0.207694180987325,-0.708518821252124,0.67001294251235,-0.221548497619467,12
"1486",2.38411975822425,-0.223402144255274,-0.385882999946638,0.913513001907697,0.128795596577563,12
"1487",1.9704767255016,0.12915436464758,0.398612745477361,0.899520787426554,-0.17880221511635,12
"1488",1.15366263556825,-0.179768912955416,-0.0799962388048711,0.973013101296894,-0.216439613938103,12
"1489",1.65282680163863,-0.218166156499291,0.899770321532454,0.434965968346141,-0.034899496702501,12
"1490",0.450294947014537,-0.0349065850398866,-0.0678290968217978,0.970001276142729,-0.233445363855905,12
"1491",1.64060949687467,-0.235619449019234,0.965359070817075,-0.0607352447207486,-0.253757944584806,12
"1492",6.22035345410779,-0.256563400043166,0.928571465703754,-0.261009667604008,-0.263873049965373,12
"1493",6.00916861461648,-0.267035375555132,0.860110200681475,-0.486626937787199,0.152985836284038,12
"1494",5.76831317784126,0.153588974175501,0.864970275372157,0.495373147495005,0.0801989243288589,12
"1495",0.52010811709431,0.0802851455917391,0.639741521224167,-0.723096250162204,0.260504508642648,12
"1496",5.43670061996234,0.263544717051144,0.287730121496304,-0.947031342909912,-0.142628933705512,12
"1497",5.00734962397173,-0.143116998663535,0.223192653512383,-0.974510299747242,-0.0226873335727814,12
"1498",4.93753645389196,-0.0226892802759263,0.00342995874887153,-0.982606810130199,-0.185666615385577,12
"1499",4.71587963888868,-0.186750229963393,-0.16829572841523,-0.974328347559671,0.14953534344371,12
"1500",4.54134671368925,0.150098315671512,-0.237177765780234,-0.897681813416218,-0.371367835550235,12
"1501",4.45408025108953,-0.380481776934764,0.491505090902052,-0.868732307122296,-0.0610485395348569,12
"1502",5.22726110972302,-0.0610865238198015,-0.119771775386658,-0.961585258588503,-0.246999012722743,12
"1503",4.58847060349309,-0.249582083035189,-0.440682527679232,-0.880022672744395,0.177084740319583,12
"1504",4.2481313993542,0.178023583703422,0.851587607199007,-0.46237434507016,-0.246999012722743,12
"1505",5.7857664703612,-0.249582083035189,0.340903410813078,-0.921581668886309,-0.185666615385577,12
"1506",5.06669081853954,-0.186750229963393,-0.91953754110932,-0.356665106634059,-0.165047605860678,12
"1507",3.51160245501259,-0.165806278939461,-0.893153074465993,0.373614024283943,-0.250380004054441,12
"1508",2.74540291338708,-0.253072741539178,-0.775115986910379,0.565224299357159,-0.282341456842876,12
"1509",2.51152879361984,-0.28623399732707,-0.265855271706298,-0.897512355878086,-0.351841648404702,12
"1510",4.42440965380563,-0.359537825910832,-0.803263921957106,0.585750126631802,-0.107999355706023,12
"1511",2.51152879361984,-0.108210413623648,0.411815070527128,0.899482126811184,-0.146083028562412,12
"1512",1.14144533080429,-0.146607657167524,0.601755983091245,0.724818585003157,-0.335451569750255,12
"1513",0.877900613753148,-0.342084533390889,0.960864816183549,-0.094213618959291,-0.260504508642648,12
"1514",6.1854468690679,-0.263544717051144,0.126273216901244,0.946373741690159,-0.297374874077786,12
"1515",1.43815130364333,-0.301941960595019,0.340719638258202,-0.931060170584981,-0.130526192220052,12
"1516",5.06320016003555,-0.130899693899575,0.24905449362361,-0.936015597748146,0.248689887164855,12
"1517",4.97244303893184,0.251327412287183,-0.396435304685677,-0.90310483167705,0.165047605860678,12
"1518",4.29874594766203,0.165806278939461,-0.231509335201362,-0.971774473333504,0.0453629881292538,12
"1519",4.47851486061745,0.0453785605518526,-0.789347766832215,-0.599147565391074,-0.133986185418292,12
"1520",3.79085513533168,-0.134390352403563,-0.396552512294759,-0.846548965058715,-0.355106962408137,12
"1521",4.27431133813411,-0.363028484414821,-0.819351706220712,-0.528036141958393,-0.223250116010951,12
"1522",3.71406064824393,-0.225147473507269,-0.864903907379901,-0.487348305582155,-0.120136838834647,12
"1523",3.65471945367613,-0.120427718387609,-0.745338628139015,-0.62319982507383,-0.236838146065619,12
"1524",3.83797902513553,-0.239110107523223,0.310160782920891,-0.932377711375151,-0.185666615385577,12
"1525",5.03352956275165,-0.186750229963393,0.0521371350650578,-0.962684614820731,-0.265556117486809,12
"1526",4.76649418719651,-0.268780704807127,-0.983272205489849,0.0549734509020772,-0.17364817766693,12
"1527",3.08574211752597,-0.174532925199433,-0.459417707149291,-0.849675274590186,0.258819045102521,12
"1528",4.2167154728183,0.261799387799149,-0.843688977904135,0.452382060782837,-0.289031796944472,12
"1529",2.64940980452739,-0.293215314335047,-0.465230678953004,0.860426141038397,-0.207911690817759,12
"1530",2.06646983436129,-0.20943951023932,-0.039039239724978,0.971992205209362,-0.231747903494157,12
"1531",1.61093889959077,-0.23387411976724,0.578323253338221,0.729662351296635,-0.36487678433762,12
"1532",0.900589894029074,-0.373500459926786,0.510309863627458,0.832750011918931,-0.214735327167063,12
"1533",1.02101761241668,-0.216420827247297,-0.477587830611239,0.844133632835789,-0.243615011786023,12
"1534",2.08566845613322,-0.2460914245312,0.978873932252884,0.14978876034248,0.139173100960065,12
"1535",0.151843644923507,0.139626340159546,0.456759742500523,-0.869999106644438,-0.185666615385577,12
"1536",5.19584518318712,-0.186750229963393,0.277705443033712,-0.937517863827451,-0.209618562903822,12
"1537",5.00036830696375,-0.211184839491314,0.791591878359655,0.579357674430217,-0.194234351219972,12
"1538",0.631809189221947,-0.195476876223365,0.828095951946163,-0.431079467278454,0.3583679495453,12
"1539",5.80321976288115,0.366519142918809,0.938097192643723,0.218302055038926,0.268919820615266,12
"1540",0.228638132011257,0.272271363311115,-0.348812435649532,-0.913449474695988,0.209618562903822,12
"1541",4.34761516671788,0.211184839491314,0.0493356728482264,-0.973900536290626,0.221548497619467,12
"1542",4.76300352869252,0.223402144255274,-0.708233094651598,-0.69597872376208,0.118403968306501,12
"1543",3.91826417072727,0.118682389135614,-0.576450761003959,-0.745840130903696,-0.333806859233771,12
"1544",4.05439985238283,-0.340339204138894,-0.682933039853119,-0.71464860409513,-0.151260820247219,12
"1545",3.94968009726317,-0.151843644923507,-0.966332574404368,0.0964528136480943,-0.238533457578581,12
"1546",3.04210888622612,-0.240855436775218,-0.609439139605435,-0.777246545997191,-0.156434465040231,12
"1547",4.04741853537485,-0.15707963267949,-0.985320420137684,-0.134972108328355,0.104528463267653,12
"1548",3.27772833524535,0.10471975511966,-0.910816095149541,0.223717890397668,0.346935651573256,12
"1549",2.90073721681458,0.354301838154849,-0.580598744293684,-0.796199613487877,-0.170209499166033,12
"1550",4.08232512041474,-0.171042266695444,-0.706765072945285,-0.66602171231894,-0.238533457578581,12
"1551",3.89732021970334,-0.240855436775218,0.534632481937455,0.823261827452719,-0.190808995376545,12
"1552",0.994837673636768,-0.191986217719376,-0.345218633400993,0.904038236905749,-0.252069358243114,12
"1553",1.93557014046171,-0.254818070791172,0.973177514915377,0.212187012910195,-0.0888942968664415,12
"1554",0.214675497995303,-0.0890117918517108,0.984172062592763,0.14182136071465,0.106264071336233,12
"1555",0.143116998663535,0.106465084371654,0.928518893165958,-0.321528494794984,0.185666615385577,12
"1556",5.94982742004867,0.186750229963393,0.700906122836916,0.703357026878239,-0.118403968306501,12
"1557",0.787143492649443,-0.118682389135614,0.39301779806659,-0.895319534294335,-0.209618562903822,12
"1558",5.12603201310735,-0.211184839491314,0.828611650464364,-0.52180460476764,-0.202787295356512,12
"1559",5.72118928803741,-0.204203522483337,0.559224470555848,-0.801629479207583,-0.211324796455389,12
"1560",5.32150888933071,-0.212930168743308,0.272033238810841,-0.942481264422928,-0.194234351219972,12
"1561",4.99338698995578,-0.195476876223365,-0.890050694418791,-0.392559130056467,-0.231747903494157,12
"1562",3.55698101556444,-0.23387411976724,-0.222432864177847,-0.933675435811189,-0.280666708920788,12
"1563",4.47851486061745,-0.284488668075076,-0.516835710105457,0.814402764154052,-0.263873049965373,12
"1564",2.13628300444106,-0.267035375555132,0.0753054552831734,0.95684653257885,0.280666708920788,12
"1565",1.49225651045515,0.284488668075076,0.876022852772621,0.479608502671203,-0.0505929400767133,12
"1566",0.500909495322373,-0.0506145483078356,0.90684341731282,0.401857688389052,0.12706460860135,12
"1567",0.417133691226645,0.127409035395586,0.949681571202417,0.12840198615282,0.285688367404974,12
"1568",0.134390352403563,0.289724655831059,0.941764212088141,-0.262945292629739,0.209618562903822,12
"1569",6.01091394386847,0.211184839491314,0.952146649057022,0.271226107755052,-0.140901231937583,12
"1570",0.277507351067098,-0.141371669411541,0.876545990750905,0.421853096853131,0.231747903494157,12
"1571",0.448549617762543,0.23387411976724,-0.12488923379146,-0.948627911206573,-0.290702193598252,12
"1572",4.58148928648512,-0.294960643587042,-0.127036741232922,-0.991676903747561,-0.020942419883357,12
"1573",4.5849799449891,-0.020943951023932,-0.910354367469066,-0.343994250024155,-0.230049737188104,12
"1574",3.50287580875262,-0.232128790515246,-0.961250006260209,-0.188589753412972,-0.201077921145965,12
"1575",3.33532420056116,-0.202458193231342,0.562765295888199,0.818828586540849,0.113203213767907,12
"1576",0.968657734856853,0.113446401379631,0.558427785457669,0.788695844488424,0.257132793154696,12
"1577",0.954695100840898,0.260054058547155,0.751669980069382,0.648824122048315,0.118403968306501,12
"1578",0.712094334813686,0.118682389135614,-0.865391333057373,0.477721681449901,-0.151260820247219,12
"1579",2.63719249976343,-0.151843644923507,0.105059168092975,0.967086077050887,0.231747903494157,12
"1580",1.46258591317125,0.23387411976724,-0.74742990329247,0.638365444139926,-0.18395135061272,12
"1581",2.43473430653209,-0.185004900711399,0.996455338736025,0.0644378762113734,-0.0540788129847753,12
"1582",0.0645771823237902,-0.0541052068118242,0.951554269406554,-0.0715477249184872,-0.299040792256087,12
"1583",6.20813614934383,-0.303687289847013,-0.301448011925384,0.922281352156541,0.241921895599668,12
"1584",1.88670092140587,0.244346095279206,0.5399617986553,-0.828299726580967,-0.14953534344371,12
"1585",5.29009296279481,-0.150098315671512,0.17586475770668,-0.967721253871577,-0.18051914525056,12
"1586",4.89215789334011,-0.18151424220741,-0.120657269505298,-0.955100634463819,-0.270600445975864,12
"1587",4.5867252742411,-0.27401669256311,0.0139580124856369,-0.999604042888067,-0.0244321781526532,12
"1588",4.72635161440064,-0.0244346095279206,-0.945623872773486,-0.209639765461628,-0.248689887164855,12
"1589",3.35975881008908,-0.251327412287183,-0.997344554682301,-0.0540142503093333,-0.0488497697956133,12
"1590",3.19569786040162,-0.0488692190558412,-0.570328814524549,0.814513959650828,0.106264071336233,12
"1591",2.18166156499291,0.106465084371654,0.0203114669772109,0.96965930632451,0.243615011786023,12
"1592",1.54985237577096,0.2460914245312,-0.759087931130232,0.616894027879768,-0.207911690817759,12
"1593",2.45916891606001,-0.20943951023932,0.586621051731602,0.764499438859418,0.267238376078257,12
"1594",0.916297857297023,0.270526034059121,0.256331863395025,0.918077570239029,-0.302369890750444,12
"1595",1.29852496348378,-0.307177948351002,0.99683522158495,0.0487533759335901,-0.0627905195293134,12
"1596",0.0488692190558412,-0.0628318530717959,-0.289635980624398,0.929914073215858,0.226651307436855,12
"1597",1.87273828738992,0.228638132011257,0.921153589161167,-0.335272487642144,-0.197657340379126,12
"1598",5.93411945678072,-0.198967534727354,0.661827389095097,-0.717215472000275,-0.218143241396543,12
"1599",5.45764457098627,-0.219911485751285,0.724091097550254,-0.584267860880653,-0.366501226724297,12
"1600",5.60425222815379,-0.375245789178781,0.362282152089658,-0.905769997686463,-0.219846204352837,12
"1601",5.09287075731945,-0.22165681500328,0.133590738490329,-0.962736568971625,0.23514211310259,12
"1602",4.85026999129224,0.237364778271229,-0.944064211441653,-0.260038607743237,-0.202787295356512,12
"1603",3.41037335839692,-0.204203522483337,-0.0967350493264743,0.969160211249393,-0.226651307436855,12
"1604",1.67028009415857,-0.228638132011257,0.575610170543771,0.77224028750566,0.268919820615266,12
"1605",0.930260491312978,0.272271363311115,0.197958817569508,0.923395384009148,-0.328866646738583,12
"1606",1.35961148730358,-0.335103216382911,0.573643647794137,0.807195028053689,-0.139173100960065,12
"1607",0.952949771588904,-0.139626340159546,0.912548687314146,0.404385916052833,-0.0610485395348569,12
"1608",0.417133691226645,-0.0610865238198015,0.866201868772657,0.456696436790071,-0.202787295356512,12
"1609",0.485201532054424,-0.204203522483337,0.371148187697077,0.909470871283573,0.187381314585725,12
"1610",1.18333323285216,0.188495559215388,0.902397118808696,0.42463585158022,-0.0732381971276317,12
"1611",0.439822971502571,-0.0733038285837618,0.288022779095638,-0.913491549141933,0.287360519849712,12
"1612",5.0178215994837,0.291469985083053,0.241901303960487,-0.96304945845553,-0.118403968306501,12
"1613",4.95848040491589,-0.118682389135614,0.978064037452098,0.193661894460883,-0.0767190281268186,12
"1614",0.195476876223365,-0.0767944870877505,-0.385987911894605,-0.879305006594555,-0.278991106039229,12
"1615",4.29874594766203,-0.282743338823081,0.00174446715170747,-0.999505038030571,-0.0314107590781283,12
"1616",4.71413430963668,-0.0314159265358979,-0.441746391000102,-0.886006190089469,-0.140901231937583,12
"1617",4.24987672860619,-0.141371669411541,0.995024376108208,-0.0800577604217118,-0.0593063735759616,12
"1618",6.20290016158785,-0.0593411945678072,-0.443509613755255,-0.885668233184022,0.137444546037147,12
"1619",4.2481313993542,0.137881010907552,-0.76714896180919,0.621224980355209,0.159881187691835,12
"1620",2.460914245312,0.160570291183478,-0.275105063595551,0.934726819521977,-0.224951054343865,12
"1621",1.85703032412197,-0.226892802759263,-0.365301750748815,0.922646902041848,-0.123601476740493,12
"1622",1.94778744522567,-0.123918376891597,-0.564628582045,0.818475724429809,-0.106264071336233,12
"1623",2.17468024798493,-0.106465084371654,-0.0986225343203004,0.970920759875517,0.218143241396543,12
"1624",1.67202542341057,0.219911485751285,0.572400917954424,0.802476490682894,-0.168489379565003,12
"1625",0.951204442336909,-0.16929693744345,0.844953952501364,0.530038615202908,-0.0714974443326859,12
"1626",0.56025068989018,-0.0715584993317675,-0.411463682697532,0.890488997476747,-0.194234351219972,12
"1627",2.00363798128949,-0.195476876223365,0.882906189371673,0.438278438601527,-0.168489379565003,12
"1628",0.460766922526503,-0.16929693744345,0.853534307108793,-0.494776532028511,0.163325962241622,12
"1629",5.75784120232929,0.164060949687467,0.28202802252236,-0.958249016077589,-0.0471064507096427,12
"1630",4.99862297771176,-0.0471238898038469,0.160776524088753,-0.981803714650546,-0.101056297182946,12
"1631",4.87470460082016,-0.101229096615671,0.204044359263923,-0.968259875593914,-0.144356201000973,12
"1632",4.92008316137201,-0.144862327915529,-0.271479856816811,0.928388707871233,-0.253757944584806,12
"1633",1.85528499486997,-0.256563400043166,-0.42573791596305,0.896601968573256,-0.121869343405147,12
"1634",2.01410995680146,-0.122173047639603,0.803738626235641,0.569078668630092,-0.17364817766693,12
"1635",0.616101225953998,-0.174532925199433,0.54926665255231,0.826712772087124,0.121869343405147,12
"1636",0.984365698124802,0.122173047639603,-0.440134854186876,0.890545204673226,-0.114937150492867,12
"1637",2.02981792006941,-0.115191730631626,0.816055894703146,0.573533688787453,-0.0714974443326859,12
"1638",0.61261056745001,-0.0715584993317675,0.374574936076402,0.913308065816572,-0.159881187691835,12
"1639",1.18158790360016,-0.160570291183478,0.918152774946557,0.38219011267279,-0.104528463267653,12
"1640",0.394444410950718,-0.10471975511966,0.723236004466013,-0.662723697064013,-0.194234351219972,12
"1641",5.541420375082,-0.195476876223365,-0.679536735129462,-0.681912915442475,-0.270600445975864,12
"1642",3.92873614623924,-0.27401669256311,-0.312141125809685,-0.916908532842941,-0.248689887164855,12
"1643",4.38426708100976,-0.251327412287183,-0.706684886650372,0.689624895680454,-0.158158067254484,12
"1644",2.3684117949563,-0.158824961931484,-0.984415721764257,-0.133098227561216,0.114937150492867,12
"1645",3.27598300599336,0.115191730631626,-0.966147419195956,0.089626786233002,-0.241921895599668,12
"1646",3.04909020323409,-0.244346095279206,0.125020923074869,0.94962819062263,-0.287360519849712,12
"1647",1.43989663289532,-0.291469985083053,0.21894140500993,0.971519632626624,-0.0906325801977802,12
"1648",1.34913951179162,-0.0907571211037051,-0.557553983660838,0.829727860615285,-0.0261769483078731,12
"1649",2.16246294322097,-0.0261799387799149,-0.635256621387894,0.751724696766564,0.177084740319583,12
"1650",2.27241868609662,0.178023583703422,0.765814809137214,0.640320569839359,-0.0593063735759616,12
"1651",0.696386371545737,-0.0593411945678072,0.805532422244925,0.572462095346667,-0.152985836284038,12
"1652",0.617846555205993,-0.153588974175501,0.91147797007978,0.402009684666113,-0.0871557427476582,12
"1653",0.41538836197465,-0.0872664625997165,0.862726713136024,-0.474288024117508,-0.175366726091987,12
"1654",5.78053048260522,-0.176278254451427,-0.836611965543336,-0.504676603017467,-0.213030386274977,12
"1655",3.68439005096003,-0.214675497995303,-0.934921773469166,-0.343984235102968,0.0871557427476582,12
"1656",3.49414916249265,0.0872664625997165,0.644362485058651,-0.730885771511953,-0.224951054343865,12
"1657",5.43495529071034,-0.226892802759263,-0.433246337230002,-0.900219395660113,0.043619387365336,12
"1658",4.26383936262215,0.0436332312998582,-0.733618113890612,0.67933782205993,-0.0174524064372835,12
"1659",2.39459173373622,-0.0174532925199433,-0.3790579938137,0.884408561920031,-0.272280247040574,12
"1660",1.97571271325758,-0.275762021815104,0.528823631809738,0.823727461737605,-0.20449605184179,12
"1661",1.00007366139275,-0.205948851735331,0.551327630623867,0.820462069792877,-0.151260820247219,12
"1662",0.979129710368819,-0.151843644923507,0.776416426413432,0.602250314011259,-0.185666615385577,12
"1663",0.659734457253856,-0.186750229963393,0.899677947445367,0.429124368239541,-0.0801989243288589,12
"1664",0.445058959258554,-0.0802851455917391,0.00346078840847085,0.991438821152433,0.130526192220052,12
"1665",1.56730566829091,0.130899693899575,0.881428036544212,0.39059514187858,0.265556117486809,12
"1666",0.417133691226645,0.268780704807127,0.359039947205217,-0.837702959868652,-0.411514358605109,12
"1667",5.11730536684737,-0.424115008234622,-0.445689692670836,-0.882315624992051,-0.151260820247219,12
"1668",4.24464074085021,-0.151843644923507,-0.927925035302965,-0.363649844852813,0.0819385086300409,12
"1669",3.51509311351658,0.0820304748437335,-0.0972561644942159,-0.974381111942275,0.202787295356512,12
"1670",4.61290521302101,0.204203522483337,-0.836004886822362,0.526460374178531,0.154710386299468,12
"1671",2.57959663444762,0.155334303427495,-0.7416865557548,0.670165229703521,-0.0279216387235689,12
"1672",2.40680903850018,-0.0279252680319093,-0.584222780918234,0.792420503038597,0.175366726091987,12
"1673",2.20609617452083,0.176278254451427,-0.460660257627403,0.834484617120184,-0.302369890750444,12
"1674",2.07519648062126,-0.307177948351002,-0.950157490974539,0.290492297208697,-0.113203213767907,12
"1675",2.84488668075076,-0.113446401379631,0.848796131180706,0.51607613695001,-0.114937150492867,12
"1676",0.546288055874225,-0.115191730631626,0.559709352296929,0.826687258733041,-0.0575640269595673,12
"1677",0.97563905186483,-0.0575958653158129,0.353018147072514,0.914867911992753,-0.195946144242518,12
"1678",1.20253185462409,-0.197222205475359,0.979851572507392,0.011971740934832,-0.199367934417197,12
"1679",0.0122173047639603,-0.200712863979348,0.846414778602918,-0.510590037917616,0.151260820247219,12
"1680",5.74038790980935,0.151843644923507,0.110749724869987,-0.915186411993701,-0.387515586452103,12
"1681",4.8328166987723,-0.397935069454707,0.681042709973029,-0.725236824762963,-0.101056297182946,12
"1682",5.46637121724624,-0.101229096615671,-0.889794074617772,-0.420603732176794,-0.177084740319583,12
"1683",3.58316095434436,-0.178023583703422,0.265628753622969,0.945004387572937,-0.190808995376545,12
"1684",1.29677963423179,-0.191986217719376,-0.980239789131798,-0.0633892636569738,0.187381314585725,12
"1685",3.20616983591358,0.188495559215388,0.822699377213797,0.559105919404251,-0.102792536787247,12
"1686",0.596902604182061,-0.102974425867665,0.975758200587391,0.0939548284055028,0.197657340379126,12
"1687",0.0959931088596881,0.198967534727354,-0.0136312209157959,0.976200841699427,-0.216439613938103,12
"1688",1.58475896081085,-0.218166156499291,0.738917365198351,0.628867970115978,0.241921895599668,12
"1689",0.705113017805709,0.244346095279206,0.91536790702244,-0.362419792744733,0.175366726091987,12
"1690",5.90619418874881,0.176278254451427,0.451734246408574,-0.856790237248073,-0.248689887164855,12
"1691",5.19759051243911,-0.251327412287183,0.964174866596334,0.132075527799914,-0.230049737188104,12
"1692",0.136135681655558,-0.232128790515246,0.919027553504001,-0.384437553325055,-0.0871557427476582,12
"1693",5.88699556697687,-0.0872664625997165,0.887479087640528,-0.452193181046946,0.0888942968664415,12
"1694",5.81194640914112,0.0890117918517108,-0.963878073174635,-0.25107143214188,0.0888942968664415,12
"1695",3.39641072438097,0.0890117918517108,-0.138023327122889,0.957815535374549,-0.252069358243114,12
"1696",1.71391332545843,-0.254818070791172,0.261780098949382,0.943948541723366,-0.201077921145965,12
"1697",1.30027029273578,-0.202458193231342,0.735902165957984,0.674330095694244,-0.0610485395348569,12
"1698",0.74176493209759,-0.0610865238198015,-0.586590941724574,0.795632598216548,0.151260820247219,12
"1699",2.20609617452083,0.151843644923507,0.942170965419765,-0.275510070965439,0.190808995376545,12
"1700",5.99869663910451,0.191986217719376,0.530066504505382,-0.806949132088447,-0.260504508642648,12
"1701",5.2935836212988,-0.263544717051144,0.478455480368757,-0.818778424440183,0.317304656405092,12
"1702",5.24122374373897,0.322885911618951,0.34461675202361,-0.874860592335407,-0.34037955021305,12
"1703",5.08763476956347,-0.347320521146872,-0.836722058882605,-0.518789656372438,-0.175366726091987,12
"1704",3.69660735572399,-0.176278254451427,-0.970959686990951,-0.105479976796023,-0.214735327167063,12
"1705",3.24980306721344,-0.216420827247297,0.322046419024157,0.930014569100755,-0.177084740319583,12
"1706",1.23743843966398,-0.178023583703422,0.441241571978339,0.836889109348383,-0.323917418198149,12
"1707",1.08559479474047,-0.329867228626928,0.995891076913623,-0.0783783275645093,-0.0453629881292538,12
"1708",6.20464549083984,-0.0453785605518526,0.989925650494257,-0.0588124204207998,0.128795596577563,12
"1709",6.22384411261178,0.12915436464758,0.500176837711051,-0.835734596540395,-0.226651307436855,12
"1710",5.25169571925094,-0.228638132011257,0.887749127172753,-0.460165439917653,-0.0122170008352472,12
"1711",5.80496509213314,-0.0122173047639603,0.443287939842714,-0.847931622848898,0.290702193598252,12
"1712",5.19409985393512,0.294960643587042,-0.838286950069149,-0.536106870553461,-0.099319749743639,12
"1713",3.71056998973994,-0.0994837673636768,-0.929127075024851,-0.338174599159866,0.14953534344371,12
"1714",3.49065850398866,0.150098315671512,0.21400604939265,0.965318906830547,-0.14953534344371,12
"1715",1.35263017029561,-0.150098315671512,-0.7679308333021,0.582891228042826,0.265556117486809,12
"1716",2.4923301718479,0.268780704807127,0.962514334007019,-0.270550577593793,0.0191974423996897,12
"1717",6.00916861461648,0.0191986217719376,0.226511038868329,-0.943486378121197,-0.241921895599668,12
"1718",4.94800842940392,-0.244346095279206,0.0709785562745597,-0.943984568849923,-0.322265695230511,12
"1719",4.78743813822045,-0.328121899374934,-0.974682435237459,-0.0904185557321989,0.20449605184179,12
"1720",3.23409510394549,0.205948851735331,-0.808169267118703,0.570100704846378,-0.147809411129611,12
"1721",2.52723675688779,-0.148352986419518,-0.976273448756949,0.0957244485926613,-0.194234351219972,12
"1722",3.04385421547811,-0.195476876223365,0.722653288063559,0.657563897864277,0.213030386274977,12
"1723",0.738274273593601,0.214675497995303,0.295080395073466,0.935875447294288,-0.192521966525907,12
"1724",1.26536370769589,-0.193731546971371,0.369737746806172,0.929109929228693,-0.00698126029796155,12
"1725",1.19205987911213,-0.00698131700797732,0.843685249516595,0.533355674544465,-0.0610485395348569,12
"1726",0.563741348394168,-0.0610865238198015,0.702364497529416,0.707285122950247,-0.0801989243288589,12
"1727",0.788888821901437,-0.0802851455917391,0.591149862457682,-0.790206330727017,0.161603821103361,12
"1728",5.3546701451186,0.162315620435473,-0.744437654565354,-0.663269755973021,-0.0767190281268186,12
"1729",3.86939495167143,-0.0767944870877505,-0.72903546992249,0.62045781802629,-0.289031796944472,12
"1730",2.43647963578408,-0.293215314335047,-0.905044318509058,0.389773662435167,-0.170209499166033,12
"1731",2.73493093787511,-0.171042266695444,0.0657069179947798,0.989265138409396,-0.130526192220052,12
"1732",1.50447381521911,-0.130899693899575,0.521986049715948,0.832117063186464,0.187381314585725,12
"1733",1.01054563690472,0.188495559215388,0.691130340225572,0.720704054939226,0.0540788129847753,12
"1734",0.80634211442138,0.0541052068118242,0.929718307876009,-0.312884778802559,-0.194234351219972,12
"1735",5.95855406630864,-0.195476876223365,-0.954564458945583,-0.0902329080249505,0.284015344703923,12
"1736",3.23584043319749,0.287979326579064,-0.273972769547004,-0.955456593737318,-0.109734311091045,12
"1737",4.4331363000656,-0.109955742875643,0.852432072206256,-0.458987380920049,-0.250380004054441,12
"1738",5.78925712886519,-0.253072741539178,-0.12313113580519,-0.988555815268631,-0.0871557427476582,12
"1739",4.58847060349309,-0.0872664625997165,-0.962755185469222,-0.250778941802927,-0.101056297182946,12
"1740",3.39641072438097,-0.101229096615671,0.326876284601245,-0.888423725619077,0.322265695230511,12
"1741",5.06494548928754,0.328121899374934,0.404947913272815,-0.884482954477957,0.231747903494157,12
"1742",5.14173997637529,0.23387411976724,-0.635455146103176,0.751959619042651,-0.175366726091987,12
"1743",2.27241868609662,-0.176278254451427,-0.30874115758623,0.939041565571223,-0.151260820247219,12
"1744",1.88844625065786,-0.151843644923507,-0.964428642077289,0.14930144196881,0.218143241396543,12
"1745",2.98800367941429,0.219911485751285,0.732961729168083,0.615027916612,-0.290702193598252,12
"1746",0.698131700797732,-0.294960643587042,-0.793985584441385,-0.519569607630815,-0.315649036947102,12
"1747",3.72104196525191,-0.321140582366957,-0.804690798500725,0.518587831676868,-0.289031796944472,12
"1748",2.56912465893565,-0.293215314335047,0.738617456268505,0.672090173250271,-0.0523359562429438,12
"1749",0.738274273593601,-0.0523598775598299,0.647800093016188,0.761162534352784,-0.0314107590781283,12
"1750",0.865683308989187,-0.0314159265358979,0.850636176163802,0.523314867184011,-0.0505929400767133,12
"1751",0.551524043630208,-0.0506145483078356,0.228603832073994,0.916879891015604,-0.327217898979104,12
"1752",1.32645023151569,-0.333357887130917,0.396941107672371,-0.891544324906418,-0.218143241396543,12
"1753",5.13126800086333,-0.219911485751285,0.584137475306268,-0.780832679352866,0.221548497619467,12
"1754",5.3546701451186,0.223402144255274,-0.978359953443833,-0.0170773365105297,-0.20620418539663,12
"1755",3.15904594610974,-0.207694180987325,0.145739493615521,0.975165721874714,0.166768746716102,12
"1756",1.42244334037538,0.167551608191456,0.159647228805605,0.985691759284234,-0.0540788129847753,12
"1757",1.41022603561142,-0.0541052068118242,0.341452550258622,0.918138238801489,0.201077921145965,12
"1758",1.21474915938805,0.202458193231342,0.787574039141272,0.597801232795545,-0.14953534344371,12
"1759",0.649262481741891,-0.150098315671512,0.227522839441275,0.962489343065209,0.147809411129611,12
"1760",1.33866753627965,0.148352986419518,0.234386027820507,-0.954248970601377,-0.185666615385577,12
"1761",4.95324441715991,-0.186750229963393,0.157773165278535,0.963463295531447,0.216439613938103,12
"1762",1.40848070635942,0.218166156499291,0.628813407468229,0.776519888873632,0.0401317925325597,12
"1763",0.890117918517108,0.0401425727958696,0.865465906029307,0.469909646521356,0.17364817766693,12
"1764",0.497418836818384,0.174532925199433,0.955685423779627,0.177125823698305,-0.23514211310259,12
"1765",0.183259571459405,-0.237364778271229,0.973034724475263,-0.224642766741965,0.0523359562429438,12
"1766",6.05629250442032,0.0523598775598299,0.850808953711771,-0.471611104099495,0.231747903494157,12
"1767",5.77703982410123,0.23387411976724,-0.066986701271573,0.957954458522826,0.278991106039229,12
"1768",1.64060949687467,0.282743338823081,0.61641642675243,0.783325552606488,-0.0801989243288589,12
"1769",0.904080552533063,-0.0802851455917391,0.721525873233155,0.654239710727114,0.226651307436855,12
"1770",0.736528944341607,0.228638132011257,-0.114205179769325,-0.972182360308484,0.20449605184179,12
"1771",4.59545192050107,0.205948851735331,-0.619217062760114,-0.778462538319975,-0.102792536787247,12
"1772",4.04043721836687,-0.102974425867665,-0.958309967252254,-0.184541412420068,0.218143241396543,12
"1773",3.33183354205718,0.219911485751285,-0.960904160477006,-0.198993685284174,-0.192521966525907,12
"1774",3.34579617607313,-0.193731546971371,-0.661586867302822,0.747787922203038,-0.0558215049931638,12
"1775",2.29510796637254,-0.0558505360638185,-0.207777177075463,0.969193939272583,0.132256390257122,12
"1776",1.78198116628621,0.132645023151569,0.359731460380557,0.932265870085316,-0.0383878090875199,12
"1777",1.20253185462409,-0.0383972435438752,0.220622100803258,0.9632866772325,-0.152985836284038,12
"1778",1.34564885328763,-0.153588974175501,0.929809935596547,0.342103444976477,-0.135715572434304,12
"1779",0.352556508902855,-0.136135681655558,0.346724307748205,0.937317598013843,0.034899496702501,12
"1780",1.21649448864005,0.0349065850398866,0.95207718688342,0.305678543495575,0.0104717841162458,12
"1781",0.310668606854991,0.010471975511966,0.501480759020708,-0.858181466416858,0.109734311091045,12
"1782",5.24122374373897,0.109955742875643,0.190436383467133,-0.919582512974926,0.343659694585616,12
"1783",4.91659250286803,0.35081117965086,-0.953584152776002,-0.227175789574339,0.197657340379126,12
"1784",3.37546677335703,0.198967534727354,-0.394672350518821,-0.907684263940924,-0.142628933705512,12
"1785",4.30223660616602,-0.143116998663535,-0.961592923909188,0.195638291478883,-0.192521966525907,12
"1786",2.94087978961045,-0.193731546971371,-0.0943896401752059,0.980273893470875,-0.17364817766693,12
"1787",1.66678943565458,-0.174532925199433,0.645409516997552,0.76373902627768,0.0122170008352472,12
"1788",0.869173967493176,0.0122173047639603,0.901064669581234,0.433653140096112,0.00523596383141958,12
"1789",0.448549617762543,0.00523598775598299,0.393520589963882,-0.913744586891846,-0.101056297182946,12
"1790",5.11905069609937,-0.101229096615671,-0.981196789057117,0.0462720659591612,-0.187381314585725,12
"1791",3.09446876378595,-0.188495559215388,-0.124260990376693,0.983627022511652,-0.130526192220052,12
"1792",1.69646003293849,-0.130899693899575,-0.725368901593836,0.606502541959977,-0.325568154457157,12
"1793",2.44520628204406,-0.331612557878923,0.533408131002125,0.837283049951232,0.120136838834647,12
"1794",1.00356431989674,0.120427718387609,-0.24715918205126,-0.955693645762072,-0.159881187691835,12
"1795",4.45931623884551,-0.160570291183478,-0.972183289427916,-0.0339493885538412,-0.231747903494157,12
"1796",3.17649923862968,-0.23387411976724,-0.218998352233248,0.956197018676213,-0.194234351219972,12
"1797",1.79594380030217,-0.195476876223365,-0.131001206123418,0.981808372728025,-0.137444546037147,12
"1798",1.70344134994647,-0.137881010907552,0.0607776039554709,0.993705040855573,-0.0941083133185143,12
"1799",1.5097098029751,-0.0942477796076938,0.0581566992738296,0.978888608007093,0.195946144242518,12
"1800",1.51145513222709,0.197222205475359,0.0275387102443802,-0.985901063615277,-0.165047605860678,12
"1801",4.7403142484166,-0.165806278939461,-0.147569808482281,-0.975759886769945,0.161603821103361,12
"1802",4.56229066471318,0.162315620435473,-0.123233376372215,-0.948844439086338,-0.290702193598252,12
"1803",4.58323461573711,-0.294960643587042,-0.965594827632935,0.0252849904240084,-0.258819045102521,12
"1804",3.11541271480988,-0.261799387799149,-0.6938617691523,-0.716009801631316,0.0767190281268186,12
"1805",3.94269878025519,0.0767944870877505,0.0728502410034383,0.99203152004691,-0.102792536787247,12
"1806",1.49749249821113,-0.102974425867665,-0.403790788645237,-0.906928960260987,-0.120136838834647,12
"1807",4.29350995990605,-0.120427718387609,-0.63593294333105,-0.765984932587223,0.0941083133185143,12
"1808",4.01949326734294,0.0942477796076938,-0.950804932210955,-0.167652562939474,-0.260504508642648,12
"1809",3.31612557878923,-0.263544717051144,0.0660217082003405,0.994004532460699,-0.0871557427476582,12
"1810",1.50447381521911,-0.0872664625997165,0.694115238012894,0.694115238012894,-0.190808995376545,12
"1811",0.785398163397448,-0.191986217719376,-0.700523915560064,0.712858315427702,-0.0331551783885263,12
"1812",2.34746784393237,-0.0331612557878923,-0.850144864332021,0.502774271216684,-0.156434465040231,12
"1813",2.60752190247953,-0.15707963267949,-0.275234007495028,0.959855053174376,-0.0540788129847753,12
"1814",1.85004900711399,-0.0541052068118242,-0.613548526385122,0.760379024101914,-0.213030386274977,12
"1815",2.24972940582069,-0.214675497995303,0.414440622737449,0.909406947056656,0.034899496702501,12
"1816",1.14319066005629,0.0349065850398866,-0.551662319651804,-0.824063334567569,-0.128795596577563,12
"1817",4.12246769321061,-0.12915436464758,-0.00347458114853868,-0.995390134072904,0.095845752520224,12
"1818",4.7088983218807,0.0959931088596881,-0.896340867034946,0.322702568857639,-0.30403306092549,12
"1819",2.79601746169492,-0.308923277602996,-0.859858233946427,0.410131339181497,-0.30403306092549,12
"1820",2.69653369433124,-0.308923277602996,-0.696549313915209,-0.703882022254732,-0.139173100960065,12
"1821",3.93222680474322,-0.139626340159546,-0.887573509339855,-0.387771331508747,-0.248689887164855,12
"1822",3.55349035706046,-0.251327412287183,-0.509821848364389,-0.851850235009145,-0.120136838834647,12
"1823",4.17308224151844,-0.120427718387609,0.119109051524305,0.984264165247072,-0.130526192220052,12
"1824",1.45036860840729,-0.130899693899575,0.585499395038537,0.779811978371751,-0.221548497619467,12
"1825",0.926769832808989,-0.223402144255274,-0.675848917055006,-0.724759231353855,-0.133986185418292,12
"1826",3.96189740202713,-0.134390352403563,-0.899942150190057,-0.400680060382856,0.17192910027941,12
"1827",3.56047167406843,0.172787595947439,-0.0662657243533769,0.997678372001111,0.0157073173118207,12
"1828",1.63711883837068,0.015707963267949,0.0966567856616728,0.985782157756061,-0.137444546037147,12
"1829",1.47305788868321,-0.137881010907552,-0.80817992018551,0.536953455188069,-0.241921895599668,12
"1830",2.5551620249197,-0.244346095279206,0.988732285751463,0.00690276566735961,-0.14953534344371,12
"1831",0.00698131700797732,-0.150098315671512,0.506795667013598,-0.86036831292325,-0.0540788129847753,12
"1832",5.24471440224296,-0.0541052068118242,0.367653230477578,-0.923871771006371,-0.106264071336233,12
"1833",5.09112542806746,-0.106465084371654,-0.907444750470353,-0.396452863292672,-0.139173100960065,12
"1834",3.55349035706046,-0.139626340159546,0.462223170685955,-0.884151378846827,-0.0680152906652482,12
"1835",5.19409985393512,-0.0680678408277788,-0.333895143097728,-0.927429437957168,-0.168489379565003,12
"1836",4.36681378848981,-0.16929693744345,0.801237166732958,0.597223778208781,0.0366437087065563,12
"1837",0.640535835481919,0.0366519142918809,0.415385751004871,0.886753624579065,0.202787295356512,12
"1838",1.13271868454432,0.204203522483337,0.594386912656089,-0.800342656841888,-0.0784590957278449,12
"1839",5.35117948661461,-0.0785398163397448,0.45200409171984,-0.890948735963184,-0.043619387365336,12
"1840",5.18188254917116,-0.0436332312998582,-0.518789656372438,-0.836722058882605,-0.175366726091987,12
"1841",4.15737427825049,-0.176278254451427,0.483247989533943,-0.871802450758138,-0.0801989243288589,12
"1842",5.21853446346305,-0.0802851455917391,-0.790034667940104,0.612813704940024,-0.0174524064372835,12
"1843",2.48185819633594,-0.0174532925199433,-0.81744618648708,0.561815198654073,0.12706460860135,12
"1844",2.53945406165175,0.127409035395586,-0.568599881865534,0.821162513960188,0.0488497697956133,12
"1845",2.17642557723693,0.0488692190558412,-0.27269796479409,-0.957313643337957,-0.095845752520224,12
"1846",4.43488162931759,-0.0959931088596881,-0.443150571868921,-0.888822541206594,-0.116670737099333,12
"1847",4.24987672860619,-0.11693705988362,-0.994676025747607,-0.0887724703220691,-0.0523359562429438,12
"1848",3.2306044454415,-0.0523598775598299,-0.858467229117459,0.458378811629721,-0.230049737188104,12
"1849",2.65115513377939,-0.232128790515246,-0.806252470846574,0.590087606104845,-0.0418756537291996,12
"1850",2.50978346436785,-0.0418879020478639,-0.381007622901053,-0.915312025724465,-0.130526192220052,12
"1851",4.31794456943397,-0.130899693899575,0.0760626862059267,-0.988522827713995,-0.130526192220052,12
"1852",4.78918346747244,-0.130899693899575,0.457172188523333,-0.885754888542694,-0.0801989243288589,12
"1853",5.18886386617914,-0.0802851455917391,-0.224527113682801,-0.957276234150766,-0.182235525492147,12
"1854",4.48200551912144,-0.183259571459405,-0.934876775633863,0.278698871207047,-0.219846204352837,12
"1855",2.85186799775873,-0.22165681500328,-0.724804771590006,0.685413800161001,0.0697564737441253,12
"1856",2.38411975822425,0.0698131700797732,0.943828100607531,0.258202150317328,-0.20620418539663,12
"1857",0.267035375555132,-0.207694180987325,0.0329009424212249,-0.991786369605554,-0.123601476740493,12
"1858",4.74555023617258,-0.123918376891597,-0.0429828888368132,-0.984470008512647,-0.170209499166033,12
"1859",4.66875574908483,-0.171042266695444,-0.863623955950414,0.494602103092126,0.0975828997591495,12
"1860",2.62148453649548,0.0977384381116825,0.756930727288355,-0.648768097538936,-0.0784590957278449,12
"1861",5.57458163086989,-0.0785398163397448,0.571305684757608,-0.815909074927017,-0.0888942968664415,12
"1862",5.32325421858271,-0.0890117918517108,0.0724710848027082,-0.986868395025439,-0.144356201000973,12
"1863",4.78569280896845,-0.144862327915529,-0.781535619572661,0.621661501963339,-0.0523359562429438,12
"1864",2.46964089157198,-0.0523598775598299,0.831495624974946,0.539979572569239,0.130526192220052,12
"1865",0.575958653158129,0.130899693899575,0.135090764860332,-0.986186633945767,-0.095845752520224,12
"1866",4.84852466204025,-0.0959931088596881,0.933223863357427,0.308634284336647,-0.18395135061272,12
"1867",0.319395253114962,-0.185004900711399,0.524600322710661,-0.849400308577804,-0.0575640269595673,12
"1868",5.26565835326689,-0.0575958653158129,-0.991743372262075,-0.12704525604601,-0.0174524064372835,12
"1869",3.26900168898538,-0.0174532925199433,-0.928215108556367,0.276712941998787,-0.248689887164855,12
"1870",2.85186799775873,-0.251327412287183,0.994387284449858,-0.0364625264524961,-0.099319749743639,12
"1871",6.2465333928877,-0.0994837673636768,-0.942568117538557,0.221077356075919,-0.250380004054441,12
"1872",2.91120919232654,-0.253072741539178,0.988762923040652,-0.0934656146655199,-0.116670737099333,12
"1873",6.18893752757189,-0.11693705988362,-0.0992331114916349,0.976931780128042,0.189095442989891,12
"1874",1.67202542341057,0.190240888467382,0.969523961181142,0.238137925362226,-0.0575640269595673,12
"1875",0.240855436775218,-0.0575958653158129,-0.923608086031127,0.319827975357078,-0.211324796455389,12
"1876",2.80823476645888,-0.212930168743308,0.93950816081115,0.33639262322589,-0.064532308252958,12
"1877",0.343829862642883,-0.0645771823237902,0.958426058630418,-0.260398596852709,-0.116670737099333,12
"1878",6.01789526087645,-0.11693705988362,-0.78099239364914,-0.229858561491117,-0.58070295571094,12
"1879",3.42782665091686,-0.619591884457987,0.029233351239807,-0.984974181168694,0.170209499166033,12
"1880",4.74205957766859,0.171042266695444,0.850125691837616,0.525048328542944,-0.0401317925325597,12
"1881",0.553269372882202,-0.0401425727958696,-0.335916627112879,0.933044325812733,-0.128795596577563,12
"1882",1.91637151868977,-0.12915436464758,0.673472779472791,-0.727284444041909,-0.132256390257122,12
"1883",5.45938990023826,-0.132645023151569,0.985945792775615,0.145591807844907,-0.0819385086300409,12
"1884",0.146607657167524,-0.0820304748437335,0.591671901667047,-0.799598683814914,0.102792536787247,12
"1885",5.34943415736262,0.102974425867665,0.702058980632423,-0.70697746566288,0.0854169231373675,12
"1886",5.49429648527815,0.0855211333477222,-0.918898762387732,-0.393840512616024,-0.0226873335727814,12
"1887",3.54650904005248,-0.0226892802759263,-0.793977864041413,-0.607041914169245,-0.0331551783885263,12
"1888",3.79434579383567,-0.0331612557878923,0.922646902041848,0.365301750748815,-0.123601476740493,12
"1889",0.376991118430775,-0.123918376891597,0.865043731789189,0.491413234347534,-0.101056297182946,12
"1890",0.516617458590322,-0.101229096615671,-0.265844861109535,-0.714835289379633,-0.646789779510459,12
"1891",4.35634181297785,-0.703367688553715,0.794062209385336,0.594034428234853,-0.128795596577563,12
"1892",0.642281164733913,-0.12915436464758,0.153653814851393,0.98121274160414,-0.116670737099333,12
"1893",1.4154620233674,-0.11693705988362,0.860901035476404,-0.294752305522637,-0.414693242656239,12
"1894",5.95331807855266,-0.427605666738611,0.417919109322728,-0.904459820724305,0.0854169231373675,12
"1895",5.14523063487928,0.0855211333477222,-0.934620653677042,-0.355029081583083,-0.020942419883357,12
"1896",3.50462113800461,-0.020943951023932,-0.860770455786604,0.356542796876882,-0.363251230472978,12
"1897",2.74889357189107,-0.371755130674792,0.234590424933812,0.96232859735852,-0.137444546037147,12
"1898",1.33168621927167,-0.137881010907552,0.784770389369021,0.604354558793294,-0.137444546037147,12
"1899",0.656243798749868,-0.137881010907552,-0.900256027211789,0.289040589316115,-0.325568154457157,12
"1900",2.8309240467348,-0.331612557878923,0.110003752949575,0.980705551805332,-0.161603821103361,12
"1901",1.45909525466726,-0.162315620435473,-0.775619118063644,0.505619742010314,-0.377840786818467,12
"1902",2.56388867117967,-0.387463093942741,-0.839349034950502,0.418483991563717,-0.346935651573256,12
"1903",2.6790804018113,-0.354301838154849,0.856837982006477,0.183690146933814,-0.481753674101715,12
"1904",0.211184839491314,-0.502654824574367,0.822061053337337,0.383333364642165,-0.421035813367491,12
"1905",0.436332312998582,-0.434586983746588,0.787166111252589,-0.482376013372633,0.384295322659804,12
"1906",5.73340659280137,0.394444410950718,-0.831083020288003,0.403552232037247,-0.38268343236509,12
"1907",2.68955237732326,-0.392699081698724,0.895664204325822,-0.427209910976983,-0.123601476740493,12
"1908",5.83812634792103,-0.123918376891597,-0.895664295101056,0.172477757427587,0.409923033841573,12
"1909",2.95135176512241,0.422369678982628,-0.181164367587895,0.874809641807454,-0.449318998615897,12
"1910",1.77499984927823,-0.466002910282486,0.935251475954595,-0.318385573002015,-0.154710386299468,12
"1911",5.95506340780465,-0.155334303427495,-0.635268580575867,-0.765184703780744,0.104528463267653,12
"1912",4.01949326734294,0.10471975511966,0.232708599680203,-0.84484324292994,-0.481753674101715,12
"1913",4.98116968519182,-0.502654824574367,-0.823813230714431,0.396474533307432,0.405141586779863,12
"1914",2.69304303582725,0.417133691226645,0.364584324873551,-0.830546274399249,0.421035813367491,12
"1915",5.12603201310735,0.434586983746588,0.785291640071054,0.354572771314553,-0.507538362960704,12
