"births_X.1","births_X.2","births_X.3","deaths_X.1","deaths_X.2","deaths_X.3","theta_birth","theta_death","phi_birth","phi_death","probs_delta_time","delta_theta","delta_phi","area_birth"
0.978078304273894,-0.206113426711086,-0.0296662440851108,0.979282836377239,-0.201017897331724,-0.0244321781526532,6.07549112619226,6.08072711394824,-0.0296705972839036,-0.0244346095279206,0.000521920668058455,0.00523598775598266,0.00523598775598299,28
-0.587351433139321,0.702464432430935,-0.40194777665596,-0.593760446905044,0.695204161633558,-0.405141586779863,2.26718269834063,2.2776546738526,-0.413643032722656,-0.417133691226645,0.00104384133611691,0.0104719755119658,-0.00349065850398866,43
-0.834204355938476,0.417738423749417,-0.359996808120051,-0.841227869872706,0.404855633143625,-0.3583679495453,2.6773350725593,2.69304303582725,-0.368264472170804,-0.366519142918809,0.00156576200417537,0.0157079632679493,0.00174532925199433,320
-0.968370734835409,-0.0202844752523045,0.248689887164855,-0.971426631915195,-0.0322255403608722,0.23514211310259,3.16253660461372,3.17475390937769,0.251327412287183,0.237364778271229,0.00260960334029228,0.0122173047639609,-0.0139626340159547,111
-0.230516059869777,-0.866343041758723,-0.44307119082418,-0.139998578103333,-0.883916234552273,-0.446197813109809,4.45233492183753,4.5553093477052,-0.459021593274509,-0.462512251778497,0.00313152400835073,0.102974425867665,-0.00349065850398866,142
-0.868725376794561,0.153179722755009,0.47101188121941,-0.874523013906402,0.16208326016806,0.457097927058694,2.96705972839036,2.95833308213039,0.490437519810407,0.474729556542458,0.00365344467640919,-0.00872664625997155,-0.015707963267949,10
-0.00868636025999749,0.99535829673001,0.095845752520224,-0.00868636025999749,0.99535829673001,0.095845752520224,1.57952297305487,1.57952297305487,0.0959931088596881,0.0959931088596881,0.00417536534446764,0,0,178
-0.145985254674018,0.943007375360667,-0.299040792256087,-0.147630889847285,0.942751146872679,-0.299040792256087,1.7243853009704,1.72613063022239,-0.303687289847013,-0.303687289847013,0.00521920668058455,0.00174532925199422,0,18
-0.0704541463668123,0.982886025769709,0.170209499166033,-0.0720807119486005,0.981552528248452,0.177084740319583,1.64235482612666,1.64410015537866,0.171042266695444,0.178023583703422,0.00521920668058455,0.00174532925199422,0.0069813170079773,89
-0.704826778930399,0.512086629769968,0.490903753615141,-0.68711663814749,0.546557252922565,0.478691857940607,2.51327412287183,2.46964089157198,0.513126800086333,0.499164166070378,0.00626304801670146,-0.0436332312998582,-0.0139626340159546,224
-0.547627286798508,0.67868193631037,0.489382451748846,-0.529991317746696,0.688207752781314,0.495458668432408,2.24972940582069,2.22704012554476,0.511381470834338,0.518362787842316,0.00678496868475992,-0.0226892802759262,0.00698131700797744,73
-0.410932974056071,0.82061418693426,-0.397147890634781,-0.422501275860171,0.818581225855938,-0.389123950140206,2.03505390782539,2.04727121258935,-0.408407044966673,-0.399680398706701,0.00730688935281837,0.01221730476396,0.00872664625997172,85
0.582161449807893,-0.758687572479669,0.292371704722737,0.530911989471677,-0.787109393306155,0.313992455967405,5.36688744988256,5.30580092606276,0.296705972839036,0.319395253114962,0.00782881002087683,-0.0610865238198013,0.0226892802759263,34
-0.546607509287426,-0.720128799168406,0.427357863387192,-0.546607509287426,-0.720128799168406,0.427357863387192,4.0631264986428,4.0631264986428,0.441568300754565,0.441568300754565,0.00835073068893528,0,0,77
-0.143444972310658,-0.916020436501348,-0.374606593415912,-0.0753125789277402,-0.916044642647446,-0.393941909590951,4.55705467695719,4.63035850554096,-0.383972435438752,-0.404916386462684,0.00887265135699374,0.0733038285837626,-0.020943951023932,34
0.822584079875681,-0.217336088707018,0.525471651072268,0.822584079875681,-0.217336088707018,0.525471651072268,6.02487657788443,6.02487657788443,0.553269372882202,0.553269372882202,0.0109603340292276,0,0,92
0.196918830682833,-0.873797763532096,0.444635179184927,0.196918830682833,-0.873797763532096,0.444635179184927,4.93404579538797,4.93404579538797,0.460766922526503,0.460766922526503,0.0109603340292276,0,0,42
-0.0225396149542029,-0.922262702409296,-0.385906042324319,-0.0564827020709082,-0.923484015758945,-0.379456159529005,4.68795437085677,4.65130245656489,-0.396189740202713,-0.389208423194735,0.0109603340292276,-0.0366519142918813,0.00698131700797733,293
0.870108144523918,0.445256832891123,-0.211324796455389,0.899100042031157,0.372419431339525,-0.230049737188104,0.472984227290463,0.392699081698724,-0.212930168743308,-0.232128790515246,0.011482254697286,-0.080285145591739,-0.0191986217719377,15
0.932194266939666,-0.0700920390207338,-0.355106962408137,0.934790081098723,0.00815778944986124,-0.355106962408137,6.20813614934383,0.00872664625997165,-0.363028484414821,-0.363028484414821,0.0125260960334029,0.0837758040957279,0,25
0.91115370382856,-0.160660981557425,-0.379456159529005,0.910587341285746,-0.163840522721501,-0.379456159529005,6.10865238198015,6.10516172347617,-0.389208423194735,-0.389208423194735,0.0130480167014614,-0.00349065850398844,0,19
-0.630596611286164,0.705283928657284,-0.323917418198149,-0.646879409717406,0.686451754859289,-0.332161131883703,2.30034395412853,2.32652389290844,-0.329867228626928,-0.3385938748869,0.0135699373695198,0.0261799387799146,-0.00872664625997166,33
-0.469246511379778,-0.812758798984223,0.345298198998535,-0.450955232361547,-0.827110405422295,0.335451569750255,4.18879020478639,4.21322481431431,0.352556508902855,0.342084533390889,0.0140918580375783,0.0244346095279209,-0.0104719755119659,79
-0.650430883737743,-0.68781137469348,-0.322265695230511,-0.60439757197204,-0.738429535948525,-0.299040792256087,3.95491608501915,4.02647458435092,-0.328121899374934,-0.303687289847013,0.0146137787056367,0.0715584993317666,0.0244346095279206,45
-0.263167742212675,-0.917774985345484,0.297374874077786,-0.243756643970738,-0.922581867959139,0.299040792256087,4.4331363000656,4.45408025108953,0.301941960595019,0.303687289847013,0.0151356993736952,0.0209439510239315,0.00174532925199428,44
-0.815048340339122,-0.011380961283412,0.579281172342679,-0.808735994168888,0.12375399734274,0.575005252043279,3.15555528760575,2.98974900866629,0.617846555205993,0.61261056745001,0.0156576200417537,-0.165806278939461,-0.005235987755983,74
-0.637965989762361,-0.711024714792446,-0.295708050044047,-0.642290986384743,-0.718363375430547,-0.267238376078257,3.98109602379907,3.98284135305106,-0.300196631343025,-0.270526034059121,0.017223382045929,0.00174532925199378,0.0296705972839036,126
-0.973817435282201,0.0578554160995087,-0.219846204352837,-0.964051160932737,0.126919743138823,-0.233445363855905,3.08225145902199,3.01069295969022,-0.22165681500328,-0.235619449019234,0.0182672233820459,-0.0715584993317671,-0.0139626340159547,134
-0.990230857857462,0.11282255514905,-0.0819385086300409,-0.985142769334928,0.148988836054431,-0.0854169231373675,3.02814625221016,2.99149433791828,-0.0820304748437335,-0.0855211333477222,0.0182672233820459,-0.0366519142918804,-0.00349065850398866,27
-0.70592724603644,0.579855177163088,-0.4067366430758,-0.797180587396685,0.46025242672622,-0.390731128489274,2.45393292830403,2.61799387799149,-0.418879020478639,-0.401425727958696,0.0187891440501044,0.164060949687467,0.0174532925199433,58
-0.557072647611383,-0.761143250478503,0.332161131883703,-0.586152795036129,-0.729027047294244,0.353474843779257,4.08057979116274,4.03520123061089,0.3385938748869,0.361283155162826,0.0208768267223382,-0.0453785605518533,0.0226892802759263,188
-0.578862379845894,-0.770972304083928,-0.265556117486809,-0.572349188373373,-0.77348553550785,-0.272280247040574,4.06836248639878,4.07534380340676,-0.268780704807127,-0.275762021815104,0.0208768267223382,0.00698131700797777,-0.00698131700797738,102
-0.877579106917162,-0.123335700203517,0.463296035119862,-0.881076612772557,0.0199944253958422,0.472550764869054,3.28121899374934,3.11890337331387,0.481710873550435,0.492182849062401,0.0213987473903967,-0.162315620435473,0.0104719755119659,121
-0.915863689025767,-0.252270889723865,0.312334918512233,-0.903477109900796,-0.297048159517575,0.309016994374947,3.41037335839692,3.45924257745276,0.317649923862968,0.314159265358979,0.0219206680584551,0.0488692190558413,-0.00349065850398866,427
0.486075656620583,-0.726091147025776,-0.486335380423491,0.410642874798497,-0.77885351602193,-0.474088209047116,5.30231026755877,5.19759051243911,-0.50789081233035,-0.493928178314395,0.0224425887265136,-0.104719755119659,0.0139626340159547,33
0.421118596726541,-0.867259520533733,0.265556117486809,0.421599640781517,-0.864407363102795,0.273959218692432,5.16442925665122,5.16617458590322,0.268780704807127,0.277507351067098,0.0234864300626305,0.00174532925199511,0.00872664625997166,45
-0.770831091957539,-0.557988653259375,-0.307356617799807,-0.751116529128167,-0.591070424575394,-0.294040325232304,3.76816585505576,3.80830842785163,-0.312413936106985,-0.29845130209103,0.0240083507306889,0.0401425727958689,0.0139626340159546,102
-0.894638921237274,0.285515699961888,0.343659694585616,-0.915064663886361,0.202864951956762,0.348572047321815,2.8326693759868,2.9234264970905,0.35081117965086,0.356047167406843,0.0245302713987474,0.0907571211037053,0.00523598775598294,188
-0.847919083126383,-0.35295464846397,-0.395545502562965,-0.84794954441987,-0.361681130797304,-0.387515586452103,3.53603706454051,3.54476371080048,-0.406661715714679,-0.397935069454707,0.0250521920668058,0.00872664625997244,0.00872664625997166,20
-0.345259944521914,0.872027077776926,0.346935651573256,-0.388684507505683,0.852890310327737,0.348572047321815,1.94778744522567,1.99840199353351,0.354301838154849,0.356047167406843,0.0260960334029228,0.0506145483078351,0.00174532925199433,139
0.822340035491629,0.476693845250311,-0.310676429630732,0.816146586578258,0.50603232304633,-0.278991106039229,0.525344104850293,0.555014702134197,-0.315904594610974,-0.282743338823081,0.0260960334029228,0.0296705972839035,0.0331612557878923,40
0.252568847455,-0.820987869478222,-0.512042864870571,0.260841229979763,-0.837464772540359,-0.480223497443189,5.01084028247572,5.01433094097971,-0.537561409614253,-0.500909495322373,0.0266179540709812,0.00349065850398844,0.0366519142918809,33
-0.948044542398499,0.113047467444619,0.297374874077786,-0.944269285361492,0.0875972131208673,0.317304656405092,3.02291026445418,3.04909020323409,0.301941960595019,0.322885911618951,0.0271398747390397,0.0261799387799151,0.0209439510239319,176
-0.900894022490915,-0.320793931547434,0.292371704722737,-0.881922744098302,-0.367109006401734,0.295708050044047,3.48367718698068,3.53603706454051,0.296705972839036,0.300196631343025,0.0281837160751566,0.0523598775598297,0.00349065850398866,60
-0.0906239394001668,0.94116559563711,-0.325568154457157,-0.126837923291951,0.938113512797135,-0.322265695230511,1.66678943565458,1.70518667919846,-0.331612557878923,-0.328121899374934,0.028705636743215,0.0383972435438755,0.00349065850398866,471
-0.934313596015687,-0.0571450675745401,0.351841648404702,-0.918993202181492,-0.132428943448705,0.371367835550235,3.20267917740959,3.28470965225333,0.359537825910832,0.380481776934764,0.0292275574112735,0.0820304748437337,0.0209439510239319,399
-0.0250958026476598,0.898443620018696,0.438371146789077,0.017283817755353,0.900152853565968,0.435231099372328,1.59872159482681,1.55159770502296,0.453785605518526,0.450294947014537,0.0297494780793319,-0.0471238898038466,-0.00349065850398861,237
0.370909317888373,0.878065331892307,0.302369890750444,0.313086530689996,0.904139955392784,0.290702193598252,1.1711159280882,1.23743843966398,0.307177948351002,0.294960643587042,0.0313152400835073,0.0663225115757848,-0.0122173047639603,122
0.538456378889987,0.746588181839347,0.390731128489274,0.561996836282979,0.719323147919382,0.408330460381385,0.945968454580927,0.907571211037051,0.401425727958696,0.420624349730633,0.0318371607515658,-0.0383972435438755,0.0191986217719377,54
-0.561612673832331,-0.721423245572525,0.405141586779863,-0.548084102379432,-0.72997948727595,0.408330460381385,4.05090919387884,4.06836248639878,0.417133691226645,0.420624349730633,0.0323590814196242,0.017453292519944,0.00349065850398866,75
-0.898502873629974,0.368502884241477,0.238533457578581,-0.874055234571853,0.405722931652377,0.267238376078257,2.75238423039506,2.70700566984321,0.240855436775218,0.270526034059121,0.0334029227557411,-0.0453785605518524,0.0296705972839036,29
0.0852910971854546,0.902285560997277,0.422618261740699,0.0972273394141699,0.909779115094595,0.40354529635239,1.4765485471872,1.46433124242324,0.436332312998582,0.41538836197465,0.0339248434237996,-0.01221730476396,-0.020943951023932,48
0.90618614915848,0.337007607964471,0.255445757935791,0.920787613553003,0.290323219368031,0.260504508642648,0.356047167406843,0.305432619099008,0.258308729295161,0.263544717051144,0.034446764091858,-0.0506145483078355,0.00523598775598294,62
0.67648157306593,-0.639716822940966,-0.36487678433762,0.666104996446336,-0.647758804799066,-0.369746757273829,5.52571241181405,5.51174977779809,-0.373500459926786,-0.378736447682769,0.0349686847599165,-0.0139626340159547,-0.005235987755983,12
-0.538551569163604,-0.743979813404659,0.395545502562965,-0.5540320951862,-0.72991032985864,0.400349032556895,4.08581577891873,4.0631264986428,0.406661715714679,0.411897703470662,0.0360125260960334,-0.0226892802759258,0.005235987755983,100
-0.624877994217675,-0.665427477240925,0.408330460381385,-0.782648055943401,-0.435616319665829,0.444635179184927,3.95840674352314,3.64948346592014,0.420624349730633,0.460766922526503,0.0360125260960334,-0.308923277602996,0.0401425727958696,12
-0.890513516392275,-0.327645177893757,-0.315649036947102,-0.867142414911058,-0.227490553922271,-0.44307119082418,3.49414916249265,3.39815605363296,-0.321140582366957,-0.459021593274509,0.0365344467640919,-0.0959931088596884,-0.137881010907552,150
0.155538714880413,0.882103885947986,-0.444635179184927,0.150145033151725,0.887710740702749,-0.435231099372328,1.39626340159546,1.40324471860344,-0.460766922526503,-0.450294947014537,0.0370563674321503,0.00698131700797777,0.0104719755119659,23
0.249772671910569,0.755242789512127,-0.605988400265711,0.358444016495263,0.694472559463999,-0.623879596709386,1.25140107367993,1.09432144100044,-0.651007810993885,-0.673697091269811,0.0375782881002088,-0.15707963267949,-0.0226892802759264,93
-0.644321832762569,0.703153893518325,-0.300705799504273,-0.640982875826717,0.706905621327037,-0.299040792256087,2.31256125889249,2.3073252711365,-0.305432619099008,-0.303687289847013,0.0386221294363257,-0.00523598775598355,0.00174532925199433,344
0.919393822090032,0.2207269279133,-0.325568154457157,0.883362505967342,0.305891693742024,-0.355106962408137,0.235619449019234,0.333357887130917,-0.331612557878923,-0.363028484414821,0.0391440501043841,0.0977384381116826,-0.0314159265358979,61
-0.935647538606664,-0.0277693706654277,0.351841648404702,-0.914909500030706,-0.00958126011679543,0.40354529635239,3.1712632508737,3.15206462910176,0.359537825910832,0.41538836197465,0.040187891440501,-0.0191986217719373,0.0558505360638185,368
-0.280340959108649,0.873159851732369,0.398749068925246,-0.272401940008874,0.879988485439829,0.389123950140206,1.88146493364989,1.87099295813792,0.410152374218667,0.399680398706701,0.0407098121085595,-0.0104719755119658,-0.010471975511966,16
0.465252070234625,0.774309474612587,0.428935133403146,0.457363899047139,0.785829858075812,0.416280792260401,1.02974425867665,1.04370689269261,0.44331363000656,0.429350995990605,0.0417536534446764,0.0139626340159547,-0.0139626340159545,41
0.712320928957647,0.664250012424599,0.226651307436855,0.746410773670208,0.62631300489342,0.224951054343865,0.750491578357562,0.698131700797732,0.228638132011257,0.226892802759263,0.0417536534446764,-0.0523598775598302,-0.00174532925199433,4
0.789467398242761,-0.579921457388346,0.201077921145965,0.803576653096043,-0.556422854492921,0.211324796455389,5.64963078870564,5.67755605673755,0.202458193231342,0.212930168743308,0.0422755741127349,0.0279252680319093,0.0104719755119659,661
-0.524293154298305,-0.751556611631281,0.400349032556895,-0.530151695927767,-0.73507345493371,0.422618261740699,4.10326907143867,4.08756110817072,0.411897703470662,0.436332312998582,0.0427974947807933,-0.0157079632679489,0.0244346095279206,7
-0.669655268661104,-0.67907130943585,-0.300705799504273,-0.636255477363782,-0.716631791266664,-0.285688367404974,3.93397213399522,3.98633201155505,-0.305432619099008,-0.289724655831059,0.0454070981210856,0.0523598775598297,0.0157079632679489,102
-0.775327429273647,-0.513178030635201,0.368124552684678,-0.792490628006311,-0.476176409317412,0.381070376350274,3.72627795300789,3.68264472170804,0.376991118430775,0.39095375244673,0.0454070981210856,-0.0436332312998582,0.0139626340159546,73
-0.757177972655735,-0.564383067063383,-0.328866646738583,-0.811542893315197,-0.489553971816895,-0.31895930929807,3.78212848907171,3.68439005096003,-0.335103216382911,-0.324631240870945,0.0454070981210856,-0.0977384381116826,0.0104719755119659,19
-0.278423668810168,-0.888451007595649,0.36487678433762,-0.205117499872737,-0.917642944201457,0.34037955021305,4.40870169053768,4.4924774946334,0.373500459926786,0.347320521146872,0.0459290187891441,0.083775804095727,-0.0261799387799149,114
-0.915186411993701,-0.110749724869987,0.387515586452103,-0.928723623234945,-0.0275638736545558,0.369746757273829,3.2620203719774,3.1712632508737,0.397935069454707,0.378736447682769,0.0464509394572025,-0.0907571211037053,-0.0191986217719377,154
0.29642691432236,0.870748339878135,0.392337116603562,0.439385131714301,0.802553362599814,0.40354529635239,1.24267442741996,1.06988683147252,0.40317105721069,0.41538836197465,0.046972860125261,-0.172787595947439,0.0122173047639602,33
0.82410274606347,-0.541334322807439,0.166768746716102,0.830408250272165,-0.53106823182499,0.168489379565003,5.70199066626547,5.71420797102943,0.167551608191456,0.16929693744345,0.0480167014613779,0.0122173047639604,0.00174532925199433,100
0.841604477968844,0.491793949092388,-0.223250116010951,0.86776486862405,0.449806584194777,-0.211324796455389,0.528834763354282,0.478220215046446,-0.225147473507269,-0.212930168743308,0.0490605427974948,-0.0506145483078355,0.0122173047639604,74
-0.182358785385217,-0.929490496810235,0.320612990585676,-0.176276614994607,-0.932917623695469,0.313992455967405,4.51865743341332,4.5256387504213,0.32637657012294,0.319395253114962,0.0490605427974948,0.00698131700797777,-0.00698131700797733,17
-0.580136405200905,-0.696301340084766,0.422618261740699,-0.586917160420958,-0.689625330557019,0.42419942274539,4.01774793809095,4.00727596257898,0.436332312998582,0.438077642250577,0.0495824634655532,-0.0104719755119653,0.00174532925199433,54
-0.540356930070474,-0.783291961927017,-0.307356617799807,-0.441364287076201,-0.844252014482639,-0.30403306092549,4.10850505919465,4.23067810683425,-0.312413936106985,-0.308923277602996,0.0506263048016701,0.122173047639603,0.00349065850398861,62
-0.67033038590488,-0.618563076863415,0.409923033841573,-0.647956934581274,-0.654778101615594,0.389123950140206,3.88684824419137,3.93222680474322,0.422369678982628,0.399680398706701,0.0506263048016701,0.0453785605518529,-0.0226892802759264,49
-0.790720732977627,-0.531342281682535,-0.30403306092549,-0.684105013761201,-0.665263056778024,-0.299040792256087,3.73325927001587,3.91302818297129,-0.308923277602996,-0.303687289847013,0.0521920668058455,0.179768912955415,0.005235987755983,25
-0.820175829973182,-0.417900458431551,0.390731128489274,-0.821284146580692,-0.393493431501168,0.413104429824542,3.61283155162826,3.58839694210034,0.401425727958696,0.425860337486616,0.0521920668058455,-0.02443460952792,0.0244346095279206,30
-0.908169781529153,-0.173242651173293,0.381070376350274,-0.915460448754605,-0.13845037588399,0.377840786818467,3.33008821280518,3.2916909692613,0.39095375244673,0.387463093942741,0.0521920668058455,-0.038397243543876,-0.00349065850398866,102
-0.133510700631065,0.949977996884583,0.282341456842876,-0.248542294744887,0.927572471817676,0.278991106039229,1.71042266695444,1.83259571459405,0.28623399732707,0.282743338823081,0.0537578288100209,0.122173047639603,-0.00349065850398861,15
-0.0165982248672099,0.950911665781176,0.309016994374947,-0.0715477249184869,0.951554269406554,0.299040792256087,1.58824961931484,1.64584548463065,0.314159265358979,0.303687289847013,0.0537578288100209,0.0575958653158128,-0.010471975511966,35
-0.929421674581788,0.0649914946547034,0.363251230472978,-0.926789153426594,0.126954322124329,0.353474843779257,3.07177948351002,3.00545697193423,0.371755130674792,0.361283155162826,0.0542797494780793,-0.0663225115757848,-0.010471975511966,42
0.425277912337962,0.841907168126749,0.332161131883703,0.307830737662829,0.894005376803361,0.325568154457157,1.10304808726042,1.23918376891597,0.3385938748869,0.331612557878923,0.0553235908141962,0.136135681655557,-0.00698131700797727,48
0.547222991924542,0.734155965684733,0.40194777665596,0.502993892344157,0.783493507641201,0.36487678433762,0.930260491312978,1.00007366139275,0.413643032722656,0.373500459926786,0.0558455114822547,0.0698131700797733,-0.0401425727958696,25
0.927450859220958,0.16854638666786,-0.333806859233771,0.923739480737492,0.196346887904413,-0.328866646738583,0.179768912955416,0.20943951023932,-0.340339204138894,-0.335103216382911,0.0563674321503132,0.0296705972839035,0.00523598775598305,64
0.872495889229624,-0.381184081253299,-0.305695304963106,0.904505451016369,-0.292147300438624,-0.310676429630732,5.87128760370892,5.9707713710726,-0.310668606854991,-0.315904594610974,0.0568893528183716,0.0994837673636777,-0.005235987755983,64
0.92578093915057,-0.125170493914976,-0.356737999319625,0.92454127912663,-0.12500288530378,-0.359996808120051,6.14879495477602,6.14879495477602,-0.364773813666815,-0.368264472170804,0.0579331941544885,0,-0.00349065850398866,21
0.81368926866267,-0.47357846320529,-0.337095258423082,0.806652788624189,-0.486604072071853,-0.335451569750255,5.7560958730773,5.74038790980935,-0.343829862642883,-0.342084533390889,0.0579331941544885,-0.0157079632679498,0.00174532925199428,43
0.726537248855349,-0.624920621163346,0.285688367404974,0.799442214632092,-0.531148137498109,0.280666708920788,5.57283630161789,5.69675467850949,0.289724655831059,0.284488668075076,0.058455114822547,0.123918376891598,-0.005235987755983,61
-0.672221952493508,-0.686450456806315,-0.277314653302378,-0.640277797107053,-0.706128027838652,-0.302369890750444,3.93746279249921,3.97586003604308,-0.280998009571087,-0.307177948351002,0.0594989561586639,0.0383972435438751,-0.0261799387799149,63
-0.191055060785933,-0.883664653785143,-0.427357863387192,-0.24646230953497,-0.859516218134644,-0.44775908783877,4.49945881164138,4.4331363000656,-0.441568300754565,-0.464257581030492,0.0605427974947808,-0.0663225115757839,-0.0226892802759263,45
-0.927154462614378,-0.0778553354872343,0.366501226724297,-0.918891136968527,-0.107944899815536,0.379456159529005,3.22536845768552,3.25852971347341,0.375245789178781,0.389208423194735,0.0605427974947808,0.033161255787892,0.0139626340159546,30
0.240362133170435,-0.916205956761615,-0.320612990585676,0.253651267975524,-0.908476756290521,-0.332161131883703,4.96895238042786,4.98466034369581,-0.32637657012294,-0.3385938748869,0.0615866388308977,0.0157079632679498,-0.0122173047639603,11
-0.505049524321278,-0.732110963626072,-0.457097927058694,-0.461325660668004,-0.767774831731555,-0.444635179184927,4.10850505919465,4.17133691226645,-0.474729556542458,-0.460766922526503,0.0631524008350731,0.0628318530717964,0.0139626340159547,15
-0.816007137499967,-0.509897851162989,-0.272280247040574,-0.800413086272443,-0.539885443682894,-0.260504508642648,3.70009801422798,3.73500459926787,-0.275762021815104,-0.263544717051144,0.0631524008350731,0.0349065850398866,0.0122173047639604,56
-0.0497428547330379,0.918475495230118,0.392337116603562,-0.0158810139415244,0.909822679367492,0.414693242656239,1.62490153360672,1.58824961931484,0.40317105721069,0.427605666738611,0.06419624217119,-0.0366519142918804,0.0244346095279205,104
0.186666689594163,0.901379349788675,0.390731128489274,0.18823960823223,0.901052182241448,0.390731128489274,1.36659280431156,1.36484747505957,0.401425727958696,0.401425727958696,0.0647181628392484,-0.00174532925199422,0,28
0.40724070370871,0.838679127888477,0.361624570082092,0.422400736654613,0.829008123291458,0.366501226724297,1.11875605052837,1.09955742875643,0.370009801422798,0.375245789178781,0.0652400835073069,-0.0191986217719373,0.00523598775598305,44
0.0147971953368956,0.941941233497213,0.335451569750255,-0.101289921119381,0.947793648980195,0.302369890750444,1.55508836352695,1.67726141116655,0.342084533390889,0.307177948351002,0.0657620041753653,0.122173047639603,-0.0349065850398866,10
0.93699627216532,-0.0409101407444988,-0.346935651573256,0.941189506233696,0.0230021760763231,-0.337095258423082,6.23955207587973,0.0244346095279206,-0.354301838154849,-0.343829862642883,0.0673277661795407,0.0680678408277791,0.010471975511966,103
0.330171025758199,0.887803133592965,0.320612990585676,0.303002429406774,0.900353500827064,0.312334918512233,1.21474915938805,1.24616508592395,0.32637657012294,0.317649923862968,0.0678496868475992,0.0314159265358982,-0.00872664625997166,161
0.808506017291907,-0.519051638150349,0.277314653302378,0.812517823314774,-0.51365244560309,0.275637355816999,5.71246264177744,5.71944395878542,0.280998009571087,0.279252680319093,0.0683716075156576,0.00698131700797688,-0.00174532925199433,26
0.52632539795597,-0.826165386042109,0.201077921145965,0.551378587240135,-0.811328953223801,0.194234351219972,5.27962098728285,5.30929158456675,0.202458193231342,0.195476876223365,0.0694154488517745,0.0296705972839035,-0.00698131700797733,19
-0.518921117302463,-0.763569236545947,-0.384295322659804,-0.534255974616404,-0.754556771790524,-0.381070376350274,4.11548637620263,4.09628775443069,-0.394444410950718,-0.39095375244673,0.0704592901878914,-0.0191986217719373,0.00349065850398866,41
-0.534758833089854,-0.792812573506436,-0.292371704722737,-0.564192814824136,-0.770871725282466,-0.295708050044047,4.11897703470662,4.08057979116274,-0.296705972839036,-0.300196631343025,0.0709812108559499,-0.0383972435438746,-0.00349065850398866,28
0.504350471482102,-0.816613005296484,0.280666708920788,0.522757358113919,-0.811160637075903,0.262189178640865,5.26565835326689,5.28485697503883,0.284488668075076,0.265290046303138,0.0730688935281837,0.0191986217719373,-0.0191986217719377,155
-0.882185808430094,-0.338639404074957,-0.327217898979104,-0.888950236750789,-0.327070002978605,-0.320612990585676,3.5081117965086,3.49414916249265,-0.333357887130917,-0.32637657012294,0.0730688935281837,-0.0139626340159551,0.00698131700797733,35
-0.962532592183263,-0.090986118378456,-0.255445757935791,-0.958556463562352,-0.083862823911206,-0.272280247040574,3.23584043319749,3.22885911618951,-0.258308729295161,-0.275762021815104,0.0735908141962422,-0.00698131700797733,-0.0174532925199433,7
0.541403187045507,0.759019274702501,0.361624570082092,0.516151239946197,0.771017517019675,0.372987782575809,0.951204442336909,0.980875039620813,0.370009801422798,0.382227106186758,0.0762004175365344,0.0296705972839035,0.0122173047639603,71
0.758747000865386,0.610048251204352,-0.228350870110656,0.755082711663652,0.615830432583718,-0.224951054343865,0.6771877497738,0.684169066781777,-0.230383461263251,-0.226892802759263,0.0772442588726514,0.00698131700797733,0.00349065850398866,157
0.599220095103651,0.783747349393808,-0.163325962241622,0.548825767876615,0.819826144113794,-0.163325962241622,0.918043186549017,0.980875039620813,-0.164060949687467,-0.164060949687467,0.0777661795407098,0.062831853071796,0,127
0.892534910191602,-0.277993667802947,0.355106962408137,0.885987504074187,-0.286166166546346,0.36487678433762,5.98124334658457,5.9707713710726,0.363028484414821,0.373500459926786,0.0782881002087683,-0.0104719755119644,0.0104719755119659,8
-0.0949799490408998,-0.95157637400143,-0.292371704722737,-0.0466144203777103,-0.953101096620764,-0.299040792256087,4.61290521302101,4.66351976132885,-0.296705972839036,-0.303687289847013,0.0793319415448852,0.0506145483078351,-0.00698131700797733,44
-0.280352480810935,-0.883782997501355,0.374606593415912,-0.241931300146738,-0.909244668610822,0.338737920245291,4.40521103203369,4.45233492183753,0.383972435438752,0.345575191894877,0.0793319415448852,0.0471238898038466,-0.0383972435438752,653
-0.532711396874028,-0.738622567824638,-0.413104429824542,-0.506609327614243,-0.756763978551824,-0.413104429824542,4.08756110817072,4.12246769321061,-0.425860337486616,-0.425860337486616,0.0798538622129436,0.0349065850398871,0,10
-0.687278267038914,0.682496830525914,-0.248689887164855,-0.699751884979765,0.673386285190657,-0.238533457578581,2.35968514869633,2.37539311196428,-0.251327412287183,-0.240855436775218,0.0808977035490605,0.0157079632679489,0.010471975511966,326
-0.863251927121279,0.395227590024982,0.313992455967405,-0.870178354255825,0.383794383716199,0.309016994374947,2.71224165759919,2.72620429161514,0.319395253114962,0.314159265358979,0.0819415448851775,0.0139626340159547,-0.005235987755983,256
0.789630022073382,-0.565319571442558,0.238533457578581,0.763822252202312,-0.601068842717901,0.23514211310259,5.6618480934696,5.61646953291775,0.240855436775218,0.237364778271229,0.0835073068893528,-0.0453785605518515,-0.00349065850398869,55
0.684500974756336,-0.618494092174862,0.385906042324319,0.705169471800029,-0.575122187484123,0.414693242656239,5.54840169208997,5.59901624039781,0.396189740202713,0.427605666738611,0.0840292275574113,0.0506145483078368,0.0314159265358979,90
-0.286149005241349,-0.891249797333637,0.351841648404702,-0.3484468553494,-0.866788779829634,0.356737999319625,4.4017203735297,4.33016187419793,0.359537825910832,0.364773813666815,0.0845511482254697,-0.0715584993317666,0.005235987755983,133
-0.851744324710275,-0.151718772199141,-0.501510737159457,-0.851484248397288,-0.119668307005693,-0.510542917911606,3.31787090804122,3.28121899374934,-0.525344104850293,-0.535816080362259,0.0850730688935282,-0.0366519142918804,-0.010471975511966,294
-0.85138694323122,-0.418934312714733,-0.315649036947102,-0.868009695442854,-0.372029430663924,-0.328866646738583,3.59886891761231,3.54650904005248,-0.321140582366957,-0.335103216382911,0.0855949895615866,-0.0523598775598297,-0.0139626340159547,110
-0.826317891025462,-0.47515386154255,-0.302369890750444,-0.796100303747872,-0.528927777215214,-0.294040325232304,3.6634460999361,3.72802328225989,-0.307177948351002,-0.29845130209103,0.0861169102296451,0.0645771823237897,0.00872664625997166,274
-0.069417452088047,0.902160302950617,0.425779291565073,0.0459271315744054,0.906614939826668,0.419452082446177,1.64759081388265,1.52018177848706,0.439822971502571,0.432841654494594,0.0866388308977036,-0.127409035395586,-0.00698131700797727,334
0.936709076689735,-0.173608765652375,0.30403306092549,0.907189722135411,-0.237996768295949,0.346935651573256,6.09992573572018,6.02662190713642,0.308923277602996,0.354301838154849,0.0887265135699374,-0.0733038285837617,0.0453785605518526,369
0.930251144006553,-0.152334466891067,-0.333806859233771,0.92848370314168,-0.195662205023556,-0.315649036947102,6.12086968674411,6.07549112619226,-0.340339204138894,-0.321140582366957,0.0887265135699374,-0.0453785605518515,0.0191986217719377,201
0.685153189044308,-0.560791387299203,0.46484204572462,0.691960251685141,-0.548440937406399,0.469471562785891,5.59727091114581,5.61297887441376,0.483456202802429,0.488692190558412,0.0887265135699374,0.0157079632679507,0.00523598775598305,43
0.637195260565515,-0.685703765747796,-0.351841648404702,0.693875655791155,-0.638051373346128,-0.333806859233771,5.46113522949026,5.53967504583,-0.359537825910832,-0.340339204138894,0.0902922755741127,0.0785398163397444,0.0191986217719376,58
0.662496270011095,-0.602825223138991,0.444635179184927,0.647045311460566,-0.631425071974524,0.427357863387192,5.54491103358598,5.5100044485461,0.460766922526503,0.441568300754565,0.0902922755741127,-0.0349065850398862,-0.0191986217719375,89
-0.562287610951027,-0.78539502447062,0.258819045102521,-0.52838700257167,-0.816761951084518,0.231747903494157,4.09105176667471,4.13817565647856,0.261799387799149,0.23387411976724,0.0902922755741127,0.0471238898038475,-0.0279252680319092,71
-0.582002218199281,-0.742254943046426,-0.332161131883703,-0.494085758464691,-0.809442411976304,-0.317304656405092,4.04741853537485,4.16435559525847,-0.3385938748869,-0.322885911618951,0.0913361169102297,0.116937059883621,0.0157079632679489,60
-0.899925221050061,0.100942787065137,-0.42419942274539,-0.885464551206963,0.145000381056344,-0.441505852791745,3.02989158146216,2.97927703315432,-0.438077642250577,-0.457276264022514,0.0918580375782881,-0.0506145483078355,-0.0191986217719376,72
-0.646851367682758,-0.72092763031311,0.248689887164855,-0.638844474132127,-0.729746164020985,0.243615011786023,3.98109602379907,3.99331332856303,0.251327412287183,0.2460914245312,0.0923799582463466,0.01221730476396,-0.005235987755983,25
-0.944723644185175,0.199084497373192,0.260504508642648,-0.94871179052687,0.193017595273067,0.250380004054441,2.93389847260247,2.94087978961045,0.263544717051144,0.253072741539178,0.0934237995824635,0.00698131700797733,-0.0104719755119659,231
-0.377523424988911,0.88082814459696,-0.285688367404974,-0.453787515665562,0.846310140183305,-0.278991106039229,1.97571271325758,2.0629791758573,-0.289724655831059,-0.282743338823081,0.0934237995824635,0.0872664625997164,0.00698131700797733,22
-0.940727629898162,0.253827794962983,-0.224951054343865,-0.951655461784348,0.217958196850554,-0.216439613938103,2.87804793653865,2.91644518008252,-0.226892802759263,-0.218166156499291,0.0944676409185804,0.0383972435438755,0.00872664625997163,301
-0.305982122719283,0.909207480349807,-0.282341456842876,-0.284674447049666,0.925348751966881,-0.250380004054441,1.89542756766584,1.86924762888593,-0.28623399732707,-0.253072741539178,0.0944676409185804,-0.0261799387799151,0.0331612557878922,13
0.315998016315194,0.892350870096768,0.322265695230511,0.27710066571686,0.906355438043691,0.31895930929807,1.230457122656,1.27409035395586,0.328121899374934,0.324631240870945,0.0949895615866388,0.0436332312998582,-0.00349065850398866,37
-0.36154773643926,0.855903364732921,0.369746757273829,-0.417476916623095,0.830060455371994,0.369746757273829,1.9704767255016,2.03679923707738,0.378736447682769,0.378736447682769,0.0960334029227557,0.0663225115757844,0,22
0.703430972533927,0.64007293652165,0.309016994374947,0.691207578927428,0.646820612311388,0.322265695230511,0.738274273593601,0.752236907609556,0.314159265358979,0.328121899374934,0.0970772442588727,0.0139626340159547,0.0139626340159547,29
0.956639478282352,-0.0836951094310603,0.278991106039229,0.955082567024259,-0.108817913252206,0.275637355816999,6.19591884457987,6.16973890579995,0.282743338823081,0.279252680319093,0.0970772442588727,-0.0261799387799151,-0.00349065850398866,142
0.784529376617242,0.509479334261746,0.353474843779257,0.742638471523727,0.565738909172419,0.3583679495453,0.575958653158129,0.651007810993885,0.361283155162826,0.366519142918809,0.098643006263048,0.0750491578357559,0.00523598775598305,30
0.738057649356109,-0.578711119553077,-0.346935651573256,0.734472294760707,-0.584225643050106,-0.345298198998535,5.61821486216975,5.61123354516177,-0.354301838154849,-0.352556508902855,0.0991649269311065,-0.00698131700797688,0.00174532925199433,62
-0.341990333857038,-0.877159847631563,0.337095258423082,-0.420218779813869,-0.839157512544642,0.345298198998535,4.3406338497099,4.2481313993542,0.343829862642883,0.352556508902855,0.100208768267223,-0.0925024503556999,0.00872664625997166,47
-0.436530493271936,-0.831468064787266,-0.343659694585616,-0.501163155676589,-0.792761720228546,-0.346935651573256,4.22893277758226,4.14864763199052,-0.35081117965086,-0.354301838154849,0.100208768267223,-0.0802851455917404,-0.00349065850398861,77
0.858984667546612,-0.373497163350971,-0.350207381259467,0.850539490823055,-0.38940738226912,-0.353474843779257,5.87303293296092,5.85383431118898,-0.357792496658838,-0.361283155162826,0.100730688935282,-0.0191986217719373,-0.00349065850398861,106
-0.907259311373825,-0.30709033452259,-0.287360519849712,-0.844837708880417,-0.466375471328967,-0.262189178640865,3.46796922371273,3.64599280741615,-0.291469985083053,-0.265290046303138,0.101774530271399,0.178023583703422,0.026179938779915,22
-0.966327420336152,0.082843483382661,-0.243615011786023,-0.959816714704111,0.0907293923706034,-0.265556117486809,3.05607152024207,3.0473448739821,-0.2460914245312,-0.268780704807127,0.102296450939457,-0.00872664625997155,-0.0226892802759263,110
-0.717771464181247,-0.623949214595693,0.309016994374947,-0.715503371121336,-0.635253619077584,0.290702193598252,3.85717764690747,3.86764962241943,0.314159265358979,0.294960643587042,0.102818371607516,0.0104719755119653,-0.0191986217719377,85
-0.432730433241468,0.820746298313817,0.372987782575809,-0.395401358991622,0.828976188264651,0.395545502562965,2.05599785884932,2.01585528605345,0.382227106186758,0.406661715714679,0.103340292275574,-0.0401425727958693,0.0244346095279206,63
0.738588286881513,0.577048412446746,0.348572047321815,0.75634936680714,0.55356405515199,0.348572047321815,0.663225115757845,0.631809189221947,0.356047167406843,0.356047167406843,0.104906054279749,-0.0314159265358978,0,41
0.823273250322477,-0.477234810966392,-0.307356617799807,0.8373837245052,-0.450884680512959,-0.309016994374947,5.75784120232929,5.78925712886519,-0.312413936106985,-0.314159265358979,0.105427974947808,0.0314159265358978,-0.00174532925199439,3
0.672163962751008,-0.700926099381718,0.238533457578581,0.633107784323328,-0.728307193451249,0.262189178640865,5.47684319275821,5.42797397370236,0.240855436775218,0.265290046303138,0.106471816283925,-0.0488692190558417,0.0244346095279206,36
0.586791850935318,-0.722047210704044,-0.366501226724297,0.703760392994606,-0.631448086587836,-0.325568154457157,5.39481271791447,5.55189235059396,-0.375245789178781,-0.331612557878923,0.106471816283925,0.157079632679489,0.0436332312998582,33
0.675598156045812,0.663908458912226,-0.320612990585676,0.644330261155349,0.695813387039317,-0.317304656405092,0.776671517137477,0.823795406941324,-0.32637657012294,-0.322885911618951,0.107515657620042,0.0471238898038471,0.00349065850398866,18
0.848555136110038,-0.363691195883364,0.384295322659804,0.898300996110109,-0.260980564799019,0.353474843779257,5.8782689207169,6.00044196835651,0.394444410950718,0.361283155162826,0.107515657620042,0.122173047639603,-0.0331612557878923,164
0.11755198987775,-0.943763755853792,0.309016994374947,0.1275005042412,-0.943014067187178,0.307356617799807,4.83630735727629,4.84677933278825,0.314159265358979,0.312413936106985,0.1080375782881,0.0104719755119662,-0.00174532925199439,9
0.817973418116275,-0.493433112381328,-0.295708050044047,0.845154864010518,-0.421378671152543,-0.328866646738583,5.74038790980935,5.82067305540109,-0.300196631343025,-0.335103216382911,0.109081419624217,0.0802851455917404,-0.0349065850398866,277
-0.0821897003946822,-0.958701371763156,-0.272280247040574,0.031838708453994,-0.959765731517327,-0.278991106039229,4.62686784703697,4.74555023617258,-0.275762021815104,-0.282743338823081,0.109081419624217,0.118682389135613,-0.00698131700797727,16
-0.239535655894857,-0.95363141873767,0.182235525492147,-0.201808097742694,-0.966000878203673,0.161603821103361,4.46629755585349,4.50644012864936,0.183259571459405,0.162315620435473,0.109603340292276,0.0401425727958689,-0.020943951023932,84
-0.689384518188537,-0.682202837955439,0.243615011786023,-0.744009301191631,-0.630965772583577,0.219846204352837,3.92175482923126,3.84496034214351,0.2460914245312,0.22165681500328,0.111169102296451,-0.0767944870877502,-0.0244346095279206,272
-0.965281814569639,0.151159098253066,0.213030386274977,-0.957890677056126,0.167178685552734,0.233445363855905,2.9862583501623,2.96880505764235,0.214675497995303,0.235619449019234,0.113256784968685,-0.0174532925199435,0.0209439510239319,94
0.314064520288136,0.891834544015617,-0.325568154457157,0.285026404678378,0.898517072383493,-0.333806859233771,1.232202451908,1.26361837844389,-0.331612557878923,-0.340339204138894,0.114300626304802,0.0314159265358978,-0.00872664625997166,15
0.326547425487677,0.897181677908433,0.297374874077786,0.343253855075325,0.880400611973679,0.327217898979104,1.22173047639603,1.1990411961201,0.301941960595019,0.333357887130917,0.114300626304802,-0.0226892802759262,0.0314159265358979,51
0.13506966330343,0.824821272381168,-0.549022817998132,0.0818267012547368,0.865636080230632,-0.493941866584231,1.40848070635942,1.4765485471872,-0.581194640914112,-0.516617458590322,0.115344467640919,0.0680678408277786,0.0645771823237902,240
0.96063438354617,0.100966742252535,0.258819045102521,0.958879079921951,0.112642403493912,0.260504508642648,0.10471975511966,0.11693705988362,0.261799387799149,0.263544717051144,0.116910229645094,0.0122173047639604,0.00174532925199433,16
0.930366552596433,-0.00974313190987065,-0.366501226724297,0.941469110870761,-0.00164317524751831,-0.337095258423082,6.27271333166762,6.28143997792759,-0.375245789178781,-0.343829862642883,0.116910229645094,0.00872664625997199,0.031415926535898,48
0.866252410925775,-0.344723702228646,0.361624570082092,0.820294538989295,-0.416159171759489,0.392337116603562,5.90444885949682,5.81369173839311,0.370009801422798,0.40317105721069,0.117954070981211,-0.0907571211037048,0.0331612557878924,44
0.601154294046284,0.739720192990078,-0.302369890750444,0.559398033005067,0.767126181449714,-0.313992455967405,0.888372589265114,0.940732466824944,-0.307177948351002,-0.319395253114962,0.118475991649269,0.0523598775598297,-0.0122173047639603,111
0.38960442478833,-0.831716386508986,-0.395545502562965,0.367861204218754,-0.846022848939856,-0.385906042324319,5.15046662263527,5.12254135460336,-0.406661715714679,-0.396189740202713,0.118997912317328,-0.0279252680319093,0.010471975511966,30
0.00839266967803398,-0.961704689387084,-0.273959218692432,0.0101824478875356,-0.972316604737984,-0.233445363855905,4.72111562664466,4.72286095589666,-0.277507351067098,-0.235619449019234,0.119519832985386,0.00174532925199422,0.0418879020478639,76
0.0545868102779476,-0.892486458945721,0.44775908783877,0.095590671993957,-0.894464432555326,0.436801788367702,4.77347550420449,4.81885406475634,0.464257581030492,0.452040276266531,0.120041753653445,0.0453785605518533,-0.0122173047639604,17
0.0802145415499164,-0.935662140754481,-0.343659694585616,0.100353277975169,-0.939029258469915,-0.328866646738583,4.79791011373241,4.81885406475634,-0.35081117965086,-0.335103216382911,0.120563674321503,0.0209439510239333,0.015707963267949,22
-0.134286058726661,-0.898528999567952,-0.417867073801077,-0.104049074291348,-0.913227004641753,-0.393941909590951,4.56403599396517,4.59894257900506,-0.431096325242599,-0.404916386462684,0.12160751565762,0.0349065850398871,0.0261799387799149,45
-0.740617135870051,-0.632546791069883,0.226651307436855,-0.74372468902894,-0.62185036251667,0.245307385878803,3.8484510006475,3.83797902513553,0.228638132011257,0.247836753783195,0.12160751565762,-0.0104719755119662,0.0191986217719376,10
0.326190408187029,-0.896200780936546,-0.300705799504273,0.404940169746496,-0.860541664367945,-0.309016994374947,5.06145483078356,5.15221195188726,-0.305432619099008,-0.314159265358979,0.122129436325678,0.0907571211037039,-0.00872664625997166,251
-0.697348260292346,-0.599814130212386,-0.392337116603562,-0.700995413954069,-0.594487343417164,-0.393941909590951,3.85194165915149,3.84496034214351,-0.40317105721069,-0.404916386462684,0.126304801670146,-0.00698131700797733,-0.00174532925199428,31
-0.934136631731013,-0.0358859095956016,0.355106962408137,-0.936710046806397,-0.0819515101063972,0.34037955021305,3.17998989713367,3.22885911618951,0.363028484414821,0.347320521146872,0.126304801670146,0.0488692190558413,-0.015707963267949,134
-0.899013237550559,0.328992126142726,-0.289031796944472,-0.911891756798786,0.296291592616353,-0.284015344703923,2.79078147393893,2.82743338823081,-0.293215314335047,-0.287979326579064,0.126304801670146,0.0366519142918809,0.00523598775598305,71
-0.829032676817024,0.544572682027464,0.12706460860135,-0.825770502569431,0.546565572512016,0.139173100960065,2.56039801267568,2.55690735417169,0.127409035395586,0.139626340159546,0.126304801670146,-0.00349065850398844,0.0122173047639603,116
-0.783585844177859,0.601266565635948,-0.156434465040231,-0.773943589008932,0.59386780301985,-0.219846204352837,2.48709418409192,2.48709418409192,-0.15707963267949,-0.22165681500328,0.126304801670146,0,-0.0645771823237902,6
-0.588969971526554,0.672774978650219,-0.44775908783877,-0.594541384175577,0.672006788993402,-0.441505852791745,2.28987197861656,2.29510796637254,-0.464257581030492,-0.457276264022514,0.126304801670146,0.00523598775598311,0.00698131700797738,13
-0.96224452991503,-0.0892647261412165,-0.257132793154696,-0.962398430424751,-0.057177002206376,-0.265556117486809,3.23409510394549,3.2009338481576,-0.260054058547155,-0.268780704807127,0.126826722338205,-0.0331612557878924,-0.0087266462599716,61
-0.936769224034982,0.0458156585496448,0.346935651573256,-0.929255822370597,0.0960292477934553,0.356737999319625,3.09272343453395,3.03861822772213,0.354301838154849,0.364773813666815,0.127870563674322,-0.054105206811824,0.010471975511966,333
0.922219596414899,-0.127968543946471,0.36487678433762,0.919470139700179,-0.124317240352715,0.372987782575809,6.14530429627203,6.14879495477602,0.373500459926786,0.382227106186758,0.128914405010438,0.00349065850398844,0.00872664625997166,26
0.361268396912895,-0.842902322587402,-0.398749068925246,0.361945933974223,-0.84857036677998,-0.385906042324319,5.11730536684737,5.11556003759538,-0.410152374218667,-0.396189740202713,0.129958246346555,-0.00174532925199333,0.0139626340159547,21
0.908237523355535,-0.179835872354226,-0.377840786818467,0.899000753107593,-0.21583098521816,-0.381070376350274,6.08770843095622,6.04756585816035,-0.387463093942741,-0.39095375244673,0.132045929018789,-0.0401425727958689,-0.00349065850398866,70
0.827363552982383,-0.38054471649953,0.413104429824542,0.80216510843987,-0.426518753907232,0.417867073801077,5.85208898193699,5.79449311662117,0.425860337486616,0.431096325242599,0.132045929018789,-0.0575958653158128,0.00523598775598305,20
0.00169567223799515,-0.971547640244091,-0.236838146065619,-0.0217754228239624,-0.959558247041008,-0.280666708920788,4.71413430963668,4.68969970010876,-0.239110107523223,-0.284488668075076,0.132045929018789,-0.0244346095279209,-0.0453785605518526,32
-0.891890782619024,-0.397095360584269,0.216439613938103,-0.85561560941764,-0.45302514553894,0.250380004054441,3.56047167406843,3.62853951489621,0.218166156499291,0.253072741539178,0.133089770354906,0.0680678408277791,0.0349065850398866,43
-0.965916841847543,0.239040251727884,0.099319749743639,-0.971665187306333,0.206533811308292,0.114937150492867,2.89899188756258,2.93215314335047,0.0994837673636768,0.115191730631626,0.134133611691023,0.0331612557878929,0.015707963267949,14
-0.920754429544222,-0.103279157141872,0.376224263139366,-0.918313345444959,-0.112754700891737,0.379456159529005,3.25329372571743,3.2637657012294,0.385717764690747,0.389208423194735,0.134655532359081,0.0104719755119662,0.00349065850398861,51
-0.855600792196282,0.0854003124315011,-0.510542917911606,-0.837464687900553,0.155214905419374,-0.523985905970079,3.04210888622612,2.95833308213039,-0.535816080362259,-0.551524043630208,0.136221294363257,-0.0837758040957279,-0.0157079632679491,60
-0.931937164299562,0.055367269537049,0.3583679495453,-0.932257235584706,0.0602863711081769,0.356737999319625,3.08225145902199,3.077015471266,0.366519142918809,0.364773813666815,0.136221294363257,-0.00523598775598222,-0.00174532925199433,9
-0.825390939564055,0.333479586150599,-0.455544907233516,-0.860214970486757,0.294517412975057,-0.416280792260401,2.75762021815104,2.81172542496286,-0.472984227290463,-0.429350995990605,0.137265135699374,0.0541052068118244,0.0436332312998582,247
0.0292742849489578,0.882462162348109,-0.469471562785891,-0.0202503922055575,0.892356075183764,-0.450877540689431,1.537635071007,1.59348560707082,-0.488692190558412,-0.46774823953448,0.137787056367432,0.0558505360638186,0.0209439510239319,68
0.608435197193015,0.719985827322443,0.333806859233771,0.569442828011546,0.747500559990226,0.342020143325669,0.869173967493176,0.919788515801012,0.340339204138894,0.349065850398866,0.138308977035491,0.0506145483078355,0.0087266462599716,118
0.92907865175358,-0.31990743471669,-0.185666615385577,0.941094949736147,-0.305780285194591,-0.144356201000973,5.95157274930066,5.96902604182061,-0.186750229963393,-0.144862327915529,0.138830897703549,0.0174532925199431,0.0418879020478639,251
0.935287972675696,-0.134777055747212,-0.327217898979104,0.936316853818016,-0.131590752181501,-0.325568154457157,6.14006830851605,6.14355896702004,-0.333357887130917,-0.331612557878923,0.139352818371608,0.00349065850398844,0.00174532925199433,36
0.301650123609045,-0.871113582251666,0.387515586452103,0.219244530455213,-0.892603835827131,0.393941909590951,5.04574686751561,4.95324441715991,0.397935069454707,0.404916386462684,0.140918580375783,-0.0925024503556999,0.00698131700797733,16
-0.574490227734735,-0.765149144202917,0.290702193598252,-0.597228357970032,-0.740153217667729,0.309016994374947,4.06836248639878,4.0334559013589,0.294960643587042,0.314159265358979,0.141440501043841,-0.0349065850398871,0.0191986217719377,55
-0.968146165805301,-0.00168973553912877,0.250380004054441,-0.961735450292036,0.00335710366325699,0.273959218692432,3.14333798284179,3.1381019950858,0.253072741539178,0.277507351067098,0.1419624217119,-0.00523598775598222,0.0244346095279206,208
-0.864152137557796,0.110700441918078,-0.490903753615141,-0.877949826357098,0.0768106569507996,-0.472550764869054,3.01418361819421,3.05432619099008,-0.513126800086333,-0.492182849062401,0.143006263048017,0.0401425727958697,0.0209439510239319,60
-0.940637296464969,0.296581800349806,-0.165047605860678,-0.926157204318172,0.340759501546679,-0.161603821103361,2.83616003449079,2.78903614468694,-0.165806278939461,-0.162315620435473,0.143006263048017,-0.0471238898038466,0.00349065850398866,50
-0.827811164234816,-0.489566157798546,0.273959218692432,-0.825296442121833,-0.4880789552867,0.284015344703923,3.67566340470006,3.67566340470006,0.277507351067098,0.287979326579064,0.144572025052192,0,0.0104719755119659,14
-0.476858603616386,0.793625989981069,-0.377840786818467,-0.474757877154117,0.796413748154464,-0.374606593415912,2.11184839491314,2.10835773640915,-0.387463093942741,-0.383972435438752,0.144572025052192,-0.00349065850398889,0.00349065850398866,107
-0.702931710732483,0.637379553736289,-0.315649036947102,-0.723046945386291,0.611022042519866,-0.322265695230511,2.40506370924819,2.43997029428807,-0.321140582366957,-0.328121899374934,0.145093945720251,0.0349065850398862,-0.00698131700797738,59
0.0900418201003237,0.886445202355598,-0.453990499739547,0.122354894806232,0.881764207263236,-0.455544907233516,1.46956723017923,1.43291531588734,-0.471238898038469,-0.472984227290463,0.146137787056367,-0.0366519142918813,-0.00174532925199433,33
-0.226212230000373,0.942241749612194,0.246999012722743,-0.255235892058123,0.932985286574975,0.253757944584806,1.80641577581413,1.83783170235003,0.249582083035189,0.256563400043166,0.14874739039666,0.0314159265358978,0.0069813170079773,33
0.964693300464303,-0.198023095704123,-0.17364817766693,0.983694649235032,-0.0999200586846218,-0.14953534344371,6.08072711394824,6.18195621056391,-0.174532925199433,-0.150098315671512,0.14874739039666,0.10122909661567,0.0244346095279206,33
0.789711156447563,-0.432354229216516,0.435231099372328,0.770485563346681,-0.439477206291602,0.461748613235034,5.78227581185721,5.76482251933727,0.450294947014537,0.479965544298441,0.14874739039666,-0.017453292519944,0.0296705972839036,72
0.68103447803631,-0.555438166885679,0.477158760259608,0.667521999003779,-0.60527198778788,0.433659084587544,5.59901624039781,5.54665636283798,0.497418836818384,0.448549617762543,0.149269311064718,-0.0523598775598311,-0.0488692190558412,25
0.966234425918815,-0.033741649662502,-0.255445757935791,0.965359070817075,-0.0607352447207486,-0.253757944584806,6.2482787221397,6.22035345410779,-0.258308729295161,-0.256563400043166,0.150835073068894,-0.0279252680319093,0.00174532925199439,478
0.72752252371355,-0.65048021009288,0.218143241396543,0.728867884117392,-0.644847831602092,0.230049737188104,5.55363767984596,5.55887366760194,0.219911485751285,0.232128790515246,0.150835073068894,0.00523598775598266,0.0122173047639604,248
0.616369801854438,-0.747716360042972,0.246999012722743,0.640699746321944,-0.721637491865982,0.262189178640865,5.40179403492245,5.43844594921433,0.249582083035189,0.265290046303138,0.150835073068894,0.0366519142918804,0.015707963267949,266
0.198638456872949,-0.89600017657112,0.397147890634781,0.178726419849994,-0.89443835627377,0.409923033841573,4.93055513688398,4.90961118586005,0.408407044966673,0.422369678982628,0.151356993736952,-0.0209439510239315,0.0139626340159547,129
-0.553973649692053,-0.735147863137998,0.390731128489274,-0.563765083810135,-0.726801566599684,0.392337116603562,4.06661715714679,4.05265452313083,0.401425727958696,0.40317105721069,0.15187891440501,-0.0139626340159547,0.00174532925199444,57
-0.817764218109761,-0.402389880888123,0.411514358605109,-0.799913257422103,-0.447056408891673,0.400349032556895,3.59886891761231,3.65122879517214,0.424115008234622,0.411897703470662,0.154488517745303,0.0523598775598306,-0.0122173047639603,74
-0.864861068370068,-0.356470008882955,0.353474843779257,-0.869814785945949,-0.337378920937836,0.359996808120051,3.53254640603652,3.51160245501259,0.361283155162826,0.368264472170804,0.154488517745303,-0.0209439510239324,0.00698131700797738,18
-0.883563537439736,-0.325088083533766,-0.337095258423082,-0.882332005120565,-0.333405481667084,-0.332161131883703,3.49414916249265,3.50287580875262,-0.343829862642883,-0.3385938748869,0.154488517745303,0.00872664625997199,0.005235987755983,4
-0.933648198898634,-0.213833983092116,0.287360519849712,-0.916942149490228,-0.27509582847308,0.289031796944472,3.36674012709706,3.43306263867285,0.291469985083053,0.293215314335047,0.154488517745303,0.0663225115757839,0.00174532925199433,10
-0.909977673237569,-0.309781668740023,0.275637355816999,-0.871352318838519,-0.426871096332604,0.241921895599668,3.46971455296473,3.59712358836031,0.279252680319093,0.244346095279206,0.154488517745303,0.127409035395586,-0.0349065850398866,27
-0.521340820239945,-0.812071784853513,0.262189178640865,-0.491696250124034,-0.831412953655512,0.258819045102521,4.14166631498254,4.17831822927443,0.265290046303138,0.261799387799149,0.156576200417537,0.0366519142918813,-0.00349065850398866,76
-0.748767637508601,0.574549615985597,-0.330514392713223,-0.743725299111842,0.581061886265491,-0.330514392713223,2.48709418409192,2.47836753783195,-0.336848545634906,-0.336848545634906,0.157098121085595,-0.00872664625997155,0,334
-0.387072293219694,0.890205328802962,0.240228042477264,-0.42231018517815,0.869713500094949,0.255445757935791,1.98094870101356,2.02283660306143,0.242600766027212,0.258308729295161,0.157620041753653,0.041887902047864,0.015707963267949,106
-0.464504703202046,0.848435198623486,-0.253757944584806,-0.523218778333989,0.818134401925683,-0.238533457578581,2.07170582211727,2.13977366294505,-0.256563400043166,-0.240855436775218,0.158141962421712,0.0680678408277786,0.0157079632679489,60
-0.654222065890282,0.654222065890283,-0.379456159529005,-0.649172820135454,0.658300856649634,-0.381070376350274,2.35619449019234,2.34921317318437,-0.389208423194735,-0.39095375244673,0.159185803757829,-0.00698131700797733,-0.00174532925199433,22
0.844133632835789,0.477587830611239,0.243615011786023,0.823815406454179,0.534991980344437,0.187381314585725,0.514872129338327,0.575958653158129,0.2460914245312,0.188495559215388,0.160229645093946,0.0610865238198013,-0.0575958653158129,188
0.935043365893529,0.158150747459971,0.317304656405092,0.931588431256511,0.127611741410399,0.34037955021305,0.167551608191456,0.136135681655558,0.322885911618951,0.347320521146872,0.160229645093946,-0.0314159265358978,0.0244346095279206,180
-0.148112876409663,0.956750975652157,0.250380004054441,-0.126481933621867,0.960725667493725,0.246999012722743,1.7243853009704,1.70169602069447,0.253072741539178,0.249582083035189,0.160751565762004,-0.0226892802759266,-0.00349065850398869,19
0.680488485796038,-0.606293124949344,0.411514358605109,0.685790737594158,-0.606736391748007,0.40194777665596,5.55538300909795,5.55887366760194,0.424115008234622,0.413643032722656,0.161795407098121,0.00349065850398844,-0.010471975511966,191
0.575546050649941,-0.688345353388755,0.441505852791745,0.498641501270118,-0.736490419686317,0.457097927058694,5.40877535193043,5.30754625531476,0.457276264022514,0.474729556542458,0.161795407098121,-0.10122909661567,0.0174532925199433,66
0.5956445951277,0.743485987870273,0.30403306092549,0.574900869617309,0.76291922197072,0.295708050044047,0.895353906273091,0.925024503556995,0.308923277602996,0.300196631343025,0.163883089770355,0.0296705972839035,-0.00872664625997166,115
0.651352391672419,-0.720865975359373,-0.236838146065619,0.662027048521965,-0.709937092024947,-0.240228042477264,5.4471725954743,5.46288055874225,-0.239110107523223,-0.242600766027212,0.163883089770355,0.0157079632679489,-0.00349065850398866,66
0.547461914044563,-0.799547960027823,-0.246999012722743,0.479653872744879,-0.834143650357877,-0.272280247040574,5.31278224307074,5.23424242673099,-0.249582083035189,-0.275762021815104,0.163883089770355,-0.0785398163397453,-0.026179938779915,66
0.72426655147125,-0.647569034920713,0.236838146065619,0.726369498106828,-0.649449286218422,0.224951054343865,5.55363767984596,5.55363767984596,0.239110107523223,0.226892802759263,0.164405010438413,0,-0.0122173047639603,44
0.430776385032493,-0.849106640311952,0.305695304963106,0.498842313920608,-0.804550288993751,0.322265695230511,5.18188254917116,5.26740368251889,0.310668606854991,0.328121899374934,0.166492693110647,0.085521133347723,0.0174532925199433,290
0.358105561759709,-0.877510892040014,0.31895930929807,0.336559161144894,-0.885998244953986,0.31895930929807,5.09985207432743,5.07541746479951,0.324631240870945,0.324631240870945,0.166492693110647,-0.02443460952792,0,190
-0.387482332872703,-0.870299568870286,0.30403306092549,-0.384651744541071,-0.86801599813429,0.313992455967405,4.29350995990605,4.29525528915804,0.308923277602996,0.319395253114962,0.166492693110647,0.00174532925199333,0.010471975511966,14
0.696118657791604,-0.64235980925189,-0.320612990585676,0.757053424369347,-0.585117379068346,-0.290702193598252,5.53792971657801,5.62519617917772,-0.32637657012294,-0.294960643587042,0.167014613778706,0.0872664625997164,0.031415926535898,42
-0.557984733417203,-0.756832081158096,-0.34037955021305,-0.502447227981438,-0.800969512464195,-0.325568154457157,4.07708913265875,4.15213829049451,-0.347320521146872,-0.331612557878923,0.168058455114823,0.0750491578357568,0.0157079632679489,63
-0.486958819016469,-0.764372234860317,0.422618261740699,-0.499191370814679,-0.759946233163383,0.416280792260401,4.14515697348653,4.13119433947058,0.436332312998582,0.429350995990605,0.168058455114823,-0.0139626340159547,-0.00698131700797727,54
-0.920857656708884,-0.288579297047192,0.262189178640865,-0.920036581930708,-0.286559484680434,0.267238376078257,3.44527994343681,3.44353461418481,0.265290046303138,0.270526034059121,0.169102296450939,-0.00174532925199422,0.005235987755983,18
-0.971525444030917,-0.00678263729895937,0.236838146065619,-0.975910816319866,0.00340658522620196,0.218143241396543,3.14857397059777,3.1381019950858,0.239110107523223,0.219911485751285,0.169102296450939,-0.0104719755119662,-0.0191986217719376,70
-0.866336293723186,-0.204793221742275,-0.455544907233516,-0.867553456098991,-0.192331970774582,-0.458649554484315,3.37372144410504,3.35975881008908,-0.472984227290463,-0.476474885794452,0.170146137787056,-0.0139626340159551,-0.00349065850398866,30
-0.947204507016872,-0.00330638089652832,-0.320612990585676,-0.946889311924168,-0.0945121180507526,-0.307356617799807,3.14508331209378,3.24107642095347,-0.32637657012294,-0.312413936106985,0.170146137787056,0.0959931088596879,0.0139626340159547,27
-0.680488485796038,-0.606293124949344,0.411514358605109,-0.684727021079518,-0.603668072477164,0.408330460381385,3.86939495167143,3.86415896391545,0.424115008234622,0.420624349730633,0.170668058455115,-0.00523598775598311,-0.00349065850398872,18
-0.422892191880838,0.848190516958495,-0.31895930929807,-0.404074798261026,0.854826844579458,-0.325568154457157,2.03330857857339,2.01236462754946,-0.324631240870945,-0.331612557878923,0.171189979123173,-0.020943951023932,-0.00698131700797733,12
-0.947624060290122,0.0165408394999052,-0.31895930929807,-0.953715702395926,0.0316380083174833,-0.299040792256087,3.12413936106985,3.1084313978019,-0.324631240870945,-0.303687289847013,0.171711899791232,-0.0157079632679493,0.020943951023932,280
-0.521170527110082,0.699203902729445,-0.489382451748846,-0.490493910050755,0.727187126334449,-0.480223497443189,2.21133216227682,2.16420827247297,-0.511381470834338,-0.500909495322373,0.173277661795407,-0.0471238898038471,0.0104719755119659,93
0.725776781790544,0.624266516296374,0.289031796944472,0.741814106448804,0.598568526270073,0.302369890750444,0.710349005561692,0.678933079025794,0.293215314335047,0.307177948351002,0.173799582463466,-0.0314159265358978,0.0139626340159546,69
0.374855310399493,-0.793012540108119,0.480223497443189,0.308910977345846,-0.821844336365838,0.478691857940607,5.15395728113926,5.07192680629552,0.500909495322373,0.499164166070378,0.174843423799582,-0.0820304748437328,-0.00174532925199439,113
0.0508033753041798,-0.969386148377026,0.240228042477264,0.0221409491173732,-0.975665570062402,0.218143241396543,4.76474885794452,4.73507826066062,0.242600766027212,0.219911485751285,0.175365344467641,-0.0296705972839026,-0.0226892802759263,138
-0.0622153018112954,-0.962085861389648,0.265556117486809,-0.0553617026710205,-0.960146566088114,0.273959218692432,4.6478117980609,4.65479311506888,0.268780704807127,0.277507351067098,0.177453027139875,0.00698131700797688,0.00872664625997166,95
-0.126144046983047,-0.932981492935103,0.337095258423082,-0.110613516969299,-0.927632820519581,0.356737999319625,4.57799862798113,4.59370659124907,0.343829862642883,0.364773813666815,0.177453027139875,0.0157079632679489,0.020943951023932,202
-0.206587855938152,-0.916702612267668,0.342020143325669,-0.238319022822372,-0.902001297950488,0.359996808120051,4.49073216538141,4.45408025108953,0.349065850398866,0.368264472170804,0.177453027139875,-0.0366519142918813,0.0191986217719377,37
0.098662320833564,-0.908202097347922,0.4067366430758,0.128204229451737,-0.912220492522487,0.389123950140206,4.82059939400834,4.85201532054424,0.418879020478639,0.399680398706701,0.179540709812109,0.0314159265358986,-0.0191986217719377,50
-0.815359074769564,-0.495746087990388,-0.299040792256087,-0.79987847597444,-0.515486501440601,-0.307356617799807,3.68788070946402,3.71406064824393,-0.303687289847013,-0.312413936106985,0.179540709812109,0.0261799387799151,-0.0087266462599716,21
-0.244547818482948,-0.919078267430313,-0.309016994374947,-0.27028558158919,-0.906654956735383,-0.323917418198149,4.45233492183753,4.42266432455363,-0.314159265358979,-0.329867228626928,0.180584551148225,-0.0296705972839035,-0.0157079632679489,57
-0.901507721482704,0.0440910833613994,-0.430511096808295,-0.907009476834739,0.00791535178930208,-0.421035813367491,3.09272343453395,3.13286600732982,-0.445058959258554,-0.434586983746588,0.180584551148225,0.0401425727958702,0.0104719755119659,43
-0.970947022639259,0.0525846110772067,0.233445363855905,-0.971063625272138,0.057691809638771,0.231747903494157,3.08748744677797,3.08225145902199,0.235619449019234,0.23387411976724,0.181628392484342,-0.00523598775598355,-0.0017453292519943,50
-0.976652545275308,0.116458765257367,-0.18051914525056,-0.985491045038081,0.0395814091387433,-0.165047605860678,3.02291026445418,3.10145008079392,-0.18151424220741,-0.165806278939461,0.182672233820459,0.0785398163397448,0.015707963267949,32
-0.959585336920481,-0.13486092421898,0.246999012722743,-0.952364146563535,-0.176510261351121,0.248689887164855,3.28121899374934,3.3248522250492,0.249582083035189,0.251327412287183,0.184237995824635,0.0436332312998582,0.00174532925199436,38
-0.163834004595475,0.958468403773642,0.233445363855905,-0.219870735952109,0.952364788237662,0.211324796455389,1.74009326423835,1.79768912955416,0.235619449019234,0.212930168743308,0.184237995824635,0.0575958653158128,-0.0226892802759263,55
0.0636424080793027,0.958182449560038,0.278991106039229,0.0638325400209564,0.961045023354643,0.268919820615266,1.50447381521911,1.50447381521911,0.282743338823081,0.272271363311115,0.184759916492693,0,-0.010471975511966,25
0.84731271963088,0.435459588269679,0.30403306092549,0.846257339835019,0.43865814017629,0.302369890750444,0.474729556542458,0.478220215046446,0.308923277602996,0.307177948351002,0.18580375782881,0.00349065850398844,-0.00174532925199433,35
0.860203964420256,0.381189927704772,0.338737920245291,0.872843201933625,0.354424871009848,0.335451569750255,0.417133691226645,0.385717764690747,0.345575191894877,0.342084533390889,0.18580375782881,-0.0314159265358978,-0.00349065850398861,48
0.0487828228838614,0.997437308243289,-0.0523359562429438,-0.0591893459949621,0.996270029649556,-0.0627905195293134,1.52192710773906,1.6301375213627,-0.0523598775598299,-0.0628318530717959,0.187369519832985,0.108210413623649,-0.010471975511966,277
0.949496509392225,-0.143597846094528,0.278991106039229,0.946608089220249,-0.116228858582046,0.300705799504273,6.13308699150807,6.16101225953998,0.282743338823081,0.305432619099008,0.187369519832985,0.0279252680319093,0.0226892802759263,125
0.919462882945662,-0.178725479427635,0.350207381259467,0.88959169936844,-0.228408326943181,0.395545502562965,6.09119908946021,6.0318578948924,0.357792496658838,0.406661715714679,0.187369519832985,-0.0593411945678071,0.0488692190558412,123
0.916156033864598,-0.259246026270422,0.305695304963106,0.918730662971569,-0.261707313720824,0.295708050044047,6.00742328536448,6.00567795611249,0.310668606854991,0.300196631343025,0.187891440501044,-0.00174532925199422,-0.010471975511966,27
0.560227952001436,0.806062385352195,0.190808995376545,0.563603546154422,0.804909281033225,0.185666615385577,0.96342174710087,0.959931088596881,0.191986217719376,0.186750229963393,0.188413361169102,-0.00349065850398889,-0.005235987755983,61
-0.0992433809267319,-0.960358345785095,0.260504508642648,-0.122961586987229,-0.959865348244475,0.252069358243114,4.60941455451703,4.5849799449891,0.263544717051144,0.254818070791172,0.189457202505219,-0.0244346095279218,-0.00872664625997166,64
-0.196755180775755,-0.910028752891544,0.36487678433762,-0.232788540322512,-0.906651504130653,0.351841648404702,4.49945881164138,4.46106156809751,0.373500459926786,0.359537825910832,0.189457202505219,-0.0383972435438755,-0.0139626340159546,91
-0.953848210807458,0.149368643684889,0.260504508642648,-0.955726263549665,0.159933726510037,0.246999012722743,2.9862583501623,2.97578637465033,0.263544717051144,0.249582083035189,0.190501043841336,-0.0104719755119658,-0.0139626340159546,87
-0.900194979324857,0.0914384715131755,-0.425779291565073,-0.897922482809014,0.123000080119347,-0.422618261740699,3.04036355697412,3.00545697193423,-0.439822971502571,-0.436332312998582,0.191022964509395,-0.0349065850398871,0.00349065850398861,5
-0.680434290030061,-0.71702813139334,-0.151260820247219,-0.635361930259978,-0.759884342739708,-0.137444546037147,3.95317075576716,4.01600260883895,-0.151843644923507,-0.137881010907552,0.191544885177453,0.062831853071796,0.0139626340159546,25
-0.836918690594366,-0.465822967408773,-0.287360519849712,-0.808295113722998,-0.522909559837253,-0.270600445975864,3.64948346592014,3.71580597749593,-0.291469985083053,-0.27401669256311,0.19258872651357,0.0663225115757844,0.0174532925199433,49
-0.930343598184728,-0.249284815817062,0.268919820615266,-0.92652867882053,-0.276210195459352,0.255445757935791,3.40339204138894,3.43131730942085,0.272271363311115,0.258308729295161,0.19258872651357,0.0279252680319093,-0.0139626340159546,29
-0.576437675373079,0.735158218516199,-0.356737999319625,-0.597718009837648,0.725089927026441,-0.342020143325669,2.23576677180474,2.26020138133266,-0.364773813666815,-0.349065850398866,0.193632567849687,0.0244346095279209,0.015707963267949,21
-0.203292566007743,0.956416327073165,0.209618562903822,-0.218290221039922,0.953105155522977,0.209618562903822,1.78023583703422,1.79594380030217,0.211184839491314,0.211184839491314,0.193632567849687,0.0157079632679489,0,19
-0.72042972025859,-0.608810315807697,0.332161131883703,-0.753402451579647,-0.553429120306335,0.355106962408137,3.84321501289151,3.77514717206373,0.3385938748869,0.363028484414821,0.194154488517745,-0.0680678408277782,0.0244346095279206,60
-0.108063037985199,0.963403688105208,0.245307385878803,-0.118145668258894,0.962219251264995,0.245307385878803,1.68249739892253,1.6929693744345,0.247836753783195,0.247836753783195,0.194676409185804,0.0104719755119662,0,17
-0.916628586354233,0.231942690080117,0.325568154457157,-0.917138848291887,0.193271469130108,0.348572047321815,2.8937558998066,2.93389847260247,0.331612557878923,0.356047167406843,0.195720250521921,0.0401425727958693,0.0244346095279206,64
0.760480922212307,0.598439475290546,0.252069358243114,0.741112991705173,0.630736594741016,0.230049737188104,0.666715774261834,0.705113017805709,0.254818070791172,0.232128790515246,0.195720250521921,0.0383972435438751,-0.0226892802759262,155
0.81626363717228,0.540273115573411,-0.20449605184179,0.810855568233439,0.548990492000378,-0.202787295356512,0.5846852994181,0.595157274930066,-0.205948851735331,-0.204203522483337,0.197286012526096,0.0104719755119658,0.00174532925199433,201
0.866303152299099,-0.283151515938851,0.411514358605109,0.845969249301012,-0.333236149347778,0.416280792260401,5.96728071256861,5.90793951800081,0.424115008234622,0.429350995990605,0.197286012526096,-0.0593411945678062,0.005235987755983,67
0.325452332494374,-0.903978629358987,0.277314653302378,0.322582963876898,-0.910946188367271,0.257132793154696,5.05796417227957,5.05272818452358,0.280998009571087,0.260054058547155,0.197807933194154,-0.00523598775598355,-0.0209439510239319,166
-0.145761249948985,-0.96380135075357,0.223250116010951,-0.156097304430736,-0.953229423298336,0.258819045102521,4.56229066471318,4.55007335994922,0.225147473507269,0.261799387799149,0.198851774530271,-0.0122173047639604,0.0366519142918809,80
-0.128401309878926,-0.925338372414549,0.356737999319625,-0.115622263618651,-0.928270987896815,0.353474843779257,4.57450796947714,4.58847060349309,0.364773813666815,0.361283155162826,0.198851774530271,0.0139626340159547,-0.00349065850398872,63
-0.152799414741058,-0.933090411299008,-0.325568154457157,-0.182751365733173,-0.922961840874559,-0.338737920245291,4.55007335994922,4.51691210416132,-0.331612557878923,-0.345575191894877,0.19937369519833,-0.033161255787892,-0.0139626340159546,146
-0.772938833032466,-0.531226142106965,0.346935651573256,-0.808190021136125,-0.460983449318493,0.366501226724297,3.74373124552784,3.65995544143211,0.354301838154849,0.375245789178781,0.199895615866388,-0.0837758040957275,0.020943951023932,61
-0.30922940329802,-0.887985888363499,0.34037955021305,-0.327966774899652,-0.86793888529729,0.372987782575809,4.37728576400178,4.35110582522186,0.347320521146872,0.382227106186758,0.200417536534447,-0.0261799387799142,0.0349065850398866,235
-0.650430883737742,0.68781137469348,-0.322265695230511,-0.641675734932998,0.690525330401921,-0.333806859233771,2.32826922216044,2.31954257590046,-0.328121899374934,-0.340339204138894,0.200939457202505,-0.00872664625997155,-0.0122173047639603,17
0.732758630886677,0.634735437244834,0.245307385878803,0.717972094183461,0.653304339172302,0.240228042477264,0.713839664065681,0.738274273593601,0.247836753783195,0.242600766027212,0.203027139874739,0.0244346095279204,-0.005235987755983,50
0.948731620800585,-0.14856740707202,0.278991106039229,0.943854666230521,-0.171527463639832,0.282341456842876,6.12785100375209,6.10341639422417,0.282743338823081,0.28623399732707,0.205114822546973,-0.0244346095279209,0.00349065850398861,98
0.90785787709211,-0.363117244272347,-0.209618562903822,0.938001123093541,-0.276068743542967,-0.209618562903822,5.90270353024482,5.99695130985252,-0.211184839491314,-0.211184839491314,0.205114822546973,0.094247779607695,0,116
0.9165958601055,0.214985618091382,0.337095258423082,0.918928039068106,0.227411698670144,0.322265695230511,0.230383461263251,0.242600766027212,0.343829862642883,0.328121899374934,0.205636743215031,0.0122173047639604,-0.0157079632679489,27
0.275526937453887,-0.918379110558376,0.284015344703923,0.271605224906842,-0.91692387256567,0.292371704722737,5.00385896546774,5.00036830696375,0.287979326579064,0.296705972839036,0.20615866388309,-0.00349065850398844,0.00872664625997166,248
0.56306877718326,-0.786486145918314,0.253757944584806,0.561177445590245,-0.786741762743832,0.257132793154696,5.33372619409467,5.33198086484268,0.256563400043166,0.260054058547155,0.206680584551148,-0.00174532925199511,0.00349065850398872,75
0.768642950297125,0.424313704822153,-0.478691857940607,0.77519163204715,0.424405021801276,-0.467929814260573,0.504400153826361,0.500909495322373,-0.499164166070378,-0.486946861306418,0.207724425887265,-0.00349065850398844,0.0122173047639603,208
-0.289028015756119,-0.868850269580099,0.40194777665596,-0.302498611422263,-0.868657686907107,0.392337116603562,4.39124839801773,4.37728576400178,0.413643032722656,0.40317105721069,0.207724425887265,-0.0139626340159555,-0.0104719755119659,27
-0.683406366966327,-0.67393021604129,0.280666708920788,-0.555918261776583,-0.77936865896593,0.289031796944472,3.92000949997926,4.0927970959267,0.284488668075076,0.293215314335047,0.208768267223382,0.172787595947439,0.00872664625997166,31
-0.648717283582827,-0.735825320838496,0.194234351219972,-0.76254825482862,-0.624138514635554,0.170209499166033,3.98982267005904,3.82750704962357,0.195476876223365,0.171042266695444,0.208768267223382,-0.162315620435472,-0.0244346095279206,62
-0.969835085530259,-0.0084636225702616,-0.243615011786023,-0.969007853533376,-0.0575696742928194,-0.240228042477264,3.15031929984976,3.2009338481576,-0.2460914245312,-0.242600766027212,0.20929018789144,0.050614548307836,0.00349065850398869,26
0.318729828585476,0.890177888499391,-0.325568154457157,0.310384654135861,0.891303316882851,-0.330514392713223,1.22696646415201,1.23569311041199,-0.331612557878923,-0.336848545634906,0.211899791231733,0.00872664625997155,-0.005235987755983,11
0.446618330611418,0.829460252883741,-0.335451569750255,0.481596630478272,0.814335429475975,-0.323917418198149,1.0768681484805,1.03672557568463,-0.342084533390889,-0.329867228626928,0.211899791231733,-0.0401425727958697,0.0122173047639604,84
0.0507549280011359,0.907818395538806,0.416280792260401,0.0205617070841097,0.906074511861501,0.422618261740699,1.51494579073108,1.54810704651897,0.429350995990605,0.436332312998582,0.21294363256785,0.0331612557878924,0.00698131700797727,44
0.840268290540281,0.356672728193844,0.408330460381385,0.807730573792237,0.43128796065111,0.40194777665596,0.401425727958696,0.490437519810407,0.420624349730633,0.413643032722656,0.213987473903967,0.089011791851711,-0.00698131700797733,56
-0.603416948275592,0.729405791183047,-0.322265695230511,-0.618428461332098,0.711420564042746,-0.333806859233771,2.26194671058465,2.28638132011257,-0.328121899374934,-0.340339204138894,0.214509394572025,0.0244346095279204,-0.0122173047639603,163
0.239731023131148,0.900975419676605,0.361624570082092,0.282475304839026,0.890474986733221,0.356737999319625,1.31074226824774,1.26361837844389,0.370009801422798,0.364773813666815,0.215031315240084,-0.0471238898038466,-0.00523598775598294,62
0.0417839320920286,-0.886026140243307,0.461748613235034,-0.0125276831682006,-0.897170908525834,0.441505852791745,4.75951287018854,4.69842634636874,0.479965544298441,0.457276264022514,0.2160751565762,-0.0610865238198013,-0.0226892802759263,28
0.210683580541798,-0.934876775633863,0.285688367404974,0.188070146186102,-0.94119913866148,0.280666708920788,4.93404579538797,4.90961118586005,0.289724655831059,0.284488668075076,0.2160751565762,-0.02443460952792,-0.005235987755983,56
0.947010723140499,-0.170394123514964,0.272280247040574,0.959960298961028,-0.146894567749325,0.238533457578581,6.10516172347617,6.13134166225608,0.275762021815104,0.240855436775218,0.216597077244259,0.0261799387799142,-0.0349065850398866,74
-0.32648804325996,-0.837398528343054,0.438371146789077,-0.383139012966471,-0.789043654842056,0.480223497443189,4.3406338497099,4.26034870411816,0.453785605518526,0.500909495322373,0.217640918580376,-0.0802851455917395,0.047123889803847,78
-0.126425471870581,-0.960296797914183,-0.248689887164855,-0.121230795177879,-0.959640557636365,-0.253757944584806,4.58148928648512,4.5867252742411,-0.251327412287183,-0.256563400043166,0.217640918580376,0.00523598775598266,-0.00523598775598294,32
-0.526145646154254,-0.797941756126475,0.294040325232304,-0.497709551896304,-0.821816150373648,0.277314653302378,4.12944901021858,4.16784625376246,0.29845130209103,0.280998009571087,0.218162839248434,0.0383972435438755,-0.0174532925199433,62
-0.744952500246912,-0.640760236209409,0.185666615385577,-0.705038446349904,-0.671399038790062,0.228350870110656,3.85194165915149,3.90255620745932,0.186750229963393,0.230383461263251,0.219206680584551,0.0506145483078351,0.0436332312998582,75
0.685197594754239,-0.68519759475424,0.246999012722743,0.732551057363715,-0.632321110663094,0.252069358243114,5.49778714378214,5.5710909723659,0.249582083035189,0.254818070791172,0.220772442588727,0.0733038285837617,0.00523598775598297,126
-0.0821489835157955,-0.958226429921839,0.273959218692432,-0.0422490041008115,-0.967661284579693,0.248689887164855,4.62686784703697,4.66875574908483,0.277507351067098,0.251327412287183,0.220772442588727,0.0418879020478631,-0.0261799387799149,28
-0.640477174629255,0.689235525903026,-0.338737920245291,-0.629190704165112,0.69633914981177,-0.345298198998535,2.31954257590046,2.30557994188451,-0.345575191894877,-0.352556508902855,0.221294363256785,-0.0139626340159551,-0.00698131700797733,25
-0.895930617869186,-0.121134572132291,-0.427357863387192,-0.900527424010093,-0.120156012078761,-0.417867073801077,3.27598300599336,3.27423767674136,-0.441568300754565,-0.431096325242599,0.222338204592902,-0.00174532925199467,0.010471975511966,56
-0.844030968267869,0.45067056620326,0.290702193598252,-0.845148011794722,0.456969825287414,0.277314653302378,2.65115513377939,2.6459191460234,0.294960643587042,0.280998009571087,0.222338204592902,-0.00523598775598311,-0.0139626340159546,27
-0.273612796747356,0.847121523129768,-0.455544907233516,-0.307476860676384,0.849395450588841,-0.428935133403146,1.88321026290188,1.91811684794177,-0.472984227290463,-0.44331363000656,0.223382045929019,0.0349065850398866,0.0296705972839036,71
0.12279912137947,0.89645544823085,0.425779291565073,0.12916031219994,0.896310472712939,0.42419942274539,1.43466064513934,1.42767932813136,0.439822971502571,0.438077642250577,0.225469728601253,-0.00698131700797733,-0.00174532925199428,23
0.906464632010302,0.32277753637134,0.272280247040574,0.896638761295028,0.360446470960367,0.257132793154696,0.342084533390889,0.382227106186758,0.275762021815104,0.260054058547155,0.225469728601253,0.0401425727958697,-0.015707963267949,126
0.83099536408943,-0.291010437792827,-0.474088209047116,0.829976204013884,-0.298809819987322,-0.47101188121941,5.94633676154468,5.93761011528471,-0.493928178314395,-0.490437519810407,0.225991649269311,-0.00872664625997199,0.00349065850398866,14
0.597136557069025,0.719254459465506,-0.355106962408137,0.605433740729274,0.713902962617764,-0.351841648404702,0.877900613753148,0.867428638241182,-0.363028484414821,-0.359537825910832,0.228079331941545,-0.0104719755119658,0.00349065850398866,26
0.947796228363849,0.141649095403904,0.285688367404974,0.929772389356852,0.221503027353873,0.294040325232304,0.148352986419518,0.23387411976724,0.289724655831059,0.29845130209103,0.228079331941545,0.0855211333477222,0.0087266462599716,41
0.68788967491127,-0.652782927299813,0.317304656405092,0.699671861312694,-0.643381257544181,0.310676429630732,5.52396708256205,5.53967504583,0.322885911618951,0.315904594610974,0.228079331941545,0.015707963267948,-0.00698131700797733,75
-0.4773510017774,-0.737872305083763,0.477158760259608,-0.485207496681189,-0.738657819352397,0.467929814260573,4.13817565647856,4.13119433947058,0.497418836818384,0.486946861306418,0.229123173277662,-0.00698131700797777,-0.0104719755119659,12
0.277412553763085,-0.879840213625306,0.385906042324319,0.198033517278351,-0.893271470397565,0.40354529635239,5.0178215994837,4.93055513688398,0.396189740202713,0.41538836197465,0.231732776617954,-0.0872664625997173,0.0191986217719376,111
-0.534284394954302,-0.804162661583568,0.260504508642648,-0.515161881854688,-0.821238407478148,0.245307385878803,4.1259583517146,4.15213829049451,0.263544717051144,0.247836753783195,0.231732776617954,0.0261799387799151,-0.015707963267949,194
-0.511094057403671,-0.713888625506825,0.478691857940607,-0.511119768055237,-0.708685036141938,0.486335380423491,4.09105176667471,4.08756110817072,0.499164166070378,0.50789081233035,0.231732776617954,-0.00349065850398844,0.00872664625997172,32
-0.956878008086879,-0.105640315587145,0.270600445975864,-0.952849408304037,-0.137307697279905,0.270600445975864,3.25154839646544,3.28470965225333,0.27401669256311,0.27401669256311,0.231732776617954,0.033161255787892,0,363
-0.880864391513666,0.252583799745784,0.400349032556895,-0.879792224578554,0.240683916989148,0.409923033841573,2.8623399732707,2.87455727803466,0.411897703470662,0.422369678982628,0.232254697286013,0.01221730476396,0.010471975511966,27
-0.921309180614269,0.150870164229254,-0.3583679495453,-0.927193440791039,0.145194618090487,-0.345298198998535,2.97927703315432,2.9862583501623,-0.366519142918809,-0.352556508902855,0.233298538622129,0.00698131700797733,0.0139626340159547,11
-0.123035646547184,0.947322003765279,-0.295708050044047,-0.132949051936619,0.945981658769504,-0.295708050044047,1.69995069144248,1.71042266695444,-0.300196631343025,-0.300196631343025,0.233298538622129,0.0104719755119658,0,95
-0.0560952536057289,0.891608523964255,-0.449318998615897,-0.085550559458424,0.888476530403703,-0.450877540689431,1.63362817986669,1.66678943565458,-0.466002910282486,-0.46774823953448,0.233820459290188,0.033161255787892,-0.00174532925199444,65
-0.769089770679788,0.577448933784749,0.273959218692432,-0.789733115727548,0.548878813962328,0.273959218692432,2.49756615960389,2.53421807389577,0.277507351067098,0.277507351067098,0.234342379958246,0.0366519142918813,0,36
0.709107041029044,0.562031315175034,-0.425779291565073,0.760918252162733,0.475474495084905,-0.441505852791745,0.670206432765822,0.558505360638185,-0.439822971502571,-0.457276264022514,0.234864300626305,-0.111701072127637,-0.0174532925199433,66
0.882051186082035,0.370780177151422,0.290702193598252,0.859844032844861,0.413814987340886,0.299040792256087,0.397935069454707,0.448549617762543,0.294960643587042,0.303687289847013,0.235908141962422,0.0506145483078355,0.00872664625997166,18
0.91408020132695,0.300534278599973,0.272280247040574,0.910882951644508,0.310089850648023,0.272280247040574,0.317649923862968,0.328121899374934,0.275762021815104,0.275762021815104,0.235908141962422,0.0104719755119662,0,97
0.523437572200059,0.831204758740849,0.187381314585725,0.430032749666524,0.885617493952116,0.175366726091987,1.00880030765272,1.11875605052837,0.188495559215388,0.176278254451427,0.23643006263048,0.109955742875643,-0.0122173047639603,34
0.980984352069546,0.110035025409826,-0.159881187691835,0.978076225559713,0.137459649142727,-0.156434465040231,0.111701072127637,0.139626340159546,-0.160570291183478,-0.15707963267949,0.237995824634656,0.0279252680319093,0.00349065850398864,31
0.582359046118829,-0.74271002256128,0.330514392713223,0.599944872280564,-0.732989399986089,0.320612990585676,5.37735942539453,5.39830337641846,0.336848545634906,0.32637657012294,0.237995824634656,0.0209439510239324,-0.010471975511966,127
0.220480924639194,-0.947460326924726,-0.231747903494157,0.425899101895287,-0.873222564741079,-0.236838146065619,4.94102711239595,5.16617458590322,-0.23387411976724,-0.239110107523223,0.239039665970772,0.225147473507269,-0.00523598775598294,12
0.934125522084775,-0.169759378490271,-0.313992455967405,0.9629444067317,-0.0470958385578449,-0.265556117486809,6.10341639422417,6.23431608812375,-0.319395253114962,-0.268780704807127,0.239561586638831,0.130899693899575,0.0506145483078356,32
-0.316116437903497,-0.923300559904636,0.218143241396543,-0.149914600431807,-0.968389404786934,0.199367934417197,4.38252175175776,4.55880000620919,0.219911485751285,0.200712863979348,0.240605427974948,0.176278254451427,-0.0191986217719376,30
-0.465958807226438,-0.851091173962919,0.241921895599668,-0.447837058073199,-0.860286984353964,0.243615011786023,4.21147948506232,4.23242343608625,0.244346095279206,0.2460914245312,0.240605427974948,0.0209439510239315,0.00174532925199433,29
-0.591484171743904,-0.790653211173365,0.158158067254484,-0.505138054555539,-0.854141803676307,0.123601476740493,4.07010781565078,4.17831822927443,0.158824961931484,0.123918376891597,0.241127348643006,0.108210413623649,-0.0349065850398866,55
-0.966085748185952,0.172086081822405,0.192521966525907,-0.981175540144614,0.0686104774792649,0.18051914525056,2.96531439913837,3.07177948351002,0.193731546971371,0.18151424220741,0.242171189979123,0.106465084371654,-0.0122173047639603,394
-0.847783386803513,-0.435701478339848,-0.302369890750444,-0.876118407720709,-0.384589092786175,-0.290702193598252,3.61632221013225,3.55523568631245,-0.307177948351002,-0.294960643587042,0.242693110647182,-0.0610865238198017,0.0122173047639603,25
-0.648473846518167,0.685741865858679,-0.330514392713223,-0.702807142411357,0.635034983952295,-0.320612990585676,2.32826922216044,2.40680903850018,-0.336848545634906,-0.32637657012294,0.24321503131524,0.0785398163397453,0.010471975511966,222
-0.847329185229499,0.359669900169326,0.390731128489274,-0.852898470169566,0.360278419279888,0.377840786818467,2.7401669256311,2.74191225488309,0.401425727958696,0.387463093942741,0.244780793319415,0.00174532925199422,-0.0139626340159546,35
-0.84484474753201,-0.534088678761973,0.0314107590781283,-0.859693811246041,-0.510448831040454,0.0191974423996897,3.70533400198396,3.67740873395205,0.0314159265358979,0.0191986217719376,0.245302713987474,-0.0279252680319093,-0.0122173047639603,77
-0.232901082007069,0.920416114371915,-0.313992455967405,-0.195775507211955,0.929021360557151,-0.313992455967405,1.81863308057809,1.77849050778222,-0.319395253114962,-0.319395253114962,0.246346555323591,-0.0401425727958697,0,45
-0.104679833522095,0.933241740799836,-0.343659694585616,-0.122180286891277,0.92805141664836,-0.351841648404702,1.68249739892253,1.70169602069447,-0.35081117965086,-0.359537825910832,0.246346555323591,0.0191986217719373,-0.0087266462599716,9
0.612187696078587,0.755988845153191,-0.231747903494157,0.570421099059867,0.790908359388046,-0.221548497619467,0.890117918517108,0.945968454580927,-0.23387411976724,-0.223402144255274,0.248956158663883,0.0558505360638186,0.010471975511966,12
0.921649247646365,0.290594891554125,-0.257132793154696,0.918767741403296,0.303853379101814,-0.252069358243114,0.305432619099008,0.319395253114962,-0.260054058547155,-0.254818070791172,0.25,0.0139626340159547,0.00523598775598305,26
0.970512597433046,0.0866159417967926,-0.224951054343865,0.966730269973252,0.115275605559672,-0.228350870110656,0.0890117918517108,0.118682389135614,-0.226892802759263,-0.230383461263251,0.25,0.0296705972839035,-0.00349065850398866,50
0.372880109204663,-0.89578692811906,-0.241921895599668,0.384936526316273,-0.893812614101661,-0.230049737188104,5.10683339133541,5.11905069609937,-0.244346095279206,-0.232128790515246,0.251043841336117,0.0122173047639604,0.0122173047639603,78
0.491768550932523,-0.858676294971681,0.144356201000973,0.502634522119948,-0.84990856151446,0.158158067254484,5.232497097479,5.24645973149496,0.144862327915529,0.158824961931484,0.252087682672234,0.0139626340159547,0.0139626340159546,67
-0.46788634584601,-0.81697561415231,0.337095258423082,-0.463311857881328,-0.818900936459623,0.338737920245291,4.19228086329038,4.19751685104636,0.343829862642883,0.345575191894877,0.253653444676409,0.00523598775598355,0.00174532925199433,13
-0.76379486530706,-0.645456704635923,0.00174532836589831,-0.727762781528319,-0.685808951899084,-0.00523596383141958,3.84321501289151,3.89732021970334,0.00174532925199433,-0.00523598775598299,0.253653444676409,0.0541052068118248,-0.00698131700797732,81
0.129237369116076,-0.955860196851991,-0.263873049965373,0.159197892631616,-0.951329093680848,-0.263873049965373,4.84677933278825,4.87819525932415,-0.267035375555132,-0.267035375555132,0.255741127348643,0.0314159265358978,0,48
-0.0287836489264555,-0.915910559872107,0.400349032556895,-0.00480169338072014,-0.91704750355253,0.398749068925246,4.68097305384879,4.70715299262871,0.411897703470662,0.410152374218667,0.255741127348643,0.0261799387799142,-0.00174532925199433,49
-0.953439179448961,-0.162974343538442,-0.253757944584806,-0.951243066372134,-0.172870163508773,-0.255445757935791,3.31088959103324,3.32136156654521,-0.256563400043166,-0.258308729295161,0.255741127348643,0.0104719755119662,-0.00174532925199439,14
-0.98896163499461,0.0103567606086684,0.147809411129611,-0.976825337232384,-0.125134211684072,0.17364817766693,3.13112067807783,3.26900168898538,0.148352986419518,0.174532925199433,0.255741127348643,0.137881010907552,0.026179938779915,7
-0.427734568056015,-0.854166194852666,-0.295708050044047,-0.449803006836221,-0.849530048391054,-0.275637355816999,4.2481313993542,4.22544211907827,-0.300196631343025,-0.279252680319093,0.257306889352818,-0.0226892802759258,0.0209439510239319,148
-0.694048051711799,0.658627008671995,-0.290702193598252,-0.656973976036646,0.689890638199185,-0.30403306092549,2.38237442897226,2.33175988066442,-0.294960643587042,-0.308923277602996,0.257828810020877,-0.0506145483078351,-0.0139626340159547,59
-0.533604419911896,0.79110108558726,0.299040792256087,-0.536549714769307,0.786552467483568,0.305695304963106,2.16420827247297,2.16944426022895,0.303687289847013,0.310668606854991,0.258872651356994,0.00523598775598311,0.00698131700797733,27
0.213639852689152,0.896766236875386,-0.387515586452103,0.247751518503851,0.899456215289222,-0.359996808120051,1.33692220702766,1.30201562198777,-0.397935069454707,-0.368264472170804,0.259394572025052,-0.0349065850398866,0.0296705972839036,86
-0.31249389556635,0.94489424959006,-0.0975828997591495,-0.337234589364964,0.936705106797325,-0.0941083133185143,1.89019157990986,1.91637151868977,-0.0977384381116825,-0.0942477796076938,0.259916492693111,0.0261799387799151,0.00349065850398865,119
-0.846275091705175,0.400032403196615,0.351841648404702,-0.829482672203322,0.417186321963185,0.371367835550235,2.70002435283523,2.67558974330731,0.359537825910832,0.380481776934764,0.260438413361169,-0.02443460952792,0.0209439510239319,182
0.983669255685871,0.0206049335813568,-0.17880221511635,0.983828293519092,0.0653458031556055,-0.166768746716102,0.020943951023932,0.0663225115757845,-0.179768912955416,-0.167551608191456,0.260960334029228,0.0453785605518524,0.0122173047639603,119
0.716217444671894,0.607396564251877,-0.343659694585616,0.701067144290801,0.620251814704159,-0.351841648404702,0.703367688553715,0.724311639577647,-0.35081117965086,-0.359537825910832,0.262004175365344,0.020943951023932,-0.0087266462599716,20
-0.0889244021473699,0.958575948655294,-0.270600445975864,-0.132945677176651,0.958087862609759,-0.253757944584806,1.6632987771506,1.70867733770245,-0.27401669256311,-0.256563400043166,0.263048016701461,0.0453785605518524,0.0174532925199433,31
0.625509194044206,0.748100602438419,0.221548497619467,0.62901491143604,0.75229339339622,0.195946144242518,0.874409955249159,0.874409955249159,0.223402144255274,0.197222205475359,0.263048016701461,0,-0.026179938779915,36
0.878485343178576,0.323219671846072,0.351841648404702,0.860685171569358,0.360032406296988,0.359996808120051,0.352556508902855,0.396189740202713,0.359537825910832,0.368264472170804,0.26356993736952,0.0436332312998582,0.00872664625997166,18
0.72209888476936,-0.657059429681342,-0.216439613938103,0.818022973452859,-0.545553506222758,-0.182235525492147,5.54491103358598,5.6950093492575,-0.218166156499291,-0.183259571459405,0.264091858037578,0.150098315671513,0.0349065850398866,11
-0.0220704488068149,-0.903065638047363,0.428935133403146,-0.0580505398828817,-0.897682757157607,0.436801788367702,4.68795437085677,4.6478117980609,0.44331363000656,0.452040276266531,0.265135699373695,-0.0401425727958697,0.00872664625997166,33
0.820019268240159,-0.502508453867501,0.273959218692432,0.847520255216543,-0.469788148756092,0.246999012722743,5.73340659280137,5.77703982410123,0.277507351067098,0.249582083035189,0.266179540709812,0.0436332312998582,-0.0279252680319093,78
-0.302522342703432,-0.920126932649599,-0.248689887164855,-0.294612818904583,-0.923143962040096,-0.246999012722743,4.39473905652172,4.40346570278169,-0.251327412287183,-0.249582083035189,0.266179540709812,0.00872664625997199,0.00174532925199436,23
-0.554711015558719,-0.760698676196094,-0.337095258423082,-0.564079624773753,-0.759533859089209,-0.323917418198149,4.08232512041474,4.07359847415476,-0.343829862642883,-0.329867228626928,0.267745302713987,-0.00872664625997199,0.0139626340159547,16
-0.519111272845117,-0.79027138579635,0.325568154457157,-0.503118850556257,-0.805158468756622,0.313992455967405,4.13119433947058,4.1538836197465,0.331612557878923,0.319395253114962,0.267745302713987,0.0226892802759266,-0.0122173047639603,17
-0.71933870472176,-0.694657312434064,0.00174532836589831,-0.707665655154272,-0.705199737351729,0.043619387365336,3.9095375244673,3.92524548773525,0.00174532925199433,0.0436332312998582,0.267745302713987,0.0157079632679493,0.0418879020478639,73
-0.926580834428714,-0.329940593845917,-0.18051914525056,-0.884569013530929,-0.448767473801193,-0.12706460860135,3.48367718698068,3.61108622237627,-0.18151424220741,-0.127409035395586,0.268789144050104,0.127409035395587,0.0541052068118242,18
-0.951381771736989,-0.115129844680122,0.285688367404974,-0.945074934355975,-0.190560533472653,0.265556117486809,3.2620203719774,3.34056018831715,0.289724655831059,0.268780704807127,0.269832985386221,0.0785398163397453,-0.020943951023932,26
-0.894638921237274,0.285515699961888,0.343659694585616,-0.87834827271647,0.314494212918726,0.359996808120051,2.8326693759868,2.79776279094691,0.35081117965086,0.368264472170804,0.269832985386221,-0.0349065850398862,0.0174532925199433,118
-0.882202367940221,-0.381763054889915,-0.275637355816999,-0.885500245227733,-0.374049948241993,-0.275637355816999,3.54999969855647,3.5412730522965,-0.279252680319093,-0.279252680319093,0.27035490605428,-0.00872664625997155,0,14
-0.470151623084182,0.869527236818633,-0.151260820247219,-0.45183850657044,0.879182647825998,-0.151260820247219,2.06646983436129,2.04552588333735,-0.151843644923507,-0.151843644923507,0.271398747390397,-0.0209439510239324,0,39
-0.150564862466306,0.919444813868875,-0.363251230472978,0.034810499135439,0.949334044384746,-0.312334918512233,1.73311194723037,1.53414441250302,-0.371755130674792,-0.317649923862968,0.271920668058455,-0.198967534727354,0.0541052068118242,22
-0.748883959740412,0.580893943724342,-0.31895930929807,-0.73110653186759,0.615648865992479,-0.294040325232304,2.48185819633594,2.44171562354007,-0.324631240870945,-0.29845130209103,0.272964509394572,-0.0401425727958693,0.026179938779915,530
0.334230771679914,0.819007504834185,-0.466386640339891,0.406766031418522,0.778071655328348,-0.478691857940607,1.18333323285216,1.08908545324446,-0.485201532054424,-0.499164166070378,0.27348643006263,-0.0942477796076937,-0.0139626340159547,602
-0.279005742537724,0.884893162862136,-0.372987782575809,-0.38375427494022,0.865990742867852,-0.320612990585676,1.8762289458939,1.98793001802154,-0.382227106186758,-0.32637657012294,0.275052192066806,0.111701072127637,0.0558505360638185,60
0.278423668810168,0.888451007595649,-0.36487678433762,0.2884586616581,0.882540385043739,-0.371367835550235,1.26710903694788,1.25489173218392,-0.373500459926786,-0.380481776934764,0.275052192066806,-0.0122173047639604,-0.00698131700797733,76
0.493307495095283,0.837469940910398,-0.23514211310259,0.419812618073989,0.88015545723947,-0.221548497619467,1.03847090493663,1.12573736753634,-0.237364778271229,-0.223402144255274,0.275574112734864,0.0872664625997164,0.0139626340159546,42
0.917348073678796,0.352136933094309,0.185666615385577,0.889631931070575,0.409184970473783,0.202787295356512,0.366519142918809,0.431096325242599,0.186750229963393,0.204203522483337,0.276096033402923,0.0645771823237902,0.0174532925199433,70
0.976688198626398,0.0751520611263475,-0.201077921145965,0.975910101273761,0.12501696725375,-0.17880221511635,0.0767944870877505,0.127409035395586,-0.202458193231342,-0.179768912955416,0.276617954070981,0.0506145483078355,0.0226892802759263,72
0.781083765985184,0.567490573922823,0.260504508642648,0.771782253006293,0.581579642550351,0.257132793154696,0.628318530717959,0.645771823237902,0.263544717051144,0.260054058547155,0.27713987473904,0.0174532925199431,-0.00349065850398861,16
0.774446018498806,-0.620448256810281,0.123601476740493,0.78353327923666,-0.609964015838573,0.118403968306501,5.60774288665778,5.62170552067374,0.123918376891597,0.118682389135614,0.277661795407098,0.0139626340159547,-0.00523598775598298,68
0.747834213899945,0.609918702061414,0.262189178640865,0.799469589794711,0.541281605054456,0.260504508642648,0.684169066781777,0.595157274930066,0.265290046303138,0.263544717051144,0.278183716075157,-0.089011791851711,-0.00174532925199433,21
0.941836401308088,0.278984652113977,0.187381314585725,0.922175253630438,0.339294428959424,0.185666615385577,0.287979326579064,0.352556508902855,0.188495559215388,0.186750229963393,0.278705636743215,0.0645771823237902,-0.00174532925199436,20
0.934278442049322,-0.253837834633827,0.250380004054441,0.91794357177891,-0.294719438610875,0.265556117486809,6.01789526087645,5.9725167003246,0.253072741539178,0.268780704807127,0.279227557411273,-0.0453785605518533,0.0157079632679489,10
-0.0119500300551602,-0.978074601246235,0.207911690817759,0.00513976442847061,-0.981613727545114,0.190808995376545,4.70017167562073,4.71762496814067,0.20943951023932,0.191986217719376,0.279749478079332,0.017453292519944,-0.0174532925199433,11
0.189308939970963,-0.922241243924683,0.337095258423082,0.29026032708625,-0.898663269073964,0.328866646738583,4.91484717361603,5.02480291649167,0.343829862642883,0.335103216382911,0.28027139874739,0.109955742875642,-0.00872664625997166,98
-0.645377406599254,-0.719284873840459,0.257132793154696,-0.622659182407722,-0.734214506258907,0.270600445975864,3.98109602379907,4.00902129183097,0.260054058547155,0.27401669256311,0.280793319415449,0.0279252680319084,0.0139626340159546,76
-0.914357271123112,0.0703559576407349,0.398749068925246,-0.921848354064735,0.0612291001192521,0.38268343236509,3.06479816650204,3.07527014201401,0.410152374218667,0.392699081698724,0.281315240083507,0.0104719755119658,-0.0174532925199433,117
-0.91106272024596,0.172147088117569,0.374606593415912,-0.878615869716434,0.222323994039563,0.422618261740699,2.9548424236264,2.8937558998066,0.383972435438752,0.436332312998582,0.282359081419624,-0.0610865238198013,0.0523598775598299,26
-0.556756232078973,-0.766309211943151,0.320612990585676,-0.540904290615172,-0.778259280321279,0.31895930929807,4.08407044966673,4.10501440069066,0.32637657012294,0.324631240870945,0.2839248434238,0.0209439510239315,-0.00174532925199433,25
-0.851528352101898,0.391659282275428,0.348572047321815,-0.835657452900121,0.414823962128343,0.359996808120051,2.71049632834719,2.68082573106329,0.356047167406843,0.368264472170804,0.2839248434238,-0.029670597283904,0.0122173047639603,43
-0.805582054693078,0.491729386315164,-0.330514392713223,-0.811871382517866,0.480139397169475,-0.332161131883703,2.59355926846357,2.60752190247953,-0.336848545634906,-0.3385938748869,0.284446764091858,0.0139626340159551,-0.00174532925199428,19
-0.707082172091054,0.702162958611638,-0.0836778433323155,-0.849951610084427,0.522893719322039,-0.064532308252958,2.35968514869633,2.59006860995959,-0.0837758040957278,-0.0645771823237902,0.285490605427975,0.230383461263252,0.0191986217719376,28
-0.940741446798553,-0.318423412110453,-0.116670737099333,-0.936186474586164,-0.333361008449866,-0.111468932206325,3.46796922371273,3.48367718698068,-0.11693705988362,-0.111701072127637,0.286534446764092,0.0157079632679484,0.005235987755983,17
-0.314967554148755,0.919944945052548,0.233445363855905,-0.373361782549344,0.896944074008953,0.236838146065619,1.90066355542182,1.96524073774561,0.235619449019234,0.239110107523223,0.286534446764092,0.0645771823237902,0.00349065850398864,94
-0.7308600459364,0.637569854436625,-0.243615011786023,-0.746868829002947,0.620062448364121,-0.240228042477264,2.42426233102012,2.44869694054804,-0.2460914245312,-0.242600766027212,0.287578288100209,0.0244346095279204,0.00349065850398869,33
-0.175383216710909,0.955587996923536,-0.236838146065619,-0.175156955147614,0.954355194617224,-0.241921895599668,1.75231056900231,1.75231056900231,-0.239110107523223,-0.244346095279206,0.287578288100209,0,-0.00523598775598302,51
-0.713605898179583,-0.656194261264618,0.245307385878803,-0.731962976527395,-0.618556673007928,0.285688367404974,3.88510291493938,3.84321501289151,0.247836753783195,0.289724655831059,0.288100208768267,-0.0418879020478644,0.0418879020478639,8
0.433039389692834,0.768521108834761,-0.47101188121941,0.61282121685349,0.610685792112429,-0.501510737159457,1.05766952670856,0.783652834145454,-0.490437519810407,-0.525344104850293,0.289144050104384,-0.27401669256311,-0.0349065850398865,171
0.810147231722823,0.560972538833671,0.170209499166033,0.702950413892549,0.68120634200616,0.20449605184179,0.605629250442032,0.769690200129499,0.171042266695444,0.205948851735331,0.289665970772443,0.164060949687467,0.0349065850398866,135
0.920754629429297,0.269247496055878,-0.282341456842876,0.936433623317661,0.249165721627489,-0.246999012722743,0.284488668075076,0.260054058547155,-0.28623399732707,-0.249582083035189,0.29070981210856,-0.0244346095279204,0.0366519142918809,395
0.450890651433753,0.830437274595346,0.327217898979104,0.460114782898489,0.82666310716405,0.323917418198149,1.07337748997651,1.06290551446455,0.333357887130917,0.329867228626928,0.291231732776618,-0.0104719755119662,-0.00349065850398872,31
-0.624499736536348,-0.74424980459133,0.236838146065619,-0.620005557415907,-0.738893850478783,0.263873049965373,4.01425727958696,4.01425727958696,0.239110107523223,0.267035375555132,0.292275574112735,0,0.0279252680319093,72
-0.94549596235983,-0.206151458389611,-0.252069358243114,-0.951618908436303,-0.221448656871145,-0.213030386274977,3.3562681515851,3.37023078560105,-0.254818070791172,-0.214675497995303,0.293319415448852,0.0139626340159547,0.0401425727958695,10
-0.914564257638559,0.174462462729005,0.36487678433762,-0.911594654725835,0.207109224141639,0.355106962408137,2.95309709437441,2.91819050933452,0.373500459926786,0.363028484414821,0.293319415448852,-0.0349065850398862,-0.0104719755119659,87
-0.610857798881801,0.738400234476373,0.285688367404974,-0.628716177663278,0.723255227892587,0.285688367404974,2.26194671058465,2.28638132011257,0.289724655831059,0.289724655831059,0.295929018789144,0.0244346095279204,0,16
-0.471172020570295,0.836195626355029,0.280666708920788,-0.47456904877982,0.835392602914341,0.277314653302378,2.08392312688123,2.08741378538522,0.284488668075076,0.280998009571087,0.295929018789144,0.00349065850398844,-0.00349065850398866,20
-0.877037621362788,0.456556887775746,-0.14953534344371,-0.913921583498092,0.386055591567661,-0.125333233564304,2.66162710929135,2.74191225488309,-0.150098315671512,-0.125663706143592,0.298016701461378,0.080285145591739,0.0244346095279206,21
0.784891666776173,0.578672044104326,-0.221548497619467,0.737368550210929,0.643247584593013,-0.20620418539663,0.635299847725936,0.717330322569669,-0.223402144255274,-0.207694180987325,0.298538622129436,0.0820304748437337,0.015707963267949,299
0.098628545483372,0.893366189016947,0.438371146789077,0.0897932525798997,0.899612376744705,0.427357863387192,1.46084058391925,1.47131255943122,0.453785605518526,0.441568300754565,0.299060542797495,0.0104719755119658,-0.0122173047639602,21
0.934921672937382,0.271619854929042,-0.228350870110656,0.934923553560614,0.291196260002743,-0.202787295356512,0.282743338823081,0.301941960595019,-0.230383461263251,-0.204203522483337,0.299582463465553,0.0191986217719378,0.0261799387799149,41
0.847316076888251,-0.384359618919951,0.366501226724297,0.794645833628578,-0.4699522359544,0.384295322659804,5.85732496969297,5.74911455606932,0.375245789178781,0.394444410950718,0.300104384133612,-0.10821041362365,0.0191986217719376,53
0.368586356987698,-0.889846181945391,0.268919820615266,0.371373807213506,-0.892168270003036,0.257132793154696,5.10508806208341,5.10683339133541,0.272271363311115,0.260054058547155,0.30062630480167,0.00174532925199422,-0.0122173047639603,214
-0.627577358857994,-0.740013820869779,0.241921895599668,-0.624615323568556,-0.739132421287453,0.252069358243114,4.00902129183097,4.01076662108297,0.244346095279206,0.254818070791172,0.301670146137787,0.00174532925199511,0.0104719755119659,13
-0.830357278137519,-0.496958579037484,0.252069358243114,-0.812027906424898,-0.533402635684713,0.236838146065619,3.68089939245604,3.72278729450391,0.254818070791172,0.239110107523223,0.301670146137787,0.0418879020478644,-0.015707963267949,56
-0.960736633314428,-0.207718612587835,0.18395135061272,-0.924094706463924,-0.345504853139869,0.163325962241622,3.3545228223331,3.49938515024863,0.185004900711399,0.164060949687467,0.303757828810021,0.14486232791553,-0.0209439510239319,8
-0.304269338426645,-0.854487573669382,0.421035813367491,-0.280975357835997,-0.875135772412926,0.393941909590951,4.3703044469938,4.4017203735297,0.434586983746588,0.404916386462684,0.303757828810021,0.0314159265358978,-0.0296705972839036,6
-0.361176987621309,-0.871958381932421,-0.330514392713223,-0.404290496475659,-0.847612652558223,-0.343659694585616,4.31968989868597,4.26733002112614,-0.336848545634906,-0.35081117965086,0.303757828810021,-0.0523598775598293,-0.0139626340159547,84
-0.943310761238918,0.205675007494119,-0.260504508642648,-0.958873775102235,0.148441503127162,-0.241921895599668,2.92691715559449,2.98800367941429,-0.263544717051144,-0.244346095279206,0.304279749478079,0.0610865238198013,0.0191986217719376,35
-0.765700083289602,0.637957258171565,-0.0819385086300409,-0.829274296784274,0.553057206109315,-0.0801989243288589,2.44695161129605,2.5534166956677,-0.0820304748437335,-0.0802851455917391,0.305323590814196,0.106465084371655,0.00174532925199435,36
-0.69599892793333,0.669774733927666,0.258819045102521,-0.699998232694335,0.664273519589962,0.262189178640865,2.37539311196428,2.38237442897226,0.261799387799149,0.265290046303138,0.305323590814196,0.00698131700797733,0.00349065850398866,10
-0.415951704966358,0.823444415630564,-0.385906042324319,-0.393384987408976,0.832212374884403,-0.390731128489274,2.03854456632938,2.01236462754946,-0.396189740202713,-0.401425727958696,0.305845511482255,-0.0261799387799146,-0.00523598775598294,17
-0.750094135925725,0.654348820564133,-0.095845752520224,-0.754644036102768,0.649096272134078,-0.095845752520224,2.42426233102012,2.4312436480281,-0.0959931088596881,-0.0959931088596881,0.306889352818372,0.00698131700797733,0,11
-0.582577796522788,0.75105476968764,0.310676429630732,-0.562959810720936,0.769187038814756,0.302369890750444,2.23053078404875,2.20260551601684,0.315904594610974,0.307177948351002,0.306889352818372,-0.0279252680319089,-0.00872664625997166,54
0.550801830080993,0.786626535740078,0.278991106039229,0.535326707171984,0.796650183638951,0.280666708920788,0.959931088596881,0.979129710368819,0.282743338823081,0.284488668075076,0.30741127348643,0.0191986217719373,0.00174532925199433,91
0.893029747085429,-0.405096259396486,0.195946144242518,0.896591582257712,-0.395444005329241,0.199367934417197,5.85732496969297,5.86779694520494,0.197222205475359,0.200712863979348,0.307933194154488,0.0104719755119653,0.00349065850398864,16
0.979348183674927,0.134154013696051,0.151260820247219,0.981777911434537,0.127510687621505,0.140901231937583,0.136135681655558,0.12915436464758,0.151843644923507,0.141371669411541,0.308977035490605,-0.00698131700797733,-0.010471975511966,87
0.323749931280929,-0.91424160265659,0.243615011786023,0.403739090913926,-0.881842657451142,0.243615011786023,5.05272818452358,5.14173997637529,0.2460914245312,0.2460914245312,0.308977035490605,0.0890117918517106,0,348
0.122068397784552,-0.939874600824179,0.31895930929807,0.134939145923969,-0.936412800577371,0.323917418198149,4.84154334503227,4.85550597904822,0.324631240870945,0.329867228626928,0.309498956158664,0.0139626340159555,0.00523598775598294,34
-0.148064284137347,-0.967604429787305,-0.20449605184179,-0.175023657415747,-0.963092977923697,-0.20449605184179,4.56054533546118,4.53262006742927,-0.205948851735331,-0.205948851735331,0.310542797494781,-0.0279252680319093,0,17
-0.282918115245673,-0.902792803612037,-0.323917418198149,-0.162464216277251,-0.930877986106192,-0.327217898979104,4.40870169053768,4.53960138443725,-0.329867228626928,-0.333357887130917,0.312108559498956,0.130899693899575,-0.00349065850398872,28
-0.57794140929021,-0.75865654256201,-0.300705799504273,-0.604256531847418,-0.733021788487687,-0.312334918512233,4.06138116939081,4.02298392584693,-0.305432619099008,-0.317649923862968,0.312108559498956,-0.0383972435438764,-0.0122173047639603,16
-0.767656818975118,-0.557735325898736,0.315649036947102,-0.766462513801555,-0.548733264588075,0.333806859233771,3.76991118430775,3.76292986729977,0.321140582366957,0.340339204138894,0.312630480167015,-0.00698131700797733,0.0191986217719377,15
-0.134523384451017,-0.98204465594595,0.132256390257122,-0.122486986909773,-0.983384278984986,0.133986185418292,4.57625329872913,4.58847060349309,0.132645023151569,0.134390352403563,0.313674321503132,0.0122173047639604,0.00174532925199433,18
-0.952589406356666,-0.241042176451174,0.185666615385577,-0.951543332746449,-0.251408593034779,0.177084740319583,3.38942940737299,3.39990138288495,0.186750229963393,0.178023583703422,0.313674321503132,0.0104719755119662,-0.00872664625997163,32
-0.87545771441917,-0.393446297183665,0.280666708920788,-0.868718925893335,-0.461906046360315,0.17880221511635,3.56396233257242,3.63028484414821,0.284488668075076,0.179768912955416,0.31419624217119,0.0663225115757844,-0.10471975511966,68
-0.464897847235713,0.863408999369412,-0.195946144242518,-0.59094478453779,0.778541002151251,-0.211324796455389,2.06472450510929,2.22005880853679,-0.197222205475359,-0.212930168743308,0.314718162839248,0.155334303427495,-0.0157079632679489,60
0.636035012867718,-0.677308495363707,0.369746757273829,0.650320782547363,-0.657166834262995,0.381070376350274,5.46637121724624,5.49255115602615,0.378736447682769,0.39095375244673,0.315762004175365,0.0261799387799142,0.0122173047639603,15
0.920947623040109,0.164045757128926,0.353474843779257,0.934867880358972,0.0752176836958137,0.346935651573256,0.176278254451427,0.0802851455917391,0.361283155162826,0.354301838154849,0.316805845511482,-0.0959931088596879,-0.00698131700797727,120
0.441315538206797,-0.858707165868608,0.260504508642648,0.429969800867701,-0.862386004462529,0.267238376078257,5.18711853692715,5.17490123216319,0.263544717051144,0.270526034059121,0.316805845511482,-0.0122173047639604,0.00698131700797733,64
-0.44289532611466,-0.822545883186598,-0.356737999319625,-0.380227857478379,-0.854005750359251,-0.355106962408137,4.21846080207029,4.29350995990605,-0.364773813666815,-0.363028484414821,0.317849686847599,0.0750491578357568,0.00174532925199433,5
-0.913044013917031,-0.391331164216264,-0.114937150492867,-0.853443063153526,-0.506737408420896,-0.121869343405147,3.54650904005248,3.67740873395205,-0.115191730631626,-0.122173047639603,0.318893528183716,0.130899693899575,-0.00698131700797733,3
-0.969208648356517,-0.100157970728828,0.224951054343865,-0.958280381512708,-0.174149060419584,0.226651307436855,3.24456707945746,3.32136156654521,0.226892802759263,0.228638132011257,0.318893528183716,0.0767944870877506,0.00174532925199433,90
-0.194232031825602,-0.913789865151901,-0.356737999319625,-0.201828246940257,-0.902927672481313,-0.379456159529005,4.50294947014537,4.4924774946334,-0.364773813666815,-0.389208423194735,0.32098121085595,-0.0104719755119662,-0.0244346095279206,203
-0.896365473581076,-0.400963653230851,0.189095442989891,-0.888014038632775,-0.415976172091141,0.195946144242518,3.56221700332043,3.57967029584037,0.190240888467382,0.197222205475359,0.32098121085595,0.0174532925199435,0.00698131700797733,10
-0.917393811145413,-0.3393542751954,0.207911690817759,-0.924641001008295,-0.320185654237179,0.20620418539663,3.49589449174464,3.47495054072071,0.20943951023932,0.207694180987325,0.32098121085595,-0.0209439510239324,-0.00174532925199433,7
-0.58781746278158,0.785751820140445,-0.192521966525907,-0.614456882525167,0.76423023237369,-0.195946144242518,2.21307749152881,2.2479840765687,-0.193731546971371,-0.197222205475359,0.321503131524008,0.0349065850398866,-0.00349065850398866,34
-0.74729195453487,0.63599530430063,0.192521966525907,-0.766567874994051,0.607574210980359,0.207911690817759,2.43647963578408,2.47138622082397,0.193731546971371,0.20943951023932,0.322025052192067,0.0349065850398866,0.015707963267949,64
-0.144956658675023,0.947296006449544,0.285688367404974,-0.109914943653167,0.949967100187813,0.292371704722737,1.7226399717184,1.68598805742652,0.289724655831059,0.296705972839036,0.323068893528184,-0.0366519142918813,0.00698131700797727,41
0.928954381249575,0.310823787997052,-0.201077921145965,0.940255821559376,0.269614018265008,-0.207911690817759,0.322885911618951,0.279252680319093,-0.202458193231342,-0.20943951023932,0.324634655532359,-0.0436332312998582,-0.0069813170079773,8
0.933424653133326,0.0701845522233516,0.351841648404702,0.934197841655875,0.034255479777265,0.355106962408137,0.0750491578357562,0.0366519142918809,0.359537825910832,0.363028484414821,0.324634655532359,-0.0383972435438751,0.00349065850398866,72
-0.453171905181978,0.866837904786724,-0.207911690817759,-0.458519860839198,0.862350437167198,-0.214735327167063,2.05250720034533,2.05948851735331,-0.20943951023932,-0.216420827247297,0.325156576200418,0.00698131700797733,-0.00698131700797733,66
0.423889667997831,0.900811397979085,0.0941083133185143,0.412267686939505,0.904638874619389,0.107999355706023,1.13097335529233,1.14319066005629,0.0942477796076938,0.108210413623648,0.328288100208768,0.0122173047639604,0.0139626340159546,17
0.398029414232735,0.845855561342959,0.355106962408137,0.406686845438902,0.837538501800599,0.36487678433762,1.13097335529233,1.11875605052837,0.363028484414821,0.373500459926786,0.328288100208768,-0.0122173047639604,0.0104719755119659,31
0.415034964517321,0.821629578008,-0.390731128489274,0.364533194058124,0.854636113158852,-0.369746757273829,1.10304808726042,1.16762526958421,-0.401425727958696,-0.378736447682769,0.328288100208768,0.0645771823237902,0.0226892802759263,81
0.978792745437877,-0.162038088246247,0.125333233564304,0.987047394371758,-0.0534565760413209,0.151260820247219,6.11912435749212,6.22908010036776,0.125663706143592,0.151843644923507,0.328288100208768,0.109955742875642,0.0261799387799149,59
-0.287192998022957,-0.9393659695937,0.187381314585725,-0.281887783390398,-0.939580914227936,0.194234351219972,4.41568300754565,4.42091899530164,0.188495559215388,0.195476876223365,0.329331941544885,0.00523598775598355,0.0069813170079773,31
0.747140816123038,-0.546824414871358,0.377840786818467,0.78385267122756,-0.50709703464733,0.3583679495453,5.65137611795764,5.70897198327345,0.387463093942741,0.366519142918809,0.329853862212944,0.0575958653158128,-0.0209439510239319,50
-0.941678064684564,-0.2735827681862,0.195946144242518,-0.929016761055249,-0.31807353099381,0.189095442989891,3.42433599241287,3.47145988221672,0.197222205475359,0.190240888467382,0.330375782881002,0.0471238898038471,-0.00698131700797733,339
-0.715642146290511,-0.600495061007284,-0.356737999319625,-0.709363207042435,-0.614469685389637,-0.345298198998535,3.83972435438753,3.85543231765547,-0.364773813666815,-0.352556508902855,0.332463465553236,0.0157079632679489,0.0122173047639603,20
-0.751066753351942,-0.529819312480403,-0.393941909590951,-0.769976876801387,-0.501941611204946,-0.393941909590951,3.7559485502918,3.71929663599992,-0.404916386462684,-0.404916386462684,0.332463465553236,-0.0366519142918813,0,89
-0.866822750850846,0.457023790774169,0.199367934417197,-0.849493540637478,0.488480451135377,0.199367934417197,2.65639112153537,2.61973920724349,0.200712863979348,0.200712863979348,0.332985386221294,-0.0366519142918809,0,35
-0.977895834660352,-0.0221915609012634,0.207911690817759,-0.976933598544691,-0.0307013751745536,0.211324796455389,3.16428193386572,3.17300858012569,0.20943951023932,0.212930168743308,0.333507306889353,0.00872664625997155,0.00349065850398864,101
0.347745387258023,0.865043823140602,0.361624570082092,0.375250576760073,0.854844674417481,0.3583679495453,1.18856922060814,1.15715329407224,0.370009801422798,0.366519142918809,0.334029227557411,-0.0314159265358978,-0.00349065850398861,25
0.587194378432695,0.722542520678527,-0.36487678433762,0.609076986454641,0.698198058144374,-0.376224263139366,0.888372589265114,0.853466004225227,-0.373500459926786,-0.385717764690747,0.335594989561587,-0.0349065850398866,-0.0122173047639604,696
0.725815568125002,0.611193460813961,0.315649036947102,0.721810937954864,0.603527622596194,0.338737920245291,0.699877030049726,0.696386371545737,0.321140582366957,0.345575191894877,0.335594989561587,-0.00349065850398889,0.0244346095279206,189
0.732118796430114,0.555708412552443,-0.393941909590951,0.744729379578334,0.535142346693027,-0.398749068925246,0.649262481741891,0.623082542961976,-0.404916386462684,-0.410152374218667,0.335594989561587,-0.0261799387799151,-0.005235987755983,260
0.846817185854155,0.518930238901866,0.116670737099333,0.82676931678669,0.551386592122851,0.111468932206325,0.549778714378214,0.588175957922089,0.11693705988362,0.111701072127637,0.336116910229645,0.0383972435438755,-0.005235987755983,202
0.953929594329503,-0.277142166584102,0.114937150492867,0.981875906786122,-0.152002421248967,0.113203213767907,6.00044196835651,6.12959633300409,0.115191730631626,0.113446401379631,0.336638830897704,0.129154364647579,-0.00174532925199433,33
0.736771677610944,-0.555197281664757,0.385906042324319,0.739662201927348,-0.567562769526798,0.361624570082092,5.63741348394168,5.62868683768171,0.396189740202713,0.370009801422798,0.337160751565762,-0.00872664625997199,-0.026179938779915,28
0.94003104701438,0.164061681132132,-0.299040792256087,0.934210690679171,0.178210220268706,-0.309016994374947,0.172787595947439,0.188495559215388,-0.303687289847013,-0.314159265358979,0.338204592901879,0.0157079632679489,-0.010471975511966,32
0.927039665137194,-0.352149334181606,0.128795596577563,0.91399995598749,-0.380461460983024,0.140901231937583,5.92015682276477,5.88874089622887,0.12915436464758,0.141371669411541,0.338204592901879,-0.0314159265358978,0.0122173047639603,26
0.266034938320053,-0.952830079478539,0.146083028562412,0.279524721828605,-0.949743529972757,0.140901231937583,4.98466034369581,4.99862297771176,0.146607657167524,0.141371669411541,0.338726513569937,0.0139626340159529,-0.005235987755983,10
0.714740191378026,-0.634576036394523,0.294040325232304,0.72582179855655,-0.626512570275208,0.284015344703923,5.55712833834995,5.5710909723659,0.29845130209103,0.287979326579064,0.339770354906054,0.0139626340159547,-0.010471975511966,18
-0.894641273945138,-0.390859161939625,0.216439613938103,-0.891886315270153,-0.395229613092794,0.219846204352837,3.55349035706046,3.55872634481644,0.218166156499291,0.22165681500328,0.339770354906054,0.00523598775598311,0.00349065850398864,98
-0.903902798009838,0.304196899876516,0.300705799504273,-0.928194751634091,0.188843356532965,0.320612990585676,2.81696141271885,2.94087978961045,0.305432619099008,0.32637657012294,0.340292275574113,0.123918376891597,0.020943951023932,199
-0.947064378358235,-0.243164802821184,0.209618562903822,-0.950367173148824,-0.229918016447709,0.209618562903822,3.39292006587698,3.37895743186102,0.211184839491314,0.211184839491314,0.34133611691023,-0.0139626340159547,0,108
-0.937958397542109,-0.226916017689073,0.262189178640865,-0.927633392084905,-0.265994594856137,0.262189178640865,3.37895743186102,3.42084533390889,0.265290046303138,0.265290046303138,0.34133611691023,0.0418879020478631,0,98
-0.789038847157648,-0.493046193054682,-0.366501226724297,-0.76281504719528,-0.528198180441437,-0.372987782575809,3.70009801422798,3.74722190403183,-0.375245789178781,-0.382227106186758,0.342379958246347,0.0471238898038466,-0.00698131700797727,19
-0.903474108802649,-0.337795127592498,0.263873049965373,-0.871980496843967,-0.419655873018183,0.252069358243114,3.49938515024863,3.59014227135234,0.267035375555132,0.254818070791172,0.342379958246347,0.0907571211037048,-0.0122173047639604,138
-0.957934644963986,0.215879895817512,0.189095442989891,-0.96768470024516,0.170628921472005,0.185666615385577,2.91993583858651,2.96705972839036,0.190240888467382,0.186750229963393,0.343423799582463,0.0471238898038466,-0.00349065850398866,59
-0.742027178615239,0.480038910008734,-0.467929814260573,-0.733159342014825,0.496386192135659,-0.46484204572462,2.56737932968366,2.54643537865973,-0.486946861306418,-0.483456202802429,0.343423799582463,-0.0209439510239315,0.00349065850398872,11
-0.491122552413347,0.798308315337425,0.348572047321815,-0.545048404386296,0.769799466966358,0.332161131883703,2.1223203704251,2.18689755274889,0.356047167406843,0.3385938748869,0.343945720250522,0.0645771823237902,-0.0174532925199433,35
-0.693517176061154,0.708196423137196,-0.132256390257122,-0.66100478963165,0.73670187684982,-0.142628933705512,2.34572251468038,2.30208928338052,-0.132645023151569,-0.143116998663535,0.346555323590814,-0.0436332312998582,-0.010471975511966,9
-0.672628539790571,0.703865560727978,0.228350870110656,-0.751081684061184,0.636963589430957,0.17364817766693,2.33350520991642,2.43822496503608,0.230383461263251,0.174532925199433,0.346555323590814,0.104719755119659,-0.0558505360638185,16
0.669530222145656,0.637585013862347,-0.381070376350274,0.688150287839861,0.617441940277931,-0.381070376350274,0.760963553869528,0.731292956585624,-0.39095375244673,-0.39095375244673,0.346555323590814,-0.0296705972839035,0,511
-0.329388412185697,0.909925443403299,0.252069358243114,-0.28841556841687,0.925995780728654,0.243615011786023,1.91811684794177,1.87273828738992,0.254818070791172,0.2460914245312,0.347077244258873,-0.0453785605518524,-0.0087266462599716,68
0.864130721256424,-0.417737112409738,0.280666708920788,0.860146347544488,-0.426980355001122,0.278991106039229,5.83289036016505,5.82241838465308,0.284488668075076,0.282743338823081,0.347599164926931,-0.0104719755119662,-0.00174532925199433,106
0.962501942935041,0.135270826462764,-0.23514211310259,0.966686865794172,0.122120950907794,-0.224951054343865,0.139626340159546,0.125663706143592,-0.237364778271229,-0.226892802759263,0.34812108559499,-0.0139626340159547,0.010471975511966,59
0.935376439377544,0.0834801232312759,-0.343659694585616,0.939691189552564,0.00164007218628297,-0.342020143325669,0.0890117918517108,0.00174532925199433,-0.35081117965086,-0.349065850398866,0.348643006263048,-0.0872664625997164,0.00174532925199439,7
0.828436914963366,-0.422109691474487,-0.368124552684678,0.841751315881491,-0.39789402416123,-0.36487678433762,5.81194640914112,5.84161700642502,-0.376991118430775,-0.373500459926786,0.349164926931106,0.0296705972839035,0.00349065850398872,74
0.944942591230119,0.0329981224112818,0.325568154457157,0.94304697387973,0.0825059193869046,0.322265695230511,0.0349065850398866,0.0872664625997165,0.331612557878923,0.328121899374934,0.349686847599165,0.0523598775598297,-0.00349065850398866,331
0.947889919219633,-0.268225810687395,-0.17192910027941,0.952135168891206,-0.251564962889246,-0.17364817766693,6.00742328536448,6.02487657788443,-0.172787595947439,-0.174532925199433,0.350730688935282,0.0174532925199431,-0.00174532925199433,60
-0.536294017767227,-0.774506921117671,-0.335451569750255,-0.514778366819004,-0.789668420150917,-0.333806859233771,4.10675972994266,4.13468499797457,-0.342084533390889,-0.340339204138894,0.350730688935282,0.0279252680319093,0.00174532925199433,505
-0.751258612753766,-0.531920747849514,-0.390731128489274,-0.714683018031253,-0.564422637566106,-0.413104429824542,3.75769387954379,3.81005375710362,-0.401425727958696,-0.425860337486616,0.351774530271399,0.0523598775598297,-0.0244346095279206,98
-0.847668533153622,-0.462163887466382,0.260504508642648,-0.848435198623486,-0.464504703202045,0.253757944584806,3.64075681966017,3.64250214891217,0.263544717051144,0.256563400043166,0.351774530271399,0.00174532925199378,-0.00698131700797733,13
-0.98057661313545,-0.0806180726716853,-0.17880221511635,-0.975522309910598,-0.13710071970564,-0.17192910027941,3.22362312843353,3.28121899374934,-0.179768912955416,-0.172787595947439,0.352818371607516,0.0575958653158133,0.00698131700797733,8
-0.942549113543871,0.114060975592973,0.313992455967405,-0.938630711218933,0.0986540630995442,0.330514392713223,3.02116493520218,3.03687289847013,0.319395253114962,0.336848545634906,0.354906054279749,0.0157079632679489,0.0174532925199433,29
-0.612886587983733,-0.702565086367519,-0.361624570082092,-0.621046038217103,-0.697046792657091,-0.3583679495453,3.99505865781502,3.98458668230305,-0.370009801422798,-0.366519142918809,0.354906054279749,-0.0104719755119662,0.00349065850398861,39
-0.84172687424681,0.525969326395268,-0.121869343405147,-0.8588124188242,0.495835581191545,-0.128795596577563,2.58308729295161,2.61799387799149,-0.122173047639603,-0.12915436464758,0.354906054279749,0.0349065850398866,-0.00698131700797733,62
-0.504980153251341,0.789615458719072,0.348572047321815,-0.438317595629753,0.838424231251219,0.323917418198149,2.13977366294505,2.05250720034533,0.356047167406843,0.329867228626928,0.355427974947808,-0.0872664625997168,-0.026179938779915,82
-0.942291074706267,0.0907323107085021,0.322265695230511,-0.941842412243237,0.0510083617221509,0.332161131883703,3.04559954473011,3.08748744677797,0.328121899374934,0.3385938748869,0.356471816283925,0.041887902047864,0.0104719755119659,54
0.0173568003287447,0.994370424866534,-0.104528463267653,-0.0291407733418098,0.981854906935422,-0.187381314585725,1.55334303427495,1.6004669240788,-0.10471975511966,-0.188495559215388,0.357515657620042,0.0471238898038471,-0.0837758040957278,37
0.122946281601489,0.97322003095216,0.194234351219972,0.107607074001393,0.974692682942346,0.195946144242518,1.4451326206513,1.46084058391925,0.195476876223365,0.197222205475359,0.357515657620042,0.0157079632679493,0.00174532925199433,86
0.718968957208601,0.578065882982172,-0.385906042324319,0.774887378218573,0.499380837972613,-0.387515586452103,0.6771877497738,0.57246799465414,-0.396189740202713,-0.397935069454707,0.3580375782881,-0.10471975511966,-0.00174532925199433,350
0.940637645960096,0.0839496734095431,-0.328866646738583,0.923484015758945,0.0564827020709082,-0.379456159529005,0.0890117918517108,0.0610865238198015,-0.335103216382911,-0.389208423194735,0.359081419624217,-0.0279252680319093,-0.0541052068118242,18
0.970986371455011,0.0169486301581616,0.238533457578581,0.971198730741854,0.0832611020015201,0.223250116010951,0.0174532925199433,0.0855211333477222,0.240855436775218,0.225147473507269,0.359081419624217,0.0680678408277791,-0.015707963267949,56
0.392369224259,0.822619185599398,0.411514358605109,0.347984093883563,0.848472893164705,0.398749068925246,1.12573736753634,1.18158790360016,0.424115008234622,0.410152374218667,0.360125260960334,0.0558505360638186,-0.0139626340159547,46
0.968564842324141,-0.18301222687955,-0.168489379565003,0.98091405428482,-0.122179304158503,-0.151260820247219,6.09643507721619,6.15926693028799,-0.16929693744345,-0.151843644923507,0.360125260960334,0.0628318530717955,0.0174532925199433,3
0.841993523284771,-0.468647583048877,0.267238376078257,0.834979533394681,-0.478197287616236,0.272280247040574,5.77529449484924,5.76307719008528,0.270526034059121,0.275762021815104,0.360647181628392,-0.0122173047639604,0.00523598775598305,35
0.394696121336284,0.899142861420003,0.189095442989891,0.377106180932598,0.905939413375656,0.192521966525907,1.15715329407224,1.17635191584418,0.190240888467382,0.193731546971371,0.361691022964509,0.0191986217719378,0.00349065850398866,35
0.944338634172975,-0.281519573745715,0.170209499166033,0.925617777631065,-0.315105994578752,0.209618562903822,5.99346065134853,5.95506340780465,0.171042266695444,0.211184839491314,0.361691022964509,-0.0383972435438746,0.0401425727958696,177
0.866459648800614,0.398526911443647,-0.300705799504273,0.817528216323963,0.500981935289957,-0.284015344703923,0.431096325242599,0.549778714378214,-0.305432619099008,-0.287979326579064,0.362734864300626,0.118682389135615,0.0174532925199433,205
0.490574846148386,-0.819690837734346,-0.295708050044047,0.416960447515278,-0.851122167623401,-0.31895930929807,5.25169571925094,5.16791991515521,-0.300196631343025,-0.324631240870945,0.362734864300626,-0.0837758040957279,-0.0244346095279206,39
0.807141838506116,0.395414706600294,-0.438371146789077,0.835860294661495,0.370402298143375,-0.405141586779863,0.45553093477052,0.417133691226645,-0.453785605518526,-0.417133691226645,0.363256784968685,-0.0383972435438755,0.0366519142918809,13
-0.23236483880073,-0.938942749718643,-0.253757944584806,-0.0558297388351812,-0.968263789622483,-0.243615011786023,4.46978821435748,4.65479311506888,-0.256563400043166,-0.2460914245312,0.36482254697286,0.185004900711398,0.0104719755119659,44
-0.947208835062641,-0.00165319296621992,0.320612990585676,-0.95039846886083,-0.0149300522065552,0.310676429630732,3.14333798284179,3.15730061685774,0.32637657012294,0.315904594610974,0.365344467640919,0.0139626340159555,-0.010471975511966,31
-0.779830893705417,-0.613666401369817,-0.123601476740493,-0.738763560833934,-0.662854632873577,-0.121869343405147,3.80830842785163,3.87288561017542,-0.123918376891597,-0.122173047639603,0.366910229645094,0.0645771823237906,0.00174532925199432,61
-0.943666171891509,0.279526654853471,0.177084740319583,-0.955426746288601,0.222334768496818,0.194234351219972,2.85361332701073,2.91295452157854,0.178023583703422,0.195476876223365,0.366910229645094,0.0593411945678071,0.0174532925199433,16
-0.460389028045983,0.827155828446171,0.322265695230511,-0.445027699021299,0.840511061373544,0.309016994374947,2.07868713912525,2.05774318810131,0.328121899374934,0.314159265358979,0.367432150313152,-0.020943951023932,-0.0139626340159547,127
-0.676726323298908,-0.605063165203359,0.419452082446177,-0.695733587760633,-0.579663371797973,0.42419942274539,3.87114028092342,3.83623369588354,0.432841654494594,0.438077642250577,0.368475991649269,-0.0349065850398866,0.005235987755983,44
-0.982139705441466,0.111900684776673,0.151260820247219,-0.982770284968081,0.0583873133782865,0.175366726091987,3.02814625221016,3.08225145902199,0.151843644923507,0.176278254451427,0.368475991649269,0.054105206811824,0.0244346095279206,6
-0.79852121156694,-0.448109204903221,-0.40194777665596,-0.788322432762781,-0.45881461215734,-0.409923033841573,3.65297412442413,3.66868208769208,-0.413643032722656,-0.422369678982628,0.368997912317328,0.0157079632679484,-0.00872664625997172,16
-0.998883789383022,-0.00348677635568832,0.0471064507096427,-0.998585712886271,-0.0401073453288737,0.034899496702501,3.14508331209378,3.18173522638566,0.0471238898038469,0.0349065850398866,0.369519832985386,0.0366519142918813,-0.0122173047639603,4
0.300957999839433,0.937374414901765,0.175366726091987,0.289749658956567,0.941845986097622,0.170209499166033,1.26012771993991,1.27234502470387,0.176278254451427,0.171042266695444,0.370041753653445,0.0122173047639604,-0.00523598775598297,27
0.963405869373859,0.0471184078463144,-0.263873049965373,0.97952153886688,-0.0102579005394224,-0.201077921145965,0.0488692190558412,6.27271333166762,-0.267035375555132,-0.202458193231342,0.370563674321503,-0.0593411945678071,0.0645771823237902,61
0.957136386306518,0.139631098141474,-0.253757944584806,0.945861449632833,0.220108854238268,-0.238533457578581,0.144862327915529,0.228638132011257,-0.256563400043166,-0.240855436775218,0.37160751565762,0.0837758040957279,0.0157079632679489,31
0.983945124850403,-0.136533668813612,0.114937150492867,0.98204465594595,-0.134523384451017,0.132256390257122,6.14530429627203,6.14704962552403,0.115191730631626,0.132645023151569,0.372651356993737,0.00174532925199422,0.0174532925199433,140
-0.0186432944009301,-0.970955311633593,-0.238533457578581,-0.00168897026518218,-0.967707696576992,-0.252069358243114,4.69319035861275,4.7106436511327,-0.240855436775218,-0.254818070791172,0.373695198329854,0.017453292519944,-0.0139626340159546,150
-0.0635124143546782,-0.982144168627389,0.177084740319583,-0.0240460424309629,-0.983901815522948,0.177084740319583,4.6478117980609,4.68795437085677,0.178023583703422,0.178023583703422,0.374217118997912,0.0401425727958697,0,16
0.991093729405021,-0.0536757177133699,0.121869343405147,0.990596830270006,-0.0276698748835642,0.133986185418292,6.22908010036776,6.25526003914768,0.122173047639603,0.134390352403563,0.375260960334029,0.0261799387799151,0.0122173047639603,19
0.818414098262724,-0.493698947641266,-0.294040325232304,0.850147477843921,-0.444446360839485,-0.282341456842876,5.74038790980935,5.80147443362915,-0.29845130209103,-0.28623399732707,0.377348643006263,0.0610865238198022,0.0122173047639603,50
0.213070490263051,-0.848269177971041,-0.484809620246337,0.232140627510407,-0.854419452953656,-0.46484204572462,4.95848040491589,4.97767902668783,-0.506145483078356,-0.483456202802429,0.377348643006263,0.0191986217719373,0.0226892802759264,78
-0.615323463327322,-0.770802389253256,-0.165047605860678,-0.584286839868752,-0.789618345595081,-0.187381314585725,4.03869188911488,4.07534380340676,-0.165806278939461,-0.188495559215388,0.377348643006263,0.0366519142918813,-0.0226892802759263,8
-0.779168786527822,-0.541536413895805,-0.315649036947102,-0.794397381601005,-0.515887691627913,-0.320612990585676,3.74896723328382,3.71755130674792,-0.321140582366957,-0.32637657012294,0.377348643006263,-0.0314159265358978,-0.00523598775598305,57
0.913900974769444,-0.327223923213145,0.240228042477264,0.904845524988225,-0.349150829787471,0.243615011786023,5.9393554445367,5.91492083500878,0.242600766027212,0.2460914245312,0.37839248434238,-0.0244346095279209,0.00349065850398869,74
-0.848049782133306,-0.391854012184492,-0.356737999319625,-0.847681506267036,-0.375640738075858,-0.374606593415912,3.57443430808439,3.55872634481644,-0.364773813666815,-0.383972435438752,0.37839248434238,-0.0157079632679489,-0.0191986217719376,70
-0.97412193511444,-0.207056009175274,0.0906325801977802,-0.956297487918617,-0.27964095523061,0.0854169231373675,3.35103216382911,3.42608132166487,0.0907571211037051,0.0855211333477222,0.378914405010438,0.0750491578357568,-0.00523598775598298,186
-0.874573177544783,0.451400877120512,0.177084740319583,-0.870324505304697,0.462759748076618,0.168489379565003,2.66511776779534,2.65290046303138,0.178023583703422,0.16929693744345,0.379436325678497,-0.01221730476396,-0.00872664625997166,11
0.231000207874008,0.962185112748442,-0.144356201000973,0.230507175393311,0.96013148466995,-0.158158067254484,1.33517687777566,1.33517687777566,-0.144862327915529,-0.158824961931484,0.380480167014614,0,-0.0139626340159546,359
0.640950244554403,0.729578353311869,0.238533457578581,0.635841248656838,0.734035214497316,0.238533457578581,0.849975345721238,0.856956662729216,0.240855436775218,0.240855436775218,0.381002087682672,0.00698131700797733,0,92
0.289007642794259,0.945301405195531,0.151260820247219,0.200507232279016,0.968212802469055,0.14953534344371,1.27409035395586,1.36659280431156,0.151843644923507,0.150098315671512,0.382045929018789,0.0925024503556995,-0.00174532925199433,75
0.977673112980169,0.113120638707579,-0.177084740319583,0.96447414182785,0.17527465743707,-0.197657340379126,0.115191730631626,0.179768912955416,-0.178023583703422,-0.198967534727354,0.383089770354906,0.0645771823237902,-0.020943951023932,317
0.945812627060088,-0.0827478826874304,0.313992455967405,0.939033382028479,-0.115298801485537,0.323917418198149,6.19591884457987,6.16101225953998,0.319395253114962,0.329867228626928,0.383611691022964,-0.0349065850398871,0.0104719755119659,47
0.73258924134562,0.648140210360342,-0.207911690817759,0.703499120025641,0.684123001022583,-0.192521966525907,0.724311639577647,0.771435529381494,-0.20943951023932,-0.193731546971371,0.384655532359081,0.0471238898038471,0.015707963267949,149
0.106270762055609,-0.878174257675884,-0.466386640339891,0.0278363271214064,-0.885766291261192,-0.463296035119862,4.8328166987723,4.74380490692059,-0.485201532054424,-0.481710873550435,0.384655532359081,-0.0890117918517106,0.00349065850398855,74
0.94589191092632,-0.228835336571602,-0.230049737188104,0.951979591071219,-0.205825273037686,-0.226651307436855,6.04582052890836,6.07025513843628,-0.232128790515246,-0.228638132011257,0.386743215031315,0.0244346095279209,0.00349065850398869,53
-0.21958244496415,-0.958747301462473,0.18051914525056,-0.269614018265008,-0.940255821559376,0.207911690817759,4.48724150687742,4.4331363000656,0.18151424220741,0.20943951023932,0.386743215031315,-0.0541052068118244,0.0279252680319093,134
-0.799514475507475,-0.501534485019143,-0.330514392713223,-0.813179540249963,-0.473281794184769,-0.338737920245291,3.70184334347997,3.66868208769208,-0.336848545634906,-0.345575191894877,0.387265135699374,-0.033161255787892,-0.0087266462599716,37
0.0837317475764395,-0.976688573825887,0.197657340379126,0.186569837101935,-0.959818604721691,0.209618562903822,4.79791011373241,4.90437519810407,0.198967534727354,0.211184839491314,0.388308977035491,0.106465084371655,0.0122173047639603,19
-0.109345907797344,-0.959716715671971,0.258819045102521,-0.106334273722319,-0.963163802240272,0.246999012722743,4.59894257900506,4.60243323750905,0.261799387799149,0.249582083035189,0.388830897703549,0.00349065850398844,-0.0122173047639603,86
-0.892844636354558,0.401260289729768,0.20449605184179,-0.898649822511399,0.390744063584403,0.199367934417197,2.71922297460717,2.73144027937113,0.205948851735331,0.200712863979348,0.391440501043841,0.0122173047639604,-0.00523598775598302,77
-0.915487953917361,0.0736584118374486,-0.395545502562965,-0.918884606513355,0.0545918047173366,-0.390731128489274,3.06130750799805,3.08225145902199,-0.406661715714679,-0.401425727958696,0.3919624217119,0.0209439510239315,0.00523598775598305,117
-0.0309530255805511,-0.933067158861626,-0.3583679495453,-0.0243888331034061,-0.931371960271363,-0.363251230472978,4.6792277245968,4.68620904160477,-0.366519142918809,-0.371755130674792,0.393006263048017,0.00698131700797688,-0.00523598775598294,50
0.0034757278268913,0.995718631888974,0.0923705874465616,-0.152816002876715,0.987131324377017,0.0471064507096427,1.56730566829091,1.7243853009704,0.0925024503556995,0.0471238898038469,0.394572025052192,0.15707963267949,-0.0453785605518526,372
0.203992095554056,0.968011866516882,-0.146083028562412,0.159951620951981,0.976766331434936,-0.142628933705512,1.36310214580757,1.40848070635942,-0.146607657167524,-0.143116998663535,0.394572025052192,0.0453785605518524,0.00349065850398869,41
0.385289229781001,0.873567623989113,-0.297374874077786,0.530548558129559,0.792523974155446,-0.300705799504273,1.15540796482025,0.980875039620813,-0.301941960595019,-0.305432619099008,0.395615866388309,-0.174532925199433,-0.00349065850398861,16
-0.998171886552097,-0.0435811257516327,0.0418756537291996,-0.98129493965538,-0.17656282771303,0.0767190281268186,3.18522588488965,3.31961623729321,0.0418879020478639,0.0767944870877505,0.395615866388309,0.134390352403563,0.0349065850398866,63
-0.15063829100606,0.984425640000029,-0.0906325801977802,-0.285838318622764,0.952748733920835,-0.102792536787247,1.7226399717184,1.86226631187795,-0.0907571211037051,-0.102974425867665,0.396137787056367,0.139626340159547,-0.0122173047639603,109
0.95303796887352,0.273279240027428,0.130526192220052,0.951408895302795,0.276409835819106,0.135715572434304,0.279252680319093,0.282743338823081,0.130899693899575,0.136135681655558,0.396659707724426,0.00349065850398844,0.005235987755983,311
0.935302319069643,-0.22800212845632,-0.270600445975864,0.962192982180501,-0.0605360513076831,-0.265556117486809,6.04407519965636,6.22035345410779,-0.27401669256311,-0.268780704807127,0.398225469728601,0.176278254451427,0.005235987755983,8
0.602109971672367,-0.738259764498227,-0.30403306092549,0.596071776577373,-0.725669657271968,-0.343659694585616,5.39655804716647,5.40004870567045,-0.308923277602996,-0.35081117965086,0.399269311064718,0.00349065850398844,-0.041887902047864,24
-0.425777432854163,-0.876854014858354,-0.223250116010951,-0.359674465041525,-0.908434000751087,-0.213030386274977,4.26034870411816,4.33539786195391,-0.225147473507269,-0.214675497995303,0.400313152400835,0.0750491578357568,0.010471975511966,55
-0.987882465809725,-0.131811663175845,0.0819385086300409,-0.983893816778463,-0.15407366001949,0.0906325801977802,3.27423767674136,3.29692695701729,0.0820304748437335,0.0907571211037051,0.400835073068894,0.0226892802759262,0.00872664625997165,16
0.480891380552197,0.846521919521467,-0.228350870110656,0.477409486881916,0.850733699971264,-0.219846204352837,1.05417886820457,1.05941485596056,-0.230383461263251,-0.22165681500328,0.401356993736952,0.00523598775598311,0.00872664625997166,125
-0.17216416876004,0.938048783987091,-0.300705799504273,-0.200244077441202,0.934055168921445,-0.295708050044047,1.75231056900231,1.78198116628621,-0.305432619099008,-0.300196631343025,0.402922755741127,0.0296705972839035,0.005235987755983,61
0.0631685720703371,0.97682705546259,0.20449605184179,0.0698295718514745,0.974172761968581,0.214735327167063,1.50621914447111,1.49923782746313,0.205948851735331,0.216420827247297,0.402922755741127,-0.00698131700797688,0.010471975511966,36
0.651333414307826,0.710805692064605,0.265556117486809,0.603715845597123,0.745526981083041,0.282341456842876,0.829031394697307,0.890117918517108,0.268780704807127,0.28623399732707,0.402922755741127,0.0610865238198013,0.0174532925199433,28
0.169671445866228,0.915465200162793,-0.36487678433762,0.164153696209729,0.921553589580414,-0.351841648404702,1.38753675533549,1.39451807234347,-0.373500459926786,-0.359537825910832,0.403966597077244,0.00698131700797777,0.0139626340159546,53
0.943539150773511,0.249293796935686,-0.218143241396543,0.920346888529362,0.322300896642995,-0.221548497619467,0.258308729295161,0.336848545634906,-0.219911485751285,-0.223402144255274,0.403966597077244,0.0785398163397448,-0.00349065850398869,119
0.46703989798567,0.818808105979674,-0.333806859233771,0.473042679413773,0.81933395489317,-0.323917418198149,1.05243353895258,1.0471975511966,-0.340339204138894,-0.329867228626928,0.405010438413361,-0.00523598775598266,0.010471975511966,218
0.970624420513067,-0.0423783774096288,0.236838146065619,0.973034724475264,-0.0509945890750341,0.224951054343865,6.23955207587973,6.23082542961976,0.239110107523223,0.226892802759263,0.405010438413361,-0.0087266462599711,-0.0122173047639603,72
0.457254907472355,-0.878378504724249,-0.139173100960065,0.43688142736232,-0.887860296250727,-0.144356201000973,5.19235452468313,5.1696652444072,-0.139626340159546,-0.144862327915529,0.40553235908142,-0.0226892802759258,-0.005235987755983,284
0.318537797740353,-0.889641567148493,-0.327217898979104,0.410843719603009,-0.86523486389215,-0.287360519849712,5.05621884302757,5.15570261039125,-0.333357887130917,-0.291469985083053,0.406054279749478,0.0994837673636768,0.0418879020478639,11
-0.323900203805293,-0.852673304555156,-0.409923033841573,-0.241060026190166,-0.881167048267595,-0.4067366430758,4.34936049596987,4.44535360482956,-0.422369678982628,-0.418879020478639,0.407098121085595,0.0959931088596884,0.00349065850398872,135
-0.979629571952785,0.146406620479561,-0.137444546037147,-0.980352261909023,0.132548826233565,-0.146083028562412,2.99323966717028,3.00720230118623,-0.137881010907552,-0.146607657167524,0.407620041753653,0.0139626340159551,-0.00872664625997163,111
0.033057161964772,-0.946633262837591,-0.320612990585676,0.00328634548963922,-0.941464809051299,-0.337095258423082,4.74729556542458,4.71587963888868,-0.32637657012294,-0.343829862642883,0.40866388308977,-0.0314159265358978,-0.0174532925199433,36
-0.67084525728783,0.704456918484366,0.231747903494157,-0.696497047840554,0.679683000206035,0.230049737188104,2.33175988066442,2.3684117949563,0.23387411976724,0.232128790515246,0.40866388308977,0.0366519142918804,-0.00174532925199433,185
-0.526605299939047,0.820272054733795,-0.223250116010951,-0.55756439108895,0.790397909504892,-0.253757944584806,2.14151899219704,2.1851522234969,-0.225147473507269,-0.256563400043166,0.409185803757829,0.0436332312998582,-0.0314159265358979,62
-0.53668692247242,0.810845490424203,0.233445363855905,-0.527178985457051,0.818021659683996,0.230049737188104,2.155481626213,2.14326432144904,0.235619449019234,0.232128790515246,0.410229645093946,-0.0122173047639604,-0.00349065850398864,168
-0.411331922770362,0.902585527554604,0.12706460860135,-0.425552851759548,0.8962122242659,0.125333233564304,1.99840199353351,2.01410995680146,0.127409035395586,0.125663706143592,0.410229645093946,0.0157079632679498,-0.0017453292519943,22
-0.178682130436287,0.983224254620978,0.0366437087065563,-0.303329005131629,0.950455382898944,0.0680152906652482,1.75056523975031,1.87971960439789,0.0366519142918809,0.0680678408277788,0.411273486430063,0.12915436464758,0.0314159265358979,69
0.014930052206555,0.95039846886083,-0.310676429630732,-0.0837374207970719,0.957123099408867,-0.277314653302378,1.55508836352695,1.65806278939461,-0.315904594610974,-0.280998009571087,0.411273486430063,0.102974425867665,0.0349065850398866,58
-0.895607134206926,0.425265533875239,0.130526192220052,-0.905093189331904,0.402973450767953,0.135715572434304,2.69827902358323,2.72271363311115,0.130899693899575,0.136135681655558,0.41231732776618,0.0244346095279213,0.005235987755983,23
0.801209617705899,0.546548144748533,-0.243615011786023,0.782981270588195,0.577263578561958,-0.231747903494157,0.598647933434055,0.635299847725936,-0.2460914245312,-0.23387411976724,0.413361169102296,0.0366519142918809,0.0122173047639603,92
0.766840371584241,0.40430906225765,0.49848773975383,0.773629809270621,0.377324469467274,0.509041415750371,0.485201532054424,0.453785605518526,0.521853446346304,0.534070751110265,0.413883089770355,-0.0314159265358978,0.0122173047639604,28
0.968389404786934,-0.149914600431807,0.199367934417197,0.972706876303101,-0.143636854745797,0.182235525492147,6.12959633300409,6.13657765001206,0.200712863979348,0.183259571459405,0.414405010438413,0.00698131700797777,-0.0174532925199433,48
0.532628294735458,-0.80471357280142,-0.262189178640865,0.536427005750509,-0.792299376586091,-0.290702193598252,5.29707427980279,5.30754625531476,-0.265290046303138,-0.294960643587042,0.41544885177453,0.0104719755119662,-0.0296705972839036,406
0.53178076766012,-0.753847293319008,-0.385906042324319,0.5290550359053,-0.766908933670165,-0.363251230472978,5.32674487708669,5.31627290157473,-0.396189740202713,-0.371755130674792,0.41544885177453,-0.0104719755119653,0.0244346095279206,153
0.181401900982045,-0.942006715511064,-0.282341456842876,0.259388607944795,-0.929025598985535,-0.263873049965373,4.90262986885207,4.98466034369581,-0.28623399732707,-0.267035375555132,0.415970772442589,0.0820304748437346,0.0191986217719375,127
-0.24584271801145,-0.874613324065937,-0.417867073801077,-0.250819318600286,-0.874710914480974,-0.414693242656239,4.43837228782158,4.4331363000656,-0.431096325242599,-0.427605666738611,0.416492693110647,-0.00523598775598266,0.00349065850398872,33
0.478220381633538,-0.866294726881585,0.144356201000973,0.501932078394696,-0.855522515144614,0.12706460860135,5.21678913421105,5.24296907299097,0.144862327915529,0.127409035395586,0.417014613778706,0.0261799387799151,-0.0174532925199433,36
-0.0710926218085422,-0.991793217494169,-0.106264071336233,-0.00174086169175327,-0.997439263742141,-0.0714974443326859,4.64083048105292,4.7106436511327,-0.106465084371654,-0.0715584993317675,0.417536534446764,0.0698131700797742,0.0349065850398866,26
-0.961155442728814,-0.0335642876612716,-0.273959218692432,-0.960765984034671,-0.00503060490115106,-0.277314653302378,3.17649923862968,3.14682864134578,-0.277507351067098,-0.280998009571087,0.419624217118998,-0.0296705972839035,-0.00349065850398866,38
-0.980999338502065,0.146611333461966,0.12706460860135,-0.986585181196749,0.0932597574521477,0.133986185418292,2.99323966717028,3.0473448739821,0.127409035395586,0.134390352403563,0.419624217118998,0.0541052068118244,0.00698131700797733,70
-0.900909365360365,0.427783218333162,0.0732381971276317,-0.906180849157867,0.411061863872567,0.099319749743639,2.69827902358323,2.71573231610318,0.0733038285837618,0.0994837673636768,0.420146137787056,0.0174532925199435,0.0261799387799149,16
-0.861826238618796,-0.495572067004651,0.107999355706023,-0.822681684357956,-0.56330190568223,0.0767190281268186,3.6634460999361,3.74198591627584,0.108210413623648,0.0767944870877505,0.421189979123173,0.0785398163397453,-0.0314159265358979,83
-0.770823509644452,0.597912003066555,0.219846204352837,-0.705611383544469,0.671944639506889,0.224951054343865,2.48185819633594,2.38062909972027,0.22165681500328,0.226892802759263,0.421189979123173,-0.101229096615671,0.005235987755983,14
-0.870488063209298,-0.385747212995297,-0.305695304963106,-0.862067137476523,-0.42418961980088,-0.277314653302378,3.55872634481644,3.59886891761231,-0.310668606854991,-0.280998009571087,0.421711899791232,0.0401425727958689,0.0296705972839036,148
-0.846050115838988,-0.465119987170716,-0.260504508642648,-0.839033613324435,-0.478576323697655,-0.258819045102521,3.64424747816416,3.65995544143211,-0.263544717051144,-0.261799387799149,0.422755741127349,0.0157079632679489,0.00174532925199433,28
-0.150671820883767,0.951304437323732,-0.268919820615266,-0.122968986760834,0.946808751840748,-0.297374874077786,1.72787595947439,1.69995069144248,-0.272271363311115,-0.301941960595019,0.422755741127349,-0.0279252680319093,-0.0296705972839036,15
-0.231845218099538,0.943904646397096,0.23514211310259,-0.265352286061446,0.931526437791164,0.248689887164855,1.81165176357011,1.848303677862,0.237364778271229,0.251327412287183,0.423277661795407,0.0366519142918813,0.0139626340159547,14
-0.30071347685143,0.947968989580792,0.104528463267653,-0.281585554058016,0.950616899118869,0.130526192220052,1.8779742751459,1.85877565337396,0.10471975511966,0.130899693899575,0.424321503131524,-0.0191986217719373,0.0261799387799149,62
-0.32458374914134,0.916596231656849,0.233445363855905,-0.340387916698945,0.91040883827597,0.23514211310259,1.91113553093379,1.92858882345373,0.235619449019234,0.237364778271229,0.424321503131524,0.0174532925199435,0.00174532925199433,34
-0.866789146723875,0.462822301810274,0.185666615385577,-0.854361176250831,0.487319011237305,0.18051914525056,2.65115513377939,2.62322986574748,0.186750229963393,0.18151424220741,0.425887265135699,-0.0279252680319089,-0.00523598775598297,59
0.935001571289066,0.164866004023072,-0.313992455967405,0.93558798715274,0.158242863250926,-0.315649036947102,0.174532925199433,0.167551608191456,-0.319395253114962,-0.321140582366957,0.426409185803758,-0.00698131700797733,-0.00174532925199428,82
0.891099049449481,0.411745566282898,0.190808995376545,0.846647838924975,0.498713690181986,0.185666615385577,0.432841654494594,0.53232542185827,0.191986217719376,0.186750229963393,0.427453027139875,0.0994837673636768,-0.005235987755983,36
0.760475181203641,0.596288709819122,0.257132793154696,0.734753806991799,0.629760177961391,0.252069358243114,0.66497044500984,0.708603676309698,0.260054058547155,0.254818070791172,0.428496868475992,0.0436332312998582,-0.00523598775598305,179
0.524319503790648,-0.807381233731867,-0.270600445975864,0.522508672867713,-0.810774753109637,-0.263873049965373,5.28834763354282,5.28485697503883,-0.27401669256311,-0.267035375555132,0.429540709812109,-0.00349065850398844,0.00698131700797727,5
0.498475966270686,-0.77944514498841,-0.379456159529005,0.457079493380169,-0.801345657771295,-0.385906042324319,5.28136631653484,5.23075176822701,-0.389208423194735,-0.396189740202713,0.429540709812109,-0.050614548307836,-0.00698131700797733,147
0.380395833671048,-0.904925929018007,0.190808995376545,0.375524444811235,-0.906596207665911,0.192521966525907,5.1103240498394,5.10508806208341,0.191986217719376,0.193731546971371,0.430062630480167,-0.00523598775598266,0.00174532925199433,215
0.69012761343528,-0.675822890309542,-0.258819045102521,0.722988683847735,-0.641899390699765,-0.255445757935791,5.5082591192941,5.55712833834995,-0.261799387799149,-0.258308729295161,0.431106471816284,0.0488692190558409,0.00349065850398861,25
-0.668949703868673,-0.657375043153796,0.346935651573256,-0.651294758427215,-0.669741097355289,0.356737999319625,3.91826417072727,3.9409534510032,0.354301838154849,0.364773813666815,0.432150313152401,0.0226892802759262,0.010471975511966,24
0.189201734535547,-0.905657621093224,-0.379456159529005,0.189605437590361,-0.907590038621785,-0.374606593415912,4.91833783212002,4.91833783212002,-0.389208423194735,-0.383972435438752,0.433194154488518,0,0.005235987755983,49
-0.824747888390703,-0.533553337108112,0.187381314585725,-0.810879313340452,-0.559388169050464,0.17192910027941,3.71580597749593,3.74547657477983,0.188495559215388,0.172787595947439,0.434237995824635,0.029670597283904,-0.015707963267949,85
-0.44422432214595,0.868090441611085,0.221548497619467,-0.420496721962157,0.877644361480642,0.230049737188104,2.04378055408536,2.01760061530544,0.223402144255274,0.232128790515246,0.434759916492693,-0.0261799387799151,0.00872664625997166,32
0.915401577900148,0.315198040519952,0.250380004054441,0.922657998113211,0.287375964899965,0.257132793154696,0.331612557878923,0.301941960595019,0.253072741539178,0.260054058547155,0.43580375782881,-0.0296705972839035,0.00698131700797733,31
0.333361008449867,0.936186474586164,-0.111468932206325,0.324995354018225,0.933259531836156,-0.152985836284038,1.22871179340401,1.23569311041199,-0.111701072127637,-0.153588974175501,0.436325678496868,0.00698131700797733,-0.0418879020478639,300
0.959690678720561,-0.211001680344336,-0.185666615385577,0.9543713347064,-0.223845775669265,-0.197657340379126,6.06676447993229,6.05280184591633,-0.186750229963393,-0.198967534727354,0.436847599164927,-0.0139626340159547,-0.0122173047639603,174
0.983738017078382,-0.106868147673942,-0.144356201000973,0.979372552264322,-0.135899171934338,-0.14953534344371,6.17497489355594,6.14530429627203,-0.144862327915529,-0.150098315671512,0.437891440501044,-0.0296705972839044,-0.00523598775598297,14
0.807759983937467,-0.516584061235009,-0.284015344703923,0.800555092075836,-0.525866405261976,-0.287360519849712,5.71420797102943,5.70199066626547,-0.287979326579064,-0.291469985083053,0.437891440501044,-0.0122173047639604,-0.00349065850398872,18
-0.132316730061295,0.953555285016842,0.270600445975864,-0.12762959809749,0.956539345920021,0.262189178640865,1.70867733770245,1.70344134994647,0.27401669256311,0.265290046303138,0.438935281837161,-0.00523598775598311,-0.00872664625997166,164
0.948882308044941,0.241867067459166,-0.202787295356512,0.945412823187945,0.255091957132696,-0.202787295356512,0.249582083035189,0.263544717051144,-0.204203522483337,-0.204203522483337,0.438935281837161,0.0139626340159547,0,9
0.382904021643241,-0.836334919242665,-0.392337116603562,0.363931525101973,-0.840996133860145,-0.400349032556895,5.14173997637529,5.12079602535136,-0.40317105721069,-0.411897703470662,0.439457202505219,-0.0209439510239324,-0.0087266462599716,116
0.982717276971698,-0.134615522070512,0.12706460860135,0.985351386912809,-0.117496039322923,0.123601476740493,6.14704962552403,6.16450291804397,0.127409035395586,0.123918376891597,0.440501043841336,0.0174532925199431,-0.00349065850398865,131
-0.44359628369056,-0.796985221583214,-0.409923033841573,-0.446703403517699,-0.792770826772124,-0.414693242656239,4.20449816805434,4.19926218029836,-0.422369678982628,-0.427605666738611,0.441022964509395,-0.00523598775598355,-0.00523598775598288,37
-0.878421375404074,-0.317984098776411,0.356737999319625,-0.878302585346056,-0.312749482633268,0.361624570082092,3.48891317473666,3.48367718698068,0.364773813666815,0.370009801422798,0.442066805845512,-0.00523598775598311,0.00523598775598294,52
-0.762284614528285,-0.481896329240735,-0.432085748801982,-0.765879415730896,-0.506924526889272,-0.395545502562965,3.70533400198396,3.72627795300789,-0.446804288510548,-0.406661715714679,0.443632567849687,0.020943951023932,0.0401425727958696,41
-0.975575836376841,0.203808410722208,0.0819385086300409,-0.97998990142504,0.178094348842295,0.0888942968664415,2.93564380185446,2.96182374063438,0.0820304748437335,0.0890117918517108,0.443632567849687,0.0261799387799146,0.00698131700797731,17
-0.803539486614443,0.525821506028809,-0.278991106039229,-0.765914810648275,0.57925682178169,-0.278991106039229,2.56214334192768,2.4940755010999,-0.282743338823081,-0.282743338823081,0.443632567849687,-0.0680678408277791,0,41
-0.964215498123213,0.19091980983324,-0.18395135061272,-0.976382586165042,0.128543206069469,-0.17364817766693,2.94611577736643,3.01069295969022,-0.185004900711399,-0.174532925199433,0.444676409185804,0.0645771823237902,0.010471975511966,296
0.101663449517801,0.983776865459673,-0.147809411129611,0.315796116208185,0.927644996598401,-0.199367934417197,1.46782190092723,1.24267442741996,-0.148352986419518,-0.200712863979348,0.445720250521921,-0.225147473507269,-0.0523598775598299,9
0.580128057787257,0.807333621085527,0.107999355706023,0.558358319554984,0.821599317441486,0.114937150492867,0.947713783832921,0.973893722612836,0.108210413623648,0.115191730631626,0.447807933194154,0.0261799387799151,0.00698131700797731,31
0.796674823516516,0.580945273406772,0.166768746716102,0.785515103261014,0.591928087479252,0.18051914525056,0.630063859969953,0.645771823237902,0.167551608191456,0.18151424220741,0.447807933194154,0.0157079632679489,0.0139626340159547,291
-0.563416820746028,0.804642609513419,-0.187381314585725,-0.615186631791184,0.773395592153131,-0.152985836284038,2.18166156499291,2.24274808881271,-0.188495559215388,-0.153588974175501,0.448851774530271,0.0610865238198017,0.0349065850398866,44
0.239313902248809,0.967022612298467,0.0871557427476582,0.200152198284269,0.975065479465767,0.095845752520224,1.32819556076768,1.36833813356355,0.0872664625997165,0.0959931088596881,0.44937369519833,0.0401425727958697,0.00872664625997165,145
0.331327666325885,-0.86313808037608,-0.381070376350274,0.301428352979429,-0.870473146884722,-0.389123950140206,5.0789081233035,5.04574686751561,-0.39095375244673,-0.399680398706701,0.449895615866388,-0.033161255787892,-0.0087266462599716,73
-0.742104967662901,-0.504334015232642,-0.441505852791745,-0.787436540175887,-0.436483201664146,-0.435231099372328,3.73849525777185,3.64773813666815,-0.457276264022514,-0.450294947014537,0.450417536534447,-0.0907571211037044,0.00698131700797727,219
-0.793144833985029,-0.578371160766385,-0.190808995376545,-0.633018235701064,-0.757081315497024,-0.161603821103361,3.77165651355975,4.01600260883895,-0.191986217719376,-0.162315620435473,0.450939457202505,0.244346095279206,0.0296705972839036,93
-0.938697343621145,-0.27627365238748,0.20620418539663,-0.899526565236595,-0.392993493224822,0.190808995376545,3.42782665091686,3.55349035706046,0.207694180987325,0.191986217719376,0.451983298538622,0.125663706143592,-0.015707963267949,56
-0.978734084917253,0.0753094834969713,-0.190808995376545,-0.981840215775479,0.0583320570867171,-0.18051914525056,3.06479816650204,3.08225145902199,-0.191986217719376,-0.18151424220741,0.452505219206681,0.0174532925199431,0.010471975511966,95
-0.593762696022105,-0.730624833660365,0.337095258423082,-0.589379669862723,-0.735666082867079,0.333806859233771,4.02996524285491,4.03694655986288,0.343829862642883,0.340339204138894,0.453027139874739,0.00698131700797777,-0.00349065850398861,197
-0.972244572695016,0.185465571293206,0.142628933705512,-0.987320229991655,0.0621169237427221,0.146083028562412,2.95309709437441,3.078760800518,0.143116998663535,0.146607657167524,0.454070981210856,0.125663706143592,0.00349065850398869,52
-0.675822890309542,0.69012761343528,-0.258819045102521,-0.673757228099754,0.685620336382716,-0.275637355816999,2.34572251468038,2.34746784393237,-0.261799387799149,-0.279252680319093,0.454070981210856,0.00174532925199422,-0.0174532925199433,84
-0.872197670445984,0.455973922954531,-0.177084740319583,-0.897843209909814,0.395996038899177,-0.192521966525907,2.65988178003936,2.72620429161514,-0.178023583703422,-0.193731546971371,0.454592901878914,0.0663225115757844,-0.015707963267949,38
-0.934923553560613,-0.291196260002743,-0.202787295356512,-0.929049183861973,-0.303660080301133,-0.211324796455389,3.44353461418481,3.45749724820077,-0.204203522483337,-0.212930168743308,0.457202505219207,0.0139626340159542,-0.0087266462599716,25
-0.941821131285177,-0.226111248474376,-0.248689887164855,-0.938004084912524,-0.228660747974531,-0.260504508642648,3.37721210260903,3.38070276111302,-0.251327412287183,-0.263544717051144,0.457202505219207,0.00349065850398844,-0.0122173047639603,26
-0.319768780148118,0.908032667848601,-0.270600445975864,-0.351948813816196,0.893474115576036,-0.278991106039229,1.9093902016818,1.94604211597368,-0.27401669256311,-0.282743338823081,0.457202505219207,0.0366519142918804,-0.00872664625997166,508
0.243752387652277,0.956278713826992,-0.161603821103361,0.271938814058084,0.942154122192953,-0.195946144242518,1.32121424375971,1.28979831722381,-0.162315620435473,-0.197222205475359,0.457202505219207,-0.0314159265358978,-0.0349065850398866,155
-0.0971004079383096,0.99030656772995,0.099319749743639,-0.102432028892633,0.99121425433263,0.0836778433323155,1.66853476490658,1.67377075266256,0.0994837673636768,0.0837758040957278,0.45929018789144,0.00523598775598311,-0.015707963267949,8
0.361146368347443,0.92153691618919,0.142628933705512,0.358269458356181,0.918913642846175,0.165047605860678,1.19729586686811,1.1990411961201,0.143116998663535,0.165806278939461,0.45929018789144,0.00174532925199422,0.0226892802759263,45
0.400308361083952,0.858464050682374,0.320612990585676,0.392662259353353,0.865619146132652,0.310676429630732,1.13446401379631,1.14493598930828,0.32637657012294,0.315904594610974,0.460855949895616,0.0104719755119658,-0.010471975511966,20
0.734528104185804,0.659054374969169,0.161603821103361,0.717581054937883,0.676214178136614,0.166768746716102,0.731292956585624,0.755727566113545,0.162315620435473,0.167551608191456,0.460855949895616,0.0244346095279204,0.00523598775598297,210
0.885891474997504,0.430165787714111,-0.17364817766693,0.851144525697099,0.495377943361243,-0.17364817766693,0.452040276266531,0.527089434102287,-0.174532925199433,-0.174532925199433,0.460855949895616,0.0750491578357559,0,16
0.931844045447958,-0.277794775072117,-0.233445363855905,0.937906620204797,-0.256582216589922,-0.233445363855905,5.99346065134853,6.01614993162445,-0.235619449019234,-0.235619449019234,0.461899791231733,0.0226892802759266,0,420
-0.613942926104752,-0.742129512663516,0.268919820615266,-0.614116112776549,-0.744982416574427,0.260504508642648,4.02123859659494,4.02298392584693,0.272271363311115,0.263544717051144,0.463987473903967,0.00174532925199333,-0.00872664625997166,112
-0.909801045907765,-0.302650525917021,-0.284015344703923,-0.93252844705415,-0.199916776632858,-0.300705799504273,3.46273323595675,3.35277749308111,-0.287979326579064,-0.305432619099008,0.463987473903967,-0.109955742875643,-0.0174532925199433,4
-0.973515663210104,-0.140285750105275,0.18051914525056,-0.983736039161705,-0.0912584331747449,0.154710386299468,3.28470965225333,3.23409510394549,0.18151424220741,0.155334303427495,0.463987473903967,-0.0506145483078351,-0.026179938779915,21
-0.979612818402242,0.0359207713762722,-0.197657340379126,-0.985420461493634,0.0413013543280686,-0.165047605860678,3.10494073929791,3.09970475154193,-0.198967534727354,-0.165806278939461,0.464509394572025,-0.00523598775598311,0.0331612557878923,119
-0.966085748185952,0.172086081822405,0.192521966525907,-0.978988619611771,0.0564481286415246,0.195946144242518,2.96531439913837,3.08399678827398,0.193731546971371,0.197222205475359,0.465031315240084,0.118682389135614,0.00349065850398866,83
0.0133872140509612,0.958726272964638,-0.284015344703923,0.0385964027048213,0.960966526051599,-0.273959218692432,1.55683369277894,1.53065375399903,-0.287979326579064,-0.277507351067098,0.466597077244259,-0.0261799387799151,0.0104719755119659,47
0.173784291204677,0.946876136972599,-0.270600445975864,0.22524646212297,0.923998121474583,-0.309016994374947,1.38928208458749,1.33168621927167,-0.27401669256311,-0.314159265358979,0.467118997912317,-0.0575958653158128,-0.0401425727958696,38
0.270755060443605,0.944235108534048,-0.187381314585725,0.270755060443605,0.944235108534048,-0.187381314585725,1.2915436464758,1.2915436464758,-0.188495559215388,-0.188495559215388,0.468684759916493,0,0,26
0.361624019296515,0.932322381205519,-0.00174532836589831,0.359996808120051,0.932953534825489,0,1.2007865253721,1.20253185462409,-0.00174532925199433,0,0.468684759916493,0.00174532925199467,0.00174532925199433,31
0.555326038769469,0.811033224518186,0.18395135061272,0.524175691906902,0.829163952918888,0.194234351219972,0.970403064108847,1.00705497840073,0.185004900711399,0.195476876223365,0.468684759916493,0.0366519142918813,0.010471975511966,14
0.915242645484962,0.311574011493735,-0.255445757935791,0.919883437115803,0.306004491067247,-0.245307385878803,0.328121899374934,0.321140582366957,-0.258308729295161,-0.247836753783195,0.469206680584551,-0.00698131700797733,0.010471975511966,68
0.562746358264616,0.806677986843524,0.18051914525056,0.515991466045399,0.835461381757874,0.189095442989891,0.961676417848876,1.01752695391269,0.18151424220741,0.190240888467382,0.470250521920668,0.0558505360638186,0.00872664625997163,17
0.907690783509933,0.212896951232436,0.361624570082092,0.873099021202388,0.347448299369736,0.342020143325669,0.230383461263251,0.378736447682769,0.370009801422798,0.349065850398866,0.470250521920668,0.148352986419518,-0.0209439510239319,47
0.61905941736622,-0.769954631222688,-0.154710386299468,0.754392432075306,-0.637511032512443,-0.156434465040231,5.38957673015849,5.58156294787787,-0.155334303427495,-0.15707963267949,0.470772442588727,0.191986217719376,-0.00174532925199433,61
0.931267574421936,-0.35004046856036,-0.101056297182946,0.947585608845763,-0.309718717881198,-0.0784590957278449,5.92364748126875,5.96728071256861,-0.101229096615671,-0.0785398163397448,0.471294363256785,0.0436332312998582,0.0226892802759263,259
0.0674421903223931,-0.964468255422193,-0.255445757935791,-0.0675039793426752,-0.96535187957957,-0.252069358243114,4.78220215046446,4.64257581030492,-0.258308729295161,-0.254818070791172,0.472338204592902,-0.139626340159547,0.00349065850398872,367
-0.234371438072484,-0.919475782438125,-0.315649036947102,-0.266474135639702,-0.905401442037996,-0.330514392713223,4.4628068973495,4.42615498305762,-0.321140582366957,-0.336848545634906,0.472338204592902,-0.0366519142918813,-0.015707963267949,271
-0.766860905062389,-0.614371435060385,0.185666615385577,-0.743086924363241,-0.641415427101479,0.190808995376545,3.8170350741116,3.85368698840348,0.186750229963393,0.191986217719376,0.47286012526096,0.0366519142918817,0.005235987755983,59
-0.78620021622415,-0.612040169638272,-0.0854169231373675,-0.786903049313159,-0.61038457253468,-0.0906325801977802,3.80307244009564,3.80132711084365,-0.0855211333477222,-0.0907571211037051,0.473903966597077,-0.00174532925199467,-0.00523598775598298,33
-0.895304659313582,-0.347265791235472,-0.278991106039229,-0.900723504972844,-0.32428041560428,-0.289031796944472,3.51160245501259,3.48716784548467,-0.282743338823081,-0.293215314335047,0.473903966597077,-0.0244346095279204,-0.010471975511966,9
-0.649254303511091,0.669978467949309,-0.359996808120051,-0.590144512629565,0.710832501231118,-0.38268343236509,2.3404865269244,2.26369203983665,-0.368264472170804,-0.392699081698724,0.474947807933194,-0.0767944870877506,-0.0244346095279206,440
-0.776066606471464,-0.615102812779316,-0.139173100960065,-0.77009166563273,-0.621385640126624,-0.144356201000973,3.81179908635562,3.82052573261559,-0.139626340159546,-0.144862327915529,0.47651356993737,0.00872664625997155,-0.005235987755983,46
-0.143590172684819,0.972390746004969,0.18395135061272,-0.139665505339097,0.969211462716143,0.202787295356512,1.71740398396242,1.71391332545843,0.185004900711399,0.204203522483337,0.47651356993737,-0.00349065850398889,0.0191986217719377,15
0.265982743845311,0.946263747897105,0.18395135061272,0.241042176451174,0.952589406356666,0.185666615385577,1.29677963423179,1.3229595730117,0.185004900711399,0.186750229963393,0.477557411273486,0.0261799387799151,0.00174532925199433,181
-0.993066581967549,-0.0537825635888852,0.104528463267653,-0.990368408720802,0.0588387251063604,0.125333233564304,3.19569786040162,3.08225145902199,0.10471975511966,0.125663706143592,0.479123173277662,-0.113446401379632,0.020943951023932,21
-0.587537848279904,0.8057155002618,0.0749787268263277,-0.596095694498484,0.799723726329452,0.0714974443326859,2.20086018676485,2.21133216227682,0.0750491578357562,0.0715584993317675,0.479123173277662,0.0104719755119662,-0.00349065850398866,124
-0.619169086268924,0.767344660323929,-0.166768746716102,-0.647061559589232,0.749628031807182,-0.139173100960065,2.24972940582069,2.28289066160858,-0.167551608191456,-0.139626340159546,0.479123173277662,0.0331612557878924,0.0279252680319093,106
0.863799234374302,0.390020309351278,0.31895930929807,0.858634406801159,0.407709592147552,0.310676429630732,0.424115008234622,0.44331363000656,0.324631240870945,0.315904594610974,0.47964509394572,0.0191986217719373,-0.00872664625997166,24
-0.314064520288136,-0.891834544015617,-0.325568154457157,-0.353919159522658,-0.880401564058778,-0.315649036947102,4.37379510549779,4.33016187419793,-0.331612557878923,-0.321140582366957,0.481210855949896,-0.0436332312998573,0.010471975511966,48
0.531535145758631,-0.809184924719343,-0.250380004054441,0.529811715593861,-0.815838498261483,-0.231747903494157,5.2935836212988,5.28834763354282,-0.253072741539178,-0.23387411976724,0.481732776617954,-0.00523598775598355,0.0191986217719376,63
-0.25296424494245,-0.899948963013994,-0.355106962408137,-0.285969996836477,-0.885380150962811,-0.366501226724297,4.43837228782158,4.3999750442777,-0.363028484414821,-0.375245789178781,0.482776617954071,-0.0383972435438755,-0.0122173047639603,34
-0.691104844471067,-0.686296786227203,0.226651307436855,-0.686574480812121,-0.691384484528797,0.224951054343865,3.92350015848325,3.93048147549123,0.228638132011257,0.226892802759263,0.482776617954071,0.00698131700797688,-0.00174532925199433,20
-0.992335407447056,0.0659108450392567,-0.104528463267653,-0.993089082822144,0.0416227647909857,-0.109734311091045,3.07527014201401,3.09970475154193,-0.10471975511966,-0.109955742875643,0.483298538622129,0.0244346095279209,-0.00523598775598298,227
-0.333064448228371,-0.920080380864217,-0.20620418539663,-0.3393542751954,-0.917393811145413,-0.207911690817759,4.36506845923782,4.35808714222984,-0.207694180987325,-0.20943951023932,0.484864300626305,-0.00698131700797777,-0.00174532925199433,9
-0.811814360007957,0.574796606866911,-0.102792536787247,-0.82692991412769,0.551493697235195,-0.109734311091045,2.52549142763579,2.5534166956677,-0.102974425867665,-0.109955742875643,0.484864300626305,0.0279252680319093,-0.0069813170079773,15
-0.606556773068719,0.697763748924178,-0.381070376350274,-0.562882153796444,0.730917373876869,-0.385906042324319,2.28638132011257,2.22704012554476,-0.39095375244673,-0.396189740202713,0.484864300626305,-0.0593411945678071,-0.005235987755983,144
-0.337114749089488,0.921209347951098,0.194234351219972,-0.471400439220544,0.861030518150241,0.190808995376545,1.92160750644576,2.07170582211727,0.195476876223365,0.191986217719376,0.485386221294363,0.150098315671513,-0.00349065850398866,25
-0.881227872156632,-0.431709079982448,-0.192521966525907,-0.90374433303817,-0.387345315900418,-0.182235525492147,3.59712358836031,3.54650904005248,-0.193731546971371,-0.183259571459405,0.486951983298539,-0.050614548307836,0.010471975511966,24
-0.497486241131635,0.811823761914019,-0.305695304963106,-0.574793988417066,0.765553715446964,-0.289031796944472,2.12057504117311,2.2148228207808,-0.310668606854991,-0.293215314335047,0.486951983298539,0.0942477796076941,0.0174532925199433,11
-0.352213640437577,0.908060976106161,-0.226651307436855,-0.365441672267103,0.904499878718772,-0.219846204352837,1.94080612821769,1.95476876223365,-0.228638132011257,-0.22165681500328,0.486951983298539,0.0139626340159547,0.00698131700797733,90
-0.505551241584238,0.834764319053974,0.218143241396543,-0.581332498953011,0.791388298562409,0.189095442989891,2.11533905341713,2.20435084526884,0.219911485751285,0.190240888467382,0.487473903966597,0.089011791851711,-0.0296705972839036,64
-0.493228741858464,0.814417453599952,0.305695304963106,-0.521118027110405,0.80245139195949,0.290702193598252,2.11533905341713,2.14675497995303,0.310668606854991,0.294960643587042,0.488517745302714,0.0314159265358982,-0.015707963267949,119
0.159348946250626,0.95223175451445,0.260504508642648,0.147132798530292,0.950420057706105,0.273959218692432,1.40499004785544,1.4172073526194,0.263544717051144,0.277507351067098,0.488517745302714,0.0122173047639604,0.0139626340159547,32
-0.951710322624886,0.0282461029656966,-0.305695304963106,-0.945449962014634,-0.0346680763004142,-0.323917418198149,3.11192205630589,3.17824456788167,-0.310668606854991,-0.329867228626928,0.489561586638831,0.0663225115757844,-0.0191986217719376,32
-0.619885107331781,0.768232034954619,-0.159881187691835,-0.606308194131642,0.776039099608893,-0.17364817766693,2.24972940582069,2.23402144255274,-0.160570291183478,-0.174532925199433,0.489561586638831,-0.0157079632679489,-0.0139626340159547,21
0.790129433084051,0.58680190330317,-0.177084740319583,0.798494908957203,0.575892691175366,-0.175366726091987,0.638790506229925,0.62482787221397,-0.178023583703422,-0.176278254451427,0.490605427974948,-0.0139626340159547,0.00174532925199433,119
-0.969719786196338,0.223877452937817,0.0975828997591495,-0.990481038788913,0.123370935071017,0.0610485395348569,2.91469985083053,3.0176742766982,0.0977384381116825,0.0610865238198015,0.491127348643006,0.102974425867666,-0.0366519142918809,17
0.922832749294903,0.32317143270244,0.209618562903822,0.90132644869973,0.375185989067633,0.216439613938103,0.336848545634906,0.394444410950718,0.211184839491314,0.218166156499291,0.492171189979123,0.0575958653158128,0.0069813170079773,51
0.514798623173723,0.85003356094405,-0.111468932206325,0.466453731824565,0.87727187830202,-0.113203213767907,1.02625360017267,1.08210413623648,-0.111701072127637,-0.113446401379631,0.492693110647182,0.0558505360638186,-0.00174532925199432,122
0.852773772684264,0.381464143089856,0.356737999319625,0.858422827473687,0.373252868334514,0.351841648404702,0.420624349730633,0.410152374218667,0.364773813666815,0.359537825910832,0.49321503131524,-0.0104719755119658,-0.005235987755983,17
0.759547144865202,-0.623899058610346,-0.18395135061272,0.764819581226016,-0.606188530414649,-0.218143241396543,5.59552558189382,5.61297887441376,-0.185004900711399,-0.219911485751285,0.493736951983299,0.0174532925199431,-0.0349065850398866,89
0.861459809275099,0.401705306257723,0.310676429630732,0.858409616193049,0.409440383956903,0.309016994374947,0.436332312998582,0.445058959258554,0.315904594610974,0.314159265358979,0.495302713987474,0.00872664625997155,-0.00174532925199433,140
0.199815099531272,-0.948190599886593,0.246999012722743,0.205771551887336,-0.943753553808459,0.258819045102521,4.92008316137201,4.92706447837999,0.249582083035189,0.261799387799149,0.495302713987474,0.00698131700797777,0.0122173047639603,95
0.969620052556295,-0.0542101770550086,0.238533457578581,0.967932134653681,-0.0676844083540089,0.241921895599668,6.22733477111577,6.21337213709981,0.240855436775218,0.244346095279206,0.496346555323591,-0.0139626340159547,0.00349065850398864,8
-0.282189653078102,-0.952656303232324,-0.113203213767907,-0.257155318926954,-0.959716715671971,-0.113203213767907,4.42440965380563,4.45058959258554,-0.113446401379631,-0.113446401379631,0.496346555323591,0.0261799387799151,0,50
-0.554535476581211,-0.822132653234914,-0.128795596577563,-0.524499435508415,-0.842643581408743,-0.121869343405147,4.11897703470662,4.1556289489985,-0.12915436464758,-0.122173047639603,0.497390396659708,0.0366519142918813,0.00698131700797733,87
-0.718612869087915,-0.677186510603661,-0.158158067254484,-0.629822536678555,-0.758624912200049,-0.166768746716102,3.89732021970334,4.01949326734294,-0.158824961931484,-0.167551608191456,0.497390396659708,0.122173047639603,-0.00872664625997163,49
0.662270286561242,-0.738112296226204,-0.128795596577563,0.665505723271958,-0.733950553982417,-0.135715572434304,5.44368193697031,5.4489179247263,-0.12915436464758,-0.136135681655558,0.497912317327766,0.00523598775598355,-0.0069813170079773,12
-0.590994192557507,-0.711855945651084,0.379456159529005,-0.604117427699614,-0.699876776166963,0.381070376350274,4.01949326734294,4.000294645571,0.389208423194735,0.39095375244673,0.5,-0.0191986217719382,0.00174532925199433,18
-0.942263072290298,-0.227957428111823,0.245307385878803,-0.937000598663115,-0.268680598119888,0.223250116010951,3.37895743186102,3.42084533390889,0.247836753783195,0.225147473507269,0.5,0.0418879020478631,-0.0226892802759263,28
-0.996999329564353,-0.0627258810716531,0.0453629881292538,-0.988077786618846,-0.144144960288453,0.0540788129847753,3.20442450666159,3.28645498150532,0.0453785605518526,0.0541052068118242,0.5,0.0820304748437337,0.00872664625997165,34
-0.174196096402109,-0.863916370153928,-0.472550764869054,-0.213006750393515,-0.85432341319274,-0.474088209047116,4.51342144565734,4.46804288510548,-0.492182849062401,-0.493928178314395,0.500521920668058,-0.0453785605518524,-0.00174532925199433,58
-0.896908588334648,-0.395583821668428,-0.197657340379126,-0.857563782051386,-0.461750521982259,-0.226651307436855,3.55698101556444,3.63552083190419,-0.198967534727354,-0.228638132011257,0.501043841336117,0.0785398163397453,-0.0296705972839036,13
-0.926555643169547,0.328110561729463,0.18395135061272,-0.936259496158267,0.302403577563088,0.17880221511635,2.8012534494509,2.82917871748281,0.185004900711399,0.179768912955416,0.501565762004175,0.0279252680319089,-0.00523598775598297,15
-0.669468129304076,0.71791667422445,-0.190808995376545,-0.658507329838589,0.736500368580982,-0.154710386299468,2.32128790515246,2.30034395412853,-0.191986217719376,-0.155334303427495,0.502609603340292,-0.0209439510239315,0.0366519142918809,11
-0.650447484042728,0.737787848029833,0.18051914525056,-0.696577484734151,0.696577484734151,0.17192910027941,2.29336263712055,2.35619449019234,0.18151424220741,0.172787595947439,0.502609603340292,0.062831853071796,-0.00872664625997166,112
-0.615353111524956,0.733349281373892,-0.289031796944472,-0.648665521859871,0.705418455584869,-0.285688367404974,2.26892802759263,2.31430658814448,-0.293215314335047,-0.289724655831059,0.504175365344468,0.0453785605518524,0.00349065850398866,54
-0.446336545017437,0.801908499484974,-0.397147890634781,-0.409681506285701,0.818115063545062,-0.40354529635239,2.07868713912525,2.03505390782539,-0.408407044966673,-0.41538836197465,0.504175365344468,-0.0436332312998582,-0.00698131700797727,41
-0.935594720912792,-0.248942506956551,0.250380004054441,-0.930807726344476,-0.256387163396062,0.260504508642648,3.40164671213695,3.41037335839692,0.253072741539178,0.263544717051144,0.504697286012526,0.00872664625997155,0.0104719755119659,156
-0.198006380922274,0.973232455387078,0.116670737099333,-0.237204485910795,0.958498856350972,0.158158067254484,1.77150919077424,1.81339709282211,0.11693705988362,0.158824961931484,0.505219206680585,0.041887902047864,0.0418879020478639,7
0.63728937517126,0.730538526518029,-0.245307385878803,0.695503262094184,0.660007951761993,-0.284015344703923,0.853466004225227,0.759218224617533,-0.247836753783195,-0.287979326579064,0.506263048016701,-0.0942477796076937,-0.0401425727958696,162
0.783801259581825,0.601431859689037,-0.154710386299468,0.848848548671288,0.506015291582301,-0.152985836284038,0.654498469497874,0.537561409614253,-0.155334303427495,-0.153588974175501,0.506263048016701,-0.11693705988362,0.00174532925199433,443
0.42455430327637,0.874335078911492,0.23514211310259,0.361666903506501,0.908828795609668,0.207911690817759,1.11875605052837,1.19205987911213,0.237364778271229,0.20943951023932,0.50678496868476,0.0733038285837617,-0.0279252680319093,86
0.543383717185225,0.820963243560724,0.175366726091987,0.49574029785104,0.855196890397001,0.151260820247219,0.986111027376796,1.0454522219446,0.176278254451427,0.151843644923507,0.508350730688935,0.0593411945678071,-0.0244346095279206,31
0.855789649503515,-0.460795250027927,-0.23514211310259,0.853519250877258,-0.461496137374289,-0.241921895599668,5.78925712886519,5.7875117996132,-0.237364778271229,-0.244346095279206,0.508350730688935,-0.00174532925199333,-0.00698131700797733,60
0.393645151000048,0.901018150950773,-0.182235525492147,0.393165001745846,0.904217599099315,-0.166768746716102,1.15889862332423,1.16064395257623,-0.183259571459405,-0.167551608191456,0.510438413361169,0.00174532925199422,0.015707963267949,62
0.977124125653617,-0.0238803992584323,-0.211324796455389,0.977167972545359,0.0512112034276141,-0.20620418539663,6.25875069765167,0.0523598775598299,-0.212930168743308,-0.207694180987325,0.510438413361169,0.0767944870877502,0.00523598775598297,37
0.814417453599952,-0.493228741858465,0.305695304963106,0.851826299736562,-0.426562835865238,0.30403306092549,5.73864258055736,5.81892772614909,0.310668606854991,0.308923277602996,0.510438413361169,0.0802851455917386,-0.00174532925199433,75
0.116372151357489,-0.990628910259702,0.0714974443326859,0.159451823120907,-0.984485288150571,0.0732381971276317,4.82932604026831,4.87295927156817,0.0715584993317675,0.0733038285837618,0.510960334029228,0.0436332312998582,0.00174532925199435,64
0.678285230429917,-0.719778802245629,-0.147809411129611,0.704205054611957,-0.694440507920217,-0.147809411129611,5.46811654649823,5.50476846079011,-0.148352986419518,-0.148352986419518,0.511482254697286,0.0366519142918804,0,58
-0.285551338972,-0.933996344788218,-0.214735327167063,-0.275860470887938,-0.937293473318266,-0.213030386274977,4.41568300754565,4.42615498305762,-0.216420827247297,-0.214675497995303,0.512004175365344,0.0104719755119662,0.0017453292519943,63
-0.459456645076044,-0.835748534811735,-0.300705799504273,-0.423256321474119,-0.8563940888816,-0.295708050044047,4.20973415581032,4.25336738711018,-0.305432619099008,-0.300196631343025,0.512526096033403,0.0436332312998591,0.005235987755983,33
-0.601302964771232,-0.755941430568233,0.258819045102521,-0.563374336926007,-0.778271122139942,0.277314653302378,4.04043721836687,4.08581577891873,0.261799387799149,0.280998009571087,0.514091858037578,0.0453785605518524,0.0191986217719377,7
-0.680772279537162,-0.709902769125311,-0.18051914525056,-0.653151634029387,-0.730510348791146,-0.199367934417197,3.94793476801117,3.98284135305106,-0.18151424220741,-0.200712863979348,0.514091858037578,0.0349065850398866,-0.0191986217719376,339
-0.790396203180833,-0.584862424204124,-0.182235525492147,-0.778858536816664,-0.604144609014767,-0.168489379565003,3.77863783056772,3.80132711084365,-0.183259571459405,-0.16929693744345,0.514091858037578,0.0226892802759262,0.0139626340159547,126
-0.977444238581349,0.161814844383808,-0.135715572434304,-0.979390828966182,0.146370940101148,-0.139173100960065,2.97753170390233,2.99323966717028,-0.136135681655558,-0.139626340159546,0.515135699373695,0.0157079632679489,-0.00349065850398866,34
-0.884954266577325,-0.437371640471622,0.159881187691835,-0.849030004740887,-0.504117126084817,0.158158067254484,3.6006142468643,3.67740873395205,0.160570291183478,0.158824961931484,0.515657620041754,0.0767944870877506,-0.0017453292519943,25
-0.623195888264612,0.769582830382306,-0.139173100960065,-0.60830701875851,0.781404772763959,-0.139173100960065,2.25147473507268,2.23227611330075,-0.139626340159546,-0.139626340159546,0.516179540709812,-0.0191986217719373,0,12
-0.259637571577628,0.955625020284856,0.139173100960065,-0.266103097690606,0.953074198912147,0.144356201000973,1.83608637309803,1.84306769010601,0.139626340159546,0.144862327915529,0.517745302713987,0.00698131700797733,0.005235987755983,37
0.648837146561505,0.749038089391307,0.133986185418292,0.647511222894907,0.752801246355514,0.118403968306501,0.856956662729216,0.860447321233204,0.134390352403563,0.118682389135614,0.519311064718163,0.00349065850398844,-0.015707963267949,55
0.67467430671322,0.703543861860888,-0.223250116010951,0.626244714069521,0.748980274518834,-0.216439613938103,0.80634211442138,0.874409955249159,-0.225147473507269,-0.218166156499291,0.519311064718163,0.0680678408277786,0.00698131700797733,32
0.812585156027327,0.558474304979903,-0.166768746716102,0.816636668606361,0.54875706770573,-0.17880221511635,0.602138591938044,0.591666616426078,-0.167551608191456,-0.179768912955416,0.519311064718163,-0.0104719755119662,-0.0122173047639603,93
0.119828629984708,0.975925874585047,0.182235525492147,0.156943719960203,0.968999791562644,0.190808995376545,1.44862327915529,1.41022603561142,0.183259571459405,0.191986217719376,0.52035490605428,-0.0383972435438755,0.00872664625997163,29
0.973311218354383,0.0971493749172225,-0.207911690817759,0.988908028989171,0.0414475267148869,-0.142628933705512,0.0994837673636768,0.0418879020478639,-0.20943951023932,-0.143116998663535,0.52035490605428,-0.0575958653158128,0.0663225115757845,34
0.838185794452417,0.509624951100638,0.194234351219972,0.834838756808468,0.517621959613981,0.187381314585725,0.546288055874225,0.555014702134197,0.195476876223365,0.188495559215388,0.521398747390397,0.00872664625997155,-0.0069813170079773,16
0.975695474122106,-0.0579669921656139,0.211324796455389,0.974421696292375,0.07155705638317,0.213030386274977,6.22384411261178,0.0733038285837618,0.212930168743308,0.214675497995303,0.521398747390397,0.132645023151569,0.00174532925199439,62
0.933411059298027,-0.243135369459292,0.263873049965373,0.931296101750324,-0.286504090746073,0.224951054343865,6.02836723638841,5.98473400508855,0.267035375555132,0.226892802759263,0.522442588726514,-0.0436332312998591,-0.0401425727958696,69
0.834380428577073,-0.426974036954729,0.348572047321815,0.798318183170302,-0.481576316623451,0.361624570082092,5.81020107988912,5.74038790980935,0.356047167406843,0.370009801422798,0.523486430062631,-0.0698131700797733,0.0139626340159546,87
0.845086823362401,-0.455032371906461,-0.280666708920788,0.850332127952546,-0.429533665777168,-0.30403306092549,5.78925712886519,5.81543706764511,-0.284488668075076,-0.308923277602996,0.523486430062631,0.0261799387799151,-0.0244346095279206,24
0.951193238175141,0.138764086593408,0.275637355816999,0.928392131453915,0.231474155990728,0.290702193598252,0.144862327915529,0.244346095279206,0.279252680319093,0.294960643587042,0.525052192066806,0.0994837673636768,0.0157079632679489,15
0.947310614402654,-0.252059865179518,-0.197657340379126,0.95205462766435,-0.24444608107035,-0.18395135061272,6.02313124863243,6.0318578948924,-0.198967534727354,-0.185004900711399,0.525052192066806,0.00872664625997199,0.0139626340159547,4
0.208352667065024,-0.971878360236642,-0.109734311091045,0.272874632065512,-0.957933838612945,-0.0888942968664415,4.923573819876,4.98989633145179,-0.109955742875643,-0.0890117918517108,0.52713987473904,0.0663225115757839,0.0209439510239319,77
-0.682933039853119,-0.71464860409513,-0.151260820247219,-0.620402298143375,-0.768872996553714,-0.154710386299468,3.94968009726317,4.0334559013589,-0.151843644923507,-0.155334303427495,0.52713987473904,0.0837758040957275,-0.00349065850398866,311
-0.754907856082513,-0.617884920722746,-0.219846204352837,-0.753333999757013,-0.621000626673134,-0.216439613938103,3.82750704962357,3.83099770812755,-0.22165681500328,-0.218166156499291,0.52713987473904,0.00349065850398844,0.00349065850398864,95
0.0133086200013153,-0.953097754588282,-0.302369890750444,0.0836097219792465,-0.955663495242125,-0.282341456842876,4.72635161440064,4.79965544298441,-0.307177948351002,-0.28623399732707,0.528705636743215,0.0733038285837617,0.020943951023932,91
-0.84189953440148,-0.51996775016066,0.144356201000973,-0.846639543779091,-0.510725624940343,0.14953534344371,3.694862026472,3.68439005096003,0.144862327915529,0.150098315671512,0.528705636743215,-0.0104719755119662,0.00523598775598297,92
-0.89019593020032,-0.430337526734492,-0.14953534344371,-0.951195551362922,-0.247767882654599,-0.18395135061272,3.59188760060433,3.39641072438097,-0.150098315671512,-0.185004900711399,0.528705636743215,-0.195476876223365,-0.0349065850398866,93
-0.949611051268316,-0.310380734509984,0.043619387365336,-0.933067158861626,-0.358170924559655,0.0331551783885263,3.45749724820077,3.5081117965086,0.0436332312998582,0.0331612557878923,0.529749478079332,0.050614548307836,-0.010471975511966,78
-0.926178467308381,-0.236079931022481,-0.294040325232304,-0.929590332687765,-0.236949604602525,-0.282341456842876,3.39117473662498,3.39117473662498,-0.29845130209103,-0.28623399732707,0.529749478079332,0,0.0122173047639603,75
-0.177274323351575,-0.956486656209225,-0.231747903494157,-0.179091154111568,-0.95696511882027,-0.228350870110656,4.52912940892528,4.52738407967329,-0.23387411976724,-0.230383461263251,0.53027139874739,-0.00174532925199422,0.00349065850398869,95
-0.917640747821561,0.0384605426339597,-0.395545502562965,-0.928855215966818,-0.0227007325151529,-0.369746757273829,3.09970475154193,3.16602726311771,-0.406661715714679,-0.378736447682769,0.530793319415449,0.0663225115757848,0.0279252680319093,34
-0.860882394703138,0.459668389954325,-0.218143241396543,-0.837475447945655,0.497256532310425,-0.226651307436855,2.65115513377939,2.60577657322753,-0.219911485751285,-0.228638132011257,0.531315240083507,-0.045378560551852,-0.00872664625997166,2
-0.9726277197314,-0.0169772799988955,-0.231747903494157,-0.963079003548578,-0.0741048906354916,-0.258819045102521,3.15904594610974,3.21838714067754,-0.23387411976724,-0.261799387799149,0.533402922755741,0.0593411945678075,-0.0279252680319092,5
-0.977343084581625,-0.154795937456516,-0.144356201000973,-0.972956088263159,-0.180326752159016,-0.144356201000973,3.29867228626928,3.3248522250492,-0.144862327915529,-0.144862327915529,0.533402922755741,0.0261799387799151,0,73
-0.388251738291462,0.884462147073507,-0.258819045102521,-0.410688574304797,0.872757645877402,-0.263873049965373,1.98443935951755,2.01061929829747,-0.261799387799149,-0.267035375555132,0.533402922755741,0.0261799387799151,-0.00523598775598305,40
-0.96013148466995,0.230507175393311,-0.158158067254484,-0.967246126205862,0.198547115572297,-0.158158067254484,2.90597320457056,2.93913446035845,-0.158824961931484,-0.158824961931484,0.53705636743215,0.0331612557878924,0,21
-0.87354206799637,0.466428025969479,0.139173100960065,-0.923086389956005,0.371078349513499,0.101056297182946,2.65115513377939,2.75936554740303,0.139626340159546,0.101229096615671,0.53705636743215,0.108210413623648,-0.0383972435438752,121
-0.626259379443611,0.765139445277836,0.14953534344371,-0.652407614062921,0.742620003346843,0.151260820247219,2.25671072282867,2.29161730786856,0.150098315671512,0.151843644923507,0.53705636743215,0.0349065850398871,0.00174532925199433,50
-0.15535665306397,0.969923993564901,0.187381314585725,-0.191943993154393,0.960585848906574,0.201077921145965,1.72962128872638,1.76801853227026,0.188495559215388,0.202458193231342,0.53705636743215,0.0383972435438746,0.0139626340159546,127
0.347475353388561,0.914735323857348,0.20620418539663,0.298216329913573,0.928835112926148,0.219846204352837,1.20776784238008,1.26012771993991,0.207694180987325,0.22165681500328,0.53705636743215,0.0523598775598297,0.0139626340159546,58
0.71750272756097,0.657470116706647,-0.230049737188104,0.615581351411703,0.754777307973223,-0.226651307436855,0.74176493209759,0.886627260013119,-0.232128790515246,-0.228638132011257,0.53705636743215,0.144862327915529,0.00349065850398869,12
0.78266325827431,0.59192357323597,0.192521966525907,0.764132580496074,0.61878236292982,0.182235525492147,0.647517152489896,0.680678408277789,0.193731546971371,0.183259571459405,0.53705636743215,0.0331612557878924,-0.010471975511966,71
0.839602180608184,0.51048612738178,-0.185666615385577,0.834559534735495,0.517448834593848,-0.189095442989891,0.546288055874225,0.555014702134197,-0.186750229963393,-0.190240888467382,0.537578288100209,0.00872664625997155,-0.00349065850398866,15
0.162438151263014,0.921232534070244,-0.353474843779257,0.128990747472217,0.929586220226466,-0.345298198998535,1.39626340159546,1.43291531588734,-0.361283155162826,-0.352556508902855,0.538622129436326,0.0366519142918809,0.0087266462599716,12
0.954485082967761,0.132445750188829,0.267238376078257,0.934308903342809,0.250347316131914,0.253757944584806,0.137881010907552,0.261799387799149,0.270526034059121,0.256563400043166,0.538622129436326,0.123918376891597,-0.0139626340159547,264
-0.682520291180786,0.668373249962656,-0.295708050044047,-0.63956491680449,0.705341830403089,-0.305695304963106,2.36666646570431,2.3073252711365,-0.300196631343025,-0.310668606854991,0.539665970772443,-0.0593411945678075,-0.010471975511966,14
0.978369944448779,-0.0838758918864598,-0.189095442989891,0.983020613584163,-0.048077728883151,-0.177084740319583,6.19766417383186,6.23431608812375,-0.190240888467382,-0.178023583703422,0.539665970772443,0.0366519142918804,0.0122173047639603,108
0.939683614235566,-0.26059732987838,-0.221548497619467,0.946309320218815,-0.257106551887528,-0.195946144242518,6.01265927312047,6.01789526087645,-0.223402144255274,-0.197222205475359,0.541753653444676,0.00523598775598355,0.026179938779915,4
0.938555559731816,-0.304955187365767,-0.161603821103361,0.93801551970293,-0.308403810869399,-0.158158067254484,5.96902604182061,5.96553538331662,-0.162315620435473,-0.158824961931484,0.541753653444676,-0.00349065850398844,0.00349065850398866,31
0.926830079975809,-0.299357959121184,0.226651307436855,0.956663070558723,-0.192897111596222,0.218143241396543,5.9707713710726,6.08421777245223,0.228638132011257,0.219911485751285,0.542797494780793,0.113446401379631,-0.00872664625997166,30
0.867477780129533,-0.281860616808484,-0.409923033841573,0.857083681586979,-0.303509249862937,-0.416280792260401,5.96902604182061,5.94284610304069,-0.422369678982628,-0.429350995990605,0.544363256784969,-0.0261799387799151,-0.00698131700797733,4
0.790636915333315,-0.582907806652429,0.187381314585725,0.712577604689548,-0.666818328728234,0.218143241396543,5.64788545945365,5.53094839957003,0.188495559215388,0.219911485751285,0.544363256784969,-0.116937059883621,0.0314159265358979,14
0.966012645498348,-0.16859619596472,0.195946144242518,0.967108251707555,-0.160103732852818,0.197657340379126,6.11039771123215,6.11912435749212,0.197222205475359,0.198967534727354,0.544885177453027,0.00872664625997199,0.00174532925199433,20
0.765860078980292,0.63357455788066,-0.109734311091045,0.783695153075752,0.610090031184146,-0.116670737099333,0.691150383789754,0.661479786505851,-0.109955742875643,-0.11693705988362,0.546972860125261,-0.0296705972839035,-0.00698131700797734,22
0.962566750610308,-0.208114297952994,-0.17364817766693,0.956137072537141,-0.238391746740011,-0.170209499166033,6.07025513843628,6.03883921190038,-0.174532925199433,-0.171042266695444,0.546972860125261,-0.0314159265358978,0.00349065850398864,20
-0.209439010686753,-0.929354183649502,-0.30403306092549,-0.21208137071004,-0.925995891392455,-0.312334918512233,4.49073216538141,4.48724150687742,-0.308923277602996,-0.317649923862968,0.546972860125261,-0.00349065850398844,-0.00872664625997166,7
0.434478770563738,-0.845404254780708,0.310676429630732,0.453804948252218,-0.835804741628854,0.309016994374947,5.18711853692715,5.20980781720307,0.315904594610974,0.314159265358979,0.548016701461378,0.0226892802759266,-0.00174532925199433,5
-0.779279802674528,-0.626557047709257,-0.0122170008352472,-0.725346750978911,-0.688328365260748,-0.00872653549837393,3.81878040336359,3.90081087820733,-0.0122173047639603,-0.00872664625997165,0.549582463465553,0.0820304748437333,0.00349065850398866,12
-0.877362508991992,-0.458674035294944,-0.140901231937583,-0.873075289426173,-0.448699750698391,-0.190808995376545,3.62330352714023,3.61632221013225,-0.141371669411541,-0.191986217719376,0.549582463465553,-0.00698131700797733,-0.0506145483078355,258
-0.92169326338416,-0.387444172026846,0.0191974423996897,-0.907506497679155,-0.419326871713263,0.0244321781526532,3.5395277230445,3.57443430808439,0.0191986217719376,0.0244346095279206,0.549582463465553,0.0349065850398866,0.00523598775598299,57
-0.720326877301819,0.632822624286871,-0.284015344703923,-0.655981983553378,0.708396102636249,-0.260504508642648,2.42077167251613,2.31779724664847,-0.287979326579064,-0.263544717051144,0.551148225469729,-0.102974425867665,0.0244346095279206,65
-0.720120732469902,0.683369058870703,0.120136838834647,-0.805850183705365,0.58119748262931,0.113203213767907,2.38237442897226,2.51676478137582,0.120427718387609,0.113446401379631,0.551670146137787,0.134390352403563,-0.00698131700797734,12
-0.292489442279633,0.939075483841931,0.18051914525056,-0.314676375238863,0.935041928965958,0.163325962241622,1.87273828738992,1.89542756766584,0.18151424220741,0.164060949687467,0.552192066805846,0.0226892802759258,-0.0174532925199433,14
-0.803837840626618,-0.518038137837609,-0.292371704722737,-0.819458027667835,-0.482697667363553,-0.309016994374947,3.71406064824393,3.67391807544806,-0.296705972839036,-0.314159265358979,0.553757828810021,-0.0401425727958697,-0.0174532925199433,209
-0.923594139188609,-0.332514350577305,-0.190808995376545,-0.913108879976328,-0.337769231026275,-0.228350870110656,3.48716784548467,3.49589449174464,-0.191986217719376,-0.230383461263251,0.553757828810021,0.00872664625997155,-0.0383972435438752,12
0.27318525124755,0.946472505135741,0.17192910027941,0.249955969346305,0.946045372756012,0.20620418539663,1.28979831722381,1.31248759749974,0.172787595947439,0.207694180987325,0.553757828810021,0.0226892802759266,0.0349065850398866,158
-0.937234786386469,0.333734295490863,-0.101056297182946,-0.945108867988384,0.310735985121432,-0.101056297182946,2.7995081201989,2.82394272972683,-0.101229096615671,-0.101229096615671,0.554279749478079,0.0244346095279204,0,92
0.743228723672658,0.648359739733715,0.165047605860678,0.723056387537181,0.67662420028465,0.139173100960065,0.717330322569669,0.752236907609556,0.165806278939461,0.139626340159546,0.554801670146138,0.0349065850398866,-0.026179938779915,35
0.801702626101904,0.422689843909905,-0.422618261740699,0.815646109537736,0.40666614889585,-0.411514358605109,0.485201532054424,0.462512251778497,-0.436332312998582,-0.424115008234622,0.555323590814196,-0.0226892802759262,0.0122173047639603,251
0.888350935632053,0.397378577154506,0.230049737188104,0.888463501028172,0.390008209875417,0.241921895599668,0.420624349730633,0.413643032722656,0.232128790515246,0.244346095279206,0.555845511482255,-0.00698131700797733,0.0122173047639603,266
0.967027493681318,0.12559494284001,0.221548497619467,0.965179652476725,0.139084512608221,0.221548497619467,0.12915436464758,0.143116998663535,0.223402144255274,0.223402144255274,0.556367432150313,0.0139626340159547,0,14
0.928646527263909,0.21952273678946,0.299040792256087,0.911519446271873,0.290902962696123,0.290702193598252,0.232128790515246,0.308923277602996,0.303687289847013,0.294960643587042,0.55741127348643,0.0767944870877506,-0.00872664625997166,81
0.840550819895324,-0.505053885966428,0.195946144242518,0.855041934185852,-0.47200850633243,0.214735327167063,5.74213323906134,5.77878515335323,0.197222205475359,0.216420827247297,0.55741127348643,0.0366519142918813,0.0191986217719376,106
0.943859250191933,-0.321315898377903,-0.0767190281268186,0.939054455627325,-0.332536623355341,-0.0871557427476582,5.95506340780465,5.94284610304069,-0.0767944870877505,-0.0872664625997165,0.558455114822547,-0.0122173047639604,-0.010471975511966,5
0.762099184055789,-0.608375785895574,0.221548497619467,0.802212328513083,-0.526955006129737,0.280666708920788,5.60948821590977,5.70199066626547,0.223402144255274,0.284488668075076,0.558455114822547,0.0925024503556999,0.0610865238198015,3
0.772737701140902,0.605903753640733,0.189095442989891,0.781029837353468,0.586413789426946,0.214735327167063,0.66497044500984,0.644026493985907,0.190240888467382,0.216420827247297,0.560542797494781,-0.020943951023932,0.026179938779915,12
-0.25770990301229,-0.955115361961805,0.146083028562412,-0.209564706541286,-0.969275156018401,0.128795596577563,4.44884426333355,4.49945881164138,0.146607657167524,0.12915436464758,0.560542797494781,0.050614548307836,-0.0174532925199433,42
0.936391218751687,-0.329755402381142,0.120136838834647,0.92121564644073,-0.359166972053334,0.14953534344371,5.94459143229269,5.91143017650479,0.120427718387609,0.150098315671512,0.562630480167015,-0.033161255787892,0.0296705972839036,11
0.87765112153527,-0.431857890618179,0.207911690817759,0.878040419332379,-0.435863049377749,0.197657340379126,5.82590904315707,5.82241838465308,0.20943951023932,0.198967534727354,0.562630480167015,-0.00349065850398844,-0.010471975511966,12
-0.372029430663924,-0.868009695442854,-0.328866646738583,-0.357023003162067,-0.870512031278737,-0.338737920245291,4.30747259392201,4.32318055718995,-0.335103216382911,-0.345575191894877,0.562630480167015,0.0157079632679489,-0.010471975511966,18
-0.52218662853396,-0.835673292246428,-0.170209499166033,-0.48464110511441,-0.856600253315062,-0.177084740319583,4.1538836197465,4.19751685104636,-0.171042266695444,-0.178023583703422,0.562630480167015,0.0436332312998582,-0.0069813170079773,41
0.891408143712349,-0.289636063274556,0.348572047321815,0.891833122747526,-0.286336290542749,0.350207381259467,5.96902604182061,5.9725167003246,0.356047167406843,0.357792496658838,0.56419624217119,0.00349065850398844,0.00174532925199433,19
-0.734938282138462,-0.621071001189791,-0.272280247040574,-0.73310389678719,-0.626129878683943,-0.265556117486809,3.84321501289151,3.8484510006475,-0.275762021815104,-0.268780704807127,0.56419624217119,0.005235987755984,0.00698131700797738,20
-0.8612619260549,-0.469575245870521,-0.194234351219972,-0.865277314823364,-0.475690229261013,-0.158158067254484,3.64075681966017,3.64424747816416,-0.195476876223365,-0.158824961931484,0.56419624217119,0.00349065850398889,0.0366519142918809,248
0.261685913729347,-0.943608920791674,-0.202787295356512,0.272219602049979,-0.943126935010948,-0.190808995376545,4.98291501444381,4.99338698995578,-0.204203522483337,-0.191986217719376,0.564718162839248,0.0104719755119662,0.0122173047639603,303
-0.351209694747889,-0.919727275715401,-0.175366726091987,-0.349603933721874,-0.92033885113363,-0.175366726091987,4.34761516671788,4.34936049596987,-0.176278254451427,-0.176278254451427,0.565240083507307,0.00174532925199333,0,88
-0.873345783568631,-0.407247827095431,-0.267238376078257,-0.87977183940768,-0.400935126096276,-0.255445757935791,3.57792496658838,3.5691983203284,-0.270526034059121,-0.258308729295161,0.566283924843424,-0.00872664625997155,0.0122173047639603,37
-0.963063289069262,0.118249303070076,0.241921895599668,-0.972017030860774,-0.0475395639051151,0.230049737188104,3.01941960595019,3.19046187264563,0.244346095279206,0.232128790515246,0.566283924843424,0.171042266695444,-0.0122173047639603,31
-0.177347763278389,-0.956882902595629,-0.230049737188104,-0.145782293968833,-0.975452105725772,-0.165047605860678,4.52912940892528,4.56403599396517,-0.232128790515246,-0.165806278939461,0.567849686847599,0.0349065850398862,0.0663225115757845,21
-0.859005785155571,0.495947221295015,0.12706460860135,-0.876417336993616,0.448485409792556,0.175366726091987,2.61799387799149,2.66860842629933,0.127409035395586,0.176278254451427,0.567849686847599,0.0506145483078355,0.0488692190558412,141
-0.801699131592737,-0.528623178790392,-0.278991106039229,-0.803678419953301,-0.500245758581681,-0.322265695230511,3.7245326237559,3.69835268497598,-0.282743338823081,-0.328121899374934,0.568371607515658,-0.0261799387799155,-0.0453785605518526,37
-0.209704344789832,0.969921008496999,-0.123601476740493,-0.234918440875813,0.963674172828899,-0.12706460860135,1.7837264955382,1.80990643431812,-0.123918376891597,-0.127409035395586,0.568893528183716,0.0261799387799151,-0.00349065850398865,37
-0.138222639078793,0.983505181049288,-0.116670737099333,-0.149638144531862,0.977889653522878,-0.146083028562412,1.71042266695444,1.7226399717184,-0.11693705988362,-0.146607657167524,0.569415448851775,0.0122173047639604,-0.0296705972839036,3
0.261685913729347,0.943608920791674,0.202787295356512,0.27115361930659,0.939433751162408,0.209618562903822,1.30027029273578,1.28979831722381,0.204203522483337,0.211184839491314,0.569937369519833,-0.0104719755119662,0.00698131700797733,33
0.237916768706507,0.940237915211225,-0.243615011786023,0.116962691747286,0.966527603774944,-0.228350870110656,1.3229595730117,1.45036860840729,-0.2460914245312,-0.230383461263251,0.57098121085595,0.127409035395586,0.015707963267949,204
0.467856659179212,0.868904109477254,0.161603821103361,0.333552224221725,0.936723470859884,0.106264071336233,1.0768681484805,1.22871179340401,0.162315620435473,0.106465084371654,0.57098121085595,0.151843644923507,-0.0558505360638186,21
-0.983078813868923,0.103325746937582,0.151260820247219,-0.986387939104698,0.115873951747079,0.116670737099333,3.03687289847013,3.02465559370617,0.151843644923507,0.11693705988362,0.573068893528184,-0.01221730476396,-0.0349065850398866,7
-0.572189244919531,0.799225480453529,0.18395135061272,-0.588780874242422,0.784182498327283,0.195946144242518,2.19213354050488,2.2148228207808,0.185004900711399,0.197222205475359,0.573068893528184,0.0226892802759266,0.0122173047639603,80
0.509999238040494,0.8421088341645,0.175366726091987,0.500678613994521,0.846601301491164,0.18051914525056,1.02625360017267,1.03672557568463,0.176278254451427,0.18151424220741,0.573068893528184,0.0104719755119662,0.005235987755983,4
0.73389706239308,0.653878430917066,0.18395135061272,0.733228925464152,0.655582322108133,0.18051914525056,0.727802298081635,0.72954762733363,0.185004900711399,0.18151424220741,0.573068893528184,0.00174532925199422,-0.00349065850398864,123
0.596736973298685,0.78902771400272,-0.146083028562412,0.538656645435988,0.829458495832773,-0.147809411129611,0.923279174305,0.994837673636768,-0.146607657167524,-0.148352986419518,0.573590814196242,0.0715584993317675,-0.0017453292519943,15
0.841885253853993,0.308086252865722,-0.44307119082418,0.848542537705112,0.269173548474913,-0.455544907233516,0.35081117965086,0.307177948351002,-0.459021593274509,-0.472984227290463,0.574112734864301,-0.0436332312998582,-0.0139626340159547,43
0.75489860519638,0.644744318181539,-0.120136838834647,0.738604119062106,0.662711573953602,-0.123601476740493,0.706858347057703,0.731292956585624,-0.120427718387609,-0.123918376891597,0.574634655532359,0.0244346095279209,-0.00349065850398864,19
0.874309481131432,0.378347497768867,0.30403306092549,0.869186112729613,0.383356753059004,0.312334918512233,0.408407044966673,0.41538836197465,0.308923277602996,0.317649923862968,0.576722338204593,0.00698131700797733,0.00872664625997166,5
0.783941246935514,-0.59504379342964,0.177084740319583,0.804373486912678,-0.563228379072287,0.189095442989891,5.6339228254377,5.67232006898157,0.178023583703422,0.190240888467382,0.576722338204593,0.0383972435438746,0.0122173047639603,61
0.719567964460413,-0.671007982360705,-0.17880221511635,0.782119625437533,-0.604490740841902,-0.151260820247219,5.53269372882202,5.62519617917772,-0.179768912955416,-0.151843644923507,0.576722338204593,0.0925024503556999,0.0279252680319093,69
0.215680529748039,-0.972871999608817,-0.0836778433323155,0.251148119399387,-0.964172480090516,-0.0854169231373675,4.93055513688398,4.96720705117586,-0.0837758040957278,-0.0855211333477222,0.57776617954071,0.0366519142918813,-0.00174532925199435,26
-0.0786850324512135,-0.95706458947093,-0.278991106039229,-0.0134077936179642,-0.960200080098573,-0.278991106039229,4.63035850554096,4.69842634636874,-0.282743338823081,-0.282743338823081,0.57776617954071,0.0680678408277782,0,20
-0.0776174126728513,-0.986222736513414,-0.146083028562412,-0.0502474231580508,-0.991898752681277,-0.116670737099333,4.63384916404495,4.66177443207685,-0.146607657167524,-0.11693705988362,0.578288100208768,0.0279252680319093,0.0296705972839036,45
0.153386817497765,-0.97950773216062,-0.130526192220052,0.153685084305408,-0.981412424161535,-0.114937150492867,4.86772328381219,4.86772328381219,-0.130899693899575,-0.115191730631626,0.579853862212944,0,0.015707963267949,22
-0.160794929199262,-0.971283430376315,0.175366726091987,-0.179683505948719,-0.969485442288185,0.166768746716102,4.54832803069722,4.52912940892528,0.176278254451427,0.167551608191456,0.579853862212944,-0.0191986217719382,-0.00872664625997166,56
-0.536155011292772,-0.813121755152826,0.226651307436855,-0.607876818725374,-0.750665354967537,0.258819045102521,4.12944901021858,4.0317105721069,0.228638132011257,0.261799387799149,0.579853862212944,-0.0977384381116817,0.0331612557878923,123
0.970172555262355,0.11568607322944,-0.213030386274977,0.972064147379539,0.105599959590079,-0.209618562903822,0.118682389135614,0.108210413623648,-0.214675497995303,-0.211184839491314,0.581419624217119,-0.0104719755119658,0.00349065850398866,45
-0.246849607396096,-0.940934737670183,-0.231747903494157,-0.298678244839841,-0.930273809468442,-0.213030386274977,4.45582558034152,4.4017203735297,-0.23387411976724,-0.214675497995303,0.581419624217119,-0.0541052068118244,0.0191986217719376,11
-0.234588619788758,-0.92708519875097,-0.292371704722737,-0.138209680514428,-0.959108738322246,-0.246999012722743,4.4645522266015,4.56927198172115,-0.296705972839036,-0.249582083035189,0.582985386221294,0.104719755119659,0.0471238898038469,12
-0.873272006638779,-0.456535572343196,-0.170209499166033,-0.86814718129036,-0.46744909534231,-0.166768746716102,3.62330352714023,3.63552083190419,-0.171042266695444,-0.167551608191456,0.582985386221294,0.0122173047639609,0.00349065850398869,36
0.652760020914503,-0.724963448407813,-0.219846204352837,0.658008625946718,-0.718090407272564,-0.226651307436855,5.44542726622231,5.45415391248228,-0.22165681500328,-0.228638132011257,0.585073068893528,0.0087266462599711,-0.00698131700797733,68
-0.918128625676225,-0.312556479290356,-0.243615011786023,-0.925676132783689,-0.293641766120288,-0.238533457578581,3.46971455296473,3.4487706019408,-0.2460914245312,-0.240855436775218,0.585073068893528,-0.0209439510239324,0.00523598775598297,92
-0.967786606723751,-0.139460180454004,0.209618562903822,-0.955299625712585,-0.159862331821247,0.248689887164855,3.28470965225333,3.30739893252925,0.211184839491314,0.251327412287183,0.585073068893528,0.0226892802759262,0.0401425727958696,76
-0.992743733457437,0.00519804153571906,0.120136838834647,-0.990643614522652,-0.0259409159929056,0.133986185418292,3.13635666583381,3.16777259236971,0.120427718387609,0.134390352403563,0.585073068893528,0.0314159265358978,0.0139626340159546,228
-0.846551409128526,-0.436937763951325,-0.30403306092549,-0.831502136371585,-0.472358956183759,-0.292371704722737,3.61806753938425,3.65821011218011,-0.308923277602996,-0.296705972839036,0.585594989561587,0.0401425727958689,0.0122173047639603,54
-0.968940002708335,0.236202111830242,0.0732381971276317,-0.978601154442605,0.190220794923082,0.0784590957278449,2.90248254606657,2.94960643587042,0.0733038285837618,0.0785398163397448,0.586116910229645,0.0471238898038466,0.00523598775598298,8
-0.623040015869137,0.739883804516547,0.253757944584806,-0.564086315695705,0.787907428673468,0.246999012722743,2.27067335684462,2.19213354050488,0.256563400043166,0.249582083035189,0.586638830897704,-0.0785398163397448,-0.0069813170079773,32
-0.496383407185474,0.856306312216002,-0.142628933705512,-0.556433401184748,0.815700861718498,-0.158158067254484,2.09614043164519,2.16944426022895,-0.143116998663535,-0.158824961931484,0.588204592901879,0.0733038285837622,-0.015707963267949,174
-0.982311867075449,0.0497617724840269,0.18051914525056,-0.970896621564315,0.0356011629473049,0.236838146065619,3.09097810528196,3.10494073929791,0.18151424220741,0.239110107523223,0.588726513569937,0.0139626340159551,0.0575958653158128,92
0.413073806240921,0.88583963616488,-0.211324796455389,0.319694485845707,0.92846020332608,-0.189095442989891,1.13446401379631,1.23918376891597,-0.212930168743308,-0.190240888467382,0.59133611691023,0.104719755119659,0.0226892802759263,195
-0.7871278115976,0.578202860141687,0.214735327167063,-0.77497890454794,0.592516112808188,0.219846204352837,2.50803813511585,2.48883951334391,0.216420827247297,0.22165681500328,0.591858037578288,-0.0191986217719378,0.00523598775598297,62
0.694970575637656,0.699839400718139,0.165047605860678,0.69374806757956,0.701051286661172,0.165047605860678,0.788888821901437,0.790634151153431,0.165806278939461,0.165806278939461,0.592901878914405,0.00174532925199422,0,24
0.769683167142392,0.594878753565565,0.231747903494157,0.77063270585596,0.59561264048229,0.226651307436855,0.657989128001862,0.657989128001862,0.23387411976724,0.228638132011257,0.593423799582463,0,-0.00523598775598302,3
0.716068933120476,0.686685418211293,-0.125333233564304,0.715332406356072,0.688379755928114,-0.120136838834647,0.764454212373516,0.766199541625511,-0.125663706143592,-0.120427718387609,0.593945720250522,0.00174532925199422,0.00523598775598298,9
0.874971109722382,-0.459370102474745,-0.152985836284038,0.886696186402634,-0.436308614303567,-0.152985836284038,5.79972910437716,5.82590904315707,-0.153588974175501,-0.153588974175501,0.59446764091858,0.0261799387799142,0,61
0.939515462693971,0.296228087520487,-0.17192910027941,0.944623176056066,0.256648436657754,-0.20449605184179,0.305432619099008,0.265290046303138,-0.172787595947439,-0.205948851735331,0.594989561586639,-0.0401425727958697,-0.0331612557878923,106
0.699529453347098,0.682642200792625,-0.211324796455389,0.668342602370207,0.714206479022922,-0.207911690817759,0.773180858633488,0.81855941918534,-0.212930168743308,-0.20943951023932,0.596033402922756,0.0453785605518524,0.00349065850398864,55
0.266736796951512,-0.930221758392564,-0.252069358243114,0.284415724612939,-0.924507761542861,-0.253757944584806,4.99164166070378,5.01084028247572,-0.254818070791172,-0.256563400043166,0.597599164926931,0.0191986217719391,-0.00174532925199433,52
0.242460945173379,-0.951212183137404,-0.190808995376545,0.263140460743997,-0.9424632257252,-0.20620418539663,4.96197106341988,4.98466034369581,-0.191986217719376,-0.207694180987325,0.597599164926931,0.0226892802759275,-0.015707963267949,208
0.161529399871742,-0.955019158446053,-0.248689887164855,0.170808399970926,-0.949313174880315,-0.263873049965373,4.87994058857615,4.89041256408811,-0.251327412287183,-0.267035375555132,0.597599164926931,0.0104719755119653,-0.015707963267949,35
-0.0249377703496773,-0.952335027957212,-0.30403306092549,-0.0401303842891764,-0.957481962747228,-0.285688367404974,4.68620904160477,4.67050107833683,-0.308923277602996,-0.289724655831059,0.599164926931106,-0.015707963267948,0.0191986217719376,58
-0.0594355701423546,-0.971762981967084,-0.228350870110656,-0.0476546378994235,-0.974369889681698,-0.219846204352837,4.65130245656489,4.66351976132885,-0.230383461263251,-0.22165681500328,0.599164926931106,0.0122173047639604,0.00872664625997166,171
-0.201559021852113,-0.948260643042475,-0.245307385878803,-0.164621802643329,-0.963077212178751,-0.213030386274977,4.50294947014537,4.54309204294124,-0.247836753783195,-0.214675497995303,0.599686847599165,0.0401425727958697,0.0331612557878922,89
-0.0496801783092574,-0.980701174325603,0.189095442989891,0.00689907956471101,-0.988204299017988,0.152985836284038,4.66177443207685,4.71937029739267,0.190240888467382,0.153588974175501,0.600208768267223,0.057595865315812,-0.0366519142918809,16
-0.434391002721887,-0.882799085083214,0.17880221511635,-0.42707082866599,-0.887387636659143,0.17364817766693,4.25511271636218,4.26383936262215,0.179768912955416,0.174532925199433,0.60125260960334,0.00872664625997199,-0.005235987755983,30
-0.538378038689147,-0.783344907131672,-0.310676429630732,-0.428810023123817,-0.848899558991537,-0.309016994374947,4.11025038844665,4.24464074085021,-0.315904594610974,-0.314159265358979,0.60125260960334,0.134390352403563,0.00174532925199433,26
-0.138983434345575,-0.929959873744169,-0.34037955021305,-0.12500288530378,-0.92454127912663,-0.359996808120051,4.56403599396517,4.57799862798113,-0.347320521146872,-0.368264472170804,0.601774530271399,0.0139626340159547,-0.020943951023932,125
-0.868961711192638,-0.465933181475523,-0.166768746716102,-0.871341879300462,-0.463300695425693,-0.161603821103361,3.63377550265219,3.63028484414821,-0.167551608191456,-0.162315620435473,0.602296450939457,-0.00349065850398844,0.00523598775598297,14
-0.988607931509567,-0.0362506072005509,0.146083028562412,-0.983458108213279,-0.0515408554693585,0.17364817766693,3.17824456788167,3.19395253114962,0.146607657167524,0.174532925199433,0.602818371607516,0.0157079632679489,0.0279252680319093,20
-0.608750417126656,0.776368185660625,-0.163325962241622,-0.642314422227988,0.752053562573467,-0.147809411129611,2.23576677180474,2.2776546738526,-0.164060949687467,-0.148352986419518,0.603862212943633,0.041887902047864,0.015707963267949,10
-0.675308513673996,-0.734392491516042,0.0680152906652482,-0.651017105091142,-0.756877210437034,0.0575640269595673,3.96887871903511,4.002039974823,0.0680678408277788,0.0575958653158129,0.605949895615866,0.033161255787892,-0.010471975511966,25
-0.436068720026859,0.882318007387406,-0.177084740319583,-0.507218707072483,0.84750070285711,-0.156434465040231,2.02981792006941,2.11010306566114,-0.178023583703422,-0.15707963267949,0.605949895615866,0.0802851455917395,0.020943951023932,191
-0.719386857052044,0.675549224635463,0.161603821103361,-0.774006836985077,0.606898883256811,0.18051914525056,2.38761041672824,2.47662220857995,0.162315620435473,0.18151424220741,0.606993736951983,0.089011791851711,0.0191986217719376,40
0.386943430671965,0.853012058280067,-0.350207381259467,0.369234656765642,0.861488999389451,-0.348572047321815,1.14493598930828,1.16587994033221,-0.357792496658838,-0.356047167406843,0.6080375782881,0.0209439510239324,0.00174532925199433,4
0.561081989089971,0.789519057110576,-0.248689887164855,0.514622763081358,0.823568577189609,-0.238533457578581,0.952949771588904,1.01229096615671,-0.251327412287183,-0.240855436775218,0.608559498956159,0.0593411945678071,0.010471975511966,47
-0.790483396289179,0.593511722250929,-0.151260820247219,-0.776591324863262,0.608925380610725,-0.161603821103361,2.49756615960389,2.47662220857995,-0.151843644923507,-0.162315620435473,0.609603340292276,-0.0209439510239315,-0.010471975511966,102
0.88469319672723,0.435323021196095,-0.166768746716102,0.859782496505912,0.46488266165254,-0.211324796455389,0.457276264022514,0.49567350756639,-0.167551608191456,-0.212930168743308,0.609603340292276,0.0383972435438751,-0.0453785605518525,228
0.165761859810006,0.921265683872025,-0.351841648404702,0.133596555584106,0.927095869070426,-0.350207381259467,1.39277274309147,1.42767932813136,-0.359537825910832,-0.357792496658838,0.610125260960334,0.0349065850398866,0.00174532925199433,88
0.823469520633868,-0.50660182919097,-0.255445757935791,0.880358716135178,-0.404919768150199,-0.246999012722743,5.73166126354938,5.85208898193699,-0.258308729295161,-0.249582083035189,0.610647181628392,0.120427718387609,0.00872664625997169,44
-0.0936811619130781,-0.972916065396036,-0.211324796455389,-0.157452233199719,-0.972139447123393,-0.17364817766693,4.616395871525,4.55181868920121,-0.212930168743308,-0.174532925199433,0.611169102296451,-0.0645771823237906,0.0383972435438752,14
-0.415362407018523,-0.882690045977312,-0.219846204352837,-0.424824875804709,-0.86335814814539,-0.272280247040574,4.27256600888212,4.25511271636218,-0.22165681500328,-0.275762021815104,0.611691022964509,-0.017453292519944,-0.0541052068118243,56
-0.64485563636066,-0.739211894560717,0.194234351219972,-0.65686104884172,-0.732083602269962,0.18051914525056,3.99505865781502,3.98109602379907,0.195476876223365,0.18151424220741,0.612734864300626,-0.0139626340159547,-0.0139626340159546,71
-0.888463501028172,-0.390008209875416,0.241921895599668,-0.889453342334507,-0.399736181765587,0.221548497619467,3.55523568631245,3.56396233257242,0.244346095279206,0.223402144255274,0.612734864300626,0.00872664625997199,-0.020943951023932,21
0.350896769644527,-0.933545726536483,-0.0732381971276317,0.347635949149815,-0.934764897362006,-0.0732381971276317,5.07192680629552,5.06843614779153,-0.0733038285837618,-0.0733038285837618,0.614300626304802,-0.00349065850398933,0,47
-0.9665471746415,-0.201922225014634,0.158158067254484,-0.963024952633592,-0.224102926500837,0.14953534344371,3.34754150532512,3.37023078560105,0.158824961931484,0.150098315671512,0.614300626304802,0.0226892802759262,-0.00872664625997166,33
-0.98624302693789,-0.0534130130582876,0.156434465040231,-0.9890616157196,-0.100465215259899,0.107999355706023,3.19569786040162,3.24282175020546,0.15707963267949,0.108210413623648,0.614300626304802,0.0471238898038471,-0.0488692190558412,96
-0.896892193465172,0.429718737860167,-0.104528463267653,-0.878378504724249,0.457254907472355,-0.139173100960065,2.69478836507925,2.66162710929135,-0.10471975511966,-0.139626340159546,0.61482254697286,-0.0331612557878924,-0.0349065850398866,204
-0.741798156308976,-0.640302992358168,0.199367934417197,-0.728539481651489,-0.665247964095214,0.163325962241622,3.85368698840348,3.88161225643539,0.200712863979348,0.164060949687467,0.616910229645094,0.0279252680319084,-0.0366519142918809,66
-0.924919470138458,0.314868271317275,0.213030386274977,-0.902978481072956,0.372180872675681,0.214735327167063,2.81347075421486,2.75063890114306,0.214675497995303,0.216420827247297,0.616910229645094,-0.0628318530717955,0.0017453292519943,31
-0.670100080594099,0.733853227246814,0.111468932206325,-0.667268939526506,0.735895110582855,0.114937150492867,2.31081592964049,2.3073252711365,0.111701072127637,0.115191730631626,0.616910229645094,-0.00349065850398933,0.00349065850398865,16
-0.548749940444032,0.822815824376385,-0.147809411129611,-0.557189976773231,0.816809960054735,-0.14953534344371,2.15897228471699,2.16944426022895,-0.148352986419518,-0.150098315671512,0.616910229645094,0.0104719755119658,-0.00174532925199433,12
-0.987373743219324,0.109007076089766,0.114937150492867,-0.988997647945098,0.0952296421902378,0.113203213767907,3.03163691071415,3.04559954473011,0.115191730631626,0.113446401379631,0.617954070981211,0.0139626340159551,-0.00174532925199433,19
0.28380600165421,0.958113004576449,-0.0383878090875199,0.241590350049641,0.96896596970535,-0.0523359562429438,1.28281700021583,1.32645023151569,-0.0383972435438752,-0.0523598775598299,0.618475991649269,0.0436332312998582,-0.0139626340159546,56
0.463652872970651,0.850399525757155,-0.248689887164855,0.450800319045206,0.869681977493128,-0.201077921145965,1.07163216072452,1.09257611174845,-0.251327412287183,-0.202458193231342,0.619519832985386,0.020943951023932,0.0488692190558412,134
0.560781749477884,0.825165286284054,-0.0680152906652482,0.542042267052174,0.837869776230462,-0.064532308252958,0.973893722612836,0.996583002888762,-0.0680678408277788,-0.0645771823237902,0.619519832985386,0.0226892802759262,0.00349065850398865,10
-0.902069588036438,0.360802093824262,0.236838146065619,-0.927788484890728,0.301456752679084,0.219846204352837,2.76111087665503,2.82743338823081,0.239110107523223,0.22165681500328,0.620563674321503,0.0663225115757848,-0.0174532925199433,31
0.64894237473895,0.757134059986522,-0.0749787268263277,0.624757054676813,0.777041062849853,-0.0767190281268186,0.862192650485199,0.893608577021097,-0.0750491578357562,-0.0767944870877505,0.620563674321503,0.0314159265358978,-0.00174532925199433,49
0.864909217299221,0.471563813611648,-0.17192910027941,0.897332488112381,0.414625819307218,-0.151260820247219,0.499164166070378,0.432841654494594,-0.172787595947439,-0.151843644923507,0.621085594989562,-0.0663225115757844,0.020943951023932,57
0.881548597672949,-0.359753318906679,0.305695304963106,0.872425421362726,-0.37032262038953,0.31895930929807,5.89572221323685,5.88175957922089,0.310668606854991,0.324631240870945,0.622129436325679,-0.0139626340159547,0.0139626340159547,47
0.867259520533733,-0.421118596726542,-0.265556117486809,0.867153338799851,-0.419198302821617,-0.268919820615266,5.83114503091306,5.83289036016505,-0.268780704807127,-0.272271363311115,0.622129436325679,0.00174532925199422,-0.00349065850398866,46
0.836929058242377,-0.504867885562764,-0.211324796455389,0.855092861722351,-0.477895247370275,-0.201077921145965,5.74038790980935,5.77354916559724,-0.212930168743308,-0.202458193231342,0.623173277661795,0.0331612557878929,0.0104719755119659,125
0.738622567824638,-0.532711396874028,-0.413104429824542,0.751087169991521,-0.508524244196974,-0.421035813367491,5.65835743496562,5.68802803224952,-0.425860337486616,-0.434586983746588,0.623173277661795,0.0296705972839035,-0.00872664625997172,13
0.654215906702838,-0.640655548839088,-0.40194777665596,0.637492096517489,-0.644203098192647,-0.422618261740699,5.5082591192941,5.49255115602615,-0.413643032722656,-0.436332312998582,0.623695198329854,-0.0157079632679498,-0.0226892802759263,79
0.837748281412795,-0.481726627533057,0.257132793154696,0.871352318838519,-0.426871096332604,0.241921895599668,5.76133186083328,5.82765437240907,0.260054058547155,0.244346095279206,0.624739039665971,0.0663225115757839,-0.015707963267949,7
-0.503687430117183,-0.84830631425199,0.163325962241622,-0.519012998466862,-0.843643588363641,0.137444546037147,4.17657290002243,4.16086493675448,0.164060949687467,0.137881010907552,0.626826722338205,-0.015707963267948,-0.0261799387799149,167
-0.546065606478064,-0.80050224305478,-0.246999012722743,-0.620885153014846,-0.739942111693848,-0.258819045102521,4.11374104695063,4.01425727958696,-0.249582083035189,-0.261799387799149,0.626826722338205,-0.0994837673636768,-0.0122173047639603,102
-0.720072485547905,-0.623746353433139,-0.30403306092549,-0.696334891964637,-0.665432076408142,-0.268919820615266,3.85543231765547,3.90430153671132,-0.308923277602996,-0.272271363311115,0.627348643006263,0.0488692190558413,0.0366519142918809,22
-0.803589328485207,-0.498246493161824,-0.325568154457157,-0.816569746561652,-0.456365406024021,-0.353474843779257,3.69660735572399,3.65122879517214,-0.331612557878923,-0.361283155162826,0.62839248434238,-0.0453785605518524,-0.0296705972839035,40
-0.945454373806823,-0.28185219017669,0.163325962241622,-0.940671099749566,-0.300206442066569,0.158158067254484,3.43131730942085,3.45051593119279,0.164060949687467,0.158824961931484,0.62839248434238,0.0191986217719373,-0.005235987755983,365
-0.296538729192721,-0.901927668765253,0.313992455967405,-0.265850391310924,-0.909137437193925,0.320612990585676,4.39473905652172,4.42790031230961,0.319395253114962,0.32637657012294,0.629436325678497,0.0331612557878911,0.00698131700797733,35
-0.884369892793971,0.448666454085671,-0.128795596577563,-0.880543346832269,0.462295592360914,-0.104528463267653,2.67209908480332,2.65813645078736,-0.12915436464758,-0.10471975511966,0.629436325678497,-0.0139626340159542,0.0244346095279206,138
0.182113134979477,0.982594547450868,-0.0366437087065563,0.163102129686695,0.985220098747382,-0.0523359562429438,1.38753675533549,1.40673537710743,-0.0366519142918809,-0.0523598775598299,0.630480167014614,0.0191986217719373,-0.015707963267949,42
0.24718803785842,0.962733844273212,0.109734311091045,0.226837535369079,0.967126767277311,0.114937150492867,1.31946891450771,1.34041286553164,0.109955742875643,0.115191730631626,0.630480167014614,0.020943951023932,0.005235987755983,42
-0.128324886820156,0.988046898008561,0.0854169231373675,-0.159171629321557,0.982755319387011,0.0941083133185143,1.69995069144248,1.73136661797837,0.0855211333477222,0.0942477796076938,0.631002087682672,0.0314159265358978,0.00872664625997165,20
0.851484248397288,0.505574349330012,-0.139173100960065,0.841191050019738,0.515482538428353,-0.163325962241622,0.535816080362259,0.549778714378214,-0.139626340159546,-0.164060949687467,0.632045929018789,0.0139626340159547,-0.0244346095279206,9
0.835203579340973,0.546541907703964,-0.0610485395348569,0.822699377213797,0.559105919404251,-0.102792536787247,0.579449311662117,0.596902604182061,-0.0610865238198015,-0.102974425867665,0.633089770354906,0.0174532925199431,-0.0418879020478639,99
0.973382647435735,0.0339912710583705,0.226651307436855,0.974325265024825,0.124813945047937,0.187381314585725,0.0349065850398866,0.127409035395586,0.228638132011257,0.188495559215388,0.633089770354906,0.0925024503556995,-0.0401425727958696,173
0.526854325767363,0.830189576343149,-0.182235525492147,0.553025425539857,0.813752202194223,-0.17880221511635,1.00530964914873,0.973893722612836,-0.183259571459405,-0.179768912955416,0.633611691022965,-0.0314159265358978,0.00349065850398866,61
0.858945997678369,-0.435768175929089,-0.268919820615266,0.854445281214506,-0.452405488652462,-0.255445757935791,5.81369173839311,5.79623844587317,-0.272271363311115,-0.258308729295161,0.634133611691023,-0.0174532925199431,0.0139626340159546,9
-0.520183154803899,-0.832467064058186,-0.190808995376545,-0.466361500385178,-0.851826708065727,-0.238533457578581,4.1538836197465,4.21147948506232,-0.191986217719376,-0.240855436775218,0.63517745302714,0.0575958653158137,-0.0488692190558413,144
-0.499359401494321,-0.847744039205656,0.17880221511635,-0.491123773127344,-0.85755044945801,0.152985836284038,4.18006355852642,4.19228086329038,0.179768912955416,0.153588974175501,0.63517745302714,0.0122173047639604,-0.026179938779915,75
-0.722075212548483,-0.652445021318078,0.230049737188104,-0.732551057363715,-0.632321110663094,0.252069358243114,3.87637626867941,3.85368698840348,0.232128790515246,0.254818070791172,0.635699373695198,-0.0226892802759253,0.0226892802759262,50
-0.0995210249564723,-0.979766235376872,0.17364817766693,0.0308947265058392,-0.983086137666551,0.18051914525056,4.61115988376902,4.74380490692059,0.174532925199433,0.18151424220741,0.636743215031315,0.13264502315157,0.00698131700797733,59
-0.99354071721925,0.0747047017877949,-0.0854169231373675,-0.992814419374653,0.0781361893648778,-0.0906325801977802,3.06654349575404,3.06305283725005,-0.0855211333477222,-0.0907571211037051,0.638308977035491,-0.00349065850398844,-0.00523598775598298,286
-0.86984055574179,0.47622379391316,-0.128795596577563,-0.863556843907118,0.490568564469713,-0.116670737099333,2.64068315826742,2.62497519499947,-0.12915436464758,-0.11693705988362,0.638308977035491,-0.0157079632679489,0.0122173047639603,43
-0.771175014700222,0.620040630874042,0.144356201000973,-0.771175014700222,0.620040630874042,0.144356201000973,2.46440490381599,2.46440490381599,0.144862327915529,0.144862327915529,0.638308977035491,0,0,32
0.109420933963614,0.975509603486262,0.190808995376545,-0.0546016711784133,0.976622437959432,0.207911690817759,1.45909525466726,1.62664686285872,0.191986217719376,0.20943951023932,0.638830897703549,0.167551608191456,0.0174532925199433,97
0.721696186880364,0.677717829690804,-0.140901231937583,0.72622837979214,0.672494853255036,-0.142628933705512,0.75398223686155,0.747000919853573,-0.141371669411541,-0.143116998663535,0.640396659707724,-0.00698131700797733,-0.0017453292519943,18
0.270420749809787,0.955646669631099,0.116670737099333,0.265012591038895,0.955604531641139,0.128795596577563,1.29503430497979,1.30027029273578,0.11693705988362,0.12915436464758,0.644050104384134,0.00523598775598266,0.0122173047639603,3
0.766510846405113,-0.631862780815501,-0.114937150492867,0.7938928159414,-0.596071586935203,-0.120136838834647,5.59378025264183,5.63915881319368,-0.115191730631626,-0.120427718387609,0.644050104384134,0.0453785605518533,-0.00523598775598301,172
0.380941849289126,-0.910670804013409,-0.159881187691835,0.445326489975161,-0.881596605865733,-0.156434465040231,5.1085787205874,5.18013721991917,-0.160570291183478,-0.15707963267949,0.644050104384134,0.0715584993317675,0.00349065850398864,25
0.646911026800848,-0.760117885083711,-0.0610485395348569,0.688103393302345,-0.722579746638092,-0.0662739004000001,5.4175019981904,5.47335253425422,-0.0610865238198015,-0.0663225115757845,0.64509394572025,0.0558505360638195,-0.00523598775598298,18
-0.467149834462085,-0.853266629716708,-0.231747903494157,-0.372100536263059,-0.91180453020683,-0.17364817766693,4.21147948506232,4.32492588644195,-0.23387411976724,-0.174532925199433,0.646137787056367,0.113446401379631,0.0593411945678072,78
-0.814397156128413,-0.574493997264931,0.0819385086300409,-0.782886699606049,-0.620508351988861,0.0453629881292538,3.7559485502918,3.81179908635562,0.0820304748437335,0.0453785605518526,0.646137787056367,0.0558505360638186,-0.0366519142918809,20
-0.135776717989666,-0.954016945972665,-0.267238376078257,-0.147633855434738,-0.953656688401599,-0.262189178640865,4.57101731097315,4.55880000620919,-0.270526034059121,-0.265290046303138,0.648225469728601,-0.0122173047639604,0.005235987755983,36
-0.721062487844664,-0.66305094694969,-0.201077921145965,-0.779553239299589,-0.596013455806591,-0.192521966525907,3.88510291493938,3.79434579383567,-0.202458193231342,-0.193731546971371,0.648225469728601,-0.0907571211037048,0.00872664625997166,289
-0.808993303897263,-0.581320660870999,-0.0871557427476582,-0.781293505221991,-0.617028430513764,-0.0941083133185143,3.76467519655177,3.81005375710362,-0.0872664625997165,-0.0942477796076938,0.648225469728601,0.0453785605518524,-0.00698131700797733,49
-0.883274303521848,0.432711616363603,0.18051914525056,-0.917052072658708,0.377981588537528,0.12706460860135,2.68606171881927,2.75063890114306,0.18151424220741,0.127409035395586,0.64874739039666,0.0645771823237902,-0.0541052068118242,354
-0.0715841779414053,0.974791021640814,0.211324796455389,-0.0151931815183423,0.967148423353647,0.253757944584806,1.64410015537866,1.58650429006285,0.212930168743308,0.256563400043166,0.649791231732777,-0.0575958653158128,0.0436332312998582,8
0.340699859356187,0.916114313957468,0.211324796455389,0.29934381571985,0.932346820036552,0.202787295356512,1.21474915938805,1.26012771993991,0.212930168743308,0.204203522483337,0.651356993736952,0.0453785605518524,-0.0087266462599716,58
0.554376861421906,0.824999803932928,-0.109734311091045,0.572839943376979,0.812052385271198,-0.111468932206325,0.979129710368819,0.956440430092892,-0.109955742875643,-0.111701072127637,0.651356993736952,-0.0226892802759262,-0.00174532925199435,54
0.0590333387964561,0.993644129774023,0.095845752520224,-0.0346887370873225,0.993355461297043,0.109734311091045,1.51145513222709,1.60570291183478,0.0959931088596881,0.109955742875643,0.65187891440501,0.0942477796076937,0.0139626340159546,17
0.881348863299175,0.460758050964011,-0.104528463267653,0.889107684023673,0.447174578754939,-0.0975828997591495,0.481710873550435,0.466002910282486,-0.10471975511966,-0.0977384381116825,0.652400835073069,-0.0157079632679489,0.00698131700797731,45
0.901197150807849,0.389982831437837,-0.189095442989891,0.895900037031361,0.397008249754871,-0.199367934417197,0.408407044966673,0.417133691226645,-0.190240888467382,-0.200712863979348,0.653444676409186,0.00872664625997155,-0.010471975511966,52
0.800525486941234,-0.596693308440608,-0.0558215049931638,0.794309440905649,-0.605101639457631,-0.0540788129847753,5.64264947169767,5.6321774961857,-0.0558505360638185,-0.0541052068118242,0.653444676409186,-0.0104719755119662,0.00174532925199433,74
0.0473987228622493,-0.969137326440629,0.241921895599668,0.0303546062064281,-0.965899231062183,0.257132793154696,4.76125819944053,4.74380490692059,0.244346095279206,0.260054058547155,0.653966597077244,-0.0174532925199431,0.015707963267949,26
0.564377522559408,-0.797098959537747,-0.214735327167063,0.573178409243338,-0.788912399686958,-0.221548497619467,5.32849020633869,5.34070751110265,-0.216420827247297,-0.223402144255274,0.657620041753653,0.0122173047639604,-0.00698131700797733,33
0.0957751061889288,-0.994662508164432,0.0383878090875199,0.179832215402661,-0.979828684418595,0.0871557427476582,4.80838208924438,4.8939032225921,0.0383972435438752,0.0872664625997165,0.657620041753653,0.0855211333477222,0.0488692190558412,89
-0.191155718469413,-0.923056050315975,-0.333806859233771,-0.163175911166535,-0.925416578398323,-0.342020143325669,4.50818545790135,4.53785605518526,-0.340339204138894,-0.349065850398866,0.657620041753653,0.0296705972839035,-0.0087266462599716,83
-0.223101793945465,-0.936483309074956,-0.270600445975864,-0.187170135894785,-0.945278260926477,-0.267238376078257,4.47851486061745,4.51691210416132,-0.27401669256311,-0.270526034059121,0.657620041753653,0.0383972435438746,0.00349065850398866,23
-0.266245240673669,-0.928507497929252,-0.258819045102521,-0.297046200086624,-0.914214199787069,-0.275637355816999,4.4331363000656,4.39822971502571,-0.261799387799149,-0.279252680319093,0.657620041753653,-0.0349065850398871,-0.0174532925199433,33
-0.699670870278474,-0.702117454931808,-0.132256390257122,-0.699156341979808,-0.699156341979808,-0.14953534344371,3.92873614623924,3.92699081698724,-0.132645023151569,-0.150098315671512,0.657620041753653,-0.00174532925199378,-0.0174532925199433,62
-0.43126273054022,-0.835556233322303,-0.34037955021305,-0.414083453899767,-0.841528696405464,-0.346935651573256,4.23591409459024,4.25511271636218,-0.347320521146872,-0.354301838154849,0.658141962421712,0.0191986217719382,-0.00698131700797733,35
-0.712514715013724,-0.643806448895876,0.278991106039229,-0.703132097402321,-0.660284989307333,0.263873049965373,3.87637626867941,3.89557489045134,0.282743338823081,0.267035375555132,0.65866388308977,0.0191986217719382,-0.0157079632679489,29
-0.973856789687549,0.154243762590912,-0.166768746716102,-0.976269056867623,0.159870189118656,-0.146083028562412,2.9845130209103,2.97927703315432,-0.167551608191456,-0.146607657167524,0.659707724425887,-0.00523598775598311,0.0209439510239319,9
-0.909466363881919,0.276317008233845,-0.310676429630732,-0.930663777090312,0.213150459251708,-0.297374874077786,2.84663201000275,2.91644518008252,-0.315904594610974,-0.301941960595019,0.661273486430063,0.0698131700797733,0.0139626340159546,7
-0.930676466768389,0.342422266369664,0.128795596577563,-0.932456619887441,0.337544584211209,0.128795596577563,2.78903614468694,2.79427213244292,0.12915436464758,0.12915436464758,0.661273486430063,0.00523598775598266,0,17
-0.889231172135043,0.416546319085638,-0.189095442989891,-0.89696254367155,0.401230735589295,-0.185666615385577,2.70351501133922,2.72096830385916,-0.190240888467382,-0.186750229963393,0.661273486430063,0.0174532925199431,0.00349065850398866,59
-0.986347820197497,-0.0689721585338414,-0.14953534344371,-0.985553245191064,-0.0689165964367915,-0.154710386299468,3.21140582366957,3.21140582366957,-0.150098315671512,-0.155334303427495,0.661795407098121,0,-0.005235987755983,27
-0.527358360989962,0.784792033533306,-0.325568154457157,-0.502242133569419,0.813199315300326,-0.294040325232304,2.16246294322097,2.1240656996771,-0.331612557878923,-0.29845130209103,0.66231732776618,-0.0383972435438755,0.0331612557878923,66
-0.135801200036487,0.942395041684836,0.305695304963106,-0.125711779547698,0.942165964443023,0.310676429630732,1.71391332545843,1.70344134994647,0.310668606854991,0.315904594610974,0.664926931106472,-0.0104719755119662,0.005235987755983,33
0.821964147635618,0.544046201140539,-0.168489379565003,0.845378290732944,0.520080194484894,-0.121869343405147,0.5846852994181,0.551524043630208,-0.16929693744345,-0.122173047639603,0.664926931106472,-0.033161255787892,0.0471238898038469,6
0.891816323444726,0.410189678710868,-0.190808995376545,0.868103092321249,0.453833329240925,-0.201077921145965,0.431096325242599,0.481710873550435,-0.191986217719376,-0.202458193231342,0.664926931106472,0.0506145483078355,-0.010471975511966,29
-0.545387099340698,0.802512746504504,-0.241921895599668,-0.511963439392457,0.825712497963817,-0.236838146065619,2.16769893097696,2.12581102892909,-0.244346095279206,-0.239110107523223,0.667014613778706,-0.041887902047864,0.00523598775598302,19
0.908240992581971,0.337771797383539,-0.246999012722743,0.896610252808782,0.364075669597786,-0.252069358243114,0.356047167406843,0.385717764690747,-0.249582083035189,-0.254818070791172,0.667014613778706,0.0296705972839035,-0.00523598775598297,24
0.944269601695078,0.207611136664747,0.255445757935791,0.936410222308662,0.264977383894413,0.230049737188104,0.216420827247297,0.275762021815104,0.258308729295161,0.232128790515246,0.667014613778706,0.0593411945678071,-0.026179938779915,10
0.845434351662143,0.364101554870494,-0.390731128489274,0.849206881172147,0.358719031034817,-0.387515586452103,0.406661715714679,0.399680398706701,-0.401425727958696,-0.397935069454707,0.667536534446764,-0.00698131700797733,0.00349065850398861,145
0.908706240281693,-0.404582084692281,0.102792536787247,0.936572293092328,-0.342736788648771,0.0732381971276317,5.86430628670095,5.93237412752873,0.102974425867665,0.0733038285837618,0.668058455114823,0.0680678408277782,-0.0296705972839036,153
0.974154973726813,0.161270310118256,0.158158067254484,0.968877969585089,0.191843004043027,0.156434465040231,0.164060949687467,0.195476876223365,0.158824961931484,0.15707963267949,0.668580375782881,0.0314159265358978,-0.00174532925199433,228
0.284373114832637,-0.953910647432041,0.095845752520224,0.293552752450199,-0.954208134700763,0.0575640269595673,5.00211363621575,5.01084028247572,0.0959931088596881,0.0575958653158129,0.669102296450939,0.00872664625997199,-0.0383972435438752,103
-0.216898453749812,-0.947028380424336,0.236838146065619,-0.0873773467278207,-0.979043972396829,0.18395135061272,4.48724150687742,4.62337718853298,0.239110107523223,0.185004900711399,0.669624217118998,0.136135681655556,-0.0541052068118242,39
-0.657366263371745,-0.700023969969369,0.278991106039229,-0.673560123189396,-0.68781695172971,0.270600445975864,3.95840674352314,3.93746279249921,0.282743338823081,0.27401669256311,0.670146137787056,-0.0209439510239315,-0.00872664625997166,121
0.0705745570902819,-0.961042601679325,0.267238376078257,0.139820985494043,-0.958438016794725,0.248689887164855,4.78569280896845,4.85725130830022,0.270526034059121,0.251327412287183,0.670668058455115,0.0715584993317684,-0.0191986217719376,65
0.894189767005869,-0.399990412647111,-0.201077921145965,0.891400004234999,-0.411884626916691,-0.189095442989891,5.86256095744895,5.85034365268499,-0.202458193231342,-0.190240888467382,0.671711899791232,-0.0122173047639595,0.0122173047639603,20
-0.525825508346507,-0.844774006514759,0.099319749743639,-0.517098486623172,-0.840531593776711,0.161603821103361,4.1556289489985,4.16086493675448,0.0994837673636768,0.162315620435473,0.671711899791232,0.00523598775598355,0.0628318530717959,66
-0.639998802711756,-0.695993469316257,0.325568154457157,-0.622834421867,-0.721560622612657,0.302369890750444,3.96887871903511,4.000294645571,0.331612557878923,0.307177948351002,0.67223382045929,0.0314159265358978,-0.0244346095279206,17
-0.945674474673147,-0.299985613848368,-0.125333233564304,-0.925408898735364,-0.349682883349234,-0.146083028562412,3.4487706019408,3.50287580875262,-0.125663706143592,-0.146607657167524,0.673799582463466,0.0541052068118244,-0.020943951023932,47
-0.918379110558376,-0.272036286038663,-0.287360519849712,-0.903978629358987,-0.325452332494374,-0.277314653302378,3.42957198016886,3.48716784548467,-0.291469985083053,-0.280998009571087,0.673799582463466,0.0575958653158133,0.010471975511966,18
-0.996054304486134,-0.0644119424897634,-0.0610485395348569,-0.997642279151983,-0.0313521716807251,-0.0610485395348569,3.20616983591358,3.17300858012569,-0.0610865238198015,-0.0610865238198015,0.673799582463466,-0.033161255787892,0,12
-0.678712886601375,0.702827768436025,-0.213030386274977,-0.670397105278149,0.696645667457487,-0.255445757935791,2.3387411976724,2.33699586842041,-0.214675497995303,-0.258308729295161,0.674843423799583,-0.00174532925199422,-0.0436332312998582,73
-0.483890264843703,0.841510962018341,-0.240228042477264,-0.6132501846687,0.754604183064201,-0.233445363855905,2.0926497731412,2.25322006432468,-0.242600766027212,-0.235619449019234,0.676409185803758,0.160570291183478,0.0069813170079773,238
-0.0963274458414401,0.965076550958607,-0.243615011786023,-0.21350018535506,0.947375036861835,-0.238533457578581,1.67028009415857,1.79245314179818,-0.2460914245312,-0.240855436775218,0.676409185803758,0.122173047639603,0.00523598775598297,16
0.377866904732118,0.912251406176222,0.158158067254484,0.320605761309547,0.936412800577371,0.142628933705512,1.17809724509617,1.24092909816797,0.158824961931484,0.143116998663535,0.676931106471816,0.0628318530717955,-0.015707963267949,28
0.304933019065484,0.944090797777377,-0.125333233564304,0.304512905339766,0.942790100648264,-0.135715572434304,1.25838239068791,1.25838239068791,-0.125663706143592,-0.136135681655558,0.677974947807933,0,-0.010471975511966,79
0.908423429073956,0.336036030109045,0.248689887164855,0.954543777735525,0.17174953396993,0.243615011786023,0.354301838154849,0.178023583703422,0.251327412287183,0.2460914245312,0.677974947807933,-0.176278254451427,-0.005235987755983,217
0.834317845555531,0.515285203692157,-0.195946144242518,0.806173491899607,0.551998510398288,-0.213030386274977,0.553269372882202,0.600393262686049,-0.197222205475359,-0.214675497995303,0.678496868475992,0.0471238898038466,-0.0174532925199433,23
0.971808331852437,-0.174855917556456,-0.158158067254484,0.974584043482301,-0.145652561197313,-0.170209499166033,6.10516172347617,6.13483232076007,-0.158824961931484,-0.171042266695444,0.67901878914405,0.0296705972839026,-0.0122173047639603,9
0.346572300423701,0.853504652597926,-0.389123950140206,0.333766678843238,0.84731607688825,-0.413104429824542,1.18507856210415,1.19555053761612,-0.399680398706701,-0.425860337486616,0.680062630480167,0.0104719755119662,-0.0261799387799149,40
0.911788202281886,-0.29978070765668,-0.280666708920788,0.902835445785607,-0.307350256186001,-0.300705799504273,5.96553538331662,5.95506340780465,-0.284488668075076,-0.305432619099008,0.680062630480167,-0.0104719755119662,-0.0209439510239319,21
0.226312522444686,-0.942659497707434,0.245307385878803,0.266829695020975,-0.936712922240415,0.226651307436855,4.94800842940392,4.98989633145179,0.247836753783195,0.228638132011257,0.680584551148225,0.041887902047864,-0.0191986217719376,47
-0.803371765209069,-0.577281175538314,-0.146083028562412,-0.780211924062937,-0.607378411380567,-0.14953534344371,3.76467519655177,3.80307244009564,-0.146607657167524,-0.150098315671512,0.682150313152401,0.0383972435438755,-0.00349065850398864,106
-0.879532215256925,-0.453960427345022,-0.142628933705512,-0.853950124007859,-0.479214459870476,-0.202787295356512,3.61806753938425,3.65297412442413,-0.143116998663535,-0.204203522483337,0.682150313152401,0.0349065850398866,-0.0610865238198016,56
0.180761099707263,-0.956651088408061,0.228350870110656,0.174149060419584,-0.958280381512708,0.226651307436855,4.89913921034808,4.89215789334011,0.230383461263251,0.228638132011257,0.68580375782881,-0.00698131700797688,-0.00174532925199433,5
-0.453522007145733,-0.785523158727024,-0.421035813367491,-0.448442090382236,-0.792618711382056,-0.413104429824542,4.18879020478639,4.19751685104636,-0.434586983746588,-0.425860337486616,0.68580375782881,0.00872664625997199,0.00872664625997172,41
-0.476955329121935,-0.754468725212674,-0.450877540689431,-0.481357650175206,-0.749791596888123,-0.453990499739547,4.14864763199052,4.14166631498254,-0.46774823953448,-0.471238898038469,0.68580375782881,-0.00698131700797688,-0.00349065850398861,10
-0.938628213130689,-0.314060606866123,-0.142628933705512,-0.938696785732167,-0.31226285917818,-0.146083028562412,3.46447856520874,3.46273323595675,-0.143116998663535,-0.146607657167524,0.68580375782881,-0.00174532925199467,-0.00349065850398869,36
-0.654556441195046,0.716830770054982,-0.240228042477264,-0.656854036790764,0.711825901729916,-0.248689887164855,2.31081592964049,2.31605191739648,-0.242600766027212,-0.251327412287183,0.686847599164927,0.00523598775598266,-0.00872664625997169,46
-0.842271185111265,-0.534521547836988,-0.0697564737441253,-0.837859036300205,-0.539963302296171,-0.0801989243288589,3.70707933123596,3.71406064824393,-0.0698131700797732,-0.0802851455917391,0.687891440501044,0.00698131700797777,-0.010471975511966,142
-0.470203283417748,0.848269177971041,-0.243615011786023,-0.507848227762168,0.82873298727906,-0.23514211310259,2.07694180987325,2.12057504117311,-0.2460914245312,-0.237364778271229,0.687891440501044,0.0436332312998582,0.00872664625997166,57
-0.917310128881698,0.183296650995792,-0.353474843779257,-0.914971589455754,0.141645085707949,-0.377840786818467,2.94437044811443,2.98800367941429,-0.361283155162826,-0.387463093942741,0.688413361169102,0.0436332312998582,-0.026179938779915,16
-0.326415324623567,0.937337131980212,-0.121869343405147,-0.351787849733414,0.930979530631333,-0.0975828997591495,1.90589954317781,1.93207948195772,-0.122173047639603,-0.0977384381116825,0.689457202505219,0.0261799387799151,0.0244346095279206,30
-0.208625918141567,0.948885092541657,-0.236838146065619,-0.211846379650785,0.947746221857129,-0.238533457578581,1.78721715404219,1.79070781254618,-0.239110107523223,-0.240855436775218,0.689457202505219,0.00349065850398844,-0.00174532925199439,18
-0.777468014781481,0.59873097330666,0.192521966525907,-0.795158893986132,0.575599044994122,0.190808995376545,2.48534885483993,2.51501945212383,0.193731546971371,0.191986217719376,0.690501043841336,0.0296705972839035,-0.00174532925199433,79
0.299126167240456,0.942965155686078,0.146083028562412,0.295194010772141,0.941965233873579,0.159881187691835,1.26361837844389,1.26710903694788,0.146607657167524,0.160570291183478,0.690501043841336,0.00349065850398844,0.0139626340159546,25
0.657582379955235,0.735465868433238,0.163325962241622,0.597032525093788,0.775262534826138,0.20620418539663,0.841248699461267,0.914552528045029,0.164060949687467,0.207694180987325,0.691022964509395,0.0733038285837617,0.0436332312998582,40
0.299863430382103,0.939596302099543,-0.165047605860678,0.260551892765282,0.952417312389246,-0.158158067254484,1.2618730491919,1.30376095123976,-0.165806278939461,-0.158824961931484,0.693110647181628,0.041887902047864,0.00698131700797733,13
0.963345207466259,0.20300867624702,0.175366726091987,0.960226853864213,0.225219175288638,0.165047605860678,0.207694180987325,0.230383461263251,0.176278254451427,0.165806278939461,0.693110647181628,0.0226892802759262,-0.010471975511966,4
0.43452812121035,-0.883077746647116,-0.177084740319583,0.527208342997521,-0.840442112008985,-0.125333233564304,5.1696652444072,5.27263967027487,-0.178023583703422,-0.125663706143592,0.694154488517745,0.102974425867666,0.0523598775598299,15
0.911521907745636,-0.396341005535801,-0.109734311091045,0.905494055658265,-0.414567546455629,-0.0906325801977802,5.87303293296092,5.85383431118898,-0.109955742875643,-0.0907571211037051,0.695720250521921,-0.0191986217719373,0.0191986217719376,20
0.323088443212532,-0.94366412102845,0.0714974443326859,0.329626788783947,-0.941266352632175,0.0732381971276317,5.04225620901162,5.0492375260196,0.0715584993317675,0.0733038285837618,0.695720250521921,0.00698131700797777,0.00174532925199435,56
-0.338031861113813,-0.938919614271359,0.064532308252958,-0.240926241511311,-0.966302375842017,0.0906325801977802,4.36681378848981,4.46804288510548,0.0645771823237902,0.0907571211037051,0.695720250521921,0.101229096615672,0.0261799387799149,46
-0.709317896437507,-0.70192855974452,-0.064532308252958,-0.711843012319343,-0.699526179974247,-0.0627905195293134,3.92175482923126,3.91826417072727,-0.0645771823237902,-0.0628318530717959,0.697807933194154,-0.00349065850398844,0.00174532925199433,13
-0.754237480547551,-0.576658096737434,0.313992455967405,-0.739861117362142,-0.582213288893614,0.337095258423082,3.79434579383567,3.80830842785163,0.319395253114962,0.343829862642883,0.697807933194154,0.0139626340159538,0.0244346095279206,26
-0.876239443871559,-0.458086911038541,-0.14953534344371,-0.869612196854145,-0.47216089875706,-0.144356201000973,3.62330352714023,3.63901149040818,-0.150098315671512,-0.144862327915529,0.697807933194154,0.0157079632679493,0.00523598775598297,64
-0.912204845027336,-0.387207983938489,0.133986185418292,-0.902791548983998,-0.401948694461802,0.152985836284038,3.54301838154849,3.56047167406843,0.134390352403563,0.153588974175501,0.697807933194154,0.0174532925199431,0.0191986217719376,8
-0.907665955390285,0.396549505345906,0.137444546037147,-0.940320186152115,0.312802892620746,0.133986185418292,2.72969495011913,2.82045207122284,0.137881010907552,0.134390352403563,0.698851774530271,0.0907571211037048,-0.00349065850398869,82
-0.786566092485493,0.603553390593274,-0.130526192220052,-0.797341152684086,0.59000141650457,-0.12706460860135,2.48709418409192,2.50454747661186,-0.130899693899575,-0.127409035395586,0.69937369519833,0.0174532925199435,0.00349065850398866,11
-0.481550802556664,-0.827387119135947,-0.289031796944472,-0.503116736611041,-0.811444227047724,-0.297374874077786,4.1852995462824,4.15737427825049,-0.293215314335047,-0.301941960595019,0.699895615866388,-0.0279252680319093,-0.00872664625997166,45
-0.548878813962328,0.789733115727548,-0.273959218692432,-0.600816217571525,0.758041409332723,-0.253757944584806,2.17817090648892,2.24100275956072,-0.277507351067098,-0.256563400043166,0.700417536534447,0.062831853071796,0.020943951023932,44
0.305164995777096,0.912042034034505,-0.273959218692432,0.268844325953758,0.925368239542252,-0.267238376078257,1.24791041517595,1.28805298797181,-0.277507351067098,-0.270526034059121,0.700939457202505,0.0401425727958697,0.00698131700797733,64
0.975152471613282,-0.210835427151676,0.0680152906652482,0.993705040855573,-0.0939327823439969,0.0610485395348569,6.07025513843628,6.18893752757189,0.0680678408277788,0.0610865238198015,0.701461377870564,0.118682389135615,-0.00698131700797731,49
0.949092436659131,0.201735825043288,0.241921895599668,0.948114519853069,0.210191928625699,0.238533457578581,0.20943951023932,0.218166156499291,0.244346095279206,0.240855436775218,0.701983298538622,0.00872664625997155,-0.00349065850398864,125
0.589366221056603,-0.799396895529472,-0.116670737099333,0.603471540166991,-0.789308008701988,-0.113203213767907,5.34768882811063,5.36514212063057,-0.11693705988362,-0.113446401379631,0.702505219206681,0.0174532925199431,0.00349065850398868,26
-0.205596450570419,-0.975625076674499,0.0767190281268186,-0.1540237761288,-0.983575264914368,0.0941083133185143,4.50469479939736,4.55705467695719,0.0767944870877505,0.0942477796076938,0.703027139874739,0.0523598775598293,0.0174532925199433,66
0.954096597023789,-0.273582796764752,-0.121869343405147,0.964488320184165,-0.23155315905708,-0.12706460860135,6.00393262686049,6.04756585816035,-0.122173047639603,-0.127409035395586,0.705114822546973,0.0436332312998582,-0.00523598775598297,53
0.695681897118142,-0.686035533005133,-0.213030386274977,0.698873949998299,-0.674894728518438,-0.236838146065619,5.50476846079011,5.51524043630208,-0.214675497995303,-0.239110107523223,0.705114822546973,0.0104719755119662,-0.0244346095279206,39
-0.0154392774260974,-0.982814086854842,-0.18395135061272,0.122599617874816,-0.984288534393211,-0.12706460860135,4.69668101711674,4.83630735727629,-0.185004900711399,-0.127409035395586,0.705114822546973,0.139626340159547,0.0575958653158129,162
-0.808743573613905,-0.547560564143058,-0.214735327167063,-0.682183254549835,-0.70395850943507,-0.197657340379126,3.73674992851986,3.94269878025519,-0.216420827247297,-0.198967534727354,0.705114822546973,0.205948851735332,0.0174532925199433,76
0.842331483534745,-0.514161333484879,-0.161603821103361,0.85018271587415,-0.498799236770322,-0.168489379565003,5.73515192205337,5.75260521457331,-0.162315620435473,-0.16929693744345,0.705636743215031,0.0174532925199431,-0.0069813170079773,25
-0.859705247987538,0.434268369401848,0.268919820615266,-0.869029520409241,0.425733169123795,0.252069358243114,2.67384441405531,2.68606171881927,0.272271363311115,0.254818070791172,0.70615866388309,0.0122173047639604,-0.0174532925199433,16
-0.807150647239049,0.575734961424195,-0.130526192220052,-0.818475724429809,0.564628582045,-0.106264071336233,2.52200076913181,2.53770873239976,-0.130899693899575,-0.106465084371654,0.706680584551148,0.0157079632679493,0.0244346095279206,154
-0.937178603061436,0.16187885331719,-0.309016994374947,-0.939874600824179,0.122068397784553,-0.31895930929807,2.97055038689435,3.01243828894221,-0.314159265358979,-0.324631240870945,0.707202505219207,0.041887902047864,-0.010471975511966,5
-0.195189652137868,0.950889839732153,-0.240228042477264,-0.219447524209482,0.950531656784759,-0.219846204352837,1.77325452002624,1.79768912955416,-0.242600766027212,-0.22165681500328,0.707724425887265,0.0244346095279209,0.020943951023932,70
-0.286624498041597,0.949346138889621,0.128795596577563,-0.394369154667863,0.906986961222747,0.147809411129611,1.86401164112994,1.98094870101356,0.12915436464758,0.148352986419518,0.708246346555324,0.11693705988362,0.0191986217719376,59
-0.856925497973886,0.394141692019438,-0.332161131883703,-0.846518053056881,0.414704915062835,-0.333806859233771,2.71049632834719,2.68606171881927,-0.3385938748869,-0.340339204138894,0.70929018789144,-0.0244346095279209,-0.00174532925199439,10
0.499978398992731,0.855610485359851,0.133986185418292,0.524263045270028,0.835746905122624,0.163325962241622,1.04196156344061,1.01054563690472,0.134390352403563,0.164060949687467,0.70929018789144,-0.0314159265358978,0.0296705972839036,225
0.996972722461598,-0.073213100226641,0.0261769483078731,0.997832541045408,-0.0557875000405689,0.034899496702501,6.20988147859582,6.22733477111577,0.0261799387799149,0.0349065850398866,0.710334029227557,0.0174532925199431,0.00872664625997165,54
0.977834823639995,0.139166503960242,-0.156434465040231,0.963899088481546,0.190857159037091,-0.185666615385577,0.141371669411541,0.195476876223365,-0.15707963267949,-0.186750229963393,0.710855949895616,0.0541052068118244,-0.0296705972839036,35
0.205485875507381,-0.950409815322395,-0.233445363855905,0.375040246918362,-0.900976325673668,-0.218143241396543,4.925319149128,5.10683339133541,-0.235619449019234,-0.219911485751285,0.712421711899791,0.181514242207411,0.015707963267949,44
0.0547202122688009,-0.97874270069488,0.197657340379126,0.120577510243071,-0.968054084468028,0.219846204352837,4.76823951644851,4.83630735727629,0.198967534727354,0.22165681500328,0.712421711899791,0.0680678408277791,0.0226892802759263,7
0.363987962829616,-0.928787810689789,-0.0697564737441253,0.384965994600786,-0.920290833036933,-0.0697564737441253,5.08588944031148,5.1085787205874,-0.0698131700797732,-0.0698131700797732,0.713465553235908,0.0226892802759266,0,52
-0.937332026160041,0.128398516044995,-0.323917418198149,-0.933105678437267,0.162853010828285,-0.320612990585676,3.00545697193423,2.96880505764235,-0.329867228626928,-0.32637657012294,0.713987473903967,-0.0366519142918809,0.00349065850398861,99
-0.784399377015196,0.515254084027036,-0.345298198998535,-0.82098019032869,0.470179788246701,-0.323917418198149,2.56039801267568,2.62148453649548,-0.352556508902855,-0.329867228626928,0.714509394572025,0.0610865238198017,0.0226892802759263,63
0.164535200152575,0.914448196124986,-0.369746757273829,0.137446712244964,0.930787313343357,-0.338737920245291,1.39277274309147,1.42418866962737,-0.378736447682769,-0.345575191894877,0.715031315240083,0.0314159265358978,0.0331612557878923,41
-0.358024707938082,0.927842717745176,-0.104528463267653,-0.276882254362087,0.959281072887226,-0.0558215049931638,1.9390607989657,1.85179433636598,-0.10471975511966,-0.0558505360638185,0.715553235908142,-0.0872664625997164,0.0488692190558412,53
0.297705855521802,0.944202344006042,0.140901231937583,0.278265566318214,0.951594024648189,0.130526192220052,1.26536370769589,1.28630765871982,0.141371669411541,0.130899693899575,0.716597077244259,0.0209439510239315,-0.010471975511966,38
0.932267530745208,0.317369755192877,-0.17364817766693,0.911321581960829,0.386833061010669,-0.140901231937583,0.328121899374934,0.401425727958696,-0.174532925199433,-0.141371669411541,0.716597077244259,0.0733038285837617,0.0331612557878923,72
-0.00171554494671471,0.982933852053785,0.18395135061272,-0.0188252934237398,0.980433943151705,0.195946144242518,1.57254165604689,1.58999494856683,0.185004900711399,0.197222205475359,0.717118997912317,0.0174532925199431,0.0122173047639603,56
0.802008584516657,-0.563661073834124,0.197657340379126,0.805446332575,-0.555640206668304,0.20620418539663,5.67057473972958,5.67930138598955,0.198967534727354,0.207694180987325,0.718162839248434,0.0087266462599711,0.00872664625997163,34
0.97690392378982,0.198753349611073,0.0784590957278449,0.952748733920835,0.285838318622764,0.102792536787247,0.200712863979348,0.291469985083053,0.0785398163397448,0.102974425867665,0.719206680584551,0.0907571211037053,0.0244346095279206,212
0.488459405325713,-0.842636691692224,-0.226651307436855,0.567656838475318,-0.792894682120371,-0.221548497619467,5.23773308523498,5.33372619409467,-0.228638132011257,-0.223402144255274,0.719206680584551,0.0959931088596884,0.00523598775598297,82
0.576070853511405,0.798741937128379,0.17364817766693,0.528934061121596,0.833466714876883,0.159881187691835,0.945968454580927,1.00530964914873,0.174532925199433,0.160570291183478,0.720250521920668,0.0593411945678071,-0.0139626340159547,59
0.839369229424928,0.54301230682676,-0.0244321781526532,0.805687704420631,0.591836456815674,-0.0244321781526532,0.574213323906134,0.633554518473942,-0.0244346095279206,-0.0244346095279206,0.720250521920668,0.0593411945678071,0,68
0.314257184618866,-0.923124414755661,-0.221548497619467,0.322847666098987,-0.916775638387106,-0.23514211310259,5.04051087975962,5.05098285527159,-0.223402144255274,-0.237364778271229,0.720772442588727,0.0104719755119662,-0.0139626340159546,151
0.96574510257585,0.152958997567638,-0.209618562903822,0.960919875933777,0.16597968320843,-0.221548497619467,0.15707963267949,0.171042266695444,-0.211184839491314,-0.223402144255274,0.722338204592902,0.0139626340159547,-0.0122173047639603,16
-0.422586721596326,-0.906240148978769,0.0122170008352472,-0.382375140722356,-0.923135250646232,0.0401317925325597,4.27605666738611,4.31968989868597,0.0122173047639603,0.0401425727958696,0.722338204592902,0.0436332312998573,0.0279252680319093,59
-0.713144592748912,-0.653476621917788,-0.253757944584806,-0.750907095549811,-0.578276311865742,-0.31895930929807,3.88335758568738,3.79783645233966,-0.256563400043166,-0.324631240870945,0.72286012526096,-0.0855211333477222,-0.0680678408277789,169
-0.0971523475184478,-0.909077398263289,-0.405141586779863,-0.121561522127654,-0.911061231864161,-0.393941909590951,4.60592389601304,4.57974395723312,-0.417133691226645,-0.404916386462684,0.723382045929019,-0.0261799387799151,0.0122173047639603,27
-0.49989531011957,-0.862364662690299,-0.0801989243288589,-0.434323911621416,-0.898442163405869,-0.064532308252958,4.1870448755344,4.26209403337015,-0.0802851455917391,-0.0645771823237902,0.723903966597077,0.0750491578357568,0.0157079632679489,477
-0.610020686155142,-0.70671576691164,-0.3583679495453,-0.624719977609247,-0.696261792999682,-0.353474843779257,4.000294645571,3.98109602379907,-0.366519142918809,-0.361283155162826,0.724947807933194,-0.0191986217719373,0.00523598775598305,38
-0.979463221537163,-0.0994902459330526,0.175366726091987,-0.977044596640727,-0.130365582685614,0.168489379565003,3.24282175020546,3.27423767674136,0.176278254451427,0.16929693744345,0.724947807933194,0.0314159265358973,-0.00698131700797733,16
-0.421372701009921,0.903636673429581,-0.0767190281268186,-0.434163922910493,0.89412530945743,-0.109734311091045,2.00712863979348,2.02283660306143,-0.0767944870877505,-0.109955742875643,0.725469728601253,0.0157079632679493,-0.0331612557878923,65
0.00348256803986404,0.997678200601561,0.0680152906652482,-0.0695949372015225,0.995253970075798,0.0680152906652482,1.56730566829091,1.64060949687467,0.0680678408277788,0.0680678408277788,0.725991649269311,0.0733038285837617,0,53
0.0718135778507352,0.933300736356797,-0.351841648404702,-0.0437984702034796,0.928744317731495,-0.368124552684678,1.49400183970715,1.61792021659874,-0.359537825910832,-0.376991118430775,0.726513569937369,0.123918376891598,-0.0174532925199433,49
-0.0537124565303071,0.960717668769032,-0.272280247040574,-0.163859280010524,0.948644050733518,-0.270600445975864,1.62664686285872,1.74183859349034,-0.275762021815104,-0.27401669256311,0.727557411273486,0.115191730631626,0.00174532925199439,45
0.262358786186508,0.952487566156016,0.154710386299468,0.182161148713662,0.97336948990015,0.139173100960065,1.30201562198777,1.3857914260835,0.155334303427495,0.139626340159546,0.727557411273486,0.0837758040957279,-0.015707963267949,57
-0.854384797952633,0.446661578258943,-0.265556117486809,-0.872640563119652,0.416228197448019,-0.255445757935791,2.65988178003936,2.69653369433124,-0.268780704807127,-0.258308729295161,0.728601252609603,0.0366519142918804,0.0104719755119659,27
0.0921455773380713,0.993299162864753,0.0697564737441253,0.116152948238302,0.988762923040652,0.0941083133185143,1.4782938764392,1.45385926691128,0.0698131700797732,0.0942477796076938,0.728601252609603,-0.0244346095279209,0.0244346095279206,7
-0.698077797807827,0.66013935746292,-0.277314653302378,-0.740287025527209,0.621174570085207,-0.257132793154696,2.38411975822425,2.44346095279206,-0.280998009571087,-0.260054058547155,0.72964509394572,0.0593411945678071,0.0209439510239319,13
0.765478514903799,0.6400393842151,-0.0662739004000001,0.749150445278075,0.660464961034313,-0.0505929400767133,0.696386371545737,0.722566310325652,-0.0663225115757845,-0.0506145483078356,0.72964509394572,0.0261799387799151,0.015707963267949,9
0.351902530407167,0.916737433801789,-0.189095442989891,0.283419543178025,0.944686535494403,-0.165047605860678,1.20427718387609,1.27932634171184,-0.190240888467382,-0.165806278939461,0.730688935281837,0.0750491578357559,0.0244346095279206,37
0.832063806422957,0.55282187126499,-0.0453629881292538,0.834504140593461,0.548166761955399,-0.0558215049931638,0.586430628670095,0.581194640914112,-0.0453785605518526,-0.0558505360638185,0.730688935281837,-0.00523598775598311,-0.010471975511966,3
-0.302367536006236,0.947442701980663,0.104528463267653,-0.325972736083703,0.941353096258895,0.0871557427476582,1.87971960439789,1.90415421392581,0.10471975511966,0.0872664625997165,0.731732776617954,0.02443460952792,-0.0174532925199433,57
0.876172364164013,0.450291430911534,-0.17192910027941,0.87879980614441,0.434329916670264,-0.197657340379126,0.474729556542458,0.459021593274509,-0.172787595947439,-0.198967534727354,0.733820459290188,-0.0157079632679489,-0.026179938779915,24
0.99843468133917,-0.055821164909453,-0.00349065141522373,0.998281378239244,-0.047077754732644,0.034899496702501,6.22733477111577,6.23606141737574,-0.00349065850398866,0.0349065850398866,0.733820459290188,0.00872664625997199,0.0383972435438752,65
0.902839688326509,-0.396318914892077,-0.166768746716102,0.92139242191449,-0.351845552250145,-0.165047605860678,5.86954227445693,5.91841149351277,-0.167551608191456,-0.165806278939461,0.733820459290188,0.0488692190558417,0.0017453292519943,46
0.410989627964152,-0.906021605981646,-0.101056297182946,0.420225373532395,-0.901176221713937,-0.106264071336233,5.13824931787131,5.14872129338327,-0.101229096615671,-0.106465084371654,0.734342379958246,0.0104719755119662,-0.00523598775598297,20
0.14668583898445,-0.947532874687807,0.284015344703923,0.113760064518423,-0.954020560986264,0.277314653302378,4.86597795456019,4.8310713695203,0.287979326579064,0.280998009571087,0.734864300626305,-0.0349065850398862,-0.00698131700797727,15
-0.420496616877902,-0.905882414890935,-0.0505929400767133,-0.377287881183148,-0.924515730909155,-0.0540788129847753,4.2778019966381,4.32492588644195,-0.0506145483078356,-0.0541052068118242,0.735908141962422,0.0471238898038475,-0.00349065850398866,119
-0.558724707337281,-0.780418413361989,0.280666708920788,-0.498944224018339,-0.823854836363173,0.268919820615266,4.09105176667471,4.16784625376246,0.284488668075076,0.272271363311115,0.736951983298539,0.0767944870877511,-0.0122173047639603,8
-0.611022042519866,-0.723046945386291,-0.322265695230511,-0.641120605660135,-0.680340660439494,-0.355106962408137,4.01076662108297,3.95666141427114,-0.328121899374934,-0.363028484414821,0.736951983298539,-0.0541052068118244,-0.0349065850398866,10
-0.611761386678711,-0.731658409309588,0.300705799504273,-0.603208022850864,-0.731749845365203,0.317304656405092,4.01600260883895,4.02298392584693,0.305432619099008,0.322885911618951,0.737473903966597,0.00698131700797688,0.0174532925199433,15
-0.214873687869501,-0.945770069463956,-0.243615011786023,-0.173788779910148,-0.956297885924146,-0.23514211310259,4.48898683612942,4.53262006742927,-0.2460914245312,-0.237364778271229,0.739039665970772,0.0436332312998582,0.00872664625997166,351
-0.899655167220309,0.339951359148966,-0.273959218692432,-0.908188304557768,0.334148233721791,-0.252069358243114,2.78030949842697,2.78903614468694,-0.277507351067098,-0.254818070791172,0.739039665970772,0.00872664625997199,0.0226892802759263,103
-0.570054849742478,-0.817154463688981,-0.0854169231373675,-0.577521804159602,-0.809655708364451,-0.104528463267653,4.10326907143867,4.0927970959267,-0.0855211333477222,-0.10471975511966,0.739561586638831,-0.0104719755119653,-0.0191986217719376,31
-0.947552003337398,0.0596149189955018,-0.313992455967405,-0.930054888327105,0.14231839686685,-0.338737920245291,3.078760800518,2.98974900866629,-0.319395253114962,-0.345575191894877,0.740083507306889,-0.0890117918517106,-0.0261799387799149,14
-0.461556880673752,0.825858796702294,-0.323917418198149,-0.500255925211969,0.785244510672794,-0.36487678433762,2.08043246837724,2.13802833369305,-0.329867228626928,-0.373500459926786,0.741127348643006,0.0575958653158128,-0.0436332312998582,12
0.0850787631258534,0.992400830334999,0.0888942968664415,-0.00347891370476143,0.996631314962017,0.0819385086300409,1.48527519344717,1.57428698529889,0.0890117918517108,0.0820304748437335,0.741127348643006,0.089011791851711,-0.00698131700797731,116
0.103815643826217,0.955639241646742,-0.275637355816999,0.0932188326530691,0.950719200593922,-0.295708050044047,1.46258591317125,1.47305788868321,-0.279252680319093,-0.300196631343025,0.742171189979123,0.0104719755119662,-0.0209439510239319,22
0.284899644925151,0.943633149743757,0.168489379565003,0.269147359698366,0.951146604381016,0.151260820247219,1.27758101245985,1.29503430497979,0.16929693744345,0.151843644923507,0.742171189979123,0.0174532925199431,-0.0174532925199433,102
0.699529453347098,0.682642200792625,-0.211324796455389,0.647936719617832,0.729788691063306,-0.218143241396543,0.773180858633488,0.844739357965256,-0.212930168743308,-0.219911485751285,0.742693110647182,0.0715584993317675,-0.00698131700797733,13
-0.298366789389981,0.907487745442473,-0.295708050044047,-0.320235020714279,0.909356629696764,-0.265556117486809,1.88844625065786,1.9093902016818,-0.300196631343025,-0.268780704807127,0.74321503131524,0.020943951023932,0.0314159265358979,10
0.851653650801534,0.452832278640107,-0.263873049965373,0.850835189066111,0.452397094815928,-0.267238376078257,0.488692190558412,0.488692190558412,-0.267035375555132,-0.270526034059121,0.744258872651357,0,-0.00349065850398861,20
0.658267316678271,-0.746657707063298,-0.095845752520224,0.694962019914182,-0.712154041052679,-0.099319749743639,5.43495529071034,5.48556983901818,-0.0959931088596881,-0.0994837673636768,0.744780793319415,0.0506145483078351,-0.00349065850398866,35
0.433389022258941,-0.876896050969976,-0.207911690817759,0.430534147271997,-0.874960919833184,-0.221548497619467,5.1714105736592,5.1696652444072,-0.20943951023932,-0.223402144255274,0.745824634655532,-0.00174532925199422,-0.0139626340159547,34
-0.486164733897682,-0.802753390078525,-0.345298198998535,-0.516155813460257,-0.788768760131679,-0.333806859233771,4.16784625376246,4.13293966872257,-0.352556508902855,-0.340339204138894,0.745824634655532,-0.0349065850398862,0.0122173047639603,35
-0.562225387619447,-0.776683910924434,-0.284015344703923,-0.42138363325157,-0.860151013054923,-0.287360519849712,4.08581577891873,4.25685804561417,-0.287979326579064,-0.291469985083053,0.746346555323591,0.171042266695444,-0.00349065850398872,72
-0.465958807226438,-0.851091173962919,-0.241921895599668,-0.45302514553894,-0.85561560941764,-0.250380004054441,4.21147948506232,4.22544211907827,-0.244346095279206,-0.253072741539178,0.747912317327766,0.0139626340159538,-0.00872664625997166,25
-0.906942104502943,0.351779658743703,-0.231747903494157,-0.902416619465133,0.366433390605012,-0.226651307436855,2.771582852167,2.75587488889905,-0.23387411976724,-0.228638132011257,0.748434237995825,-0.0157079632679489,0.00523598775598302,51
-0.744288168191911,-0.658490546509448,-0.111468932206325,-0.689214343747396,-0.716199671420073,-0.109734311091045,3.86590429316744,3.94618943875918,-0.111701072127637,-0.109955742875643,0.748956158663883,0.080285145591739,0.00174532925199435,26
-0.50926961004056,0.83760136108019,0.197657340379126,-0.49476840378865,0.836607681806759,0.23514211310259,2.11708438266912,2.10486707790516,0.198967534727354,0.237364778271229,0.749478079331942,-0.0122173047639604,0.0383972435438752,274
0.166460744818608,0.973835467009445,0.154710386299468,0.0640374705048815,0.990263539326227,0.123601476740493,1.40149938935145,1.50621914447111,0.155334303427495,0.123918376891597,0.75,0.10471975511966,-0.0314159265358979,39
0.666324894310874,0.727166021635541,-0.165047605860678,0.632402692780841,0.759033286842291,-0.154710386299468,0.829031394697307,0.876155284501153,-0.165806278939461,-0.155334303427495,0.751043841336117,0.0471238898038466,0.010471975511966,43
-0.75942952597129,0.626025390722267,0.177084740319583,-0.765701789709043,0.617843456796182,0.17880221511635,2.45218759905203,2.462659574564,0.178023583703422,0.179768912955416,0.751565762004175,0.0104719755119662,0.00174532925199433,30
0.778779570122652,-0.621691563152365,-0.0836778433323155,0.796387457724409,-0.600120994219296,-0.0749787268263277,5.60948821590977,5.63741348394168,-0.0837758040957278,-0.0750491578357562,0.752087682672234,0.0279252680319102,0.00872664625997165,91
0.0151360492998811,-0.963511572511014,-0.267238376078257,0.0317733559101428,-0.957795703991038,-0.285688367404974,4.72809694365264,4.74555023617258,-0.270526034059121,-0.289724655831059,0.753131524008351,0.0174532925199431,-0.0191986217719377,38
0.676282261672181,-0.707688962276988,-0.20449605184179,0.697664215562472,-0.685592715206996,-0.207911690817759,5.47509786350621,5.50651379004211,-0.205948851735331,-0.20943951023932,0.754175365344468,0.0314159265358986,-0.00349065850398864,51
-0.434613957094995,-0.852977918033802,-0.289031796944472,-0.441476084623476,-0.851693705773013,-0.282341456842876,4.24115008234622,4.23416876533824,-0.293215314335047,-0.28623399732707,0.754175365344468,-0.00698131700797777,0.00698131700797738,12
-0.300749037537308,-0.909381079664673,-0.287360519849712,-0.291056777118326,-0.912001410551838,-0.289031796944472,4.39299372726973,4.40346570278169,-0.291469985083053,-0.293215314335047,0.755741127348643,0.0104719755119671,-0.00174532925199433,12
-0.36077905426496,-0.897466088252797,0.253757944584806,-0.420505476485913,-0.865996849233887,0.270600445975864,4.33016187419793,4.26034870411816,0.256563400043166,0.27401669256311,0.755741127348643,-0.0698131700797742,0.0174532925199433,96
0.150661637673577,-0.973214971795271,-0.17364817766693,0.16069397055563,-0.970673588646849,-0.17880221511635,4.86597795456019,4.87644993007216,-0.174532925199433,-0.179768912955416,0.757306889352818,0.0104719755119653,-0.005235987755983,22
0.0711682842817253,-0.992848763425844,-0.095845752520224,0.0452038937450211,-0.995467039396856,-0.0836778433323155,4.78394747971646,4.75776754093654,-0.0959931088596881,-0.0837758040957278,0.757306889352818,-0.026179938779916,0.0122173047639603,15
-0.973990490090878,0.14556385404861,-0.17364817766693,-0.972683135377854,0.154057874009937,-0.17364817766693,2.99323966717028,2.9845130209103,-0.174532925199433,-0.174532925199433,0.757306889352818,-0.00872664625997155,0,130
-0.869205472983114,0.412729103417392,-0.272280247040574,-0.871633637959275,0.406449440485912,-0.273959218692432,2.69827902358323,2.70526034059121,-0.275762021815104,-0.277507351067098,0.758872651356994,0.00698131700797777,-0.00174532925199428,16
-0.655929445470743,0.72848345098478,0.197657340379126,-0.688196699237341,0.693018067892378,0.214735327167063,2.30383461263251,2.35270383168836,0.198967534727354,0.216420827247297,0.759394572025052,0.0488692190558417,0.0174532925199433,146
-0.583266235124727,-0.80575070173365,-0.102792536787247,-0.543678341181119,-0.834000891303415,-0.0941083133185143,4.08581577891873,4.13468499797457,-0.102974425867665,-0.0942477796076938,0.761482254697286,0.0488692190558417,0.00872664625997165,24
-0.491215315067464,0.837256234285965,0.240228042477264,-0.464232511309555,0.844435803240412,0.267238376078257,2.10137641940117,2.07345115136926,0.242600766027212,0.270526034059121,0.761482254697286,-0.0279252680319089,0.0279252680319093,199
-0.0139152309274879,0.996540238601392,0.0819385086300409,-0.029553355069883,0.995756233076257,0.0871557427476582,1.58475896081085,1.6004669240788,0.0820304748437335,0.0872664625997165,0.762004175365344,0.0157079632679489,0.00523598775598298,29
0.215743571818695,0.94198590111709,0.257132793154696,0.272720904996615,0.926626143528255,0.258819045102521,1.34564885328763,1.28456232946783,0.260054058547155,0.261799387799149,0.762526096033403,-0.0610865238198013,0.00174532925199428,11
0.540821811582282,0.826462356229511,-0.156434465040231,0.450209286587596,0.883585475532796,-0.128795596577563,0.991347015132779,1.09955742875643,-0.15707963267949,-0.12915436464758,0.763048016701461,0.108210413623648,0.0279252680319093,113
-0.915171417201737,0.342168571994126,-0.213030386274977,-0.906538305672533,0.364426062284117,-0.213030386274977,2.78380015693096,2.75936554740303,-0.214675497995303,-0.214675497995303,0.76356993736952,-0.0244346095279209,0,36
-0.537822455715603,0.840969535822379,-0.0593063735759616,-0.566784602003695,0.821601053280833,-0.0610485395348569,2.13977366294505,2.17468024798493,-0.0593411945678072,-0.0610865238198015,0.764613778705637,0.0349065850398862,-0.00174532925199433,119
0.698299215497548,-0.700741003796369,-0.146083028562412,0.71334853595025,-0.688872673692218,-0.128795596577563,5.49604181453014,5.51524043630208,-0.146607657167524,-0.12915436464758,0.766179540709812,0.0191986217719373,0.0174532925199433,33
0.395990214724049,-0.889408584376443,0.228350870110656,0.58319593094543,-0.78527398718536,0.207911690817759,5.13126800086333,5.35117948661461,0.230383461263251,0.20943951023932,0.766179540709812,0.219911485751286,-0.020943951023932,60
-0.227823243583868,-0.948952104121138,-0.218143241396543,-0.279341296585517,-0.937031748719358,-0.209618562903822,4.47676953136546,4.42266432455363,-0.219911485751285,-0.211184839491314,0.767745302713987,-0.0541052068118244,0.0087266462599716,73
-0.258110189662233,-0.937063133752564,0.23514211310259,-0.277677951436589,-0.931452168354139,0.23514211310259,4.44360827557756,4.42266432455363,0.237364778271229,0.237364778271229,0.767745302713987,-0.0209439510239315,0,138
-0.272680410040832,-0.95094960052886,-0.146083028562412,-0.252458883779468,-0.962316027508893,-0.101056297182946,4.4331363000656,4.45582558034152,-0.146607657167524,-0.101229096615671,0.767745302713987,0.0226892802759258,0.0453785605518526,33
0.248542294744886,-0.927572471817676,0.278991106039229,0.275384073182015,-0.917902919140779,0.285688367404974,4.97418836818384,5.00385896546774,0.282743338823081,0.289724655831059,0.77035490605428,0.0296705972839035,0.00698131700797733,45
-0.297259428117202,-0.909466363881919,-0.290702193598252,-0.264249396744689,-0.927654714763009,-0.263873049965373,4.39648438577372,4.43488162931759,-0.294960643587042,-0.267035375555132,0.77035490605428,0.0383972435438746,0.0279252680319092,21
-0.391927666131839,-0.905691398615026,-0.161603821103361,-0.38525934425051,-0.907614137608272,-0.166768746716102,4.30398193541802,4.31096325242599,-0.162315620435473,-0.167551608191456,0.77035490605428,0.00698131700797777,-0.00523598775598297,33
-0.555315818533996,-0.817122413140765,0.154710386299468,-0.56626963023496,-0.80572018484491,0.17364817766693,4.11548637620263,4.09977841293468,0.155334303427495,0.174532925199433,0.77035490605428,-0.0157079632679489,0.0191986217719376,305
-0.664430258058706,-0.685638838196366,-0.297374874077786,-0.649999719672717,-0.706869384806271,-0.278991106039229,3.94269878025519,3.96887871903511,-0.301941960595019,-0.282743338823081,0.77035490605428,0.0261799387799146,0.0191986217719377,81
0.992975238538562,-0.10611844011963,-0.0523359562429438,0.99098713237407,-0.11641423278443,-0.0662739004000001,6.17672022280793,6.16624824729597,-0.0523598775598299,-0.0663225115757845,0.771398747390397,-0.0104719755119653,-0.0139626340159546,11
0.133570670322874,-0.975089673197006,-0.177084740319583,0.077120218653207,-0.979905287506215,-0.18395135061272,4.84852466204025,4.79092879672443,-0.178023583703422,-0.185004900711399,0.772442588726514,-0.0575958653158137,-0.0069813170079773,40
-0.983511962655306,-0.0964341910858455,-0.152985836284038,-0.989540904982538,-0.0848335810339181,-0.116670737099333,3.23933109170148,3.22711378693752,-0.153588974175501,-0.11693705988362,0.772442588726514,-0.0122173047639604,0.0366519142918809,31
-0.0226519586696599,-0.998183774837443,-0.0558215049931638,0.0366213863492923,-0.998719629922116,-0.034899496702501,4.68969970010876,4.74904089467657,-0.0558505360638185,-0.0349065850398866,0.772964509394572,0.059341194567808,0.020943951023932,20
-0.717176160390084,0.668777588982037,0.195946144242518,-0.717836883716308,0.667055196443802,0.199367934417197,2.39110107523223,2.39284640448423,0.197222205475359,0.200712863979348,0.773486430062631,0.00174532925199422,0.00349065850398864,8
-0.541059177522989,0.744704069847645,-0.390731128489274,-0.544678526258366,0.733410257776944,-0.4067366430758,2.19911485751286,2.20958683302482,-0.401425727958696,-0.418879020478639,0.774008350730689,0.0104719755119658,-0.0174532925199433,21
-0.542106959964077,0.803706619601839,0.245307385878803,-0.613482047808003,0.749528596545342,0.248689887164855,2.16420827247297,2.25671072282867,0.247836753783195,0.251327412287183,0.775052192066806,0.0925024503556995,0.00349065850398869,39
-0.435079517924791,0.876462005455595,-0.20620418539663,-0.486613724947346,0.839452725960392,-0.241921895599668,2.0315632493214,2.09614043164519,-0.207694180987325,-0.244346095279206,0.775052192066806,0.0645771823237897,-0.0366519142918809,43
-0.708518821252124,0.67001294251235,-0.221548497619467,-0.725247491731434,0.653015774671847,-0.218143241396543,2.38411975822425,2.40855436775218,-0.223402144255274,-0.219911485751285,0.776617954070981,0.0244346095279209,0.00349065850398869,140
-0.385882999946638,0.913513001907697,0.128795596577563,-0.433064888516049,0.891861937453951,0.130526192220052,1.9704767255016,2.02283660306143,0.12915436464758,0.130899693899575,0.776617954070981,0.0523598775598302,0.0017453292519943,29
0.398612745477361,0.899520787426554,-0.17880221511635,0.46565525613638,0.868443382625609,-0.170209499166033,1.15366263556825,1.0786134777325,-0.179768912955416,-0.171042266695444,0.776617954070981,-0.0750491578357559,0.00872664625997163,112
0.899770321532454,0.434965968346141,-0.034899496702501,0.903585499487639,0.427122908846737,-0.0331551783885263,0.450294947014537,0.441568300754565,-0.0349065850398866,-0.0331612557878923,0.777661795407098,-0.00872664625997155,0.00174532925199433,17
-0.0678290968217978,0.970001276142729,-0.233445363855905,-0.0915462971352229,0.968458664428633,-0.231747903494157,1.64060949687467,1.66504410640259,-0.235619449019234,-0.23387411976724,0.778705636743215,0.0244346095279209,0.0017453292519943,162
0.965359070817075,-0.0607352447207486,-0.253757944584806,0.965759554250134,-0.0539943416913053,-0.253757944584806,6.22035345410779,6.22733477111577,-0.256563400043166,-0.256563400043166,0.778705636743215,0.00698131700797688,0,316
0.928571465703754,-0.261009667604008,-0.263873049965373,0.936666041577425,-0.228334568169189,-0.265556117486809,6.00916861461648,6.04407519965636,-0.267035375555132,-0.268780704807127,0.779227557411273,0.0349065850398871,-0.00174532925199428,162
0.864970275372157,0.495373147495005,0.0801989243288589,0.861989548377506,0.499677863958059,0.0854169231373675,0.52010811709431,0.525344104850293,0.0802851455917391,0.0855211333477222,0.78027139874739,0.00523598775598266,0.00523598775598301,4
0.287730121496304,-0.947031342909912,-0.142628933705512,0.320194124831084,-0.940564062048021,-0.113203213767907,5.00734962397173,5.04051087975962,-0.143116998663535,-0.113446401379631,0.781837160751566,0.0331612557878929,0.0296705972839036,105
0.223192653512383,-0.974510299747242,-0.0226873335727814,0.214680056295763,-0.976420891994946,-0.0226873335727814,4.93753645389196,4.92880980763199,-0.0226892802759263,-0.0226892802759263,0.781837160751566,-0.0087266462599711,0,7
0.00342995874887153,-0.982606810130199,-0.185666615385577,0.0428609682025718,-0.981677566890475,-0.185666615385577,4.71587963888868,4.75602221168455,-0.186750229963393,-0.186750229963393,0.783402922755741,0.0401425727958697,0,18
-0.16829572841523,-0.974328347559671,0.14953534344371,-0.121906356837887,-0.978722702281996,0.165047605860678,4.54134671368925,4.58847060349309,0.150098315671512,0.165806278939461,0.783402922755741,0.0471238898038466,0.015707963267949,80
-0.237177765780234,-0.897681813416218,-0.371367835550235,-0.223344765760953,-0.89578692811906,-0.384295322659804,4.45408025108953,4.46804288510548,-0.380481776934764,-0.394444410950718,0.783402922755741,0.0139626340159547,-0.0139626340159547,21
0.491505090902052,-0.868732307122296,-0.0610485395348569,0.515456676234142,-0.854482297135052,-0.064532308252958,5.22726110972302,5.25518637775493,-0.0610865238198015,-0.0645771823237902,0.784968684759917,0.0279252680319102,-0.00349065850398866,67
-0.119771775386658,-0.961585258588503,-0.246999012722743,-0.171260783766611,-0.942387221674482,-0.287360519849712,4.58847060349309,4.53262006742927,-0.249582083035189,-0.291469985083053,0.784968684759917,-0.0558505360638186,-0.0418879020478639,74
-0.440682527679232,-0.880022672744395,0.177084740319583,-0.456556887775745,-0.877037621362788,0.14953534344371,4.2481313993542,4.23242343608625,0.178023583703422,0.150098315671512,0.784968684759917,-0.015707963267948,-0.0279252680319093,234
0.851587607199007,-0.46237434507016,-0.246999012722743,0.857191749579955,-0.450035729716822,-0.250380004054441,5.7857664703612,5.79972910437716,-0.249582083035189,-0.253072741539178,0.785490605427975,0.0139626340159555,-0.00349065850398869,53
0.340903410813078,-0.921581668886309,-0.185666615385577,0.348817041818505,-0.918267343577628,-0.187381314585725,5.06669081853954,5.07541746479951,-0.186750229963393,-0.188495559215388,0.786012526096033,0.00872664625997199,-0.00174532925199436,21
-0.91953754110932,-0.356665106634059,-0.165047605860678,-0.915367907022441,-0.362419792744732,-0.175366726091987,3.51160245501259,3.51858377202057,-0.165806278939461,-0.176278254451427,0.787578288100209,0.00698131700797688,-0.010471975511966,24
-0.893153074465993,0.373614024283943,-0.250380004054441,-0.949028481354894,0.238379477938299,-0.20620418539663,2.74540291338708,2.89550122905859,-0.253072741539178,-0.207694180987325,0.787578288100209,0.150098315671512,0.0453785605518526,95
-0.775115986910379,0.565224299357159,-0.282341456842876,-0.785481967220853,0.558212978639798,-0.267238376078257,2.51152879361984,2.5237460983838,-0.28623399732707,-0.270526034059121,0.787578288100209,0.0122173047639604,0.0157079632679489,113
-0.803263921957106,0.585750126631802,-0.107999355706023,-0.817935246300025,0.566365215792593,-0.101056297182946,2.51152879361984,2.53596340314776,-0.108210413623648,-0.101229096615671,0.789144050104384,0.0244346095279209,0.00698131700797731,176
0.411815070527128,0.899482126811184,-0.146083028562412,0.563625855876761,0.798990583594904,-0.209618562903822,1.14144533080429,0.956440430092892,-0.146607657167524,-0.211184839491314,0.789144050104384,-0.185004900711399,-0.0645771823237902,13
0.601755983091245,0.724818585003157,-0.335451569750255,0.593174034413842,0.737759707882452,-0.322265695230511,0.877900613753148,0.893608577021097,-0.342084533390889,-0.328121899374934,0.789665970772443,0.0157079632679489,0.0139626340159547,21
0.960864816183549,-0.094213618959291,-0.260504508642648,0.958096459050309,-0.122734987055357,-0.258819045102521,6.1854468690679,6.155776271784,-0.263544717051144,-0.261799387799149,0.790187891440501,-0.0296705972839026,0.00174532925199433,49
0.126273216901244,0.946373741690159,-0.297374874077786,0.0935158957209611,0.953748884128829,-0.285688367404974,1.43815130364333,1.47305788868321,-0.301941960595019,-0.289724655831059,0.79070981210856,0.0349065850398866,0.0122173047639603,112
0.340719638258202,-0.931060170584981,-0.130526192220052,0.392691174583982,-0.903127871232422,-0.17364817766693,5.06320016003555,5.12254135460336,-0.130899693899575,-0.174532925199433,0.791231732776618,0.0593411945678071,-0.0436332312998582,140
0.24905449362361,-0.936015597748146,0.248689887164855,0.335114105915033,-0.905931144132371,0.258819045102521,4.97244303893184,5.06669081853954,0.251327412287183,0.261799387799149,0.792275574112735,0.0942477796076941,0.0104719755119659,5
-0.396435304685677,-0.90310483167705,0.165047605860678,-0.42485233686183,-0.890721447405324,0.161603821103361,4.29874594766203,4.26733002112614,0.165806278939461,0.162315620435473,0.792275574112735,-0.0314159265358978,-0.00349065850398866,296
-0.789347766832215,-0.599147565391074,-0.133986185418292,-0.807081178176934,-0.58422933945008,-0.0854169231373675,3.79085513533168,3.76816585505576,-0.134390352403563,-0.0855211333477222,0.793319415448852,-0.0226892802759258,0.0488692190558412,19
-0.819351706220712,-0.528036141958393,-0.223250116010951,-0.815598183022192,-0.525617161325961,-0.241921895599668,3.71406064824393,3.71406064824393,-0.225147473507269,-0.244346095279206,0.794885177453027,0,-0.0191986217719376,92
-0.864903907379901,-0.487348305582155,-0.120136838834647,-0.868577145937232,-0.469637910860972,-0.158158067254484,3.65471945367613,3.63726616115618,-0.120427718387609,-0.158824961931484,0.794885177453027,-0.0174532925199431,-0.0383972435438752,11
0.310160782920891,-0.932377711375151,-0.185666615385577,0.363718795342663,-0.904778923890825,-0.221548497619467,5.03352956275165,5.09461608657145,-0.186750229963393,-0.223402144255274,0.796972860125261,0.0610865238198013,-0.0366519142918809,159
0.0521371350650578,-0.962684614820731,-0.265556117486809,0.0623624790390484,-0.964361782679389,-0.257132793154696,4.76649418719651,4.77696616270848,-0.268780704807127,-0.260054058547155,0.796972860125261,0.0104719755119653,0.0087266462599716,12
-0.983272205489849,0.0549734509020772,-0.17364817766693,-0.974635132034786,0.0869838682081178,-0.20620418539663,3.08574211752597,3.05258086173808,-0.174532925199433,-0.207694180987325,0.796972860125261,-0.0331612557878924,-0.0331612557878923,109
-0.459417707149291,-0.849675274590186,0.258819045102521,-0.467463464807236,-0.846808605666303,0.253757944584806,4.2167154728183,4.20798882655833,0.261799387799149,0.256563400043166,0.798016701461378,-0.0087266462599711,-0.005235987755983,24
-0.843688977904135,0.452382060782837,-0.289031796944472,-0.820089627042669,0.477303560736125,-0.315649036947102,2.64940980452739,2.61450321948751,-0.293215314335047,-0.321140582366957,0.798016701461378,-0.0349065850398862,-0.0279252680319092,47
-0.465230678953004,0.860426141038397,-0.207911690817759,-0.471084913033226,0.853368847810591,-0.223250116010951,2.06646983436129,2.07519648062126,-0.20943951023932,-0.225147473507269,0.799060542797495,0.00872664625997155,-0.015707963267949,61
-0.039039239724978,0.971992205209362,-0.231747903494157,-0.248798029172842,0.941662745104039,-0.226651307436855,1.61093889959077,1.82910505609006,-0.23387411976724,-0.228638132011257,0.799060542797495,0.218166156499291,0.00523598775598302,8
0.578323253338221,0.729662351296635,-0.36487678433762,0.634313102612282,0.684995839836329,-0.3583679495453,0.900589894029074,0.823795406941324,-0.373500459926786,-0.366519142918809,0.799582463465553,-0.0767944870877506,0.00698131700797727,94
-0.477587830611239,0.844133632835789,-0.243615011786023,-0.462579341295407,0.851965163278415,-0.245307385878803,2.08566845613322,2.06821516361328,-0.2460914245312,-0.247836753783195,0.80062630480167,-0.0174532925199431,-0.0017453292519943,39
0.978873932252884,0.14978876034248,0.139173100960065,0.982358992126747,0.143310678396759,0.120136838834647,0.151843644923507,0.144862327915529,0.139626340159546,0.120427718387609,0.801148225469729,-0.00698131700797733,-0.0191986217719376,38
0.456759742500523,-0.869999106644438,-0.185666615385577,0.447475954509866,-0.874444688404939,-0.187381314585725,5.19584518318712,5.18537320767515,-0.186750229963393,-0.188495559215388,0.802192066805846,-0.0104719755119644,-0.00174532925199436,109
0.277705443033712,-0.937517863827451,-0.209618562903822,0.335621857583055,-0.922113475184859,-0.192521966525907,5.00036830696375,5.06145483078356,-0.211184839491314,-0.193731546971371,0.802192066805846,0.0610865238198022,0.0174532925199433,13
0.828095951946163,-0.431079467278454,0.3583679495453,0.847024598739047,-0.377119648520576,0.374606593415912,5.80321976288115,5.86430628670095,0.366519142918809,0.383972435438752,0.803235908141962,0.0610865238198013,0.0174532925199433,15
-0.348812435649532,-0.913449474695988,0.209618562903822,-0.302596489761727,-0.931296234946685,0.202787295356512,4.34761516671788,4.39822971502571,0.211184839491314,0.204203522483337,0.804279749478079,0.0506145483078351,-0.00698131700797733,64
-0.708233094651598,-0.69597872376208,0.118403968306501,-0.616384780516846,-0.777684047216329,0.123601476740493,3.91826417072727,4.04218254761887,0.118682389135614,0.123918376891597,0.805323590814196,0.123918376891597,0.00523598775598298,33
-0.576450761003959,-0.745840130903696,-0.333806859233771,-0.558092183131521,-0.762536269114587,-0.327217898979104,4.05439985238283,4.08057979116274,-0.340339204138894,-0.333357887130917,0.805845511482255,0.0261799387799151,0.00698131700797733,28
-0.682933039853119,-0.71464860409513,-0.151260820247219,-0.679690811980178,-0.716244669000791,-0.158158067254484,3.94968009726317,3.95317075576716,-0.151843644923507,-0.158824961931484,0.806367432150313,0.00349065850398844,-0.00698131700797733,26
-0.966332574404368,0.0964528136480943,-0.238533457578581,-0.963865695234759,0.125184296919639,-0.23514211310259,3.04210888622612,3.01243828894221,-0.240855436775218,-0.237364778271229,0.806889352818372,-0.0296705972839035,0.00349065850398869,111
-0.985320420137684,-0.134972108328355,0.104528463267653,-0.975252572508702,-0.187804043939039,0.116670737099333,3.27772833524535,3.33183354205718,0.10471975511966,0.11693705988362,0.808455114822547,0.0541052068118244,0.0122173047639603,65
-0.910816095149541,0.223717890397668,0.346935651573256,-0.906012803581958,0.237688009493423,0.350207381259467,2.90073721681458,2.88502925354663,0.354301838154849,0.357792496658838,0.808455114822547,-0.0157079632679484,0.00349065850398866,56
0.534632481937455,0.823261827452719,-0.190808995376545,0.552787826866549,0.816464208393056,-0.166768746716102,0.994837673636768,0.97563905186483,-0.191986217719376,-0.167551608191456,0.810020876826722,-0.0191986217719378,0.0244346095279206,136
-0.345218633400993,0.904038236905749,-0.252069358243114,-0.355911427455101,0.898929652731225,-0.255445757935791,1.93557014046171,1.94778744522567,-0.254818070791172,-0.258308729295161,0.810542797494781,0.0122173047639604,-0.00349065850398872,60
0.973177514915377,0.212187012910195,-0.0888942968664415,0.96813320803538,0.230641863445731,-0.0975828997591495,0.214675497995303,0.23387411976724,-0.0890117918517108,-0.0977384381116825,0.811586638830898,0.0191986217719378,-0.00872664625997165,195
0.984172062592763,0.14182136071465,0.106264071336233,0.984181922301738,0.134816153524106,0.114937150492867,0.143116998663535,0.136135681655558,0.106465084371654,0.115191730631626,0.811586638830898,-0.00698131700797733,0.00872664625997166,31
0.928518893165958,-0.321528494794984,0.185666615385577,0.929985096083598,-0.320219548529425,0.18051914525056,5.94982742004867,5.95157274930066,0.186750229963393,0.18151424220741,0.812108559498956,0.00174532925199511,-0.00523598775598297,123
0.700906122836916,0.703357026878239,-0.118403968306501,0.705501282381315,0.698151705359457,-0.121869343405147,0.787143492649443,0.780162175641465,-0.118682389135614,-0.122173047639603,0.812630480167015,-0.00698131700797733,-0.00349065850398866,21
0.39301779806659,-0.895319534294335,-0.209618562903822,0.394757834157887,-0.890821685591767,-0.224951054343865,5.12603201310735,5.12952267161133,-0.211184839491314,-0.226892802759263,0.813152400835073,0.00349065850398844,-0.0157079632679489,29
0.828611650464364,-0.52180460476764,-0.202787295356512,0.832831249011353,-0.514367062953402,-0.20449605184179,5.72118928803741,5.72991593429738,-0.204203522483337,-0.205948851735331,0.813674321503132,0.0087266462599711,-0.00174532925199433,43
-0.890050694418791,-0.392559130056467,-0.231747903494157,-0.889455696711348,-0.381221198548343,-0.252069358243114,3.55698101556444,3.54650904005248,-0.23387411976724,-0.254818070791172,0.815240083507307,-0.0104719755119662,-0.0209439510239319,246
-0.222432864177847,-0.933675435811189,-0.280666708920788,-0.210004698031171,-0.939507011917687,-0.270600445975864,4.47851486061745,4.4924774946334,-0.284488668075076,-0.27401669256311,0.815762004175365,0.0139626340159538,0.010471975511966,85
-0.516835710105457,0.814402764154052,-0.263873049965373,-0.497020237569468,0.827180583699846,-0.262189178640865,2.13628300444106,2.11184839491314,-0.267035375555132,-0.265290046303138,0.816283924843424,-0.0244346095279209,0.00174532925199439,61
0.0753054552831734,0.95684653257885,0.280666708920788,0.109973426904448,0.950472556159333,0.290702193598252,1.49225651045515,1.45560459616327,0.284488668075076,0.294960643587042,0.816805845511482,-0.0366519142918809,0.0104719755119659,22
0.876022852772621,0.479608502671203,-0.0505929400767133,0.89300914463973,0.447185668379714,-0.0505929400767133,0.500909495322373,0.464257581030492,-0.0506145483078356,-0.0506145483078356,0.817849686847599,-0.0366519142918809,0,91
0.90684341731282,0.401857688389052,0.12706460860135,0.909948768904476,0.391885852472449,0.135715572434304,0.417133691226645,0.406661715714679,0.127409035395586,0.136135681655558,0.817849686847599,-0.0104719755119658,0.00872664625997166,65
0.949681571202417,0.12840198615282,0.285688367404974,0.945469133033793,0.132877021141916,0.297374874077786,0.134390352403563,0.139626340159546,0.289724655831059,0.301941960595019,0.818893528183716,0.00523598775598311,0.0122173047639603,38
0.941764212088141,-0.262945292629739,0.209618562903822,0.948184696187322,-0.248751598407741,0.197657340379126,6.01091394386847,6.02662190713642,0.211184839491314,0.198967534727354,0.818893528183716,0.0157079632679498,-0.0122173047639603,89
0.952146649057022,0.271226107755052,-0.140901231937583,0.950703066125177,0.272609717438145,-0.147809411129611,0.277507351067098,0.279252680319093,-0.141371669411541,-0.148352986419518,0.819415448851775,0.00174532925199422,-0.0069813170079773,27
-0.12488923379146,-0.948627911206573,-0.290702193598252,-0.236880855979088,-0.915950307745164,-0.323917418198149,4.58148928648512,4.45931623884551,-0.294960643587042,-0.329867228626928,0.820459290187891,-0.122173047639603,-0.0349065850398866,276
-0.127036741232922,-0.991676903747561,-0.020942419883357,-0.104286404492984,-0.992218859966715,-0.0680152906652482,4.5849799449891,4.60766922526503,-0.020943951023932,-0.0680678408277788,0.82098121085595,0.0226892802759258,-0.0471238898038469,114
-0.910354367469066,-0.343994250024155,-0.230049737188104,-0.904920108270451,-0.336536771578751,-0.260504508642648,3.50287580875262,3.49763982099664,-0.232128790515246,-0.263544717051144,0.821503131524008,-0.00523598775598311,-0.0314159265358979,21
-0.961250006260209,-0.188589753412972,-0.201077921145965,-0.95459063920629,-0.202904504072077,-0.218143241396543,3.33532420056116,3.35103216382911,-0.202458193231342,-0.219911485751285,0.822025052192067,0.0157079632679493,-0.0174532925199433,20
0.562765295888199,0.818828586540849,0.113203213767907,0.531125371749232,0.840157259358993,0.109734311091045,0.968657734856853,1.00705497840073,0.113446401379631,0.109955742875643,0.823590814196242,0.0383972435438755,-0.00349065850398866,18
0.558427785457669,0.788695844488424,0.257132793154696,0.556529624816256,0.788931034805153,0.260504508642648,0.954695100840898,0.956440430092892,0.260054058547155,0.263544717051144,0.823590814196242,0.00174532925199422,0.00349065850398861,57
0.751669980069382,0.648824122048315,0.118403968306501,0.691819197541806,0.711413292580467,0.123601476740493,0.712094334813686,0.799360797413403,0.118682389135614,0.123918376891597,0.823590814196242,0.0872664625997164,0.00523598775598298,59
-0.865391333057373,0.477721681449901,-0.151260820247219,-0.873020066569358,0.464193003424659,-0.14953534344371,2.63719249976343,2.65290046303138,-0.151843644923507,-0.150098315671512,0.824634655532359,0.0157079632679493,0.00174532925199433,8
-0.74742990329247,0.638365444139926,-0.18395135061272,-0.773757722277433,0.606703552375161,-0.182235525492147,2.43473430653209,2.47662220857995,-0.185004900711399,-0.183259571459405,0.825156576200417,0.041887902047864,0.0017453292519943,106
0.996455338736025,0.0644378762113734,-0.0540788129847753,0.992099290015652,0.104273837184716,-0.0697564737441253,0.0645771823237902,0.10471975511966,-0.0541052068118242,-0.0698131700797732,0.825678496868476,0.0401425727958697,-0.015707963267949,19
0.951554269406554,-0.0715477249184872,-0.299040792256087,0.958770828135635,-0.127927341394257,-0.253757944584806,6.20813614934383,6.15054028402802,-0.303687289847013,-0.256563400043166,0.826200417536534,-0.0575958653158137,0.0471238898038469,6
0.5399617986553,-0.828299726580967,-0.14953534344371,0.579032733809552,-0.796970186176465,-0.17192910027941,5.29009296279481,5.34070751110265,-0.150098315671512,-0.172787595947439,0.827244258872651,0.0506145483078351,-0.0226892802759263,243
0.17586475770668,-0.967721253871577,-0.18051914525056,0.170628921472005,-0.96768470024516,-0.185666615385577,4.89215789334011,4.88692190558412,-0.18151424220741,-0.186750229963393,0.82776617954071,-0.00523598775598355,-0.00523598775598297,5
-0.120657269505298,-0.955100634463819,-0.270600445975864,-0.167573355683646,-0.950355725540995,-0.262189178640865,4.5867252742411,4.53785605518526,-0.27401669256311,-0.265290046303138,0.828288100208768,-0.0488692190558409,0.00872664625997166,70
0.0139580124856369,-0.999604042888067,-0.0244321781526532,0.0992094924026767,-0.993950933858781,-0.0471064507096427,4.72635161440064,4.81187274774837,-0.0244346095279206,-0.0471238898038469,0.828810020876827,0.0855211333477213,-0.0226892802759263,37
-0.945623872773486,-0.209639765461628,-0.248689887164855,-0.926364632652596,-0.304573194114284,-0.221548497619467,3.35975881008908,3.45924257745276,-0.251327412287183,-0.223402144255274,0.829853862212944,0.0994837673636773,0.0279252680319093,22
-0.997344554682301,-0.0540142503093333,-0.0488497697956133,-0.993221561401049,-0.111407648364409,-0.0331551783885263,3.19569786040162,3.25329372571743,-0.0488692190558412,-0.0331612557878923,0.829853862212944,0.0575958653158128,0.015707963267949,32
-0.570328814524549,0.814513959650828,0.106264071336233,-0.574692059854891,0.811666702967816,0.104528463267653,2.18166156499291,2.18689755274889,0.106465084371654,0.10471975511966,0.830375782881002,0.00523598775598311,-0.00174532925199432,32
0.0203114669772109,0.96965930632451,0.243615011786023,-0.00849247997955664,0.9731418171076,0.230049737188104,1.54985237577096,1.57952297305487,0.2460914245312,0.232128790515246,0.830897703549061,0.0296705972839035,-0.0139626340159546,53
-0.759087931130232,0.616894027879768,-0.207911690817759,-0.764819581226015,0.606188530414649,-0.218143241396543,2.45916891606001,2.47138622082397,-0.20943951023932,-0.219911485751285,0.831419624217119,0.01221730476396,-0.010471975511966,13
0.586621051731602,0.764499438859418,0.267238376078257,0.553760935651931,0.796757568257347,0.241921895599668,0.916297857297023,0.96342174710087,0.270526034059121,0.244346095279206,0.831941544885177,0.0471238898038471,-0.0261799387799149,295
0.256331863395025,0.918077570239029,-0.302369890750444,0.165102429382435,0.945994265607898,-0.278991106039229,1.29852496348378,1.39800873084746,-0.307177948351002,-0.282743338823081,0.832463465553236,0.0994837673636768,0.0244346095279206,73
0.99683522158495,0.0487533759335901,-0.0627905195293134,0.997175115040345,0.0278536230149749,-0.0697564737441253,0.0488692190558412,0.0279252680319093,-0.0628318530717959,-0.0698131700797732,0.832985386221294,-0.020943951023932,-0.00698131700797731,19
-0.289635980624398,0.929914073215858,0.226651307436855,-0.314006046339812,0.922386700907826,0.224951054343865,1.87273828738992,1.89891822616983,0.228638132011257,0.226892802759263,0.833507306889353,0.0261799387799151,-0.00174532925199433,76
0.724091097550254,-0.584267860880653,-0.366501226724297,0.709600012492375,-0.601784573647752,-0.366501226724297,5.60425222815379,5.57981761862587,-0.375245789178781,-0.375245789178781,0.835594989561587,-0.0244346095279218,0,38
0.362282152089658,-0.905769997686463,-0.219846204352837,0.387124352145683,-0.894591594906236,-0.223250116010951,5.09287075731945,5.12079602535136,-0.22165681500328,-0.225147473507269,0.835594989561587,0.0279252680319084,-0.00349065850398869,14
0.133590738490329,-0.962736568971625,0.23514211310259,0.166225075331854,-0.952426736858814,0.255445757935791,4.85026999129224,4.88517657633213,0.237364778271229,0.258308729295161,0.836116910229645,0.0349065850398862,0.020943951023932,77
0.575610170543771,0.77224028750566,0.268919820615266,0.590976331598837,0.767398407290446,0.248689887164855,0.930260491312978,0.914552528045029,0.272271363311115,0.251327412287183,0.83768267223382,-0.0157079632679489,-0.0209439510239319,52
0.197958817569508,0.923395384009148,-0.328866646738583,0.170242844499679,0.936785863695739,-0.305695304963106,1.35961148730358,1.39102741383948,-0.335103216382911,-0.310668606854991,0.838204592901879,0.0314159265358978,0.0244346095279206,26
0.573643647794137,0.807195028053689,-0.139173100960065,0.556195997991681,0.818417557882652,-0.144356201000973,0.952949771588904,0.973893722612836,-0.139626340159546,-0.144862327915529,0.838726513569937,0.020943951023932,-0.005235987755983,29
0.866201868772657,0.456696436790071,-0.202787295356512,0.805787694965938,0.560037037209574,-0.192521966525907,0.485201532054424,0.607374579694027,-0.204203522483337,-0.193731546971371,0.839770354906054,0.122173047639603,0.010471975511966,18
0.902397118808696,0.42463585158022,-0.0732381971276317,0.909053009046098,0.408544621244387,-0.0819385086300409,0.439822971502571,0.422369678982628,-0.0733038285837618,-0.0820304748437335,0.84133611691023,-0.0174532925199431,-0.00872664625997165,30
0.288022779095638,-0.913491549141933,0.287360519849712,0.298366789389981,-0.907487745442473,0.295708050044047,5.0178215994837,5.03003890424766,0.291469985083053,0.300196631343025,0.84133611691023,0.0122173047639595,0.0087266462599716,102
0.978064037452098,0.193661894460883,-0.0767190281268186,0.96243680838918,0.263292916698151,-0.0662739004000001,0.195476876223365,0.267035375555132,-0.0767944870877505,-0.0663225115757845,0.842379958246347,0.0715584993317675,0.010471975511966,24
-0.385987911894605,-0.879305006594555,-0.278991106039229,-0.365939476207705,-0.887835718195567,-0.278991106039229,4.29874594766203,4.32143522793796,-0.282743338823081,-0.282743338823081,0.842901878914405,0.0226892802759258,0,53
0.00174446715170747,-0.999505038030571,-0.0314107590781283,0.0244187457305959,-0.9991518698391,-0.0331551783885263,4.71413430963668,4.73682358991261,-0.0314159265358979,-0.0331612557878923,0.843945720250522,0.0226892802759258,-0.00174532925199433,31
-0.441746391000102,-0.886006190089469,-0.140901231937583,-0.417755568184393,-0.895879707052835,-0.151260820247219,4.24987672860619,4.27605666738611,-0.141371669411541,-0.151843644923507,0.843945720250522,0.0261799387799151,-0.010471975511966,74
-0.443509613755255,-0.885668233184022,0.137444546037147,-0.384111471381014,-0.913765081839784,0.132256390257122,4.2481313993542,4.31445391092998,0.137881010907552,0.132645023151569,0.844989561586639,0.0663225115757848,-0.00523598775598302,45
-0.76714896180919,0.621224980355209,0.159881187691835,-0.774238520254895,0.611456739116806,0.163325962241622,2.460914245312,2.47313155007596,0.160570291183478,0.164060949687467,0.845511482254697,0.01221730476396,0.00349065850398869,64
-0.275105063595551,0.934726819521977,-0.224951054343865,-0.252432966977143,0.935558167564747,-0.246999012722743,1.85703032412197,1.83434104384604,-0.226892802759263,-0.249582083035189,0.846033402922756,-0.0226892802759266,-0.0226892802759263,133
-0.564628582045,0.818475724429809,-0.106264071336233,-0.583889861648901,0.803655449119962,-0.114937150492867,2.17468024798493,2.19911485751286,-0.106465084371654,-0.115191730631626,0.847599164926931,0.0244346095279209,-0.00872664625997166,59
-0.0986225343203004,0.970920759875517,0.218143241396543,-0.129508474190268,0.970620867257087,0.202787295356512,1.67202542341057,1.70344134994647,0.219911485751285,0.204203522483337,0.847599164926931,0.0314159265358978,-0.0157079632679489,11
0.844953952501364,0.530038615202908,-0.0714974443326859,0.845541868237504,0.530407414048948,-0.0610485395348569,0.56025068989018,0.56025068989018,-0.0715584993317675,-0.0610865238198015,0.848643006263048,0,0.010471975511966,157
-0.411463682697532,0.890488997476747,-0.194234351219972,-0.447438254268323,0.870620682845541,-0.20449605184179,2.00363798128949,2.04552588333735,-0.195476876223365,-0.205948851735331,0.849164926931106,0.0418879020478635,-0.010471975511966,118
0.882906189371673,0.438278438601527,-0.168489379565003,0.874523013906403,0.449443780017772,-0.182235525492147,0.460766922526503,0.474729556542458,-0.16929693744345,-0.183259571459405,0.849686847599165,0.0139626340159547,-0.0139626340159547,181
0.853534307108793,-0.494776532028511,0.163325962241622,0.922950992700684,-0.346914471003391,0.166768746716102,5.75784120232929,5.92364748126875,0.164060949687467,0.167551608191456,0.850208768267223,0.165806278939461,0.00349065850398864,44
0.28202802252236,-0.958249016077589,-0.0471064507096427,0.307130070280739,-0.950892999260594,-0.0383878090875199,4.99862297771176,5.02480291649167,-0.0471238898038469,-0.0383972435438752,0.850730688935282,0.0261799387799151,0.00872664625997165,21
-0.271479856816811,0.928388707871233,-0.253757944584806,-0.24196124665859,0.935594720912792,-0.257132793154696,1.85528499486997,1.82386906833407,-0.256563400043166,-0.260054058547155,0.852296450939457,-0.0314159265358978,-0.00349065850398872,110
0.803738626235641,0.569078668630092,-0.17364817766693,0.79510640751811,0.584063721507759,-0.163325962241622,0.616101225953998,0.633554518473942,-0.174532925199433,-0.164060949687467,0.853340292275574,0.0174532925199431,0.010471975511966,229
0.54926665255231,0.826712772087124,0.121869343405147,0.48281301955547,0.867443789592471,0.120136838834647,0.984365698124802,1.06290551446455,0.122173047639603,0.120427718387609,0.853862212943633,0.0785398163397448,-0.00174532925199432,75
-0.440134854186876,0.890545204673226,-0.114937150492867,-0.436175429270707,0.890344825359843,-0.130526192220052,2.02981792006941,2.02632726156542,-0.115191730631626,-0.130899693899575,0.85490605427975,-0.00349065850398844,-0.015707963267949,12
0.816055894703146,0.573533688787453,-0.0714974443326859,0.794182346997108,0.602817211467491,-0.0767190281268186,0.61261056745001,0.649262481741891,-0.0715584993317675,-0.0767944870877505,0.85490605427975,0.0366519142918809,-0.005235987755983,57
0.918152774946557,0.38219011267279,-0.104528463267653,0.89143688627622,0.442513113320671,-0.0975828997591495,0.394444410950718,0.460766922526503,-0.10471975511966,-0.0977384381116825,0.856471816283925,0.0663225115757844,0.00698131700797731,8
0.723236004466013,-0.662723697064013,-0.194234351219972,0.745047386681387,-0.64538029143524,-0.168489379565003,5.541420375082,5.56934564311391,-0.195476876223365,-0.16929693744345,0.856471816283925,0.0279252680319102,0.026179938779915,10
-0.679536735129462,-0.681912915442475,-0.270600445975864,-0.67443117954772,-0.672081069944232,-0.305695304963106,3.92873614623924,3.92524548773525,-0.27401669256311,-0.310668606854991,0.856993736951983,-0.00349065850398755,-0.0366519142918809,19
-0.312141125809685,-0.916908532842941,-0.248689887164855,-0.229744560970242,-0.949650194138939,-0.213030386274977,4.38426708100976,4.47502420211346,-0.251327412287183,-0.214675497995303,0.857515657620042,0.0907571211037048,0.0366519142918809,193
-0.706684886650372,0.689624895680454,-0.158158067254484,-0.784333699717607,0.597502161172686,-0.166768746716102,2.3684117949563,2.49058484259591,-0.158824961931484,-0.167551608191456,0.8580375782881,0.122173047639603,-0.00872664625997163,32
-0.966147419195956,0.089626786233002,-0.241921895599668,-0.9726277197314,0.0169772799988957,-0.231747903494157,3.04909020323409,3.12413936106985,-0.244346095279206,-0.23387411976724,0.860125260960334,0.0750491578357564,0.010471975511966,32
0.125020923074869,0.94962819062263,-0.287360519849712,0.101511768018529,0.949869522667666,-0.295708050044047,1.43989663289532,1.46433124242324,-0.291469985083053,-0.300196631343025,0.860125260960334,0.0244346095279209,-0.0087266462599716,138
0.21894140500993,0.971519632626624,-0.0906325801977802,0.20174916814576,0.974209883932701,-0.101056297182946,1.34913951179162,1.36659280431156,-0.0907571211037051,-0.101229096615671,0.860125260960334,0.0174532925199435,-0.010471975511966,22
-0.557553983660838,0.829727860615285,-0.0261769483078731,-0.597420355763674,0.801500895755265,-0.0261769483078731,2.16246294322097,2.21133216227682,-0.0261799387799149,-0.0261799387799149,0.860647181628392,0.0488692190558413,0,75
-0.635256621387894,0.751724696766564,0.177084740319583,-0.702048352845513,0.694734746802317,0.156434465040231,2.27241868609662,2.36143047794833,0.178023583703422,0.15707963267949,0.862212943632568,0.089011791851711,-0.020943951023932,24
0.765814809137214,0.640320569839359,-0.0593063735759616,0.733138768139356,0.678893943027356,-0.0401317925325597,0.696386371545737,0.747000919853573,-0.0593411945678072,-0.0401425727958696,0.862212943632568,0.0506145483078355,0.0191986217719376,58
0.805532422244925,0.572462095346667,-0.152985836284038,0.797244401666815,0.583494696104422,-0.154710386299468,0.617846555205993,0.631809189221947,-0.153588974175501,-0.155334303427495,0.862212943632568,0.0139626340159547,-0.00174532925199433,62
0.91147797007978,0.402009684666113,-0.0871557427476582,0.915171268955973,0.396029972351862,-0.0749787268263277,0.41538836197465,0.408407044966673,-0.0872664625997165,-0.0750491578357562,0.862734864300626,-0.00698131700797733,0.0122173047639603,74
0.862726713136024,-0.474288024117508,-0.175366726091987,0.893932813298841,-0.420652851742014,-0.154710386299468,5.78053048260522,5.84336233567702,-0.176278254451427,-0.155334303427495,0.863256784968685,0.0628318530717973,0.020943951023932,32
-0.836611965543336,-0.504676603017467,-0.213030386274977,-0.840114856631834,-0.4988236985048,-0.213030386274977,3.68439005096003,3.67740873395205,-0.214675497995303,-0.214675497995303,0.864300626304802,-0.00698131700797688,0,6
-0.934921773469166,-0.343984235102968,0.0871557427476582,-0.934172387048984,-0.343708514586175,0.095845752520224,3.49414916249265,3.49414916249265,0.0872664625997165,0.0959931088596881,0.864300626304802,0,0.00872664625997165,65
0.644362485058651,-0.730885771511953,-0.224951054343865,0.66380451582761,-0.714338734753638,-0.221548497619467,5.43495529071034,5.46113522949026,-0.226892802759263,-0.223402144255274,0.86482254697286,0.0261799387799142,0.00349065850398864,52
-0.433246337230002,-0.900219395660113,0.043619387365336,-0.359996259813696,-0.932952113856357,0.00174532836589831,4.26383936262215,4.34412450821389,0.0436332312998582,0.00174532925199433,0.865344467640919,0.0802851455917395,-0.0418879020478639,97
-0.733618113890612,0.67933782205993,-0.0174524064372835,-0.722610405265502,0.690541502312614,-0.0314107590781283,2.39459173373622,2.37888377046827,-0.0174532925199433,-0.0314159265358979,0.865866388308977,-0.0157079632679489,-0.0139626340159546,70
-0.3790579938137,0.884408561920031,-0.272280247040574,-0.479902645987593,0.831215765537253,-0.280666708920788,1.97571271325758,2.0943951023932,-0.275762021815104,-0.284488668075076,0.866388308977035,0.118682389135614,-0.0087266462599716,22
0.528823631809738,0.823727461737605,-0.20449605184179,0.570146358056088,0.79344261602142,-0.213030386274977,1.00007366139275,0.947713783832921,-0.205948851735331,-0.214675497995303,0.866910229645094,-0.0523598775598302,-0.00872664625997166,13
0.551327630623867,0.820462069792877,-0.151260820247219,0.568236509549996,0.808518771031885,-0.152985836284038,0.979129710368819,0.958185759344887,-0.151843644923507,-0.153588974175501,0.867432150313152,-0.020943951023932,-0.00174532925199433,14
0.776416426413432,0.602250314011259,-0.185666615385577,0.779411681689059,0.591605666277416,-0.20620418539663,0.659734457253856,0.649262481741891,-0.186750229963393,-0.207694180987325,0.868475991649269,-0.0104719755119658,-0.020943951023932,13
0.899677947445367,0.429124368239541,-0.0801989243288589,0.877765251443321,0.468682995925289,-0.099319749743639,0.445058959258554,0.490437519810407,-0.0802851455917391,-0.0994837673636768,0.868475991649269,0.0453785605518524,-0.0191986217719376,57
0.00346078840847085,0.991438821152433,0.130526192220052,-0.106921917167108,0.984232973674313,0.140901231937583,1.56730566829091,1.67900674041855,0.130899693899575,0.141371669411541,0.868997912317328,0.111701072127637,0.010471975511966,20
0.881428036544212,0.39059514187858,0.265556117486809,0.879570048336711,0.404557021492217,0.250380004054441,0.417133691226645,0.431096325242599,0.268780704807127,0.253072741539178,0.869519832985386,0.0139626340159547,-0.0157079632679489,17
0.359039947205217,-0.837702959868652,-0.411514358605109,0.371516437656305,-0.826661563999705,-0.422618261740699,5.11730536684737,5.13475865936732,-0.424115008234622,-0.436332312998582,0.870041753653445,0.0174532925199431,-0.0122173047639603,26
-0.445689692670836,-0.882315624992051,-0.151260820247219,-0.428554215261542,-0.890469886339812,-0.152985836284038,4.24464074085021,4.26383936262215,-0.151843644923507,-0.153588974175501,0.871085594989562,0.0191986217719382,-0.00174532925199433,15
-0.927925035302965,-0.363649844852813,0.0819385086300409,-0.929068641184075,-0.36222872676236,0.0749787268263277,3.51509311351658,3.51334778426459,0.0820304748437335,0.0750491578357562,0.871085594989562,-0.00174532925199378,-0.00698131700797733,106
-0.0972561644942159,-0.974381111942275,0.202787295356512,-0.0852194242459057,-0.974062476341909,0.209618562903822,4.61290521302101,4.62512251778497,0.204203522483337,0.211184839491314,0.87160751565762,0.0122173047639595,0.00698131700797733,33
-0.836004886822362,0.526460374178531,0.154710386299468,-0.861242955912646,0.489254093141275,0.137444546037147,2.57959663444762,2.62497519499947,0.155334303427495,0.137881010907552,0.872651356993737,0.0453785605518529,-0.0174532925199433,34
-0.7416865557548,0.670165229703521,-0.0279216387235689,-0.753534698916706,0.657350214959046,-0.00872653549837393,2.40680903850018,2.42426233102012,-0.0279252680319093,-0.00872664625997165,0.872651356993737,0.0174532925199431,0.0191986217719376,58
-0.584222780918234,0.792420503038597,0.175366726091987,-0.569078668630092,0.803738626235641,0.17364817766693,2.20609617452083,2.18689755274889,0.176278254451427,0.174532925199433,0.873695198329854,-0.0191986217719382,-0.00174532925199433,11
-0.460660257627403,0.834484617120184,-0.302369890750444,-0.41542318715648,0.855530287459319,-0.309016994374947,2.07519648062126,2.02283660306143,-0.307177948351002,-0.314159265358979,0.873695198329854,-0.0523598775598297,-0.00698131700797733,128
0.848796131180706,0.51607613695001,-0.114937150492867,0.847061084880152,0.521115456351625,-0.104528463267653,0.546288055874225,0.551524043630208,-0.115191730631626,-0.10471975511966,0.874739039665971,0.00523598775598311,0.010471975511966,47
0.559709352296929,0.826687258733041,-0.0575640269595673,0.559532701573268,0.826426346704508,-0.0627905195293134,0.97563905186483,0.97563905186483,-0.0575958653158129,-0.0628318530717959,0.875260960334029,0,-0.005235987755983,29
0.353018147072514,0.914867911992753,-0.195946144242518,0.371705862182634,0.906312540819491,-0.201077921145965,1.20253185462409,1.18158790360016,-0.197222205475359,-0.202458193231342,0.875782881002088,-0.0209439510239324,-0.005235987755983,96
0.846414778602918,-0.510590037917616,0.151260820247219,0.913540318565257,-0.380270132390457,0.144356201000973,5.74038790980935,5.88874089622887,0.151843644923507,0.144862327915529,0.876826722338205,0.148352986419519,-0.0069813170079773,344
0.110749724869987,-0.915186411993701,-0.387515586452103,0.116963588919578,-0.913043648516625,-0.390731128489274,4.8328166987723,4.83979801578028,-0.397935069454707,-0.401425727958696,0.877348643006263,0.00698131700797777,-0.00349065850398861,33
0.681042709973029,-0.725236824762963,-0.101056297182946,0.695082028627068,-0.712277018549858,-0.0975828997591495,5.46637121724624,5.48556983901818,-0.101229096615671,-0.0977384381116825,0.877870563674321,0.0191986217719373,0.00349065850398866,95
0.265628753622969,0.945004387572937,-0.190808995376545,0.271109039472038,0.945469580110622,-0.18051914525056,1.29677963423179,1.2915436464758,-0.191986217719376,-0.18151424220741,0.878914405010438,-0.00523598775598266,0.010471975511966,99
-0.980239789131798,-0.0633892636569738,0.187381314585725,-0.980886536668158,-0.0634310869440473,0.18395135061272,3.20616983591358,3.20616983591358,0.188495559215388,0.185004900711399,0.879436325678497,0,-0.00349065850398869,10
0.822699377213797,0.559105919404251,-0.102792536787247,0.81264835555966,0.575387108632925,-0.0923705874465616,0.596902604182061,0.616101225953998,-0.102974425867665,-0.0925024503556995,0.879958246346555,0.0191986217719378,0.010471975511966,11
0.975758200587391,0.0939548284055028,0.197657340379126,0.977222324824629,0.0854958751666032,0.194234351219972,0.0959931088596881,0.0872664625997165,0.198967534727354,0.195476876223365,0.880480167014614,-0.00872664625997155,-0.00349065850398866,27
-0.0136312209157959,0.976200841699427,-0.216439613938103,0.0238250227498385,0.97485826225843,-0.221548497619467,1.58475896081085,1.54636171726698,-0.218166156499291,-0.223402144255274,0.881002087682672,-0.0383972435438755,-0.005235987755983,75
0.738917365198351,0.628867970115978,0.241921895599668,0.718799533782648,0.651767617071691,0.241921895599668,0.705113017805709,0.736528944341607,0.244346095279206,0.244346095279206,0.881524008350731,0.0314159265358978,0,36
0.91536790702244,-0.362419792744733,0.175366726091987,0.928605706173353,-0.327013690603415,0.175366726091987,5.90619418874881,5.94459143229269,0.176278254451427,0.176278254451427,0.882045929018789,0.0383972435438755,0,74
0.451734246408574,-0.856790237248073,-0.248689887164855,0.555804589988455,-0.79377121733013,-0.246999012722743,5.19759051243911,5.32325421858271,-0.251327412287183,-0.249582083035189,0.882567849686848,0.125663706143591,0.00174532925199436,45
0.964174866596334,0.132075527799914,-0.230049737188104,0.954618054523534,0.208140396130201,-0.213030386274977,0.136135681655558,0.214675497995303,-0.232128790515246,-0.214675497995303,0.883089770354906,0.0785398163397448,0.0174532925199433,8
0.919027553504001,-0.384437553325055,-0.0871557427476582,0.924066093915317,-0.373346936346842,-0.0819385086300409,5.88699556697687,5.89921287174083,-0.0872664625997165,-0.0820304748437335,0.884133611691023,0.0122173047639604,0.00523598775598298,24
-0.963878073174635,-0.25107143214188,0.0888942968664415,-0.965607379167071,-0.244336229983853,0.0888942968664415,3.39641072438097,3.38942940737299,0.0890117918517108,0.0890117918517108,0.884655532359081,-0.00698131700797777,0,11
-0.138023327122889,0.957815535374549,-0.252069358243114,-0.135644453047634,0.953087604050683,-0.270600445975864,1.71391332545843,1.71216799620644,-0.254818070791172,-0.27401669256311,0.88517745302714,-0.00174532925199422,-0.0191986217719377,68
0.261780098949382,0.943948541723366,-0.201077921145965,0.27575507392292,0.936935365151844,-0.214735327167063,1.30027029273578,1.28456232946783,-0.202458193231342,-0.216420827247297,0.885699373695198,-0.0157079632679489,-0.0139626340159546,82
0.735902165957984,0.674330095694244,-0.0610485395348569,0.727759863754527,0.683412001290723,-0.0575640269595673,0.74176493209759,0.75398223686155,-0.0610865238198015,-0.0575958653158129,0.886221294363257,0.0122173047639604,0.00349065850398866,17
-0.586590941724574,0.795632598216548,0.151260820247219,-0.63688134910973,0.756320916157515,0.14953534344371,2.20609617452083,2.27067335684462,0.151843644923507,0.150098315671512,0.886743215031315,0.0645771823237897,-0.00174532925199433,124
0.942170965419765,-0.275510070965439,0.190808995376545,0.94785592729811,-0.253977230260582,0.192521966525907,5.99869663910451,6.02138591938044,0.191986217719376,0.193731546971371,0.887787056367432,0.0226892802759275,0.00174532925199433,92
0.530066504505382,-0.806949132088447,-0.260504508642648,0.496731892836016,-0.829978513095154,-0.253757944584806,5.2935836212988,5.25169571925094,-0.263544717051144,-0.256563400043166,0.887787056367432,-0.041887902047864,0.00698131700797733,71
0.478455480368757,-0.818778424440183,0.317304656405092,0.451701987357481,-0.831931569478462,0.322265695230511,5.24122374373897,5.20980781720307,0.322885911618951,0.328121899374934,0.888308977035491,-0.0314159265358978,0.005235987755983,52
0.34461675202361,-0.874860592335407,-0.34037955021305,0.229924079943607,-0.915366130939689,-0.330514392713223,5.08763476956347,4.95848040491589,-0.347320521146872,-0.336848545634906,0.888830897703549,-0.12915436464758,0.0104719755119659,100
-0.836722058882605,-0.518789656372438,-0.175366726091987,-0.837626242785557,-0.517328511467065,-0.175366726091987,3.69660735572399,3.694862026472,-0.176278254451427,-0.176278254451427,0.889352818371608,-0.00174532925199467,0,12
0.322046419024157,0.930014569100755,-0.177084740319583,0.231849191667538,0.958349694757529,-0.166768746716102,1.23743843966398,1.33343154852367,-0.178023583703422,-0.167551608191456,0.890396659707724,0.0959931088596884,0.010471975511966,20
0.441241571978339,0.836889109348383,-0.323917418198149,0.442965412455847,0.836616079839144,-0.322265695230511,1.08559479474047,1.08384946548848,-0.329867228626928,-0.328121899374934,0.890918580375783,-0.00174532925199422,0.00174532925199428,7
0.995891076913623,-0.0783783275645093,-0.0453629881292538,0.99702674399081,-0.0470185876834388,-0.0610485395348569,6.20464549083984,6.23606141737574,-0.0453785605518526,-0.0610865238198015,0.891440501043841,0.0314159265358978,-0.015707963267949,62
0.989925650494257,-0.0588124204207998,0.128795596577563,0.991234688356069,-0.0294191587554224,0.128795596577563,6.22384411261178,6.25351470989568,0.12915436464758,0.12915436464758,0.8919624217119,0.0296705972839035,0,66
0.500176837711051,-0.835734596540395,-0.226651307436855,0.49664383533505,-0.836443548632993,-0.231747903494157,5.25169571925094,5.24820506074695,-0.228638132011257,-0.23387411976724,0.892484342379958,-0.00349065850398844,-0.00523598775598302,67
0.887749127172753,-0.460165439917653,-0.0122170008352472,0.929152042215869,-0.367877317944866,0.0366437087065563,5.80496509213314,5.90619418874881,-0.0122173047639603,0.0366519142918809,0.893528183716075,0.10122909661567,0.0488692190558412,83
0.443287939842714,-0.847931622848898,0.290702193598252,0.508718221133506,-0.810966332125947,0.289031796944472,5.19409985393512,5.27263967027487,0.294960643587042,0.293215314335047,0.893528183716075,0.0785398163397453,-0.00174532925199428,65
-0.838286950069149,-0.536106870553461,-0.099319749743639,-0.797177696781039,-0.596365110581783,-0.0941083133185143,3.71056998973994,3.78387381832371,-0.0994837673636768,-0.0942477796076938,0.894050104384134,0.0733038285837622,0.00523598775598298,30
-0.929127075024851,-0.338174599159866,0.14953534344371,-0.924797177801989,-0.351297493152898,0.146083028562412,3.49065850398866,3.50462113800461,0.150098315671512,0.146607657167524,0.894572025052192,0.0139626340159547,-0.00349065850398864,27
0.21400604939265,0.965318906830547,-0.14953534344371,0.172910896960728,0.970716233938105,-0.166768746716102,1.35263017029561,1.39451807234347,-0.150098315671512,-0.167551608191456,0.89509394572025,0.041887902047864,-0.0174532925199433,69
0.226511038868329,-0.943486378121197,-0.241921895599668,0.204219228261936,-0.944551339786548,-0.257132793154696,4.94800842940392,4.925319149128,-0.244346095279206,-0.260054058547155,0.896659707724426,-0.0226892802759258,-0.015707963267949,4
0.0709785562745597,-0.943984568849923,-0.322265695230511,0.110380476173296,-0.939624210345605,-0.323917418198149,4.78743813822045,4.82932604026831,-0.328121899374934,-0.329867228626928,0.897181628392484,0.041887902047864,-0.00174532925199428,233
-0.974682435237459,-0.0904185557321989,0.20449605184179,-0.946183250963486,-0.235909980286394,0.221548497619467,3.23409510394549,3.385938748869,0.205948851735331,0.223402144255274,0.897703549060543,0.151843644923506,0.0174532925199433,59
-0.808169267118703,0.570100704846378,-0.147809411129611,-0.813524847785173,0.559120137232025,-0.159881187691835,2.52723675688779,2.53945406165175,-0.148352986419518,-0.160570291183478,0.898225469728601,0.0122173047639604,-0.0122173047639603,17
-0.976273448756949,0.0957244485926613,-0.194234351219972,-0.972325530338486,0.124557773126495,-0.197657340379126,3.04385421547811,3.01418361819421,-0.195476876223365,-0.198967534727354,0.89874739039666,-0.0296705972839035,-0.00349065850398866,31
0.722653288063559,0.657563897864277,0.213030386274977,0.701642121115104,0.679938518103388,0.213030386274977,0.738274273593601,0.769690200129499,0.214675497995303,0.214675497995303,0.899269311064718,0.0314159265358978,0,9
0.295080395073466,0.935875447294288,-0.192521966525907,0.276964307658821,0.941043988923592,-0.194234351219972,1.26536370769589,1.28456232946783,-0.193731546971371,-0.195476876223365,0.900313152400835,0.0191986217719373,-0.00174532925199433,27
0.369737746806172,0.929109929228693,-0.00698126029796155,0.310676429630732,0.950515731627784,0,1.19205987911213,1.25489173218392,-0.00698131700797732,0,0.900313152400835,0.062831853071796,0.00698131700797732,24
0.843685249516595,0.533355674544465,-0.0610485395348569,0.799385188181981,0.593675833675278,-0.0923705874465616,0.563741348394168,0.638790506229925,-0.0610865238198015,-0.0925024503556995,0.900835073068894,0.0750491578357559,-0.0314159265358979,69
0.591149862457682,-0.790206330727017,0.161603821103361,0.598023116878433,-0.785017551831675,0.161603821103361,5.3546701451186,5.36339679137857,0.162315620435473,0.162315620435473,0.90187891440501,0.0087266462599711,0,64
-0.72903546992249,0.62045781802629,-0.289031796944472,-0.819770301913555,0.508279121745651,-0.263873049965373,2.43647963578408,2.5865779514556,-0.293215314335047,-0.267035375555132,0.902922755741127,0.150098315671512,0.0261799387799149,32
0.0657069179947798,0.989265138409396,-0.130526192220052,0.0519346408796507,0.99097198145269,-0.123601476740493,1.50447381521911,1.51843644923507,-0.130899693899575,-0.123918376891597,0.903966597077244,0.0139626340159547,0.00698131700797731,24
0.929718307876009,-0.312884778802559,-0.194234351219972,0.946869244333842,-0.25371284935712,-0.197657340379126,5.95855406630864,6.02138591938044,-0.195476876223365,-0.198967534727354,0.90553235908142,0.0628318530717964,-0.00349065850398866,67
-0.954564458945583,-0.0902329080249505,0.284015344703923,-0.960738798730567,-0.0857436535011156,0.263873049965373,3.23584043319749,3.2306044454415,0.287979326579064,0.267035375555132,0.906054279749478,-0.00523598775598311,-0.0209439510239319,15
-0.273972769547004,-0.955456593737318,-0.109734311091045,-0.305500477493769,-0.945847682885809,-0.109734311091045,4.4331363000656,4.3999750442777,-0.109955742875643,-0.109955742875643,0.906576200417537,-0.0331612557878929,0,8
0.852432072206256,-0.458987380920049,-0.250380004054441,0.848872145704982,-0.46089996977483,-0.258819045102521,5.78925712886519,5.7857664703612,-0.253072741539178,-0.261799387799149,0.907098121085595,-0.00349065850398844,-0.0087266462599716,11
-0.12313113580519,-0.988555815268631,-0.0871557427476582,-0.105978696752439,-0.991667626937649,-0.0732381971276317,4.58847060349309,4.60592389601304,-0.0872664625997165,-0.0733038285837618,0.907620041753653,0.0174532925199431,0.0139626340159546,1
0.326876284601245,-0.888423725619077,0.322265695230511,0.241383191076681,-0.913598709310242,0.327217898979104,5.06494548928754,4.97069770967985,0.328121899374934,0.333357887130917,0.90866388308977,-0.0942477796076941,0.005235987755983,27
0.404947913272815,-0.884482954477957,0.231747903494157,0.421853096853131,-0.876545990750905,0.231747903494157,5.14173997637529,5.16093859814723,0.23387411976724,0.23387411976724,0.909185803757829,0.0191986217719373,0,33
-0.635455146103176,0.751959619042651,-0.175366726091987,-0.556309438777209,0.800424383704347,-0.223250116010951,2.27241868609662,2.17817090648892,-0.176278254451427,-0.225147473507269,0.909707724425887,-0.0942477796076937,-0.0488692190558412,5
-0.30874115758623,0.939041565571223,-0.151260820247219,-0.369174441612538,0.918350270283675,-0.142628933705512,1.88844625065786,1.95302343298165,-0.151843644923507,-0.143116998663535,0.910229645093946,0.0645771823237902,0.00872664625997166,200
-0.964428642077289,0.14930144196881,0.218143241396543,-0.968267517512827,0.136081125126465,0.209618562903822,2.98800367941429,3.00196631343025,0.219911485751285,0.211184839491314,0.910751565762004,0.0139626340159551,-0.0087266462599716,22
0.732961729168083,0.615027916612,-0.290702193598252,0.758474323276652,0.584103861727582,-0.289031796944472,0.698131700797732,0.656243798749868,-0.294960643587042,-0.293215314335047,0.911273486430063,-0.041887902047864,0.00174532925199428,21
-0.793985584441385,-0.519569607630815,-0.315649036947102,-0.786552467483568,-0.536549714769307,-0.305695304963106,3.72104196525191,3.74024058702385,-0.321140582366957,-0.310668606854991,0.911795407098121,0.0191986217719378,0.0104719755119659,10
-0.804690798500725,0.518587831676868,-0.289031796944472,-0.842317922422231,0.461155592308392,-0.278991106039229,2.56912465893565,2.64068315826742,-0.293215314335047,-0.282743338823081,0.91231732776618,0.0715584993317679,0.010471975511966,54
0.738617456268505,0.672090173250271,-0.0523359562429438,0.692108494091433,0.719207138609699,-0.0610485395348569,0.738274273593601,0.804596785169386,-0.0523598775598299,-0.0610865238198015,0.912839248434238,0.0663225115757848,-0.00872664625997165,75
0.647800093016188,0.761162534352784,-0.0314107590781283,0.633191801964668,0.773609210516171,-0.0244321781526532,0.865683308989187,0.884881930761125,-0.0314159265358979,-0.0244346095279206,0.913883089770355,0.0191986217719378,0.00698131700797732,31
0.850636176163802,0.523314867184011,-0.0505929400767133,0.849893706751622,0.520815533332562,-0.0801989243288589,0.551524043630208,0.549778714378214,-0.0506145483078356,-0.0802851455917391,0.913883089770355,-0.00174532925199422,-0.0296705972839036,43
0.396941107672371,-0.891544324906418,-0.218143241396543,0.397550859730857,-0.892913850452744,-0.211324796455389,5.13126800086333,5.13126800086333,-0.219911485751285,-0.212930168743308,0.914926931106472,0,0.00698131700797733,14
0.584137475306268,-0.780832679352866,0.221548497619467,0.638972534832166,-0.737650070130252,0.218143241396543,5.3546701451186,5.42622864445037,0.223402144255274,0.219911485751285,0.91544885177453,0.0715584993317666,-0.00349065850398869,55
-0.978359953443833,-0.0170773365105297,-0.20620418539663,-0.984393489824323,-0.0447010468013796,-0.170209499166033,3.15904594610974,3.18697121414165,-0.207694180987325,-0.171042266695444,0.915970772442589,0.0279252680319098,0.0366519142918809,25
0.145739493615521,0.975165721874714,0.166768746716102,0.113327574898143,0.979461610215759,0.166768746716102,1.42244334037538,1.45560459616327,0.167551608191456,0.167551608191456,0.916492693110647,0.0331612557878924,0,28
0.341452550258622,0.918138238801489,0.201077921145965,0.309316896715733,0.93528789251399,0.17192910027941,1.21474915938805,1.25140107367993,0.202458193231342,0.172787595947439,0.917536534446764,0.0366519142918813,-0.0296705972839036,68
0.787574039141272,0.597801232795545,-0.14953534344371,0.759502203117811,0.630550877631171,-0.159881187691835,0.649262481741891,0.692895713041749,-0.150098315671512,-0.160570291183478,0.918058455114823,0.0436332312998582,-0.010471975511966,47
0.234386027820507,-0.954248970601377,-0.185666615385577,0.263948228212073,-0.951766563276566,-0.156434465040231,4.95324441715991,4.98291501444381,-0.186750229963393,-0.15707963267949,0.919102296450939,0.0296705972839035,0.0296705972839036,24
0.157773165278535,0.963463295531447,0.216439613938103,0.111761427875484,0.965925797012077,0.233445363855905,1.40848070635942,1.45560459616327,0.218166156499291,0.235619449019234,0.919624217118998,0.0471238898038466,0.0174532925199433,29
0.628813407468229,0.776519888873632,0.0401317925325597,0.599893554776192,0.798983199174261,0.0418756537291996,0.890117918517108,0.926769832808989,0.0401425727958696,0.0418879020478639,0.920146137787056,0.0366519142918809,0.00174532925199433,13
0.865465906029307,0.469909646521356,0.17364817766693,0.88832406644374,0.408583419956064,0.209618562903822,0.497418836818384,0.431096325242599,0.174532925199433,0.211184839491314,0.920668058455115,-0.0663225115757844,0.0366519142918809,13
0.955685423779627,0.177125823698305,-0.23514211310259,0.956599747886795,0.172119461388214,-0.23514211310259,0.183259571459405,0.178023583703422,-0.237364778271229,-0.237364778271229,0.921189979123173,-0.00523598775598311,0,28
0.850808953711771,-0.471611104099495,0.231747903494157,0.864885466930576,-0.442584253742132,0.236838146065619,5.77703982410123,5.81020107988912,0.23387411976724,0.239110107523223,0.92223382045929,0.033161255787892,0.00523598775598294,43
-0.066986701271573,0.957954458522826,0.278991106039229,-0.0652814359157359,0.957582650546862,0.280666708920788,1.64060949687467,1.63886416762268,0.282743338823081,0.284488668075076,0.922755741127349,-0.00174532925199422,0.00174532925199433,13
0.61641642675243,0.783325552606488,-0.0801989243288589,0.595295219784976,0.801565693428465,-0.0558215049931638,0.904080552533063,0.932005820564972,-0.0802851455917391,-0.0558505360638185,0.923277661795407,0.0279252680319093,0.0244346095279206,5
0.721525873233155,0.654239710727114,0.226651307436855,0.693681120929896,0.686454680731695,0.218143241396543,0.736528944341607,0.780162175641465,0.228638132011257,0.219911485751285,0.923799582463466,0.0436332312998582,-0.00872664625997166,25
-0.114205179769325,-0.972182360308484,0.20449605184179,-0.193266034045,-0.958492722022788,0.209618562903822,4.59545192050107,4.51342144565734,0.205948851735331,0.211184839491314,0.924321503131524,-0.0820304748437337,0.005235987755983,68
-0.619217062760114,-0.778462538319975,-0.102792536787247,-0.539728427223202,-0.837494581528092,-0.0854169231373675,4.04043721836687,4.13992098573055,-0.102974425867665,-0.0855211333477222,0.925365344467641,0.0994837673636768,0.0174532925199433,29
-0.958309967252254,-0.184541412420068,0.218143241396543,-0.958767654579413,-0.188102735375711,0.213030386274977,3.33183354205718,3.33532420056116,0.219911485751285,0.214675497995303,0.925365344467641,0.00349065850398755,-0.00523598775598294,103
-0.960904160477006,-0.198993685284174,-0.192521966525907,-0.959270427252962,-0.221465028340137,-0.175366726091987,3.34579617607313,3.36848545634906,-0.193731546971371,-0.176278254451427,0.925887265135699,0.0226892802759266,0.0174532925199433,91
-0.661586867302822,0.747787922203038,-0.0558215049931638,-0.672319694097139,0.738869696385712,-0.0453629881292538,2.29510796637254,2.3090706003885,-0.0558505360638185,-0.0453785605518526,0.926931106471816,0.0139626340159551,0.010471975511966,24
-0.207777177075463,0.969193939272583,0.132256390257122,-0.214226785302792,0.966314582177492,0.142628933705512,1.78198116628621,1.78896248329419,0.132645023151569,0.143116998663535,0.926931106471816,0.00698131700797733,0.010471975511966,12
0.359731460380557,0.932265870085316,-0.0383878090875199,0.341902941564695,0.939370611594112,0.0261769483078731,1.20253185462409,1.22173047639603,-0.0383972435438752,0.0261799387799149,0.927453027139875,0.0191986217719373,0.0645771823237902,8
0.220622100803258,0.9632866772325,-0.152985836284038,0.106669704422626,0.981911315906873,-0.156434465040231,1.34564885328763,1.46258591317125,-0.153588974175501,-0.15707963267949,0.927974947807933,0.11693705988362,-0.00349065850398866,61
0.929809935596547,0.342103444976477,-0.135715572434304,0.928160425600392,0.345179768118669,-0.139173100960065,0.352556508902855,0.356047167406843,-0.136135681655558,-0.139626340159546,0.928496868475992,0.00349065850398844,-0.00349065850398866,24
0.501480759020708,-0.858181466416858,0.109734311091045,0.508116488377452,-0.852373339087126,0.123601476740493,5.24122374373897,5.24995038999894,0.109955742875643,0.123918376891597,0.930584551148225,0.00872664625997199,0.0139626340159546,41
0.190436383467133,-0.919582512974926,0.343659694585616,0.213518553354874,-0.917541318810947,0.335451569750255,4.91659250286803,4.94102711239595,0.35081117965086,0.342084533390889,0.930584551148225,0.0244346095279209,-0.00872664625997166,43
-0.961592923909188,0.195638291478883,-0.192521966525907,-0.973321583886743,0.159387521907644,-0.165047605860678,2.94087978961045,2.97927703315432,-0.193731546971371,-0.165806278939461,0.932150313152401,0.0383972435438751,0.0279252680319093,53
-0.0943896401752059,0.980273893470875,-0.17364817766693,-0.0846861695189046,0.987821424062441,-0.130526192220052,1.66678943565458,1.65631746014262,-0.174532925199433,-0.130899693899575,0.932672233820459,-0.0104719755119662,0.0436332312998582,561
0.645409516997552,0.76373902627768,0.0122170008352472,0.618314208763613,0.785737203364188,0.0174524064372835,0.869173967493176,0.904080552533063,0.0122173047639603,0.0174532925199433,0.933194154488518,0.0349065850398866,0.00523598775598299,47
0.901064669581234,0.433653140096112,0.00523596383141958,0.91192007315787,0.40983313094621,0.020942419883357,0.448549617762543,0.422369678982628,0.00523598775598299,0.020943951023932,0.933716075156576,-0.0261799387799151,0.015707963267949,62
0.393520589963882,-0.913744586891846,-0.101056297182946,0.343708514586175,-0.934172387048984,-0.095845752520224,5.11905069609937,5.06494548928754,-0.101229096615671,-0.0959931088596881,0.934237995824635,-0.0541052068118244,0.005235987755983,7
-0.981196789057117,0.0462720659591612,-0.187381314585725,-0.978435958643969,-0.0119544450882849,-0.20620418539663,3.09446876378595,3.15380995835375,-0.188495559215388,-0.207694180987325,0.934759916492693,0.0593411945678066,-0.0191986217719376,197
-0.124260990376693,0.983627022511652,-0.130526192220052,-0.146578330546061,0.980778510835428,-0.128795596577563,1.69646003293849,1.71914931321441,-0.130899693899575,-0.12915436464758,0.935281837160752,0.0226892802759262,0.0017453292519943,49
-0.725368901593836,0.606502541959977,-0.325568154457157,-0.759794789664464,0.568399123040404,-0.315649036947102,2.44520628204406,2.49931148885588,-0.331612557878923,-0.321140582366957,0.936325678496868,0.054105206811824,0.010471975511966,124
0.533408131002125,0.837283049951232,0.120136838834647,0.623910127360865,0.767721239606267,0.146083028562412,1.00356431989674,0.888372589265114,0.120427718387609,0.146607657167524,0.936325678496868,-0.115191730631626,0.0261799387799149,42
-0.24715918205126,-0.955693645762072,-0.159881187691835,-0.130125083545083,-0.975242139420704,-0.17880221511635,4.45931623884551,4.57974395723312,-0.160570291183478,-0.179768912955416,0.936847599164927,0.120427718387607,-0.0191986217719377,96
-0.972183289427916,-0.0339493885538412,-0.231747903494157,-0.97461323273616,-0.0323312507974572,-0.221548497619467,3.17649923862968,3.17475390937769,-0.23387411976724,-0.223402144255274,0.937369519832985,-0.00174532925199422,0.010471975511966,13
-0.218998352233248,0.956197018676213,-0.194234351219972,-0.271109039472038,0.945469580110622,-0.18051914525056,1.79594380030217,1.85004900711399,-0.195476876223365,-0.18151424220741,0.938413361169102,0.0541052068118244,0.0139626340159546,23
-0.131001206123418,0.981808372728025,-0.137444546037147,-0.12606266621017,0.984073058645698,-0.125333233564304,1.70344134994647,1.69820536219048,-0.137881010907552,-0.125663706143592,0.938413361169102,-0.00523598775598266,0.0122173047639603,39
0.0607776039554709,0.993705040855573,-0.0941083133185143,-0.0487057974203677,0.995862408177416,-0.0767190281268186,1.5097098029751,1.61966554585074,-0.0942477796076938,-0.0767944870877505,0.939457202505219,0.109955742875643,0.0174532925199433,161
0.0581566992738296,0.978888608007093,0.195946144242518,0.0460940852756394,0.97742271777748,0.20620418539663,1.51145513222709,1.52367243699105,0.197222205475359,0.207694180987325,0.939457202505219,0.0122173047639604,0.010471975511966,49
0.0275387102443802,-0.985901063615277,-0.165047605860678,0.157152871046319,-0.970291129367704,-0.18395135061272,4.7403142484166,4.87295927156817,-0.165806278939461,-0.185004900711399,0.940501043841336,0.132645023151569,-0.0191986217719376,109
-0.147569808482281,-0.975759886769945,0.161603821103361,-0.145381119904812,-0.972767787384651,0.18051914525056,4.56229066471318,4.56403599396517,0.162315620435473,0.18151424220741,0.940501043841336,0.00174532925199422,0.0191986217719376,25
-0.965594827632935,0.0252849904240084,-0.258819045102521,-0.965277104494776,0.0353951046106764,-0.258819045102521,3.11541271480988,3.10494073929791,-0.261799387799149,-0.261799387799149,0.941544885177453,-0.0104719755119662,0,12
-0.6938617691523,-0.716009801631316,0.0767190281268186,-0.677252741238645,-0.731366431429031,0.0801989243288589,3.94269878025519,3.96538806053112,0.0767944870877505,0.0802851455917391,0.942066805845512,0.0226892802759258,0.00349065850398865,25
0.0728502410034383,0.99203152004691,-0.102792536787247,0.102131771525409,0.98830872384984,-0.113203213767907,1.49749249821113,1.46782190092723,-0.102974425867665,-0.113446401379631,0.94258872651357,-0.0296705972839035,-0.010471975511966,97
-0.403790788645237,-0.906928960260987,-0.120136838834647,-0.397931306915808,-0.9108287742192,-0.109734311091045,4.29350995990605,4.30049127691403,-0.120427718387609,-0.109955742875643,0.943110647181628,0.00698131700797688,0.010471975511966,12
-0.63593294333105,-0.765984932587223,0.0941083133185143,-0.621110796975774,-0.778052056898806,0.0941083133185143,4.01949326734294,4.03869188911488,0.0942477796076938,0.0942477796076938,0.943632567849687,0.0191986217719373,0,38
0.0660217082003405,0.994004532460699,-0.0871557427476582,0.0573361347421417,0.99438944666436,-0.0888942968664415,1.50447381521911,1.51320046147908,-0.0872664625997165,-0.0890117918517108,0.944676409185804,0.00872664625997155,-0.00174532925199433,82
0.694115238012894,0.694115238012894,-0.190808995376545,0.678453573340089,0.702559241693196,-0.214735327167063,0.785398163397448,0.802851455917391,-0.191986217719376,-0.216420827247297,0.945198329853862,0.0174532925199431,-0.0244346095279206,43
-0.700523915560064,0.712858315427702,-0.0331551783885263,-0.736095965980042,0.676874938741865,-0.00174532836589831,2.34746784393237,2.39808239224021,-0.0331612557878923,-0.00174532925199433,0.945720250521921,0.0506145483078355,0.0314159265358979,29
-0.850144864332021,0.502774271216684,-0.156434465040231,-0.832420406682196,0.526234336519389,-0.17364817766693,2.60752190247953,2.57785130519562,-0.15707963267949,-0.174532925199433,0.946242171189979,-0.029670597283904,-0.0174532925199433,4
-0.275234007495028,0.959855053174376,-0.0540788129847753,-0.346702647431253,0.937259042568483,-0.0366437087065563,1.85004900711399,1.92509816494975,-0.0541052068118242,-0.0366519142918809,0.946764091858038,0.0750491578357559,0.0174532925199433,6
-0.613548526385122,0.760379024101914,-0.213030386274977,-0.638158736855092,0.744552573786435,-0.195946144242518,2.24972940582069,2.27940000310459,-0.214675497995303,-0.197222205475359,0.947286012526096,0.0296705972839035,0.0174532925199433,9
0.414440622737449,0.909406947056656,0.034899496702501,0.392184150262687,0.919462872754373,0.0279216387235689,1.14319066005629,1.16762526958421,0.0349065850398866,0.0279252680319093,0.947807933194154,0.0244346095279209,-0.00698131700797732,32
-0.551662319651804,-0.824063334567569,-0.128795596577563,-0.525965683145161,-0.838461142464976,-0.142628933705512,4.12246769321061,4.15213829049451,-0.12915436464758,-0.143116998663535,0.948329853862213,0.0296705972839035,-0.0139626340159546,40
-0.00347458114853868,-0.995390134072904,0.095845752520224,0.0259873576219486,-0.992417148783034,0.120136838834647,4.7088983218807,4.7385689191646,0.0959931088596881,0.120427718387609,0.948851774530271,0.0296705972839035,0.0244346095279206,12
-0.896340867034946,0.322702568857639,-0.30403306092549,-0.91244709087657,0.27201229177079,-0.305695304963106,2.79601746169492,2.85186799775873,-0.308923277602996,-0.310668606854991,0.949895615866388,0.0558505360638191,-0.00174532925199433,4
-0.859858233946427,0.410131339181497,-0.30403306092549,-0.848152686173342,0.419183166557042,-0.323917418198149,2.69653369433124,2.68257106031528,-0.308923277602996,-0.329867228626928,0.949895615866388,-0.0139626340159547,-0.0209439510239319,21
-0.696549313915209,-0.703882022254732,-0.139173100960065,-0.696719109525502,-0.70405360533601,-0.137444546037147,3.93222680474322,3.93222680474322,-0.139626340159546,-0.137881010907552,0.950417536534447,0,0.0017453292519943,150
-0.887573509339855,-0.387771331508747,-0.248689887164855,-0.862625863954468,-0.43952983107692,-0.250380004054441,3.55349035706046,3.61283155162826,-0.251327412287183,-0.253072741539178,0.950939457202505,0.0593411945678066,-0.00174532925199433,100
0.119109051524305,0.984264165247072,-0.130526192220052,0.110329299582493,0.983607865423851,-0.142628933705512,1.45036860840729,1.45909525466726,-0.130899693899575,-0.143116998663535,0.951983298538622,0.00872664625997199,-0.0122173047639603,112
0.585499395038537,0.779811978371751,-0.221548497619467,0.554476264454527,0.797786791520613,-0.236838146065619,0.926769832808989,0.96342174710087,-0.223402144255274,-0.239110107523223,0.952505219206681,0.0366519142918813,-0.0157079632679489,87
-0.675848917055006,-0.724759231353855,-0.133986185418292,-0.660148398494951,-0.735747413330615,-0.151260820247219,3.96189740202713,3.98109602379907,-0.134390352403563,-0.151843644923507,0.953027139874739,0.0191986217719378,-0.0174532925199433,108
-0.899942150190057,-0.400680060382856,0.17192910027941,-0.884954266577325,-0.437371640471622,0.159881187691835,3.56047167406843,3.6006142468643,0.172787595947439,0.160570291183478,0.953549060542798,0.0401425727958697,-0.0122173047639603,66
-0.0662657243533769,0.997678372001111,0.0157073173118207,-0.107986032093527,0.994028318035035,0.0157073173118207,1.63711883837068,1.67900674041855,0.015707963267949,0.015707963267949,0.954592901878914,0.041887902047864,0,60
0.0966567856616728,0.985782157756061,-0.137444546037147,0.0810384848553279,0.985690185582605,-0.147809411129611,1.47305788868321,1.48876585195116,-0.137881010907552,-0.148352986419518,0.954592901878914,0.0157079632679489,-0.0104719755119659,40
-0.80817992018551,0.536953455188069,-0.241921895599668,-0.843316031870757,0.488853205053273,-0.223250116010951,2.5551620249197,2.6162485487395,-0.244346095279206,-0.225147473507269,0.955114822546973,0.0610865238198017,0.0191986217719376,17
0.988732285751463,0.00690276566735961,-0.14953534344371,0.983566151095145,0.0429434255697101,-0.175366726091987,0.00698131700797732,0.0436332312998582,-0.150098315671512,-0.176278254451427,0.955636743215031,0.0366519142918809,-0.026179938779915,17
0.506795667013598,-0.86036831292325,-0.0540788129847753,0.515777470319011,-0.855014083566744,-0.0540788129847753,5.24471440224296,5.25518637775493,-0.0541052068118242,-0.0541052068118242,0.95615866388309,0.0104719755119662,0,14
0.367653230477578,-0.923871771006371,-0.106264071336233,0.375701431174747,-0.920628253833378,-0.106264071336233,5.09112542806746,5.09985207432743,-0.106465084371654,-0.106465084371654,0.956680584551148,0.00872664625997199,0,7
0.462223170685955,-0.884151378846827,-0.0680152906652482,0.49174973509631,-0.865636080230632,-0.0941083133185143,5.19409985393512,5.22900643897501,-0.0680678408277788,-0.0942477796076938,0.957724425887265,0.0349065850398871,-0.026179938779915,68
0.801237166732958,0.597223778208781,0.0366437087065563,0.735019934409363,0.67588547699075,0.0540788129847753,0.640535835481919,0.743510261349584,0.0366519142918809,0.0541052068118242,0.958768267223382,0.102974425867665,0.0174532925199433,24
0.415385751004871,0.886753624579065,0.202787295356512,0.354743698150344,0.919339782135129,0.170209499166033,1.13271868454432,1.20253185462409,0.204203522483337,0.171042266695444,0.95929018789144,0.0698131700797733,-0.0331612557878923,26
0.594386912656089,-0.800342656841888,-0.0784590957278449,0.602735337566008,-0.794074482115349,-0.0784590957278449,5.35117948661461,5.36165146212658,-0.0785398163397448,-0.0785398163397448,0.959812108559499,0.0104719755119653,0,39
-0.518789656372438,-0.836722058882605,-0.175366726091987,-0.530748124969989,-0.829907713133185,-0.17192910027941,4.15737427825049,4.14341164423454,-0.176278254451427,-0.172787595947439,0.960855949895616,-0.0139626340159538,0.00349065850398866,39
-0.81744618648708,0.561815198654073,0.12706460860135,-0.81940230734345,0.558958356195894,0.12706460860135,2.53945406165175,2.54294472015574,0.127409035395586,0.127409035395586,0.962421711899791,0.00349065850398844,0,41
-0.568599881865534,0.821162513960188,0.0488497697956133,-0.572682095427116,0.817874793081133,0.0558215049931638,2.17642557723693,2.18166156499291,0.0488692190558412,0.0558505360638185,0.96294363256785,0.00523598775598266,0.00698131700797732,91
-0.27269796479409,-0.957313643337957,-0.095845752520224,-0.247460257416418,-0.963794069451696,-0.099319749743639,4.43488162931759,4.46106156809751,-0.0959931088596881,-0.0994837673636768,0.963465553235908,0.0261799387799151,-0.00349065850398866,10
-0.994676025747607,-0.0887724703220691,-0.0523359562429438,-0.996037273604094,-0.0731444051566363,-0.0505929400767133,3.2306044454415,3.21489648217355,-0.0523598775598299,-0.0506145483078356,0.964509394572025,-0.0157079632679493,0.00174532925199433,28
-0.858467229117459,0.458378811629721,-0.230049737188104,-0.872278345652348,0.436804457552407,-0.219846204352837,2.65115513377939,2.6773350725593,-0.232128790515246,-0.22165681500328,0.965031315240083,0.0261799387799151,0.010471975511966,75
-0.806252470846574,0.590087606104845,-0.0418756537291996,-0.825972475724215,0.563440221190819,-0.0174524064372835,2.50978346436785,2.54294472015574,-0.0418879020478639,-0.0174532925199433,0.965553235908142,0.033161255787892,0.0244346095279206,24
0.0760626862059267,-0.988522827713995,-0.130526192220052,0.115699005475387,-0.984898692472599,-0.128795596577563,4.78918346747244,4.82932604026831,-0.130899693899575,-0.12915436464758,0.966597077244259,0.0401425727958697,0.0017453292519943,112
0.457172188523333,-0.885754888542694,-0.0801989243288589,0.609470711299375,-0.788562954285654,-0.0819385086300409,5.18886386617914,5.37037810838655,-0.0802851455917391,-0.0820304748437335,0.967118997912317,0.18151424220741,-0.00174532925199435,125
-0.224527113682801,-0.957276234150766,-0.182235525492147,-0.156123563800754,-0.974711977277596,-0.159881187691835,4.48200551912144,4.5535640184532,-0.183259571459405,-0.160570291183478,0.967640918580376,0.0715584993317666,0.0226892802759263,80
-0.724804771590006,0.685413800161001,0.0697564737441253,-0.794958750582108,0.599044386165805,0.095845752520224,2.38411975822425,2.49582083035189,0.0698131700797732,0.0959931088596881,0.968684759916493,0.111701072127637,0.0261799387799149,51
0.943828100607531,0.258202150317328,-0.20620418539663,0.941964083455675,0.270103854481439,-0.199367934417197,0.267035375555132,0.279252680319093,-0.207694180987325,-0.200712863979348,0.96972860125261,0.0122173047639604,0.00698131700797733,40
0.0329009424212249,-0.991786369605554,-0.123601476740493,0.0554515627950354,-0.991823863203628,-0.114937150492867,4.74555023617258,4.76823951644851,-0.123918376891597,-0.115191730631626,0.96972860125261,0.0226892802759266,0.00872664625997165,10
-0.0429828888368132,-0.984470008512647,-0.170209499166033,-0.0652264816966716,-0.982031822718296,-0.177084740319583,4.66875574908483,4.6460664688089,-0.171042266695444,-0.178023583703422,0.970250521920668,-0.0226892802759266,-0.0069813170079773,20
-0.863623955950414,0.494602103092126,0.0975828997591495,-0.85992673260287,0.498482091478046,0.109734311091045,2.62148453649548,2.6162485487395,0.0977384381116825,0.109955742875643,0.970772442588727,-0.00523598775598266,0.0122173047639603,11
0.756930727288355,-0.648768097538936,-0.0784590957278449,0.761004580379421,-0.643098731054017,-0.0854169231373675,5.57458163086989,5.58156294787787,-0.0785398163397448,-0.0855211333477222,0.971294363256785,0.00698131700797777,-0.00698131700797733,7
0.571305684757608,-0.815909074927017,-0.0888942968664415,0.567044938504027,-0.815870743506336,-0.113203213767907,5.32325421858271,5.31976356007872,-0.0890117918517108,-0.113446401379631,0.971816283924843,-0.00349065850398844,-0.0244346095279206,21
0.0724710848027082,-0.986868395025439,-0.144356201000973,0.0604544193446757,-0.988421019176979,-0.139173100960065,4.78569280896845,4.77347550420449,-0.144862327915529,-0.139626340159546,0.972338204592902,-0.0122173047639604,0.005235987755983,90
-0.781535619572661,0.621661501963339,-0.0523359562429438,-0.790139188614195,0.610688963630618,-0.0523359562429438,2.46964089157198,2.48360352558793,-0.0523598775598299,-0.0523598775598299,0.97286012526096,0.0139626340159547,0,50
0.831495624974946,0.539979572569239,0.130526192220052,0.835435747792499,0.534283450625806,0.128795596577563,0.575958653158129,0.568977336150151,0.130899693899575,0.12915436464758,0.973382045929019,-0.00698131700797733,-0.0017453292519943,23
0.135090764860332,-0.986186633945767,-0.095845752520224,0.115825730843683,-0.985977454118168,-0.120136838834647,4.84852466204025,4.82932604026831,-0.0959931088596881,-0.120427718387609,0.973903966597077,-0.0191986217719382,-0.0244346095279206,57
0.933223863357427,0.308634284336647,-0.18395135061272,0.925040599940937,0.347699902728466,-0.152985836284038,0.319395253114962,0.359537825910832,-0.185004900711399,-0.153588974175501,0.974425887265136,0.0401425727958697,0.0314159265358979,73
-0.991743372262075,-0.12704525604601,-0.0174524064372835,-0.998946225582597,-0.045361882665232,-0.00698126029796155,3.26900168898538,3.18697121414165,-0.0174532925199433,-0.00698131700797732,0.975991649269311,-0.0820304748437337,0.010471975511966,40
-0.928215108556367,0.276712941998787,-0.248689887164855,-0.945643503300008,0.192393345181469,-0.262189178640865,2.85186799775873,2.94087978961045,-0.251327412287183,-0.265290046303138,0.975991649269311,0.0890117918517106,-0.0139626340159546,64
0.994387284449858,-0.0364625264524961,-0.099319749743639,0.993092055092732,0.0991237649049587,-0.0627905195293134,6.2465333928877,0.0994837673636768,-0.0994837673636768,-0.0628318530717959,0.976513569937369,0.136135681655558,0.0366519142918809,43
0.988762923040652,-0.0934656146655199,-0.116670737099333,0.98678945143658,-0.114175435055329,-0.114937150492867,6.18893752757189,6.16799357654796,-0.11693705988362,-0.115191730631626,0.977557411273486,-0.0209439510239333,0.00174532925199435,89
-0.0992331114916349,0.976931780128042,0.189095442989891,-0.108229371023705,0.980329378855633,0.165047605860678,1.67202542341057,1.68075206967054,0.190240888467382,0.165806278939461,0.978079331941545,0.00872664625997199,-0.0244346095279206,375
0.969523961181142,0.238137925362226,-0.0575640269595673,0.950980963949205,0.296197586402831,-0.0888942968664415,0.240855436775218,0.301941960595019,-0.0575958653158129,-0.0890117918517108,0.978601252609603,0.0610865238198017,-0.0314159265358979,122
-0.923608086031127,0.319827975357078,-0.211324796455389,-0.944636152867615,0.276230942223021,-0.177084740319583,2.80823476645888,2.85710398551472,-0.212930168743308,-0.178023583703422,0.979123173277662,0.0488692190558409,0.0349065850398866,23
0.958426058630418,-0.260398596852709,-0.116670737099333,0.971497904995708,-0.20827110452861,-0.113203213767907,6.01789526087645,6.07200046768827,-0.11693705988362,-0.113446401379631,0.980167014613779,0.0541052068118235,0.00349065850398868,24
0.029233351239807,-0.984974181168694,0.170209499166033,0.0429300094672725,-0.983258871830346,0.177084740319583,4.74205957766859,4.75602221168455,0.171042266695444,0.178023583703422,0.981210855949896,0.0139626340159547,0.0069813170079773,70
0.850125691837616,0.525048328542944,-0.0401317925325597,0.849754572055368,0.52277250071778,-0.0680152906652482,0.553269372882202,0.551524043630208,-0.0401425727958696,-0.0680678408277788,0.981732776617954,-0.00174532925199422,-0.0279252680319093,36
-0.335916627112879,0.933044325812733,-0.128795596577563,-0.374608306508606,0.917949633607034,-0.130526192220052,1.91637151868977,1.95825942073764,-0.12915436464758,-0.130899693899575,0.982254697286013,0.041887902047864,-0.0017453292519943,32
0.673472779472791,-0.727284444041909,-0.132256390257122,0.787324020582776,-0.595448480085071,-0.159881187691835,5.45938990023826,5.63566815468969,-0.132645023151569,-0.160570291183478,0.982776617954071,0.176278254451427,-0.0279252680319093,5
0.591671901667047,-0.799598683814914,0.102792536787247,0.56901159848617,-0.815658998083829,0.104528463267653,5.34943415736262,5.32150888933071,0.102974425867665,0.10471975511966,0.983820459290188,-0.0279252680319093,0.00174532925199432,99
0.702058980632423,-0.70697746566288,0.0854169231373675,0.70909563061065,-0.699263270918455,0.0906325801977802,5.49429648527815,5.50476846079011,0.0855211333477222,0.0907571211037051,0.984342379958246,0.0104719755119653,0.00523598775598298,53
-0.918898762387732,-0.393840512616024,-0.0226873335727814,-0.921722747365369,-0.387456565951312,-0.0174524064372835,3.54650904005248,3.5395277230445,-0.0226892802759263,-0.0174532925199433,0.984864300626305,-0.00698131700797688,0.00523598775598299,25
-0.793977864041413,-0.607041914169245,-0.0331551783885263,-0.78033412757574,-0.625165521700833,-0.0157073173118207,3.79434579383567,3.8170350741116,-0.0331612557878923,-0.015707963267949,0.985386221294363,0.0226892802759258,0.0174532925199433,42
0.865043731789189,0.491413234347534,-0.101056297182946,0.834948518278527,0.542221907699086,-0.0941083133185143,0.516617458590322,0.575958653158129,-0.101229096615671,-0.0942477796076938,0.98643006263048,0.0593411945678071,0.00698131700797731,231
-0.265844861109535,-0.714835289379633,-0.646789779510459,-0.229338789837731,-0.727369713829615,-0.646789779510459,4.35634181297785,4.40695636128568,-0.703367688553715,-0.703367688553715,0.986951983298539,0.0506145483078351,0,1
0.794062209385336,0.594034428234853,-0.128795596577563,0.794178316113189,0.587661040555429,-0.154710386299468,0.642281164733913,0.63704517697793,-0.12915436464758,-0.155334303427495,0.987473903966597,-0.00523598775598266,-0.0261799387799149,61
0.153653814851393,0.98121274160414,-0.116670737099333,0.0241762703651781,0.98923040550915,-0.144356201000973,1.4154620233674,1.54636171726698,-0.11693705988362,-0.144862327915529,0.987995824634656,0.130899693899575,-0.0279252680319093,9
0.860901035476404,-0.294752305522637,-0.414693242656239,0.875445839063549,-0.265980782497872,-0.40354529635239,5.95331807855266,5.98822466359255,-0.427605666738611,-0.41538836197465,0.988517745302714,0.0349065850398871,0.0122173047639603,75
0.417919109322728,-0.904459820724305,0.0854169231373675,0.418159051661051,-0.904979103522009,0.0784590957278449,5.14523063487928,5.14523063487928,0.0855211333477222,0.0785398163397448,0.989561586638831,0,-0.00698131700797733,96
-0.934620653677042,-0.355029081583083,-0.020942419883357,-0.941418923384714,-0.33707677527618,-0.0104717841162458,3.50462113800461,3.48542251623268,-0.020943951023932,-0.010471975511966,0.989561586638831,-0.0191986217719378,0.010471975511966,41
-0.860770455786604,0.356542796876882,-0.363251230472978,-0.903862959640701,0.259178533035271,-0.34037955021305,2.74889357189107,2.8623399732707,-0.371755130674792,-0.347320521146872,0.990083507306889,0.113446401379631,0.0244346095279206,14
0.234590424933812,0.96232859735852,-0.137444546037147,0.163953796689546,0.97974925567089,-0.114937150492867,1.33168621927167,1.40499004785544,-0.137881010907552,-0.115191730631626,0.991127348643006,0.0733038285837617,0.0226892802759263,18
0.784770389369021,0.604354558793294,-0.137444546037147,0.794808293267479,0.590276731535056,-0.140901231937583,0.656243798749868,0.638790506229925,-0.137881010907552,-0.141371669411541,0.991127348643006,-0.0174532925199431,-0.00349065850398864,51
-0.900256027211789,0.289040589316115,-0.325568154457157,-0.88072041577302,0.331041040701138,-0.338737920245291,2.8309240467348,2.78205482767896,-0.331612557878923,-0.345575191894877,0.991649269311065,-0.0488692190558409,-0.0139626340159546,134
0.110003752949575,0.980705551805332,-0.161603821103361,0.111650699787028,0.979945615346446,-0.165047605860678,1.45909525466726,1.45734992541527,-0.162315620435473,-0.165806278939461,0.992171189979123,-0.00174532925199422,-0.00349065850398866,8
-0.775619118063644,0.505619742010314,-0.377840786818467,-0.804313491716098,0.453207360956612,-0.384295322659804,2.56388867117967,2.62846585350346,-0.387463093942741,-0.394444410950718,0.992693110647182,0.0645771823237902,-0.00698131700797733,29
-0.839349034950502,0.418483991563717,-0.346935651573256,-0.832133370482156,0.431336969845949,-0.348572047321815,2.6790804018113,2.66337243854335,-0.354301838154849,-0.356047167406843,0.99321503131524,-0.0157079632679489,-0.00174532925199433,100
0.822061053337337,0.383333364642165,-0.421035813367491,0.833222541791658,0.334953314174881,-0.439939169855915,0.436332312998582,0.382227106186758,-0.434586983746588,-0.45553093477052,0.994258872651357,-0.0541052068118244,-0.020943951023932,15
0.787166111252589,-0.482376013372633,0.384295322659804,0.819342111050244,-0.44486646914852,0.361624570082092,5.73340659280137,5.7857664703612,0.394444410950718,0.370009801422798,0.994780793319415,0.0523598775598302,-0.0244346095279206,25
0.895664204325822,-0.427209910976983,-0.123601476740493,0.894234421310928,-0.426527939461811,-0.135715572434304,5.83812634792103,5.83812634792103,-0.123918376891597,-0.136135681655558,0.995824634655532,0,-0.0122173047639603,40
-0.895664295101056,0.172477757427587,0.409923033841573,-0.894296121987146,0.193353665573254,0.40354529635239,2.95135176512241,2.92866248484649,0.422369678982628,0.41538836197465,0.996868475991649,-0.0226892802759258,-0.00698131700797738,20
-0.181164367587895,0.874809641807454,-0.449318998615897,-0.184699513870349,0.876462005455595,-0.444635179184927,1.77499984927823,1.77849050778222,-0.466002910282486,-0.460766922526503,0.996868475991649,0.00349065850398844,0.00523598775598294,7
0.935251475954595,-0.318385573002015,-0.154710386299468,0.951384356238023,-0.256703200407027,-0.170209499166033,5.95506340780465,6.01964059012844,-0.155334303427495,-0.171042266695444,0.997390396659708,0.0645771823237897,-0.015707963267949,32
-0.823813230714431,0.396474533307432,0.405141586779863,-0.85596428500015,0.344095436328009,0.385906042324319,2.69304303582725,2.75936554740303,0.417133691226645,0.396189740202713,0.998956158663883,0.0663225115757839,-0.0209439510239319,22
0.364584324873551,-0.830546274399249,0.421035813367491,0.361975424356305,-0.83248648198853,0.419452082446177,5.12603201310735,5.12254135460336,0.434586983746588,0.432841654494594,0.999478079331942,-0.00349065850398844,-0.00174532925199433,6
