"","theta_pred","phi_pred","theta_resp","phi_resp"
"1",2.63998502656662,0.0389208423194735,1.54461638801498,0.483456202802429
"2",1.54461638801498,0.483456202802429,1.72839955824998,0.0638790506229925
"3",1.72839955824998,0.0638790506229925,1.88460652630348,0.121125850088406
"4",1.88460652630348,0.121125850088406,1.67394528558776,0.591317550575679
"5",1.67394528558776,0.591317550575679,1.47183615820682,-0.0525344104850293
"6",1.47183615820682,-0.0525344104850293,1.37078159451635,-0.0731292956585624
"7",1.37078159451635,-0.0731292956585624,4.06696622299719,0.379609112308767
"8",4.06696622299719,0.379609112308767,3.3855896830186,-0.476649418719651
"9",3.3855896830186,-0.476649418719651,3.20931142856717,-0.265813645078736
"10",3.20931142856717,-0.265813645078736,2.41483755305935,-0.37245326237559
"11",2.41483755305935,-0.37245326237559,1.74707458124632,-0.00436332312998582
"12",1.74707458124632,-0.00436332312998582,1.39469260526867,-0.121649448864005
"13",1.39469260526867,-0.121649448864005,1.52349790406585,0.028623399732707
"14",1.52349790406585,0.028623399732707,0.642804763509512,-0.507367213554752
"15",0.642804763509512,-0.507367213554752,6.07950538347185,-0.308748744677797
"16",6.07950538347185,-0.308748744677797,4.45617464619192,0.444186294632557
"17",4.45617464619192,0.444186294632557,3.87148934677382,0.407185314490277
"18",3.87148934677382,0.407185314490277,4.0636500974184,0.432667121569394
"19",4.0636500974184,0.432667121569394,4.16121400260488,0.453960138443725
"20",4.16121400260488,0.453960138443725,4.02804538067771,0.395491608501915
"21",4.02804538067771,0.395491608501915,3.59834531883671,0.00942477796076938
"22",3.59834531883671,0.00942477796076938,4.32702028154434,-0.482758071101632
"23",4.32702028154434,-0.482758071101632,5.02340665309008,0.442615498305762
"24",5.02340665309008,0.442615498305762,4.26314123092135,-0.504225620901162
"25",4.26314123092135,-0.504225620901162,2.05442706252253,-0.0340339204138894
"26",2.05442706252253,-0.0340339204138894,2.41379035550816,-0.470191700487272
"27",2.41379035550816,-0.470191700487272,0.2155481626213,0.0979129710368819
"28",0.2155481626213,0.0979129710368819,5.80967748111352,-0.458847060349309
"29",5.80967748111352,-0.458847060349309,5.64003147781968,-0.617846555205993
"30",5.64003147781968,-0.617846555205993,2.43700323455968,-0.429525528915804
"31",2.43700323455968,-0.429525528915804,2.15775055424059,-0.448898683612941
"32",2.15775055424059,-0.448898683612941,1.49295464215595,-0.389906554895533
"33",1.49295464215595,-0.389906554895533,6.26503388295884,0.216420827247297
"34",6.26503388295884,0.216420827247297,5.80444149335754,-0.658861792627859
"35",5.80444149335754,-0.658861792627859,3.31333305198604,-0.0891863247769102
"36",3.31333305198604,-0.0891863247769102,2.86932129027868,0.319220720189763
"37",2.86932129027868,0.319220720189763,0.480314610148839,-0.426383936262215
"38",0.480314610148839,-0.426383936262215,5.54229303970799,0.649087948816691
"39",5.54229303970799,0.649087948816691,0.445233492183753,-0.142418866962737
"40",0.445233492183753,-0.142418866962737,5.34297643913024,-0.463559449329694
"41",5.34297643913024,-0.463559449329694,5.99433331597452,-0.568453737374553
"42",5.99433331597452,-0.568453737374553,6.25909976350206,-0.370533400198396
"43",6.25909976350206,-0.370533400198396,4.94626310015193,0.10768681484805
"44",4.94626310015193,0.10768681484805,1.37584304934713,-0.562868683768171
"45",1.37584304934713,-0.562868683768171,2.12162223872431,-0.333008821280518
"46",2.12162223872431,-0.333008821280518,3.1100021941287,-0.377165651355975
"47",3.1100021941287,-0.377165651355975,2.08339952810563,-0.454658270144523
"48",2.08339952810563,-0.454658270144523,1.3243558364133,0.419402619254237
"49",1.3243558364133,0.419402619254237,0.420449816805434,-0.398458668230305
"50",0.420449816805434,-0.398458668230305,1.82421813418447,0.139626340159546
"51",1.82421813418447,0.139626340159546,1.08751465691767,0.062482787221397
"52",1.08751465691767,0.062482787221397,5.14435797025329,0.0823795406941323
"53",5.14435797025329,0.0823795406941323,0.854338668851224,-0.523773308523498
"54",0.854338668851224,-0.523773308523498,6.06885887503468,0.57875117996132
"55",6.06885887503468,0.57875117996132,4.63472182867094,0.388859357344337
"56",4.63472182867094,0.388859357344337,4.61517414104861,0.643851961060708
"57",4.61517414104861,0.643851961060708,3.09202530283315,-0.406836248639878
"58",3.09202530283315,-0.406836248639878,2.32373136610525,-0.536165146212658
"59",2.32373136610525,-0.536165146212658,3.58036842754117,-0.433714319120591
"60",3.58036842754117,-0.433714319120591,2.15007110553181,-0.0977384381116825
"61",2.15007110553181,-0.0977384381116825,2.10120188647597,-0.532849020633869
"62",2.10120188647597,-0.532849020633869,1.27758101245985,0.427605666738611
"63",1.27758101245985,0.427605666738611,1.87064389228752,-0.296705972839036
"64",1.87064389228752,-0.296705972839036,2.26247030936025,0.476474885794452
"65",2.26247030936025,0.476474885794452,1.36345121165797,-0.17540558982543
"66",1.36345121165797,-0.17540558982543,1.70379041579686,-0.0790634151153431
"67",1.70379041579686,-0.0790634151153431,1.81182629649531,0.478918346747244
"68",1.81182629649531,0.478918346747244,6.11127037585814,0.518013721991917
"69",6.11127037585814,0.518013721991917,1.98251949734036,0.0493928178314395
"70",1.98251949734036,0.0493928178314395,0.0256563400043166,-0.451516677490933
"71",0.0256563400043166,-0.451516677490933,5.79327138614478,-0.714886861616877
"72",5.79327138614478,-0.714886861616877,5.19270359053353,0.0666715774261834
"73",5.19270359053353,0.0666715774261834,6.23833034540333,0.108908545324446
"74",6.23833034540333,0.108908545324446,0.524645973149495,0.462861317628896
"75",0.524645973149495,0.462861317628896,5.24331813884136,0.211533905341713
"76",5.24331813884136,0.211533905341713,4.37746029692698,0.431619924018198
"77",4.37746029692698,0.431619924018198,4.89180882748971,-0.508588944031148
"78",4.89180882748971,-0.508588944031148,3.14770130597177,-0.401600260883895
"79",3.14770130597177,-0.401600260883895,3.65681384877852,0.0883136601509131
"80",3.65681384877852,0.0883136601509131,4.48375084837343,0.590444885949682
"81",4.48375084837343,0.590444885949682,2.18218516376851,-0.56635934227216
"82",2.18218516376851,-0.56635934227216,2.29929675657733,-0.131597825600372
"83",2.29929675657733,-0.131597825600372,2.3076743369869,-0.120951317163207
"84",2.3076743369869,-0.120951317163207,1.47166162528162,-0.369835268497598
"85",1.47166162528162,-0.369835268497598,2.16595360172496,-0.971799327510443
"86",2.16595360172496,-0.971799327510443,2.05198360156973,0.466177443207685
"87",2.05198360156973,0.466177443207685,6.11406290266134,-0.424115008234622
"88",6.11406290266134,-0.424115008234622,6.07967991639705,0.478045682121247
"89",6.07967991639705,0.478045682121247,0.44942228238854,0.418879020478639
"90",0.44942228238854,0.418879020478639,4.41219234904167,0.394968009726317
"91",4.41219234904167,0.394968009726317,0.892910445320299,-0.230557994188451
"92",0.892910445320299,-0.230557994188451,1.10601514698881,-0.19093902016818
"93",1.10601514698881,-0.19093902016818,1.46607657167524,-0.334405084682113
"94",1.46607657167524,-0.334405084682113,5.85121631731099,0.472984227290463
"95",5.85121631731099,0.472984227290463,6.19242818607588,-0.403694655986288
"96",6.19242818607588,-0.403694655986288,6.10655798687776,-0.0736528944341607
"97",6.10655798687776,-0.0736528944341607,4.49858614701538,-0.544193660771832
"98",4.49858614701538,-0.544193660771832,5.52030189113287,-0.364773813666815
"99",5.52030189113287,-0.364773813666815,4.54483737219323,0.328645498150532
"100",4.54483737219323,0.328645498150532,5.63706441809129,0.546986187575023
"101",5.63706441809129,0.546986187575023,4.51342144565734,-0.452738407967329
"102",4.51342144565734,-0.452738407967329,2.83877802836878,0.493753645389196
"103",2.83877802836878,0.493753645389196,3.92856161331404,-0.549429648527815
"104",3.92856161331404,-0.549429648527815,1.96314634264322,-0.328121899374934
"105",1.96314634264322,-0.328121899374934,0.493753645389196,0.47403142484166
"106",0.493753645389196,0.47403142484166,5.5717891040667,0.4925319149128
"107",5.5717891040667,0.4925319149128,4.29909501351243,-0.556934564311391
"108",4.29909501351243,-0.556934564311391,4.47467513626306,0.433016187419793
"109",4.47467513626306,0.433016187419793,4.47991112401904,-0.494800842940392
"110",4.47991112401904,-0.494800842940392,3.89086250147096,0.361632221013225
"111",3.89086250147096,0.361632221013225,4.4319145695892,0.269304303582725
"112",4.4319145695892,0.269304303582725,3.92192936215646,-0.350287580875262
"113",3.92192936215646,-0.350287580875262,3.2946580289897,-0.419751685104636
"114",3.2946580289897,-0.419751685104636,4.38217268590736,0.362330352714023
"115",4.38217268590736,0.362330352714023,3.40164671213695,-0.349589449174464
"116",3.40164671213695,-0.349589449174464,2.64242848751941,0.487994058857615
"117",2.64242848751941,0.487994058857615,2.99620672689867,-0.50178215994837
"118",2.99620672689867,-0.50178215994837,2.62986211690506,0.358490628359635
"119",2.62986211690506,0.358490628359635,2.11062666443674,0.273144027937113
"120",2.11062666443674,0.273144027937113,0.779987642716266,-0.407359847415476
"121",0.779987642716266,-0.407359847415476,1.51948364678626,0.365821011218011
"122",1.51948364678626,0.365821011218011,0.990648883431981,0.104196156344061
"123",0.990648883431981,0.104196156344061,6.23972660880493,0.99431407486117
"124",6.23972660880493,0.99431407486117,4.9855330083218,-0.466875574908483
"125",4.9855330083218,-0.466875574908483,5.25431371312893,-0.438426708100976
"126",5.25431371312893,-0.438426708100976,5.30440466266117,0.392524548773525
"127",5.30440466266117,0.392524548773525,4.35599274712745,-0.516442925665122
"128",4.35599274712745,-0.516442925665122,4.23399423241304,-0.411723170545462
"129",4.23399423241304,-0.411723170545462,4.04846573292605,0.303861822772213
"130",4.04846573292605,0.303861822772213,5.31923996130312,-0.412595835171459
"131",5.31923996130312,-0.412595835171459,4.00413436992539,-0.665319510860238
"132",4.00413436992539,-0.665319510860238,2.14919844090582,0.25254914276358
"133",2.14919844090582,0.25254914276358,3.61387874917946,0.346796922371273
"134",3.61387874917946,0.346796922371273,2.35043490366076,0.512952267161133
"135",2.35043490366076,0.512952267161133,0.860796387083603,-0.400378530407499
"136",0.860796387083603,-0.400378530407499,2.44660254544565,-0.457799862798113
"137",2.44660254544565,-0.457799862798113,0.0877900613753148,-0.421147948506232
"138",0.0877900613753148,-0.421147948506232,1.12800629556393,0.152541776624304
"139",1.12800629556393,0.152541776624304,1.80344871608574,-0.272445896236315
"140",1.80344871608574,-0.272445896236315,6.05367451054233,-0.367740873395205
"141",6.05367451054233,-0.367740873395205,1.32959182416928,-0.158301363155886
"142",1.32959182416928,-0.158301363155886,0.61261056745001,-0.455356401845321
"143",0.61261056745001,-0.455356401845321,0.857131195654415,0.453611072593326
"144",0.857131195654415,0.453611072593326,0.67107909739182,-0.475427688243255
"145",0.67107909739182,-0.475427688243255,4.86737421796179,-0.463210383479295
"146",4.86737421796179,-0.463210383479295,0.716457657943672,-0.498116968519182
"147",0.716457657943672,-0.498116968519182,4.36663925556461,0.472635161440064
"148",4.36663925556461,0.472635161440064,4.04759306830005,-0.556061899685393
"149",4.04759306830005,-0.556061899685393,4.25040032738179,0.398633201155505
"150",4.25040032738179,0.398633201155505,3.56658032645041,0.423242343608625
"151",3.56658032645041,0.423242343608625,4.15056749416771,-0.575784120232929
"152",4.15056749416771,-0.575784120232929,4.20606896438113,0.433365253270192
"153",4.20606896438113,0.433365253270192,4.07708913265875,0.4309217923174
"154",4.07708913265875,0.4309217923174,2.30139115167972,0.213628300444106
"155",2.30139115167972,0.213628300444106,3.3546973552583,-0.522377045121903
"156",3.3546973552583,-0.522377045121903,2.87455727803466,0.271747764535517
"157",2.87455727803466,0.271747764535517,1.21649448864005,-0.37856191475757
"158",1.21649448864005,-0.37856191475757,2.43438524068169,-0.460941455451702
"159",2.43438524068169,-0.460941455451702,6.15664893641,-0.370009801422798
"160",6.15664893641,-0.370009801422798,5.89397688398485,0.53249995478347
"161",5.89397688398485,0.53249995478347,0.301243828894221,0.359886891761231
"162",0.301243828894221,0.359886891761231,5.12323948630416,0.583463568941704
"163",5.12323948630416,0.583463568941704,5.52082548990846,0.36634460999361
"164",5.52082548990846,0.36634460999361,4.58253648403631,-0.41870448755344
"165",4.58253648403631,-0.41870448755344,5.50651379004211,0.517839189066718
"166",5.50651379004211,0.517839189066718,3.43393530329884,0.362853951489621
"167",3.43393530329884,0.362853951489621,3.75804294539419,-0.605629250442032
"168",3.75804294539419,-0.605629250442032,3.28401152055253,-0.51714105736592
"169",3.28401152055253,-0.51714105736592,4.21479561064111,-0.466177443207685
"170",4.21479561064111,-0.466177443207685,3.36865998927426,-0.659385391403458
"171",3.36865998927426,-0.659385391403458,2.69548649678004,-0.498815100219979
"172",2.69548649678004,-0.498815100219979,3.65524305245172,-0.413992098573055
"173",3.65524305245172,-0.413992098573055,3.30129028014727,-0.164759081388265
"174",3.30129028014727,-0.164759081388265,1.75754655675829,-0.578402114110921
"175",1.75754655675829,-0.578402114110921,2.05844131980211,-0.739146938219599
"176",2.05844131980211,-0.739146938219599,2.70665660399281,0.28937558998066
"177",2.70665660399281,0.28937558998066,2.46876822694598,-0.386241363466345
"178",2.46876822694598,-0.386241363466345,0.0619591884457987,0.529183829204681
"179",0.0619591884457987,0.529183829204681,2.25863058500586,-0.411025038844665
"180",2.25863058500586,-0.411025038844665,2.00765223856908,-0.458148928648512
"181",2.00765223856908,-0.458148928648512,0.866206907764786,0.424464074085021
"182",0.866206907764786,0.424464074085021,6.02627284128602,-0.348193185772869
"183",6.02627284128602,-0.348193185772869,0.782605636594257,-0.383099770812755
"184",0.782605636594257,-0.383099770812755,6.08282150905064,0.679107611950994
"185",6.08282150905064,0.679107611950994,5.73986431103375,-0.518711853692715
"186",5.73986431103375,-0.518711853692715,4.57904582553232,-0.427431133813411
"187",4.57904582553232,-0.427431133813411,4.40887622346288,-0.39077921952153
"188",4.40887622346288,-0.39077921952153,3.84216781534032,0.28937558998066
"189",3.84216781534032,0.28937558998066,4.79407038937802,0.527962098728285
"190",4.79407038937802,0.527962098728285,3.86084283833666,-0.348193185772869
"191",3.86084283833666,-0.348193185772869,4.186695809684,-0.448898683612941
"192",4.186695809684,-0.448898683612941,2.90056268388938,0.293215314335047
"193",2.90056268388938,0.293215314335047,2.08636658783402,-0.433190720344993
"194",2.08636658783402,-0.433190720344993,0.985063829825599,-0.359712358836031
"195",0.985063829825599,-0.359712358836031,2.30645260651051,-0.292168116783851
"196",2.30645260651051,-0.292168116783851,1.82875599023966,-0.269653369433124
"197",1.82875599023966,-0.269653369433124,6.17811648620953,0.470191700487272
"198",6.17811648620953,0.470191700487272,1.23324964945919,-0.598996999284454
"199",1.23324964945919,-0.598996999284454,6.09835493939339,-0.403694655986288
"200",6.09835493939339,-0.403694655986288,0.109083078249646,-0.39077921952153
"201",0.109083078249646,-0.39077921952153,5.53321732759762,-0.531103691381874
"202",5.53321732759762,-0.531103691381874,6.22297144798578,0.422893277758226
"203",6.22297144798578,0.422893277758226,5.53670798610161,-0.395491608501915
"204",5.53670798610161,-0.395491608501915,4.59388112417427,0.516268392739923
"205",4.59388112417427,0.516268392739923,5.53426452514882,0.414166631498254
"206",5.53426452514882,0.414166631498254,4.10536346654106,-0.379609112308767
"207",4.10536346654106,-0.379609112308767,4.23207437023585,0.454309204294124
"208",4.23207437023585,0.454309204294124,4.61482507519821,-0.621337213709981
"209",4.61482507519821,-0.621337213709981,3.89365502827415,-0.348542251623268
"210",3.89365502827415,-0.348542251623268,3.06183110677365,-0.0127409035395586
"211",3.06183110677365,-0.0127409035395586,3.62365259299063,0.455705467695719
"212",3.62365259299063,0.455705467695719,1.21562182401405,-0.564963078870564
"213",1.21562182401405,-0.564963078870564,1.79995805758175,-0.461290521302101
"214",1.79995805758175,-0.461290521302101,1.08350039963808,-0.451865743341332
"215",1.08350039963808,-0.451865743341332,0.286059464401871,0.380481776934764
"216",0.286059464401871,0.380481776934764,2.08898458171201,-0.410326907143867
"217",2.08898458171201,-0.410326907143867,1.87413455079151,-0.284488668075076
"218",1.87413455079151,-0.284488668075076,6.12767647082689,-0.577529449484924
"219",6.12767647082689,-0.577529449484924,0.818210353334942,-0.687485192360566
"220",0.818210353334942,-0.687485192360566,4.6158722727494,-0.575085988532132
"221",4.6158722727494,-0.575085988532132,6.09154815531061,-0.364948346592014
"222",6.09154815531061,-0.364948346592014,5.86814601105533,-0.599695130985252
"223",5.86814601105533,-0.599695130985252,5.64805999237885,0.256214334192768
"224",5.64805999237885,0.256214334192768,6.25491097329728,-0.410326907143867
"225",6.25491097329728,-0.410326907143867,5.58505360638185,-0.617148423505195
"226",5.58505360638185,-0.617148423505195,3.37825930016022,-0.322013246992954
"227",3.37825930016022,-0.322013246992954,4.46821741803068,-0.174707458124632
"228",4.46821741803068,-0.174707458124632,4.38321988345856,0.313286600732982
"229",4.38321988345856,0.313286600732982,4.76666872012171,0.317475390937769
"230",4.76666872012171,0.317475390937769,2.27346588364781,0.528311164578684
"231",2.27346588364781,0.528311164578684,3.19063640557083,-0.399854931631901
"232",3.19063640557083,-0.399854931631901,2.00590690931708,-0.446978821435748
"233",2.00590690931708,-0.446978821435748,2.6764624079333,-0.303861822772213
"234",2.6764624079333,-0.303861822772213,2.52723675688779,-0.134913951179162
"235",2.52723675688779,-0.134913951179162,2.65115513377939,0.388859357344337
"236",2.65115513377939,0.388859357344337,2.27294228487222,-0.340164671213695
"237",2.27294228487222,-0.340164671213695,2.75011530236746,-0.327074701823737
"238",2.75011530236746,-0.327074701823737,2.59181393921158,0.311890337331387
"239",2.59181393921158,0.311890337331387,2.98224409288271,-0.586430628670095
"240",2.98224409288271,-0.586430628670095,0.622558944186377,-0.614181363776804
"241",0.622558944186377,-0.614181363776804,0.260577657322753,-0.328994564000931
"242",0.260577657322753,-0.328994564000931,2.02824712374261,-0.540179403492245
"243",2.02824712374261,-0.540179403492245,0.751364242983559,0.348193185772869
"244",0.751364242983559,0.348193185772869,0.472111562664466,-0.0973893722612836
"245",0.472111562664466,-0.0973893722612836,6.02190951815603,-0.530405559681077
"246",6.02190951815603,-0.530405559681077,0.27384215963791,0.429700061841004
"247",0.27384215963791,0.429700061841004,6.07217500061347,-0.416784625376246
"248",6.07217500061347,-0.416784625376246,0.254818070791172,-0.519409985393512
"249",0.254818070791172,-0.519409985393512,5.85924483187016,-0.361283155162826
"250",5.85924483187016,-0.361283155162826,4.62110826050539,-0.514348530562729
"251",4.62110826050539,-0.514348530562729,5.6930894870803,0.342608132166487
"252",5.6930894870803,0.342608132166487,4.14882216491572,-0.590270353024482
"253",4.14882216491572,-0.590270353024482,5.22481764877022,-0.251501945212383
"254",5.22481764877022,-0.251501945212383,3.79102966825688,0.3078760800518
"255",3.79102966825688,0.3078760800518,3.07492107616361,0.321140582366957
"256",3.07492107616361,0.321140582366957,4.48776510565302,-0.43703044469938
"257",4.48776510565302,-0.43703044469938,2.76041274495423,0.349065850398866
"258",2.76041274495423,0.349065850398866,2.69670822725644,0.277507351067098
"259",2.69670822725644,0.277507351067098,2.81277262251406,-0.377340184281174
"260",2.81277262251406,-0.377340184281174,2.31884444419967,0.483456202802429
"261",2.31884444419967,0.483456202802429,3.49275289909105,-0.439822971502571
"262",3.49275289909105,-0.439822971502571,3.39902871825896,-0.311890337331387
"263",3.39902871825896,-0.311890337331387,2.21185576105241,-0.394269878025519
"264",2.21185576105241,-0.394269878025519,1.97501458155678,0.436506845923782
"265",1.97501458155678,0.436506845923782,1.64410015537866,-0.496022573416789
"266",1.64410015537866,-0.496022573416789,2.31064139671529,0.487121394231617
"267",2.31064139671529,0.487121394231617,0.310145008079392,-0.608770843095622
"268",0.310145008079392,-0.608770843095622,5.77215290219565,0.375245789178781
"269",5.77215290219565,0.375245789178781,5.55154328474356,-0.26476644752754
"270",5.55154328474356,-0.26476644752754,0.804422252244187,0.34487706019408
"271",0.804422252244187,0.34487706019408,6.0311597631916,0.684518132632176
"272",6.0311597631916,0.684518132632176,0.543670061996234,-0.160221225333079
"273",0.543670061996234,-0.160221225333079,0.0745255590601579,-0.636870644052731
"274",0.0745255590601579,-0.636870644052731,4.62093372758019,-0.398284135305106
"275",4.62093372758019,-0.398284135305106,4.38967760169094,0.441219234904167
"276",4.38967760169094,0.441219234904167,4.59562645342627,-0.418879020478639
"277",4.59562645342627,-0.418879020478639,3.30757346545445,-0.3384193419617
"278",3.30757346545445,-0.3384193419617,2.96304547111077,0.516791991515521
"279",2.96304547111077,0.516791991515521,2.6769860067089,0.349065850398866
"280",2.6769860067089,0.349065850398866,2.51938277525381,0.302116493520218
"281",2.51938277525381,0.302116493520218,4.85515691319783,-0.401774793809095
"282",4.85515691319783,-0.401774793809095,2.83406563938839,-0.376292986729977
"283",2.83406563938839,-0.376292986729977,3.32799381770279,-0.337023078560105
"284",3.32799381770279,-0.337023078560105,1.75161243730151,-0.411374104695063
"285",1.75161243730151,-0.411374104695063,2.48447619021393,0.389557489045134
"286",2.48447619021393,0.389557489045134,3.70742839708635,-0.579274778736918
"287",3.70742839708635,-0.579274778736918,1.68930418300531,0.51714105736592
"288",1.68930418300531,0.51714105736592,5.52867947154244,-0.401600260883895
"289",5.52867947154244,-0.401600260883895,5.67720699088715,0.377514717206373
"290",5.67720699088715,0.377514717206373,5.64596559727646,-0.418355421703041
"291",5.64596559727646,-0.418355421703041,0.0270526034059121,-0.485376064979623
"292",0.0270526034059121,-0.485376064979623,5.73811898178176,-0.281870674197084
"293",5.73811898178176,-0.281870674197084,5.70548132476946,-0.472809694365264
"294",5.70548132476946,-0.472809694365264,4.88639830680852,0.365646478292812
"295",4.88639830680852,0.365646478292812,6.13134166225608,-0.528311164578684
"296",6.13134166225608,-0.528311164578684,5.22307231951823,-0.404043721836687
"297",5.22307231951823,-0.404043721836687,4.14480790763613,0.345400658969678
"298",4.14480790763613,0.345400658969678,5.57911948692507,0.511206937909139
"299",5.57911948692507,0.511206937909139,4.08756110817072,-0.352556508902855
"300",4.08756110817072,-0.352556508902855,5.43198823098195,-0.315555528760575
"301",5.43198823098195,-0.315555528760575,5.2949798847004,0.3077015471266
"302",5.2949798847004,0.3077015471266,3.4477234043896,-0.589921287174083
"303",3.4477234043896,-0.589921287174083,2.82830605285681,0.302640092295817
"304",2.82830605285681,0.302640092295817,2.71067086127239,-0.413293966872257
"305",2.71067086127239,-0.413293966872257,4.35145489107226,0.425511271636218
"306",4.35145489107226,0.425511271636218,2.40820530190178,-0.352731041828054
"307",2.40820530190178,-0.352731041828054,3.70219240933037,0.336324946859307
"308",3.70219240933037,0.336324946859307,3.90569780011291,0.411897703470662
"309",3.90569780011291,0.411897703470662,3.56605672767481,0.298800367941429
"310",3.56605672767481,0.298800367941429,1.37217785791794,0.253072741539178
"311",1.37217785791794,0.253072741539178,0.630587458745551,0.312413936106985
"312",0.630587458745551,0.312413936106985,1.89699836399264,-0.368613538021202
"313",1.89699836399264,-0.368613538021202,1.65945905279621,0.503876555050763
"314",1.65945905279621,0.503876555050763,0.590619418874881,-0.346971455296473
"315",0.590619418874881,-0.346971455296473,0.648389817115893,0.423067810683425
"316",0.648389817115893,0.423067810683425,1.39504167111907,0.310145008079392
"317",1.39504167111907,0.310145008079392,6.07339673108987,-0.553792971657801
"318",6.07339673108987,-0.553792971657801,0.623955207587973,-0.336848545634906
"319",0.623955207587973,-0.336848545634906,0.0902335223281068,0.53249995478347
"320",0.0902335223281068,0.53249995478347,5.80810668478673,-0.324980306721344
"321",5.80810668478673,-0.324980306721344,6.18457420444191,-0.370184334347997
"322",6.18457420444191,-0.370184334347997,5.71979302463582,0.296880505764235
"323",5.71979302463582,0.296880505764235,5.5103535143965,-0.255167136641571
"324",5.5103535143965,-0.255167136641571,0.774228056184685,0.508239878180749
"325",0.774228056184685,0.508239878180749,5.86011749649616,-0.446455222660149
"326",5.86011749649616,-0.446455222660149,5.43251182975755,-0.318871654339364
"327",5.43251182975755,-0.318871654339364,0.616973890579996,-0.342433599241287
"328",0.616973890579996,-0.342433599241287,4.8952994859937,0.391128285371929
"329",4.8952994859937,0.391128285371929,5.54927435671597,0.354650904005248
"330",5.54927435671597,0.354650904005248,5.54840169208997,-0.367740873395205
"331",5.54840169208997,-0.367740873395205,6.21476840050141,-0.425336738711018
"332",6.21476840050141,-0.425336738711018,4.89669574939529,-0.430223660616602
"333",4.89669574939529,-0.430223660616602,4.66212349792725,0.397411470679109
"334",4.66212349792725,0.397411470679109,5.76726598029006,-0.599695130985252
"335",5.76726598029006,-0.599695130985252,4.22038066424749,0.412246769321061
"336",4.22038066424749,0.412246769321061,4.76265446284213,0.414515697348653
"337",4.76265446284213,0.414515697348653,4.48863777027902,-0.508588944031148
"338",4.48863777027902,-0.508588944031148,5.41086974703282,0.420973415581032
"339",5.41086974703282,0.420973415581032,5.25291744972733,-0.483630735727629
"340",5.25291744972733,-0.483630735727629,4.14725136858893,-0.244869694054804
"341",4.14725136858893,-0.244869694054804,3.58455721774595,0.140848070635942
"342",3.58455721774595,0.140848070635942,2.72917135134353,-0.438077642250577
"343",2.72917135134353,-0.438077642250577,2.34083559277479,-0.334928683457712
"344",2.34083559277479,-0.334928683457712,1.88111586779949,-0.356221700332043
"345",1.88111586779949,-0.356221700332043,2.51205239239544,-0.396538806053112
"346",2.51205239239544,-0.396538806053112,2.79322493489172,0.15707963267949
"347",2.79322493489172,0.15707963267949,2.88468018769623,0.352556508902855
"348",2.88468018769623,0.352556508902855,2.40750717020098,-0.351858377202057
"349",2.40750717020098,-0.351858377202057,0.523773308523498,-0.356745299107641
"350",0.523773308523498,-0.356745299107641,1.97379285108039,-0.36023595761163
"351",1.97379285108039,-0.36023595761163,0.615228561328001,0.343480796792484
"352",0.615228561328001,0.343480796792484,2.24274808881271,0.297229571614634
"353",2.24274808881271,0.297229571614634,0.230034395412853,0.294087978961045
"354",0.230034395412853,0.294087978961045,0.00506145483078355,0.447502420211346
"355",0.00506145483078355,0.447502420211346,0.192509816494975,0.476300352869253
"356",0.192509816494975,0.476300352869253,5.86360815500015,-0.482409005251233
"357",5.86360815500015,-0.482409005251233,5.81247000791672,0.303338223996614
"358",5.81247000791672,0.303338223996614,1.07459922045291,-0.401949326734294
"359",1.07459922045291,-0.401949326734294,0.445582558034152,0.0385717764690747
"360",0.445582558034152,0.0385717764690747,5.67598526041076,-0.281870674197084
"361",5.67598526041076,-0.281870674197084,0.62482787221397,0.483805268652828
"362",0.62482787221397,0.483805268652828,5.31836729667712,0.576656784858926
"363",5.31836729667712,0.576656784858926,0.649087948816691,-0.61243603452481
"364",0.649087948816691,-0.61243603452481,4.97191944015625,-0.361632221013225
"365",4.97191944015625,-0.361632221013225,0.690801317939356,-0.468446371235278
"366",0.690801317939356,-0.468446371235278,5.86081562819696,-0.227940000310459
"367",5.86081562819696,-0.227940000310459,5.11381470834339,0.223053078404875
"368",5.11381470834339,0.223053078404875,6.24461353071051,0.236666646570431
"369",6.24461353071051,0.236666646570431,3.73674992851986,0.136484747505957
"370",3.73674992851986,0.136484747505957,4.85934570340261,0.414341164423454
"371",4.85934570340261,0.414341164423454,4.52598781627169,0.404043721836687
"372",4.52598781627169,0.404043721836687,4.41707927094725,-0.635997979426734
"373",4.41707927094725,-0.635997979426734,4.29647701963444,0.45849799449891
"374",4.29647701963444,0.45849799449891,2.41693194816175,-0.362504885639222
"375",2.41693194816175,-0.362504885639222,2.54416645063213,-0.52028265001951
"376",2.54416645063213,-0.52028265001951,4.72792241072744,-0.255690735417169
"377",4.72792241072744,-0.255690735417169,1.81933121227889,-0.43388885204579
"378",1.81933121227889,-0.43388885204579,2.04046442850657,-0.411548637620263
"379",2.04046442850657,-0.411548637620263,3.58246282264356,0.412246769321061
"380",3.58246282264356,0.412246769321061,2.79514479706892,0.636172512351933
"381",2.79514479706892,0.636172512351933,1.57219259019649,-0.44924774946334
"382",1.57219259019649,-0.44924774946334,1.59767439727561,0.460068790825705
"383",1.59767439727561,0.460068790825705,0.0684169066781777,0.442964564156161
"384",0.0684169066781777,0.442964564156161,0.121300383013606,0.254469004940773
"385",0.121300383013606,0.254469004940773,1.2627457138179,0.677711348549398
"386",1.2627457138179,0.677711348549398,5.77197836927045,-0.363028484414821
"387",5.77197836927045,-0.363028484414821,0.590095820099283,0.433365253270192
"388",0.590095820099283,0.433365253270192,0.734958148014812,0.241728101401215
"389",0.734958148014812,0.241728101401215,4.85341158394583,-0.30176742766982
"390",4.85341158394583,-0.30176742766982,6.16764451069756,0.262497519499947
"391",6.16764451069756,0.262497519499947,0.169820536219048,-0.436681378848981
"392",0.169820536219048,-0.436681378848981,0.134564885328763,0.437554043474978
"393",0.134564885328763,0.437554043474978,5.57999215155107,0.552571241181405
"394",5.57999215155107,0.552571241181405,0.260228591472354,0.439822971502571
"395",0.260228591472354,0.439822971502571,4.22282412520028,0.242251700176813
"396",4.22282412520028,0.242251700176813,5.4178510640408,-0.276634686441101
"397",5.4178510640408,-0.276634686441101,4.84293960843387,0.531103691381874
"398",4.84293960843387,0.531103691381874,4.28740130752407,-0.604582052890836
"399",4.28740130752407,-0.604582052890836,4.53960138443725,0.0207694180987325
"400",4.53960138443725,0.0207694180987325,4.67189734173842,-0.162490153360672
"401",4.67189734173842,-0.162490153360672,3.87428187357701,0.31381019950858
"402",3.87428187357701,0.31381019950858,3.3560936186599,0.402472925509892
"403",3.3560936186599,0.402472925509892,2.68204746153969,-0.266686309704734
"404",2.68204746153969,-0.266686309704734,2.6782077371853,0.65257860732068
"405",2.6782077371853,0.65257860732068,3.27249234748937,-0.508588944031148
"406",3.27249234748937,-0.508588944031148,2.96566346498876,-0.379783645233966
"407",2.96566346498876,-0.379783645233966,2.84890093803034,0.593411945678072
"408",2.84890093803034,0.593411945678072,2.42478592979572,-0.408232512041474
"409",2.42478592979572,-0.408232512041474,2.81312168836446,0.517839189066718
"410",2.81312168836446,0.517839189066718,1.70518667919846,-0.364075681966017
"411",1.70518667919846,-0.364075681966017,2.11272105953914,-0.452214809191731
"412",2.11272105953914,-0.452214809191731,2.08689018660962,-0.383448836663154
"413",2.08689018660962,-0.383448836663154,2.11952784362191,-0.300545697193424
"414",2.11952784362191,-0.300545697193424,1.95878301951324,-0.430223660616602
"415",1.95878301951324,-0.430223660616602,1.51930911386106,-0.404567320612286
"416",1.51930911386106,-0.404567320612286,1.48754412147477,0.376118453804778
"417",1.48754412147477,0.376118453804778,0.547684319275821,-0.3077015471266
"418",0.547684319275821,-0.3077015471266,0.958534825195286,0.246964089157198
"419",0.958534825195286,0.246964089157198,1.25419360048313,-0.0876155284501153
"420",1.25419360048313,-0.0876155284501153,0.17540558982543,-0.375071256253581
"421",0.17540558982543,-0.375071256253581,0.145211393765928,-0.460941455451702
"422",0.145211393765928,-0.460941455451702,6.16153585831558,0.462861317628896
"423",6.16153585831558,0.462861317628896,6.25334017697048,0.220260551601684
"424",6.25334017697048,0.220260551601684,0.221831347928479,-0.369835268497598
"425",0.221831347928479,-0.369835268497598,0.198269403026556,0.33231068957972
"426",0.198269403026556,0.33231068957972,0.0932005820564972,0.240331837999619
"427",0.0932005820564972,0.240331837999619,0.411374104695063,-0.365821011218011
"428",0.411374104695063,-0.365821011218011,0.710698071412091,0.37542032210398
"429",0.710698071412091,0.37542032210398,5.62153098774854,0.394793476801117
"430",5.62153098774854,0.394793476801117,5.33163179899228,0.445233492183753
"431",5.33163179899228,0.445233492183753,4.48776510565302,0.39409534510032
"432",4.48776510565302,0.39409534510032,4.14533150641173,-0.241553568476015
"433",4.14533150641173,-0.241553568476015,4.44133934754997,0.163711883837068
"434",4.44133934754997,0.163711883837068,5.32150888933071,0.486772328381218
"435",5.32150888933071,0.486772328381218,3.74093871872465,0.40927970959267
"436",3.74093871872465,0.40927970959267,4.10204734096227,0.336848545634906
"437",4.10204734096227,0.336848545634906,4.98396221199501,-0.316777259236971
"438",4.98396221199501,-0.316777259236971,4.03781922448888,0.504051087975962
"439",4.03781922448888,0.504051087975962,3.83920075561193,0.481710873550435
"440",3.83920075561193,0.481710873550435,2.81521608346685,-0.268257106031528
"441",2.81521608346685,-0.268257106031528,4.24115008234622,0.51103240498394
"442",4.24115008234622,0.51103240498394,2.66389603731895,-0.375769387954379
"443",2.66389603731895,-0.375769387954379,2.57837490397122,-0.25237460983838
"444",2.57837490397122,-0.25237460983838,2.52165170328141,-0.280474410795489
"445",2.52165170328141,-0.280474410795489,2.37312418393669,-0.370184334347997
"446",2.37312418393669,-0.370184334347997,1.44164196214732,-0.378387381832371
"447",1.44164196214732,-0.378387381832371,2.6483626069762,0.639314105005523
"448",2.6483626069762,0.639314105005523,2.99899925370186,-0.305432619099008
"449",2.99899925370186,-0.305432619099008,2.07170582211727,0.35098571257606
"450",2.07170582211727,0.35098571257606,1.31021866947214,-0.311192205630589
"451",1.31021866947214,-0.311192205630589,1.93068321855613,-0.434586983746588
"452",1.93068321855613,-0.434586983746588,2.36247767549952,-0.378038315981972
"453",2.36247767549952,-0.378038315981972,1.69558736831249,0.436681378848981
"454",1.69558736831249,0.436681378848981,2.03714830292778,-0.522551578047102
"455",2.03714830292778,-0.522551578047102,1.27164689300307,0.548382450976618
"456",1.27164689300307,0.548382450976618,1.61757115074834,0.331438024953723
"457",1.61757115074834,0.331438024953723,0.191462618943778,0.205774318810131
"458",0.191462618943778,0.205774318810131,1.15383716849345,-0.545066325397829
"459",1.15383716849345,-0.545066325397829,1.70501214627326,-0.399331332856303
"460",1.70501214627326,-0.399331332856303,0.0638790506229925,-0.412595835171459
"461",0.0638790506229925,-0.412595835171459,1.88495559215388,0.37856191475757
"462",1.88495559215388,0.37856191475757,1.99526040087992,-0.526042236551091
"463",1.99526040087992,-0.526042236551091,6.19190458730028,0.239633706298821
"464",6.19190458730028,0.239633706298821,0.573689725130536,0.367740873395205
"465",0.573689725130536,0.367740873395205,0.210312174865317,-0.3384193419617
"466",0.210312174865317,-0.3384193419617,1.3536773678468,-0.389208423194735
"467",1.3536773678468,-0.389208423194735,5.47562146228181,0.454832803069722
"468",5.47562146228181,0.454832803069722,1.19502693884052,0.450818545790135
"469",1.19502693884052,0.450818545790135,0.137881010907552,0.450993078715335
"470",0.137881010907552,0.450993078715335,5.15552807746605,0.60946897479642
"471",5.15552807746605,0.60946897479642,5.68802803224952,0.439997504427771
"472",5.68802803224952,0.439997504427771,5.01520360560571,-0.435459648372585
"473",5.01520360560571,-0.435459648372585,5.0773373269767,0.685739863108572
"474",5.0773373269767,0.685739863108572,5.56655311631071,-0.306130750799805
"475",5.56655311631071,-0.306130750799805,3.67845593150325,0.373325927001587
"476",3.67845593150325,0.373325927001587,3.60410490536829,0.502654824574367
"477",3.60410490536829,0.502654824574367,4.49910974579098,-0.238411975822425
"478",4.49910974579098,-0.238411975822425,3.06479816650204,-0.330565360327726
"479",3.06479816650204,-0.330565360327726,4.44622626945555,0.352207443052456
"480",4.44622626945555,0.352207443052456,3.90028727943173,-0.18779742751459
"481",3.90028727943173,-0.18779742751459,2.83703269911678,0.271747764535517
"482",2.83703269911678,0.271747764535517,2.8007298506753,0.368788070946402
"483",2.8007298506753,0.368788070946402,2.93232767627567,0.536339679137857
"484",2.93232767627567,0.536339679137857,2.66616496534654,-0.375071256253581
"485",2.66616496534654,-0.375071256253581,3.84146968363952,0.48328166987723
"486",3.84146968363952,0.48328166987723,1.92963602100493,-0.449073216538141
"487",1.92963602100493,-0.449073216538141,4.08197605456434,0.371231531899194
"488",4.08197605456434,0.371231531899194,1.62088727632713,0.412595835171459
"489",1.62088727632713,0.412595835171459,2.8942794985822,-0.170867733770245
"490",2.8942794985822,-0.170867733770245,2.4015730507442,0.0945968454580927
"491",2.4015730507442,0.0945968454580927,2.39406813496062,-0.307527014201401
"492",2.39406813496062,-0.307527014201401,0.207170582211727,0.223402144255274
"493",0.207170582211727,0.223402144255274,1.89804556154383,0.557981761862587
"494",1.89804556154383,0.557981761862587,0.460766922526503,0.39706240482871
"495",0.460766922526503,0.39706240482871,0.0535816080362259,0.275587488889905
"496",0.0535816080362259,0.275587488889905,1.22644286537642,-0.442964564156161
"497",1.22644286537642,-0.442964564156161,1.01839961853869,-0.421147948506232
"498",1.01839961853869,-0.421147948506232,0.767072206251508,0.583463568941704
"499",0.767072206251508,0.583463568941704,0.285535865626272,-0.31398473243378
"500",0.285535865626272,-0.31398473243378,6.01580086577405,0.271049632834719
"501",6.01580086577405,0.271049632834719,0.69551370691974,-0.063704517697793
"502",0.69551370691974,-0.063704517697793,0.62168627956038,0.379783645233966
"503",0.62168627956038,0.379783645233966,0.691673982565353,0.411374104695063
"504",0.691673982565353,0.411374104695063,5.61961112557134,0.364948346592014
"505",5.61961112557134,0.364948346592014,0.289899188756258,0.327249234748937
"506",0.289899188756258,0.327249234748937,6.27026987071483,-0.665144977935039
"507",6.27026987071483,-0.665144977935039,5.3548446780438,0.396538806053112
"508",5.3548446780438,0.396538806053112,5.10072473895343,-0.365821011218011
"509",5.10072473895343,-0.365821011218011,0.611563369898813,0.364075681966017
"510",0.611563369898813,0.364075681966017,6.13326152443327,0.382052573261559
"511",6.13326152443327,0.382052573261559,4.92950793933278,0.355174502780846
"512",4.92950793933278,0.355174502780846,4.67346813806522,-0.239110107523223
"513",4.67346813806522,-0.239110107523223,5.8159606664207,-0.348542251623268
"514",5.8159606664207,-0.348542251623268,5.55067062011757,0.252025543987981
"515",5.55067062011757,0.252025543987981,4.55513481478,-0.325678438422142
"516",4.55513481478,-0.325678438422142,5.80444149335754,0.448549617762543
"517",5.80444149335754,0.448549617762543,5.7236327489902,0.455181868920121
"518",5.7236327489902,0.455181868920121,5.03108610179885,0.476823951644851
"519",5.03108610179885,0.476823951644851,4.05649424748522,0.602487657788443
"520",4.05649424748522,0.602487657788443,5.51209884364849,-0.511730536684737
"521",5.51209884364849,-0.511730536684737,4.92654087960439,0.515744793964324
"522",4.92654087960439,0.515744793964324,5.24174734251457,0.641583033033115
"523",5.24174734251457,0.641583033033115,4.75183342147976,-0.41538836197465
"524",4.75183342147976,-0.41538836197465,3.57949576291517,0.476474885794452
"525",3.57949576291517,0.476474885794452,3.58752427747434,0.395666141427114
"526",3.58752427747434,0.395666141427114,5.34576896593343,0.410850505919465
"527",5.34576896593343,0.410850505919465,2.79619199462012,0.568279204449354
"528",2.79619199462012,0.568279204449354,4.01355914788616,0.334405084682113
"529",4.01355914788616,0.334405084682113,3.71929663599992,0.433190720344993
"530",3.71929663599992,0.433190720344993,4.36000700440703,0.284837733925475
"531",4.36000700440703,0.284837733925475,2.91819050933452,0.223576677180474
"532",2.91819050933452,0.223576677180474,2.57244078451444,-0.356047167406843
"533",2.57244078451444,-0.356047167406843,2.64260302044461,-0.239633706298821
"534",2.64260302044461,-0.239633706298821,3.80848296077683,-0.459545192050107
"535",3.80848296077683,-0.459545192050107,3.64250214891217,0.328470965225333
"536",3.64250214891217,0.328470965225333,1.87902147269709,0.563915881319368
"537",1.87902147269709,0.563915881319368,2.35270383168836,-0.299847565492626
"538",2.35270383168836,-0.299847565492626,1.62071274340193,0.248011286708394
"539",1.62071274340193,0.248011286708394,2.38865761427944,0.297404104539834
"540",2.38865761427944,0.297404104539834,3.68456458388523,0.528136631653484
"541",3.68456458388523,0.528136631653484,3.13286600732982,-0.423765942384223
"542",3.13286600732982,-0.423765942384223,1.08437306426408,-0.192335283569775
"543",1.08437306426408,-0.192335283569775,2.23018171819835,-0.353429173528852
"544",2.23018171819835,-0.353429173528852,1.99700573013191,0.222354946704078
"545",1.99700573013191,0.222354946704078,1.67586514776496,0.420100750955035
"546",1.67586514776496,0.420100750955035,2.19981298921365,0.416435559525847
"547",2.19981298921365,0.416435559525847,0.732863752912419,0.597426202957659
"548",0.732863752912419,0.597426202957659,0.908443875663048,0.406661715714679
"549",0.908443875663048,0.406661715714679,0.545240858323028,0.327598300599336
"550",0.545240858323028,0.327598300599336,1.12975162481593,-0.326900168898538
"551",1.12975162481593,-0.326900168898538,1.05592419745657,0.354999969855647
"552",1.05592419745657,0.354999969855647,6.15752160103599,-0.28309240467348
"553",6.15752160103599,-0.28309240467348,6.06746261163309,-0.643851961060708
"554",6.06746261163309,-0.643851961060708,1.84394035473201,-0.503003890424766
"555",1.84394035473201,-0.503003890424766,1.67569061483976,-0.553269372882202
"556",1.67569061483976,-0.553269372882202,5.51628763385328,0.507192680629552
"557",5.51628763385328,0.507192680629552,5.5087827180697,0.413643032722656
"558",5.5087827180697,0.413643032722656,5.64928172285525,-0.673173492494213
"559",5.64928172285525,-0.673173492494213,0.335801348083709,0.241553568476015
"560",0.335801348083709,0.241553568476015,6.16502651681957,0.580671042138514
"561",6.16502651681957,0.580671042138514,5.32290515273231,0.277332818141899
"562",5.32290515273231,0.277332818141899,5.27682846047966,0.374722190403183
"563",5.27682846047966,0.374722190403183,0.365471945367613,0.333183354205717
"564",0.365471945367613,0.333183354205717,0.197222205475359,0.385368698840348
"565",0.197222205475359,0.385368698840348,5.70007080408828,0.339117473662498
"566",5.70007080408828,0.339117473662498,0.296531439913837,-0.29845130209103
"567",0.296531439913837,-0.29845130209103,6.14600242797283,0.337023078560105
"568",6.14600242797283,0.337023078560105,4.49806254823979,0.328121899374934
"569",4.49806254823979,0.328121899374934,4.53419086375607,-0.37227872945039
"570",4.53419086375607,-0.37227872945039,4.99443418750697,-0.40613811693908
"571",4.99443418750697,-0.40613811693908,4.78796173699604,0.429350995990605
"572",4.78796173699604,0.429350995990605,5.27508313122766,0.463733982254893
"573",5.27508313122766,0.463733982254893,5.01258561172771,0.328820031075732
"574",5.01258561172771,0.328820031075732,3.89243329779775,-0.44924774946334
"575",3.89243329779775,-0.44924774946334,5.93621385188311,-0.356396233257242
"576",5.93621385188311,-0.356396233257242,4.79738651495681,0.423067810683425
"577",4.79738651495681,0.423067810683425,4.85498238027263,0.601614993162445
"578",4.85498238027263,0.601614993162445,4.1247366212382,-0.542971930295436
"579",4.1247366212382,-0.542971930295436,4.3404593167847,0.289550122905859
"580",4.3404593167847,0.289550122905859,3.21803807482714,-0.339466539512897
"581",3.21803807482714,-0.339466539512897,5.05656790887797,0.486074196680421
"582",5.05656790887797,0.486074196680421,2.7403414585563,-0.283616003449079
"583",2.7403414585563,-0.283616003449079,2.57139358696325,-0.36023595761163
"584",2.57139358696325,-0.36023595761163,4.55967267083519,-0.37856191475757
"585",4.55967267083519,-0.37856191475757,2.28376332623458,0.405963584013881
"586",2.28376332623458,0.405963584013881,2.29109370909296,0.656243798749868
"587",2.29109370909296,0.656243798749868,2.58221462832561,-0.488866723483612
"588",2.58221462832561,-0.488866723483612,2.53404354097057,0.265464579228338
"589",2.53404354097057,0.265464579228338,1.82456720003487,0.234572251468038
"590",1.82456720003487,0.234572251468038,1.54269652583779,0.209614043164519
"591",1.54269652583779,0.209614043164519,2.8918360376294,-0.461115988376902
"592",2.8918360376294,-0.461115988376902,1.13167148699312,-0.191811684794177
"593",1.13167148699312,-0.191811684794177,1.34948857764202,0.259704992696756
"594",1.34948857764202,0.259704992696756,2.11725891559432,-0.552222175331006
"595",2.11725891559432,-0.552222175331006,1.38666409070949,-0.408581577891873
"596",1.38666409070949,-0.408581577891873,1.73049395335238,0.566708408122559
"597",1.73049395335238,0.566708408122559,1.48632239099837,-0.541575666893841
"598",1.48632239099837,-0.541575666893841,2.30505634310891,-0.24329889772801
"599",2.30505634310891,-0.24329889772801,0.611388836973614,0.313635666583381
"600",0.611388836973614,0.313635666583381,1.74812177879752,0.252200076913181
"601",1.74812177879752,0.252200076913181,0.440346570278169,0.321489648217356
"602",0.440346570278169,0.321489648217356,1.71304066083243,0.295658775287839
"603",1.71304066083243,0.295658775287839,1.95965568413923,-0.84037603483527
"604",1.95965568413923,-0.84037603483527,0.82187554476413,0.448549617762543
"605",0.82187554476413,0.448549617762543,1.18944188523414,-0.355349035706045
"606",1.18944188523414,-0.355349035706045,0.940557933899744,-0.415911960750249
"607",0.940557933899744,-0.415911960750249,0.185004900711399,0.378736447682769
"608",0.185004900711399,0.378736447682769,1.70187055361967,-0.537386876689054
"609",1.70187055361967,-0.537386876689054,0.65572019997427,0.422544211907827
"610",0.65572019997427,0.422544211907827,6.16258305586678,0.2462659574564
"611",6.16258305586678,0.2462659574564,2.05896491857771,-0.374722190403183
"612",2.05896491857771,-0.374722190403183,5.73637365252976,-0.645422757387503
"613",5.73637365252976,-0.645422757387503,1.86331350942915,-0.299847565492626
"614",1.86331350942915,-0.299847565492626,5.44246020649392,0.499862297771176
"615",5.44246020649392,0.499862297771176,0.401076662108297,0.561472420366576
"616",0.401076662108297,0.561472420366576,0.278903614468694,0.400553063332699
"617",0.278903614468694,0.400553063332699,0.339117473662498,-0.472111562664466
"618",0.339117473662498,-0.472111562664466,5.24122374373897,0.358490628359635
"619",5.24122374373897,0.358490628359635,5.20614262577389,-0.233350520991642
"620",5.20614262577389,-0.233350520991642,6.06973153966068,-0.48328166987723
"621",6.06973153966068,-0.48328166987723,0.108559479474047,0.365821011218011
"622",0.108559479474047,0.365821011218011,0.506669081853954,-0.418355421703041
"623",0.506669081853954,-0.418355421703041,6.26503388295884,-0.347320521146872
"624",6.26503388295884,-0.347320521146872,4.65706204309647,0.297229571614634
"625",4.65706204309647,0.297229571614634,4.41673020509685,-0.652229541470281
"626",4.41673020509685,-0.652229541470281,0.424464074085021,0.561821486216975
"627",0.424464074085021,0.561821486216975,3.76764225628016,-0.48624872960562
"628",3.76764225628016,-0.48624872960562,4.42283885747883,0.367915406320405
"629",4.42283885747883,0.367915406320405,3.63656802945539,0.345400658969678
"630",3.63656802945539,0.345400658969678,5.21940712808904,0.503003890424766
"631",5.21940712808904,0.503003890424766,4.50050600919258,-0.386066830541146
"632",4.50050600919258,-0.386066830541146,3.87567813697861,0.499338698995578
"633",3.87567813697861,0.499338698995578,3.1381019950858,0.253596340314776
"634",3.1381019950858,0.253596340314776,2.72917135134353,-0.291120919232654
"635",2.72917135134353,-0.291120919232654,2.53037834954138,-0.4925319149128
"636",2.53037834954138,-0.4925319149128,2.400525853193,0.475078622392856
"637",2.400525853193,0.475078622392856,2.55236949811651,0.417831822927443
"638",2.55236949811651,0.417831822927443,2.2146482878556,0.426558469187414
"639",2.2146482878556,0.426558469187414,3.8458330067695,-0.357617963733638
"640",3.8458330067695,-0.357617963733638,2.53142554709258,0.274540291338708
"641",2.53142554709258,0.274540291338708,1.89507850181544,0.195651409148564
"642",1.89507850181544,0.195651409148564,3.53638613039091,0.476823951644851
"643",3.53638613039091,0.476823951644851,3.56431139842282,0.54471725954743
"644",3.56431139842282,0.54471725954743,1.38910755166229,0.364773813666815
"645",1.38910755166229,0.364773813666815,1.73538087525796,0.356396233257242
"646",1.73538087525796,0.356396233257242,2.80736210183288,0.589048622548086
"647",2.80736210183288,0.589048622548086,3.12379029521945,0.411374104695063
"648",3.12379029521945,0.411374104695063,1.05749499378336,-0.349589449174464
"649",1.05749499378336,-0.349589449174464,0.919090384100214,-0.624129740513172
"650",0.919090384100214,-0.624129740513172,1.59051854734243,-0.593761011528471
"651",1.59051854734243,-0.593761011528471,0.739146938219599,-0.435634181297785
"652",0.739146938219599,-0.435634181297785,0.561472420366576,-0.389033890269536
"653",0.561472420366576,-0.389033890269536,0.463908515180093,0.352731041828054
"654",0.463908515180093,0.352731041828054,6.25927429642726,0.570548132476946
"655",6.25927429642726,0.570548132476946,1.3236577047125,-0.227940000310459
"656",1.3236577047125,-0.227940000310459,0.0123918376891597,0.230557994188451
"657",0.0123918376891597,0.230557994188451,0.404392787687086,0.220609617452083
"658",0.404392787687086,0.220609617452083,6.04826398986115,0.24329889772801
"659",6.04826398986115,0.24329889772801,1.1992157290453,0.231779724664847
"660",1.1992157290453,0.231779724664847,5.76691691443966,0.251152879361984
"661",5.76691691443966,0.251152879361984,0.725533370054043,0.427256600888212
"662",0.725533370054043,0.427256600888212,0.552222175331006,0.286583063177469
"663",0.552222175331006,0.286583063177469,1.12259577488275,0.441917366604964
"664",1.12259577488275,0.441917366604964,5.34733976226023,0.3694862026472
"665",5.34733976226023,0.3694862026472,5.44595086499791,0.584161700642502
"666",5.44595086499791,0.584161700642502,5.10072473895343,0.482758071101632
"667",5.10072473895343,0.482758071101632,0.497942435593982,0.450120414089338
"668",0.497942435593982,0.450120414089338,0.59393554445367,-0.571246264177744
"669",0.59393554445367,-0.571246264177744,5.81508800179471,0.522027979271504
"670",5.81508800179471,0.522027979271504,6.05437264224313,0.619940950308386
"671",6.05437264224313,0.619940950308386,6.15333281083121,0.232477856365645
"672",6.15333281083121,0.232477856365645,6.19888590430826,-0.269478836507924
"673",6.19888590430826,-0.269478836507924,5.22202512196703,-0.650833278068686
"674",5.22202512196703,-0.650833278068686,5.52291988501086,-0.250978346436785
"675",5.52291988501086,-0.250978346436785,3.76484972947697,-0.501433094097971
"676",3.76484972947697,-0.501433094097971,4.05317812190643,-0.558505360638185
"677",4.05317812190643,-0.558505360638185,4.54710630022083,0.350287580875262
"678",4.54710630022083,0.350287580875262,3.77863783056772,0.34156093461529
"679",3.77863783056772,0.34156093461529,3.40217031091255,0.317649923862968
"680",3.40217031091255,0.317649923862968,4.63140570309215,0.436506845923782
"681",4.63140570309215,0.436506845923782,4.2769293320121,-0.490262986885207
"682",4.2769293320121,-0.490262986885207,4.01879513564214,0.299673032567426
"683",4.01879513564214,0.299673032567426,2.68466545541768,-0.286059464401871
"684",2.68466545541768,-0.286059464401871,2.83685816619158,0.516268392739923
"685",2.83685816619158,0.516268392739923,3.36900905512465,0.410850505919465
"686",3.36900905512465,0.410850505919465,2.01864781285664,0.222005880853679
"687",2.01864781285664,0.222005880853679,2.92709168851969,-0.380307244009564
"688",2.92709168851969,-0.380307244009564,3.37476864165624,0.095120444233691
"689",3.37476864165624,0.095120444233691,2.81975393952204,0.331438024953723
"690",2.81975393952204,0.331438024953723,2.59984245377075,0.303338223996614
"691",2.59984245377075,0.303338223996614,1.65404853211503,0.316602726311771
"692",1.65404853211503,0.316602726311771,2.13174514838587,-0.250978346436785
"693",2.13174514838587,-0.250978346436785,1.06465084371654,-0.327947366449734
"694",1.06465084371654,-0.327947366449734,2.82586259190402,0.497069770967985
"695",2.82586259190402,0.497069770967985,0.852244273748831,-0.407359847415476
"696",0.852244273748831,-0.407359847415476,0.725358837128843,0.452738407967329
"697",0.725358837128843,0.452738407967329,0.548906049752217,0.349763982099664
"698",0.548906049752217,0.349763982099664,0.469493568786475,-0.316253660461372
"699",0.469493568786475,-0.316253660461372,0.396713338978311,-0.594459143229269
"700",0.396713338978311,-0.594459143229269,0.351160245501259,-0.428303798439408
"701",0.351160245501259,-0.428303798439408,0.0191986217719376,0.522027979271504
"702",0.0191986217719376,0.522027979271504,6.01161207556927,0.226892802759263
"703",6.01161207556927,0.226892802759263,5.82643264193267,-0.221831347928479
"704",5.82643264193267,-0.221831347928479,5.66708408122559,-0.551349510705009
"705",5.66708408122559,-0.551349510705009,5.90532152412281,0.54175019981904
"706",5.90532152412281,0.54175019981904,5.56410965535792,-0.552222175331006
"707",5.56410965535792,-0.552222175331006,0.161268422884276,-0.225147473507269
"708",0.161268422884276,-0.225147473507269,0.77859137931467,-0.234921317318437
"709",0.77859137931467,-0.234921317318437,4.92130489184841,0.441917366604964
"710",4.92130489184841,0.441917366604964,5.34943415736262,0.380656309859963
"711",5.34943415736262,0.380656309859963,6.09765680769259,0.591666616426078
"712",6.09765680769259,0.591666616426078,5.91492083500878,0.34156093461529
"713",5.91492083500878,0.34156093461529,6.0021872976085,0.299323966717027
"714",6.0021872976085,0.299323966717027,0.304909020323409,0.488692190558412
"715",0.304909020323409,0.488692190558412,4.62669331411177,0.441917366604964
"716",4.62669331411177,0.441917366604964,0.0497418836818384,0.338244809036501
"717",0.0497418836818384,0.338244809036501,4.58410728036311,-0.412595835171459
"718",4.58410728036311,-0.412595835171459,3.89627302215214,0.285186799775873
"719",3.89627302215214,0.285186799775873,3.93414666692042,0.565835743496562
"720",3.93414666692042,0.565835743496562,3.571467248356,0.360934089312427
"721",3.571467248356,0.360934089312427,5.6927404212299,0.410152374218667
"722",5.6927404212299,0.410152374218667,4.61482507519821,0.294087978961045
"723",4.61482507519821,0.294087978961045,4.92060676014761,-0.582765437240907
"724",4.92060676014761,-0.582765437240907,3.22362312843353,0.270351501133922
"725",3.22362312843353,0.270351501133922,2.92866248484649,0.369660735572399
"726",2.92866248484649,0.369660735572399,4.16487919403407,0.520457182944709
"727",4.16487919403407,0.520457182944709,3.97795443114548,-0.300022098417825
"728",3.97795443114548,-0.300022098417825,2.6162485487395,-0.238761041672824
"729",2.6162485487395,-0.238761041672824,4.35407288495025,-0.306305283725005
"730",4.35407288495025,-0.306305283725005,2.96897959056755,-0.251851011062782
"731",2.96897959056755,-0.251851011062782,4.59161219614668,0.373674992851986
"732",4.59161219614668,0.373674992851986,2.5865779514556,0.294960643587042
"733",2.5865779514556,0.294960643587042,3.13216787562902,-0.267209908480332
"734",3.13216787562902,-0.267209908480332,3.34056018831715,-0.239284640448423
"735",3.34056018831715,-0.239284640448423,2.11167386198794,-0.287106661953067
"736",2.11167386198794,-0.287106661953067,2.97962609900472,-0.189717289691784
"737",2.97962609900472,-0.189717289691784,2.99603219397347,-0.338244809036501
"738",2.99603219397347,-0.338244809036501,2.34502438297958,0.348018652847669
"739",2.34502438297958,0.348018652847669,2.7691393912142,-0.723613507876849
"740",2.7691393912142,-0.723613507876849,2.09771122797198,0.299323966717027
"741",2.09771122797198,0.299323966717027,1.59051854734243,-0.324107642095347
"742",1.59051854734243,-0.324107642095347,1.49941236038833,0.448549617762543
"743",1.49941236038833,0.448549617762543,1.92544723080014,-0.321664181142555
"744",1.92544723080014,-0.321664181142555,0.422020613132229,0.377340184281174
"745",0.422020613132229,0.377340184281174,0.250978346436785,0.168773338667852
"746",0.250978346436785,0.168773338667852,0.20018926520375,0.314508331209378
"747",0.20018926520375,0.314508331209378,0.135786615805159,0.444535360482956
"748",0.135786615805159,0.444535360482956,1.59366013999602,-0.220958683302482
"749",1.59366013999602,-0.220958683302482,6.13151619518128,-0.309097810528196
"750",6.13151619518128,-0.309097810528196,0.933402083966567,-0.390255620745932
"751",0.933402083966567,-0.390255620745932,6.18474873736711,-0.450469479939736
"752",6.18474873736711,-0.450469479939736,5.78419567403441,-0.234397718542838
"753",5.78419567403441,-0.234397718542838,5.57335990039349,-0.515919326889524
"754",5.57335990039349,-0.515919326889524,5.71246264177744,0.519584518318712
"755",5.71246264177744,0.519584518318712,6.05192918129034,0.604058454115237
"756",6.05192918129034,0.604058454115237,4.87156300816657,-0.570373599551747
"757",4.87156300816657,-0.570373599551747,4.71134178283349,0.333183354205717
"758",4.71134178283349,0.333183354205717,4.67556253316761,0.481361807700036
"759",4.67556253316761,0.481361807700036,4.94224884287234,-0.346622389446074
"760",4.94224884287234,-0.346622389446074,4.51726117001172,-0.339117473662498
"761",4.51726117001172,-0.339117473662498,5.39376552036328,0.488866723483612
"762",5.39376552036328,0.488866723483612,5.51977829235727,0.54785885220102
"763",5.51977829235727,0.54785885220102,4.33417613147752,0.324980306721344
"764",4.33417613147752,0.324980306721344,4.70401139997512,-0.285710398551472
"765",4.70401139997512,-0.285710398551472,4.78063135413767,0.508938009881546
"766",4.78063135413767,0.508938009881546,3.55244315950926,0.361108622237627
"767",3.55244315950926,0.361108622237627,4.77399910298009,-0.618021088131192
"768",4.77399910298009,-0.618021088131192,4.71448337548708,-0.441917366604964
"769",4.71448337548708,-0.441917366604964,3.64407294523896,0.338244809036501
"770",3.64407294523896,0.338244809036501,3.0150562828202,0.381354441560761
"771",3.0150562828202,0.381354441560761,3.69782908620039,0.257086998818765
"772",3.69782908620039,0.257086998818765,2.82080113707324,-0.32306044454415
"773",2.82080113707324,-0.32306044454415,2.278003739703,0.345749724820077
"774",2.278003739703,0.345749724820077,4.12857634559259,0.295833308213039
"775",4.12857634559259,0.295833308213039,3.87166387969902,0.414515697348653
"776",3.87166387969902,0.414515697348653,1.86383710820474,-0.311890337331387
"777",1.86383710820474,-0.311890337331387,4.41987179775044,-0.25534166956677
"778",4.41987179775044,-0.25534166956677,2.70438767596521,0.445058959258554
"779",2.70438767596521,0.445058959258554,1.08925998616966,-0.359188760060433
"780",1.08925998616966,-0.359188760060433,1.91357899188658,-0.394618943875918
"781",1.91357899188658,-0.394618943875918,2.77280458264339,-0.248883951334391
"782",2.77280458264339,-0.248883951334391,2.41466302013415,-0.363028484414821
"783",2.41466302013415,-0.363028484414821,2.32687295875884,-0.261101256098352
"784",2.32687295875884,-0.261101256098352,0.774926187885482,0.353080107678453
"785",0.774926187885482,0.353080107678453,6.26503388295884,-0.368089939245604
"786",6.26503388295884,-0.368089939245604,6.05454717516833,-0.291644518008252
"787",6.05454717516833,-0.291644518008252,5.92696360684754,-0.260054058547155
"788",5.92696360684754,-0.260054058547155,5.92469467881995,-0.464432113955691
"789",5.92469467881995,-0.464432113955691,0.505970950153156,-0.0989601685880785
"790",0.505970950153156,-0.0989601685880785,0.10157816246607,0.441393767829366
"791",0.10157816246607,0.441393767829366,0.409628775443069,0.183085038534205
"792",0.409628775443069,0.183085038534205,1.66644036980419,0.157777764380287
"793",1.66644036980419,0.157777764380287,1.47393055330921,0.334579617607313
"794",1.47393055330921,0.334579617607313,1.36257854703197,-0.455007335994922
"795",1.36257854703197,-0.455007335994922,5.53217013004643,0.321489648217356
"796",5.53217013004643,0.321489648217356,1.29695416715699,0.622035345410779
"797",1.29695416715699,0.622035345410779,0.568104671524154,0.395317075576716
"798",0.568104671524154,0.395317075576716,5.5721381699171,0.528136631653484
"799",5.5721381699171,0.528136631653484,6.01981512305364,0.222704012554476
"800",6.01981512305364,0.222704012554476,5.14278717392649,-0.516791991515521
"801",5.14278717392649,-0.516791991515521,5.07070507581912,0.519933584169111
"802",5.07070507581912,0.519933584169111,4.76370166039332,0.334230551756914
"803",4.76370166039332,0.334230551756914,6.02365484740803,0.559552558189382
"804",6.02365484740803,0.559552558189382,0.439997504427771,-0.367740873395205
"805",0.439997504427771,-0.367740873395205,4.25458911758658,-0.294087978961045
"806",4.25458911758658,-0.294087978961045,4.27570760153571,0.290422787531856
"807",4.27570760153571,0.290422787531856,5.18607133937595,0.344178928493282
"808",5.18607133937595,0.344178928493282,3.92733988283764,0.503702022125563
"809",3.92733988283764,0.503702022125563,4.36437032753702,-0.572817060504539
"810",4.36437032753702,-0.572817060504539,3.74757096988222,-0.314508331209378
"811",3.74757096988222,-0.314508331209378,5.68349017619433,-0.281347075421486
"812",5.68349017619433,-0.281347075421486,3.54441464495008,0.331612557878923
"813",3.54441464495008,0.331612557878923,4.49561908728699,-0.362853951489621
"814",4.49561908728699,-0.362853951489621,5.61210620978777,-0.660432588954654
"815",5.61210620978777,-0.660432588954654,4.2465606030274,0.414864763199052
"816",4.2465606030274,0.414864763199052,3.61998740156144,0.513824931787131
"817",3.61998740156144,0.513824931787131,2.82586259190402,-0.22165681500328
"818",2.82586259190402,-0.22165681500328,2.59111580751078,-0.382052573261559
"819",2.59111580751078,-0.382052573261559,3.20512263836239,0.556760031386191
"820",3.20512263836239,0.556760031386191,3.25224652816623,0.281870674197084
"821",3.25224652816623,0.281870674197084,2.35375102923955,0.284314135149876
"822",2.35375102923955,0.284314135149876,3.24666147455985,-0.392699081698724
"823",3.24666147455985,-0.392699081698724,2.76407793638342,0.327074701823737
"824",2.76407793638342,0.327074701823737,1.70466308042286,-0.170344134994647
"825",1.70466308042286,-0.170344134994647,3.36708919294746,0.668461103513828
"826",3.36708919294746,0.668461103513828,1.46799643385243,-0.441568300754565
"827",1.46799643385243,-0.441568300754565,1.98513749121835,-0.374896723328382
"828",1.98513749121835,-0.374896723328382,1.37113066036675,-0.371929663599992
"829",1.37113066036675,-0.371929663599992,2.09596589871999,0.499513231920777
"830",2.09596589871999,0.499513231920777,2.19248260635528,0.454134671368924
"831",2.19248260635528,0.454134671368924,1.1374310735247,-0.439473905652172
"832",1.1374310735247,-0.439473905652172,0.814196096055355,0.194429678672168
"833",0.814196096055355,0.194429678672168,1.99019894604913,0.277507351067098
"834",1.99019894604913,0.277507351067098,0.811403569252164,-0.340513737064094
"835",0.811403569252164,-0.340513737064094,0.969879465333249,0.66497044500984
"836",0.969879465333249,0.66497044500984,1.85353966561798,-0.627271333166762
"837",1.85353966561798,-0.627271333166762,2.54416645063213,0.435808714222984
"838",2.54416645063213,0.435808714222984,2.15705242253979,0.308225145902199
"839",2.15705242253979,0.308225145902199,0.955916831317294,-0.140673537710743
"840",0.955916831317294,-0.140673537710743,1.25785879191231,-0.466177443207685
"841",1.25785879191231,-0.466177443207685,0.522202512196703,-0.334230551756914
"842",0.522202512196703,-0.334230551756914,0.718202987195667,0.306828882500603
"843",0.718202987195667,0.306828882500603,2.4329889772801,-0.217118958948095
"844",2.4329889772801,-0.217118958948095,0.959931088596881,-0.365995544143211
"845",0.959931088596881,-0.365995544143211,0.526740368251889,0.163537350911869
"846",0.526740368251889,0.163537350911869,6.13273792565768,0.446629755585349
"847",6.13273792565768,0.446629755585349,5.88402850724848,0.362504885639222
"848",5.88402850724848,0.362504885639222,6.1259311415749,-0.33562681515851
"849",6.1259311415749,-0.33562681515851,5.61350247318936,-0.406836248639878
"850",5.61350247318936,-0.406836248639878,6.01283380604566,0.213453767518907
"851",6.01283380604566,0.213453767518907,1.61233516299236,-0.171216799620644
"852",1.61233516299236,-0.171216799620644,5.11067311568979,-0.175929188601028
"853",5.11067311568979,-0.175929188601028,5.42937023710396,-0.330390827402527
"854",5.42937023710396,-0.330390827402527,5.68523550544633,0.309446876378595
"855",5.68523550544633,0.309446876378595,5.06442189051195,0.438077642250577
"856",5.06442189051195,0.438077642250577,5.5105280473217,0.232826922216044
"857",5.5105280473217,0.232826922216044,6.00602702196289,-0.277332818141899
"858",6.00602702196289,-0.277332818141899,5.55922273345234,0.416086493675448
"859",5.55922273345234,0.416086493675448,4.44919332918394,-0.620115483233585
"860",4.44919332918394,-0.620115483233585,4.55897453913439,0.573689725130536
"861",4.55897453913439,0.573689725130536,5.24576159979416,-0.520631715869908
"862",5.24576159979416,-0.520631715869908,0.408232512041474,0.387463093942741
"863",0.408232512041474,0.387463093942741,4.37938015910417,-0.337372144410504
"864",4.37938015910417,-0.337372144410504,4.51307237980694,0.21851522234969
"865",4.51307237980694,0.21851522234969,4.2771038649373,0.601091394386847
"866",4.2771038649373,0.601091394386847,4.14620417103773,-0.304385421547811
"867",4.14620417103773,-0.304385421547811,4.88360578000533,0.525693170700692
"868",4.88360578000533,0.525693170700692,5.12463574970575,0.17854718247902
"869",5.12463574970575,0.17854718247902,5.16826898100561,0.275238423039506
"870",5.16826898100561,0.275238423039506,5.3557173426698,0.519933584169111
"871",5.3557173426698,0.519933584169111,3.73989152117345,0.233175988066442
"872",3.73989152117345,0.233175988066442,4.57328623900074,-0.370533400198396
"873",4.57328623900074,-0.370533400198396,4.72251189004626,0.36320301734002
"874",4.72251189004626,0.36320301734002,5.33547152334666,0.293738913110646
"875",5.33547152334666,0.293738913110646,3.1093040624279,-0.244171562354007
"876",3.1093040624279,-0.244171562354007,4.96738158410106,0.222704012554476
"877",4.96738158410106,0.222704012554476,3.11907790623907,0.547684319275821
"878",3.11907790623907,0.547684319275821,4.87016674476498,0.286932129027868
"879",4.87016674476498,0.286932129027868,4.70488406460111,0.296531439913837
"880",4.70488406460111,0.296531439913837,3.80377057179644,-0.308748744677797
"881",3.80377057179644,-0.308748744677797,3.89592395630174,-0.280823476645888
"882",3.89592395630174,-0.280823476645888,3.63831335870738,0.315555528760575
"883",3.63831335870738,0.315555528760575,3.4782666662995,0.387463093942741
"884",3.4782666662995,0.387463093942741,3.0476939398325,-0.332834288355319
"885",3.0476939398325,-0.332834288355319,3.98161962257466,-0.285361332701073
"886",3.98161962257466,-0.285361332701073,2.44328641986686,0.299323966717027
"887",2.44328641986686,0.299323966717027,2.66983015677573,-0.259879525621956
"888",2.66983015677573,-0.259879525621956,2.53351994219497,0.313286600732982
"889",2.53351994219497,0.313286600732982,3.5390041242689,0.247487687932796
"890",3.5390041242689,0.247487687932796,2.24431888513951,0.195651409148564
"891",2.24431888513951,0.195651409148564,2.65900911541336,-0.506145483078356
"892",2.65900911541336,-0.506145483078356,2.16473187124857,-0.203854456632938
"893",2.16473187124857,-0.203854456632938,2.85588225503832,-0.342608132166487
"894",2.85588225503832,-0.342608132166487,2.39825692516541,-0.374547657477983
"895",2.39825692516541,-0.374547657477983,2.10748507178315,-0.392699081698724
"896",2.10748507178315,-0.392699081698724,3.508460862359,0.404916386462684
"897",3.508460862359,0.404916386462684,2.65098060085419,-0.274889357189107
"898",2.65098060085419,-0.274889357189107,2.2783528055534,0.360934089312427
"899",2.2783528055534,0.360934089312427,2.62916398520426,-0.349938515024863
"900",2.62916398520426,-0.349938515024863,2.62357893159788,0.34173546754049
"901",2.62357893159788,0.34173546754049,2.66738669582293,0.241902634326414
"902",2.66738669582293,0.241902634326414,1.24808494810115,-0.447153354360947
"903",1.24808494810115,-0.447153354360947,2.62986211690506,0.563566815468969
"904",2.62986211690506,0.563566815468969,1.00234258942034,0.253247274464377
"905",1.00234258942034,0.253247274464377,2.04500228456176,0.256039801267568
"906",2.04500228456176,0.256039801267568,0.955044166691297,-0.299847565492626
"907",0.955044166691297,-0.299847565492626,0.590619418874881,0.346273323595675
"908",0.590619418874881,0.346273323595675,1.39347087479227,-0.503178423349965
"909",1.39347087479227,-0.503178423349965,1.17216312563939,0.244695161129605
"910",1.17216312563939,0.244695161129605,2.72358629773715,-0.336324946859307
"911",2.72358629773715,-0.336324946859307,0.530405559681077,-0.35395277230445
"912",0.530405559681077,-0.35395277230445,1.6929693744345,-0.167900674041854
"913",1.6929693744345,-0.167900674041854,0.06771877497738,0.238411975822425
"914",0.06771877497738,0.238411975822425,1.15715329407224,0.248709418409192
"915",1.15715329407224,0.248709418409192,5.87617452561451,0.348891317473666
"916",5.87617452561451,0.348891317473666,1.63467537741789,0.290771853382255
"917",1.63467537741789,0.290771853382255,5.47178173792742,-0.328296432300133
"918",5.47178173792742,-0.328296432300133,6.15368187668161,-0.466177443207685
"919",6.15368187668161,-0.466177443207685,5.3569390731462,0.648215284190694
"920",5.3569390731462,0.648215284190694,5.28119178360964,-0.47717301749525
"921",5.28119178360964,-0.47717301749525,0.54471725954743,0.383448836663154
"922",0.54471725954743,0.383448836663154,5.06372375881115,0.201934594455744
"923",5.06372375881115,0.201934594455744,4.84660479986305,-0.412595835171459
"924",4.84660479986305,-0.412595835171459,5.71996755756102,-0.492008316137202
"925",5.71996755756102,-0.492008316137202,0.315031929984976,0.651182343919084
"926",0.315031929984976,0.651182343919084,4.38496521271055,-0.266860842629933
"927",4.38496521271055,-0.266860842629933,5.13510772521772,-0.212057504117311
"928",5.13510772521772,-0.212057504117311,5.02113772506249,-0.522027979271504
"929",5.02113772506249,-0.522027979271504,4.07499473755636,0.592190215201676
"930",4.07499473755636,0.592190215201676,5.58453000760626,0.139800873084746
"931",5.58453000760626,0.139800873084746,4.57136637682355,0.487295927156817
"932",4.57136637682355,0.487295927156817,5.46078616363986,0.525867703625892
"933",5.46078616363986,0.525867703625892,3.6623989023849,0.346622389446074
"934",3.6623989023849,0.346622389446074,4.72443175222345,-0.287804793653865
"935",4.72443175222345,-0.287804793653865,4.76300352869252,0.579623844587317
"936",4.76300352869252,0.579623844587317,4.63437276282054,0.343829862642883
"937",4.63437276282054,0.343829862642883,5.69954720531268,0.483805268652828
"938",5.69954720531268,0.483805268652828,4.32283149133956,0.574213323906134
"939",4.32283149133956,0.574213323906134,5.11189484616619,0.691324916714954
"940",5.11189484616619,0.691324916714954,4.03555029646129,-0.690801317939356
"941",4.03555029646129,-0.690801317939356,4.34429904113909,-0.484154334503227
"942",4.34429904113909,-0.484154334503227,2.48290539388713,0.24923301718479
"943",2.48290539388713,0.24923301718479,3.31542744708843,-0.238935574598024
"944",3.31542744708843,-0.238935574598024,2.80474410795489,-0.351509311351658
"945",2.80474410795489,-0.351509311351658,2.22110600608798,0.157777764380287
"946",2.22110600608798,0.157777764380287,3.03076424608815,-0.469842634636873
"947",3.03076424608815,-0.469842634636873,2.52060450573021,0.20018926520375
"948",2.52060450573021,0.20018926520375,1.52768669427064,-0.278030949842697
"949",1.52768669427064,-0.278030949842697,2.39127560815743,0.435110582522186
"950",2.39127560815743,0.435110582522186,2.91696877885812,0.333532420056116
"951",2.91696877885812,0.333532420056116,3.02291026445418,-0.253596340314776
"952",3.02291026445418,-0.253596340314776,1.4156365562926,0.317824456788167
"953",1.4156365562926,0.317824456788167,2.68396732371688,0.483979801578028
"954",2.68396732371688,0.483979801578028,2.81539061639205,0.288851991205062
"955",2.81539061639205,0.288851991205062,2.10469254497996,-0.179768912955416
"956",2.10469254497996,-0.179768912955416,1.17896990972217,-0.397760536529508
"957",1.17896990972217,-0.397760536529508,3.34963590042752,-0.281347075421486
"958",3.34963590042752,-0.281347075421486,0.788888821901437,0.565486677646163
"959",0.788888821901437,0.565486677646163,2.6158994828891,0.490786585660806
"960",2.6158994828891,0.490786585660806,2.99568312812307,0.245742358680802
"961",2.99568312812307,0.245742358680802,2.92639355681889,-0.0202458193231342
"962",2.92639355681889,-0.0202458193231342,2.87804793653865,0.111002940426839
"963",2.87804793653865,0.111002940426839,0.584336233567701,-0.324282175020546
"964",0.584336233567701,-0.324282175020546,1.31580372307853,0.552920307031804
"965",1.31580372307853,0.552920307031804,0.970053998258448,-0.529009296279481
"966",0.970053998258448,-0.529009296279481,1.40970243683582,-0.471413430963668
"967",1.40970243683582,-0.471413430963668,1.95232530128086,-0.208915911463721
"968",1.95232530128086,-0.208915911463721,5.89816567418964,0.211882971192112
"969",5.89816567418964,0.211882971192112,5.49831074255774,-0.325678438422142
"970",5.49831074255774,-0.325678438422142,1.09135438127205,-0.227067335684462
"971",1.09135438127205,-0.227067335684462,5.64090414244567,0.491135651511204
"972",5.64090414244567,0.491135651511204,0.706160215356906,-0.558156294787787
"973",0.706160215356906,-0.558156294787787,1.18577669380495,-0.173834793498635
"974",1.18577669380495,-0.173834793498635,6.15996506198879,0.447851486061745
"975",6.15996506198879,0.447851486061745,0.123394778115999,-0.641408500107916
"976",0.123394778115999,-0.641408500107916,4.68638357452997,0.504574686751561
"977",4.68638357452997,0.504574686751561,4.78691453944485,0.236841179495631
"978",4.78691453944485,0.236841179495631,4.1538836197465,-0.385717764690747
"979",4.1538836197465,-0.385717764690747,5.1398201141981,0.371755130674792
"980",5.1398201141981,0.371755130674792,4.13852472232895,0.545066325397829
"981",4.13852472232895,0.545066325397829,3.8460075396947,0.220260551601684
"982",3.8460075396947,0.220260551601684,5.07262493799632,-0.331263492028524
"983",5.07262493799632,-0.331263492028524,3.67950312905445,0.294262511886244
"984",3.67950312905445,0.294262511886244,5.33494792457107,-0.470366233412472
"985",5.33494792457107,-0.470366233412472,4.0629519657176,0.438775773951374
"986",4.0629519657176,0.438775773951374,4.8007026405356,-0.139975406009945
"987",4.8007026405356,-0.139975406009945,3.43969488983043,-0.546288055874225
"988",3.43969488983043,-0.546288055874225,4.23992835186982,-0.27087509990952
"989",4.23992835186982,-0.27087509990952,3.6007887797895,0.162490153360672
"990",3.6007887797895,0.162490153360672,4.71692683643987,-0.343131730942085
"991",4.71692683643987,-0.343131730942085,2.94611577736643,0.47717301749525
"992",2.94611577736643,0.47717301749525,3.71266438484234,0.227067335684462
"993",3.71266438484234,0.227067335684462,4.97279210478224,-0.380307244009564
"994",4.97279210478224,-0.380307244009564,2.76512513393462,-0.358665161284835
"995",2.76512513393462,-0.358665161284835,2.90143534851537,0.276460153515902
"996",2.90143534851537,0.276460153515902,3.12885175005023,-0.448898683612941
"997",3.12885175005023,-0.448898683612941,3.25032666598904,-0.33231068957972
"998",3.25032666598904,-0.33231068957972,2.43822496503608,0.161268422884276
"999",2.43822496503608,0.161268422884276,3.34213098464394,-0.370882466048795
"1000",3.34213098464394,-0.370882466048795,2.13244328008667,-0.165108147238664
"1001",2.13244328008667,-0.165108147238664,2.53997766042735,0.496546172192387
"1002",2.53997766042735,0.496546172192387,1.91724418331577,0.297578637465033
"1003",1.91724418331577,0.297578637465033,2.85815118306591,-0.370184334347997
"1004",2.85815118306591,-0.370184334347997,4.30188754031562,-0.355698101556444
"1005",4.30188754031562,-0.355698101556444,1.57673044625168,0.279776279094691
"1006",1.57673044625168,0.279776279094691,2.03418124319939,0.319744318965361
"1007",2.03418124319939,0.319744318965361,2.71852484290637,0.348367718698068
"1008",2.71852484290637,0.348367718698068,2.36666646570431,0.280998009571087
"1009",2.36666646570431,0.280998009571087,1.05103727555099,-0.45553093477052
"1010",1.05103727555099,-0.45553093477052,1.22417393734882,-0.307177948351002
"1011",1.22417393734882,-0.307177948351002,1.48859131902596,0.389557489045134
"1012",1.48859131902596,0.389557489045134,0.782256570743858,-0.301243828894221
"1013",0.782256570743858,-0.301243828894221,2.7378979976035,0.435983247148183
"1014",2.7378979976035,0.435983247148183,1.29957216103498,0.244346095279206
"1015",1.29957216103498,0.244346095279206,0.523424242673099,-0.365122879517214
"1016",0.523424242673099,-0.365122879517214,0.912981731718234,0.563043216693371
"1017",0.912981731718234,0.563043216693371,1.08943451909486,-0.318348055563766
"1018",1.08943451909486,-0.318348055563766,1.33465327900006,-0.208217779762924
"1019",1.33465327900006,-0.208217779762924,2.34397718542838,-0.531452757232273
"1020",2.34397718542838,-0.531452757232273,1.25070294197914,-0.431619924018198
"1021",1.25070294197914,-0.431619924018198,1.08315133378768,-0.095120444233691
"1022",1.08315133378768,-0.095120444233691,0.478394747971646,0.471937029739267
"1023",0.478394747971646,0.471937029739267,1.55683369277894,-0.238935574598024
"1024",1.55683369277894,-0.238935574598024,0.81262529972856,0.383099770812755
"1025",0.81262529972856,0.383099770812755,1.36711640308716,-0.399156799931103
"1026",1.36711640308716,-0.399156799931103,0.581194640914112,-0.119031454986013
"1027",0.581194640914112,-0.119031454986013,5.61891299387054,-0.358839694210034
"1028",5.61891299387054,-0.358839694210034,6.06798621040869,0.4000294645571
"1029",6.06798621040869,0.4000294645571,5.64369666924886,-0.281172542496286
"1030",5.64369666924886,-0.281172542496286,0.657116463375865,-0.548033385126219
"1031",0.657116463375865,-0.548033385126219,0.14765485471872,-0.355698101556444
"1032",0.14765485471872,-0.355698101556444,0.344178928493282,0.388684824419137
"1033",0.344178928493282,0.388684824419137,5.36671291695736,-0.318697121414165
"1034",5.36671291695736,-0.318697121414165,5.26670555081809,0.356570766182442
"1035",5.26670555081809,0.356570766182442,5.37247250348894,-0.450120414089338
"1036",5.37247250348894,-0.450120414089338,0.931656754714573,-0.301418361819421
"1037",0.931656754714573,-0.301418361819421,5.20544449407309,0.49549897464119
"1038",5.20544449407309,0.49549897464119,5.96029939556063,0.50474921967676
"1039",5.96029939556063,0.50474921967676,0.248709418409192,-0.137357412131954
"1040",0.248709418409192,-0.137357412131954,0.0136135681655558,0.470715299262871
"1041",0.0136135681655558,0.470715299262871,5.88420304017368,0.436157780073383
"1042",5.88420304017368,0.436157780073383,5.06843614779153,-0.336674012709706
"1043",5.06843614779153,-0.336674012709706,5.49778714378214,-0.328820031075732
"1044",5.49778714378214,-0.328820031075732,4.91921049674602,-0.392350015848325
"1045",4.91921049674602,-0.392350015848325,0.357268897883239,0.189019157990986
"1046",0.357268897883239,0.189019157990986,4.6778314611952,-0.348716784548467
"1047",4.6778314611952,-0.348716784548467,4.00553063332699,0.334928683457712
"1048",4.00553063332699,0.334928683457712,5.05674244180317,-0.383448836663154
"1049",5.05674244180317,-0.383448836663154,6.17916368376072,0.412944901021858
"1050",6.17916368376072,0.412944901021858,4.94504136967553,0.635299847725936
"1051",4.94504136967553,0.635299847725936,4.05527251700882,0.245393292830403
"1052",4.05527251700882,0.245393292830403,4.3720497762458,-0.402123859659494
"1053",4.3720497762458,-0.402123859659494,5.23738401938458,-0.51417399763753
"1054",5.23738401938458,-0.51417399763753,4.22125332887349,0.595506340780465
"1055",4.22125332887349,0.595506340780465,4.06958421687518,-0.370009801422798
"1056",4.06958421687518,-0.370009801422798,5.43233729683235,-0.303687289847013
"1057",5.43233729683235,-0.303687289847013,3.4156093461529,-0.327423767674136
"1058",3.4156093461529,-0.327423767674136,4.4926520275586,0.53249995478347
"1059",4.4926520275586,0.53249995478347,5.32779207463789,0.447502420211346
"1060",5.32779207463789,0.447502420211346,4.18058715730202,-0.11397000015523
"1061",4.18058715730202,-0.11397000015523,3.03442943751734,-0.474729556542458
"1062",3.03442943751734,-0.474729556542458,2.83668363326638,-0.326900168898538
"1063",2.83668363326638,-0.326900168898538,2.82830605285681,0.448724150687742
"1064",2.82830605285681,0.448724150687742,3.82820518132436,0.23404865269244
"1065",3.82820518132436,0.23404865269244,4.65077885778929,0.408581577891873
"1066",4.65077885778929,0.408581577891873,3.29640335824169,-0.416261026600648
"1067",3.29640335824169,-0.416261026600648,4.13590672845096,0.503352956275165
"1068",4.13590672845096,0.503352956275165,2.51467038627343,-0.32323497746935
"1069",2.51467038627343,-0.32323497746935,3.62749231734501,0.221307749152881
"1070",3.62749231734501,0.221307749152881,3.6308084429238,0.303687289847013
"1071",3.6308084429238,0.303687289847013,3.69608375694839,0.527263967027487
"1072",3.69608375694839,0.527263967027487,2.71451058562678,0.216071761396898
"1073",2.71451058562678,0.216071761396898,3.78806260852849,0.370882466048795
"1074",3.78806260852849,0.370882466048795,2.56022347975048,-0.395142542651516
"1075",2.56022347975048,-0.395142542651516,2.39162467400783,-0.158999494856683
"1076",2.39162467400783,-0.158999494856683,2.48604698654072,0.239284640448423
"1077",2.48604698654072,0.239284640448423,2.25863058500586,0.459894257900506
"1078",2.25863058500586,0.459894257900506,4.37501683597419,0.17558012275063
"1079",4.37501683597419,0.17558012275063,2.85710398551472,0.322187779918153
"1080",2.85710398551472,0.322187779918153,1.94778744522567,0.288328392429463
"1081",1.94778744522567,0.288328392429463,1.72595609729719,0.345226126044478
"1082",1.72595609729719,0.345226126044478,1.73625353988396,-0.15707963267949
"1083",1.73625353988396,-0.15707963267949,2.90178441436577,-0.202109127380943
"1084",2.90178441436577,-0.202109127380943,1.40202298812704,-0.320791516516558
"1085",1.40202298812704,-0.320791516516558,1.18560216087975,0.2155481626213
"1086",1.18560216087975,0.2155481626213,2.07065862456607,-0.185179433636598
"1087",2.07065862456607,-0.185179433636598,0.886627260013119,0.527089434102287
"1088",0.886627260013119,0.527089434102287,1.40027765887505,0.290597320457056
"1089",1.40027765887505,0.290597320457056,2.65988178003936,0.769864733054699
"1090",2.65988178003936,0.769864733054699,1.03532931228304,0.520457182944709
"1091",1.03532931228304,0.520457182944709,0.797964534011807,0.347495054072071
"1092",0.797964534011807,0.347495054072071,3.21908527237834,-0.0961676417848876
"1093",3.21908527237834,-0.0961676417848876,1.64636908340625,-0.412595835171459
"1094",1.64636908340625,-0.412595835171459,0.438252175175776,-0.170693200845045
"1095",0.438252175175776,-0.170693200845045,0.242949831877611,-0.355698101556444
"1096",0.242949831877611,-0.355698101556444,0.306828882500603,0.322536845768552
"1097",0.306828882500603,0.322536845768552,1.5072663420223,-0.268257106031528
"1098",1.5072663420223,-0.268257106031528,0.0588175957922089,0.370707933123596
"1099",0.0588175957922089,0.370707933123596,1.94813651107607,0.391826417072727
"1100",1.94813651107607,0.391826417072727,1.18298416700176,0.228114533235659
"1101",1.18298416700176,0.228114533235659,2.20312911479244,0.185179433636598
"1102",2.20312911479244,0.185179433636598,2.35898701699554,0.160395758258279
"1103",2.35898701699554,0.160395758258279,2.26264484228545,-0.376118453804778
"1104",2.26264484228545,-0.376118453804778,5.90689232044961,-0.280648943720688
"1105",5.90689232044961,-0.280648943720688,0.518013721991917,-0.374547657477983
"1106",0.518013721991917,-0.374547657477983,1.27775554538505,0.53232542185827
"1107",1.27775554538505,0.53232542185827,5.89781660833924,0.454309204294124
"1108",5.89781660833924,0.454309204294124,0.488343124708013,0.623955207587973
"1109",0.488343124708013,0.623955207587973,6.26433575125805,-0.219038821125288
"1110",6.26433575125805,-0.219038821125288,6.19085738974909,-0.415039296124252
"1111",6.19085738974909,-0.415039296124252,0.419053553403839,-0.501956692873569
"1112",0.419053553403839,-0.501956692873569,0.524995038999894,-0.153414441250302
"1113",0.524995038999894,-0.153414441250302,5.47666865983301,-0.311890337331387
"1114",5.47666865983301,-0.311890337331387,5.33948578062625,0.439997504427771
"1115",5.33948578062625,0.439997504427771,5.23511509135699,-0.328994564000931
"1116",5.23511509135699,-0.328994564000931,0.837583508032079,0.339117473662498
"1117",0.837583508032079,0.339117473662498,5.02061412628689,0.284314135149876
"1118",5.02061412628689,0.284314135149876,4.93893271729355,0.146084058391925
"1119",4.93893271729355,0.146084058391925,4.90018640789928,0.338244809036501
"1120",4.90018640789928,0.338244809036501,5.83917354547223,0.487994058857615
"1121",5.83917354547223,0.487994058857615,5.0773373269767,-0.3384193419617
"1122",5.0773373269767,-0.3384193419617,5.22603937924662,0.666541241336634
"1123",5.22603937924662,0.666541241336634,4.75811660678694,-0.276285620590702
"1124",4.75811660678694,-0.276285620590702,4.71465790841228,0.38152897448596
"1125",4.71465790841228,0.38152897448596,5.30946611749195,-0.542273798594638
"1126",5.30946611749195,-0.542273798594638,5.00490616301894,0.447502420211346
"1127",5.00490616301894,0.447502420211346,5.17402856753719,0.237713844121628
"1128",5.17402856753719,0.237713844121628,5.55573207494835,0.301418361819421
"1129",5.55573207494835,0.301418361819421,5.44612539792311,0.265813645078736
"1130",5.44612539792311,0.265813645078736,4.65618937847047,0.384321501289151
"1131",4.65618937847047,0.384321501289151,5.36077879750058,0.193207948195772
"1132",5.36077879750058,0.193207948195772,4.90402613225367,0.545938990023826
"1133",4.90402613225367,0.545938990023826,5.8166587981215,-0.515046662263527
"1134",5.8166587981215,-0.515046662263527,4.81239634652396,-0.37856191475757
"1135",4.81239634652396,-0.37856191475757,4.02612551850052,0.34784411992247
"1136",4.02612551850052,0.34784411992247,3.01959413887539,0.2771582852167
"1137",3.01959413887539,0.2771582852167,3.06340190310045,-0.282045207122284
"1138",3.06340190310045,-0.282045207122284,3.9411279839284,-0.251152879361984
"1139",3.9411279839284,-0.251152879361984,2.97735717097713,-0.319569786040162
"1140",2.97735717097713,-0.319569786040162,3.6629225011605,0.508414411105948
"1141",3.6629225011605,0.508414411105948,2.54905337253772,0.421147948506232
"1142",2.54905337253772,0.421147948506232,2.50367481198587,0.168424272817453
"1143",2.50367481198587,0.168424272817453,2.81992847244724,0.259530459771557
"1144",2.81992847244724,0.259530459771557,3.83134677397795,-0.102625360017267
"1145",3.83134677397795,-0.102625360017267,2.79828638972251,0.286408530252269
"1146",2.79828638972251,0.286408530252269,3.53621159746571,-0.394269878025519
"1147",3.53621159746571,-0.394269878025519,2.92813888607089,0.383099770812755
"1148",2.92813888607089,0.383099770812755,1.87169108983872,-0.18151424220741
"1149",1.87169108983872,-0.18151424220741,1.81758588302689,0.308399678827398
"1150",1.81758588302689,0.308399678827398,1.70780467307645,0.435110582522186
"1151",1.70780467307645,0.435110582522186,3.10022835031753,-0.368613538021202
"1152",3.10022835031753,-0.368613538021202,3.16306020338932,-0.21223203704251
"1153",3.16306020338932,-0.21223203704251,2.894104965657,0.359712358836031
"1154",2.894104965657,0.359712358836031,2.63352730833424,-0.47717301749525
"1155",2.63352730833424,-0.47717301749525,1.48248266664398,-0.222878545479676
"1156",1.48248266664398,-0.222878545479676,1.3852678273079,-0.301069295969022
"1157",1.3852678273079,-0.301069295969022,2.31535378569568,0.349240383324065
"1158",2.31535378569568,0.349240383324065,2.27521121289981,0.16004669240788
"1159",2.27521121289981,0.16004669240788,0.454832803069722,0.472984227290463
"1160",0.454832803069722,0.472984227290463,0.480314610148839,0.187099295813792
"1161",0.480314610148839,0.187099295813792,1.24249989449476,0.362679418564422
"1162",1.24249989449476,0.362679418564422,0.763930613597918,0.295309709437441
"1163",0.763930613597918,0.295309709437441,2.02283660306143,0.224972940582069
"1164",2.02283660306143,0.224972940582069,0.926246234033391,0.484154334503227
"1165",0.926246234033391,0.484154334503227,1.65055787361104,-0.319569786040162
"1166",1.65055787361104,-0.319569786040162,1.82037840983009,-0.282045207122284
"1167",1.82037840983009,-0.282045207122284,6.22227331628498,-0.0987856356628791
"1168",6.22227331628498,-0.0987856356628791,6.07008060551108,-0.141197136486341
"1169",6.07008060551108,-0.141197136486341,5.74195870613614,0.305956217874606
"1170",5.74195870613614,0.305956217874606,5.62100738897294,-0.194953277447767
"1171",5.62100738897294,-0.194953277447767,0.923628240155399,-0.413817565647856
"1172",0.923628240155399,-0.413817565647856,0.681376539978586,0.470540766337671
"1173",0.681376539978586,0.470540766337671,5.52204722038486,-0.371929663599992
"1174",5.52204722038486,-0.371929663599992,5.13475865936732,0.463035850554096
"1175",5.13475865936732,0.463035850554096,5.06389829173635,-0.36617007706841
"1176",5.06389829173635,-0.36617007706841,0.0010471975511966,0.192684349420174
"1177",0.0010471975511966,0.192684349420174,0.728151363932034,0.490786585660806
"1178",0.728151363932034,0.490786585660806,4.94451777089994,0.428129265514209
"1179",4.94451777089994,0.428129265514209,0.0015707963267949,0.489041256408811
"1180",0.0015707963267949,0.489041256408811,5.57440709794469,-0.554316570433399
"1181",5.57440709794469,-0.554316570433399,6.11371383681094,-0.504574686751561
"1182",6.11371383681094,-0.504574686751561,5.26077143136131,0.253945406165175
"1183",5.26077143136131,0.253945406165175,6.21546653220221,0.142593399887937
"1184",6.21546653220221,0.142593399887937,5.52623601058965,0.250105681810787
"1185",5.52623601058965,0.250105681810787,5.16024046644644,-0.254294472015574
"1186",5.16024046644644,-0.254294472015574,5.63619175346529,-0.453960138443725
"1187",5.63619175346529,-0.453960138443725,5.39132205941048,-0.259355926846357
"1188",5.39132205941048,-0.259355926846357,4.13346326749817,-0.340688269989293
"1189",4.13346326749817,-0.340688269989293,4.65461858214368,-0.324805773796145
"1190",4.65461858214368,-0.324805773796145,4.59702271682786,0.588175957922089
"1191",4.59702271682786,0.588175957922089,5.28956936401921,0.30159289474462
"1192",5.28956936401921,0.30159289474462,0.238586508747625,0.231779724664847
"1193",0.238586508747625,0.231779724664847,5.35222668416581,0.39688787190351
"1194",5.35222668416581,0.39688787190351,5.30405559681077,0.528660230429082
"1195",5.30405559681077,0.528660230429082,4.79476852107882,-0.660781654805053
"1196",4.79476852107882,-0.660781654805053,2.92115756906291,-0.309621409303794
"1197",2.92115756906291,-0.309621409303794,4.25511271636218,-0.355698101556444
"1198",4.25511271636218,-0.355698101556444,2.78763988128534,0.183259571459405
"1199",2.78763988128534,0.183259571459405,2.77664430699778,-0.0862192650485199
"1200",2.77664430699778,-0.0862192650485199,3.76345346607537,0.308923277602996
"1201",3.76345346607537,0.308923277602996,3.99052080175983,-0.202981792006941
"1202",3.99052080175983,-0.202981792006941,2.53264727756897,-0.218689755274889
"1203",2.53264727756897,-0.218689755274889,2.461786909938,0.448898683612941
"1204",2.461786909938,0.448898683612941,2.61136162683392,-0.493055513688398
"1205",2.61136162683392,-0.493055513688398,2.34868957440877,-0.488517657633213
"1206",2.34868957440877,-0.488517657633213,3.13164427685343,0.249756615960389
"1207",3.13164427685343,0.249756615960389,2.00485971176589,-0.242949831877611
"1208",2.00485971176589,-0.242949831877611,3.06619442990364,-0.270526034059121
"1209",3.06619442990364,-0.270526034059121,3.24840680381185,-0.280474410795489
"1210",3.24840680381185,-0.280474410795489,2.08741378538522,0.205076187109334
"1211",2.08741378538522,0.205076187109334,3.46447856520874,-0.241029969700417
"1212",3.46447856520874,-0.241029969700417,2.23506864010394,0.426907535037813
"1213",2.23506864010394,0.426907535037813,1.95127810372966,0.240855436775218
"1214",1.95127810372966,0.240855436775218,1.63642070666988,0.28309240467348
"1215",1.63642070666988,0.28309240467348,1.69052591348171,-0.306828882500603
"1216",1.69052591348171,-0.306828882500603,3.7849210158749,-0.649611547592289
"1217",3.7849210158749,-0.649611547592289,2.40977609822857,0.175231056900231
"1218",2.40977609822857,0.175231056900231,2.23471957425354,-0.387463093942741
"1219",2.23471957425354,-0.387463093942741,2.57645504179403,0.234397718542838
"1220",2.57645504179403,0.234397718542838,1.32889369246848,-0.332659755430119
"1221",1.32889369246848,-0.332659755430119,3.25503905496943,0.411548637620263
"1222",3.25503905496943,0.411548637620263,2.74679917678868,0.420973415581032
"1223",2.74679917678868,0.420973415581032,1.24948121150274,-0.468446371235278
"1224",1.24948121150274,-0.468446371235278,0.789936019452633,-0.250803813511585
"1225",0.789936019452633,-0.250803813511585,0.63390358432434,0.233175988066442
"1226",0.63390358432434,0.233175988066442,0.640710368407118,0.594284610304069
"1227",0.640710368407118,0.594284610304069,1.8156660208497,0.373325927001587
"1228",1.8156660208497,0.373325927001587,1.63607164081948,0.39392081217512
"1229",1.63607164081948,0.39392081217512,0.427431133813411,0.441568300754565
"1230",0.427431133813411,0.441568300754565,1.43343891466294,0.358490628359635
"1231",1.43343891466294,0.358490628359635,1.23447137993559,0.325154839646544
"1232",1.23447137993559,0.325154839646544,0.00139626340159546,0.500385896546774
"1233",0.00139626340159546,0.500385896546774,6.18003634838672,0.231605191739647
"1234",6.18003634838672,0.231605191739647,1.2634438455187,-0.202283660306143
"1235",1.2634438455187,-0.202283660306143,0.376642052580376,0.0715584993317675
"1236",0.376642052580376,0.0715584993317675,5.908114050926,0.325678438422142
"1237",5.908114050926,0.325678438422142,5.71316077347824,0.270526034059121
"1238",5.71316077347824,0.270526034059121,5.42692677615117,0.377165651355975
"1239",5.42692677615117,0.377165651355975,5.32046169177951,0.472635161440064
"1240",5.32046169177951,0.472635161440064,5.37072717423695,-0.405265452313083
"1241",5.37072717423695,-0.405265452313083,0.478743813822045,0.408057979116274
"1242",0.478743813822045,0.408057979116274,4.8029715685632,0.493404579538797
"1243",4.8029715685632,0.493404579538797,0.215897228471699,0.285535865626272
"1244",0.215897228471699,0.285535865626272,4.39229559556893,-0.239808239224021
"1245",4.39229559556893,-0.239808239224021,4.58375821451271,0.250454747661186
"1246",4.58375821451271,0.250454747661186,4.18111075607762,-0.350636646725661
"1247",4.18111075607762,-0.350636646725661,4.08110338993834,-0.38467056713955
"1248",4.08110338993834,-0.38467056713955,4.27186787718132,-0.360759556387228
"1249",4.27186787718132,-0.360759556387228,5.80601228968434,0.466177443207685
"1250",5.80601228968434,0.466177443207685,5.37701035954413,0.386066830541146
"1251",5.37701035954413,0.386066830541146,4.76457432501932,0.401949326734294
"1252",4.76457432501932,0.401949326734294,3.31176225565924,0.419926218029836
"1253",3.31176225565924,0.419926218029836,4.08302325211553,0.476474885794452
"1254",4.08302325211553,0.476474885794452,3.99802571754341,-0.230557994188451
"1255",3.99802571754341,-0.230557994188451,3.0773645371164,0.226369203983665
"1256",3.0773645371164,0.226369203983665,3.73291020416547,-0.460243323750905
"1257",3.73291020416547,-0.460243323750905,4.12211862736021,0.250105681810787
"1258",4.12211862736021,0.250105681810787,2.84610841122715,-0.29548424236264
"1259",2.84610841122715,-0.29548424236264,2.72777508794194,-0.726755100530439
"1260",2.72777508794194,-0.726755100530439,3.3555700198843,-0.713141532364883
"1261",3.3555700198843,-0.713141532364883,3.33619686518716,-0.570548132476946
"1262",3.33619686518716,-0.570548132476946,2.31517925277048,0.392175482923126
"1263",2.31517925277048,0.392175482923126,3.06828882500603,0.374373124552784
"1264",3.06828882500603,0.374373124552784,1.71513505593483,0.552571241181405
"1265",1.71513505593483,0.552571241181405,1.68912965008011,-0.266337243854335
"1266",1.68912965008011,-0.266337243854335,2.20574710867043,-0.509112542806746
"1267",2.20574710867043,-0.509112542806746,1.37968277370152,-0.331088959103324
"1268",1.37968277370152,-0.331088959103324,1.1704177963874,0.272969495011913
"1269",1.1704177963874,0.272969495011913,0.958883891045685,0.416261026600648
"1270",0.958883891045685,0.416261026600648,1.85423779731878,0.401076662108297
"1271",1.85423779731878,0.401076662108297,2.6790804018113,0.392873614623924
"1272",2.6790804018113,0.392873614623924,2.13994819587025,0.368613538021202
"1273",2.13994819587025,0.368613538021202,1.70152148776927,-0.714712328691678
"1274",1.70152148776927,-0.714712328691678,1.97780710835997,-0.34784411992247
"1275",1.97780710835997,-0.34784411992247,1.76592413716786,0.274714824263907
"1276",1.76592413716786,0.274714824263907,0.446106156809751,0.468097305384879
"1277",0.446106156809751,0.468097305384879,1.61268422884276,0.316079127536173
"1278",1.61268422884276,0.316079127536173,0.846833753067649,-0.106814150222053
"1279",0.846833753067649,-0.106814150222053,0.845786555516452,-0.291819050933452
"1280",0.845786555516452,-0.291819050933452,6.23152356132055,0.274889357189107
"1281",6.23152356132055,0.274889357189107,0.42167154728183,0.261275789023551
"1282",0.42167154728183,0.261275789023551,0.612261501599611,0.410152374218667
"1283",0.612261501599611,0.410152374218667,0.875108086949957,-0.287106661953067
"1284",0.875108086949957,-0.287106661953067,0.656941930450666,-0.317300858012569
"1285",0.656941930450666,-0.317300858012569,0.0993092344384773,0.29862583501623
"1286",0.0993092344384773,0.29862583501623,5.98281414291136,0.512952267161133
"1287",5.98281414291136,0.512952267161133,0.106465084371654,0.128979831722381
"1288",0.106465084371654,0.128979831722381,5.8787925194925,0.266860842629933
"1289",5.8787925194925,0.266860842629933,5.75871386695529,0.270002435283523
"1290",5.75871386695529,0.270002435283523,0.816115958232548,0.478220215046446
"1291",0.816115958232548,0.478220215046446,0.623606141737574,0.338070276111302
"1292",0.623606141737574,0.338070276111302,5.62205458652413,-0.196175007924163
"1293",5.62205458652413,-0.196175007924163,5.43408262608435,0.482059939400834
"1294",5.43408262608435,0.482059939400834,0.75712382951514,-0.440870169053768
"1295",0.75712382951514,-0.440870169053768,5.89118435718166,-0.20001473227855
"1296",5.89118435718166,-0.20001473227855,5.48155558173859,0.355523568631245
"1297",5.48155558173859,0.355523568631245,1.2006119924469,-0.229859862487653
"1298",1.2006119924469,-0.229859862487653,5.27281420320007,-0.398982267005904
"1299",5.27281420320007,-0.398982267005904,1.14406332468228,0.329692695701729
"1300",1.14406332468228,0.329692695701729,6.06571728238109,-0.165457213089062
"1301",6.06571728238109,-0.165457213089062,5.93080333120193,-0.256563400043166
"1302",5.93080333120193,-0.256563400043166,4.96354185974667,0.463733982254893
"1303",4.96354185974667,0.463733982254893,5.43914408091513,0.500211363621575
"1304",5.43914408091513,0.500211363621575,4.25266925540938,0.246440490381599
"1305",4.25266925540938,0.246440490381599,5.46532401969504,-0.464432113955691
"1306",5.46532401969504,-0.464432113955691,6.15769613396119,0.50160762702317
"1307",6.15769613396119,0.50160762702317,4.08633937769432,-0.269827902358323
"1308",4.08633937769432,-0.269827902358323,4.42353698917963,-0.312937534882583
"1309",4.42353698917963,-0.312937534882583,4.60365496798544,0.584336233567701
"1310",4.60365496798544,0.584336233567701,3.89574942337654,-0.444011761707357
"1311",3.89574942337654,-0.444011761707357,3.60410490536829,-0.452738407967329
"1312",3.60410490536829,-0.452738407967329,5.95803046753304,-0.211184839491314
"1313",5.95803046753304,-0.211184839491314,4.14969482954172,0.404043721836687
"1314",4.14969482954172,0.404043721836687,3.21384928462236,-0.386939495167143
"1315",3.21384928462236,-0.386939495167143,4.55932360498479,0.567581072748556
"1316",4.55932360498479,0.567581072748556,3.23653856489828,0.604407519965636
"1317",3.23653856489828,0.604407519965636,3.74093871872465,-0.267558974330731
"1318",3.74093871872465,-0.267558974330731,2.80596583843128,-0.319569786040162
"1319",2.80596583843128,-0.319569786040162,3.50549380263061,-0.252898208613978
"1320",3.50549380263061,-0.252898208613978,2.05285626619573,-0.211708438266912
"1321",2.05285626619573,-0.211708438266912,2.85535865626272,0.421497014356631
"1322",2.85535865626272,0.421497014356631,1.63886416762268,-0.307003415425803
"1323",1.63886416762268,-0.307003415425803,3.08294959072278,-0.383274303737955
"1324",3.08294959072278,-0.383274303737955,1.50011049208913,-0.276111087665503
"1325",1.50011049208913,-0.276111087665503,1.94063159529249,0.389208423194735
"1326",1.94063159529249,0.389208423194735,1.63659523959508,-0.472635161440064
"1327",1.63659523959508,-0.472635161440064,1.34547432036243,0.516442925665122
"1328",1.34547432036243,0.516442925665122,2.38219989604706,0.325503905496942
"1329",2.38219989604706,0.325503905496942,0.911410935391439,0.474205957766859
"1330",0.911410935391439,0.474205957766859,1.53536614297941,-0.438252175175776
"1331",1.53536614297941,-0.438252175175776,1.10269902141002,0.303861822772213
"1332",1.10269902141002,0.303861822772213,0.756251164889143,0.397236937753909
"1333",0.756251164889143,0.397236937753909,0.883834733209928,0.229161730786855
"1334",0.883834733209928,0.229161730786855,1.5397294661094,-0.181863308057809
"1335",1.5397294661094,-0.181863308057809,1.92579629665054,-0.531103691381874
"1336",1.92579629665054,-0.531103691381874,0.30159289474462,-0.234746784393237
"1337",0.30159289474462,-0.234746784393237,0.112399203828435,0.476823951644851
"1338",0.112399203828435,0.476823951644851,6.26293948785645,0.311366738555788
"1339",6.26293948785645,0.311366738555788,0.925373569407394,-0.185353966561798
"1340",0.925373569407394,-0.185353966561798,5.97792722100578,0.579798377512516
"1341",5.97792722100578,0.579798377512516,6.0311597631916,-0.249756615960389
"1342",6.0311597631916,-0.249756615960389,0.446978821435748,0.219911485751285
"1343",0.446978821435748,0.219911485751285,1.26798170157388,0.117984257434817
"1344",1.26798170157388,0.117984257434817,0.276111087665503,0.426383936262215
"1345",0.276111087665503,0.426383936262215,5.98962092699414,-0.491135651511204
"1346",5.98962092699414,-0.491135651511204,1.8172368171765,0.407185314490277
"1347",1.8172368171765,0.407185314490277,0.116064395257623,0.581892772614909
"1348",0.116064395257623,0.581892772614909,6.07723645544425,0.222529479629277
"1349",6.07723645544425,0.222529479629277,5.71909489293502,0.286583063177469
"1350",5.71909489293502,0.286583063177469,0.472635161440064,0.411897703470662
"1351",0.472635161440064,0.411897703470662,1.65614292721742,0.296007841138238
"1352",1.65614292721742,0.296007841138238,5.95139821637546,0.396713338978311
"1353",5.95139821637546,0.396713338978311,5.12917360576094,0.354301838154849
"1354",5.12917360576094,0.354301838154849,5.84650392833061,0.10157816246607
"1355",5.84650392833061,0.10157816246607,5.39987417274526,-0.599171532209653
"1356",5.39987417274526,-0.599171532209653,4.74851729590097,0.437554043474978
"1357",4.74851729590097,0.437554043474978,4.73542732651101,0.227241868609662
"1358",4.73542732651101,0.227241868609662,5.14697596413128,0.179943445880615
"1359",5.14697596413128,0.179943445880615,5.86535348425214,-0.216944426022895
"1360",5.86535348425214,-0.216944426022895,5.75068535239612,0.38170350741116
"1361",5.75068535239612,0.38170350741116,5.16285846032443,0.198269403026556
"1362",5.16285846032443,0.198269403026556,5.06861068071673,-0.349065850398866
"1363",5.06861068071673,-0.349065850398866,4.41323954659286,-0.299847565492626
"1364",4.41323954659286,-0.299847565492626,5.56498231998392,-0.319395253114962
"1365",5.56498231998392,-0.319395253114962,4.73071493753063,0.362155819788823
"1366",4.73071493753063,0.362155819788823,0.122347580564802,0.456578132321717
"1367",0.122347580564802,0.456578132321717,4.04130988299287,-0.410850505919465
"1368",4.04130988299287,-0.410850505919465,5.06703988438994,0.080634211442138
"1369",5.06703988438994,0.080634211442138,3.692244032594,-0.454309204294124
"1370",3.692244032594,-0.454309204294124,3.66100263898331,-0.288851991205062
"1371",3.66100263898331,-0.288851991205062,4.8951249530685,-0.231430658814448
"1372",4.8951249530685,-0.231430658814448,5.19409985393512,0.211533905341713
"1373",5.19409985393512,0.211533905341713,3.23845842707548,-0.129503430497979
"1374",3.23845842707548,-0.129503430497979,4.16732265498686,0.220609617452083
"1375",4.16732265498686,0.220609617452083,3.73168847368908,0.327772833524535
"1376",3.73168847368908,0.327772833524535,3.16375833509012,-0.373674992851986
"1377",3.16375833509012,-0.373674992851986,3.88754637589217,-0.275238423039506
"1378",3.88754637589217,-0.275238423039506,3.13530946828261,-0.258308729295161
"1379",3.13530946828261,-0.258308729295161,2.27468761412421,-0.364250214891217
"1380",2.27468761412421,-0.364250214891217,2.19614779778446,0.177674517853023
"1381",2.19614779778446,0.177674517853023,2.74295945243429,0.45849799449891
"1382",2.74295945243429,0.45849799449891,3.66763489014088,0.51085787205874
"1383",3.66763489014088,0.51085787205874,2.8946285644326,-0.228812664936457
"1384",2.8946285644326,-0.228812664936457,2.57785130519562,0.189019157990986
"1385",2.57785130519562,0.189019157990986,1.57184352434609,-0.212057504117311
"1386",1.57184352434609,-0.212057504117311,1.7243853009704,-0.444884426333355
"1387",1.7243853009704,-0.444884426333355,2.37434591441309,0.214326432144904
"1388",2.37434591441309,0.214326432144904,1.9099138004574,0.541052068118242
"1389",1.9099138004574,0.541052068118242,1.51145513222709,0.379783645233966
"1390",1.51145513222709,0.379783645233966,1.11194926644559,-0.284488668075076
"1391",1.11194926644559,-0.284488668075076,0.679282144876193,0.423940475309423
"1392",0.679282144876193,0.423940475309423,1.8161896196253,0.402996524285491
"1393",1.8161896196253,0.402996524285491,1.09449597392564,-0.516442925665122
"1394",1.09449597392564,-0.516442925665122,1.0787880106577,-0.311366738555788
"1395",1.0787880106577,-0.311366738555788,2.84663201000275,-0.183434104384604
"1396",2.84663201000275,-0.183434104384604,2.67611334208291,-0.404392787687086
"1397",2.67611334208291,-0.404392787687086,1.49522357018354,0.448026018986944
"1398",1.49522357018354,0.448026018986944,1.38299889928031,-0.333357887130917
"1399",1.38299889928031,-0.333357887130917,2.47470234640276,0.48014007722364
"1400",2.47470234640276,0.48014007722364,1.76592413716786,-0.200363798128949
"1401",1.76592413716786,-0.200363798128949,0.253421807389577,0.411897703470662
"1402",0.253421807389577,0.411897703470662,1.10357168603601,-0.205774318810131
"1403",1.10357168603601,-0.205774318810131,1.27653381490865,-0.246615023306799
"1404",1.27653381490865,-0.246615023306799,0.397236937753909,0.317475390937769
"1405",0.397236937753909,0.317475390937769,0.223576677180474,-0.288851991205062
"1406",0.223576677180474,-0.288851991205062,6.26346308663205,-0.297578637465033
"1407",6.26346308663205,-0.297578637465033,6.24042474050573,0.251851011062782
"1408",6.24042474050573,0.251851011062782,6.22646210648977,0.301418361819421
"1409",6.22646210648977,0.301418361819421,2.34956223903477,0.371929663599992
"1410",2.34956223903477,0.371929663599992,1.50569554569551,-0.298800367941429
"1411",1.50569554569551,-0.298800367941429,5.68715536762352,0.257086998818765
"1412",5.68715536762352,0.257086998818765,0.754331302711949,0.285710398551472
"1413",0.754331302711949,0.285710398551472,0.542971930295436,-0.240855436775218
"1414",0.542971930295436,-0.240855436775218,5.90759045215041,-0.0752236907609556
"1415",5.90759045215041,-0.0752236907609556,5.53531172270002,0.207170582211727
"1416",5.53531172270002,0.207170582211727,0.709301808010495,-0.19093902016818
"1417",0.709301808010495,-0.19093902016818,6.19958403600906,0.4618141200777
"1418",6.19958403600906,0.4618141200777,5.22761017557342,0.196698606699761
"1419",5.22761017557342,0.196698606699761,5.11992336072537,0.336324946859307
"1420",5.11992336072537,0.336324946859307,4.81431620870116,0.377863783056772
"1421",4.81431620870116,0.377863783056772,4.72547894977465,0.468271838310079
"1422",4.72547894977465,0.468271838310079,5.55276501521996,-0.391302818297129
"1423",5.55276501521996,-0.391302818297129,4.4315655037388,0.209963109014918
"1424",4.4315655037388,0.209963109014918,5.00926948614893,-0.29234264970905
"1425",5.00926948614893,-0.29234264970905,4.57031917927235,-0.257959663444762
"1426",4.57031917927235,-0.257959663444762,5.31051331504315,-0.274191225488309
"1427",5.31051331504315,-0.274191225488309,3.75926467587059,-0.383448836663154
"1428",3.75926467587059,-0.383448836663154,3.86799868826983,-0.745604656451978
"1429",3.86799868826983,-0.745604656451978,3.54266931569809,-0.454134671368924
"1430",3.54266931569809,-0.454134671368924,4.0334559013589,-0.444186294632557
"1431",4.0334559013589,-0.444186294632557,3.83972435438753,0.608596310170423
"1432",3.83972435438753,0.608596310170423,3.79242593165848,0.432143522793796
"1433",3.79242593165848,0.432143522793796,2.63911236194063,0.502131225798769
"1434",2.63911236194063,0.502131225798769,3.16498006556652,0.179768912955416
"1435",3.16498006556652,0.179768912955416,4.06487182789479,0.122173047639603
"1436",4.06487182789479,0.122173047639603,3.64948346592014,-0.237713844121628
"1437",3.64948346592014,-0.237713844121628,2.52008090695461,-0.153065375399903
"1438",2.52008090695461,-0.153065375399903,4.74694649957418,0.475427688243255
"1439",4.74694649957418,0.475427688243255,3.3253758238248,-0.0656243798749868
"1440",3.3253758238248,-0.0656243798749868,2.22599292799357,0.180816110506613
"1441",2.22599292799357,0.180816110506613,3.70707933123596,-0.00279252680319093
"1442",3.70707933123596,-0.00279252680319093,2.21813894635959,-0.520806248795108
"1443",2.21813894635959,-0.520806248795108,2.1556561591382,0.355872634481644
"1444",2.1556561591382,0.355872634481644,1.55997528543253,0.365471945367613
"1445",1.55997528543253,0.365471945367613,1.47515228378561,-0.291295452157854
"1446",1.47515228378561,-0.291295452157854,2.154608961587,-0.216769893097696
"1447",2.154608961587,-0.216769893097696,1.54444185508978,-0.217991623574092
"1448",1.54444185508978,-0.217991623574092,1.25454266633352,0.746302788152775
"1449",1.25454266633352,0.746302788152775,1.1402236003279,-0.202283660306143
"1450",1.1402236003279,-0.202283660306143,2.06699343313688,-0.523598775598299
"1451",2.06699343313688,-0.523598775598299,0.639488637930722,0.327074701823737
"1452",0.639488637930722,0.327074701823737,1.12608643338674,0.478045682121247
"1453",1.12608643338674,0.478045682121247,0.938463538797351,0.415213829049451
"1454",0.938463538797351,0.415213829049451,1.56451314148772,-0.103498024643264
"1455",1.56451314148772,-0.103498024643264,1.55875355495614,0.354476371080048
"1456",1.55875355495614,0.354476371080048,0.0486946861306418,-0.323933109170148
"1457",0.0486946861306418,-0.323933109170148,0.228114533235659,0.415039296124252
"1458",0.228114533235659,0.415039296124252,0.422544211907827,0.255167136641571
"1459",0.422544211907827,0.255167136641571,5.96396458698982,-0.292691715559449
"1460",5.96396458698982,-0.292691715559449,0.490961118586005,-0.272620429161514
"1461",0.490961118586005,-0.272620429161514,1.89438037011465,-0.20943951023932
"1462",1.89438037011465,-0.20943951023932,0.989601685880785,-0.394968009726317
"1463",0.989601685880785,-0.394968009726317,0.659210858478258,-0.194778744522567
"1464",0.659210858478258,-0.194778744522567,6.23239622594655,0.168424272817453
"1465",6.23239622594655,0.168424272817453,5.75051081947092,0.20612338466053
"1466",5.75051081947092,0.20612338466053,0.297753170390233,0.0668461103513828
"1467",0.297753170390233,0.0668461103513828,0.63704517697793,-0.642979296434711
"1468",0.63704517697793,-0.642979296434711,0.674569755895808,-0.50789081233035
"1469",0.674569755895808,-0.50789081233035,5.37823209002053,0.310319541004592
"1470",5.37823209002053,0.310319541004592,5.5403731775308,0.198967534727354
"1471",5.5403731775308,0.198967534727354,5.45048872105309,-0.280648943720688
"1472",5.45048872105309,-0.280648943720688,5.7552232084513,-0.488168591782814
"1473",5.7552232084513,-0.488168591782814,5.58243561250386,-0.126536370769589
"1474",5.58243561250386,-0.126536370769589,4.91973409552162,0.329518162776529
"1475",4.91973409552162,0.329518162776529,0.107512281922851,-0.199142067652553
"1476",0.107512281922851,-0.199142067652553,5.17961362114357,0.291295452157854
"1477",5.17961362114357,0.291295452157854,5.27578126292846,-0.231430658814448
"1478",5.27578126292846,-0.231430658814448,5.73096313184858,-0.201236462754946
"1479",5.73096313184858,-0.201236462754946,4.32789294617034,0.220260551601684
"1480",4.32789294617034,0.220260551601684,4.1551053502229,-0.315206462910176
"1481",4.1551053502229,-0.315206462910176,5.80356882873154,0.432143522793796
"1482",5.80356882873154,0.432143522793796,3.80743576322563,-0.154810704651897
"1483",3.80743576322563,-0.154810704651897,4.72443175222345,0.171914931321441
"1484",4.72443175222345,0.171914931321441,4.54344110879164,-0.254294472015574
"1485",4.54344110879164,-0.254294472015574,3.40374110723934,0.253596340314776
"1486",3.40374110723934,0.253596340314776,3.84129515071432,-0.408232512041474
"1487",3.84129515071432,-0.408232512041474,4.05579611578442,-0.37245326237559
"1488",4.05579611578442,-0.37245326237559,2.90440240824376,-0.354999969855647
"1489",2.90440240824376,-0.354999969855647,3.39222193417618,-0.489913921034808
"1490",3.39222193417618,-0.489913921034808,4.3102651207252,-0.334579617607313
"1491",4.3102651207252,-0.334579617607313,2.62672052425147,0.474729556542458
"1492",2.62672052425147,0.474729556542458,2.53474167267136,0.225496539357667
"1493",2.53474167267136,0.225496539357667,4.63088210431655,0.35395277230445
"1494",4.63088210431655,0.35395277230445,3.74198591627584,-0.477871149196047
"1495",3.74198591627584,-0.477871149196047,2.14570778240183,0.33248522250492
"1496",2.14570778240183,0.33248522250492,3.14787583889697,-0.498815100219979
"1497",3.14787583889697,-0.498815100219979,2.31657551617207,-0.65257860732068
"1498",2.31657551617207,-0.65257860732068,1.80868470384172,-0.101752695391269
"1499",1.80868470384172,-0.101752695391269,3.37267424655384,-0.172962128872638
"1500",3.37267424655384,-0.172962128872638,1.75248510192751,0.318871654339364
"1501",1.75248510192751,0.318871654339364,3.42538318996407,0.574736922681733
"1502",3.42538318996407,0.574736922681733,1.98862814972234,0.382401639111958
"1503",1.98862814972234,0.382401639111958,1.04929194629899,0.440521103203369
"1504",1.04929194629899,0.440521103203369,0.901462558655071,-0.167900674041854
"1505",0.901462558655071,-0.167900674041854,1.91200819555979,-0.518362787842316
"1506",1.91200819555979,-0.518362787842316,1.52751216134544,-0.793077612106223
"1507",1.52751216134544,-0.793077612106223,0.507018147704353,-0.470366233412472
"1508",0.507018147704353,-0.470366233412472,0.228638132011257,0.389382956119935
"1509",0.228638132011257,0.389382956119935,1.70134695484407,-0.233699586842041
"1510",1.70134695484407,-0.233699586842041,0.185877565337396,-0.247138622082397
"1511",0.185877565337396,-0.247138622082397,0.342433599241287,-0.173311194723037
"1512",0.342433599241287,-0.173311194723037,0.0717330322569669,-0.169820536219048
"1513",0.0717330322569669,-0.169820536219048,1.50203035426632,-0.378387381832371
"1514",1.50203035426632,-0.378387381832371,6.10969957953135,-0.162490153360672
"1515",6.10969957953135,-0.162490153360672,5.96221925773783,-0.343306263867285
"1516",5.96221925773783,-0.343306263867285,6.07322219816467,0.225671072282867
"1517",6.07322219816467,0.225671072282867,0.888198056339914,-0.403520123061089
"1518",0.888198056339914,-0.403520123061089,0.439648438577372,0.367391807544806
"1519",0.439648438577372,0.367391807544806,5.68890069687552,0.452912940892528
"1520",5.68890069687552,0.452912940892528,5.31156051259434,0.26773350725593
"1521",5.31156051259434,0.26773350725593,5.01258561172771,0.207868713912525
"1522",5.01258561172771,0.207868713912525,6.17410222892994,0.516268392739923
"1523",6.17410222892994,0.516268392739923,4.72547894977465,-0.65240407439548
"1524",4.72547894977465,-0.65240407439548,6.18370153981591,-0.286059464401871
"1525",6.18370153981591,-0.286059464401871,6.01911699135284,0.259181393921158
"1526",6.01911699135284,0.259181393921158,0.0125663706143592,-0.420798882655833
"1527",0.0125663706143592,-0.420798882655833,5.38119914974892,0.412246769321061
"1528",5.38119914974892,0.412246769321061,0.25237460983838,-0.0432841654494594
"1529",0.25237460983838,-0.0432841654494594,5.65853196789082,-0.499687764845977
"1530",5.65853196789082,-0.499687764845977,4.0023890406734,-0.249931148885588
"1531",4.0023890406734,-0.249931148885588,4.00448343577579,-0.403520123061089
"1532",4.00448343577579,-0.403520123061089,5.31330584184634,-0.453785605518526
"1533",5.31330584184634,-0.453785605518526,4.47432607041266,0.411723170545462
"1534",4.47432607041266,0.411723170545462,4.30729806099681,-0.297229571614634
"1535",4.30729806099681,-0.297229571614634,3.57391070930879,-0.228812664936457
"1536",3.57391070930879,-0.228812664936457,3.36796185757346,-0.405789051088682
"1537",3.36796185757346,-0.405789051088682,5.76517158518767,-0.16632987771506
"1538",5.76517158518767,-0.16632987771506,4.55967267083519,-0.387114028092342
"1539",4.55967267083519,-0.387114028092342,3.90430153671132,0.501084028247572
"1540",3.90430153671132,0.501084028247572,2.97875343437872,-0.173136661797837
"1541",2.97875343437872,-0.173136661797837,3.47599773827191,-0.12915436464758
"1542",3.47599773827191,-0.12915436464758,2.56999732356165,0.211359372416513
"1543",2.56999732356165,0.211359372416513,2.35287836461356,-0.614355896702004
"1544",2.35287836461356,-0.614355896702004,2.94227605301204,-0.354999969855647
"1545",2.94227605301204,-0.354999969855647,2.36387393890112,-0.422369678982628
"1546",2.36387393890112,-0.422369678982628,3.71283891776754,-0.574038790980935
"1547",3.71283891776754,-0.574038790980935,1.95791035488724,-0.521329847570706
"1548",1.95791035488724,-0.521329847570706,1.85772845582276,0.361283155162826
"1549",1.85772845582276,0.361283155162826,1.84394035473201,-0.345924257745276
"1550",1.84394035473201,-0.345924257745276,1.98094870101356,0.579100245811718
"1551",1.98094870101356,0.579100245811718,3.37337237825464,-0.130550628049176
"1552",3.37337237825464,-0.130550628049176,2.15146736893341,0.741241333321992
"1553",2.15146736893341,0.741241333321992,3.18749481291724,-0.592015682276477
"1554",3.18749481291724,-0.592015682276477,2.05076187109334,0.223227611330075
"1555",2.05076187109334,0.223227611330075,1.18647482550575,0.448200551912144
"1556",1.18647482550575,0.448200551912144,1.76732040056946,-0.102450827092067
"1557",1.76732040056946,-0.102450827092067,0.941430598525741,-0.153588974175501
"1558",0.941430598525741,-0.153588974175501,0.783652834145454,-0.196524073774562
"1559",0.783652834145454,-0.196524073774562,0.470366233412472,-0.471413430963668
"1560",0.470366233412472,-0.471413430963668,0.546113522949026,0.400553063332699
"1561",0.546113522949026,0.400553063332699,1.58772602053924,-0.591317550575679
"1562",1.58772602053924,-0.591317550575679,2.72306269896155,-0.468795437085677
"1563",2.72306269896155,-0.468795437085677,1.86854949718513,-0.253770873239975
"1564",1.86854949718513,-0.253770873239975,0.893608577021097,0.230208928338052
"1565",0.893608577021097,0.230208928338052,1.69000231470611,-0.518886386617914
"1566",1.69000231470611,-0.518886386617914,0.352731041828054,-0.206996049286527
"1567",0.352731041828054,-0.206996049286527,0.159523093632282,-0.185353966561798
"1568",0.159523093632282,-0.185353966561798,0.0614355896702004,0.414690230273853
"1569",0.0614355896702004,0.414690230273853,0.0521853446346305,-0.385543231765547
"1570",0.0521853446346305,-0.385543231765547,1.19694680101771,0.145036860840729
"1571",1.19694680101771,0.145036860840729,0.558854426488584,0.231430658814448
"1572",0.558854426488584,0.231430658814448,6.01492820114806,-0.160395758258279
"1573",6.01492820114806,-0.160395758258279,5.91771336181197,-0.270176968208722
"1574",5.91771336181197,-0.270176968208722,0.913854396344231,0.0153588974175501
"1575",0.913854396344231,0.0153588974175501,0.32620203719774,-0.305956217874606
"1576",0.32620203719774,-0.305956217874606,0.915250659745826,-0.601091394386847
"1577",0.915250659745826,-0.601091394386847,6.11127037585814,-0.336324946859307
"1578",6.11127037585814,-0.336324946859307,1.47148709235642,-0.275587488889905
"1579",1.47148709235642,-0.275587488889905,0.496371639267187,-0.266337243854335
"1580",0.496371639267187,-0.266337243854335,5.38381714362691,0.198094870101356
"1581",5.38381714362691,0.198094870101356,5.99503144767532,0.268431638956728
"1582",5.99503144767532,0.268431638956728,6.20516908961544,0.237713844121628
"1583",6.20516908961544,0.237713844121628,5.44333287111991,-0.258308729295161
"1584",5.44333287111991,-0.258308729295161,5.65608850693802,0.391128285371929
"1585",5.65608850693802,0.391128285371929,0.264242848751941,0.249582083035189
"1586",0.264242848751941,0.249582083035189,5.90287806317002,0.330565360327726
"1587",5.90287806317002,0.330565360327726,6.04198080455397,-0.670380965691022
"1588",6.04198080455397,-0.670380965691022,6.02470204495923,0.345749724820077
"1589",6.02470204495923,0.345749724820077,4.97488649988464,0.506145483078356
"1590",4.97488649988464,0.506145483078356,5.22865737312461,0.238411975822425
"1591",5.22865737312461,0.238411975822425,4.59265939369788,0.415039296124252
"1592",4.59265939369788,0.415039296124252,5.54508556651118,0.146258591317125
"1593",5.54508556651118,0.146258591317125,6.16083772661478,0.698131700797732
"1594",6.16083772661478,0.698131700797732,5.67755605673755,-0.219038821125288
"1595",5.67755605673755,-0.219038821125288,4.20257830587715,-0.232477856365645
"1596",4.20257830587715,-0.232477856365645,5.45520111003348,-0.361457688088026
"1597",5.45520111003348,-0.361457688088026,4.28181625391769,0.156381500978692
"1598",4.28181625391769,0.156381500978692,4.43819775489638,0.245742358680802
"1599",4.43819775489638,0.245742358680802,3.99017173590944,-0.424289541159821
"1600",3.99017173590944,-0.424289541159821,4.99600498383377,-0.124616508592395
"1601",4.99600498383377,-0.124616508592395,4.19908764737316,0.570024533701348
"1602",4.19908764737316,0.570024533701348,5.40964801655642,0.112050137978036
"1603",5.40964801655642,0.112050137978036,5.0778609257523,0.347145988221672
"1604",5.0778609257523,0.347145988221672,3.64424747816416,-0.270351501133922
"1605",3.64424747816416,-0.270351501133922,3.3539992235575,-0.213802833369305
"1606",3.3539992235575,-0.213802833369305,4.19943671322356,-0.368788070946402
"1607",4.19943671322356,-0.368788070946402,2.55114776764011,-0.484677933278825
"1608",2.55114776764011,-0.484677933278825,3.49170570153986,-0.434936049596987
"1609",3.49170570153986,-0.434936049596987,1.97710897665918,0.32637657012294
"1610",1.97710897665918,0.32637657012294,2.20347818064284,0.46478117980609
"1611",2.20347818064284,0.46478117980609,1.98583562291915,0.555363767984596
"1612",1.98583562291915,0.555363767984596,2.42199340299253,0.208915911463721
"1613",2.42199340299253,0.208915911463721,1.6940165719857,-0.193731546971371
"1614",1.6940165719857,-0.193731546971371,2.04762027843975,0.0527089434102287
"1615",2.04762027843975,0.0527089434102287,2.00485971176589,-0.4309217923174
"1616",2.00485971176589,-0.4309217923174,2.40663450557498,-0.138230076757951
"1617",2.40663450557498,-0.138230076757951,1.80344871608574,0.389906554895533
"1618",1.80344871608574,0.389906554895533,1.7851227589398,0.185703032412197
"1619",1.7851227589398,0.185703032412197,1.36781453478796,0.13840460968315
"1620",1.36781453478796,0.13840460968315,1.64985974191024,0.299847565492626
"1621",1.64985974191024,0.299847565492626,0.753458638085952,-0.260752190247953
"1622",0.753458638085952,-0.260752190247953,1.79611833322736,0.530231026755877
"1623",1.79611833322736,0.530231026755877,2.50472200953706,0.0699877030049726
"1624",2.50472200953706,0.0699877030049726,2.11673531681872,-0.375769387954379
"1625",2.11673531681872,-0.375769387954379,0.564090414244567,0.256912465893565
"1626",0.564090414244567,0.256912465893565,1.85999738385036,-0.36617007706841
"1627",1.85999738385036,-0.36617007706841,0.498116968519182,-0.214675497995303
"1628",0.498116968519182,-0.214675497995303,6.27341146336842,0.176801853227026
"1629",6.27341146336842,0.176801853227026,0.550302313153812,-0.13857914260835
"1630",0.550302313153812,-0.13857914260835,6.05088198373914,-0.174358392274234
"1631",6.05088198373914,-0.174358392274234,0.402298392584693,-0.466701041983284
"1632",0.402298392584693,-0.466701041983284,5.90200539854402,-0.626573201465964
"1633",5.90200539854402,-0.626573201465964,0.777369648838274,-0.633030919698343
"1634",0.777369648838274,-0.633030919698343,0.299498499642227,0.102799892942466
"1635",0.299498499642227,0.102799892942466,0.317475390937769,-0.154985237577096
"1636",0.317475390937769,-0.154985237577096,0.140499004785544,-0.205599785884932
"1637",0.140499004785544,-0.205599785884932,1.41982534649739,-0.226543736908864
"1638",1.41982534649739,-0.226543736908864,5.5719636369919,-0.296880505764235
"1639",5.5719636369919,-0.296880505764235,0.607025513843628,0.440521103203369
"1640",0.607025513843628,0.440521103203369,0.899193630627479,-0.271747764535517
"1641",0.899193630627479,-0.271747764535517,5.44106394309232,0.247487687932796
"1642",5.44106394309232,0.247487687932796,5.98787559774215,0.381354441560761
"1643",5.98787559774215,0.381354441560761,0.0020943951023932,0.328820031075732
"1644",0.0020943951023932,0.328820031075732,0.0495673507566389,0.478045682121247
"1645",0.0495673507566389,0.478045682121247,0.451167611640534,0.326725635973338
"1646",0.451167611640534,0.326725635973338,6.2481041892145,-0.0556760031386191
"1647",6.2481041892145,-0.0556760031386191,5.02218492261368,-0.163886416762268
"1648",5.02218492261368,-0.163886416762268,0.68032934242739,-0.297229571614634
"1649",0.68032934242739,-0.297229571614634,5.27892285558205,0.234223185617639
"1650",5.27892285558205,0.234223185617639,5.82067305540109,0.0260054058547155
"1651",5.82067305540109,0.0260054058547155,4.67137374296282,-0.312588469032184
"1652",4.67137374296282,-0.312588469032184,5.87146213663412,0.357617963733638
"1653",5.87146213663412,0.357617963733638,5.28468244211363,-0.397935069454707
"1654",5.28468244211363,-0.397935069454707,4.52232262484251,0.437728576400178
"1655",4.52232262484251,0.437728576400178,4.52808221137409,0.207694180987325
"1656",4.52808221137409,0.207694180987325,5.99276251964773,-0.325852971347341
"1657",5.99276251964773,-0.325852971347341,4.26034870411816,-0.353778239379251
"1658",4.26034870411816,-0.353778239379251,0.355174502780846,-0.644550092761506
"1659",0.355174502780846,-0.644550092761506,4.9548152134867,0.192858882345373
"1660",4.9548152134867,0.192858882345373,4.11182118477344,0.510683339133541
"1661",4.11182118477344,0.510683339133541,0.169471470368649,-0.450818545790135
"1662",0.169471470368649,-0.450818545790135,4.85376064979623,0.511206937909139
"1663",4.85376064979623,0.511206937909139,4.36576659093862,0.0991347015132779
"1664",4.36576659093862,0.0991347015132779,3.60934089312427,-0.250280214735987
"1665",3.60934089312427,-0.250280214735987,3.26812902435938,0.490612052735606
"1666",3.26812902435938,0.490612052735606,3.07963346514399,-0.190066355542183
"1667",3.07963346514399,-0.190066355542183,4.70470953167591,-0.535117948661461
"1668",4.70470953167591,-0.535117948661461,2.49616989620229,0.211882971192112
"1669",2.49616989620229,0.211882971192112,3.22048153577994,-0.576482251933727
"1670",3.22048153577994,-0.576482251933727,3.03634929969453,0.238586508747625
"1671",3.03634929969453,0.238586508747625,1.81130269771972,0.354999969855647
"1672",1.81130269771972,0.354999969855647,1.42645759765497,0.578053048260522
"1673",1.42645759765497,0.578053048260522,1.80484497948734,0.465653844432087
"1674",1.80484497948734,0.465653844432087,3.09883208691593,0.29845130209103
"1675",3.09883208691593,0.29845130209103,2.73318560862312,-0.481187274774837
"1676",2.73318560862312,-0.481187274774837,2.53334540926977,0.506494548928754
"1677",2.53334540926977,0.506494548928754,2.04343148823496,-0.34173546754049
"1678",2.04343148823496,-0.34173546754049,1.52925749059743,-0.5846852994181
"1679",1.52925749059743,-0.5846852994181,1.81165176357011,-0.137182879206754
"1680",1.81165176357011,-0.137182879206754,1.99089707774993,-0.21240656996771
"1681",1.99089707774993,-0.21240656996771,2.59687539404236,-0.319220720189763
"1682",2.59687539404236,-0.319220720189763,0.433016187419793,0.0874409955249159
"1683",0.433016187419793,0.0874409955249159,0.402298392584693,-0.584161700642502
"1684",0.402298392584693,-0.584161700642502,1.47061442773042,-0.396713338978311
"1685",1.47061442773042,-0.396713338978311,3.05380259221448,0.30176742766982
"1686",3.05380259221448,0.30176742766982,0.356221700332043,-0.340339204138894
"1687",0.356221700332043,-0.340339204138894,1.02049401364108,-0.297229571614634
"1688",1.02049401364108,-0.297229571614634,0.649087948816691,0.715934059168074
"1689",0.649087948816691,0.715934059168074,0.142069801112338,0.275412955964705
"1690",0.142069801112338,0.275412955964705,0.872141027221566,0.503702022125563
"1691",0.872141027221566,0.503702022125563,6.06816074333388,-0.191462618943778
"1692",6.06816074333388,-0.191462618943778,0.483456202802429,-0.189542756766584
"1693",0.483456202802429,-0.189542756766584,0.251851011062782,0.214151899219704
"1694",0.251851011062782,0.214151899219704,6.07898178469625,0.32009338481576
"1695",6.07898178469625,0.32009338481576,5.81334267254271,-0.523947841448698
"1696",5.81334267254271,-0.523947841448698,5.77564356069964,-0.211533905341713
"1697",5.77564356069964,-0.211533905341713,0.249756615960389,-0.148876585195116
"1698",0.249756615960389,-0.148876585195116,0.676664150998202,-0.299149433791828
"1699",0.676664150998202,-0.299149433791828,1.57742857795247,-0.415737427825049
"1700",1.57742857795247,-0.415737427825049,0.605803783367232,-0.577529449484924
"1701",0.605803783367232,-0.577529449484924,5.50075420351053,-0.299323966717027
"1702",5.50075420351053,-0.299323966717027,5.38276994607571,-0.124092909816797
"1703",5.38276994607571,-0.124092909816797,5.58400640883066,0.267035375555132
"1704",5.58400640883066,0.267035375555132,0.553269372882202,0.196698606699761
"1705",0.553269372882202,0.196698606699761,0.331088959103324,-0.0780162175641465
"1706",0.331088959103324,-0.0780162175641465,6.27009533778963,-0.226194671058465
"1707",6.27009533778963,-0.226194671058465,6.19906043723346,0.41870448755344
"1708",6.19906043723346,0.41870448755344,5.86378268792535,0.365995544143211
"1709",5.86378268792535,0.365995544143211,4.75794207386174,0.337023078560105
"1710",4.75794207386174,0.337023078560105,0.403694655986288,0.523598775598299
"1711",0.403694655986288,0.523598775598299,0.625351470989568,0.19704767255016
"1712",0.625351470989568,0.19704767255016,5.28922029816882,0.311890337331387
"1713",5.28922029816882,0.311890337331387,0.62482787221397,-0.197571271325758
"1714",0.62482787221397,-0.197571271325758,4.49841161409018,0.173311194723037
"1715",4.49841161409018,0.173311194723037,5.31819276375192,-0.354999969855647
"1716",5.31819276375192,-0.354999969855647,4.32859107787114,0.436855911774181
"1717",4.32859107787114,0.436855911774181,3.98161962257466,-0.209788576089718
"1718",3.98161962257466,-0.209788576089718,4.80506596366559,0.0417133691226645
"1719",4.80506596366559,0.0417133691226645,5.11573457052058,-0.700051562974926
"1720",5.11573457052058,-0.700051562974926,5.232497097479,0.204028989558137
"1721",5.232497097479,0.204028989558137,5.28276257993644,0.409105176667471
"1722",5.28276257993644,0.409105176667471,4.38775773951374,-0.26459191460234
"1723",4.38775773951374,-0.26459191460234,4.23207437023585,-0.39409534510032
"1724",4.23207437023585,-0.39409534510032,3.16620179604291,-0.172787595947439
"1725",3.16620179604291,-0.172787595947439,4.20030937784955,-0.575260521457331
"1726",4.20030937784955,-0.575260521457331,3.61387874917946,-0.228114533235659
"1727",3.61387874917946,-0.228114533235659,3.22187779918153,0.152716309549504
"1728",3.22187779918153,0.152716309549504,2.95711135165399,0.359886891761231
"1729",2.95711135165399,0.359886891761231,3.80586496689884,-0.272096830385916
"1730",3.80586496689884,-0.272096830385916,2.64242848751941,-0.446106156809751
"1731",2.64242848751941,-0.446106156809751,4.09750948490709,-0.397935069454707
"1732",4.09750948490709,-0.397935069454707,4.6462410017341,0.182561439758607
"1733",4.6462410017341,0.182561439758607,2.82202286754963,0.151320046147908
"1734",2.82202286754963,0.151320046147908,4.37763482985218,0.285884931476671
"1735",4.37763482985218,0.285884931476671,2.57383704791604,-0.310319541004592
"1736",2.57383704791604,-0.310319541004592,3.21733994312635,0.542971930295436
"1737",3.21733994312635,0.542971930295436,2.87368461340866,-0.191986217719376
"1738",2.87368461340866,-0.191986217719376,3.07143041765962,-0.284837733925475
"1739",3.07143041765962,-0.284837733925475,2.27276775194702,0.479092879672443
"1740",2.27276775194702,0.479092879672443,3.16288567046412,-0.617497489355594
"1741",3.16288567046412,-0.617497489355594,3.1702160533225,0.396015207277513
"1742",3.1702160533225,0.396015207277513,1.82980318779085,0.400727596257898
"1743",1.82980318779085,0.400727596257898,1.51058246760109,-0.715410460392476
"1744",1.51058246760109,-0.715410460392476,1.65038334068584,0.336848545634906
"1745",1.65038334068584,0.336848545634906,3.52643775365454,0.628318530717959
"1746",3.52643775365454,0.628318530717959,1.3850932943827,0.536514212063057
"1747",1.3850932943827,0.536514212063057,2.40506370924819,-0.242949831877611
"1748",2.40506370924819,-0.242949831877611,1.52629043086904,-0.210661240715716
"1749",1.52629043086904,-0.210661240715716,1.4465288840529,0.253421807389577
"1750",1.4465288840529,0.253421807389577,1.24546695422315,-0.225322006432468
"1751",1.24546695422315,-0.225322006432468,2.48063646585954,0.565312144720963
"1752",2.48063646585954,0.565312144720963,1.88111586779949,0.640710368407118
"1753",1.88111586779949,0.640710368407118,1.07302842412611,0.38781215979314
"1754",1.07302842412611,0.38781215979314,1.19589960346651,0.44313909708136
"1755",1.19589960346651,0.44313909708136,1.14720491733587,0.0774926187885482
"1756",1.14720491733587,0.0774926187885482,0.214850030920502,-0.55082591192941
"1757",0.214850030920502,-0.55082591192941,0.899368163552678,-0.308225145902199
"1758",0.899368163552678,-0.308225145902199,0.683121869230581,-0.519933584169111
"1759",0.683121869230581,-0.519933584169111,6.11319023803534,-0.238237442897226
"1760",6.11319023803534,-0.238237442897226,6.12837460252769,0.515744793964324
"1761",6.12837460252769,0.515744793964324,0.978431578668021,0.330216294477327
"1762",0.978431578668021,0.330216294477327,0.333532420056116,-0.150447381521911
"1763",0.333532420056116,-0.150447381521911,0.297578637465033,0.2769837522915
"1764",0.297578637465033,0.2769837522915,6.20447095791464,0.408407044966673
"1765",6.20447095791464,0.408407044966673,1.00059726016835,0.582241838465308
"1766",1.00059726016835,0.582241838465308,1.44303822554891,-0.11711159280882
"1767",1.44303822554891,-0.11711159280882,0.0837758040957278,0.242600766027212
"1768",0.0837758040957278,0.242600766027212,0.854687734701623,-0.209963109014918
"1769",0.854687734701623,-0.209963109014918,0.559028959413784,0.188495559215388
"1770",0.559028959413784,0.188495559215388,5.70844838449785,0.371755130674792
"1771",5.70844838449785,0.371755130674792,5.96745524549381,-0.678060414399797
"1772",5.96745524549381,-0.678060414399797,5.22987910360101,0.437554043474978
"1773",5.22987910360101,0.437554043474978,5.62118192189814,-0.551524043630208
"1774",5.62118192189814,-0.551524043630208,5.49080582677416,-0.33248522250492
"1775",5.49080582677416,-0.33248522250492,5.58365734298026,-0.218340689424491
"1776",5.58365734298026,-0.218340689424491,5.19654331488792,-0.646120889088301
"1777",5.19654331488792,-0.646120889088301,4.66491602473044,0.193731546971371
"1778",4.66491602473044,0.193731546971371,4.48654337517662,-0.14172073526194
"1779",4.48654337517662,-0.14172073526194,4.59580098635147,-0.348542251623268
"1780",4.59580098635147,-0.348542251623268,5.64474386680006,0.265290046303138
"1781",5.64474386680006,0.265290046303138,4.3697808482182,0.479092879672443
"1782",4.3697808482182,0.479092879672443,4.98378767906981,0.244520628204406
"1783",4.98378767906981,0.244520628204406,4.69109596351036,0.277856416917497
"1784",4.69109596351036,0.277856416917497,4.58899420226869,-0.219038821125288
"1785",4.58899420226869,-0.219038821125288,5.2644366227905,-0.176278254451427
"1786",5.2644366227905,-0.176278254451427,4.95830587199069,-0.330216294477327
"1787",4.95830587199069,-0.330216294477327,3.69137136796801,-0.0888372589265114
"1788",3.69137136796801,-0.0888372589265114,3.75804294539419,0.20001473227855
"1789",3.75804294539419,0.20001473227855,4.60470216553664,-0.318871654339364
"1790",4.60470216553664,-0.318871654339364,5.40615735805244,-0.705985682431706
"1791",5.40615735805244,-0.705985682431706,4.16365746355767,-0.361806753938424
"1792",4.16365746355767,-0.361806753938424,3.96434086297992,0.478569280896845
"1793",3.96434086297992,0.478569280896845,4.60260777043425,0.179768912955416
"1794",4.60260777043425,0.179768912955416,4.22579118492867,-0.18168877513261
"1795",4.22579118492867,-0.18168877513261,2.85151893190834,0.357617963733638
"1796",2.85151893190834,0.357617963733638,4.15021842831732,0.289026524130261
"1797",4.15021842831732,0.289026524130261,4.84503400353626,0.0952949771588904
"1798",4.84503400353626,0.0952949771588904,2.58134196369961,-0.165631746014262
"1799",2.58134196369961,-0.165631746014262,2.6769860067089,-0.399331332856303
"1800",2.6769860067089,-0.399331332856303,1.96524073774561,-0.236143047794833
"1801",1.96524073774561,-0.236143047794833,2.94716297491763,0.23404865269244
"1802",2.94716297491763,0.23404865269244,2.52758582273819,0.250803813511585
"1803",2.52758582273819,0.250803813511585,1.31405839382653,0.293564380185446
"1804",1.31405839382653,0.293564380185446,1.30253922076337,-0.220609617452083
"1805",1.30253922076337,-0.220609617452083,3.35207936138031,-0.0844739357965256
"1806",3.35207936138031,-0.0844739357965256,1.59348560707082,-0.224100275956072
"1807",1.59348560707082,-0.224100275956072,0.585732496969297,-0.313112067807783
"1808",0.585732496969297,-0.313112067807783,1.87099295813792,-0.64315382935991
"1809",1.87099295813792,-0.64315382935991,1.16570540740701,-0.119380520836412
"1810",1.16570540740701,-0.119380520836412,3.03181144363935,0.23387411976724
"1811",3.03181144363935,0.23387411976724,0.348018652847669,0.218340689424491
"1812",0.348018652847669,0.218340689424491,0.767072206251508,-0.151145513222709
"1813",0.767072206251508,-0.151145513222709,2.09038084511361,-0.826238867894116
"1814",2.09038084511361,-0.826238867894116,1.71670585226162,0.316602726311771
"1815",1.71670585226162,0.316602726311771,6.23815581247813,0.385019632989949
"1816",6.23815581247813,0.385019632989949,0.714712328691678,0.24015730507442
"1817",0.714712328691678,0.24015730507442,0.425162205785819,-0.128107167096384
"1818",0.425162205785819,-0.128107167096384,1.1372565405995,-0.362155819788823
"1819",1.1372565405995,-0.362155819788823,5.89380235105965,0.525867703625892
"1820",5.89380235105965,0.525867703625892,5.68802803224952,0.580496509213314
"1821",5.68802803224952,0.580496509213314,5.98979545991934,-0.320442450666159
"1822",5.98979545991934,-0.320442450666159,6.17183330090235,-0.140324471860344
"1823",6.17183330090235,-0.140324471860344,5.97443656250179,0.0998328332140757
"1824",5.97443656250179,0.0998328332140757,0.161966554585074,-0.480314610148839
"1825",0.161966554585074,-0.480314610148839,5.3867842033553,-0.246440490381599
"1826",5.3867842033553,-0.246440490381599,5.95523794072985,-0.543146463220635
"1827",5.95523794072985,-0.543146463220635,0.0656243798749868,-0.463559449329694
"1828",0.0656243798749868,-0.463559449329694,4.83909988407948,0.131074226824774
"1829",4.83909988407948,0.131074226824774,4.86911954721378,0.149225651045515
"1830",4.86911954721378,0.149225651045515,4.47502420211346,-0.170344134994647
"1831",4.47502420211346,-0.170344134994647,4.57974395723312,-0.325329372571743
"1832",4.57974395723312,-0.325329372571743,4.2785001283389,-0.320267917740959
"1833",4.2785001283389,-0.320267917740959,4.80314610148839,0.25865779514556
"1834",4.80314610148839,0.25865779514556,0.255167136641571,-0.0500909495322373
"1835",0.255167136641571,-0.0500909495322373,5.61193167686257,-0.109955742875643
"1836",5.61193167686257,-0.109955742875643,4.03729562571328,-0.214326432144904
"1837",4.03729562571328,-0.214326432144904,3.93641559494801,0.442790031230961
"1838",3.93641559494801,0.442790031230961,5.56323699073192,0.184132236085402
"1839",5.56323699073192,0.184132236085402,5.11364017541819,-0.44942228238854
"1840",5.11364017541819,-0.44942228238854,5.00682602519613,-0.216071761396898
"1841",5.00682602519613,-0.216071761396898,4.90629506028126,-0.64018676963152
"1842",4.90629506028126,-0.64018676963152,5.10630979255981,-0.635823446501534
"1843",5.10630979255981,-0.635823446501534,3.86660242486824,-0.138230076757951
"1844",3.86660242486824,-0.138230076757951,3.09865755399073,0.190589954317781
"1845",3.09865755399073,0.190589954317781,3.47058721759072,-0.217468024798493
"1846",3.47058721759072,-0.217468024798493,2.9558896211776,0.390081087820733
"1847",2.9558896211776,0.390081087820733,3.70690479831076,0.26162485487395
"1848",3.70690479831076,0.26162485487395,2.6460936789486,0.367042741694408
"1849",2.6460936789486,0.367042741694408,2.56249240777807,0.515744793964324
"1850",2.56249240777807,0.515744793964324,2.89619936075939,-0.198793001802154
"1851",2.89619936075939,-0.198793001802154,2.40558730802378,-0.426209403337015
"1852",2.40558730802378,-0.426209403337015,2.10573974253116,0.250105681810787
"1853",2.10573974253116,0.250105681810787,3.21838714067754,-0.305258086173808
"1854",3.21838714067754,-0.305258086173808,3.6634460999361,-0.0865683308989187
"1855",3.6634460999361,-0.0865683308989187,2.26404110568704,0.233699586842041
"1856",2.26404110568704,0.233699586842041,1.76941479567185,-0.249931148885588
"1857",1.76941479567185,-0.249931148885588,1.1995647948957,-0.0907571211037051
"1858",1.1995647948957,-0.0907571211037051,1.25838239068791,0.38152897448596
"1859",1.25838239068791,0.38152897448596,2.45829625143401,0.539132205941048
"1860",2.45829625143401,0.539132205941048,0.699877030049726,-0.285884931476671
"1861",0.699877030049726,-0.285884931476671,0.440695636128568,0.156032435128293
"1862",0.440695636128568,0.156032435128293,0.800582527889799,0.252025543987981
"1863",0.800582527889799,0.252025543987981,1.39120194676468,-0.281521608346685
"1864",1.39120194676468,-0.281521608346685,1.18560216087975,-0.365646478292812
"1865",1.18560216087975,-0.365646478292812,0.398109602379907,0.0164060949687467
"1866",0.398109602379907,0.0164060949687467,1.33273341682287,-0.180990643431812
"1867",1.33273341682287,-0.180990643431812,0.265988178003936,0.442440965380563
"1868",0.265988178003936,0.442440965380563,2.38761041672824,-0.322885911618951
"1869",2.38761041672824,-0.322885911618951,5.75225614872291,0.450644012864936
"1870",5.75225614872291,0.450644012864936,0.0509636141582344,-0.282394272972683
"1871",0.0509636141582344,-0.282394272972683,5.87669812439011,-0.203505390782539
"1872",5.87669812439011,-0.203505390782539,0.251851011062782,-0.167202542341057
"1873",0.251851011062782,-0.167202542341057,5.81892772614909,-0.334928683457712
"1874",5.81892772614909,-0.334928683457712,5.51262244242409,-0.234572251468038
"1875",5.51262244242409,-0.234572251468038,0.884881930761125,0.571246264177744
"1876",0.884881930761125,0.571246264177744,0.376467519655177,-0.349763982099664
"1877",0.376467519655177,-0.349763982099664,6.18055994716232,-0.348716784548467
"1878",6.18055994716232,-0.348716784548467,5.92696360684754,0.423591409459024
"1879",5.92696360684754,0.423591409459024,1.16204021597782,0.19076448724298
"1880",1.16204021597782,0.19076448724298,1.24546695422315,0.217642557723693
"1881",1.24546695422315,0.217642557723693,5.3551937438942,0.280823476645888
"1882",5.3551937438942,0.280823476645888,6.21197587369822,-0.257436064669164
"1883",6.21197587369822,-0.257436064669164,5.38242088022531,0.558505360638185
"1884",5.38242088022531,0.558505360638185,4.87051581061538,0.22479840765687
"1885",4.87051581061538,0.22479840765687,4.8619636972806,0.118507856210415
"1886",4.8619636972806,0.118507856210415,4.94661216600233,-0.525344104850293
"1887",4.94661216600233,-0.525344104850293,4.72530441684945,-0.0958185759344887
"1888",4.72530441684945,-0.0958185759344887,4.81431620870116,0.345051593119279
"1889",4.81431620870116,0.345051593119279,4.54029951613805,-0.162839219211071
"1890",4.54029951613805,-0.162839219211071,4.36384672876142,0.602662190713642
"1891",4.36384672876142,0.602662190713642,5.30161213585798,-0.43703044469938
"1892",5.30161213585798,-0.43703044469938,5.07454480017351,-0.640012236706321
"1893",5.07454480017351,-0.640012236706321,4.68341651480158,-0.257959663444762
"1894",4.68341651480158,-0.257959663444762,4.84311414135907,-0.339815605363296
"1895",4.84311414135907,-0.339815605363296,5.51140071194769,0.297229571614634
"1896",5.51140071194769,0.297229571614634,3.87969239425819,-0.174009326423835
"1897",3.87969239425819,-0.174009326423835,3.24439254653226,-0.0764454212373516
"1898",3.24439254653226,-0.0764454212373516,4.96249466219548,-0.11711159280882
"1899",4.96249466219548,-0.11711159280882,3.10022835031753,-0.170169602069447
"1900",3.10022835031753,-0.170169602069447,4.21305028138911,-0.156730566829091
"1901",4.21305028138911,-0.156730566829091,3.75769387954379,-0.0881391272257136
"1902",3.75769387954379,-0.0881391272257136,4.34220464603669,-0.315380995835375
"1903",4.34220464603669,-0.315380995835375,4.39316826019493,-0.451516677490933
"1904",4.39316826019493,-0.451516677490933,2.59722445989276,0.476823951644851
"1905",2.59722445989276,0.476823951644851,3.24439254653226,0.2460914245312
"1906",3.24439254653226,0.2460914245312,2.46039064653641,-0.301069295969022
"1907",2.46039064653641,-0.301069295969022,2.57121905403805,0.268955237732326
"1908",2.57121905403805,0.268955237732326,3.03058971316295,0.371406064824393
"1909",3.03058971316295,0.371406064824393,2.79270133611613,0.242600766027212
"1910",2.79270133611613,0.242600766027212,2.2483331424191,-0.370009801422798
"1911",2.2483331424191,-0.370009801422798,3.74774550280742,0.283616003449079
"1912",3.74774550280742,0.283616003449079,3.05223179588768,-0.251501945212383
"1913",3.05223179588768,-0.251501945212383,2.88817084620022,-0.246615023306799
"1914",2.88817084620022,-0.246615023306799,2.33594867086921,0.585383431118898
"1915",2.33594867086921,0.585383431118898,2.90597320457056,-0.0602138591938044
"1916",2.90597320457056,-0.0602138591938044,1.98217043148996,0.0841248699461267
"1917",1.98217043148996,0.0841248699461267,2.73004401596953,0.401949326734294
"1918",2.73004401596953,0.401949326734294,1.5077899407979,-0.205076187109334
"1919",1.5077899407979,-0.205076187109334,1.40359378445384,0.144338729139931
"1920",1.40359378445384,0.144338729139931,3.80743576322563,0.390255620745932
"1921",3.80743576322563,0.390255620745932,2.83999975884517,0.278554548618295
"1922",2.83999975884517,0.278554548618295,1.41179683193821,-0.362679418564422
"1923",1.41179683193821,-0.362679418564422,1.77116012492385,0.245218759905203
"1924",1.77116012492385,0.245218759905203,2.36684099862951,0.362155819788823
"1925",2.36684099862951,0.362155819788823,1.00461151744794,-0.490088453960008
"1926",1.00461151744794,-0.490088453960008,0.868999434567977,0.312064870256586
"1927",0.868999434567977,0.312064870256586,1.61390595931916,-0.356047167406843
"1928",1.61390595931916,-0.356047167406843,1.21806528496684,-0.232128790515246
"1929",1.21806528496684,-0.232128790515246,2.19195900757968,0.823969939866523
"1930",2.19195900757968,0.823969939866523,1.57219259019649,-0.0870919296745171
"1931",1.57219259019649,-0.0870919296745171,2.32408043195565,-0.722566310325652
"1932",2.32408043195565,-0.722566310325652,0.412944901021858,0.395142542651516
"1933",0.412944901021858,0.395142542651516,0.837932573882478,-0.28309240467348
"1934",0.837932573882478,-0.28309240467348,0.59411007737887,0.296007841138238
"1935",0.59411007737887,0.296007841138238,1.48614785807317,0.417482757077044
"1936",1.48614785807317,0.417482757077044,0.601964059012844,0.282568805897882
"1937",0.601964059012844,0.282568805897882,0.892212313619501,-0.0888372589265114
"1938",0.892212313619501,-0.0888372589265114,0.613308699150807,0.100181899064475
"1939",0.613308699150807,0.100181899064475,0.500909495322373,0.190415421392581
"1940",0.500909495322373,0.190415421392581,1.09763756657923,0.356221700332043
"1941",1.09763756657923,0.356221700332043,5.82049852247589,0.432841654494594
"1942",5.82049852247589,0.432841654494594,5.43984221261593,-0.26162485487395
"1943",5.43984221261593,-0.26162485487395,1.37444678594553,-0.451865743341332
"1944",1.37444678594553,-0.451865743341332,0.410326907143867,0.161792021659874
"1945",0.410326907143867,0.161792021659874,5.11817803147337,0.222878545479676
"1946",5.11817803147337,0.222878545479676,5.64526746557566,-0.314508331209378
"1947",5.64526746557566,-0.314508331209378,6.20482002376504,-0.131248759749974
"1948",6.20482002376504,-0.131248759749974,5.74544936464013,-0.297927703315432
"1949",5.74544936464013,-0.297927703315432,5.89868927296524,0.154810704651897
"1950",5.89868927296524,0.154810704651897,6.18998472512309,-0.278030949842697
"1951",6.18998472512309,-0.278030949842697,6.00829594999048,0.476125819944053
"1952",6.00829594999048,0.476125819944053,4.53506352838207,-0.155508836352695
"1953",4.53506352838207,-0.155508836352695,5.59186039046463,0.126536370769589
"1954",5.59186039046463,0.126536370769589,5.64805999237885,-0.199142067652553
"1955",5.64805999237885,-0.199142067652553,4.53890325273645,-0.330565360327726
"1956",4.53890325273645,-0.330565360327726,5.64805999237885,0.416610092451047
"1957",5.64805999237885,0.416610092451047,5.65748477033962,0.261450321948751
"1958",5.65748477033962,0.261450321948751,0.346971455296473,0.517490123216319
"1959",0.346971455296473,0.517490123216319,6.02627284128602,-0.399505865781502
"1960",6.02627284128602,-0.399505865781502,5.09269622439425,0.594459143229269
"1961",5.09269622439425,0.594459143229269,5.79187512274318,-0.272096830385916
"1962",5.79187512274318,-0.272096830385916,4.56229066471318,0.34173546754049
"1963",4.56229066471318,0.34173546754049,3.70463587028316,0.199316600577752
"1964",3.70463587028316,0.199316600577752,4.86475622408379,0.254119939090374
"1965",4.86475622408379,0.254119939090374,5.45520111003348,-0.439299372726973
"1966",5.45520111003348,-0.439299372726973,4.3718752433206,-0.484852466204025
"1967",4.3718752433206,-0.484852466204025,3.65157786102254,-0.148527519344717
"1968",3.65157786102254,-0.148527519344717,6.00899408169128,-0.393746279249921
"1969",6.00899408169128,-0.393746279249921,4.53803058811046,-0.351160245501259
"1970",4.53803058811046,-0.351160245501259,3.74844363450822,0.0151843644923507
"1971",3.74844363450822,0.0151843644923507,5.46497495384464,-0.568628270299752
"1972",5.46497495384464,-0.568628270299752,4.5556584135556,-0.354301838154849
"1973",4.5556584135556,-0.354301838154849,3.98825187373224,0.253596340314776
"1974",3.98825187373224,0.253596340314776,4.33068547297353,0.723962573727248
"1975",4.33068547297353,0.723962573727248,3.02465559370617,-0.503003890424766
"1976",3.02465559370617,-0.503003890424766,3.84478580921831,-0.232652389290844
"1977",3.84478580921831,-0.232652389290844,3.50706459895741,-0.252723675688779
"1978",3.50706459895741,-0.252723675688779,3.51230058671339,0.288153859504264
"1979",3.51230058671339,0.288153859504264,4.04148441591807,-0.628667596568358
"1980",4.04148441591807,-0.628667596568358,2.54957697131332,0.156206968053492
"1981",2.54957697131332,0.156206968053492,3.016627079147,0.336150413934108
"1982",3.016627079147,0.336150413934108,2.14221712389784,-0.380481776934764
"1983",2.14221712389784,-0.380481776934764,3.51369685011498,-0.273318560862312
"1984",3.51369685011498,-0.273318560862312,3.5400513218201,-0.6770132168486
"1985",3.5400513218201,-0.6770132168486,4.08895737157231,-0.34470252726888
"1986",4.08895737157231,-0.34470252726888,3.62853951489621,0.388161225643539
"1987",3.62853951489621,0.388161225643539,3.08486945289998,0.177849050778222
"1988",3.08486945289998,0.177849050778222,2.32652389290844,0.473507826066062
"1989",2.32652389290844,0.473507826066062,2.89916642048778,-0.258308729295161
"1990",2.89916642048778,-0.258308729295161,3.11663444528627,-0.298800367941429
"1991",3.11663444528627,-0.298800367941429,3.11454005018388,0.327947366449734
"1992",3.11454005018388,0.327947366449734,1.81304802697171,-0.228463599086058
"1993",1.81304802697171,-0.228463599086058,1.60727370816158,0.185353966561798
"1994",1.60727370816158,0.185353966561798,3.37372144410504,-0.211882971192112
"1995",3.37372144410504,-0.211882971192112,2.7693139241394,-0.63390358432434
"1996",2.7693139241394,-0.63390358432434,1.48894038487636,-0.395317075576716
"1997",1.48894038487636,-0.395317075576716,1.3838715639063,-0.216246294322097
"1998",1.3838715639063,-0.216246294322097,2.28568318841177,-0.347495054072071
"1999",2.28568318841177,-0.347495054072071,1.98129776686396,0.00279252680319093
"2000",1.98129776686396,0.00279252680319093,1.2931144428026,-0.343829862642883
"2001",1.2931144428026,-0.343829862642883,2.11656078389352,0.482234472326033
"2002",2.11656078389352,0.482234472326033,0.840026968984871,0.269304303582725
"2003",0.840026968984871,0.269304303582725,0.616799357654796,0.306479816650204
"2004",0.616799357654796,0.306479816650204,1.76051361648668,0.254643537865973
"2005",1.76051361648668,0.254643537865973,0.812799832653759,-0.155683369277894
"2006",0.812799832653759,-0.155683369277894,1.67848314164295,0.164060949687467
"2007",1.67848314164295,0.164060949687467,3.09970475154193,0.297578637465033
"2008",3.09970475154193,0.297578637465033,1.11770885297717,-0.225147473507269
"2009",1.11770885297717,-0.225147473507269,2.19998752213885,0.238586508747625
"2010",2.19998752213885,0.238586508747625,1.60901903741357,-0.324282175020546
"2011",1.60901903741357,-0.324282175020546,1.67795954286735,-0.0691150383789754
"2012",1.67795954286735,-0.0691150383789754,0.615926693028799,-0.156032435128293
"2013",0.615926693028799,-0.156032435128293,0.881914871032735,-0.423591409459024
"2014",0.881914871032735,-0.423591409459024,5.89397688398485,0.412944901021858
"2015",5.89397688398485,0.412944901021858,5.86640068180334,0.278729081543494
"2016",5.86640068180334,0.278729081543494,5.98560666971455,-0.115017197706426
"2017",5.98560666971455,-0.115017197706426,1.59121667904323,-0.314159265358979
"2018",1.59121667904323,-0.314159265358979,1.67045462708377,0.425511271636218
"2019",1.67045462708377,0.425511271636218,0.498116968519182,-0.284837733925475
"2020",0.498116968519182,-0.284837733925475,6.11231757340934,0.0158824961931484
"2021",6.11231757340934,0.0158824961931484,5.53740611780241,0.411897703470662
"2022",5.53740611780241,0.411897703470662,5.71106637837585,0.10786134777325
"2023",5.71106637837585,0.10786134777325,0.727453232231236,0.421846080207029
"2024",0.727453232231236,0.421846080207029,0.647866218340295,0.150098315671512
"2025",0.647866218340295,0.150098315671512,1.37479585179593,0.180292511731014
"2026",1.37479585179593,0.180292511731014,6.04669319353435,-0.322885911618951
"2027",6.04669319353435,-0.322885911618951,0.283616003449079,0.303163691071415
"2028",0.283616003449079,0.303163691071415,0.0225147473507269,0.113271868454432
"2029",0.0225147473507269,0.113271868454432,5.90776498507561,-0.583812634792103
"2030",5.90776498507561,-0.583812634792103,5.46096069656506,-0.220784150377283
"2031",5.46096069656506,-0.220784150377283,5.8789670524177,-0.383797902513553
"2032",5.8789670524177,-0.383797902513553,0.811927168027762,-0.285012266850674
"2033",0.811927168027762,-0.285012266850674,5.14453250317849,-0.396713338978311
"2034",5.14453250317849,-0.396713338978311,5.92504374467035,-0.383797902513553
"2035",5.92504374467035,-0.383797902513553,4.49998241041698,-0.20943951023932
"2036",4.49998241041698,-0.20943951023932,0.281172542496286,0.317300858012569
"2037",0.281172542496286,0.317300858012569,5.39935057396966,-0.179943445880615
"2038",5.39935057396966,-0.179943445880615,4.19594605471957,0.239110107523223
"2039",4.19594605471957,0.239110107523223,0.297927703315432,0.538434074240251
"2040",0.297927703315432,0.538434074240251,3.93606652909761,0.171914931321441
"2041",3.93606652909761,0.171914931321441,4.26104683581896,-0.179245314179818
"2042",4.26104683581896,-0.179245314179818,5.61280434148856,-0.11065387457644
"2043",5.61280434148856,-0.11065387457644,0.309097810528196,0.36006142468643
"2044",0.309097810528196,0.36006142468643,6.08927922728302,-0.123394778115999
"2045",6.08927922728302,-0.123394778115999,4.12683101634059,-0.61854468690679
"2046",4.12683101634059,-0.61854468690679,3.69573469109799,0.324980306721344
"2047",3.69573469109799,0.324980306721344,4.41865006727404,-0.605978316292431
"2048",4.41865006727404,-0.605978316292431,4.74694649957418,-0.312064870256586
"2049",4.74694649957418,-0.312064870256586,4.63943421765133,0.416261026600648
"2050",4.63943421765133,0.416261026600648,3.45976617622836,-0.264940980452739
"2051",3.45976617622836,-0.264940980452739,3.70009801422798,0.0404916386462684
"2052",3.70009801422798,0.0404916386462684,4.57660236457953,-0.566533875197359
"2053",4.57660236457953,-0.566533875197359,4.90454973102926,0.380656309859963
"2054",4.90454973102926,0.380656309859963,3.19360346529922,0.388161225643539
"2055",3.19360346529922,0.388161225643539,3.58089202631677,-0.0361283155162826
"2056",3.58089202631677,-0.0361283155162826,4.11723170545462,-0.539132205941048
"2057",4.11723170545462,-0.539132205941048,4.41062155271487,0.611737902824012
"2058",4.41062155271487,0.611737902824012,3.68892790701522,-0.239633706298821
"2059",3.68892790701522,-0.239633706298821,3.18365508856286,-0.649786080517489
"2060",3.18365508856286,-0.649786080517489,2.8317967113608,-0.489041256408811
"2061",2.8317967113608,-0.489041256408811,4.46629755585349,0.102799892942466
"2062",4.46629755585349,0.102799892942466,2.89969001926338,-0.187448361664191
"2063",2.89969001926338,-0.187448361664191,2.64539554724781,0.185179433636598
"2064",2.64539554724781,0.185179433636598,3.45138859581879,0.156206968053492
"2065",3.45138859581879,0.156206968053492,3.39920325118416,0.364075681966017
"2066",3.39920325118416,0.364075681966017,3.18801841169284,-0.324456707945746
"2067",3.18801841169284,-0.324456707945746,2.28376332623458,0.214500965070103
"2068",2.28376332623458,0.214500965070103,2.22808732309596,-0.291469985083053
"2069",2.22808732309596,-0.291469985083053,4.01635167468935,-0.0961676417848876
"2070",4.01635167468935,-0.0961676417848876,3.31595104586403,-0.0993092344384773
"2071",3.31595104586403,-0.0993092344384773,3.66746035721568,-0.315380995835375
"2072",3.66746035721568,-0.315380995835375,2.9229028983149,-0.29862583501623
"2073",2.9229028983149,-0.29862583501623,2.27503667997461,0.33562681515851
"2074",2.27503667997461,0.33562681515851,1.87308735324031,-0.205774318810131
"2075",1.87308735324031,-0.205774318810131,3.25975144394981,-0.61261056745001
"2076",3.25975144394981,-0.61261056745001,1.66783663320578,-0.390255620745932
"2077",1.66783663320578,-0.390255620745932,1.8146188232985,0.183957703160202
"2078",1.8146188232985,0.183957703160202,2.72498256113875,-0.625002405139169
"2079",2.72498256113875,-0.625002405139169,2.90510053994456,0.173311194723037
"2080",2.90510053994456,0.173311194723037,2.91487438375573,0.225322006432468
"2081",2.91487438375573,0.225322006432468,1.44076929752132,-0.472635161440064
"2082",1.44076929752132,-0.472635161440064,1.31109133409814,-0.108384946548848
"2083",1.31109133409814,-0.108384946548848,1.20549891435248,-0.483805268652828
"2084",1.20549891435248,-0.483805268652828,0.980875039620813,0.204378055408536
"2085",0.980875039620813,0.204378055408536,2.95082816634681,0.209963109014918
"2086",2.95082816634681,0.209963109014918,0.523598775598299,0.225147473507269
"2087",0.523598775598299,0.225147473507269,1.70902640355285,0.442091899530164
"2088",1.70902640355285,0.442091899530164,1.98339216196636,-0.21851522234969
"2089",1.98339216196636,-0.21851522234969,2.2151718866312,-0.300196631343025
"2090",2.2151718866312,-0.300196631343025,2.5537657615181,-0.496371639267187
"2091",2.5537657615181,-0.496371639267187,2.60420577690074,0.300022098417825
"2092",2.60420577690074,0.300022098417825,2.29214090664415,-0.242600766027212
"2093",2.29214090664415,-0.242600766027212,1.50080862378992,-0.249058484259591
"2094",1.50080862378992,-0.249058484259591,0.398982267005904,0.321140582366957
"2095",0.398982267005904,0.321140582366957,0.883136601509131,-0.296705972839036
"2096",0.883136601509131,-0.296705972839036,2.33559960501881,-0.252200076913181
"2097",2.33559960501881,-0.252200076913181,6.13867204511446,-0.288851991205062
"2098",6.13867204511446,-0.288851991205062,5.88053784874449,-0.233699586842041
"2099",5.88053784874449,-0.233699586842041,5.79012979349119,0.266162710929135
"2100",5.79012979349119,0.266162710929135,0.941256065600542,-0.190066355542183
"2101",0.941256065600542,-0.190066355542183,0.303861822772213,-0.346447856520874
"2102",0.303861822772213,-0.346447856520874,5.99084265747054,-0.367566340470006
"2103",5.99084265747054,-0.367566340470006,0.853640537150427,-0.309097810528196
"2104",0.853640537150427,-0.309097810528196,0.456927198172115,0.503178423349965
"2105",0.456927198172115,0.503178423349965,0.294960643587042,-0.165457213089062
"2106",0.294960643587042,-0.165457213089062,0.453611072593326,0.0799360797413403
"2107",0.453611072593326,0.0799360797413403,5.40545922635164,-0.217991623574092
"2108",5.40545922635164,-0.217991623574092,0.52621676947629,-0.19704767255016
"2109",0.52621676947629,-0.19704767255016,0.597949801733257,0.466351976132885
"2110",0.597949801733257,0.466351976132885,6.08037804809785,0.203330857857339
"2111",6.08037804809785,0.203330857857339,5.5710909723659,0.216595360172496
"2112",5.5710909723659,0.216595360172496,6.12156781844491,0.271224165759919
"2113",6.12156781844491,0.271224165759919,0.260752190247953,-0.0376991118430775
"2114",0.260752190247953,-0.0376991118430775,5.69204228952911,-0.271398698685118
"2115",5.69204228952911,-0.271398698685118,5.71630236613183,0.525518637775493
"2116",5.71630236613183,0.525518637775493,5.04173261023602,-0.255865268342369
"2117",5.04173261023602,-0.255865268342369,4.63140570309215,0.0472984227290463
"2118",4.63140570309215,0.0472984227290463,5.7253780782422,0.49567350756639
"2119",5.7253780782422,0.49567350756639,4.3999750442777,0.256737932968366
"2120",4.3999750442777,0.256737932968366,6.05419810931793,0.000698131700797732
"2121",6.05419810931793,0.000698131700797732,4.71116724990829,0.304909020323409
"2122",4.71116724990829,0.304909020323409,4.41254141489206,-0.217642557723693
"2123",4.41254141489206,-0.217642557723693,4.10082561048588,0.216420827247297
"2124",4.10082561048588,0.216420827247297,5.19270359053353,-0.434586983746588
"2125",5.19270359053353,-0.434586983746588,4.56874838294556,0.160744824108678
"2126",4.56874838294556,0.160744824108678,5.80077630192835,0.168424272817453
"2127",5.80077630192835,0.168424272817453,3.72610342008269,0.128979831722381
"2128",3.72610342008269,0.128979831722381,3.51579124521738,0.316777259236971
"2129",3.51579124521738,0.316777259236971,4.41341407951806,-0.362679418564422
"2130",4.41341407951806,-0.362679418564422,4.52965300770088,-0.15690509975429
"2131",4.52965300770088,-0.15690509975429,3.51561671229218,0.228638132011257
"2132",3.51561671229218,0.228638132011257,4.97663182913663,0.38152897448596
"2133",4.97663182913663,0.38152897448596,3.53237187311132,-0.320442450666159
"2134",3.53237187311132,-0.320442450666159,3.02797171928496,-0.176801853227026
"2135",3.02797171928496,-0.176801853227026,3.91931136827847,0.278380015693096
"2136",3.91931136827847,0.278380015693096,4.99670311553457,0.554491103358598
"2137",4.99670311553457,0.554491103358598,5.40650642390283,-0.140848070635942
"2138",5.40650642390283,-0.140848070635942,3.40269390968815,0.407359847415476
"2139",3.40269390968815,0.407359847415476,2.63876329609023,0.160570291183478
"2140",2.63876329609023,0.160570291183478,3.16637632896811,-0.318173522638566
"2141",3.16637632896811,-0.318173522638566,3.33864032613995,-0.556934564311391
"2142",3.33864032613995,-0.556934564311391,2.54486458233293,-0.464083048105292
"2143",2.54486458233293,-0.464083048105292,2.52200076913181,-0.235270383168836
"2144",2.52200076913181,-0.235270383168836,2.44223922231567,0.380307244009564
"2145",2.44223922231567,0.380307244009564,2.11359372416513,0.310494073929791
"2146",2.11359372416513,0.310494073929791,2.93442207137807,0.185528499486997
"2147",2.93442207137807,0.185528499486997,2.19684592948526,-0.339815605363296
"2148",2.19684592948526,-0.339815605363296,3.84356407874191,-0.419053553403839
"2149",3.84356407874191,-0.419053553403839,1.83085038534205,-0.211882971192112
"2150",1.83085038534205,-0.211882971192112,1.69541283538729,-0.419926218029836
"2151",1.69541283538729,-0.419926218029836,3.23479323564629,0.578053048260522
"2152",3.23479323564629,0.578053048260522,2.60630017200313,0.0853466004225227
"2153",2.60630017200313,0.0853466004225227,2.9845130209103,-0.56950093492575
"2154",2.9845130209103,-0.56950093492575,2.02807259081741,-0.383099770812755
"2155",2.02807259081741,-0.383099770812755,1.43500971098974,-0.115017197706426
"2156",1.43500971098974,-0.115017197706426,2.02440739938822,-0.0853466004225227
"2157",2.02440739938822,-0.0853466004225227,0.959407489821283,-0.438252175175776
"2158",0.959407489821283,-0.438252175175776,2.72027017215836,-0.141895268187139
"2159",2.72027017215836,-0.141895268187139,0.936194610769758,0.419577152179437
"2160",0.936194610769758,0.419577152179437,1.51843644923507,-0.281172542496286
"2161",1.51843644923507,-0.281172542496286,0.476300352869253,0.226194671058465
"2162",0.476300352869253,0.226194671058465,0.551349510705009,0.0942477796076938
"2163",0.551349510705009,0.0942477796076938,1.047546617047,0.231605191739647
"2164",1.047546617047,0.231605191739647,2.40262024829539,0.149749249821113
"2165",2.40262024829539,0.149749249821113,1.60535384598438,0.102974425867665
"2166",1.60535384598438,0.102974425867665,6.24182100390732,-0.124267442741996
"2167",6.24182100390732,-0.124267442741996,1.23359871530959,0.188670092140587
"2168",1.23359871530959,0.188670092140587,1.05941485596056,0.0842994028713261
"2169",1.05941485596056,0.0842994028713261,0.727104166380838,0.342957198016886
"2170",0.727104166380838,0.342957198016886,6.23536328567494,-0.554840169208997
"2171",6.23536328567494,-0.554840169208997,5.99415878304932,-0.218689755274889
"2172",5.99415878304932,-0.218689755274889,1.05522606575577,0.248011286708394
"2173",1.05522606575577,0.248011286708394,1.32679929736609,-0.468620904160477
"2174",1.32679929736609,-0.468620904160477,0.487994058857615,-0.2462659574564
"2175",0.487994058857615,-0.2462659574564,6.21319760417461,-0.308923277602996
"2176",6.21319760417461,-0.308923277602996,0.172962128872638,0.42795473258901
"2177",0.172962128872638,0.42795473258901,0.919439449950613,-0.199840199353351
"2178",0.919439449950613,-0.199840199353351,5.98630480141535,0.192684349420174
"2179",5.98630480141535,0.192684349420174,6.0650191506803,0.66165431943105
"2180",6.0650191506803,0.66165431943105,0.431445391092998,0.349065850398866
"2181",0.431445391092998,0.349065850398866,0.201760061530544,0.286583063177469
"2182",0.201760061530544,0.286583063177469,0.112748269678834,0.446629755585349
"2183",0.112748269678834,0.446629755585349,5.66813127877678,-0.216769893097696
"2184",5.66813127877678,-0.216769893097696,4.92270115525001,-0.291295452157854
"2185",4.92270115525001,-0.291295452157854,5.48504624024258,-0.0823795406941323
"2186",5.48504624024258,-0.0823795406941323,5.98717746604135,0.455007335994922
"2187",5.98717746604135,0.455007335994922,4.51726117001172,0.580496509213314
"2188",4.51726117001172,0.580496509213314,4.34901143011947,0.353429173528852
"2189",4.34901143011947,0.353429173528852,0.18779742751459,0.295135176512241
"2190",0.18779742751459,0.295135176512241,5.4785885220102,-0.273144027937113
"2191",5.4785885220102,-0.273144027937113,3.8788197296322,0.221307749152881
"2192",3.8788197296322,0.221307749152881,4.10763239456865,0.199316600577752
"2193",4.10763239456865,0.199316600577752,5.44961605642709,-0.245742358680802
"2194",5.44961605642709,-0.245742358680802,3.70830106171235,-0.26773350725593
"2195",3.70830106171235,-0.26773350725593,0.0340339204138894,0.422195146057428
"2196",0.0340339204138894,0.422195146057428,4.61325427887141,-0.37542032210398
"2197",4.61325427887141,-0.37542032210398,4.4017203735297,-0.268257106031528
"2198",4.4017203735297,-0.268257106031528,4.06818795347358,0.297229571614634
"2199",4.06818795347358,0.297229571614634,3.37040531852625,-0.416261026600648
"2200",3.37040531852625,-0.416261026600648,3.12379029521945,-0.20629791758573
"2201",3.12379029521945,-0.20629791758573,3.36778732464826,-0.13857914260835
"2202",3.36778732464826,-0.13857914260835,3.49816341977223,0.17540558982543
"2203",3.49816341977223,0.17540558982543,3.32101250069481,-0.700226095900125
"2204",3.32101250069481,-0.700226095900125,2.81120182618727,0.206646983436129
"2205",2.81120182618727,0.206646983436129,3.81441708023361,-0.154636171726698
"2206",3.81441708023361,-0.154636171726698,2.64399928384621,0.261799387799149
"2207",2.64399928384621,0.261799387799149,2.65342406180698,0.178198116628621
"2208",2.65342406180698,0.178198116628621,2.53910499580135,-0.239110107523223
"2209",2.53910499580135,-0.239110107523223,2.53317087634457,-0.328994564000931
"2210",2.53317087634457,-0.328994564000931,5.11992336072537,-0.106116018521255
"2211",5.11992336072537,-0.106116018521255,3.17283404720049,0.294786110661842
"2212",3.17283404720049,0.294786110661842,4.13224153702177,-0.190415421392581
"2213",4.13224153702177,-0.190415421392581,2.85448599163673,-0.391302818297129
"2214",2.85448599163673,-0.391302818297129,3.39100020369978,-0.276285620590702
"2215",3.39100020369978,-0.276285620590702,4.3383649216823,0.0837758040957278
"2216",4.3383649216823,0.0837758040957278,2.50734000341505,-0.454309204294124
"2217",2.50734000341505,-0.454309204294124,1.78215569921141,-0.409977841293468
"2218",1.78215569921141,-0.409977841293468,1.61024076788997,-0.132121424375971
"2219",1.61024076788997,-0.132121424375971,1.99386413747832,0.471587963888868
"2220",1.99386413747832,0.471587963888868,2.21045949765082,0.488343124708013
"2221",2.21045949765082,0.488343124708013,2.12214583749991,0.145560459616327
"2222",2.12214583749991,0.145560459616327,1.25960412116431,-0.230557994188451
"2223",1.25960412116431,-0.230557994188451,1.79053327962098,0.687136126510168
"2224",1.79053327962098,0.687136126510168,0.813148898504158,-0.438077642250577
"2225",0.813148898504158,-0.438077642250577,0.636347045277133,0.31398473243378
"2226",0.636347045277133,0.31398473243378,0.707731011683701,0.0961676417848876
"2227",0.707731011683701,0.0961676417848876,1.28351513191663,0.291644518008252
"2228",1.28351513191663,0.291644518008252,1.9992746581595,-0.113620934304831
"2229",1.9992746581595,-0.113620934304831,1.04964101214939,-0.457450796947714
"2230",1.04964101214939,-0.457450796947714,0.262148453649548,0.286059464401871
"2231",0.262148453649548,0.286059464401871,6.2777747864984,-0.100181899064475
"2232",6.2777747864984,-0.100181899064475,6.2489768538405,0.423765942384223
"2233",6.2489768538405,0.423765942384223,0.0322885911618951,-0.195127810372966
"2234",0.0322885911618951,-0.195127810372966,6.08997735898381,0.262148453649548
"2235",6.08997735898381,0.262148453649548,2.16246294322097,0.538085008389852
"2236",2.16246294322097,0.538085008389852,0.779987642716266,-0.331088959103324
"2237",0.779987642716266,-0.331088959103324,5.70443412721827,-0.231430658814448
"2238",5.70443412721827,-0.231430658814448,5.59849264162221,-0.0907571211037051
"2239",5.59849264162221,-0.0907571211037051,0.380656309859963,-0.635299847725936
"2240",0.380656309859963,-0.635299847725936,6.22593850771417,-0.444011761707357
"2241",6.22593850771417,-0.444011761707357,5.46096069656506,0.0982620368872808
"2242",5.46096069656506,0.0982620368872808,0.907571211037051,-0.511556003759538
"2243",0.907571211037051,-0.511556003759538,5.73619911960456,0.123569311041199
"2244",5.73619911960456,0.123569311041199,0.894830307497493,0.690103186238558
"2245",0.894830307497493,0.690103186238558,5.00647695934573,0.386241363466345
"2246",5.00647695934573,0.386241363466345,4.7410123801174,0.128805298797182
"2247",4.7410123801174,0.128805298797182,6.16816810947316,-0.361981286863624
"2248",6.16816810947316,-0.361981286863624,5.231624432853,-0.119205987911213
"2249",5.231624432853,-0.119205987911213,4.61360334472181,-0.0521853446346305
"2250",4.61360334472181,-0.0521853446346305,4.2769293320121,-0.0839503370209272
"2251",4.2769293320121,-0.0839503370209272,4.70575672922711,-0.267384441405531
"2252",4.70575672922711,-0.267384441405531,4.54396470756724,0.199840199353351
"2253",4.54396470756724,0.199840199353351,3.7245326237559,-0.324980306721344
"2254",3.7245326237559,-0.324980306721344,5.39132205941048,0.308923277602996
"2255",5.39132205941048,0.308923277602996,3.49763982099664,-0.255690735417169
"2256",3.49763982099664,-0.255690735417169,3.64965799884534,-0.38170350741116
"2257",3.64965799884534,-0.38170350741116,3.96451539590512,-0.376292986729977
"2258",3.96451539590512,-0.376292986729977,4.33696865828071,0.213104701668508
"2259",4.33696865828071,0.213104701668508,4.07098048027677,0.130725160974375
"2260",4.07098048027677,0.130725160974375,2.82132473584883,-0.196698606699761
"2261",2.82132473584883,-0.196698606699761,2.80875836523447,0.207345115136926
"2262",2.80875836523447,0.207345115136926,3.85979564078546,0.274889357189107
"2263",3.85979564078546,0.274889357189107,3.52137629882376,-0.416435559525847
"2264",3.52137629882376,-0.416435559525847,2.59670086111716,0.275238423039506
"2265",2.59670086111716,0.275238423039506,3.76048640634698,-0.15097098029751
"2266",3.76048640634698,-0.15097098029751,2.52758582273819,-0.303861822772213
"2267",2.52758582273819,-0.303861822772213,2.41885181033894,-0.228812664936457
"2268",2.41885181033894,-0.228812664936457,2.27294228487222,0.161268422884276
"2269",2.27294228487222,0.161268422884276,2.60246044764874,0.171216799620644
"2270",2.60246044764874,0.171216799620644,4.14027005158095,0.124791041517595
"2271",4.14027005158095,0.124791041517595,3.6941638947712,0.0879645943005142
"2272",3.6941638947712,0.0879645943005142,2.3087215345381,-0.518711853692715
"2273",2.3087215345381,-0.518711853692715,2.1247638313779,-0.147305788868321
"2274",2.1247638313779,-0.147305788868321,2.96548893206357,-0.523075176822701
"2275",2.96548893206357,-0.523075176822701,3.35783894791189,0.329867228626928
"2276",3.35783894791189,0.329867228626928,3.26446383293019,-0.027401669256311
"2277",3.26446383293019,-0.027401669256311,3.01156562431622,-0.28937558998066
"2278",3.01156562431622,-0.28937558998066,2.40925249945297,0.0504400153826361
"2279",2.40925249945297,0.0504400153826361,1.78931154914459,-0.377165651355975
"2280",1.78931154914459,-0.377165651355975,2.46492850259159,-0.482758071101632
"2281",2.46492850259159,-0.482758071101632,2.4328144443549,-0.145909525466726
"2282",2.4328144443549,-0.145909525466726,1.35193203859481,0.71418872991608
"2283",1.35193203859481,0.71418872991608,2.50995799729305,0.165631746014262
"2284",2.50995799729305,0.165631746014262,1.3247049022637,0.712966999439684
"2285",1.3247049022637,0.712966999439684,3.30530453742686,-0.407534380340676
"2286",3.30530453742686,-0.407534380340676,0.990299817581583,-0.277856416917497
"2287",0.990299817581583,-0.277856416917497,0.600742328536448,0.331263492028524
"2288",0.600742328536448,0.331263492028524,1.85004900711399,-0.127583568320785
"2289",1.85004900711399,-0.127583568320785,1.49888876161273,0.169122404518251
"2290",1.49888876161273,0.169122404518251,1.2014846570729,0.321838714067754
"2291",1.2014846570729,0.321838714067754,0.968483201931653,0.183085038534205
"2292",0.968483201931653,0.183085038534205,6.04215533747917,-0.308225145902199
"2293",6.04215533747917,-0.308225145902199,6.20342376036345,0.352556508902855
"2294",6.20342376036345,0.352556508902855,0.105417886820457,0.410326907143867
"2295",0.105417886820457,0.410326907143867,1.84847821078719,0.417657290002243
"2296",1.84847821078719,0.417657290002243,0.798313599862206,-0.294262511886244
"2297",0.798313599862206,-0.294262511886244,0.434586983746588,0.0614355896702004
"2298",0.434586983746588,0.0614355896702004,5.59308212094103,-0.0804596785169386
"2299",5.59308212094103,-0.0804596785169386,5.59412931849223,0.439822971502571
"2300",5.59412931849223,0.439822971502571,5.41209147750922,-0.153414441250302
"2301",5.41209147750922,-0.153414441250302,6.03604668509719,-0.020943951023932
"2302",6.03604668509719,-0.020943951023932,4.59841898022946,-0.114144533080429
"2303",4.59841898022946,-0.114144533080429,6.10568532225176,0.111526539202438
"2304",6.10568532225176,0.111526539202438,5.79519124832197,-0.127234502470387
"2305",5.79519124832197,-0.127234502470387,4.2772783978625,-0.0736528944341607
"2306",4.2772783978625,-0.0736528944341607,4.07464567170596,-0.3694862026472
"2307",4.07464567170596,-0.3694862026472,3.86869681997063,0.27995081201989
"2308",3.86869681997063,0.27995081201989,4.51359597858254,0.198793001802154
"2309",4.51359597858254,0.198793001802154,3.64180401721137,-0.271224165759919
"2310",3.64180401721137,-0.271224165759919,4.4015458406045,0.0413643032722656
"2311",4.4015458406045,0.0413643032722656,5.17507576508839,-0.251152879361984
"2312",5.17507576508839,-0.251152879361984,5.03195876642485,0.412770368096659
"2313",5.03195876642485,0.412770368096659,4.74607383494818,-0.312588469032184
"2314",4.74607383494818,-0.312588469032184,3.36551839662067,-0.40613811693908
"2315",3.36551839662067,-0.40613811693908,4.13974645280535,-0.146258591317125
"2316",4.13974645280535,-0.146258591317125,3.19255626774803,0.628318530717959
"2317",3.19255626774803,0.628318530717959,3.53411720236332,0.147480321793521
"2318",3.53411720236332,0.147480321793521,3.37756116845943,-0.183957703160202
"2319",3.37756116845943,-0.183957703160202,5.18345334549796,0.662526984057048
"2320",5.18345334549796,0.662526984057048,4.3385394546075,-0.191986217719376
"2321",4.3385394546075,-0.191986217719376,4.64205221152932,-0.456229066471318
"2322",4.64205221152932,-0.456229066471318,3.70899919341315,-0.374373124552784
"2323",3.70899919341315,-0.374373124552784,4.9860566070974,0.0930260491312978
"2324",4.9860566070974,0.0930260491312978,4.58375821451271,-0.379434579383567
"2325",4.58375821451271,-0.379434579383567,2.59495553186517,0.299673032567426
"2326",2.59495553186517,0.299673032567426,2.56528493458127,0.149574716895914
"2327",2.56528493458127,0.149574716895914,2.88415658892063,0.257785130519562
"2328",2.88415658892063,0.257785130519562,2.81608874809285,0.371231531899194
"2329",2.81608874809285,0.371231531899194,4.33435066440272,-0.424464074085021
"2330",4.33435066440272,-0.424464074085021,3.49694168929584,-0.583812634792103
"2331",3.49694168929584,-0.583812634792103,3.22938271496511,0.386939495167143
"2332",3.22938271496511,0.386939495167143,3.02797171928496,-0.189368223841385
"2333",3.02797171928496,-0.189368223841385,3.0168016120722,-0.441219234904167
"2334",3.0168016120722,-0.441219234904167,3.31001692640725,-0.244346095279206
"2335",3.31001692640725,-0.244346095279206,3.27231781456417,-0.120602251312808
"2336",3.27231781456417,-0.120602251312808,2.22459666459197,0.406487182789479
"2337",2.22459666459197,0.406487182789479,2.38673775210225,-0.308399678827398
"2338",2.38673775210225,-0.308399678827398,1.81182629649531,-0.187971960439789
"2339",1.81182629649531,-0.187971960439789,1.83887889990123,-0.417831822927443
"2340",1.83887889990123,-0.417831822927443,3.48437531868148,-0.24923301718479
"2341",3.48437531868148,-0.24923301718479,2.21813894635959,0.177325452002624
"2342",2.21813894635959,0.177325452002624,1.34128553015764,0.424289541159821
"2343",1.34128553015764,0.424289541159821,0.981573171321611,0.482758071101632
"2344",0.981573171321611,0.482758071101632,0.894132175796695,0.0804596785169386
"2345",0.894132175796695,0.0804596785169386,1.70797920600165,-0.353429173528852
"2346",1.70797920600165,-0.353429173528852,1.06377817909054,-0.420798882655833
"2347",1.06377817909054,-0.420798882655833,2.68763251514607,-0.487819525932415
"2348",2.68763251514607,-0.487819525932415,0.49549897464119,0.320267917740959
"2349",0.49549897464119,0.320267917740959,0.580147443362915,0.383448836663154
"2350",0.580147443362915,0.383448836663154,0.57857664703612,0.13857914260835
"2351",0.57857664703612,0.13857914260835,1.13411494794592,0.0371755130674792
"2352",1.13411494794592,0.0371755130674792,0.0790634151153431,0.392175482923126
"2353",0.0790634151153431,0.392175482923126,1.66731303443018,-0.441917366604964
"2354",1.66731303443018,-0.441917366604964,0.133517687777566,-0.0987856356628791
"2355",0.133517687777566,-0.0987856356628791,0.106290551446455,0.27384215963791
"2356",0.106290551446455,0.27384215963791,5.08222424888229,0.334579617607313
"2357",5.08222424888229,0.334579617607313,5.96326645528903,-0.175754655675829
"2358",5.96326645528903,-0.175754655675829,5.40999708240682,0.56007615696498
"2359",5.40999708240682,0.56007615696498,0.0544542726622231,-0.270002435283523
"2360",0.0544542726622231,-0.270002435283523,6.08404323952703,-0.299149433791828
"2361",6.08404323952703,-0.299149433791828,5.90375072779602,0.516442925665122
"2362",5.90375072779602,0.516442925665122,4.51324691273214,-0.374722190403183
"2363",4.51324691273214,-0.374722190403183,4.3402847838595,-0.45238934211693
"2364",4.3402847838595,-0.45238934211693,4.23277250193665,-0.34784411992247
"2365",4.23277250193665,-0.34784411992247,4.26453749432295,-0.256039801267568
"2366",4.26453749432295,-0.256039801267568,4.37641309937578,-0.173136661797837
"2367",4.37641309937578,-0.173136661797837,5.86029202942136,-0.209614043164519
"2368",5.86029202942136,-0.209614043164519,4.85986930217821,0.130899693899575
"2369",4.85986930217821,0.130899693899575,4.87941698980055,-0.125314640293193
"2370",4.87941698980055,-0.125314640293193,3.23758576244948,-0.198269403026556
"2371",3.23758576244948,-0.198269403026556,3.13077161222743,-0.465479311506888
"2372",3.13077161222743,-0.465479311506888,2.89637389368459,0.332659755430119
"2373",2.89637389368459,0.332659755430119,3.51963096957176,-0.199142067652553
"2374",3.51963096957176,-0.199142067652553,2.63701796683823,0.137881010907552
"2375",2.63701796683823,0.137881010907552,3.98336495182666,0.0232128790515246
"2376",3.98336495182666,0.0232128790515246,2.89969001926338,-0.174358392274234
"2377",2.89969001926338,-0.174358392274234,3.95648688134595,0.247662220857995
"2378",3.95648688134595,0.247662220857995,2.9845130209103,-0.435634181297785
"2379",2.9845130209103,-0.435634181297785,4.0325832367329,0.00383972435438753
"2380",4.0325832367329,0.00383972435438753,3.31368211783643,-0.404218254761887
"2381",3.31368211783643,-0.404218254761887,2.60891816588112,-0.43388885204579
"2382",2.60891816588112,-0.43388885204579,1.81392069159771,-0.31712632508737
"2383",1.81392069159771,-0.31712632508737,2.9853856855363,-0.428652864289807
"2384",2.9853856855363,-0.428652864289807,2.54119939090374,-0.193033415270573
"2385",2.54119939090374,-0.193033415270573,1.35193203859481,-0.196349540849362
"2386",1.35193203859481,-0.196349540849362,3.33130994328158,0.163362817986669
"2387",3.33130994328158,0.163362817986669,2.5844835563532,-0.2460914245312
"2388",2.5844835563532,-0.2460914245312,2.79095600686413,-0.100356431989674
"2389",2.79095600686413,-0.100356431989674,2.37766203999187,0.297578637465033
"2390",2.37766203999187,0.297578637465033,2.5556856236953,0.326725635973338
"2391",2.5556856236953,0.326725635973338,0.470191700487272,0.220784150377283
"2392",0.470191700487272,0.220784150377283,2.04395508701056,-0.300196631343025
"2393",2.04395508701056,-0.300196631343025,1.96558980359601,-0.449771348238939
"2394",1.96558980359601,-0.449771348238939,0.780860307342263,0.0998328332140757
"2395",0.780860307342263,0.0998328332140757,6.12662927327569,-0.117635191584418
"2396",6.12662927327569,-0.117635191584418,0.786794426799044,-0.321838714067754
"2397",0.786794426799044,-0.321838714067754,0.820479281362534,-0.425336738711018
"2398",0.820479281362534,-0.425336738711018,1.20706971067928,-0.606676447993229
"2399",1.20706971067928,-0.606676447993229,0.718028454270467,0.273667626712711
"2400",0.718028454270467,0.273667626712711,5.88891542915407,-0.150098315671512
"2401",5.88891542915407,-0.150098315671512,0.713316065290082,0.241204502625616
"2402",0.713316065290082,0.241204502625616,5.92905800194994,-0.361981286863624
"2403",5.92905800194994,-0.361981286863624,6.11127037585814,-0.246440490381599
"2404",6.11127037585814,-0.246440490381599,5.77895968627842,0.485899663755221
"2405",5.77895968627842,0.485899663755221,5.84475859907861,-0.241553568476015
"2406",5.84475859907861,-0.241553568476015,6.2481041892145,-0.389732021970334
"2407",6.2481041892145,-0.389732021970334,4.97628276328623,-0.48310713695203
"2408",4.97628276328623,-0.48310713695203,4.84259054258347,0.399331332856303
"2409",4.84259054258347,0.399331332856303,5.24593613271936,0.078190750489346
"2410",5.24593613271936,0.078190750489346,4.59248486077268,-0.156556033903891
"2411",4.59248486077268,-0.156556033903891,5.6011106355002,-0.439124839801773
"2412",5.6011106355002,-0.439124839801773,4.09908028123388,-0.166504410640259
"2413",4.09908028123388,-0.166504410640259,4.55129509042561,-0.32637657012294
"2414",4.55129509042561,-0.32637657012294,5.34454723545704,-0.518188254917116
"2415",5.34454723545704,-0.518188254917116,3.67653606932606,-0.321664181142555
"2416",3.67653606932606,-0.321664181142555,3.78876074022929,-0.114319066005629
"2417",3.78876074022929,-0.114319066005629,3.81843133751319,0.459545192050107
"2418",3.81843133751319,0.459545192050107,3.72592888715749,0.150621914447111
"2419",3.72592888715749,0.150621914447111,3.4779176004491,-0.184655834861
"2420",3.4779176004491,-0.184655834861,3.33794219443916,-0.200363798128949
"2421",3.33794219443916,-0.200363798128949,4.41655567217165,-0.466526509058084
"2422",4.41655567217165,-0.466526509058084,3.9713221799879,-0.423242343608625
"2423",3.9713221799879,-0.423242343608625,4.26977348207893,-0.333183354205717
"2424",4.26977348207893,-0.333183354205717,5.21870899638825,-0.131248759749974
"2425",5.21870899638825,-0.131248759749974,2.97020132104395,-0.159174027781883
"2426",2.97020132104395,-0.159174027781883,3.76834038798096,-0.447851486061745
"2427",3.76834038798096,-0.447851486061745,2.58832328070759,-0.191462618943778
"2428",2.58832328070759,-0.191462618943778,2.70595847229201,-0.277856416917497
"2429",2.70595847229201,-0.277856416917497,3.23339697224469,0.232303323440445
"2430",3.23339697224469,0.232303323440445,2.93913446035845,-0.158301363155886
"2431",2.93913446035845,-0.158301363155886,4.5558329464808,0.266860842629933
"2432",4.5558329464808,0.266860842629933,3.27825193402095,-0.685390797258173
"2433",3.27825193402095,-0.685390797258173,2.2148228207808,-0.236666646570431
"2434",2.2148228207808,-0.236666646570431,2.09596589871999,0.327423767674136
"2435",2.09596589871999,0.327423767674136,2.10224908402717,-0.301941960595019
"2436",2.10224908402717,-0.301941960595019,3.02657545588337,0.18779742751459
"2437",3.02657545588337,0.18779742751459,2.51676478137582,0.356221700332043
"2438",2.51676478137582,0.356221700332043,1.8783233409963,0.0771435529381494
"2439",1.8783233409963,0.0771435529381494,2.28097079943139,-0.291295452157854
"2440",2.28097079943139,-0.291295452157854,1.59069308026763,-0.196000474998963
"2441",1.59069308026763,-0.196000474998963,2.11656078389352,-0.205948851735331
"2442",2.11656078389352,-0.205948851735331,2.22529479629277,-0.314508331209378
"2443",2.22529479629277,-0.314508331209378,1.04423049146821,-0.175231056900231
"2444",1.04423049146821,-0.175231056900231,0.936369143694958,-0.391477351222328
"2445",0.936369143694958,-0.391477351222328,3.16410740094052,0.103672557568463
"2446",3.16410740094052,0.103672557568463,2.91173279110214,0.262497519499947
"2447",2.91173279110214,0.262497519499947,2.41064876285457,-0.451167611640534
"2448",2.41064876285457,-0.451167611640534,0.513475865936732,0.250105681810787
"2449",0.513475865936732,0.250105681810787,2.20888870132402,0.300545697193424
"2450",2.20888870132402,0.300545697193424,1.02136667826708,0.318871654339364
"2451",1.02136667826708,0.318871654339364,2.05861585272731,-0.163362817986669
"2452",2.05861585272731,-0.163362817986669,1.04231062929101,-0.17226399717184
"2453",1.04231062929101,-0.17226399717184,0.170867733770245,0.247836753783195
"2454",0.170867733770245,0.247836753783195,0.885929128312322,0.245742358680802
"2455",0.885929128312322,0.245742358680802,5.76080826205768,-0.207519648062126
"2456",5.76080826205768,-0.207519648062126,0.346098790670476,0.444535360482956
"2457",0.346098790670476,0.444535360482956,0.0198967534727354,-0.120951317163207
"2458",0.0198967534727354,-0.120951317163207,5.55241594936956,-0.0930260491312978
"2459",5.55241594936956,-0.0930260491312978,0.079412480965742,-0.339117473662498
"2460",0.079412480965742,-0.339117473662498,0.00767944870877505,0.361283155162826
"2461",0.00767944870877505,0.361283155162826,5.63549362176449,-0.165631746014262
"2462",5.63549362176449,-0.165631746014262,6.07845818592065,-0.250803813511585
"2463",6.07845818592065,-0.250803813511585,0.182735972683806,-0.229161730786855
"2464",0.182735972683806,-0.229161730786855,5.08972916466586,0.474380490692059
"2465",5.08972916466586,0.474380490692059,5.03073703594846,0.422893277758226
"2466",5.03073703594846,0.422893277758226,0.917519587773419,0.355698101556444
"2467",0.917519587773419,0.355698101556444,4.60016430948145,-0.239808239224021
"2468",4.60016430948145,-0.239808239224021,0.357617963733638,-0.113446401379631
"2469",0.357617963733638,-0.113446401379631,5.40563375927684,-0.101054563690472
"2470",5.40563375927684,-0.101054563690472,6.0646700848299,-0.177499984927823
"2471",6.0646700848299,-0.177499984927823,5.51436777167608,-0.118507856210415
"2472",5.51436777167608,-0.118507856210415,6.0006165012817,-0.338070276111302
"2473",6.0006165012817,-0.338070276111302,4.42022086360084,-0.214850030920502
"2474",4.42022086360084,-0.214850030920502,4.03013977578011,-0.293913446035845
"2475",4.03013977578011,-0.293913446035845,5.39620898131607,-0.211359372416513
"2476",5.39620898131607,-0.211359372416513,4.05719237918602,0.522900643897501
"2477",4.05719237918602,0.522900643897501,3.94636397168438,-0.0525344104850293
"2478",3.94636397168438,-0.0525344104850293,3.53551346576491,-0.306130750799805
"2479",3.53551346576491,-0.306130750799805,5.60355409645299,-0.0558505360638185
"2480",5.60355409645299,-0.0558505360638185,4.57782409505593,0.339641072438097
"2481",4.57782409505593,0.339641072438097,5.10753152303621,0.79709186938581
"2482",5.10753152303621,0.79709186938581,3.31403118368683,-0.239808239224021
"2483",3.31403118368683,-0.239808239224021,6.0641464860543,-0.413643032722656
"2484",6.0641464860543,-0.413643032722656,5.26181862891251,-0.145560459616327
"2485",5.26181862891251,-0.145560459616327,4.75375328365696,0.142593399887937
"2486",4.75375328365696,0.142593399887937,3.49973421609903,-0.198618468876955
"2487",3.49973421609903,-0.198618468876955,5.22534124754582,-0.112922802604033
"2488",5.22534124754582,-0.112922802604033,3.26690729388299,0.215199096770901
"2489",3.26690729388299,0.215199096770901,3.04193435330092,0.295135176512241
"2490",3.04193435330092,0.295135176512241,5.48085745003779,0.121300383013606
"2491",5.48085745003779,0.121300383013606,4.22456945445227,-0.517315590291119
"2492",4.22456945445227,-0.517315590291119,3.88039052595899,-0.348542251623268
"2493",3.88039052595899,-0.348542251623268,3.66449329748729,-0.46774823953448
"2494",3.66449329748729,-0.46774823953448,2.66372150439375,-0.179594380030216
"2495",2.66372150439375,-0.179594380030216,3.48734237840987,0.216246294322097
"2496",3.48734237840987,0.216246294322097,4.87034127769018,0.492182849062401
"2497",4.87034127769018,0.492182849062401,3.93065600841643,-0.487121394231617
"2498",3.93065600841643,-0.487121394231617,2.60333311227474,-0.321140582366957
"2499",2.60333311227474,-0.321140582366957,3.69102230211761,-0.220260551601684
"2500",3.69102230211761,-0.220260551601684,3.12832815127464,-0.554316570433399
"2501",3.12832815127464,-0.554316570433399,3.6007887797895,-0.542273798594638
"2502",3.6007887797895,-0.542273798594638,2.21220482690281,0.302116493520218
"2503",2.21220482690281,0.302116493520218,3.02500465955657,-0.236841179495631
"2504",3.02500465955657,-0.236841179495631,3.07195401643522,0.469668101711674
"2505",3.07195401643522,0.469668101711674,2.41797914571294,-0.146782190092723
"2506",2.41797914571294,-0.146782190092723,2.39843145809061,-0.32306044454415
"2507",2.39843145809061,-0.32306044454415,2.15268909940981,0.0600393262686049
"2508",2.15268909940981,0.0600393262686049,2.4633577062648,-0.189717289691784
"2509",2.4633577062648,-0.189717289691784,2.69705729310684,-0.279427213244292
"2510",2.69705729310684,-0.279427213244292,2.0013690532619,-0.291295452157854
"2511",2.0013690532619,-0.291295452157854,2.12895262158268,-0.32323497746935
"2512",2.12895262158268,-0.32323497746935,2.14099539342144,-0.317649923862968
"2513",2.14099539342144,-0.317649923862968,2.15652882376419,0.164933614313464
"2514",2.15652882376419,0.164933614313464,0.647517152489896,0.188495559215388
"2515",0.647517152489896,0.188495559215388,2.25042753752149,-0.316602726311771
"2516",2.25042753752149,-0.316602726311771,2.08793738416082,-0.422544211907827
"2517",2.08793738416082,-0.422544211907827,0.475602221168455,0.256039801267568
"2518",0.475602221168455,0.256039801267568,2.67000468970092,-0.378212848907171
"2519",2.67000468970092,-0.378212848907171,2.38656321917705,-0.0439822971502571
"2520",2.38656321917705,-0.0439822971502571,2.69513743092964,-0.367740873395205
"2521",2.69513743092964,-0.367740873395205,0.938463538797351,-0.287630260728665
"2522",0.938463538797351,-0.287630260728665,0.129677963423179,0.278903614468694
"2523",0.129677963423179,0.278903614468694,0.0565486677646163,-0.152541776624304
"2524",0.0565486677646163,-0.152541776624304,0.462337718853298,0.348891317473666
"2525",0.462337718853298,0.348891317473666,6.14251176946884,-0.385543231765547
"2526",6.14251176946884,-0.385543231765547,0.693419311817347,0.304385421547811
"2527",0.693419311817347,0.304385421547811,6.11179397463374,0.243822496503608
"2528",6.11179397463374,0.243822496503608,5.86291002329935,-0.192858882345373
"2529",5.86291002329935,-0.192858882345373,0.713839664065681,0.207345115136926
"2530",0.713839664065681,0.207345115136926,0.328296432300133,0.322187779918153
"2531",0.328296432300133,0.322187779918153,6.13116712933088,0.385717764690747
"2532",6.13116712933088,0.385717764690747,0.773878990334286,0.253072741539178
"2533",0.773878990334286,0.253072741539178,0.402298392584693,-0.574562389756533
"2534",0.402298392584693,-0.574562389756533,0.890117918517108,0.379783645233966
"2535",0.890117918517108,0.379783645233966,0.203330857857339,0.168249739892253
"2536",0.203330857857339,0.168249739892253,0.212930168743308,-0.165631746014262
"2537",0.212930168743308,-0.165631746014262,5.99607864522652,-0.253596340314776
"2538",5.99607864522652,-0.253596340314776,0.726755100530439,-0.435808714222984
"2539",0.726755100530439,-0.435808714222984,4.99024539730219,-0.129503430497979
"2540",4.99024539730219,-0.129503430497979,5.92940706780034,0.289899188756258
"2541",5.92940706780034,0.289899188756258,4.82182112448473,-0.381179908635562
"2542",4.82182112448473,-0.381179908635562,5.94424236644229,-0.226892802759263
"2543",5.94424236644229,-0.226892802759263,4.63699075669853,-0.154461638801498
"2544",4.63699075669853,-0.154461638801498,4.24987672860619,-0.216944426022895
"2545",4.24987672860619,-0.216944426022895,4.02123859659494,-0.0324631240870945
"2546",4.02123859659494,-0.0324631240870945,4.52598781627169,0.371406064824393
"2547",4.52598781627169,0.371406064824393,4.62896224213936,0.214500965070103
"2548",4.62896224213936,0.214500965070103,5.5412458421568,-0.371755130674792
"2549",5.5412458421568,-0.371755130674792,5.48469717439218,0.140149938935145
"2550",5.48469717439218,0.140149938935145,4.08668844354472,-0.194778744522567
"2551",4.08668844354472,-0.194778744522567,3.39379273050297,-0.400378530407499
"2552",3.39379273050297,-0.400378530407499,3.37703756968383,-0.226369203983665
"2553",3.37703756968383,-0.226369203983665,4.68289291602599,0.251676478137582
"2554",4.68289291602599,0.251676478137582,2.77402631311979,-0.346796922371273
"2555",2.77402631311979,-0.346796922371273,4.10274547266307,-0.0726056968829641
"2556",4.10274547266307,-0.0726056968829641,3.74041511994905,-0.283965069299477
"2557",3.74041511994905,-0.283965069299477,3.93693919372361,-0.330041761552128
"2558",3.93693919372361,-0.330041761552128,2.52584049348619,-0.222704012554476
"2559",2.52584049348619,-0.222704012554476,3.11192205630589,0.2153736296961
"2560",3.11192205630589,0.2153736296961,2.84628294415235,-0.163537350911869
"2561",2.84628294415235,-0.163537350911869,4.22299865812548,-0.26476644752754
"2562",4.22299865812548,-0.26476644752754,3.89278236364815,-0.35098571257606
"2563",3.89278236364815,-0.35098571257606,4.00535610040179,-0.194604211597368
"2564",4.00535610040179,-0.194604211597368,3.93379760107002,-0.327947366449734
"2565",3.93379760107002,-0.327947366449734,4.25354192003538,0.117460658659218
"2566",4.25354192003538,0.117460658659218,2.65115513377939,-0.0774926187885482
"2567",2.65115513377939,-0.0774926187885482,2.92045943736211,-0.228463599086058
"2568",2.92045943736211,-0.228463599086058,2.98748008063869,0.270176968208722
"2569",2.98748008063869,0.270176968208722,3.95596328257035,-0.462337718853298
"2570",3.95596328257035,-0.462337718853298,3.06828882500603,-0.106988683147252
"2571",3.06828882500603,-0.106988683147252,2.45375839537883,0.163537350911869
"2572",2.45375839537883,0.163537350911869,0.950680843561311,0.30159289474462
"2573",0.950680843561311,0.30159289474462,2.57156811988845,-0.423591409459024
"2574",2.57156811988845,-0.423591409459024,0.963072681250471,-0.142069801112338
"2575",0.963072681250471,-0.142069801112338,1.62367980313032,0.376642052580376
"2576",1.62367980313032,0.376642052580376,1.79734006370376,-0.256388867117967
"2577",1.79734006370376,-0.256388867117967,0.542099265669439,0.166504410640259
"2578",0.542099265669439,0.166504410640259,1.84359128888161,0.354301838154849
"2579",1.84359128888161,0.354301838154849,2.20784150377283,0.0544542726622231
"2580",2.20784150377283,0.0544542726622231,0.713490598215282,-0.277507351067098
"2581",0.713490598215282,-0.277507351067098,1.37200332499274,-0.773180858633488
"2582",1.37200332499274,-0.773180858633488,1.4460052852773,0.122871179340401
"2583",1.4460052852773,0.122871179340401,0.711570736038088,0.400553063332699
"2584",0.711570736038088,0.400553063332699,0.489739388109609,-0.202109127380943
"2585",0.489739388109609,-0.202109127380943,0.0787143492649442,-0.169471470368649
"2586",0.0787143492649442,-0.169471470368649,0.796917336460611,0.227590934460061
"2587",0.796917336460611,0.227590934460061,6.0957369455154,-0.407883446191075
"2588",6.0957369455154,-0.407883446191075,6.22174971750939,-0.221831347928479
"2589",6.22174971750939,-0.221831347928479,0.170169602069447,-0.232477856365645
"2590",0.170169602069447,-0.232477856365645,0.218166156499291,0.323584043319749
"2591",0.218166156499291,0.323584043319749,6.05664157027072,-0.198443935951755
"2592",6.05664157027072,-0.198443935951755,5.96675711379301,-0.287281194878267
"2593",5.96675711379301,-0.287281194878267,5.73829351470696,0.0949459113084915
"2594",5.73829351470696,0.0949459113084915,5.75853933403009,-0.121125850088406
"2595",5.75853933403009,-0.121125850088406,0.462512251778497,-0.313112067807783
"2596",0.462512251778497,-0.313112067807783,6.20499455669024,-0.334056018831715
"2597",6.20499455669024,-0.334056018831715,5.89188248888246,0.137008346281555
"2598",5.89188248888246,0.137008346281555,5.6323520291109,0.222704012554476
"2599",5.6323520291109,0.222704012554476,0.342259066316088,-0.313112067807783
"2600",0.342259066316088,-0.313112067807783,0.453087473817728,-0.871442895520769
"2601",0.453087473817728,-0.871442895520769,5.71734956368302,0.471413430963668
"2602",5.71734956368302,0.471413430963668,6.04826398986115,-0.306654349575404
"2603",6.04826398986115,-0.306654349575404,6.09172268823581,0.404218254761887
"2604",6.09172268823581,0.404218254761887,5.32691941001189,-0.354301838154849
"2605",5.32691941001189,-0.354301838154849,5.31156051259434,0.100530964914873
"2606",5.31156051259434,0.100530964914873,4.9853584753966,0.51714105736592
"2607",4.9853584753966,0.51714105736592,5.04522326874001,-0.269827902358323
"2608",5.04522326874001,-0.269827902358323,4.70628032800271,0.265290046303138
"2609",4.70628032800271,0.265290046303138,4.71710136936507,-0.461290521302101
"2610",4.71710136936507,-0.461290521302101,4.70209153779792,-0.386066830541146
"2611",4.70209153779792,-0.386066830541146,5.64788545945365,0.0940732466824944
"2612",5.64788545945365,0.0940732466824944,5.61315340733896,-0.469493568786475
"2613",5.61315340733896,-0.469493568786475,0.0485201532054424,-0.333532420056116
"2614",0.0485201532054424,-0.333532420056116,4.65339685166728,-0.235095850243636
"2615",4.65339685166728,-0.235095850243636,5.49656541330574,0.163362817986669
"2616",5.49656541330574,0.163362817986669,4.22491852030267,0.17837264955382
"2617",4.22491852030267,0.17837264955382,5.29602708225159,-0.0600393262686049
"2618",5.29602708225159,-0.0600393262686049,5.70460866014347,-0.392000949997926
"2619",5.70460866014347,-0.392000949997926,4.04898933170164,-0.467224640758882
"2620",4.04898933170164,-0.467224640758882,4.8932050908913,-0.280299877870289
"2621",4.8932050908913,-0.280299877870289,5.12131962412696,-0.126885436619988
"2622",5.12131962412696,-0.126885436619988,4.57922035845752,0.154636171726698
"2623",4.57922035845752,0.154636171726698,3.82209652894238,0.24312436480281
"2624",3.82209652894238,0.24312436480281,4.62843864336376,-0.53878314009065
"2625",4.62843864336376,-0.53878314009065,3.28994564000931,-0.174358392274234
"2626",3.28994564000931,-0.174358392274234,4.23347063363745,-0.330739893252925
"2627",4.23347063363745,-0.330739893252925,3.23688763074868,-0.358665161284835
"2628",3.23688763074868,-0.358665161284835,3.5095080599102,-0.52621676947629
"2629",3.5095080599102,-0.52621676947629,4.98361314614461,-0.379609112308767
"2630",4.98361314614461,-0.379609112308767,3.90587233303811,-0.23404865269244
"2631",3.90587233303811,-0.23404865269244,3.00720230118623,-0.372104196525191
"2632",3.00720230118623,-0.372104196525191,3.56815112277721,-0.206646983436129
"2633",3.56815112277721,-0.206646983436129,3.53778239379251,-0.390604686596331
"2634",3.53778239379251,-0.390604686596331,3.17981536420847,-0.289026524130261
"2635",3.17981536420847,-0.289026524130261,3.82349279234398,-0.108035880698449
"2636",3.82349279234398,-0.108035880698449,3.84565847384431,-0.455007335994922
"2637",3.84565847384431,-0.455007335994922,3.56448593134802,-0.236143047794833
"2638",3.56448593134802,-0.236143047794833,2.94576671151603,0.3385938748869
"2639",2.94576671151603,0.3385938748869,2.78606908495855,-0.354476371080048
"2640",2.78606908495855,-0.354476371080048,3.7245326237559,0.297578637465033
"2641",3.7245326237559,0.297578637465033,2.91644518008252,-0.26476644752754
"2642",2.91644518008252,-0.26476644752754,2.98974900866629,-0.126710903694788
"2643",2.98974900866629,-0.126710903694788,2.84296681857356,-0.357792496658838
"2644",2.84296681857356,-0.357792496658838,2.35514729264115,0.239459173373622
"2645",2.35514729264115,0.239459173373622,3.05572245439167,-0.359188760060433
"2646",3.05572245439167,-0.359188760060433,2.46894275987118,-0.508938009881546
"2647",2.46894275987118,-0.508938009881546,1.8472564803108,0.0804596785169386
"2648",1.8472564803108,0.0804596785169386,1.07948614235849,-0.372976861151188
"2649",1.07948614235849,-0.372976861151188,0.725707902979242,0.155334303427495
"2650",0.725707902979242,0.155334303427495,2.08252686347963,0.143640597439133
"2651",2.08252686347963,0.143640597439133,1.11770885297717,-0.725009771278444
"2652",1.11770885297717,-0.725009771278444,2.11638625096832,-0.214675497995303
"2653",2.11638625096832,-0.214675497995303,1.88129040072469,0.348891317473666
"2654",1.88129040072469,0.348891317473666,0.480314610148839,-0.370009801422798
"2655",0.480314610148839,-0.370009801422798,0.265813645078736,-0.0839503370209272
"2656",0.265813645078736,-0.0839503370209272,1.48597332514797,-0.478045682121247
"2657",1.48597332514797,-0.478045682121247,1.05592419745657,0.442964564156161
"2658",1.05592419745657,0.442964564156161,1.22260314102203,0.152367243699105
"2659",1.22260314102203,0.152367243699105,0.571071731252545,-0.242426233102012
"2660",0.571071731252545,-0.242426233102012,1.11177473352039,-0.253072741539178
"2661",1.11177473352039,-0.253072741539178,0.861319985859202,-0.288851991205062
"2662",0.861319985859202,-0.288851991205062,1.00129539186915,0.245218759905203
"2663",1.00129539186915,0.245218759905203,0.957836693494488,-0.237713844121628
"2664",0.957836693494488,-0.237713844121628,0.741241333321992,-0.324456707945746
"2665",0.741241333321992,-0.324456707945746,5.99799850740371,-0.196698606699761
"2666",5.99799850740371,-0.196698606699761,0.833743783677691,-0.300545697193424
"2667",0.833743783677691,-0.300545697193424,0.217817090648892,-0.210661240715716
"2668",0.217817090648892,-0.210661240715716,5.03283143105085,0.29862583501623
"2669",5.03283143105085,0.29862583501623,0.143116998663535,0.333881485906515
"2670",0.143116998663535,0.333881485906515,5.79972910437716,-0.493753645389196
"2671",5.79972910437716,-0.493753645389196,4.76701778597211,0.510334273283142
"2672",4.76701778597211,0.510334273283142,4.59894257900506,0.149574716895914
"2673",4.59894257900506,0.149574716895914,5.89851474004004,-0.0631809189221947
"2674",5.89851474004004,-0.0631809189221947,4.5558329464808,-0.469668101711674
"2675",4.5558329464808,-0.469668101711674,4.39002666754134,0.052010811709431
"2676",4.39002666754134,0.052010811709431,5.86866960983093,0.101229096615671
"2677",5.86866960983093,0.101229096615671,4.07988165946194,-0.31381019950858
"2678",4.07988165946194,-0.31381019950858,6.10690705272816,0.374896723328382
"2679",6.10690705272816,0.374896723328382,4.04986199632764,0.213453767518907
"2680",4.04986199632764,0.213453767518907,5.99538051352572,-0.315555528760575
"2681",5.99538051352572,-0.315555528760575,5.93586478603271,0.119729586686811
"2682",5.93586478603271,0.119729586686811,3.42381239363728,-0.189193690916185
"2683",3.42381239363728,-0.189193690916185,5.53653345317641,-0.274191225488309
"2684",5.53653345317641,-0.274191225488309,4.19367712669197,0.192509816494975
"2685",4.19367712669197,0.192509816494975,4.01390821373656,-0.131772358525572
"2686",4.01390821373656,-0.131772358525572,3.85333792255308,-0.0907571211037051
"2687",3.85333792255308,-0.0907571211037051,3.61230795285266,-0.340513737064094
"2688",3.61230795285266,-0.340513737064094,2.60054058547155,-0.208392312688123
"2689",2.60054058547155,-0.208392312688123,3.19587239332682,-0.463908515180093
"2690",3.19587239332682,-0.463908515180093,2.74557744631228,-0.363028484414821
"2691",2.74557744631228,-0.363028484414821,3.55907541066684,0.22776546738526
"2692",3.55907541066684,0.22776546738526,2.94646484321683,-0.498116968519182
"2693",2.94646484321683,-0.498116968519182,2.95780948335479,0.273667626712711
"2694",2.95780948335479,0.273667626712711,3.55837727896604,-0.499164166070378
"2695",3.55837727896604,-0.499164166070378,3.18557495074005,-0.3078760800518
"2696",3.18557495074005,-0.3078760800518,3.45645005064957,-0.205948851735331
"2697",3.45645005064957,-0.205948851735331,3.45522832017317,-0.415039296124252
"2698",3.45522832017317,-0.415039296124252,2.42897472000051,0.30473448739821
"2699",2.42897472000051,0.30473448739821,1.83573730724764,-0.498815100219979
"2700",1.83573730724764,-0.498815100219979,2.87403367925906,-0.173660260573436
"2701",2.87403367925906,-0.173660260573436,3.05205726296248,-0.336848545634906
"2702",3.05205726296248,-0.336848545634906,2.94297418471284,-0.408756110817072
"2703",2.94297418471284,-0.408756110817072,2.61397962071191,0.410675972994266
"2704",2.61397962071191,0.410675972994266,2.76809219366301,-0.346796922371273
"2705",2.76809219366301,-0.346796922371273,2.70072248453603,-0.471587963888868
"2706",2.70072248453603,-0.471587963888868,2.38115269849586,-0.241379035550816
"2707",2.38115269849586,-0.241379035550816,3.55383942291085,-0.165631746014262
"2708",3.55383942291085,-0.165631746014262,1.49696889943554,-0.449073216538141
"2709",1.49696889943554,-0.449073216538141,1.53239908325102,0.0860447321233204
"2710",1.53239908325102,0.0860447321233204,2.20347818064284,-0.450644012864936
"2711",2.20347818064284,-0.450644012864936,1.80938283554252,0.116762526958421
"2712",1.80938283554252,0.116762526958421,0.956091364242494,0.355174502780846
"2713",0.956091364242494,0.355174502780846,1.75178697022671,0.305258086173808
"2714",1.75178697022671,0.305258086173808,0.365471945367613,-0.241204502625616
"2715",0.365471945367613,-0.241204502625616,0.536339679137857,-0.188495559215388
"2716",0.536339679137857,-0.188495559215388,0.951728041112508,-0.254643537865973
"2717",0.951728041112508,-0.254643537865973,1.11770885297717,-0.44017203735297
"2718",1.11770885297717,-0.44017203735297,1.60901903741357,0.351683844276857
"2719",1.60901903741357,0.351683844276857,6.22733477111577,-0.158301363155886
"2720",6.22733477111577,-0.158301363155886,0.671428163242219,-0.411199571769864
"2721",0.671428163242219,-0.411199571769864,0.567930138598955,-0.344004395568082
"2722",0.567930138598955,-0.344004395568082,6.05437264224313,0.109606677025244
"2723",6.05437264224313,0.109606677025244,0.751713308833958,0.133343154852367
"2724",0.751713308833958,0.133343154852367,5.95419074317865,-0.134041286553164
"2725",5.95419074317865,-0.134041286553164,0.911934534167037,0.224449341806471
"2726",0.911934534167037,0.224449341806471,0.44313909708136,0.22148228207808
"2727",0.44313909708136,0.22148228207808,6.20848521519423,0.444709893408155
"2728",6.20848521519423,0.444709893408155,5.53094839957003,-0.170169602069447
"2729",5.53094839957003,-0.170169602069447,5.19217999175793,-0.182910505609006
"2730",5.19217999175793,-0.182910505609006,4.98396221199501,0.336324946859307
"2731",4.98396221199501,0.336324946859307,4.84503400353626,0.161093889959077
"2732",4.84503400353626,0.161093889959077,5.24174734251457,-0.183608637309803
"2733",5.24174734251457,-0.183608637309803,4.71692683643987,0.125663706143592
"2734",4.71692683643987,0.125663706143592,5.88542477065008,0.199665666428151
"2735",5.88542477065008,0.199665666428151,6.23780674662773,-0.312413936106985
"2736",6.23780674662773,-0.312413936106985,5.8487728563582,-0.57560958730773
"2737",5.8487728563582,-0.57560958730773,4.48026018986944,0.588699556697687
"2738",4.48026018986944,0.588699556697687,4.95027735743152,-0.176103721526228
"2739",4.95027735743152,-0.176103721526228,4.50294947014537,0.270176968208722
"2740",4.50294947014537,0.270176968208722,4.20571989853074,0.1539380400259
"2741",4.20571989853074,0.1539380400259,4.71762496814067,0.200363798128949
"2742",4.71762496814067,0.200363798128949,5.40004870567045,-0.345226126044478
"2743",5.40004870567045,-0.345226126044478,4.72338455467225,0.488517657633213
"2744",4.72338455467225,0.488517657633213,4.52668594797249,-0.279776279094691
"2745",4.52668594797249,-0.279776279094691,4.0626028998672,0.177674517853023
"2746",4.0626028998672,0.177674517853023,4.20938508995992,-0.23090706003885
"2747",4.20938508995992,-0.23090706003885,4.10326907143867,-0.215722695546499
"2748",4.10326907143867,-0.215722695546499,4.50678919449976,-0.0485201532054424
"2749",4.50678919449976,-0.0485201532054424,5.02253398846408,-0.556585498460992
"2750",5.02253398846408,-0.556585498460992,4.59335752539868,-0.633205452623543
"2751",4.59335752539868,-0.633205452623543,4.63786342132453,-0.136833813356355
"2752",4.63786342132453,-0.136833813356355,3.60497756999429,-0.391302818297129
"2753",3.60497756999429,-0.391302818297129,3.48245545650429,-0.285535865626272
"2754",3.48245545650429,-0.285535865626272,3.66012997435731,0.22479840765687
"2755",3.66012997435731,0.22479840765687,4.36890818359221,-0.125838239068791
"2756",4.36890818359221,-0.125838239068791,4.56229066471318,0.208392312688123
"2757",4.56229066471318,0.208392312688123,3.44039302153122,0.244520628204406
"2758",3.44039302153122,0.244520628204406,4.7706829774013,-0.420973415581032
"2759",4.7706829774013,-0.420973415581032,2.88904351082621,-0.372104196525191
"2760",2.88904351082621,-0.372104196525191,3.69817815205078,-0.240331837999619
"2761",3.69817815205078,-0.240331837999619,3.84496034214351,-0.283965069299477
"2762",3.84496034214351,-0.283965069299477,3.25486452204423,-0.111875605052837
"2763",3.25486452204423,-0.111875605052837,3.10057741616793,-0.351858377202057
"2764",3.10057741616793,-0.351858377202057,3.06043484337206,-0.463384916404494
"2765",3.06043484337206,-0.463384916404494,2.46039064653641,-0.28012534494509
"2766",2.46039064653641,-0.28012534494509,2.65464579228338,-0.110479341651241
"2767",2.65464579228338,-0.110479341651241,2.05076187109334,-0.507018147704353
"2768",2.05076187109334,-0.507018147704353,2.5225243679074,0.35691983203284
"2769",2.5225243679074,0.35691983203284,2.36352487305072,-0.180641577581413
"2770",2.36352487305072,-0.180641577581413,2.3691099266571,0.170518667919846
"2771",2.3691099266571,0.170518667919846,2.93965805913405,-0.267209908480332
"2772",2.93965805913405,-0.267209908480332,2.47540047810356,-0.275063890114306
"2773",2.47540047810356,-0.275063890114306,1.56276781223572,0.144338729139931
"2774",1.56276781223572,0.144338729139931,2.74575197923748,-0.239284640448423
"2775",2.74575197923748,-0.239284640448423,1.45176487180888,-0.276634686441101
"2776",1.45176487180888,-0.276634686441101,3.05327899343888,-0.463035850554096
"2777",3.05327899343888,-0.463035850554096,0.981224105471212,-0.279601746169492
"2778",0.981224105471212,-0.279601746169492,1.50656821032151,0.289899188756258
"2779",1.50656821032151,0.289899188756258,1.14912477951307,-0.490612052735606
"2780",1.14912477951307,-0.490612052735606,1.67254902218617,-0.247313155007596
"2781",1.67254902218617,-0.247313155007596,1.27618474905825,0.0638790506229925
"2782",1.27618474905825,0.0638790506229925,0.839328837284073,0.208217779762924
"2783",0.839328837284073,0.208217779762924,0.337895743186102,-0.261973920724349
"2784",0.337895743186102,-0.261973920724349,0.335277749308111,-0.442091899530164
"2785",0.335277749308111,-0.442091899530164,0.662526984057048,0.407708913265875
"2786",0.662526984057048,0.407708913265875,1.13097335529233,0.250454747661186
"2787",1.13097335529233,0.250454747661186,1.78302836383741,-0.494451777089994
"2788",1.78302836383741,-0.494451777089994,0.660956187730253,-0.204203522483337
"2789",0.660956187730253,-0.204203522483337,6.21005601152102,-0.149749249821113
"2790",6.21005601152102,-0.149749249821113,0.742113997947989,0.126361837844389
"2791",0.742113997947989,0.126361837844389,6.04390066673116,-0.108734012399247
"2792",6.04390066673116,-0.108734012399247,6.19923497015866,0.0987856356628791
"2793",6.19923497015866,0.0987856356628791,1.21300383013606,0.0185004900711399
"2794",1.21300383013606,0.0185004900711399,5.77215290219565,0.0478220215046446
"2795",5.77215290219565,0.0478220215046446,0.00872664625997165,0.237888377046827
"2796",0.00872664625997165,0.237888377046827,0.838979771433674,-0.490786585660806
"2797",0.838979771433674,-0.490786585660806,0.488866723483612,0.0404916386462684
"2798",0.488866723483612,0.0404916386462684,0.0736528944341607,-0.312239403181786
"2799",0.0736528944341607,-0.312239403181786,0.150447381521911,0.162839219211071
"2800",0.150447381521911,0.162839219211071,0.078190750489346,-0.0855211333477222
"2801",0.078190750489346,-0.0855211333477222,5.93045426535153,-0.149574716895914
"2802",5.93045426535153,-0.149574716895914,6.25560910499808,0.302465559370617
"2803",6.25560910499808,0.302465559370617,5.95244541392666,-0.271398698685118
"2804",5.95244541392666,-0.271398698685118,5.06930881241753,0.19390607989657
"2805",5.06930881241753,0.19390607989657,5.98962092699414,-0.465828377357287
"2806",5.98962092699414,-0.465828377357287,0.100007366139275,-0.427605666738611
"2807",0.100007366139275,-0.427605666738611,5.85715043676777,0.184830367786199
"2808",5.85715043676777,0.184830367786199,6.21895719070619,-0.174009326423835
"2809",6.21895719070619,-0.174009326423835,5.86448081962615,-0.326551103048139
"2810",5.86448081962615,-0.326551103048139,4.82269378911073,-0.24329889772801
"2811",4.82269378911073,-0.24329889772801,5.41278960921001,-0.515570261039125
"2812",5.41278960921001,-0.515570261039125,4.53331819913007,0.258308729295161
"2813",4.53331819913007,0.258308729295161,4.34918596304467,0.524471440224296
"2814",4.34918596304467,0.524471440224296,4.44011761707357,-0.216944426022895
"2815",4.44011761707357,-0.216944426022895,4.48636884225142,0.267209908480332
"2816",4.48636884225142,0.267209908480332,5.71665143198223,-0.549429648527815
"2817",5.71665143198223,-0.549429648527815,4.23800848969263,0.354127305229649
"2818",4.23800848969263,0.354127305229649,4.34709156794228,-0.267558974330731
"2819",4.34709156794228,-0.267558974330731,3.97882709577147,0.624129740513172
"2820",3.97882709577147,0.624129740513172,6.0632738214283,0.095120444233691
"2821",6.0632738214283,0.095120444233691,4.81815593305555,0.197396738400559
"2822",4.81815593305555,0.197396738400559,4.74816823005057,-0.394793476801117
"2823",4.74816823005057,-0.394793476801117,3.80254884132005,-0.304385421547811
"2824",3.80254884132005,-0.304385421547811,3.71650410919673,0.220260551601684
"2825",3.71650410919673,0.220260551601684,4.3411574484855,0.43388885204579
"2826",4.3411574484855,0.43388885204579,3.69643282279879,-0.249756615960389
"2827",3.69643282279879,-0.249756615960389,3.51247511963859,-0.0488692190558412
"2828",3.51247511963859,-0.0488692190558412,5.55660473957435,0.289550122905859
"2829",5.55660473957435,0.289550122905859,4.72321002174705,-0.196175007924163
"2830",4.72321002174705,-0.196175007924163,3.10092648201833,-0.232477856365645
"2831",3.10092648201833,-0.232477856365645,2.9551914894768,-0.429350995990605
"2832",2.9551914894768,-0.429350995990605,3.88754637589217,-0.468969970010876
"2833",3.88754637589217,-0.468969970010876,2.94978096879562,0.294786110661842
"2834",2.94978096879562,0.294786110661842,4.72495535099905,-0.366519142918809
"2835",4.72495535099905,-0.366519142918809,3.88737184296697,0.501433094097971
"2836",3.88737184296697,0.501433094097971,3.74128778457504,-0.396713338978311
"2837",3.74128778457504,-0.396713338978311,2.46719743061918,-0.183608637309803
"2838",2.46719743061918,-0.183608637309803,2.73301107569792,0.301069295969022
"2839",2.73301107569792,0.301069295969022,3.14386158161739,0.233525053916841
"2840",3.14386158161739,0.233525053916841,3.20791516516558,-0.421147948506232
"2841",3.20791516516558,-0.421147948506232,1.86418617405514,-0.0619591884457987
"2842",1.86418617405514,-0.0619591884457987,1.54217292706219,-0.463733982254893
"2843",1.54217292706219,-0.463733982254893,2.53980312750215,0.566708408122559
"2844",2.53980312750215,0.566708408122559,1.18472949625375,-0.376642052580376
"2845",1.18472949625375,-0.376642052580376,2.52549142763579,-0.450818545790135
"2846",2.52549142763579,-0.450818545790135,1.84236955840521,0.072954762733363
"2847",1.84236955840521,0.072954762733363,1.86593150330714,0.120602251312808
"2848",1.86593150330714,0.120602251312808,0.921533845053006,0.383623369588354
"2849",0.921533845053006,0.383623369588354,3.04106168867492,0.362330352714023
"2850",3.04106168867492,0.362330352714023,1.8453366181336,0.0743510261349584
"2851",1.8453366181336,0.0743510261349584,2.20365271356804,-0.524122374373897
"2852",2.20365271356804,-0.524122374373897,0.797440935236209,-0.218340689424491
"2853",0.797440935236209,-0.218340689424491,0.166678943565458,-0.0966912405604859
"2854",0.166678943565458,-0.0966912405604859,6.22332051383618,0.146956723017923
"2855",6.22332051383618,0.146956723017923,0.32620203719774,-0.181863308057809
"2856",0.32620203719774,-0.181863308057809,6.27515679262041,-0.289026524130261
"2857",6.27515679262041,-0.289026524130261,0.328820031075732,-0.452912940892528
"2858",0.328820031075732,-0.452912940892528,0.0237364778271229,0.084648468721725
"2859",0.0237364778271229,0.084648468721725,6.04215533747917,-0.452214809191731
"2860",6.04215533747917,-0.452214809191731,5.89013715963046,0.0328121899374934
"2861",5.89013715963046,0.0328121899374934,5.93307225922952,0.177150919077424
"2862",5.93307225922952,0.177150919077424,0.243647963578408,-0.185877565337396
"2863",0.243647963578408,-0.185877565337396,1.09152891419725,-0.0270526034059121
"2864",1.09152891419725,-0.0270526034059121,0.925897168182992,0.157777764380287
"2865",0.925897168182992,0.157777764380287,5.81107374451512,-0.120951317163207
"2866",5.81107374451512,-0.120951317163207,1.13289321746952,0.163711883837068
"2867",1.13289321746952,0.163711883837068,5.78035594968002,0.109606677025244
"2868",5.78035594968002,0.109606677025244,5.45659737343507,-0.3385938748869
"2869",5.45659737343507,-0.3385938748869,5.33512245749627,0.213453767518907
"2870",5.33512245749627,0.213453767518907,5.47178173792742,-0.205425252959733
"2871",5.47178173792742,-0.205425252959733,6.22506584308818,-0.368089939245604
"2872",6.22506584308818,-0.368089939245604,0.0300196631343025,-0.136310214580757
"2873",0.0300196631343025,-0.136310214580757,4.8644071582334,-0.320267917740959
"2874",4.8644071582334,-0.320267917740959,4.79930637713401,0.216071761396898
"2875",4.79930637713401,0.216071761396898,6.0622266238771,-0.131597825600372
"2876",6.0622266238771,-0.131597825600372,5.72310915021461,-0.609643507721619
"2877",5.72310915021461,-0.609643507721619,5.72293461728941,0.148178453494319
"2878",5.72293461728941,0.148178453494319,0.460068790825705,-0.327074701823737
"2879",0.460068790825705,-0.327074701823737,4.93160233443518,0.000523598775598299
"2880",4.93160233443518,0.000523598775598299,4.27483493690971,0.37227872945039
"2881",4.27483493690971,0.37227872945039,4.72984227290463,0.266511776779534
"2882",4.72984227290463,0.266511776779534,4.25842884194097,-0.306305283725005
"2883",4.25842884194097,-0.306305283725005,6.05960862999911,0.229161730786855
"2884",6.05960862999911,0.229161730786855,4.90629506028126,0.216595360172496
"2885",4.90629506028126,0.216595360172496,3.93763732542441,-0.137531945057153
"2886",3.93763732542441,-0.137531945057153,5.05272818452358,-0.174358392274234
"2887",5.05272818452358,-0.174358392274234,5.36461852185497,0.39392081217512
"2888",5.36461852185497,0.39392081217512,4.41393767829366,0.301418361819421
"2889",4.41393767829366,0.301418361819421,4.0315360391817,-0.197571271325758
"2890",4.0315360391817,-0.197571271325758,4.44919332918394,0.235444916094035
"2891",4.44919332918394,0.235444916094035,4.29001930140206,0.0926769832808989
"2892",4.29001930140206,0.0926769832808989,3.20966049441757,-0.553094839957003
"2893",3.20966049441757,-0.553094839957003,3.7845719500245,0.470366233412472
"2894",3.7845719500245,0.470366233412472,4.18355421703041,-0.127583568320785
"2895",4.18355421703041,-0.127583568320785,2.87351008048346,0.189717289691784
"2896",2.87351008048346,0.189717289691784,2.87508087681026,-0.427605666738611
"2897",2.87508087681026,-0.427605666738611,3.08102972854559,-0.444011761707357
"2898",3.08102972854559,-0.444011761707357,3.64738907081775,-0.079412480965742
"2899",3.64738907081775,-0.079412480965742,2.73039308181993,0.285535865626272
"2900",2.73039308181993,0.285535865626272,3.83047410935195,-0.26773350725593
"2901",3.83047410935195,-0.26773350725593,3.99052080175983,-0.152018177848706
"2902",3.99052080175983,-0.152018177848706,2.68501452126808,0.194080612821769
"2903",2.68501452126808,0.194080612821769,2.36527020230272,-0.248534885483993
"2904",2.36527020230272,-0.248534885483993,2.14937297383102,0.159872159482681
"2905",2.14937297383102,0.159872159482681,4.17901636097522,-0.10454522219446
"2906",4.17901636097522,-0.10454522219446,2.0308651176206,-0.423940475309423
"2907",2.0308651176206,-0.423940475309423,3.75053802961061,-0.284663201000275
"2908",3.75053802961061,-0.284663201000275,2.06524810388489,-0.0694641042293743
"2909",2.06524810388489,-0.0694641042293743,3.68142299123164,-0.11379546723003
"2910",3.68142299123164,-0.11379546723003,2.72620429161514,0.279601746169492
"2911",2.72620429161514,0.279601746169492,3.07369934568721,-0.578227581185721
"2912",3.07369934568721,-0.578227581185721,1.57428698529889,0.068940505453776
"2913",1.57428698529889,0.068940505453776,2.54800617498652,-0.483456202802429
"2914",2.54800617498652,-0.483456202802429,2.11970237654711,-0.434761516671787
"2915",2.11970237654711,-0.434761516671787,3.22868458326431,-0.11379546723003
"2916",3.22868458326431,-0.11379546723003,1.09885929705563,-0.395317075576716
"2917",1.09885929705563,-0.395317075576716,2.63178197908225,0.0329867228626928
"2918",2.63178197908225,0.0329867228626928,2.45847078435921,-0.375769387954379
"2919",2.45847078435921,-0.375769387954379,0.840550567760469,0.410326907143867
"2920",0.840550567760469,0.410326907143867,0.82170101183893,-0.14468779499033
"2921",0.82170101183893,-0.14468779499033,2.53578887022256,-0.48328166987723
"2922",2.53578887022256,-0.48328166987723,0.645597290312703,0.155683369277894
"2923",0.645597290312703,0.155683369277894,0.577180383634525,-0.325154839646544
"2924",0.577180383634525,-0.325154839646544,0.525693170700692,-0.180117978805815
"2925",0.525693170700692,-0.180117978805815,0.605803783367232,-0.394444410950718
"2926",0.605803783367232,-0.394444410950718,0.225845605208066,-0.161966554585074
"2927",0.225845605208066,-0.161966554585074,6.24408993193491,0.183259571459405
"2928",6.24408993193491,0.183259571459405,0.0736528944341607,-0.0680678408277788
"2929",0.0736528944341607,-0.0680678408277788,0.0445058959258554,-0.311890337331387
"2930",0.0445058959258554,-0.311890337331387,0.0218166156499291,-0.462861317628896
"2931",0.0218166156499291,-0.462861317628896,0.277332818141899,-0.217118958948095
"2932",0.277332818141899,-0.217118958948095,1.14580865393428,0.138928208458749
"2933",1.14580865393428,0.138928208458749,0.413468499797457,-0.120427718387609
"2934",0.413468499797457,-0.120427718387609,6.18265434226471,0.0256563400043166
"2935",6.18265434226471,0.0256563400043166,0.0287979326579064,-0.242600766027212
"2936",0.0287979326579064,-0.242600766027212,1.17408298781659,-0.327249234748937
"2937",1.17408298781659,-0.327249234748937,1.1686724671354,-0.039095375244673
"2938",1.1686724671354,-0.039095375244673,0.696735437396136,-0.180990643431812
"2939",0.696735437396136,-0.180990643431812,0.585208898193699,0.201061929829747
"2940",0.585208898193699,0.201061929829747,5.87512732806331,0.183085038534205
"2941",5.87512732806331,0.183085038534205,5.95279447977706,0.0282743338823081
"2942",5.95279447977706,0.0282743338823081,5.96867697597021,0.292168116783851
"2943",5.96867697597021,0.292168116783851,0.0851720674973233,0.154287105876299
"2944",0.0851720674973233,0.154287105876299,1.40551364663103,0.195651409148564
"2945",1.40551364663103,0.195651409148564,0.248360352558793,0.0544542726622231
"2946",0.248360352558793,0.0544542726622231,0.0469493568786475,-0.300196631343025
"2947",0.0469493568786475,-0.300196631343025,1.20968770455727,-0.170169602069447
"2948",1.20968770455727,-0.170169602069447,6.08072711394824,0.281172542496286
"2949",6.08072711394824,0.281172542496286,5.69832547483629,-0.162490153360672
"2950",5.69832547483629,-0.162490153360672,5.37893022172132,0.218689755274889
"2951",5.37893022172132,0.218689755274889,5.18921293202954,0.223576677180474
"2952",5.18921293202954,0.223576677180474,5.75085988532132,0.168598805742652
"2953",5.75085988532132,0.168598805742652,5.72276008436421,-0.37559485502918
"2954",5.72276008436421,-0.37559485502918,5.89554768031165,-0.500036830696375
"2955",5.89554768031165,-0.500036830696375,6.0325560265932,-0.50789081233035
"2956",6.0325560265932,-0.50789081233035,4.63053303846616,-0.164410015537866
"2957",4.63053303846616,-0.164410015537866,6.08369417367663,0.0762708883121522
"2958",6.08369417367663,0.0762708883121522,4.83054777074471,0.278030949842697
"2959",4.83054777074471,0.278030949842697,4.32213335963876,-0.13229595730117
"2960",4.32213335963876,-0.13229595730117,4.48218005204664,-0.221133216227682
"2961",4.48218005204664,-0.221133216227682,4.37484230304899,-0.287979326579064
"2962",4.37484230304899,-0.287979326579064,3.92454735603445,-0.11379546723003
"2963",3.92454735603445,-0.11379546723003,4.43557976101839,0.0125663706143592
"2964",4.43557976101839,0.0125663706143592,3.70795199586195,-0.347495054072071
"2965",3.70795199586195,-0.347495054072071,3.52923028045773,-0.336324946859307
"2966",3.52923028045773,-0.336324946859307,3.95212355821596,0.220086018676485
"2967",3.95212355821596,0.220086018676485,3.34684337362433,-0.133517687777566
"2968",3.34684337362433,-0.133517687777566,4.1851250133572,-0.241553568476015
"2969",4.1851250133572,-0.241553568476015,4.17273317566804,-0.293040781409848
"2970",4.17273317566804,-0.293040781409848,3.81406801438321,0.198967534727354
"2971",3.81406801438321,0.198967534727354,3.32816835062799,-0.3694862026472
"2972",3.32816835062799,-0.3694862026472,4.11391557987583,0.336499479784507
"2973",4.11391557987583,0.336499479784507,2.44189015646527,-0.187099295813792
"2974",2.44189015646527,-0.187099295813792,4.89931374327328,0.154985237577096
"2975",4.89931374327328,0.154985237577096,3.22589205646112,-0.250280214735987
"2976",3.22589205646112,-0.250280214735987,3.89697115385294,0.0771435529381494
"2977",3.89697115385294,0.0771435529381494,1.82334546955848,-0.441393767829366
"2978",1.82334546955848,-0.441393767829366,2.53718513362416,-0.401425727958696
"2979",2.53718513362416,-0.401425727958696,2.38638868625185,-0.446804288510548
"2980",2.38638868625185,-0.446804288510548,2.02911978836861,-0.194429678672168
"2981",2.02911978836861,-0.194429678672168,2.19981298921365,-0.18168877513261
"2982",2.19981298921365,-0.18168877513261,1.09903382998083,-0.0944223125328932
"2983",1.09903382998083,-0.0944223125328932,1.7542304311795,0.0162315620435473
"2984",1.7542304311795,0.0162315620435473,2.03313404564819,0.0856956662729216
"2985",2.03313404564819,0.0856956662729216,0.979653309144417,0.256039801267568
"2986",0.979653309144417,0.256039801267568,1.37479585179593,0.290771853382255
"2987",1.37479585179593,0.290771853382255,0.851546142048033,-0.363028484414821
"2988",0.851546142048033,-0.363028484414821,3.09743582351434,0.318522588488965
"2989",3.09743582351434,0.318522588488965,2.02423286646302,0.363726616115618
"2990",2.02423286646302,0.363726616115618,0.585557964044098,-0.371755130674792
"2991",0.585557964044098,-0.371755130674792,0.938638071722551,0.279601746169492
"2992",0.938638071722551,0.279601746169492,0.228289066160858,-0.187273828738992
"2993",0.228289066160858,-0.187273828738992,1.79664193200296,0.251851011062782
"2994",1.79664193200296,0.251851011062782,0.904429618383462,-0.131597825600372
"2995",0.904429618383462,-0.131597825600372,6.25979789520286,0.0291469985083053
"2996",6.25979789520286,0.0291469985083053,6.27253879874242,-0.249756615960389
"2997",6.27253879874242,-0.249756615960389,5.98682840019095,0.11379546723003
"2998",5.98682840019095,0.11379546723003,0.897448301375484,0.0827286065445312
"2999",0.897448301375484,0.0827286065445312,0.0293215314335047,0.167551608191456
"3000",0.0293215314335047,0.167551608191456,0.11379546723003,-0.428129265514209
"3001",0.11379546723003,-0.428129265514209,6.17567302525674,0.483630735727629
"3002",6.17567302525674,0.483630735727629,6.23431608812375,0.297927703315432
"3003",6.23431608812375,0.297927703315432,1.04283422806661,-0.149574716895914
"3004",1.04283422806661,-0.149574716895914,0.0279252680319093,0.356745299107641
"3005",0.0279252680319093,0.356745299107641,0.152018177848706,0.0815068760681352
"3006",0.152018177848706,0.0815068760681352,5.28346071163724,0.171391332545843
"3007",5.28346071163724,0.171391332545843,5.06093123200796,0.118333323285216
"3008",5.06093123200796,0.118333323285216,5.77162930342005,0.125140107367993
"3009",5.77162930342005,0.125140107367993,5.85069271853539,-0.235444916094035
"3010",5.85069271853539,-0.235444916094035,5.74021337688415,0.45238934211693
"3011",5.74021337688415,0.45238934211693,5.65381957891043,-0.275412955964705
"3012",5.65381957891043,-0.275412955964705,5.88978809378006,0.241029969700417
"3013",5.88978809378006,0.241029969700417,4.4313909708136,-0.20018926520375
"3014",4.4313909708136,-0.20018926520375,0.414341164423454,0.139102741383948
"3015",0.414341164423454,0.139102741383948,5.23651135475859,-0.376292986729977
"3016",5.23651135475859,-0.376292986729977,4.55007335994922,0.112748269678834
"3017",4.55007335994922,0.112748269678834,5.76011013035689,-0.210312174865317
"3018",5.76011013035689,-0.210312174865317,4.93997991484475,-0.575260521457331
"3019",4.93997991484475,-0.575260521457331,6.11964795626772,-0.403694655986288
"3020",6.11964795626772,-0.403694655986288,4.97034864382945,0.225496539357667
"3021",4.97034864382945,0.225496539357667,5.17926455529317,-0.0565486677646163
"3022",5.17926455529317,-0.0565486677646163,5.14331077270209,-0.211533905341713
"3023",5.14331077270209,-0.211533905341713,3.59555279203352,-0.140324471860344
"3024",3.59555279203352,-0.140324471860344,5.03684568833043,0.400378530407499
"3025",5.03684568833043,0.400378530407499,5.63654081931569,0.0928515162060983
"3026",5.63654081931569,0.0928515162060983,3.67356900959766,-0.355872634481644
"3027",3.67356900959766,-0.355872634481644,3.99645492121662,-0.328645498150532
"3028",3.99645492121662,-0.328645498150532,4.38164908713176,-0.354650904005248
"3029",4.38164908713176,-0.354650904005248,4.8022734368624,-0.328121899374934
"3030",4.8022734368624,-0.328121899374934,4.80908022094518,0.304036355697412
"3031",4.80908022094518,0.304036355697412,3.21838714067754,-0.208915911463721
"3032",3.21838714067754,-0.208915911463721,4.03991361959127,0.201061929829747
"3033",4.03991361959127,0.201061929829747,3.96154833617673,0.435110582522186
"3034",3.96154833617673,0.435110582522186,3.91302818297129,0.537910475464652
"3035",3.91302818297129,0.537910475464652,4.25773071024017,-0.218864288200089
"3036",4.25773071024017,-0.218864288200089,4.17727103172323,0.475951287018854
"3037",4.17727103172323,0.475951287018854,4.64187767860412,-0.359188760060433
"3038",4.64187767860412,-0.359188760060433,4.66072723452566,-0.0453785605518526
"3039",4.66072723452566,-0.0453785605518526,3.93309946936922,-0.168947871593051
"3040",3.93309946936922,-0.168947871593051,3.00807496581223,-0.335277749308111
"3041",3.00807496581223,-0.335277749308111,4.21392294601511,0.467399173684081
"3042",4.21392294601511,0.467399173684081,4.31707190480797,0.288851991205062
"3043",4.31707190480797,0.288851991205062,4.33016187419793,0.278729081543494
"3044",4.33016187419793,0.278729081543494,4.91624343701763,-0.503876555050763
"3045",4.91624343701763,-0.503876555050763,2.6768114737837,0.302291026445418
"3046",2.6768114737837,0.302291026445418,2.5235715654586,0.150621914447111
"3047",2.5235715654586,0.150621914447111,3.17510297522808,-0.353080107678453
"3048",3.17510297522808,-0.353080107678453,4.32754388031994,-0.345051593119279
"3049",4.32754388031994,-0.345051593119279,3.58455721774595,0.453785605518526
"3050",3.58455721774595,0.453785605518526,1.98496295829315,0.00977384381116825
"3051",1.98496295829315,0.00977384381116825,4.36594112386382,0.192684349420174
"3052",4.36594112386382,0.192684349420174,2.7092745978708,-0.467399173684081
"3053",2.7092745978708,-0.467399173684081,2.16316107492177,0.227940000310459
"3054",2.16316107492177,0.227940000310459,2.20347818064284,0.136659280431156
"3055",2.20347818064284,0.136659280431156,1.88006867024829,-0.251501945212383
"3056",1.88006867024829,-0.251501945212383,1.43867490241893,-0.295658775287839
"3057",1.43867490241893,-0.295658775287839,2.16543000294936,-0.239110107523223
"3058",2.16543000294936,-0.239110107523223,1.89717289691784,-0.0610865238198015
"3059",1.89717289691784,-0.0610865238198015,1.88984251405946,0.0579449311662117
"3060",1.88984251405946,0.0579449311662117,1.08350039963808,-0.0734783615089613
"3061",1.08350039963808,-0.0734783615089613,1.61896741414994,-0.265639112153537
"3062",1.61896741414994,-0.265639112153537,1.14755398318627,0.195825942073764
"3063",1.14755398318627,0.195825942073764,1.29538337083019,0.161966554585074
"3064",1.29538337083019,0.161966554585074,1.76749493349466,0.339815605363296
"3065",1.76749493349466,0.339815605363296,2.67977853351209,-0.562519617917772
"3066",2.67977853351209,-0.562519617917772,0.355872634481644,-0.19093902016818
"3067",0.355872634481644,-0.19093902016818,1.23464591286079,-0.164759081388265
"3068",1.23464591286079,-0.164759081388265,0.20018926520375,0.119380520836412
"3069",0.20018926520375,0.119380520836412,0.20629791758573,-0.395142542651516
"3070",0.20629791758573,-0.395142542651516,1.49574716895914,0.172089464246641
"3071",1.49574716895914,0.172089464246641,0.0593411945678072,0.010471975511966
"3072",0.0593411945678072,0.010471975511966,0.0198967534727354,0.269129770657526
"3073",0.0198967534727354,0.269129770657526,6.20482002376504,0.115017197706426
"3074",6.20482002376504,0.115017197706426,2.17136412240615,-0.237539311196428
"3075",2.17136412240615,-0.237539311196428,1.00600778084953,-0.326900168898538
"3076",1.00600778084953,-0.326900168898538,5.78943166179039,-0.374024058702385
"3077",5.78943166179039,-0.374024058702385,1.75265963485271,-0.358141562509236
"3078",1.75265963485271,-0.358141562509236,0.146433124242324,-0.251676478137582
"3079",0.146433124242324,-0.251676478137582,6.0014891659077,-0.132645023151569
"3080",6.0014891659077,-0.132645023151569,0.679107611950994,-0.292691715559449
"3081",0.679107611950994,-0.292691715559449,0.453960138443725,-0.503178423349965
"3082",0.453960138443725,-0.503178423349965,0.423067810683425,0.0984365698124802
"3083",0.423067810683425,0.0984365698124802,5.20841155380148,0.391826417072727
"3084",5.20841155380148,0.391826417072727,0.346098790670476,-0.638266907454326
"3085",0.346098790670476,-0.638266907454326,0.932180353490171,-0.147305788868321
"3086",0.932180353490171,-0.147305788868321,6.15071481695322,0.316428193386572
"3087",6.15071481695322,0.316428193386572,6.13081806348048,-0.241379035550816
"3088",6.13081806348048,-0.241379035550816,6.00672515366368,-0.497418836818384
"3089",6.00672515366368,-0.497418836818384,5.42291251887158,0.11693705988362
"3090",5.42291251887158,0.11693705988362,6.13500685368527,-0.010471975511966
"3091",6.13500685368527,-0.010471975511966,5.71874582708462,0.213279234593707
"3092",5.71874582708462,0.213279234593707,5.05586977717717,-0.57560958730773
"3093",5.05586977717717,-0.57560958730773,4.42650404890802,-0.133343154852367
"3094",4.42650404890802,-0.133343154852367,5.50651379004211,-0.36634460999361
"3095",5.50651379004211,-0.36634460999361,5.30178666878317,-0.251327412287183
"3096",5.30178666878317,-0.251327412287183,5.02480291649167,0.244171562354007
"3097",5.02480291649167,0.244171562354007,4.22125332887349,0.142942465738336
"3098",4.22125332887349,0.142942465738336,4.86754875088698,0.454483737219323
"3099",4.86754875088698,0.454483737219323,5.35013228906342,0.264068315826742
"3100",5.35013228906342,0.264068315826742,3.45924257745276,0.354476371080048
"3101",3.45924257745276,0.354476371080048,4.08319778504073,-0.281696141271885
"3102",4.08319778504073,-0.281696141271885,3.16323473631452,-0.346622389446074
"3103",3.16323473631452,-0.346622389446074,3.00598057070983,-0.155683369277894
"3104",3.00598057070983,-0.155683369277894,4.24027741772022,-0.130027029273578
"3105",4.24027741772022,-0.130027029273578,3.34754150532512,0.207345115136926
"3106",3.34754150532512,0.207345115136926,3.53097560970973,-0.11065387457644
"3107",3.53097560970973,-0.11065387457644,4.08791017402112,0.42167154728183
"3108",4.08791017402112,0.42167154728183,2.43857403088648,-0.0438077642250577
"3109",2.43857403088648,-0.0438077642250577,3.63918602333338,-0.428478331364608
"3110",3.63918602333338,-0.428478331364608,2.41012516407897,-0.224972940582069
"3111",2.41012516407897,-0.224972940582069,1.96611340237161,-0.126885436619988
"3112",1.96611340237161,-0.126885436619988,3.2000611835316,0.181165176357011
"3113",3.2000611835316,0.181165176357011,2.85553318918792,-0.25865779514556
"3114",2.85553318918792,-0.25865779514556,2.13122154961028,0.16615534478986
"3115",2.13122154961028,0.16615534478986,1.73328648015557,-0.246615023306799
"3116",1.73328648015557,-0.246615023306799,2.59321020261318,0.328470965225333
"3117",2.59321020261318,0.328470965225333,2.31291032474289,0.0630063859969953
"3118",2.31291032474289,0.0630063859969953,3.72872141396069,0.10157816246607
"3119",3.72872141396069,0.10157816246607,0.901462558655071,-0.133168621927167
"3120",0.901462558655071,-0.133168621927167,1.53100281984943,-0.264417381677141
"3121",1.53100281984943,-0.264417381677141,1.73677713865956,-0.353254640603652
"3122",1.73677713865956,-0.353254640603652,0.460766922526503,0.390081087820733
"3123",0.460766922526503,0.390081087820733,1.2938125745034,-0.29862583501623
"3124",1.2938125745034,-0.29862583501623,0.365646478292812,0.109955742875643
"3125",0.365646478292812,0.109955742875643,1.05627326330697,-0.284488668075076
"3126",1.05627326330697,-0.284488668075076,1.41389122704061,-0.488343124708013
"3127",1.41389122704061,-0.488343124708013,0.333532420056116,0.241728101401215
"3128",0.333532420056116,0.241728101401215,0.235793981944434,-0.389033890269536
"3129",0.235793981944434,-0.389033890269536,1.16727620373381,0.371755130674792
"3130",1.16727620373381,0.371755130674792,6.20516908961544,-0.32306044454415
"3131",6.20516908961544,-0.32306044454415,0.497942435593982,0.372802328225989
"3132",0.497942435593982,0.372802328225989,5.55433581154675,-0.192684349420174
"3133",5.55433581154675,-0.192684349420174,0.873711823548361,-0.378910980607969
"3134",0.873711823548361,-0.378910980607969,0.0874409955249159,-0.2462659574564
"3135",0.0874409955249159,-0.2462659574564,5.92626547514675,0.1537635071007
"3136",5.92626547514675,0.1537635071007,5.85505604166538,-0.31381019950858
"3137",5.85505604166538,-0.31381019950858,5.63008310108331,-0.364773813666815
"3138",5.63008310108331,-0.364773813666815,0.680678408277789,-0.0952949771588904
"3139",0.680678408277789,-0.0952949771588904,0.0909316540289046,-0.211708438266912
"3140",0.0909316540289046,-0.211708438266912,5.37334516811494,-0.00698131700797732
"3141",5.37334516811494,-0.00698131700797732,5.31854182960232,-0.298800367941429
"3142",5.31854182960232,-0.298800367941429,4.50172773966897,0.187448361664191
"3143",4.50172773966897,0.187448361664191,4.91868689797042,-0.1539380400259
"3144",4.91868689797042,-0.1539380400259,3.93728825957401,0.10454522219446
"3145",3.93728825957401,0.10454522219446,4.1545817514473,-0.315730061685774
"3146",4.1545817514473,-0.315730061685774,3.46779469078753,-0.187273828738992
"3147",3.46779469078753,-0.187273828738992,5.18362787842316,-0.193731546971371
"3148",5.18362787842316,-0.193731546971371,4.40556009788409,-0.130027029273578
"3149",4.40556009788409,-0.130027029273578,3.21297661999636,-0.124092909816797
"3150",3.21297661999636,-0.124092909816797,3.17527750815328,-0.195127810372966
"3151",3.17527750815328,-0.195127810372966,3.33672046396276,-0.332136156654521
"3152",3.33672046396276,-0.332136156654521,4.97349023648304,-0.450818545790135
"3153",4.97349023648304,-0.450818545790135,4.77312643835409,-0.171914931321441
"3154",4.77312643835409,-0.171914931321441,3.28261525715094,0.440346570278169
"3155",3.28261525715094,0.440346570278169,2.84157055517197,0.277507351067098
"3156",2.84157055517197,0.277507351067098,4.06801342054838,-0.278729081543494
"3157",4.06801342054838,-0.278729081543494,3.30146481307247,-0.0752236907609556
"3158",3.30146481307247,-0.0752236907609556,3.27039795238697,0.00261799387799149
"3159",3.27039795238697,0.00261799387799149,3.57548150563558,0.476474885794452
"3160",3.57548150563558,0.476474885794452,2.86408530252269,-0.341037335839692
"3161",2.86408530252269,-0.341037335839692,3.31438024953723,-0.174009326423835
"3162",3.31438024953723,-0.174009326423835,2.53037834954138,-0.142767932813136
"3163",2.53037834954138,-0.142767932813136,2.38028003386987,-0.216769893097696
"3164",2.38028003386987,-0.216769893097696,3.03966542527332,0.0202458193231342
"3165",3.03966542527332,0.0202458193231342,2.05146000279413,-0.0916297857297023
"3166",2.05146000279413,-0.0916297857297023,3.36098054056548,-0.381878040336359
"3167",3.36098054056548,-0.381878040336359,3.43550609962564,-0.545764457098627
"3168",3.43550609962564,-0.545764457098627,2.63771609853903,0.0783652834145454
"3169",2.63771609853903,0.0783652834145454,3.13513493535741,0.309446876378595
"3170",3.13513493535741,0.309446876378595,2.75674755352504,0.140499004785544
"3171",2.75674755352504,0.140499004785544,1.15837502454864,-0.157777764380287
"3172",1.15837502454864,-0.157777764380287,2.93389847260247,-0.452738407967329
"3173",2.93389847260247,-0.452738407967329,1.77412718465224,-0.314159265358979
"3174",1.77412718465224,-0.314159265358979,0.834965514154087,-0.0973893722612836
"3175",0.834965514154087,-0.0973893722612836,0.856083998103219,-0.291644518008252
"3176",0.856083998103219,-0.291644518008252,0.679631210726592,0.0809832772925369
"3177",0.679631210726592,0.0809832772925369,0.485899663755221,0.366693675844009
"3178",0.485899663755221,0.366693675844009,1.66399690885139,-0.314508331209378
"3179",1.66399690885139,-0.314508331209378,0.736179878491208,-0.079412480965742
"3180",0.736179878491208,-0.079412480965742,0.979304243294018,-0.396364273127912
"3181",0.979304243294018,-0.396364273127912,1.60413211550799,-0.25254914276358
"3182",1.60413211550799,-0.25254914276358,1.34669605083882,-0.0842994028713261
"3183",1.34669605083882,-0.0842994028713261,1.36100775070518,0.289550122905859
"3184",1.36100775070518,0.289550122905859,0.0193731546971371,0.306479816650204
"3185",0.0193731546971371,0.306479816650204,0.319046187264563,-0.34784411992247
"3186",0.319046187264563,-0.34784411992247,1.18490402917895,-0.281521608346685
"3187",1.18490402917895,-0.281521608346685,0.627271333166762,-0.137531945057153
"3188",0.627271333166762,-0.137531945057153,6.16555011559517,0.176452787376627
"3189",6.16555011559517,0.176452787376627,1.90520141147701,-0.247138622082397
"3190",1.90520141147701,-0.247138622082397,5.93569025310751,-0.324282175020546
"3191",5.93569025310751,-0.324282175020546,1.03445664765704,-0.319395253114962
"3192",1.03445664765704,-0.319395253114962,5.39149659233568,0.0912807198793034
"3193",5.39149659233568,0.0912807198793034,5.74352950246294,-0.223925743030872
"3194",5.74352950246294,-0.223925743030872,0.544368193697031,0.421497014356631
"3195",0.544368193697031,0.421497014356631,0.0188495559215388,-0.165457213089062
"3196",0.0188495559215388,-0.165457213089062,6.19783870675706,-0.407534380340676
"3197",6.19783870675706,-0.407534380340676,5.37910475464652,-0.398807734080704
"3198",5.37910475464652,-0.398807734080704,5.06442189051195,-0.109781209950443
"3199",5.06442189051195,-0.109781209950443,4.74589930202298,-0.0555014702134197
"3200",4.74589930202298,-0.0555014702134197,5.82102212125149,-0.4616395871525
"3201",5.82102212125149,-0.4616395871525,4.56822478416996,-0.276809219366301
"3202",4.56822478416996,-0.276809219366301,5.31121144674394,0.395317075576716
"3203",5.31121144674394,0.395317075576716,5.78367207525881,-0.231605191739647
"3204",5.78367207525881,-0.231605191739647,4.95708414151429,-0.450644012864936
"3205",4.95708414151429,-0.450644012864936,4.6783550599708,-0.309970475154193
"3206",4.6783550599708,-0.309970475154193,4.94102711239595,0.377340184281174
"3207",4.94102711239595,0.377340184281174,5.59395478556703,0.280648943720688
"3208",5.59395478556703,0.280648943720688,3.42677945336567,-0.194080612821769
"3209",3.42677945336567,-0.194080612821769,5.10473899623302,0.152716309549504
"3210",5.10473899623302,0.152716309549504,3.62941217952221,-0.095120444233691
"3211",3.62941217952221,-0.095120444233691,5.45188498445469,-0.566533875197359
"3212",5.45188498445469,-0.566533875197359,3.11349285263268,0.351509311351658
"3213",3.11349285263268,0.351509311351658,2.70526034059121,-0.357967029584037
"3214",2.70526034059121,-0.357967029584037,4.1852995462824,-0.100181899064475
"3215",4.1852995462824,-0.100181899064475,3.7854446146505,-0.0675442420521806
"3216",3.7854446146505,-0.0675442420521806,2.80247517992729,-0.127932634171184
"3217",2.80247517992729,-0.127932634171184,4.29438262453205,-0.106988683147252
"3218",4.29438262453205,-0.106988683147252,3.41299135227491,-0.432318055718995
"3219",3.41299135227491,-0.432318055718995,1.78006130410902,-0.286583063177469
"3220",1.78006130410902,-0.286583063177469,1.47026536188002,-0.28309240467348
"3221",1.47026536188002,-0.28309240467348,2.11062666443674,0.242600766027212
"3222",2.11062666443674,0.242600766027212,1.00269165527074,-0.0804596785169386
"3223",1.00269165527074,-0.0804596785169386,0.226369203983665,-0.184306769010601
"3224",0.226369203983665,-0.184306769010601,1.04126343173982,-0.202632726156542
"3225",1.04126343173982,-0.202632726156542,1.37846104322512,-0.145385926691128
"3226",1.37846104322512,-0.145385926691128,1.81810948180249,0.189542756766584
"3227",1.81810948180249,0.189542756766584,6.07810912007025,-0.153414441250302
"3228",6.07810912007025,-0.153414441250302,5.99939477080531,-0.253072741539178
"3229",5.99939477080531,-0.253072741539178,1.48754412147477,0.156730566829091
"3230",1.48754412147477,0.156730566829091,5.45310671493108,0.140149938935145
"3231",5.45310671493108,0.140149938935145,0.485725130830022,0.212755635818109
"3232",0.485725130830022,0.212755635818109,0.417831822927443,0.454309204294124
"3233",0.417831822927443,0.454309204294124,0.125489173218392,0.257436064669164
"3234",0.125489173218392,0.257436064669164,6.10847784905495,0.359363292985632
"3235",6.10847784905495,0.359363292985632,0.961850950774075,-0.389557489045134
"3236",0.961850950774075,-0.389557489045134,1.01072016982992,-0.188844625065786
"3237",1.01072016982992,-0.188844625065786,5.89275515350846,-0.378736447682769
"3238",5.89275515350846,-0.378736447682769,5.33110820021668,0.0383972435438752
"3239",5.33110820021668,0.0383972435438752,5.1710615078088,0.358316095434436
"3240",5.1710615078088,0.358316095434436,4.81518887332716,0.432841654494594
"3241",4.81518887332716,0.432841654494594,0.22462387473167,0.146433124242324
"3242",0.22462387473167,0.146433124242324,5.17699562726558,0.269827902358323
"3243",5.17699562726558,0.269827902358323,5.49098035969936,-0.261973920724349
"3244",5.49098035969936,-0.261973920724349,5.43722421873793,0.357792496658838
"3245",5.43722421873793,0.357792496658838,5.27700299340486,0.184481301935801
"3246",5.27700299340486,0.184481301935801,4.22107879594829,-0.0848230016469244
"3247",4.22107879594829,-0.0848230016469244,4.86161463143021,-0.0132645023151569
"3248",4.86161463143021,-0.0132645023151569,3.4177037412553,-0.158126830230686
"3249",3.4177037412553,-0.158126830230686,4.43645242564439,-0.275762021815104
"3250",4.43645242564439,-0.275762021815104,4.40817809176208,-0.10157816246607
"3251",4.40817809176208,-0.10157816246607,3.15311182665296,0.216595360172496
"3252",3.15311182665296,0.216595360172496,4.78883440162204,-0.101403629540871
"3253",4.78883440162204,-0.101403629540871,3.90534873426251,-0.13229595730117
"3254",3.90534873426251,-0.13229595730117,5.19095826128154,-0.22148228207808
"3255",5.19095826128154,-0.22148228207808,5.03091156887366,-0.224100275956072
"3256",5.03091156887366,-0.224100275956072,2.52915661906498,-0.177325452002624
"3257",2.52915661906498,-0.177325452002624,4.93666378926596,-0.205599785884932
"3258",4.93666378926596,-0.205599785884932,3.95212355821596,0.444360827557756
"3259",3.95212355821596,0.444360827557756,2.62218266819628,-0.479441945522842
"3260",2.62218266819628,-0.479441945522842,4.38444161393496,-0.509461608657145
"3261",4.38444161393496,-0.509461608657145,3.13338960610542,-0.464083048105292
"3262",3.13338960610542,-0.464083048105292,1.81409522452291,0.052010811709431
"3263",1.81409522452291,0.052010811709431,3.60934089312427,-0.369660735572399
"3264",3.60934089312427,-0.369660735572399,2.70176968208722,-0.44942228238854
"3265",2.70176968208722,-0.44942228238854,2.63178197908225,0.299847565492626
"3266",2.63178197908225,0.299847565492626,3.60532663584469,-0.104196156344061
"3267",3.60532663584469,-0.104196156344061,3.47442694194511,0.299498499642227
"3268",3.47442694194511,0.299498499642227,2.17799637356372,0.281172542496286
"3269",2.17799637356372,0.281172542496286,2.51833557770262,-0.392524548773525
"3270",2.51833557770262,-0.392524548773525,1.98566108999395,-0.210137641940117
"3271",1.98566108999395,-0.210137641940117,1.52925749059743,-0.189891822616983
"3272",1.52925749059743,-0.189891822616983,1.39067834798908,-0.304036355697412
"3273",1.39067834798908,-0.304036355697412,1.93085775148133,-0.361806753938424
"3274",1.93085775148133,-0.361806753938424,1.43466064513934,-0.442440965380563
"3275",1.43466064513934,-0.442440965380563,0.861319985859202,0.280474410795489
"3276",0.861319985859202,0.280474410795489,0.371580597749593,0.145385926691128
"3277",0.371580597749593,0.145385926691128,0.500560429471974,-0.0893608577021097
"3278",0.500560429471974,-0.0893608577021097,0.614181363776804,0.0890117918517108
"3279",0.614181363776804,0.0890117918517108,0.677885881474598,-0.221307749152881
"3280",0.677885881474598,-0.221307749152881,1.62071274340193,-0.353254640603652
"3281",1.62071274340193,-0.353254640603652,2.03732283585298,-0.290073721681458
"3282",2.03732283585298,-0.290073721681458,0.103498024643264,-0.206996049286527
"3283",0.103498024643264,-0.206996049286527,0.602138591938044,0.100356431989674
"3284",0.602138591938044,0.100356431989674,1.23412231408519,-0.487819525932415
"3285",1.23412231408519,-0.487819525932415,0.0980875039620813,-0.261973920724349
"3286",0.0980875039620813,-0.261973920724349,6.12924726715369,0.151320046147908
"3287",6.12924726715369,0.151320046147908,6.12244048307091,-0.247313155007596
"3288",6.12244048307091,-0.247313155007596,6.02540017666002,-0.362330352714023
"3289",6.02540017666002,-0.362330352714023,1.42994825615895,0.187273828738992
"3290",1.42994825615895,0.187273828738992,0.244520628204406,-0.541401133968641
"3291",0.244520628204406,-0.541401133968641,5.51471683752648,0.111002940426839
"3292",5.51471683752648,0.111002940426839,5.33931124770105,-0.225845605208066
"3293",5.33931124770105,-0.225845605208066,5.22795924142382,-0.467399173684081
"3294",5.22795924142382,-0.467399173684081,1.21562182401405,0.0619591884457987
"3295",1.21562182401405,0.0619591884457987,6.06030676169991,-0.612785100375209
"3296",6.06030676169991,-0.612785100375209,6.21424480172581,-0.182386906833407
"3297",6.21424480172581,-0.182386906833407,4.43732509027038,-0.451691210416132
"3298",4.43732509027038,-0.451691210416132,5.95471434195425,0.323933109170148
"3299",5.95471434195425,0.323933109170148,4.57555516702833,-0.0926769832808989
"3300",4.57555516702833,-0.0926769832808989,4.31201044997719,-0.108559479474047
"3301",4.31201044997719,-0.108559479474047,4.94207430994714,-0.185004900711399
"3302",4.94207430994714,-0.185004900711399,4.19716778519596,-0.128281700021583
"3303",4.19716778519596,-0.128281700021583,3.72854688103549,0.219038821125288
"3304",3.72854688103549,0.219038821125288,4.62739144581257,0.398284135305106
"3305",4.62739144581257,0.398284135305106,4.31811910235917,-0.166504410640259
"3306",4.31811910235917,-0.166504410640259,3.63028484414821,-0.367566340470006
"3307",3.63028484414821,-0.367566340470006,3.4458035422124,-0.180117978805815
"3308",3.4458035422124,-0.180117978805815,3.59537825910832,0.235270383168836
"3309",3.59537825910832,0.235270383168836,3.20686796761438,-0.207694180987325
"3310",3.20686796761438,-0.207694180987325,3.76537332825257,-0.333008821280518
"3311",3.76537332825257,-0.333008821280518,3.26463836585539,0.256563400043166
"3312",3.26463836585539,0.256563400043166,3.21419835047276,0.0890117918517108
"3313",3.21419835047276,0.0890117918517108,4.33539786195391,-0.3077015471266
"3314",4.33539786195391,-0.3077015471266,5.22185058904183,0.129677963423179
"3315",5.22185058904183,0.129677963423179,5.00438256424334,-0.168424272817453
"3316",5.00438256424334,-0.168424272817453,4.20571989853074,-0.487644993007216
"3317",4.20571989853074,-0.487644993007216,3.25154839646544,-0.424464074085021
"3318",3.25154839646544,-0.424464074085021,2.56127067730168,-0.298974900866629
"3319",2.56127067730168,-0.298974900866629,3.32886648232878,-0.153065375399903
"3320",3.32886648232878,-0.153065375399903,4.13433593212417,-0.328296432300133
"3321",4.13433593212417,-0.328296432300133,3.56186793747003,-0.502305758723968
"3322",3.56186793747003,-0.502305758723968,2.69740635895724,-0.145560459616327
"3323",2.69740635895724,-0.145560459616327,2.00573237639188,-0.191986217719376
"3324",2.00573237639188,-0.191986217719376,1.75265963485271,-0.22165681500328
"3325",1.75265963485271,-0.22165681500328,1.47148709235642,-0.177150919077424
"3326",1.47148709235642,-0.177150919077424,2.1231930350511,-0.0897099235525085
"3327",2.1231930350511,-0.0897099235525085,0.877377014977549,0.0776671517137477
"3328",0.877377014977549,0.0776671517137477,0.865683308989187,0.265464579228338
"3329",0.865683308989187,0.265464579228338,2.61066349513312,-0.225671072282867
"3330",2.61066349513312,-0.225671072282867,1.8453366181336,-0.113271868454432
"3331",1.8453366181336,-0.113271868454432,0.340164671213695,-0.18779742751459
"3332",0.340164671213695,-0.18779742751459,2.23716303520633,-0.272096830385916
"3333",2.23716303520633,-0.272096830385916,0.116064395257623,0.278030949842697
"3334",0.116064395257623,0.278030949842697,1.0477211499722,0.241553568476015
"3335",1.0477211499722,0.241553568476015,6.16223399001638,0.16004669240788
"3336",6.16223399001638,0.16004669240788,6.02592377543562,0.350636646725661
"3337",6.02592377543562,0.350636646725661,6.00655062073848,-0.280648943720688
"3338",6.00655062073848,-0.280648943720688,0.580845575063713,-0.151669111998307
"3339",0.580845575063713,-0.151669111998307,0.603534855339639,0.355872634481644
"3340",0.603534855339639,0.355872634481644,5.47195627085262,-0.202807259081741
"3341",5.47195627085262,-0.202807259081741,5.79344591906998,-0.328121899374934
"3342",5.79344591906998,-0.328121899374934,0.72954762733363,-0.246615023306799
"3343",0.72954762733363,-0.246615023306799,0.863937979737193,-0.173311194723037
"3344",0.863937979737193,-0.173311194723037,4.58079115478432,0.382401639111958
"3345",4.58079115478432,0.382401639111958,5.66813127877678,-0.232477856365645
"3346",5.66813127877678,-0.232477856365645,5.71542970150583,0.221307749152881
"3347",5.71542970150583,0.221307749152881,5.15465541284005,-0.227416401534861
"3348",5.15465541284005,-0.227416401534861,5.49290022187656,0.0890117918517108
"3349",5.49290022187656,0.0890117918517108,3.99017173590944,0.226020138133266
"3350",3.99017173590944,0.226020138133266,5.13737665324531,0.0603883921190038
"3351",5.13737665324531,0.0603883921190038,3.42032173513329,-0.162839219211071
"3352",3.42032173513329,-0.162839219211071,4.4635050290503,-0.316602726311771
"3353",4.4635050290503,-0.316602726311771,3.28645498150532,-0.418879020478639
"3354",3.28645498150532,-0.418879020478639,4.69266675983715,0.265639112153537
"3355",4.69266675983715,0.265639112153537,3.26010050980021,0.252898208613978
"3356",3.26010050980021,0.252898208613978,4.07848539606035,-0.0895353906273091
"3357",4.07848539606035,-0.0895353906273091,4.1540581526717,-0.634950781875537
"3358",4.1540581526717,-0.634950781875537,2.56825199430966,-0.229685329562454
"3359",2.56825199430966,-0.229685329562454,2.38359615944866,-0.467050107833683
"3360",2.38359615944866,-0.467050107833683,2.39912958979141,-0.298800367941429
"3361",2.39912958979141,-0.298800367941429,2.35043490366076,0.340688269989293
"3362",2.35043490366076,0.340688269989293,3.19238173482283,-0.248011286708394
"3363",3.19238173482283,-0.248011286708394,3.54790530345407,-0.00645771823237902
"3364",3.54790530345407,-0.00645771823237902,2.1841050259457,-0.264417381677141
"3365",2.1841050259457,-0.264417381677141,2.93407300552767,-0.427431133813411
"3366",2.93407300552767,-0.427431133813411,3.09551596133714,-0.311541271480988
"3367",3.09551596133714,-0.311541271480988,2.74627557801308,0.222704012554476
"3368",2.74627557801308,0.222704012554476,3.87253654432502,-0.0996583002888762
"3369",3.87253654432502,-0.0996583002888762,0.976511716490827,0.0925024503556995
"3370",0.976511716490827,0.0925024503556995,0.773180858633488,0.0668461103513828
"3371",0.773180858633488,0.0668461103513828,0.634601716025138,-0.0553269372882202
"3372",0.634601716025138,-0.0553269372882202,0.347320521146872,0.185703032412197
"3373",0.347320521146872,0.185703032412197,0.309795942228993,-0.164235482612666
"3374",0.309795942228993,-0.164235482612666,1.8774506763703,0.00994837673636768
"3375",1.8774506763703,0.00994837673636768,0.421147948506232,-0.123743843966398
"3376",0.421147948506232,-0.123743843966398,0.845088423815654,-0.419926218029836
"3377",0.845088423815654,-0.419926218029836,0.327074701823737,-0.292168116783851
"3378",0.327074701823737,-0.292168116783851,0.459894257900506,0.062482787221397
"3379",0.459894257900506,0.062482787221397,1.39870686254826,-0.426209403337015
"3380",1.39870686254826,-0.426209403337015,5.82835250410986,-0.15707963267949
"3381",5.82835250410986,-0.15707963267949,5.87146213663412,0.105068820970059
"3382",5.87146213663412,0.105068820970059,1.28089713803864,-0.238935574598024
"3383",1.28089713803864,-0.238935574598024,1.52140350896346,0.0438077642250577
"3384",1.52140350896346,0.0438077642250577,6.01841885965205,-0.239459173373622
"3385",6.01841885965205,-0.239459173373622,0.561646953291775,-0.190240888467382
"3386",0.561646953291775,-0.190240888467382,0.217468024798493,0.334579617607313
"3387",0.217468024798493,0.334579617607313,1.35996055315398,-0.328296432300133
"3388",1.35996055315398,-0.328296432300133,0.959232956896084,-0.279252680319093
"3389",0.959232956896084,-0.279252680319093,5.49778714378214,-0.309970475154193
"3390",5.49778714378214,-0.309970475154193,5.2941072200744,-0.356396233257242
"3391",5.2941072200744,-0.356396233257242,5.62868683768171,-0.234397718542838
"3392",5.62868683768171,-0.234397718542838,5.61594593414215,-0.0122173047639603
"3393",5.61594593414215,-0.0122173047639603,3.55453755461165,-0.111701072127637
"3394",3.55453755461165,-0.111701072127637,5.05220458574799,0.231954257590046
"3395",5.05220458574799,0.231954257590046,2.61886654261749,-0.198443935951755
"3396",2.61886654261749,-0.198443935951755,2.4631831733396,-0.0699877030049726
"3397",2.4631831733396,-0.0699877030049726,1.9076448724298,-0.228289066160858
"3398",1.9076448724298,-0.228289066160858,3.26551103048139,-0.395317075576716
"3399",3.26551103048139,-0.395317075576716,3.47268161269312,0.125140107367993
"3400",3.47268161269312,0.125140107367993,1.60360851673239,0.184481301935801
"3401",1.60360851673239,0.184481301935801,0.741415866247191,-0.449945881164138
"3402",0.741415866247191,-0.449945881164138,2.37696390829108,0.116064395257623
"3403",2.37696390829108,0.116064395257623,0.683645468006179,0.0541052068118242
"3404",0.683645468006179,0.0541052068118242,1.21998514714404,-0.0617846555205993
"3405",1.21998514714404,-0.0617846555205993,0.104196156344061,-0.256039801267568
"3406",0.104196156344061,-0.256039801267568,0.164060949687467,0.347495054072071
"3407",0.164060949687467,0.347495054072071,1.25017934320354,-0.365995544143211
"3408",1.25017934320354,-0.365995544143211,1.48021373861639,-0.0551524043630208
"3409",1.48021373861639,-0.0551524043630208,1.14214346250509,-0.468097305384879
"3410",1.14214346250509,-0.468097305384879,0.993441410235172,0.113097335529233
"3411",0.993441410235172,0.113097335529233,6.08980282605862,-0.303163691071415
"3412",6.08980282605862,-0.303163691071415,6.05437264224313,-0.046774823953448
"3413",6.05437264224313,-0.046774823953448,5.9718185686238,0.231954257590046
"3414",5.9718185686238,0.231954257590046,5.95488887487945,-0.222529479629277
"3415",5.95488887487945,-0.222529479629277,0.588525023772488,0.0235619449019235
"3416",0.588525023772488,0.0235619449019235,5.83219222846425,-0.174707458124632
"3417",5.83219222846425,-0.174707458124632,5.74283137076214,0.112573736753634
"3418",5.74283137076214,0.112573736753634,5.45275764908068,-0.390081087820733
"3419",5.45275764908068,-0.390081087820733,0.882787535658732,0.248185819633594
"3420",0.882787535658732,0.248185819633594,4.9858820741722,-0.0944223125328932
"3421",4.9858820741722,-0.0944223125328932,5.46392775629345,0.167726141116655
"3422",5.46392775629345,0.167726141116655,4.72827147657784,0.147480321793521
"3423",4.72827147657784,0.147480321793521,5.58470454053146,0.378038315981972
"3424",5.58470454053146,0.378038315981972,4.59911711193026,-0.116238928182822
"3425",4.59911711193026,-0.116238928182822,4.91397450899003,-0.751364242983559
"3426",4.91397450899003,-0.751364242983559,4.69668101711674,-0.128456232946783
"3427",4.69668101711674,-0.128456232946783,3.65437038782573,-0.151843644923507
"3428",3.65437038782573,-0.151843644923507,3.66117717190851,0.237364778271229
"3429",3.66117717190851,0.237364778271229,4.45495291571553,-0.210137641940117
"3430",4.45495291571553,-0.210137641940117,4.22614025077907,0.162490153360672
"3431",4.22614025077907,0.162490153360672,4.14812403321492,0.373849525777185
"3432",4.14812403321492,0.373849525777185,4.16365746355767,-0.410675972994266
"3433",4.16365746355767,-0.410675972994266,3.4779176004491,0.145909525466726
"3434",3.4779176004491,0.145909525466726,2.71590684902838,-0.43703044469938
"3435",2.71590684902838,-0.43703044469938,4.28199078684289,-0.091106186954104
"3436",4.28199078684289,-0.091106186954104,3.55872634481644,-0.34470252726888
"3437",3.55872634481644,-0.34470252726888,3.51491858059138,-0.200712863979348
"3438",3.51491858059138,-0.200712863979348,4.35529461542665,-0.250629280586386
"3439",4.35529461542665,-0.250629280586386,3.85298885670268,-0.118507856210415
"3440",3.85298885670268,-0.118507856210415,2.60787096832993,-0.303163691071415
"3441",2.60787096832993,-0.303163691071415,3.13077161222743,-0.350113047950062
"3442",3.13077161222743,-0.350113047950062,3.48140825895309,0.187099295813792
"3443",3.48140825895309,0.187099295813792,1.86121911432675,-0.282568805897882
"3444",1.86121911432675,-0.282568805897882,2.53962859457695,-0.141895268187139
"3445",2.53962859457695,-0.141895268187139,4.48532164470023,-0.244346095279206
"3446",4.48532164470023,-0.244346095279206,2.89148697177901,0.11379546723003
"3447",2.89148697177901,0.11379546723003,1.4768976130376,-0.325678438422142
"3448",1.4768976130376,-0.325678438422142,2.95239896267361,0.455880000620919
"3449",2.95239896267361,0.455880000620919,0.767944870877505,-0.478045682121247
"3450",0.767944870877505,-0.478045682121247,1.18647482550575,0.0928515162060983
"3451",1.18647482550575,0.0928515162060983,0.648389817115893,-0.267384441405531
"3452",0.648389817115893,-0.267384441405531,2.76355433760782,-0.357617963733638
"3453",2.76355433760782,-0.357617963733638,0.648040751265495,-0.0919788515801011
"3454",0.648040751265495,-0.0919788515801011,0.501433094097971,-0.420624349730633
"3455",0.501433094097971,-0.420624349730633,2.29580609807334,0.31101767270539
"3456",2.29580609807334,0.31101767270539,1.86924762888593,0.172089464246641
"3457",1.86924762888593,0.172089464246641,0.931656754714573,-0.239459173373622
"3458",0.931656754714573,-0.239459173373622,1.27496301858186,-0.458323461573711
"3459",1.27496301858186,-0.458323461573711,0.606850980918428,0.257610597594363
"3460",0.606850980918428,0.257610597594363,0.21223203704251,-0.311192205630589
"3461",0.21223203704251,-0.311192205630589,0.855211333477221,0.105592419745657
"3462",0.855211333477221,0.105592419745657,5.81124827744032,-0.145036860840729
"3463",5.81124827744032,-0.145036860840729,0.440521103203369,-0.264242848751941
"3464",0.440521103203369,-0.264242848751941,0.578925712886519,-0.165457213089062
"3465",0.578925712886519,-0.165457213089062,5.72118928803741,0.381179908635562
"3466",5.72118928803741,0.381179908635562,6.21232493954862,-0.146433124242324
"3467",6.21232493954862,-0.146433124242324,0.016929693744345,-0.323933109170148
"3468",0.016929693744345,-0.323933109170148,5.90060913514243,0.200887396904547
"3469",5.90060913514243,0.200887396904547,4.9871038046486,0.245044226980004
"3470",4.9871038046486,0.245044226980004,0.0164060949687467,-0.389732021970334
"3471",0.0164060949687467,-0.389732021970334,6.14303536824444,0.120951317163207
"3472",6.14303536824444,0.120951317163207,4.8310713695203,-0.0778416846389471
"3473",4.8310713695203,-0.0778416846389471,4.62599518241097,-0.379783645233966
"3474",4.62599518241097,-0.379783645233966,5.0483648613936,-0.119031454986013
"3475",5.0483648613936,-0.119031454986013,4.68062398799839,-0.111526539202438
"3476",4.68062398799839,-0.111526539202438,3.79225139873328,0.297055038689435
"3477",3.79225139873328,0.297055038689435,3.66117717190851,0.0932005820564972
"3478",3.66117717190851,0.0932005820564972,3.92838708038884,0.138055543832751
"3479",3.92838708038884,0.138055543832751,2.62165906942068,-0.455356401845321
"3480",2.62165906942068,-0.455356401845321,3.43864769227923,0.220435084526884
"3481",3.43864769227923,0.220435084526884,2.01166649584866,0.16929693744345
"3482",2.01166649584866,0.16929693744345,1.91096099800859,-0.137182879206754
"3483",1.91096099800859,-0.137182879206754,3.0482175386081,0.180641577581413
"3484",3.0482175386081,0.180641577581413,2.4612633111624,0.0706858347057703
"3485",2.4612633111624,0.0706858347057703,1.84097329500362,0.148003920569119
"3486",1.84097329500362,0.148003920569119,2.32216056977846,-0.0968657734856853
"3487",2.32216056977846,-0.0968657734856853,1.48806772025037,0.174532925199433
"3488",1.48806772025037,0.174532925199433,1.88827171773267,0.297578637465033
"3489",1.88827171773267,0.297578637465033,0.245218759905203,-0.193033415270573
"3490",0.245218759905203,-0.193033415270573,0.882613002733532,-0.152018177848706
"3491",0.882613002733532,-0.152018177848706,0.361108622237627,-0.0424115008234622
"3492",0.361108622237627,-0.0424115008234622,2.276258410451,0.292866248484649
"3493",2.276258410451,0.292866248484649,6.0014891659077,-0.187099295813792
"3494",6.0014891659077,-0.187099295813792,0.382750704962356,-0.41538836197465
"3495",0.382750704962356,-0.41538836197465,5.6004125037994,0.444360827557756
"3496",5.6004125037994,0.444360827557756,0.599171532209653,0.130201562198777
"3497",0.599171532209653,0.130201562198777,1.60622651061038,0.301941960595019
"3498",1.60622651061038,0.301941960595019,5.89205702180766,-0.412072236395861
"3499",5.89205702180766,-0.412072236395861,5.45031418812789,0.208741378538522
"3500",5.45031418812789,0.208741378538522,5.5098299156209,-0.0539306738866248
"3501",5.5098299156209,-0.0539306738866248,6.09957666986978,-0.419751685104636
"3502",6.09957666986978,-0.419751685104636,5.29969227368078,0.404916386462684
"3503",5.29969227368078,0.404916386462684,4.58323461573711,0.300022098417825
"3504",4.58323461573711,0.300022098417825,5.09880487677623,-0.453785605518526
"3505",5.09880487677623,-0.453785605518526,3.68770617653882,0.181863308057809
"3506",3.68770617653882,0.181863308057809,3.49135663568946,0.219038821125288
"3507",3.49135663568946,0.219038821125288,5.48731516827017,0.0521853446346305
"3508",5.48731516827017,0.0521853446346305,3.92018403290446,0.158999494856683
"3509",3.92018403290446,0.158999494856683,3.54755623760367,0.334405084682113
"3510",3.54755623760367,0.334405084682113,2.70386407718961,0.118856922060814
"3511",2.70386407718961,0.118856922060814,3.74931629913422,-0.260926723173152
"3512",3.74931629913422,-0.260926723173152,2.40314384707099,-0.385194165915149
"3513",2.40314384707099,-0.385194165915149,2.10835773640915,0.253247274464377
"3514",2.10835773640915,0.253247274464377,3.16288567046412,0.125314640293193
"3515",3.16288567046412,0.125314640293193,0.92956235961218,-0.102101761241668
"3516",0.92956235961218,-0.102101761241668,1.77534891512863,-0.501956692873569
"3517",1.77534891512863,-0.501956692873569,0.592015682276477,-0.19704767255016
"3518",0.592015682276477,-0.19704767255016,1.40062672472545,-0.217817090648892
"3519",1.40062672472545,-0.217817090648892,2.04919107476654,0.0937241808320955
"3520",2.04919107476654,0.0937241808320955,0.34766958699727,-0.211882971192112
"3521",0.34766958699727,-0.211882971192112,1.24110363109317,-0.202109127380943
"3522",1.24110363109317,-0.202109127380943,0.0820304748437335,-0.417308224151844
"3523",0.0820304748437335,-0.417308224151844,0.173485727648236,-0.275936554740303
"3524",0.173485727648236,-0.275936554740303,5.87460372928771,-0.176976386152225
"3525",5.87460372928771,-0.176976386152225,5.52082548990846,0.196000474998963
"3526",5.52082548990846,0.196000474998963,5.78890806301479,-0.0537561409614253
"3527",5.78890806301479,-0.0537561409614253,5.45764457098627,0.436332312998582
"3528",5.45764457098627,0.436332312998582,5.01433094097971,-0.284314135149876
"3529",5.01433094097971,-0.284314135149876,0.741066800396792,0.0527089434102287
"3530",0.741066800396792,0.0527089434102287,4.56019626961078,0.276634686441101
"3531",4.56019626961078,0.276634686441101,0.22776546738526,0.126361837844389
"3532",0.22776546738526,0.126361837844389,5.34699069640983,-0.299847565492626
"3533",5.34699069640983,-0.299847565492626,5.19130732713193,-0.0593411945678072
"3534",5.19130732713193,-0.0593411945678072,4.27553306861051,0.323584043319749
"3535",4.27553306861051,0.323584043319749,5.13667852154451,-0.200887396904547
"3536",5.13667852154451,-0.200887396904547,4.86964314598938,0.0874409955249159
"3537",4.86964314598938,0.0874409955249159,2.55900174927409,-0.350462113800461
"3538",2.55900174927409,-0.350462113800461,3.70550853490916,-0.167900674041854
"3539",3.70550853490916,-0.167900674041854,3.42992104601926,-0.209788576089718
"3540",3.42992104601926,-0.209788576089718,3.33096087743118,0.156556033903891
"3541",3.33096087743118,0.156556033903891,2.08776285123562,0.252898208613978
"3542",2.08776285123562,0.252898208613978,1.85406326439358,0.293215314335047
"3543",1.85406326439358,0.293215314335047,2.14797671042942,0.362679418564422
"3544",2.14797671042942,0.362679418564422,2.26002684840746,0.191637151868977
"3545",2.26002684840746,0.191637151868977,3.76554786117777,0.224100275956072
"3546",3.76554786117777,0.224100275956072,1.59854706190161,0.287281194878267
"3547",1.59854706190161,0.287281194878267,0.986460093227195,-0.109606677025244
"3548",0.986460093227195,-0.109606677025244,2.36527020230272,-0.100007366139275
"3549",2.36527020230272,-0.100007366139275,2.9237755629409,0.0790634151153431
"3550",2.9237755629409,0.0790634151153431,2.81155089203767,0.249931148885588
"3551",2.81155089203767,0.249931148885588,0.603011256564041,-0.217642557723693
"3552",0.603011256564041,-0.217642557723693,0.699527964199327,0.414515697348653
"3553",0.699527964199327,0.414515697348653,0.584161700642502,-0.283441470523879
"3554",0.584161700642502,-0.283441470523879,2.24152635833632,-0.275063890114306
"3555",2.24152635833632,-0.275063890114306,1.89455490303984,0.197745804250958
"3556",1.89455490303984,0.197745804250958,1.18315869992696,0.337721210260903
"3557",1.18315869992696,0.337721210260903,0.198094870101356,-0.155334303427495
"3558",0.198094870101356,-0.155334303427495,0.331088959103324,0.115366263556825
"3559",0.331088959103324,0.115366263556825,5.43163916513155,-0.268606171881927
"3560",5.43163916513155,-0.268606171881927,1.11718525420157,-0.33248522250492
"3561",1.11718525420157,-0.33248522250492,0.91402892926943,-0.210312174865317
"3562",0.91402892926943,-0.210312174865317,5.90095820099283,-0.184132236085402
"3563",5.90095820099283,-0.184132236085402,4.56351239518957,0.281521608346685
"3564",4.56351239518957,0.281521608346685,5.356764540221,-0.404567320612286
"3565",5.356764540221,-0.404567320612286,5.51558950215248,0.256912465893565
"3566",5.51558950215248,0.256912465893565,5.8800142499689,0.0713839664065681
"3567",5.8800142499689,0.0713839664065681,5.73742085008096,0.133168621927167
"3568",5.73742085008096,0.133168621927167,5.2934090883736,0.28623399732707
"3569",5.2934090883736,0.28623399732707,3.85700311398227,0.186924762888593
"3570",3.85700311398227,0.186924762888593,2.90387880946817,-0.347495054072071
"3571",2.90387880946817,-0.347495054072071,3.36185320519148,-0.212057504117311
"3572",3.36185320519148,-0.212057504117311,2.78310202523016,0.100530964914873
"3573",2.78310202523016,0.100530964914873,2.4324653785045,0.309970475154193
"3574",2.4324653785045,0.309970475154193,2.00643050809268,0.057246799465414
"3575",2.00643050809268,0.057246799465414,2.04151162605777,0.192509816494975
"3576",2.04151162605777,0.192509816494975,3.02046680350139,0.112050137978036
"3577",3.02046680350139,0.112050137978036,2.47400421470196,-0.314682864134578
"3578",2.47400421470196,-0.314682864134578,1.92684349420174,0.251152879361984
"3579",1.92684349420174,0.251152879361984,0.584336233567701,-0.167900674041854
"3580",0.584336233567701,-0.167900674041854,1.42645759765497,-0.0890117918517108
"3581",1.42645759765497,-0.0890117918517108,1.8167132184009,0.20001473227855
"3582",1.8167132184009,0.20001473227855,0.818035820409742,-0.159348560707082
"3583",0.818035820409742,-0.159348560707082,1.36921079818955,-0.260403124397554
"3584",1.36921079818955,-0.260403124397554,1.03655104275943,-0.348018652847669
"3585",1.03655104275943,-0.348018652847669,0.594284610304069,-0.324980306721344
"3586",0.594284610304069,-0.324980306721344,0.261799387799149,0.168598805742652
"3587",0.261799387799149,0.168598805742652,1.22068327884483,-0.19390607989657
"3588",1.22068327884483,-0.19390607989657,5.2942817529996,-0.123918376891597
"3589",5.2942817529996,-0.123918376891597,5.39394005328848,0.203330857857339
"3590",5.39394005328848,0.203330857857339,5.97897441855697,0.404567320612286
"3591",5.97897441855697,0.404567320612286,4.39665891869892,-0.126710903694788
"3592",4.39665891869892,-0.126710903694788,3.88911717221896,-0.242426233102012
"3593",3.88911717221896,-0.242426233102012,3.70446133735796,-0.262322986574748
"3594",3.70446133735796,-0.262322986574748,5.58749706733465,0.210661240715716
"3595",5.58749706733465,0.210661240715716,5.14173997637529,-0.304909020323409
"3596",5.14173997637529,-0.304909020323409,3.9093629915421,0.160221225333079
"3597",3.9093629915421,0.160221225333079,4.3720497762458,0.251501945212383
"3598",4.3720497762458,0.251501945212383,4.47729313014105,-0.0315904594610974
"3599",4.47729313014105,-0.0315904594610974,2.90195894729097,-0.259355926846357
"3600",2.90195894729097,-0.259355926846357,2.93302580797647,-0.0886627260013119
"3601",2.93302580797647,-0.0886627260013119,2.82010300537244,-0.326900168898538
"3602",2.82010300537244,-0.326900168898538,3.36586746247106,0.234223185617639
"3603",3.36586746247106,0.234223185617639,2.69845355650843,-0.388859357344337
"3604",2.69845355650843,-0.388859357344337,2.91941223981092,0.128805298797182
"3605",2.91941223981092,0.128805298797182,1.80624124288893,-0.17226399717184
"3606",1.80624124288893,-0.17226399717184,2.27276775194702,-0.140324471860344
"3607",2.27276775194702,-0.140324471860344,2.21220482690281,0.28012534494509
"3608",2.21220482690281,0.28012534494509,1.16326194645422,0.314333798284179
"3609",1.16326194645422,0.314333798284179,1.10968033841799,-0.127932634171184
"3610",1.10968033841799,-0.127932634171184,0.813148898504158,-0.198443935951755
"3611",0.813148898504158,-0.198443935951755,0.970577597034047,-0.269653369433124
"3612",0.970577597034047,-0.269653369433124,0.380656309859963,0.231430658814448
"3613",0.380656309859963,0.231430658814448,0.402821991360291,0.110304808726042
"3614",0.402821991360291,0.110304808726042,1.42907559153296,-0.28309240467348
"3615",1.42907559153296,-0.28309240467348,5.81578613349551,0.202283660306143
"3616",5.81578613349551,0.202283660306143,6.07409486279067,0.276634686441101
"3617",6.07409486279067,0.276634686441101,0.00506145483078355,-0.223402144255274
"3618",0.00506145483078355,-0.223402144255274,0.674744288821008,-0.0808087443673375
"3619",0.674744288821008,-0.0808087443673375,5.42587957859997,0.207868713912525
"3620",5.42587957859997,0.207868713912525,0.574038790980935,0.382052573261559
"3621",0.574038790980935,0.382052573261559,0.0212930168743308,0.156730566829091
"3622",0.0212930168743308,0.156730566829091,5.81124827744032,-0.290946386307455
"3623",5.81124827744032,-0.290946386307455,5.6641170214972,-0.231081592964049
"3624",5.6641170214972,-0.231081592964049,5.32744300878749,0.200712863979348
"3625",5.32744300878749,0.200712863979348,6.10655798687776,0.0640535835481919
"3626",6.10655798687776,0.0640535835481919,4.88290764830453,-0.196175007924163
"3627",4.88290764830453,-0.196175007924163,5.01276014465291,0.12007865253721
"3628",5.01276014465291,0.12007865253721,4.72041749494386,0.171740398396242
"3629",4.72041749494386,0.171740398396242,5.28136631653484,-0.150098315671512
"3630",5.28136631653484,-0.150098315671512,4.8317695012211,0.266162710929135
"3631",4.8317695012211,0.266162710929135,4.16156306845528,-0.293564380185446
"3632",4.16156306845528,-0.293564380185446,4.56997011342195,0.328994564000931
"3633",4.56997011342195,0.328994564000931,4.50521839817296,-0.238586508747625
"3634",4.50521839817296,-0.238586508747625,4.6476372651357,0.271049632834719
"3635",4.6476372651357,0.271049632834719,4.3718752433206,-0.282917871748281
"3636",4.3718752433206,-0.282917871748281,3.00528243900904,0.145909525466726
"3637",3.00528243900904,0.145909525466726,2.88485472062143,-0.320442450666159
"3638",2.88485472062143,-0.320442450666159,2.5242696971594,0.374024058702385
"3639",2.5242696971594,0.374024058702385,2.31029233086489,-0.0935496479068961
"3640",2.31029233086489,-0.0935496479068961,1.92527269787494,0.261275789023551
"3641",1.92527269787494,0.261275789023551,2.1844540917961,0.0755727566113545
"3642",2.1844540917961,0.0755727566113545,1.67900674041855,-0.189542756766584
"3643",1.67900674041855,-0.189542756766584,4.16924251716405,0.155857902203094
"3644",4.16924251716405,0.155857902203094,3.70358867273197,0.140848070635942
"3645",3.70358867273197,0.140848070635942,2.02388380061262,0.103847090493663
"3646",2.02388380061262,0.103847090493663,1.2611749174911,0.0413643032722656
"3647",1.2611749174911,0.0413643032722656,1.32784649491729,0.294087978961045
"3648",1.32784649491729,0.294087978961045,1.23848563721518,-0.42167154728183
"3649",1.23848563721518,-0.42167154728183,0.201760061530544,-0.245742358680802
"3650",0.201760061530544,-0.245742358680802,6.10847784905495,0.290073721681458
"3651",6.10847784905495,0.290073721681458,0.595331807855266,-0.153588974175501
"3652",0.595331807855266,-0.153588974175501,5.86046656234656,-0.274889357189107
"3653",5.86046656234656,-0.274889357189107,5.97496016127739,-0.102276294166868
"3654",5.97496016127739,-0.102276294166868,1.8479546120116,0.140673537710743
"3655",1.8479546120116,0.140673537710743,6.13203979395688,0.231605191739647
"3656",6.13203979395688,0.231605191739647,5.90532152412281,0.423416876533824
"3657",5.90532152412281,0.423416876533824,5.69082055905271,-0.250454747661186
"3658",5.69082055905271,-0.250454747661186,5.14802316168247,-0.342433599241287
"3659",5.14802316168247,-0.342433599241287,4.65898190527366,-0.160221225333079
"3660",4.65898190527366,-0.160221225333079,5.56498231998392,0.121125850088406
"3661",5.56498231998392,0.121125850088406,5.55136875181836,-0.382052573261559
"3662",5.55136875181836,-0.382052573261559,4.38269628468296,0.10786134777325
"3663",4.38269628468296,0.10786134777325,5.03021343717286,-0.429700061841004
"3664",5.03021343717286,-0.429700061841004,3.71109358851554,0.194255145746969
"3665",3.71109358851554,0.194255145746969,3.67880499735365,-0.290073721681458
"3666",3.67880499735365,-0.290073721681458,4.73106400338103,0.208566845613322
"3667",4.73106400338103,0.208566845613322,4.81920313060674,0.109257611174845
"3668",4.81920313060674,0.109257611174845,2.38010550094467,0.121823981789204
"3669",2.38010550094467,0.121823981789204,3.9714967129131,0.108035880698449
"3670",3.9714967129131,0.108035880698449,3.09464329671115,-0.294786110661842
"3671",3.09464329671115,-0.294786110661842,2.41989900789014,-0.0959931088596881
"3672",2.41989900789014,-0.0959931088596881,1.84254409133041,-0.16615534478986
"3673",1.84254409133041,-0.16615534478986,2.81329622128966,-0.279078147393893
"3674",2.81329622128966,-0.279078147393893,2.24920580704509,-0.122871179340401
"3675",2.24920580704509,-0.122871179340401,1.50656821032151,-0.259355926846357
"3676",1.50656821032151,-0.259355926846357,3.37162704900265,-0.205948851735331
"3677",3.37162704900265,-0.205948851735331,1.20427718387609,-0.463384916404494
"3678",1.20427718387609,-0.463384916404494,2.05407799667213,0.120951317163207
"3679",2.05407799667213,0.120951317163207,0.992394212683976,-0.109606677025244
"3680",0.992394212683976,-0.109606677025244,1.90363061515022,-0.263195651200745
"3681",1.90363061515022,-0.263195651200745,1.05260807187778,-0.229510796637254
"3682",1.05260807187778,-0.229510796637254,1.79000968084538,-0.56618480934696
"3683",1.79000968084538,-0.56618480934696,1.20706971067928,-0.130725160974375
"3684",1.20706971067928,-0.130725160974375,5.97722908930498,0.223402144255274
"3685",5.97722908930498,0.223402144255274,6.04826398986115,-0.101752695391269
"3686",6.04826398986115,-0.101752695391269,5.89781660833924,-0.341386401690091
"3687",5.89781660833924,-0.341386401690091,5.80147443362915,-0.279427213244292
"3688",5.80147443362915,-0.279427213244292,5.94633676154468,0.364424747816416
"3689",5.94633676154468,0.364424747816416,5.34262737327984,-0.0708603676309698
"3690",5.34262737327984,-0.0708603676309698,5.50075420351053,-0.0162315620435473
"3691",5.50075420351053,-0.0162315620435473,0.0417133691226645,-0.42481313993542
"3692",0.0417133691226645,-0.42481313993542,4.80314610148839,-0.176801853227026
"3693",4.80314610148839,-0.176801853227026,3.83379023493074,-0.275936554740303
"3694",3.83379023493074,-0.275936554740303,5.54211850678279,-0.208217779762924
"3695",5.54211850678279,-0.208217779762924,3.76921305260695,-0.232477856365645
"3696",3.76921305260695,-0.232477856365645,4.38688507488775,0.127234502470387
"3697",4.38688507488775,0.127234502470387,4.06836248639878,0.176801853227026
"3698",4.06836248639878,0.176801853227026,5.34541990008303,-0.25848326222036
"3699",5.34541990008303,-0.25848326222036,3.85700311398227,-0.494102711239595
"3700",3.85700311398227,-0.494102711239595,2.96095107600838,-0.291993583858651
"3701",2.96095107600838,-0.291993583858651,5.40790268730443,-0.243473430653209
"3702",5.40790268730443,-0.243473430653209,3.06532176527764,-0.0874409955249159
"3703",3.06532176527764,-0.0874409955249159,2.39808239224021,-0.132994089001968
"3704",2.39808239224021,-0.132994089001968,2.43874856381168,0.161966554585074
"3705",2.43874856381168,0.161966554585074,3.41840187295609,-0.393571746324721
"3706",3.41840187295609,-0.393571746324721,3.12571015739664,-0.277856416917497
"3707",3.12571015739664,-0.277856416917497,1.94237692454449,-0.22165681500328
"3708",1.94237692454449,-0.22165681500328,3.20756609931518,0.211708438266912
"3709",3.20756609931518,0.211708438266912,2.70438767596521,-0.211533905341713
"3710",2.70438767596521,-0.211533905341713,3.11541271480988,0.188495559215388
"3711",3.11541271480988,0.188495559215388,2.60141325009755,0.0438077642250577
"3712",2.60141325009755,0.0438077642250577,1.63467537741789,-0.593062879827673
"3713",1.63467537741789,-0.593062879827673,2.92045943736211,0.132121424375971
"3714",2.92045943736211,0.132121424375971,1.06447631079134,-0.109257611174845
"3715",1.06447631079134,-0.109257611174845,1.21754168619124,0.343829862642883
"3716",1.21754168619124,0.343829862642883,0.842994028713261,-0.150621914447111
"3717",0.842994028713261,-0.150621914447111,2.20731790499723,-0.174183859349034
"3718",2.20731790499723,-0.174183859349034,1.96541527067081,0.346622389446074
"3719",1.96541527067081,0.346622389446074,0.321838714067754,-0.2155481626213
"3720",0.321838714067754,-0.2155481626213,1.42698119643056,0.0713839664065681
"3721",1.42698119643056,0.0713839664065681,0.0630063859969953,-0.15690509975429
"3722",0.0630063859969953,-0.15690509975429,1.80990643431812,0.24940755010999
"3723",1.80990643431812,0.24940755010999,6.12994539885448,0.303163691071415
"3724",6.12994539885448,0.303163691071415,1.36013508607918,0.172787595947439
"3725",1.36013508607918,0.172787595947439,5.98333774168696,0.215897228471699
"3726",5.98333774168696,0.215897228471699,5.52833040569204,-0.197396738400559
"3727",5.52833040569204,-0.197396738400559,1.21352742891166,-0.274889357189107
"3728",1.21352742891166,-0.274889357189107,0.927991563285385,0.255690735417169
"3729",0.927991563285385,0.255690735417169,1.35804069097679,-0.108035880698449
"3730",1.35804069097679,-0.108035880698449,5.4787630549354,0.0966912405604859
"3731",5.4787630549354,0.0966912405604859,5.19305265638393,-0.300371164268224
"3732",5.19305265638393,-0.300371164268224,5.50756098759331,-0.091106186954104
"3733",5.50756098759331,-0.091106186954104,6.06571728238109,0.108908545324446
"3734",6.06571728238109,0.108908545324446,4.84904826081585,-0.378038315981972
"3735",4.84904826081585,-0.378038315981972,0.0160570291183478,-0.367042741694408
"3736",0.0160570291183478,-0.367042741694408,3.20582077006318,-0.0919788515801011
"3737",3.20582077006318,-0.0919788515801011,3.1700415203973,-0.417308224151844
"3738",3.1700415203973,-0.417308224151844,4.68655810745517,-0.112399203828435
"3739",4.68655810745517,-0.112399203828435,4.53209646865368,0.208392312688123
"3740",4.53209646865368,0.208392312688123,2.4307200492525,-0.132819556076768
"3741",2.4307200492525,-0.132819556076768,3.32694662015159,0.227940000310459
"3742",3.32694662015159,0.227940000310459,3.42974651309406,-0.315904594610974
"3743",3.42974651309406,-0.315904594610974,3.09813395521513,-0.318697121414165
"3744",3.09813395521513,-0.318697121414165,3.37389597703024,-0.495149908790791
"3745",3.37389597703024,-0.495149908790791,1.96070288169043,0.227590934460061
"3746",1.96070288169043,0.227590934460061,2.52950568491538,-0.19687313962496
"3747",2.52950568491538,-0.19687313962496,2.85047173435714,-0.352032910127256
"3748",2.85047173435714,-0.352032910127256,4.0936697605527,0.192858882345373
"3749",4.0936697605527,0.192858882345373,2.0299924529946,0.14782938764392
"3750",2.0299924529946,0.14782938764392,2.26526283616344,0.119555053761612
"3751",2.26526283616344,0.119555053761612,2.89672295953499,-0.428129265514209
"3752",2.89672295953499,-0.428129265514209,1.91724418331577,-0.168598805742652
"3753",1.91724418331577,-0.168598805742652,0.301069295969022,-0.177499984927823
"3754",0.301069295969022,-0.177499984927823,0.429874594766203,-0.447327887286147
"3755",0.429874594766203,-0.447327887286147,6.26398668540765,0.242949831877611
"3756",6.26398668540765,0.242949831877611,1.61250969591756,0.230383461263251
"3757",1.61250969591756,0.230383461263251,0.119729586686811,-0.123743843966398
"3758",0.119729586686811,-0.123743843966398,5.40860081900523,-0.240331837999619
"3759",5.40860081900523,-0.240331837999619,4.81693420257915,-0.119729586686811
"3760",4.81693420257915,-0.119729586686811,0.215897228471699,0.171216799620644
"3761",0.215897228471699,0.171216799620644,5.54578369821198,0.302116493520218
"3762",5.54578369821198,0.302116493520218,5.40598282512724,-0.336324946859307
"3763",5.40598282512724,-0.336324946859307,5.11381470834339,-0.196349540849362
"3764",5.11381470834339,-0.196349540849362,3.31682371049002,-0.264417381677141
"3765",3.31682371049002,-0.264417381677141,3.54790530345407,0.196698606699761
"3766",3.54790530345407,0.196698606699761,3.81302081683201,-0.312763001957384
"3767",3.81302081683201,-0.312763001957384,3.05118459833649,0.2771582852167
"3768",3.05118459833649,0.2771582852167,2.13157061546067,-0.185179433636598
"3769",2.13157061546067,-0.185179433636598,2.12668369355509,0.253421807389577
"3770",2.12668369355509,0.253421807389577,1.98531202414355,0.183434104384604
"3771",1.98531202414355,0.183434104384604,3.15171556325136,0.178198116628621
"3772",3.15171556325136,0.178198116628621,3.38157542573901,-0.183783170235003
"3773",3.38157542573901,-0.183783170235003,3.30041761552128,-0.126361837844389
"3774",3.30041761552128,-0.126361837844389,2.83807989666798,0.0719075651821664
"3775",2.83807989666798,0.0719075651821664,3.01400908526901,0.0916297857297023
"3776",3.01400908526901,0.0916297857297023,1.52035631141226,-0.124965574442794
"3777",1.52035631141226,-0.124965574442794,3.77584530376453,-0.224274808881271
"3778",3.77584530376453,-0.224274808881271,1.8788469397719,0.0645771823237902
"3779",1.8788469397719,0.0645771823237902,2.52741128981299,0.173660260573436
"3780",2.52741128981299,0.173660260573436,3.06392550187605,0.349240383324065
"3781",3.06392550187605,0.349240383324065,1.86645510208274,-0.143815130364333
"3782",1.86645510208274,-0.143815130364333,0.4000294645571,0.161093889959077
"3783",0.4000294645571,0.161093889959077,0.210835773640915,0.150272848596712
"3784",0.210835773640915,0.150272848596712,6.22925463329296,0.25534166956677
"3785",6.22925463329296,0.25534166956677,5.76447345348687,0.105417886820457
"3786",5.76447345348687,0.105417886820457,5.6005870367246,-0.379260046458368
"3787",5.6005870367246,-0.379260046458368,5.4175019981904,-0.0979129710368819
"3788",5.4175019981904,-0.0979129710368819,0.953473370364502,-0.236666646570431
"3789",0.953473370364502,-0.236666646570431,0.315730061685774,-0.165980811864661
"3790",0.315730061685774,-0.165980811864661,5.67476352993436,0.336324946859307
"3791",5.67476352993436,0.336324946859307,5.15238648481246,-0.231779724664847
"3792",5.15238648481246,-0.231779724664847,4.91641796994283,-0.215897228471699
"3793",4.91641796994283,-0.215897228471699,5.45921536731306,0.14782938764392
"3794",5.45921536731306,0.14782938764392,4.56822478416996,-0.286059464401871
"3795",4.56822478416996,-0.286059464401871,0.1232202451908,-0.217642557723693
"3796",0.1232202451908,-0.217642557723693,5.55067062011757,-0.225147473507269
"3797",5.55067062011757,-0.225147473507269,5.19619424903752,-0.0534070751110265
"3798",5.19619424903752,-0.0534070751110265,4.2170645386687,0.205076187109334
"3799",4.2170645386687,0.205076187109334,3.83553556418274,-0.223751210105673
"3800",3.83553556418274,-0.223751210105673,3.18592401659045,0.356047167406843
"3801",3.18592401659045,0.356047167406843,3.17597563985408,0.165980811864661
"3802",3.17597563985408,0.165980811864661,4.7396161167158,0.303861822772213
"3803",4.7396161167158,0.303861822772213,4.29455715745725,-0.228987197861656
"3804",4.29455715745725,-0.228987197861656,2.8014279823761,0.41556289489985
"3805",2.8014279823761,0.41556289489985,4.23207437023585,-0.423416876533824
"3806",4.23207437023585,-0.423416876533824,2.0020671849627,-0.171914931321441
"3807",2.0020671849627,-0.171914931321441,1.76243347866387,-0.104021623418862
"3808",1.76243347866387,-0.104021623418862,3.06357643602565,0.307177948351002
"3809",3.06357643602565,0.307177948351002,1.60308491795679,0.147305788868321
"3810",1.60308491795679,0.147305788868321,2.63597076928704,-0.371755130674792
"3811",2.63597076928704,-0.371755130674792,2.10783413763355,0.31101767270539
"3812",2.10783413763355,0.31101767270539,2.28219252990779,0.261101256098352
"3813",2.28219252990779,0.261101256098352,1.41912721479659,-0.139277274309147
"3814",1.41912721479659,-0.139277274309147,1.55369210012535,0.0244346095279206
"3815",1.55369210012535,0.0244346095279206,1.94394772087128,0.241204502625616
"3816",1.94394772087128,0.241204502625616,1.55404116597575,-0.113271868454432
"3817",1.55404116597575,-0.113271868454432,1.31440745967693,0.181339709282211
"3818",1.31440745967693,0.181339709282211,1.34163459600804,-0.388161225643539
"3819",1.34163459600804,-0.388161225643539,2.61799387799149,0.13857914260835
"3820",2.61799387799149,0.13857914260835,0.0663225115757845,0.262322986574748
"3821",0.0663225115757845,0.262322986574748,5.27490859830246,-0.300894763043822
"3822",5.27490859830246,-0.300894763043822,0.64943701466709,0.200538331054148
"3823",0.64943701466709,0.200538331054148,0.435983247148183,-0.170344134994647
"3824",0.435983247148183,-0.170344134994647,5.03038797009806,-0.298102236240631
"3825",5.03038797009806,-0.298102236240631,4.94696123185273,-0.212581102892909
"3826",4.94696123185273,-0.212581102892909,4.66334522840365,-0.0909316540289046
"3827",4.66334522840365,-0.0909316540289046,0.729198561483231,0.240331837999619
"3828",0.729198561483231,0.240331837999619,4.37379510549779,-0.234921317318437
"3829",4.37379510549779,-0.234921317318437,5.12009789365057,-0.222704012554476
"3830",5.12009789365057,-0.222704012554476,5.03126063472405,0.191288086018579
"3831",5.03126063472405,0.191288086018579,4.7090728548059,0.0973893722612836
"3832",4.7090728548059,0.0973893722612836,5.73776991593136,0.328820031075732
"3833",5.73776991593136,0.328820031075732,5.28991842986961,0.15097098029751
"3834",5.28991842986961,0.15097098029751,4.4645522266015,-0.217817090648892
"3835",4.4645522266015,-0.217817090648892,4.62320265560778,0.202632726156542
"3836",4.62320265560778,0.202632726156542,4.29316089405565,-0.288153859504264
"3837",4.29316089405565,-0.288153859504264,4.0934952276275,0.218689755274889
"3838",4.0934952276275,0.218689755274889,3.37459410873104,0.385019632989949
"3839",3.37459410873104,0.385019632989949,2.79374853366732,0.0860447321233204
"3840",2.79374853366732,0.0860447321233204,4.37449323719859,0.333532420056116
"3841",4.37449323719859,0.333532420056116,3.17300858012569,0.185353966561798
"3842",3.17300858012569,0.185353966561798,2.37853470461787,-0.2155481626213
"3843",2.37853470461787,-0.2155481626213,2.66249977391735,0.405090919387884
"3844",2.66249977391735,0.405090919387884,1.88321026290188,-0.0919788515801011
"3845",1.88321026290188,-0.0919788515801011,2.93895992743325,-0.136659280431156
"3846",2.93895992743325,-0.136659280431156,2.64277755336981,-0.379958178159165
"3847",2.64277755336981,-0.379958178159165,3.41264228642451,0.172787595947439
"3848",3.41264228642451,0.172787595947439,2.13349047763787,-0.115017197706426
"3849",2.13349047763787,-0.115017197706426,1.31074226824774,-0.0712094334813687
"3850",1.31074226824774,-0.0712094334813687,1.31405839382653,-0.159174027781883
"3851",1.31405839382653,-0.159174027781883,1.20846597408087,-0.148876585195116
"3852",1.20846597408087,-0.148876585195116,1.64619455048105,-0.306130750799805
"3853",1.64619455048105,-0.306130750799805,1.57358885359809,-0.145036860840729
"3854",1.57358885359809,-0.145036860840729,0.785398163397448,0.2462659574564
"3855",0.785398163397448,0.2462659574564,1.13149695406792,0.287106661953067
"3856",1.13149695406792,0.287106661953067,1.32522850103929,0.0647517152489896
"3857",1.32522850103929,0.0647517152489896,0.0130899693899575,0.289724655831059
"3858",0.0130899693899575,0.289724655831059,6.13832297926406,-0.0525344104850293
"3859",6.13832297926406,-0.0525344104850293,6.20673988594223,0.262846585350346
"3860",6.20673988594223,0.262846585350346,4.91729063456882,0.107512281922851
"3861",4.91729063456882,0.107512281922851,4.02088953074454,0.182910505609006
"3862",4.02088953074454,0.182910505609006,4.96581078777427,0.0397935069454707
"3863",4.96581078777427,0.0397935069454707,5.416280267714,-0.0925024503556995
"3864",5.416280267714,-0.0925024503556995,4.97610823036103,-0.229685329562454
"3865",4.97610823036103,-0.229685329562454,3.72121649817711,-0.241553568476015
"3866",3.72121649817711,-0.241553568476015,4.75375328365696,-0.280299877870289
"3867",4.75375328365696,-0.280299877870289,5.40493562757604,0.0542797397370236
"3868",5.40493562757604,0.0542797397370236,4.88168591782814,-0.169646003293849
"3869",4.88168591782814,-0.169646003293849,5.09129996099266,-0.198443935951755
"3870",5.09129996099266,-0.198443935951755,4.8933796238165,-0.106988683147252
"3871",4.8933796238165,-0.106988683147252,4.31550110848118,-0.241204502625616
"3872",4.31550110848118,-0.241204502625616,4.12665648341539,0.0932005820564972
"3873",4.12665648341539,0.0932005820564972,4.73071493753063,0.154287105876299
"3874",4.73071493753063,0.154287105876299,4.21008322166072,-0.197222205475359
"3875",4.21008322166072,-0.197222205475359,2.75360596087145,-0.36634460999361
"3876",2.75360596087145,-0.36634460999361,3.53027747800893,0.170867733770245
"3877",3.53027747800893,0.170867733770245,2.84052335762077,0.200887396904547
"3878",2.84052335762077,0.200887396904547,2.26212124350985,0.145211393765928
"3879",2.26212124350985,0.145211393765928,3.36028240886468,0.17837264955382
"3880",3.36028240886468,0.17837264955382,3.17684830448008,0.17854718247902
"3881",3.17684830448008,0.17854718247902,4.32195882671356,0.123394778115999
"3882",4.32195882671356,0.123394778115999,2.66075444466536,-0.226543736908864
"3883",2.66075444466536,-0.226543736908864,1.55229583672376,-0.194255145746969
"3884",1.55229583672376,-0.194255145746969,2.71660498072917,0.050789081233035
"3885",2.71660498072917,0.050789081233035,2.53160008001778,-0.246615023306799
"3886",2.53160008001778,-0.246615023306799,1.73049395335238,-0.0528834763354282
"3887",1.73049395335238,-0.0528834763354282,2.05564879299892,-0.132819556076768
"3888",2.05564879299892,-0.132819556076768,0.842470429937663,-0.0923279174305
"3889",0.842470429937663,-0.0923279174305,2.26892802759263,0.0144862327915529
"3890",2.26892802759263,0.0144862327915529,2.16525547002417,-0.257261531743964
"3891",2.16525547002417,-0.257261531743964,0.175231056900231,0.256388867117967
"3892",0.175231056900231,0.256388867117967,1.62961392258711,-0.398109602379907
"3893",1.62961392258711,-0.398109602379907,6.18928659342229,0.31084313978019
"3894",6.18928659342229,0.31084313978019,1.30323735246417,-0.0872664625997165
"3895",1.30323735246417,-0.0872664625997165,0.687136126510168,-0.161617488734675
"3896",0.687136126510168,-0.161617488734675,0.587303293296092,-0.197745804250958
"3897",0.587303293296092,-0.197745804250958,1.51756378460907,0.0733038285837618
"3898",1.51756378460907,0.0733038285837618,6.26817547561244,0.328470965225333
"3899",6.26817547561244,0.328470965225333,5.10508806208341,-0.0949459113084915
"3900",5.10508806208341,-0.0949459113084915,0.501433094097971,-0.232652389290844
"3901",0.501433094097971,-0.232652389290844,4.85166625469384,0.143640597439133
"3902",4.85166625469384,0.143640597439133,0.42795473258901,0.20612338466053
"3903",0.42795473258901,0.20612338466053,4.50242587136977,-0.185179433636598
"3904",4.50242587136977,-0.185179433636598,5.9718185686238,0.367042741694408
"3905",5.9718185686238,0.367042741694408,4.07831086313515,0.22165681500328
"3906",4.07831086313515,0.22165681500328,4.65025525901369,0.226194671058465
"3907",4.65025525901369,0.226194671058465,3.50357394045342,0.182735972683806
"3908",3.50357394045342,0.182735972683806,4.28146718806729,0.287630260728665
"3909",4.28146718806729,0.287630260728665,3.85037086282469,-0.258308729295161
"3910",3.85037086282469,-0.258308729295161,2.68658531759487,-0.309795942228993
"3911",2.68658531759487,-0.309795942228993,2.79846092264771,0.293389847260247
"3912",2.79846092264771,0.293389847260247,2.22546932921797,0.10786134777325
"3913",2.22546932921797,0.10786134777325,1.9397589306665,0.0490437519810407
"3914",1.9397589306665,0.0490437519810407,3.18068802883447,0.123569311041199
"3915",3.18068802883447,0.123569311041199,1.80519404533774,0.141895268187139
"3916",1.80519404533774,0.141895268187139,1.43186811833615,0.287281194878267
"3917",1.43186811833615,0.287281194878267,2.62096093771988,0.06771877497738
"3918",2.62096093771988,0.06771877497738,2.22826185602116,-0.183259571459405
"3919",2.22826185602116,-0.183259571459405,2.26997522514382,0.17540558982543
"3920",2.26997522514382,0.17540558982543,1.26414197721949,0.25848326222036
"3921",1.26414197721949,0.25848326222036,0.899193630627479,0.137182879206754
"3922",0.899193630627479,0.137182879206754,2.25426726187588,-0.140499004785544
"3923",2.25426726187588,-0.140499004785544,0.236841179495631,-0.175231056900231
"3924",0.236841179495631,-0.175231056900231,2.81853220904564,0.162664686285871
"3925",2.81853220904564,0.162664686285871,6.19818777260746,0.0762708883121522
"3926",6.19818777260746,0.0762708883121522,1.00408791867234,-0.166504410640259
"3927",1.00408791867234,-0.166504410640259,0.5541420375082,-0.349938515024863
"3928",0.5541420375082,-0.349938515024863,0.171391332545843,0.237888377046827
"3929",0.171391332545843,0.237888377046827,0.936718209545357,0.117984257434817
"3930",0.936718209545357,0.117984257434817,0.792379480405426,-0.158824961931484
"3931",0.792379480405426,-0.158824961931484,6.13989377559085,0.282219740047483
"3932",6.13989377559085,0.282219740047483,0.376816585505576,0.209963109014918
"3933",0.376816585505576,0.209963109014918,0.0523598775598299,-0.328645498150532
"3934",0.0523598775598299,-0.328645498150532,4.92915887348239,0.391477351222328
"3935",4.92915887348239,0.391477351222328,5.04400153826361,-0.523947841448698
"3936",5.04400153826361,-0.523947841448698,0.0359537825910832,-0.30455995447301
"3937",0.0359537825910832,-0.30455995447301,3.66868208769208,0.184655834861
"3938",3.66868208769208,0.184655834861,4.64397207370651,-0.279601746169492
"3939",4.64397207370651,-0.279601746169492,3.13286600732982,-0.150447381521911
"3940",3.13286600732982,-0.150447381521911,2.44730067714645,-0.0670206432765822
"3941",2.44730067714645,-0.0670206432765822,3.28174259252494,-0.319744318965361
"3942",3.28174259252494,-0.319744318965361,3.39047660492418,0.224274808881271
"3943",3.39047660492418,0.224274808881271,2.09072991096401,0.078190750489346
"3944",2.09072991096401,0.078190750489346,2.06542263681009,0.165282680163863
"3945",2.06542263681009,0.165282680163863,2.20260551601684,0.161966554585074
"3946",2.20260551601684,0.161966554585074,2.56441226995527,-0.386764962241943
"3947",2.56441226995527,-0.386764962241943,1.06831603514573,-0.215024563845701
"3948",1.06831603514573,-0.215024563845701,0.542448331519838,-0.159697626557481
"3949",0.542448331519838,-0.159697626557481,1.92108390767016,0.164410015537866
"3950",1.92108390767016,0.164410015537866,1.83399197799564,0.0183259571459405
"3951",1.83399197799564,0.0183259571459405,1.34652151791363,0.374722190403183
"3952",1.34652151791363,0.374722190403183,0.109432144100044,0.0205948851735331
"3953",0.109432144100044,0.0205948851735331,0.229685329562454,-0.257785130519562
"3954",0.229685329562454,-0.257785130519562,0.944223125328932,0.192335283569775
"3955",0.944223125328932,0.192335283569775,0.711221670187689,-0.131248759749974
"3956",0.711221670187689,-0.131248759749974,0.307003415425803,-0.178198116628621
"3957",0.307003415425803,-0.178198116628621,1.30236468783817,0.270002435283523
"3958",1.30236468783817,0.270002435283523,1.11456726032358,0.296182374063438
"3959",1.11456726032358,0.296182374063438,0.469668101711674,0.19076448724298
"3960",0.469668101711674,0.19076448724298,5.25989876673531,-0.166853476490658
"3961",5.25989876673531,-0.166853476490658,6.14338443409484,0.0434586983746588
"3962",6.14338443409484,0.0434586983746588,0.266337243854335,0.249756615960389
"3963",0.266337243854335,0.249756615960389,5.04522326874001,-0.169646003293849
"3964",5.04522326874001,-0.169646003293849,0.0376991118430775,-0.28326693759868
"3965",0.0376991118430775,-0.28326693759868,0.273667626712711,0.0904080552533063
"3966",0.273667626712711,0.0904080552533063,4.86877048136338,0.376642052580376
"3967",4.86877048136338,0.376642052580376,4.50678919449976,0.121474915938805
"3968",4.50678919449976,0.121474915938805,3.87340920895102,-0.152716309549504
"3969",3.87340920895102,-0.152716309549504,4.02891804530371,0.0623082542961976
"3970",4.02891804530371,0.0623082542961976,3.93414666692042,0.232477856365645
"3971",3.93414666692042,0.232477856365645,3.36098054056548,0.122347580564802
"3972",3.36098054056548,0.122347580564802,3.55837727896604,0.247836753783195
"3973",3.55837727896604,0.247836753783195,3.27109608408777,-0.145560459616327
"3974",3.27109608408777,-0.145560459616327,5.09287075731945,-0.192684349420174
"3975",5.09287075731945,-0.192684349420174,3.74966536498462,0.222529479629277
"3976",3.74966536498462,0.222529479629277,2.12773089110629,0.141022603561142
"3977",2.12773089110629,0.141022603561142,1.85947378507476,-0.187099295813792
"3978",1.85947378507476,-0.187099295813792,2.90841666552335,-0.162490153360672
"3979",2.90841666552335,-0.162490153360672,3.22152873333113,-0.306479816650204
"3980",3.22152873333113,-0.306479816650204,1.82194920615688,-0.351858377202057
"3981",1.82194920615688,-0.351858377202057,1.48981304950236,-0.180990643431812
"3982",1.48981304950236,-0.180990643431812,1.48091187031719,-0.371755130674792
"3983",1.48091187031719,-0.371755130674792,1.36170588240598,0.18168877513261
"3984",1.36170588240598,0.18168877513261,1.34669605083882,0.357268897883239
"3985",1.34669605083882,0.357268897883239,0.39095375244673,0.238935574598024
"3986",0.39095375244673,0.238935574598024,0.561472420366576,-0.227416401534861
"3987",0.561472420366576,-0.227416401534861,1.21527275816365,0.293215314335047
"3988",1.21527275816365,0.293215314335047,1.35123390689401,0.200887396904547
"3989",1.35123390689401,0.200887396904547,0.742463063798388,-0.165108147238664
"3990",0.742463063798388,-0.165108147238664,5.9391809116115,0.10454522219446
"3991",5.9391809116115,0.10454522219446,6.06833527625908,0.205774318810131
"3992",6.06833527625908,0.205774318810131,0.442615498305762,0.174707458124632
"3993",0.442615498305762,0.174707458124632,5.9402281091627,-0.401425727958696
"3994",5.9402281091627,-0.401425727958696,5.96239379066303,0.230034395412853
"3995",5.96239379066303,0.230034395412853,4.51464317613373,-0.319220720189763
"3996",4.51464317613373,-0.319220720189763,4.64187767860412,0.154112572951099
"3997",4.64187767860412,0.154112572951099,4.31951536576077,0.211708438266912
"3998",4.31951536576077,0.211708438266912,4.40939982223847,0.0844739357965256
"3999",4.40939982223847,0.0844739357965256,4.91188011388764,-0.246615023306799
"4000",4.91188011388764,-0.246615023306799,3.14805037182217,0.298102236240631
"4001",3.14805037182217,0.298102236240631,3.49083303691386,0.216595360172496
"4002",3.49083303691386,0.216595360172496,4.72181375834546,0.162315620435473
"4003",4.72181375834546,0.162315620435473,3.93100507426683,-0.139800873084746
"4004",3.93100507426683,-0.139800873084746,2.42530952857132,-0.0219911485751286
"4005",2.42530952857132,-0.0219911485751286,1.83399197799564,-0.184481301935801
"4006",1.83399197799564,-0.184481301935801,3.03442943751734,0.00331612557878923
"4007",3.03442943751734,0.00331612557878923,2.99114527206788,-0.284139602224677
"4008",2.99114527206788,-0.284139602224677,0.842295897012463,-0.152192710773906
"4009",0.842295897012463,-0.152192710773906,1.67534154898936,-0.211010306566114
"4010",1.67534154898936,-0.211010306566114,1.51773831753427,-0.301243828894221
"4011",1.51773831753427,-0.301243828894221,0.145734992541527,0.179594380030216
"4012",0.145734992541527,0.179594380030216,1.65177960408743,-0.17837264955382
"4013",1.65177960408743,-0.17837264955382,6.14478069749644,-0.20315632493214
"4014",6.14478069749644,-0.20315632493214,1.49400183970715,-0.303512756921814
"4015",1.49400183970715,-0.303512756921814,5.61542233536656,0.365471945367613
"4016",5.61542233536656,0.365471945367613,5.40022323859566,0.105243353895258
"4017",5.40022323859566,0.105243353895258,0.25254914276358,-0.216071761396898
"4018",0.25254914276358,-0.216071761396898,0.15097098029751,0.28920105705546
"4019",0.15097098029751,0.28920105705546,5.13598038984371,-0.367740873395205
"4020",5.13598038984371,-0.367740873395205,4.90943665293485,-0.136484747505957
"4021",4.90943665293485,-0.136484747505957,3.78876074022929,0.187099295813792
"4022",3.78876074022929,0.187099295813792,5.86151375989776,0.342259066316088
"4023",5.86151375989776,0.342259066316088,4.31916629991037,0.237713844121628
"4024",4.31916629991037,0.237713844121628,4.98099515226662,-0.485899663755221
"4025",4.98099515226662,-0.485899663755221,3.21000956026797,0.022165681500328
"4026",3.21000956026797,0.022165681500328,4.15981773920329,0.158301363155886
"4027",4.15981773920329,0.158301363155886,3.09254890160875,0.0788888821901437
"4028",3.09254890160875,0.0788888821901437,2.44241375524086,0.119031454986013
"4029",2.44241375524086,0.119031454986013,2.20941230009962,0.143640597439133
"4030",2.20941230009962,0.143640597439133,3.05659511901767,0.330041761552128
"4031",3.05659511901767,0.330041761552128,1.99368960455312,-0.0143116998663535
"4032",1.99368960455312,-0.0143116998663535,0.603883921190038,-0.194080612821769
"4033",0.603883921190038,-0.194080612821769,2.38534148870065,-0.129503430497979
"4034",2.38534148870065,-0.129503430497979,1.39277274309147,-0.352207443052456
"4035",1.39277274309147,-0.352207443052456,1.5995942594528,-0.0397935069454707
"4036",1.5995942594528,-0.0397935069454707,0.554316570433399,-0.320791516516558
"4037",0.554316570433399,-0.320791516516558,5.92644000807195,-0.114842664781227
"4038",5.92644000807195,-0.114842664781227,5.8159606664207,-0.159174027781883
"4039",5.8159606664207,-0.159174027781883,0.29234264970905,0.183085038534205
"4040",0.29234264970905,0.183085038534205,0.196698606699761,0.278380015693096
"4041",0.196698606699761,0.278380015693096,6.12086968674411,-0.0493928178314395
"4042",6.12086968674411,-0.0493928178314395,0.0158824961931484,0.0720820981073658
"4043",0.0158824961931484,0.0720820981073658,5.57527976257069,0.352207443052456
"4044",5.57527976257069,0.352207443052456,5.16495285542682,-0.179594380030216
"4045",5.16495285542682,-0.179594380030216,5.83271582723985,0.312588469032184
"4046",5.83271582723985,0.312588469032184,3.98668107740545,0.206472450510929
"4047",3.98668107740545,0.206472450510929,4.15161469171891,0.0945968454580927
"4048",4.15161469171891,0.0945968454580927,3.17423031060209,-0.254992603716372
"4049",3.17423031060209,-0.254992603716372,4.63507089452134,-0.299673032567426
"4050",4.63507089452134,-0.299673032567426,4.44657533530595,-0.342433599241287
"4051",4.44657533530595,-0.342433599241287,4.32562401814275,0.151145513222709
"4052",4.32562401814275,0.151145513222709,5.21766179883705,-0.0982620368872808
"4053",5.21766179883705,-0.0982620368872808,4.71814856691627,0.101752695391269
"4054",4.71814856691627,0.101752695391269,2.36823726203111,0.0748746249105567
"4055",2.36823726203111,0.0748746249105567,1.48510066052198,-0.336674012709706
"4056",1.48510066052198,-0.336674012709706,1.49958689331353,-0.188146493364989
"4057",1.49958689331353,-0.188146493364989,1.4144148258162,-0.275587488889905
"4058",1.4144148258162,-0.275587488889905,1.9404570623673,-0.221133216227682
"4059",1.9404570623673,-0.221133216227682,0.784350965846252,0.241553568476015
"4060",0.784350965846252,0.241553568476015,1.18368229870255,0.0764454212373516
"4061",1.18368229870255,0.0764454212373516,6.07025513843628,-0.136484747505957
"4062",6.07025513843628,-0.136484747505957,5.83864994669663,-0.286583063177469
"4063",5.83864994669663,-0.286583063177469,0.0134390352403563,0.16301375213627
"4064",0.0134390352403563,0.16301375213627,6.10585985517696,-0.28920105705546
"4065",6.10585985517696,-0.28920105705546,6.16502651681957,-0.0979129710368819
"4066",6.16502651681957,-0.0979129710368819,5.36566571940617,-0.0392699081698724
"4067",5.36566571940617,-0.0392699081698724,5.36426945600457,-0.293738913110646
"4068",5.36426945600457,-0.293738913110646,4.08389591674153,0.156730566829091
"4069",4.08389591674153,0.156730566829091,5.16879257978121,-0.240331837999619
"4070",5.16879257978121,-0.240331837999619,4.82374098666193,0.196175007924163
"4071",4.82374098666193,0.196175007924163,5.3548446780438,-0.165282680163863
"4072",5.3548446780438,-0.165282680163863,5.76552065103807,0.29845130209103
"4073",5.76552065103807,0.29845130209103,3.30321014232447,-0.26773350725593
"4074",3.30321014232447,-0.26773350725593,2.73004401596953,-0.205774318810131
"4075",2.73004401596953,-0.205774318810131,2.88223672674344,-0.128456232946783
"4076",2.88223672674344,-0.128456232946783,3.83291757030475,0.204552588333735
"4077",3.83291757030475,0.204552588333735,3.58682614577355,-0.234223185617639
"4078",3.58682614577355,-0.234223185617639,1.27042516252667,0.130550628049176
"4079",1.27042516252667,0.130550628049176,1.46607657167524,-0.338244809036501
"4080",1.46607657167524,-0.338244809036501,1.39905592839865,-0.242600766027212
"4081",1.39905592839865,-0.242600766027212,5.95436527610386,0.131772358525572
"4082",5.95436527610386,0.131772358525572,0.776846050062676,0.183608637309803
"4083",0.776846050062676,0.183608637309803,4.55722920988239,0.0513126800086333
"4084",4.55722920988239,0.0513126800086333,4.4628068973495,-0.180816110506613
"4085",4.4628068973495,-0.180816110506613,3.9104101890933,0.218689755274889
"4086",3.9104101890933,0.218689755274889,6.09067549068461,-0.264417381677141
"4087",6.09067549068461,-0.264417381677141,2.80422050917929,-0.17837264955382
"4088",2.80422050917929,-0.17837264955382,3.25730798299702,-0.260926723173152
"4089",3.25730798299702,-0.260926723173152,3.29535616069049,0.0534070751110265
"4090",3.29535616069049,0.0534070751110265,3.04367968255291,0.482758071101632
"4091",3.04367968255291,0.482758071101632,1.83678450479883,-0.312239403181786
"4092",1.83678450479883,-0.312239403181786,2.60490390860154,-0.225671072282867
"4093",2.60490390860154,-0.225671072282867,4.08825923987152,-0.354127305229649
"4094",4.08825923987152,-0.354127305229649,1.39224914431588,-0.388510291493938
"4095",1.39224914431588,-0.388510291493938,1.40673537710743,-0.174532925199433
"4096",1.40673537710743,-0.174532925199433,1.28683125749542,0.233350520991642
"4097",1.28683125749542,0.233350520991642,6.02819270346321,0.101403629540871
"4098",6.02819270346321,0.101403629540871,1.58650429006285,-0.317475390937769
"4099",1.58650429006285,-0.317475390937769,1.24372162497116,-0.195825942073764
"4100",1.24372162497116,-0.195825942073764,5.96588444916702,0.261450321948751
"4101",5.96588444916702,0.261450321948751,4.77818789318488,0.0312413936106985
"4102",4.77818789318488,0.0312413936106985,5.77075663879405,0.10454522219446
"4103",5.77075663879405,0.10454522219446,5.86709881350414,0.174881991049832
"4104",5.86709881350414,0.174881991049832,6.13169072810648,0.199491133502952
"4105",6.13169072810648,0.199491133502952,5.70879745034825,-0.267035375555132
"4106",5.70879745034825,-0.267035375555132,5.79379498492038,-0.142244334037538
"4107",5.79379498492038,-0.142244334037538,5.45031418812789,0.136484747505957
"4108",5.45031418812789,0.136484747505957,3.57722683488758,0.165980811864661
"4109",3.57722683488758,0.165980811864661,3.4791393309255,0.078190750489346
"4110",3.4791393309255,0.078190750489346,3.31298398613564,0.158475896081085
"4111",3.31298398613564,0.158475896081085,4.16103946967968,0.171914931321441
"4112",4.16103946967968,0.171914931321441,2.63125838030665,-0.282568805897882
"4113",2.63125838030665,-0.282568805897882,3.50392300630382,-0.0780162175641465
"4114",3.50392300630382,-0.0780162175641465,1.49819062991193,0.202283660306143
"4115",1.49819062991193,0.202283660306143,1.48946398365196,-0.131772358525572
"4116",1.48946398365196,-0.131772358525572,1.61826928244914,-0.261973920724349
"4117",1.61826928244914,-0.261973920724349,1.2939871074286,-0.21851522234969
"4118",1.2939871074286,-0.21851522234969,0.373674992851986,0.117460658659218
"4119",0.373674992851986,0.117460658659218,6.1875412641703,0.159174027781883
"4120",6.1875412641703,0.159174027781883,0.154636171726698,0.0849975345721238
"4121",0.154636171726698,0.0849975345721238,1.39155101261508,-0.32323497746935
"4122",1.39155101261508,-0.32323497746935,0.683470935080979,0.166504410640259
"4123",0.683470935080979,0.166504410640259,6.0641464860543,-0.123394778115999
"4124",6.0641464860543,-0.123394778115999,3.82296919356838,0.0645771823237902
"4125",3.82296919356838,0.0645771823237902,0.223053078404875,-0.0839503370209272
"4126",0.223053078404875,-0.0839503370209272,3.58141562509236,0.141197136486341
"4127",3.58141562509236,0.141197136486341,5.23494055843179,-0.097563905186483
"4128",5.23494055843179,-0.097563905186483,4.54448830634283,-0.352207443052456
"4129",4.54448830634283,-0.352207443052456,3.58019389461597,0.25237460983838
"4130",3.58019389461597,0.25237460983838,4.05474891823323,0.206646983436129
"4131",4.05474891823323,0.206646983436129,3.18260789101166,0.198269403026556
"4132",3.18260789101166,0.198269403026556,2.60612563907793,-0.226369203983665
"4133",2.60612563907793,-0.226369203983665,2.31919351005007,0.129503430497979
"4134",2.31919351005007,0.129503430497979,3.42939744724366,-0.0617846555205993
"4135",3.42939744724366,-0.0617846555205993,1.97902883883637,-0.173834793498635
"4136",1.97902883883637,-0.173834793498635,1.40690991003263,-0.288851991205062
"4137",1.40690991003263,-0.288851991205062,1.49173291167955,0.228812664936457
"4138",1.49173291167955,0.228812664936457,0.733387351688017,-0.131597825600372
"4139",0.733387351688017,-0.131597825600372,0.46774823953448,0.0546288055874225
"4140",0.46774823953448,0.0546288055874225,1.65841185524501,-0.24923301718479
"4141",1.65841185524501,-0.24923301718479,6.06781167748349,0.304210888622612
"4142",6.06781167748349,0.304210888622612,5.77320009974684,-0.116064395257623
"4143",5.77320009974684,-0.116064395257623,4.91781423334442,0.159697626557481
"4144",4.91781423334442,0.159697626557481,3.89924008188053,0.0890117918517108
"4145",3.89924008188053,0.0890117918517108,3.60427943829349,0.137357412131954
"4146",3.60427943829349,0.137357412131954,3.32240876409641,0.169646003293849
"4147",3.32240876409641,0.169646003293849,3.47599773827191,0.0471238898038469
"4148",3.47599773827191,0.0471238898038469,4.64536833710811,0.148352986419518
"4149",4.64536833710811,0.148352986419518,2.77891323502537,-0.25237460983838
"4150",2.77891323502537,-0.25237460983838,1.72159277416721,0.151843644923507
"4151",1.72159277416721,0.151843644923507,2.78798894713574,0.331612557878923
"4152",2.78798894713574,0.331612557878923,1.88827171773267,-0.196524073774562
"4153",1.88827171773267,-0.196524073774562,0.84334309456366,-0.242251700176813
"4154",0.84334309456366,-0.242251700176813,1.48981304950236,0.0312413936106985
"4155",1.48981304950236,0.0312413936106985,0.32934362985133,-0.217118958948095
"4156",0.32934362985133,-0.217118958948095,1.75265963485271,-0.250454747661186
"4157",1.75265963485271,-0.250454747661186,2.71485965147718,0.191811684794177
"4158",2.71485965147718,0.191811684794177,0.989776218805984,-0.276460153515902
"4159",0.989776218805984,-0.276460153515902,1.22853726047881,-0.333357887130917
"4160",1.22853726047881,-0.333357887130917,1.58894775101564,-0.324805773796145
"4161",1.58894775101564,-0.324805773796145,0.0937241808320955,-0.176627320301826
"4162",0.0937241808320955,-0.176627320301826,5.95436527610386,-0.139800873084746
"4163",5.95436527610386,-0.139800873084746,0.640710368407118,0.135786615805159
"4164",0.640710368407118,0.135786615805159,5.85296164656298,0.291295452157854
"4165",5.85296164656298,0.291295452157854,3.93100507426683,0.335103216382911
"4166",3.93100507426683,0.335103216382911,5.62153098774854,-0.200887396904547
"4167",5.62153098774854,-0.200887396904547,5.70460866014347,-0.247487687932796
"4168",5.70460866014347,-0.247487687932796,4.15685067947489,0.11711159280882
"4169",4.15685067947489,0.11711159280882,2.82429179557722,0.322187779918153
"4170",2.82429179557722,0.322187779918153,3.36080600764028,0.169646003293849
"4171",3.36080600764028,0.169646003293849,3.41910000465689,0.151669111998307
"4172",3.41910000465689,0.151669111998307,1.47043989480522,-0.151494579073108
"4173",1.47043989480522,-0.151494579073108,1.24058003231757,0.174707458124632
"4174",1.24058003231757,0.174707458124632,0.901462558655071,-0.310145008079392
"4175",0.901462558655071,-0.310145008079392,1.66888383075698,-0.309970475154193
"4176",1.66888383075698,-0.309970475154193,0.749095314955966,0.191288086018579
"4177",0.749095314955966,0.191288086018579,0.680503875352589,-0.2769837522915
"4178",0.680503875352589,-0.2769837522915,0.568279204449354,-0.275238423039506
"4179",0.568279204449354,-0.275238423039506,5.0778609257523,0.0549778714378214
"4180",5.0778609257523,0.0549778714378214,5.57964308570067,-0.167726141116655
"4181",5.57964308570067,-0.167726141116655,3.54458917787528,0.147480321793521
"4182",3.54458917787528,0.147480321793521,4.86807234966258,0.306479816650204
"4183",4.86807234966258,0.306479816650204,2.07502194769606,0.0998328332140757
"4184",2.07502194769606,0.0998328332140757,1.88006867024829,-0.209788576089718
"4185",1.88006867024829,-0.209788576089718,1.74166406056514,0.148702052269917
"4186",1.74166406056514,0.148702052269917,2.29039557739216,-0.253596340314776
"4187",2.29039557739216,-0.253596340314776,0.888372589265114,0.144338729139931
"4188",0.888372589265114,0.144338729139931,1.58563162543685,0.0757472895365539
"4189",1.58563162543685,0.0757472895365539,0.989252620030386,-0.13857914260835
"4190",0.989252620030386,-0.13857914260835,2.40576184094898,0.0870919296745171
"4191",2.40576184094898,0.0870919296745171,0.946666586281724,0.0212930168743308
"4192",0.946666586281724,0.0212930168743308,1.02520640262147,-0.27401669256311
"4193",1.02520640262147,-0.27401669256311,1.34739418253962,-0.00383972435438753
"4194",1.34739418253962,-0.00383972435438753,1.88792265188227,0.160395758258279
"4195",1.88792265188227,0.160395758258279,1.03847090493663,0.0205948851735331
"4196",1.03847090493663,0.0205948851735331,0.724311639577647,-0.269129770657526
"4197",0.724311639577647,-0.269129770657526,6.05664157027072,-0.186226631187795
"4198",6.05664157027072,-0.186226631187795,5.76726598029006,0.0418879020478639
"4199",5.76726598029006,0.0418879020478639,5.65940463251681,-0.20943951023932
"4200",5.65940463251681,-0.20943951023932,5.08728570371307,0.125489173218392
"4201",5.08728570371307,0.125489173218392,4.96389092559707,-0.238586508747625
"4202",4.96389092559707,-0.238586508747625,0.00785398163397448,0.125489173218392
"4203",0.00785398163397448,0.125489173218392,5.55538300909795,-0.127059969545187
"4204",5.55538300909795,-0.127059969545187,4.75619674460975,-0.266686309704734
"4205",4.75619674460975,-0.266686309704734,4.17081331349085,0.178023583703422
"4206",4.17081331349085,0.178023583703422,3.9701004495115,-0.116238928182822
"4207",3.9701004495115,-0.116238928182822,3.49571995881944,-0.166853476490658
"4208",3.49571995881944,-0.166853476490658,4.44866973040835,0.27087509990952
"4209",4.44866973040835,0.27087509990952,2.50350027906067,-0.202807259081741
"4210",2.50350027906067,-0.202807259081741,2.1535617640358,0.135088484104361
"4211",2.1535617640358,0.135088484104361,2.73405827324912,0.169122404518251
"4212",2.73405827324912,0.169122404518251,2.56929919186085,0.0856956662729216
"4213",2.56929919186085,0.0856956662729216,3.19761772257881,-0.110479341651241
"4214",3.19761772257881,-0.110479341651241,3.01784880962339,-0.136833813356355
"4215",3.01784880962339,-0.136833813356355,1.89717289691784,0.16004669240788
"4216",1.89717289691784,0.16004669240788,0.935147413218562,0.145734992541527
"4217",0.935147413218562,0.145734992541527,1.14842664781227,-0.315031929984976
"4218",1.14842664781227,-0.315031929984976,5.64055507659527,-0.121474915938805
"4219",5.64055507659527,-0.121474915938805,6.10743065150376,-0.61243603452481
"4220",6.10743065150376,-0.61243603452481,4.77347550420449,-0.278903614468694
"4221",4.77347550420449,-0.278903614468694,2.24920580704509,-0.185703032412197
"4222",2.24920580704509,-0.185703032412197,3.39065113784938,0.161093889959077
"4223",3.39065113784938,0.161093889959077,2.1535617640358,0.147480321793521
"4224",2.1535617640358,0.147480321793521,3.78387381832371,-0.154461638801498
"4225",3.78387381832371,-0.154461638801498,2.96479080036277,0.0698131700797732
"4226",2.96479080036277,0.0698131700797732,3.66711129136529,-0.293040781409848
"4227",3.66711129136529,-0.293040781409848,2.58116743077441,0.200538331054148
"4228",2.58116743077441,0.200538331054148,0.995186739487167,-0.222529479629277
"4229",0.995186739487167,-0.222529479629277,0.354999969855647,-0.200538331054148
"4230",0.354999969855647,-0.200538331054148,6.27026987071483,-0.197920337176157
"4231",6.27026987071483,-0.197920337176157,1.25157560660513,-0.161268422884276
"4232",1.25157560660513,-0.161268422884276,0.131248759749974,-0.156032435128293
"4233",0.131248759749974,-0.156032435128293,0.405090919387884,-0.297055038689435
"4234",0.405090919387884,-0.297055038689435,0.0239110107523223,0.238411975822425
"4235",0.0239110107523223,0.238411975822425,5.86849507690573,0.0630063859969953
"4236",5.86849507690573,0.0630063859969953,4.01111568693337,-0.158824961931484
"4237",4.01111568693337,-0.158824961931484,3.78980793778049,-0.173834793498635
"4238",3.78980793778049,-0.173834793498635,4.85760037415062,-0.315730061685774
"4239",4.85760037415062,-0.315730061685774,3.79748738648926,0.151320046147908
"4240",3.79748738648926,0.151320046147908,2.72498256113875,0.174881991049832
"4241",2.72498256113875,0.174881991049832,2.53613793607296,-0.265290046303138
"4242",2.53613793607296,-0.265290046303138,2.8623399732707,-0.14782938764392
"4243",2.8623399732707,-0.14782938764392,2.23716303520633,0.37227872945039
"4244",2.23716303520633,0.37227872945039,2.90562413872016,-0.294437044811443
"4245",2.90562413872016,-0.294437044811443,1.21614542278965,-0.208392312688123
"4246",1.21614542278965,-0.208392312688123,0.774228056184685,-0.221831347928479
"4247",0.774228056184685,-0.221831347928479,2.42164433714213,-0.201760061530544
"4248",2.42164433714213,-0.201760061530544,2.35968514869633,-0.176452787376627
"4249",2.35968514869633,-0.176452787376627,1.39696153329626,0.186575697038194
"4250",1.39696153329626,0.186575697038194,2.00241625081309,0.132645023151569
"4251",2.00241625081309,0.132645023151569,0.0394444410950718,-0.214500965070103
"4252",0.0394444410950718,-0.214500965070103,2.28742851766377,-0.183259571459405
"4253",2.28742851766377,-0.183259571459405,5.81491346886951,0.20612338466053
"4254",5.81491346886951,0.20612338466053,5.478413989085,-0.223751210105673
"4255",5.478413989085,-0.223751210105673,5.46654575017144,0.0631809189221947
"4256",5.46654575017144,0.0631809189221947,3.6330773709514,0.0736528944341607
"4257",3.6330773709514,0.0736528944341607,4.16802078668766,-0.116238928182822
"4258",4.16802078668766,-0.116238928182822,4.73158760215663,-0.100356431989674
"4259",4.73158760215663,-0.100356431989674,2.6158994828891,-0.270176968208722
"4260",2.6158994828891,-0.270176968208722,3.43707689595243,-0.102101761241668
"4261",3.43707689595243,-0.102101761241668,1.91288086018578,0.089884456477708
"4262",1.91288086018578,0.089884456477708,2.94663937614203,-0.289550122905859
"4263",2.94663937614203,-0.289550122905859,1.59802346312601,-0.222704012554476
"4264",1.59802346312601,-0.222704012554476,2.87316101463307,0.123394778115999
"4265",2.87316101463307,0.123394778115999,1.05540059868097,-0.167726141116655
"4266",1.05540059868097,-0.167726141116655,1.61477862394515,-0.204378055408536
"4267",1.61477862394515,-0.204378055408536,6.20761255056823,-0.103498024643264
"4268",6.20761255056823,-0.103498024643264,0.575260521457331,-0.203330857857339
"4269",0.575260521457331,-0.203330857857339,1.38771128826069,-0.11379546723003
"4270",1.38771128826069,-0.11379546723003,5.87216026833492,0.151320046147908
"4271",5.87216026833492,0.151320046147908,5.43041743465516,-0.238761041672824
"4272",5.43041743465516,-0.238761041672824,5.27839925680645,-0.254469004940773
"4273",5.27839925680645,-0.254469004940773,5.64003147781968,0.0186750229963393
"4274",5.64003147781968,0.0186750229963393,3.6629225011605,0.0862192650485199
"4275",3.6629225011605,0.0862192650485199,5.40458656172564,0.194953277447767
"4276",5.40458656172564,0.194953277447767,3.92419829018405,-0.153414441250302
"4277",3.92419829018405,-0.153414441250302,5.34367457083104,-0.217642557723693
"4278",5.34367457083104,-0.217642557723693,2.12650916062989,0.106639617296854
"4279",2.12650916062989,0.106639617296854,3.16236207168853,-0.402821991360291
"4280",3.16236207168853,-0.402821991360291,1.74777271294712,-0.134390352403563
"4281",1.74777271294712,-0.134390352403563,1.4777702776636,0.172613063022239
"4282",1.4777702776636,0.172613063022239,0.997455667514759,0.232128790515246
"4283",0.997455667514759,0.232128790515246,0.927991563285385,-0.140149938935145
"4284",0.927991563285385,-0.140149938935145,2.0004963886359,-0.238586508747625
"4285",2.0004963886359,-0.238586508747625,2.20696883914683,0.175754655675829
"4286",2.20696883914683,0.175754655675829,1.15278997094225,-0.121300383013606
"4287",1.15278997094225,-0.121300383013606,5.70652852232066,0.233175988066442
"4288",5.70652852232066,0.233175988066442,5.76552065103807,-0.169820536219048
"4289",5.76552065103807,-0.169820536219048,5.61088447931137,-0.143116998663535
"4290",5.61088447931137,-0.143116998663535,6.17829101913473,-0.084648468721725
"4291",6.17829101913473,-0.084648468721725,4.9560369439631,0.297753170390233
"4292",4.9560369439631,0.297753170390233,5.42413424934798,-0.23404865269244
"4293",5.42413424934798,-0.23404865269244,3.8152897448596,-0.12007865253721
"4294",3.8152897448596,-0.12007865253721,3.94269878025519,-0.108035880698449
"4295",3.94269878025519,-0.108035880698449,3.89225876487255,0.0418879020478639
"4296",3.89225876487255,0.0418879020478639,1.81426975744811,-0.128805298797182
"4297",1.81426975744811,-0.128805298797182,3.44440727881081,0.33248522250492
"4298",3.44440727881081,0.33248522250492,0.902335223281068,-0.106290551446455
"4299",0.902335223281068,-0.106290551446455,1.82334546955848,-0.216420827247297
"4300",1.82334546955848,-0.216420827247297,1.60151412163,-0.075398223686155
"4301",1.60151412163,-0.075398223686155,1.68703525497772,0.219213354050488
"4302",1.68703525497772,0.219213354050488,1.04405595854301,-0.170518667919846
"4303",1.04405595854301,-0.170518667919846,2.11341919123993,-0.235619449019234
"4304",2.11341919123993,-0.235619449019234,6.09015189190901,0.16301375213627
"4305",6.09015189190901,0.16301375213627,5.83585741989344,0.00122173047639603
"4306",5.83585741989344,0.00122173047639603,5.11625816929618,0.133517687777566
"4307",5.11625816929618,0.133517687777566,4.51953009803932,0.184132236085402
"4308",4.51953009803932,0.184132236085402,4.94434323797474,-0.198618468876955
"4309",4.94434323797474,-0.198618468876955,3.05292992758848,-0.141197136486341
"4310",3.05292992758848,-0.141197136486341,1.37531945057153,0.247138622082397
"4311",1.37531945057153,0.247138622082397,1.61879288122474,-0.129677963423179
"4312",1.61879288122474,-0.129677963423179,1.77552344805383,-0.299323966717027
"4313",1.77552344805383,-0.299323966717027,1.20410265095089,-0.19076448724298
"4314",1.20410265095089,-0.19076448724298,0.459021593274509,-0.231779724664847
"4315",0.459021593274509,-0.231779724664847,1.92771615882774,-0.298102236240631
"4316",1.92771615882774,-0.298102236240631,0.231081592964049,-0.313286600732982
"4317",0.231081592964049,-0.313286600732982,0.166853476490658,-0.314159265358979
"4318",0.166853476490658,-0.314159265358979,5.232497097479,0.197222205475359
"4319",5.232497097479,0.197222205475359,0.87091929674517,-0.167726141116655
"4320",0.87091929674517,-0.167726141116655,4.4004986430533,-0.0841248699461267
"4321",4.4004986430533,-0.0841248699461267,4.90612052735606,0.068940505453776
"4322",4.90612052735606,0.068940505453776,4.64920806146249,-0.119555053761612
"4323",4.64920806146249,-0.119555053761612,4.57328623900074,-0.2460914245312
"4324",4.57328623900074,-0.2460914245312,4.76352712746812,-0.368264472170804
"4325",4.76352712746812,-0.368264472170804,3.76432613070137,0.0970403064108847
"4326",3.76432613070137,0.0970403064108847,4.67102467711242,-0.179245314179818
"4327",4.67102467711242,-0.179245314179818,4.14829856614012,-0.11397000015523
"4328",4.14829856614012,-0.11397000015523,4.40556009788409,-0.0893608577021097
"4329",4.40556009788409,-0.0893608577021097,1.53728600515661,0.227241868609662
"4330",1.53728600515661,0.227241868609662,1.79978352465655,-0.291993583858651
"4331",1.79978352465655,-0.291993583858651,1.56486220733812,-0.278380015693096
"4332",1.56486220733812,-0.278380015693096,0.652229541470281,-0.264242848751941
"4333",0.652229541470281,-0.264242848751941,6.02592377543562,-0.0900589894029074
"4334",6.02592377543562,-0.0900589894029074,4.85917117047741,-0.152367243699105
"4335",4.85917117047741,-0.152367243699105,0.242775298952411,-0.417482757077044
"4336",0.242775298952411,-0.417482757077044,5.99520598060052,-0.106116018521255
"4337",5.99520598060052,-0.106116018521255,4.41690473802205,-0.261450321948751
"4338",4.41690473802205,-0.261450321948751,3.97969976039747,-0.172962128872638
"4339",3.97969976039747,-0.172962128872638,4.25650897976377,-0.111701072127637
"4340",4.25650897976377,-0.111701072127637,3.79137873410728,-0.196524073774562
"4341",3.79137873410728,-0.196524073774562,1.83015225364125,0.0202458193231342
"4342",1.83015225364125,0.0202458193231342,1.83975156452722,-0.26476644752754
"4343",1.83975156452722,-0.26476644752754,3.20477357251199,0.102625360017267
"4344",3.20477357251199,0.102625360017267,2.69007597609886,0.0591666616426078
"4345",2.69007597609886,0.0591666616426078,1.06831603514573,0.208741378538522
"4346",1.06831603514573,0.208741378538522,0.909840139064644,-0.179768912955416
"4347",0.909840139064644,-0.179768912955416,0.575435054382531,-0.186575697038194
"4348",0.575435054382531,-0.186575697038194,0.6770132168486,-0.242775298952411
"4349",0.6770132168486,-0.242775298952411,4.14864763199052,-0.173660260573436
"4350",4.14864763199052,-0.173660260573436,0.0605629250442032,0.169646003293849
"4351",0.0605629250442032,0.169646003293849,4.38007829080497,0.0429350995990605
"4352",4.38007829080497,0.0429350995990605,3.89522582460094,-0.274714824263907
"4353",3.89522582460094,-0.274714824263907,1.96471713897002,-0.116587994033221
"4354",1.96471713897002,-0.116587994033221,2.36596833400351,-0.206821516361328
"4355",2.36596833400351,-0.206821516361328,2.1535617640358,-0.234921317318437
"4356",2.1535617640358,-0.234921317318437,0.779114978090269,-0.240855436775218
"4357",0.779114978090269,-0.240855436775218,0.622733477111577,0.213802833369305
"4358",0.622733477111577,0.213802833369305,1.74794724587232,0.0185004900711399
"4359",1.74794724587232,0.0185004900711399,0.0682423737529783,-0.313635666583381
"4360",0.0682423737529783,-0.313635666583381,4.72303548882186,-0.31695179216217
"4361",4.72303548882186,-0.31695179216217,4.23504142996424,-0.242949831877611
"4362",4.23504142996424,-0.242949831877611,3.79260046458368,-0.139800873084746
"4363",3.79260046458368,-0.139800873084746,4.64135407982852,-0.121300383013606
"4364",4.64135407982852,-0.121300383013606,4.47519873503866,-0.255865268342369
"4365",4.47519873503866,-0.255865268342369,3.95701048012154,-0.17558012275063
"4366",3.95701048012154,-0.17558012275063,4.35913433978104,-0.149749249821113
"4367",4.35913433978104,-0.149749249821113,4.16627545743566,0.0240855436775217
"4368",4.16627545743566,0.0240855436775217,2.04308242238456,0.171565865471043
"4369",2.04308242238456,0.171565865471043,1.88827171773267,-0.0509636141582344
"4370",1.88827171773267,-0.0509636141582344,0.810530904626167,0.172613063022239
"4371",0.810530904626167,0.172613063022239,2.29528249929774,0.0301941960595019
"4372",2.29528249929774,0.0301941960595019,0.752411440534755,-0.236492113645232
"4373",0.752411440534755,-0.236492113645232,0.596029939556064,-0.232826922216044
"4374",0.596029939556064,-0.232826922216044,0.691324916714954,0.0952949771588904
"4375",0.691324916714954,0.0952949771588904,0.354650904005248,0.201760061530544
"4376",0.354650904005248,0.201760061530544,5.21940712808904,-0.235968514869633
"4377",5.21940712808904,-0.235968514869633,5.00822228859773,-0.395491608501915
"4378",5.00822228859773,-0.395491608501915,4.50801092497615,-0.279601746169492
"4379",4.50801092497615,-0.279601746169492,4.26157043459455,-0.2153736296961
"4380",4.26157043459455,-0.2153736296961,4.80716035876798,-0.250280214735987
"4381",4.80716035876798,-0.250280214735987,4.51394504443293,-0.0349065850398866
"4382",4.51394504443293,-0.0349065850398866,4.63664169084814,-0.131423292675173
"4383",4.63664169084814,-0.131423292675173,3.63656802945539,-0.393397213399522
"4384",3.63656802945539,-0.393397213399522,4.11478824450183,-0.341037335839692
"4385",4.11478824450183,-0.341037335839692,1.47340695453361,-0.261450321948751
"4386",1.47340695453361,-0.261450321948751,1.95633955856044,-0.11693705988362
"4387",1.95633955856044,-0.11693705988362,0.554491103358598,-0.267558974330731
"4388",0.554491103358598,-0.267558974330731,0.952251639888106,-0.409803308368269
"4389",0.952251639888106,-0.409803308368269,0.292168116783851,0.209788576089718
"4390",0.292168116783851,0.209788576089718,6.12872366837809,0.24940755010999
"4391",6.12872366837809,0.24940755010999,0.775100720810682,-0.309621409303794
"4392",0.775100720810682,-0.309621409303794,4.81414167577596,-0.296356906988637
"4393",4.81414167577596,-0.296356906988637,5.28066818483404,-0.10471975511966
"4394",5.28066818483404,-0.10471975511966,4.77452270175569,-0.133866753627965
"4395",4.77452270175569,-0.133866753627965,4.57241357437475,-0.0214675497995303
"4396",4.57241357437475,-0.0214675497995303,4.88220951660374,-0.0226892802759263
"4397",4.88220951660374,-0.0226892802759263,4.23661222629104,-0.127409035395586
"4398",4.23661222629104,-0.127409035395586,2.45393292830403,0.148352986419518
"4399",2.45393292830403,0.148352986419518,0.639663170855922,-0.0776671517137477
"4400",0.639663170855922,-0.0776671517137477,0.665668576710637,0.192335283569775
"4401",0.665668576710637,0.192335283569775,0.833569250752492,0.0815068760681352
"4402",0.833569250752492,0.0815068760681352,0.574038790980935,-0.244171562354007
"4403",0.574038790980935,-0.244171562354007,4.68149665262439,0.202632726156542
"4404",4.68149665262439,0.202632726156542,3.88597557956537,0.192684349420174
"4405",3.88597557956537,0.192684349420174,3.61422781502986,-0.176627320301826
"4406",3.61422781502986,-0.176627320301826,0.871966494296367,-0.0588175957922089
"4407",0.871966494296367,-0.0588175957922089,1.0166542892867,-0.0827286065445312
"4408",1.0166542892867,-0.0827286065445312,0.504574686751561,0.188670092140587
"4409",0.504574686751561,0.188670092140587,6.2781238523488,-0.281870674197084
"4410",6.2781238523488,-0.281870674197084,5.63043216693371,0.206472450510929
"4411",5.63043216693371,0.206472450510929,5.80409242750714,0.165108147238664
"4412",5.80409242750714,0.165108147238664,4.12159502858461,-0.222529479629277
"4413",4.12159502858461,-0.222529479629277,2.76739406196221,0.161093889959077
"4414",2.76739406196221,0.161093889959077,1.16012035380063,-0.301418361819421
"4415",1.16012035380063,-0.301418361819421,2.28062173358099,0.000349065850398866
"4416",2.28062173358099,0.000349065850398866,2.60228591472355,0.202109127380943
"4417",2.60228591472355,0.202109127380943,0.925897168182992,0.152541776624304
"4418",0.925897168182992,0.152541776624304,1.77063652614825,0.168773338667852
"4419",1.77063652614825,0.168773338667852,1.63729337129588,0.198618468876955
"4420",1.63729337129588,0.198618468876955,1.31493105845253,-0.168075206967054
"4421",1.31493105845253,-0.168075206967054,0.423765942384223,-0.262846585350346
"4422",0.423765942384223,-0.262846585350346,5.82241838465308,-0.19687313962496
"4423",5.82241838465308,-0.19687313962496,4.62250452390698,-0.108035880698449
"4424",4.62250452390698,-0.108035880698449,4.76247992991693,0.0151843644923507
"4425",4.76247992991693,0.0151843644923507,3.65733744755412,0.0694641042293743
"4426",3.65733744755412,0.0694641042293743,2.47452781347756,0.00401425727958696
"4427",2.47452781347756,0.00401425727958696,2.34607158053078,0.0555014702134197
"4428",2.34607158053078,0.0555014702134197,1.15959675502503,0.127059969545187
"4429",1.15959675502503,0.127059969545187,1.84882727663759,0.193731546971371
"4430",1.84882727663759,0.193731546971371,0.775449786661081,0.165457213089062
"4431",0.775449786661081,0.165457213089062,1.39102741383948,-0.174707458124632
"4432",1.39102741383948,-0.174707458124632,1.08088240576009,-0.290073721681458
"4433",1.08088240576009,-0.290073721681458,5.95855406630864,-0.194604211597368
"4434",5.95855406630864,-0.194604211597368,0.979653309144417,0.165980811864661
"4435",0.979653309144417,0.165980811864661,0.00610865238198015,-0.172787595947439
"4436",0.00610865238198015,-0.172787595947439,4.92235208939961,0.0626573201465964
"4437",4.92235208939961,0.0626573201465964,3.68526271558603,0.127758101245985
"4438",3.68526271558603,0.127758101245985,3.85455965302948,-0.346622389446074
"4439",3.85455965302948,-0.346622389446074,3.52189989759936,0.0551524043630208
"4440",3.52189989759936,0.0551524043630208,2.83458923816399,0.161093889959077
"4441",2.83458923816399,0.161093889959077,2.19859125873726,-0.280823476645888
"4442",2.19859125873726,-0.280823476645888,1.63991136517387,0.238935574598024
"4443",1.63991136517387,0.238935574598024,1.63799150299668,0.23998277214922
"4444",1.63799150299668,0.23998277214922,0.73548174679041,0.198618468876955
"4445",0.73548174679041,0.198618468876955,1.64968520898504,0.191811684794177
"4446",1.64968520898504,0.191811684794177,1.81950574520409,0.1539380400259
"4447",1.81950574520409,0.1539380400259,5.71036824667505,-0.121649448864005
"4448",5.71036824667505,-0.121649448864005,0.110130275800842,0.0453785605518526
"4449",0.110130275800842,0.0453785605518526,3.92681628406204,0.0651007810993885
"4450",3.92681628406204,0.0651007810993885,4.94696123185273,0.185179433636598
"4451",4.94696123185273,0.185179433636598,3.74041511994905,-0.359014227135234
"4452",3.74041511994905,-0.359014227135234,4.45338211938873,0.109083078249646
"4453",4.45338211938873,0.109083078249646,3.88684824419137,-0.429874594766203
"4454",3.88684824419137,-0.429874594766203,2.35636902311754,0.0602138591938044
"4455",2.35636902311754,0.0602138591938044,2.83790536374278,0.190066355542183
"4456",2.83790536374278,0.190066355542183,2.28568318841177,-0.155159770502296
"4457",2.28568318841177,-0.155159770502296,0.401774793809095,0.0527089434102287
"4458",0.401774793809095,0.0527089434102287,0.836187244630483,0.185877565337396
"4459",0.836187244630483,0.185877565337396,6.23152356132055,0.130376095123976
"4460",6.23152356132055,0.130376095123976,6.11737902824012,0.0706858347057703
"4461",6.11737902824012,0.0706858347057703,5.04417607118881,0.20018926520375
"4462",5.04417607118881,0.20018926520375,4.46559942415269,-0.289026524130261
"4463",4.46559942415269,-0.289026524130261,2.52863302028938,0.0633554518473942
"4464",2.52863302028938,0.0633554518473942,1.03236225255465,0.15097098029751
"4465",1.03236225255465,0.15097098029751,0.866381440689985,0.0668461103513828
"4466",0.866381440689985,0.0668461103513828,0.537910475464652,-0.0685914396033771
"4467",0.537910475464652,-0.0685914396033771,4.04532414027246,0.224972940582069
"4468",4.04532414027246,0.224972940582069,3.1403709231134,-0.172613063022239
"4469",3.1403709231134,-0.172613063022239,4.05771597796162,0.111875605052837
"4470",4.05771597796162,0.111875605052837,2.47243341837517,-0.171740398396242
"4471",2.47243341837517,-0.171740398396242,2.71904844168197,-0.299149433791828
"4472",2.71904844168197,-0.299149433791828,3.47250707976792,0.157603231455088
"4473",3.47250707976792,0.157603231455088,2.85500959041232,0.00645771823237902
"4474",2.85500959041232,0.00645771823237902,2.31971710882566,-0.0279252680319093
"4475",2.31971710882566,-0.0279252680319093,1.61809474952394,-0.177674517853023
"4476",1.61809474952394,-0.177674517853023,1.08768918984287,0.194080612821769
"4477",1.08768918984287,0.194080612821769,0.113446401379631,0.13543754995476
"4478",0.113446401379631,0.13543754995476,0.261101256098352,-0.171914931321441
"4479",0.261101256098352,-0.171914931321441,4.8024479697876,-0.162490153360672
"4480",4.8024479697876,-0.162490153360672,4.58271101696151,-0.227241868609662
"4481",4.58271101696151,-0.227241868609662,5.35292481586661,-0.188495559215388
"4482",5.35292481586661,-0.188495559215388,2.5850071551288,-0.199840199353351
"4483",2.5850071551288,-0.199840199353351,1.64497282000466,-0.151669111998307
"4484",1.64497282000466,-0.151669111998307,0.896924702599886,-0.0546288055874225
"4485",0.896924702599886,-0.0546288055874225,0.228987197861656,0.124791041517595
"4486",0.228987197861656,0.124791041517595,4.56211613178798,0.143466064513934
"4487",4.56211613178798,0.143466064513934,4.94242337579754,-0.108908545324446
"4488",4.94242337579754,-0.108908545324446,2.57959663444762,-0.187273828738992
"4489",2.57959663444762,-0.187273828738992,2.72498256113875,-0.328820031075732
"4490",2.72498256113875,-0.328820031075732,5.24366720469176,-0.198094870101356
"4491",5.24366720469176,-0.198094870101356,4.82217019033513,-0.16929693744345
"4492",4.82217019033513,-0.16929693744345,4.38932853584054,-0.0938987137572949
"4493",4.38932853584054,-0.0938987137572949,3.6950365593972,0.180816110506613
"4494",3.6950365593972,0.180816110506613,3.26062410857581,0.194604211597368
"4495",3.26062410857581,0.194604211597368,2.6764624079333,0.0462512251778497
"4496",2.6764624079333,0.0462512251778497,2.49756615960389,-0.337546677335703
"4497",2.49756615960389,-0.337546677335703,2.23733756813153,0.168947871593051
"4498",2.23733756813153,0.168947871593051,5.6032050306026,0.00750491578357562
"4499",5.6032050306026,0.00750491578357562,3.35277749308111,0.18762289458939
"4500",3.35277749308111,0.18762289458939,3.82104933139119,0.17558012275063
"4501",3.82104933139119,0.17558012275063,5.74911455606932,0.104196156344061
"4502",5.74911455606932,0.104196156344061,4.98867460097539,-0.160744824108678
"4503",4.98867460097539,-0.160744824108678,3.48507345038228,0.116413461108022
"4504",3.48507345038228,0.116413461108022,4.09000456912351,0.164410015537866
"4505",4.09000456912351,0.164410015537866,3.38017916233742,0.102974425867665
"4506",3.38017916233742,0.102974425867665,2.58221462832561,-0.205948851735331
"4507",2.58221462832561,-0.205948851735331,1.7856463577154,-0.262672052425147
"4508",1.7856463577154,-0.262672052425147,2.11603718511792,0.198967534727354
"4509",2.11603718511792,0.198967534727354,1.06255644861415,-0.032637657012294
"4510",1.06255644861415,-0.032637657012294,5.57318536746829,-0.0757472895365539
"4511",5.57318536746829,-0.0757472895365539,0.0132645023151569,0.122173047639603
"4512",0.0132645023151569,0.122173047639603,3.50305034167782,0.111002940426839
"4513",3.50305034167782,0.111002940426839,3.21140582366957,0.0280998009571087
"4514",3.21140582366957,0.0280998009571087,2.1237166338267,0.0165806278939461
"4515",2.1237166338267,0.0165806278939461,0.483979801578028,0.0544542726622231
"4516",0.483979801578028,0.0544542726622231,4.52808221137409,0.11379546723003
"4517",4.52808221137409,0.11379546723003,4.61185801546982,-0.161442955809475
"4518",4.61185801546982,-0.161442955809475,4.25877790779136,-0.112050137978036
"4519",4.25877790779136,-0.112050137978036,3.37267424655384,0.114144533080429
"4520",3.37267424655384,0.114144533080429,0.80651664734658,0.0680678408277788
"4521",0.80651664734658,0.0680678408277788,5.92085495446556,0.225322006432468
"4522",5.92085495446556,0.225322006432468,4.48985950075541,-0.115715329407224
"4523",4.48985950075541,-0.115715329407224,4.86597795456019,-0.208392312688123
"4524",4.86597795456019,-0.208392312688123,4.29420809160685,-0.13229595730117
"4525",4.29420809160685,-0.13229595730117,4.26401389554735,0.431619924018198
"4526",4.26401389554735,0.431619924018198,4.41777740264805,-0.0647517152489896
"4527",4.41777740264805,-0.0647517152489896,1.79227860887298,-0.422544211907827
"4528",1.79227860887298,-0.422544211907827,5.70722665402146,0.62168627956038
"4529",5.70722665402146,0.62168627956038,5.99956930373051,0.158999494856683
"4530",5.99956930373051,0.158999494856683,4.99932110941256,0.028623399732707
"4531",4.99932110941256,0.028623399732707,0.0722566310325652,-0.138055543832751
"4532",0.0722566310325652,-0.138055543832751,4.79965544298441,-0.300196631343025
"4533",4.79965544298441,-0.300196631343025,5.94302063596589,-0.0617846555205993
"4534",5.94302063596589,-0.0617846555205993,4.6795767904472,-0.105243353895258
"4535",4.6795767904472,-0.105243353895258,5.6004125037994,0.156206968053492
"4536",5.6004125037994,0.156206968053492,1.82666159513727,0.4923573819876
"4537",1.82666159513727,0.4923573819876,0.764803278223915,0.166853476490658
"4538",0.764803278223915,0.166853476490658,1.25890598946351,0.166678943565458
"4539",1.25890598946351,0.166678943565458,0.870395697969572,0.163886416762268
"4540",0.870395697969572,0.163886416762268,0.149051118120316,0.112399203828435
"4541",0.149051118120316,0.112399203828435,6.22977823206856,0.210486707790516
"4542",6.22977823206856,0.210486707790516,5.00595336057014,0.0647517152489896
"4543",5.00595336057014,0.0647517152489896,4.33644505950511,-0.161093889959077
"4544",4.33644505950511,-0.161093889959077,4.17255864274284,-0.182212373908208
"4545",4.17255864274284,-0.182212373908208,4.34674250209188,-0.0952949771588904
"4546",4.34674250209188,-0.0952949771588904,2.54556271403373,0.228638132011257
"4547",2.54556271403373,0.228638132011257,0.668810169364227,-0.629016662418756
"4548",0.668810169364227,-0.629016662418756,0.524296907299097,0.0106465084371654
"4549",0.524296907299097,0.0106465084371654,6.07845818592065,0.174358392274234
"4550",6.07845818592065,0.174358392274234,4.55757827573279,-0.198793001802154
