"births_X.1","births_X.2","births_X.3","deaths_X.1","deaths_X.2","deaths_X.3","theta_birth","theta_death","phi_birth","phi_death","probs_delta_time","delta_theta","delta_phi","area_birth"
0.846148610306359,0.252247856308018,-0.469471562785891,0.850067782601755,0.232552229841401,-0.472550764869054,0.289724655831059,0.267035375555132,-0.488692190558412,-0.492182849062401,0.00055663790704147,-0.0226892802759262,-0.00349065850398866,18
0.570182991991848,-0.701610014355809,-0.427357863387192,0.593300314526892,-0.694665415838244,-0.4067366430758,5.39481271791447,5.41924732744239,-0.441568300754565,-0.418879020478639,0.000834956860562204,0.02443460952792,0.0226892802759264,52
0.773979851129471,-0.624523010314676,0.104528463267653,0.813519327221917,-0.578138093273257,0.0627905195293134,5.60425222815379,5.66533875197359,0.10471975511966,0.0628318530717959,0.00111327581408294,0.0610865238198013,-0.0418879020478639,30
-0.47367793844957,-0.868786796549494,-0.144356201000973,-0.464902697809071,-0.874354807580428,-0.139173100960065,4.21322481431431,4.22369678982628,-0.144862327915529,-0.139626340159546,0.00139159476760367,0.0104719755119662,0.005235987755983,8
-0.879305006594555,-0.255461719674553,-0.40194777665596,-0.873494415844047,-0.283815540257188,-0.395545502562965,3.42433599241287,3.45575191894877,-0.413643032722656,-0.406661715714679,0.00166991372112441,0.0314159265358986,0.00698131700797727,9
-0.884270958560424,0.27880956227496,-0.374606593415912,-0.895590830844307,0.239972839873451,-0.374606593415912,2.83616003449079,2.87979326579064,-0.383972435438752,-0.383972435438752,0.00194823267464514,0.0436332312998582,0,51
-0.970147945537152,-0.241885049723193,0.0174524064372835,-0.963558537140701,-0.267218431987509,0.0122170008352472,3.385938748869,3.41211868764891,0.0174532925199433,0.0122173047639603,0.00222655162816588,0.0261799387799146,-0.00523598775598299,8
0.876569279997272,-0.135700094106772,-0.461748613235034,0.85774245693722,-0.157425199658724,-0.489382451748846,6.12959633300409,6.10167106497218,-0.479965544298441,-0.511381470834338,0.00250487058168661,-0.0279252680319084,-0.0314159265358979,4
-0.894540465298951,-0.446001423657615,0.0296662440851108,-0.888128685066555,-0.45839739627094,0.0331551783885263,3.60410490536829,3.61806753938425,0.0296705972839036,0.0331612557878923,0.00278318953520735,0.0139626340159555,0.00349065850398866,22
-0.0398279312920262,0.877079153229837,0.478691857940607,-0.0769847193378937,0.862596865858244,0.5,1.61617488734675,1.65980811864661,0.499164166070378,0.523598775598299,0.00389646534929029,0.0436332312998582,0.0244346095279206,70
0.857788737846691,-0.194884819751708,-0.475624209070275,0.878249121272349,-0.154859015863816,-0.452434709311783,6.05978316292431,6.10865238198015,-0.49567350756639,-0.469493568786475,0.00445310325633176,0.0488692190558417,0.0261799387799149,14
0.654740813717339,-0.75585346916764,0,0.703394702810503,-0.710799473872993,0,5.42622864445037,5.49255115602615,0,0,0.00473142220985249,0.0663225115757848,0,35
-0.68085560847295,0.567267506784185,-0.463296035119862,-0.638215161373171,0.607764084505731,-0.472550764869054,2.44695161129605,2.38062909972027,-0.481710873550435,-0.492182849062401,0.00500974116337323,-0.0663225115757844,-0.0104719755119659,15
-0.649515802961117,0.609935937496728,-0.453990499739547,-0.675100115209209,0.576589969154346,-0.460199784783852,2.38761041672824,2.43473430653209,-0.471238898038469,-0.478220215046446,0.00584469802393543,0.0471238898038471,-0.00698131700797727,8
0.515262042239387,-0.701444270974055,-0.492423560103467,0.449944078703772,-0.728521548212103,-0.516533328866642,5.34594349885863,5.26565835326689,-0.514872129338327,-0.542797397370236,0.0064013359309769,-0.0802851455917386,-0.0279252680319093,45
-0.0992331114916362,-0.976931780128042,-0.189095442989891,-0.072275533494732,-0.984205492904223,-0.161603821103361,4.61115988376902,4.63908515180093,-0.190240888467382,-0.162315620435473,0.0064013359309769,0.0279252680319102,0.0279252680319093,6
0.0431129073030201,-0.747713814855961,0.662620048215738,-0.0413528274705797,-0.739649507226067,0.67172058932299,4.7699848457005,4.65653844432087,0.724311639577647,0.736528944341607,0.00667965488449763,-0.113446401379631,0.0122173047639603,25
-0.901820950021036,0.409084125910937,0.139173100960065,-0.92371416266156,0.361999621909705,0.125333233564304,2.71573231610318,2.76809219366301,0.139626340159546,0.125663706143592,0.0072362927915391,0.0523598775598297,-0.0139626340159546,10
-0.802972368717373,-0.579121937000216,-0.140901231937583,-0.814267972460354,-0.557540916911125,-0.161603821103361,3.76642052580376,3.74198591627584,-0.141371669411541,-0.162315620435473,0.00751461174505984,-0.0244346095279204,-0.020943951023932,41
-0.979824670586842,-0.19578828907141,-0.0401317925325597,-0.984746092408307,-0.170095185407461,-0.0366437087065563,3.33881485906515,3.31263492028524,-0.0401425727958696,-0.0366519142918809,0.00779293069858057,-0.0261799387799151,0.00349065850398865,13
0.321781837537403,0.816890784727323,-0.478691857940607,0.357097943962786,0.790884277551484,-0.496973961027555,1.19555053761612,1.14668131856027,-0.499164166070378,-0.52010811709431,0.00834956860562204,-0.0488692190558413,-0.020943951023932,11
-0.951749497317614,0.280115110124365,0.125333233564304,-0.951867607260467,0.267557917672801,0.14953534344371,2.85535865626272,2.86757596102668,0.125663706143592,0.150098315671512,0.00834956860562204,0.0122173047639604,0.0244346095279206,18
-0.394827183041182,0.835263363332212,-0.38268343236509,-0.39096287450107,0.816002466685123,-0.425779291565073,2.01236462754946,2.01760061530544,-0.392699081698724,-0.439822971502571,0.00890620651266351,0.00523598775598266,-0.0471238898038469,15
0.605885866844186,0.704407305359589,-0.369746757273829,0.619022613817958,0.699677785429417,-0.356737999319625,0.860447321233204,0.84648468721725,-0.378736447682769,-0.364773813666815,0.00890620651266351,-0.0139626340159547,0.0139626340159546,129
0.402837072261808,0.757626343025414,-0.51354125205817,0.385775550477012,0.783999440307515,-0.486335380423491,1.08210413623648,1.11352006277238,-0.539306738866248,-0.50789081233035,0.00918452546618425,0.0314159265358978,0.0314159265358979,39
0.650596933129078,0.585800109797193,-0.483282383255002,0.677800289559712,0.556751434642249,-0.480223497443189,0.733038285837618,0.687659725285766,-0.504400153826361,-0.500909495322373,0.00946284441970498,-0.0453785605518524,0.00349065850398855,129
-0.887573509339855,0.227890143816912,-0.400349032556895,-0.86783608019469,0.292059108321666,-0.40194777665596,2.89026524130261,2.81696141271885,-0.411897703470662,-0.413643032722656,0.0102978012802672,-0.0733038285837613,-0.00174532925199428,39
-0.39552279349045,-0.776257189671101,-0.490903753615141,-0.392315800494469,-0.734742203707148,-0.553391549243344,4.24115008234622,4.22195146057428,-0.513126800086333,-0.586430628670095,0.0108544391873087,-0.0191986217719373,-0.0733038285837619,9
-0.474809226673212,-0.832429189177955,-0.285688367404974,-0.479883788849134,-0.817942115447937,-0.317304656405092,4.19402619254237,4.18180888777841,-0.289724655831059,-0.322885911618951,0.0108544391873087,-0.0122173047639604,-0.0331612557878923,13
0.634257203066771,0.654502660819452,-0.411514358605109,0.550728921427775,0.744267421643189,-0.377840786818467,0.801106126665397,0.933751149816966,-0.424115008234622,-0.387463093942741,0.0111327581408294,0.132645023151569,0.036651914291881,20
0.83852477241502,-0.391010522929801,0.379456159529005,0.799143257463104,-0.419559590018126,0.430511096808295,5.846852994181,5.79972910437716,0.389208423194735,0.445058959258554,0.0122460339549123,-0.0471238898038466,0.0558505360638185,394
0.820169753265564,-0.407135801262471,-0.40194777665596,0.807681482553421,-0.406221465879687,-0.427357863387192,5.82241838465308,5.8171823968971,-0.413643032722656,-0.441568300754565,0.0130809908154745,-0.00523598775598266,-0.0279252680319094,24
-0.131773273969212,-0.90327295951565,-0.408330460381385,-0.103254928493058,-0.90625687642523,-0.409923033841573,4.56752665246916,4.59894257900506,-0.420624349730633,-0.422369678982628,0.0130809908154745,0.0314159265358986,-0.00174532925199439,3
-0.410331207827592,-0.749485284895358,-0.519519111879509,-0.473414014590766,-0.726215631960764,-0.49848773975383,4.21147948506232,4.13468499797457,-0.546288055874225,-0.521853446346304,0.0130809908154745,-0.0767944870877511,0.0244346095279206,44
-0.576967879494425,-0.55522859657365,-0.599023598515586,-0.593992658975931,-0.514532581703043,-0.618408395357554,3.9077921952153,3.85543231765547,-0.642281164733913,-0.666715774261834,0.013637628722516,-0.0523598775598297,-0.0244346095279208,21
-0.781670880529608,0.422647868447727,0.458649554484315,-0.773754196429031,0.423618048787604,0.47101188121941,2.6459191460234,2.64068315826742,0.476474885794452,0.490437519810407,0.0139159476760367,-0.00523598775598266,0.0139626340159547,9
-0.152119746580068,-0.971416386493978,-0.182235525492147,-0.124855310399493,-0.974648172109459,-0.185666615385577,4.55705467695719,4.5849799449891,-0.183259571459405,-0.186750229963393,0.0141942666295575,0.0279252680319093,-0.00349065850398864,75
0.0115304170137994,0.943730515397747,0.330514392713223,0.0247058287225159,0.943477534569077,0.330514392713223,1.55857902203094,1.54461638801498,0.336848545634906,0.336848545634906,0.0147509045365989,-0.0139626340159547,0,9
0.598350914575737,0.703059946240843,-0.384295322659804,0.648334498684224,0.641580458042478,-0.409923033841573,0.865683308989187,0.780162175641465,-0.394444410950718,-0.422369678982628,0.0147509045365989,-0.0855211333477222,-0.0279252680319093,78
0.882057898016439,-0.301995918614413,0.361624570082092,0.887355005858397,-0.279781958652857,0.366501226724297,5.95331807855266,5.97775268808058,0.370009801422798,0.375245789178781,0.0150292234901197,0.02443460952792,0.00523598775598305,5
0.0296815626209193,-0.944482636911913,0.327217898979104,0.0763597531198093,-0.949062468242737,0.305695304963106,4.74380490692059,4.79267412597643,0.333357887130917,0.310668606854991,0.0155858613971611,0.0488692190558417,-0.0226892802759263,29
-0.41601256493634,-0.904476186076467,-0.0941083133185143,-0.420528655312414,-0.901826611590052,-0.099319749743639,4.28129265514209,4.27605666738611,-0.0942477796076938,-0.0994837673636768,0.0155858613971611,-0.00523598775598266,-0.00523598775598298,12
-0.703851401832742,-0.703851401832742,-0.095845752520224,-0.698024601161619,-0.710314994618483,-0.0906325801977802,3.92699081698724,3.93571746324721,-0.0959931088596881,-0.0907571211037051,0.0158641803506819,0.00872664625997155,0.00523598775598298,18
-0.773973250568141,0.522051549316428,0.3583679495453,-0.749022394254141,0.558304086271295,0.356737999319625,2.54818070791172,2.50105681810787,0.366519142918809,0.364773813666815,0.0161424993042026,-0.0471238898038466,-0.00174532925199433,8
0.697626955463456,0.610726232595354,-0.374606593415912,0.699822493528906,0.606205260095445,-0.377840786818467,0.719075651821664,0.713839664065681,-0.383972435438752,-0.387463093942741,0.0166991372112441,-0.00523598775598311,-0.00349065850398866,10
0.921925025776524,-0.150971012742136,0.356737999319625,0.918993775495529,-0.190314461796368,0.345298198998535,6.12086968674411,6.07898178469625,0.364773813666815,0.352556508902855,0.0172557751182856,-0.0418879020478631,-0.0122173047639603,179
0.726425639510609,-0.590350103505933,-0.351841648404702,0.691600670952471,-0.627105194267109,-0.3583679495453,5.6007615696498,5.54665636283798,-0.359537825910832,-0.366519142918809,0.0175340940718063,-0.0541052068118235,-0.00698131700797733,32
-0.0446197142603102,-0.946158755900424,0.320612990585676,-0.0348104991354396,-0.949334044384746,0.312334918512233,4.66526509058084,4.67573706609281,0.32637657012294,0.317649923862968,0.017812413025327,0.0104719755119653,-0.00872664625997166,46
-0.321493461974947,0.897896417217409,-0.300705799504273,-0.324266486494394,0.895776279882906,-0.30403306092549,1.91462618943778,1.91811684794177,-0.305432619099008,-0.308923277602996,0.0183690509323685,0.00349065850398889,-0.00349065850398866,16
-0.587800535261407,0.703001552542498,0.400349032556895,-0.663940820229651,0.643403415829477,0.381070376350274,2.26718269834063,2.37190245346029,0.411897703470662,0.39095375244673,0.0186473698858892,0.104719755119659,-0.020943951023932,77
0.519448080046044,0.767221608117055,-0.376224263139366,0.630323479382308,0.657295246748918,-0.413104429824542,0.97563905186483,0.80634211442138,-0.385717764690747,-0.425860337486616,0.0192040077929307,-0.16929693744345,-0.0401425727958695,189
0.667641998230844,0.620411230443285,-0.411514358605109,0.642205927790248,0.646705094284011,-0.411514358605109,0.748746249105567,0.788888821901437,-0.424115008234622,-0.424115008234622,0.0197606456999722,0.0401425727958697,0,90
0.908614099796386,-0.219816884930317,0.355106962408137,0.888058265623843,-0.291978701460292,0.355106962408137,6.04582052890836,5.96553538331662,0.363028484414821,0.363028484414821,0.0200389646534929,-0.0802851455917386,0,33
0.737297389430495,0.417142792368681,0.531398579518083,0.712877461135234,0.455904156381991,0.53287627607073,0.514872129338327,0.568977336150151,0.56025068989018,0.561996019142174,0.0208739215140551,0.0541052068118244,0.00174532925199433,11
0.785030411002252,0.458734733584331,0.416280792260401,0.783590078320618,0.476430235384716,0.398749068925246,0.528834763354282,0.546288055874225,0.429350995990605,0.410152374218667,0.0208739215140551,0.0174532925199431,-0.0191986217719377,8
0.664114157782751,-0.565205450568902,-0.489382451748846,0.613887055508047,-0.618187825637342,-0.490903753615141,5.57807228937388,5.49429648527815,-0.511381470834338,-0.513126800086333,0.0211522404675758,-0.0837758040957279,-0.00174532925199433,25
-0.039911946374008,-0.993720703670574,-0.104528463267653,-0.0364429706361678,-0.993853968276081,-0.104528463267653,4.67224640758882,4.67573706609281,-0.10471975511966,-0.10471975511966,0.0214305594210966,0.00349065850398844,0,5
-0.261951768271971,-0.867626115295325,0.422618261740699,-0.31196653102432,-0.852488612271283,0.419452082446177,4.41917366604964,4.36157780073383,0.436332312998582,0.432841654494594,0.0217088783746173,-0.057595865315812,-0.00349065850398866,71
0.588883101640965,-0.614081620406524,-0.525471651072268,0.562267073287907,-0.622273299952804,-0.544639035015027,5.47684319275821,5.4471725954743,-0.553269372882202,-0.575958653158129,0.021987197328138,-0.0296705972839035,-0.0226892802759262,30
-0.246642825723403,-0.940146532815403,0.23514211310259,-0.254837656412642,-0.937958397542109,0.23514211310259,4.45582558034152,4.44709893408155,0.237364778271229,0.237364778271229,0.0222655162816588,-0.0087266462599711,0,15
-0.745752958422028,-0.469625701624672,-0.472550764869054,-0.757626343025414,-0.453430012338521,-0.469471562785891,3.70358867273197,3.68089939245604,-0.492182849062401,-0.488692190558412,0.0225438352351795,-0.0226892802759266,0.00349065850398866,29
0.497439572644767,0.814936841622842,0.297374874077786,0.558150991906897,0.779617056128237,0.284015344703923,1.02276294166868,0.949459113084915,0.301941960595019,0.287979326579064,0.0233787920957417,-0.0733038285837617,-0.0139626340159547,34
-0.827071744309949,0.0404505567231879,-0.560638994563242,-0.82305964137591,0.0908666303616202,-0.560638994563242,3.09272343453395,3.03163691071415,-0.595157274930066,-0.595157274930066,0.0239354300027832,-0.0610865238198013,0,18
0.749573062705129,0.520966849992953,-0.408330460381385,0.76071111861732,0.49401157665986,-0.421035813367491,0.607374579694027,0.575958653158129,-0.420624349730633,-0.434586983746588,0.0239354300027832,-0.0314159265358978,-0.0139626340159547,44
0.383206577381255,0.852673304555156,-0.355106962408137,0.394372537058908,0.849602902611041,-0.350207381259467,1.14842664781227,1.13620934304831,-0.363028484414821,-0.357792496658838,0.0242137489563039,-0.0122173047639604,0.005235987755983,48
0.869778232319531,-0.34261475717251,0.355106962408137,0.840313947408536,-0.391844828931057,0.374606593415912,5.90793951800081,5.846852994181,0.363028484414821,0.383972435438752,0.0244920679098247,-0.0610865238198013,0.0209439510239319,14
-0.347997107741646,0.920947623040109,0.175366726091987,-0.373919096728093,0.911708964251035,0.170209499166033,1.93207948195772,1.96000474998963,0.176278254451427,0.171042266695444,0.0247703868633454,0.0279252680319093,-0.00523598775598297,8
-0.427475156313293,-0.807360076988177,0.4067366430758,-0.439385131714301,-0.802553362599814,0.40354529635239,4.22544211907827,4.21147948506232,0.418879020478639,0.41538836197465,0.0253270247703869,-0.0139626340159538,-0.00349065850398866,37
-0.242544237830149,-0.898908908036198,0.36487678433762,-0.166588455296768,-0.916677058795356,0.363251230472978,4.44884426333355,4.53262006742927,0.373500459926786,0.371755130674792,0.0256053437239076,0.0837758040957279,-0.00174532925199433,44
-0.648637897681243,-0.632979211771545,0.422618261740699,-0.641895610879045,-0.641895610879045,0.419452082446177,3.91477351222328,3.92699081698724,0.436332312998582,0.432841654494594,0.0258836626774283,0.01221730476396,-0.00349065850398866,22
-0.815296536815283,-0.564538086721557,-0.128795596577563,-0.80866649940748,-0.564133563843522,-0.166768746716102,3.74722190403183,3.75071256253581,-0.12915436464758,-0.167551608191456,0.0261619816309491,0.00349065850398933,-0.0383972435438752,142
0.599814130212386,0.697348260292346,-0.392337116603562,0.619086139872587,0.687564814699791,-0.379456159529005,0.860447321233204,0.837758040957278,-0.40317105721069,-0.389208423194735,0.0267186195379905,-0.0226892802759262,0.0139626340159547,15
0.0761429020372937,0.946367262781684,-0.313992455967405,0.0466651280804071,0.95413789095727,-0.295708050044047,1.49051118120316,1.52192710773906,-0.319395253114962,-0.300196631343025,0.0269969384915113,0.0314159265358978,0.0191986217719377,16
-0.163840522721501,-0.910587341285746,0.379456159529005,-0.198958428679915,-0.904914828855435,0.376224263139366,4.53436539668127,4.49596815313739,0.389208423194735,0.385717764690747,0.0275535763985527,-0.0383972435438755,-0.00349065850398861,67
-0.533800865441062,0.788420583557968,-0.305695304963106,-0.684099782205406,0.674614016345865,-0.277314653302378,2.16595360172496,2.36317580720032,-0.310668606854991,-0.280998009571087,0.0283885332591149,0.197222205475359,0.0296705972839036,101
0.868678573409709,0.427442849593452,-0.250380004054441,0.878542702191379,0.400374975995156,-0.260504508642648,0.457276264022514,0.427605666738611,-0.253072741539178,-0.263544717051144,0.0286668522126357,-0.0296705972839035,-0.0104719755119659,58
0.802375706049133,0.493624827874617,-0.335451569750255,0.794825523539944,0.514195691159553,-0.322265695230511,0.551524043630208,0.574213323906134,-0.342084533390889,-0.328121899374934,0.0295018090731979,0.0226892802759262,0.0139626340159547,26
-0.721123720497644,-0.557347748176542,0.411514358605109,-0.688351771706366,-0.611147301080685,0.390731128489274,3.79958178159165,3.86764962241943,0.424115008234622,0.401425727958696,0.0297801280267186,0.0680678408277791,-0.0226892802759264,4
-0.609263822216275,0.609263822216275,-0.507538362960704,-0.4899096790213,0.702269055683925,-0.516533328866642,2.35619449019234,2.17991623574092,-0.53232542185827,-0.542797397370236,0.0303367659337601,-0.176278254451427,-0.010471975511966,91
0.274693787462829,0.892906110949386,-0.356737999319625,0.24377733315463,0.897249645054665,-0.368124552684678,1.27234502470387,1.30550628049176,-0.364773813666815,-0.376991118430775,0.0306150848872808,0.033161255787892,-0.0122173047639603,10
0.417903680684135,0.723830407614962,0.549022817998132,0.482888140120306,0.684537575526243,0.546101961014429,1.0471975511966,0.956440430092892,0.581194640914112,0.577703982410123,0.0308934038408016,-0.0907571211037053,-0.00349065850398866,12
0.848854475440306,-0.224277026612921,-0.478691857940607,0.836731950924264,-0.27672263536644,-0.472550764869054,6.02487657788443,5.96379005406462,-0.499164166070378,-0.492182849062401,0.0311717227943223,-0.0610865238198022,0.00698131700797727,94
-0.576737131712353,-0.808555638165307,-0.116670737099333,-0.606223062729478,-0.787196691181758,-0.113203213767907,4.0927970959267,4.05614518163482,-0.11693705988362,-0.113446401379631,0.0317283607013638,-0.0366519142918813,0.00349065850398868,49
-0.786046970030102,0.485472503340581,-0.38268343236509,-0.758819086884274,0.523474224424469,-0.387515586452103,2.58832328070759,2.53770873239976,-0.392699081698724,-0.397935069454707,0.0320066796548845,-0.0506145483078355,-0.005235987755983,13
-0.346428554010586,0.77809127183824,-0.523985905970079,-0.204312740294614,0.813403113893232,-0.544639035015027,1.98967534727354,1.8168877513261,-0.551524043630208,-0.575958653158129,0.0322849986084052,-0.172787595947439,-0.0244346095279204,34
0.216787192980946,0.909977388606262,-0.353474843779257,0.209097682875088,0.920346888529362,-0.330514392713223,1.33692220702766,1.34739418253962,-0.361283155162826,-0.336848545634906,0.032563317561926,0.0104719755119662,0.0244346095279205,8
0.769611728272624,0.563270636417096,-0.300705799504273,0.778462469246755,0.549144864164751,-0.30403306092549,0.631809189221947,0.614355896702004,-0.305432619099008,-0.308923277602996,0.0328416365154467,-0.0174532925199431,-0.00349065850398866,137
0.920729932757671,-0.212567254090925,-0.327217898979104,0.934746608435539,-0.163139398958753,-0.315649036947102,6.05629250442032,6.11039771123215,-0.333357887130917,-0.321140582366957,0.0333982744224882,0.0541052068118244,0.0122173047639604,18
0.806377374404684,-0.403803709406487,-0.432085748801982,0.766708044617275,-0.509399606938064,-0.390731128489274,5.81892772614909,5.69675467850949,-0.446804288510548,-0.401425727958696,0.0333982744224882,-0.122173047639603,0.0453785605518526,34
0.865649435492341,-0.335763287973127,0.371367835550235,0.854163064985978,-0.355553767255051,0.379456159529005,5.91317550575679,5.88874089622887,0.380481776934764,0.389208423194735,0.0336765933760089,-0.0244346095279209,0.00872664625997166,9
0.790253532803951,-0.478594551247868,0.38268343236509,0.764678434289192,-0.509977121056293,0.393941909590951,5.73864258055736,5.6950093492575,0.392699081698724,0.404916386462684,0.0339549123295296,-0.0436332312998582,0.0122173047639603,20
0.181253760713431,-0.923858138988835,-0.337095258423082,0.196000322146988,-0.930088183878377,-0.310676429630732,4.90612052735606,4.92008316137201,-0.343829862642883,-0.315904594610974,0.0345115502365711,0.0139626340159538,0.0279252680319093,13
0.476746415020844,-0.819132354859012,-0.31895930929807,0.542895494473838,-0.778222440921858,-0.315649036947102,5.23947841448698,5.32150888933071,-0.324631240870945,-0.321140582366957,0.0347898691900918,0.0820304748437328,0.00349065850398872,41
-0.769203477087812,0.475069750075875,-0.427357863387192,-0.800148428903772,0.407695987899456,-0.439939169855915,2.58832328070759,2.67035375555132,-0.441568300754565,-0.45553093477052,0.0350681881436126,0.0820304748437333,-0.0139626340159546,6
-0.472423217330221,-0.805225879158178,-0.3583679495453,-0.45921298603126,-0.814971759188921,-0.353474843779257,4.18180888777841,4.19926218029836,-0.366519142918809,-0.361283155162826,0.0353465070971333,0.0174532925199431,0.00523598775598305,65
-0.563037991429606,0.766483344499011,-0.309016994374947,-0.534941432045923,0.775441750638142,-0.335451569750255,2.20435084526884,2.17468024798493,-0.314159265358979,-0.342084533390889,0.035624826050654,-0.029670597283904,-0.0279252680319093,5
-0.590174263817152,0.78603831899955,-0.18395135061272,-0.630296616318042,0.753826295236039,-0.185666615385577,2.2148228207808,2.26718269834063,-0.185004900711399,-0.186750229963393,0.0361814639576955,0.0523598775598297,-0.00174532925199433,31
-0.368909528066373,0.805768294203775,0.463296035119862,-0.349144721104036,0.826541315165684,0.441505852791745,2.0001473227855,1.9704767255016,0.481710873550435,0.457276264022514,0.0361814639576955,-0.0296705972839035,-0.0244346095279207,5
-0.625777058877873,0.589702468667431,-0.510542917911606,-0.632761257227947,0.60257040177862,-0.486335380423491,2.38586508747625,2.38062909972027,-0.535816080362259,-0.50789081233035,0.0372947397717785,-0.00523598775598311,0.0279252680319092,18
0.891445731217755,0.358358886254302,-0.277314653302378,0.88768274939093,0.371325737736133,-0.272280247040574,0.382227106186758,0.396189740202713,-0.280998009571087,-0.275762021815104,0.0372947397717785,0.0139626340159547,0.00523598775598294,17
0.734173810416804,0.575665800826701,-0.359996808120051,0.733163724899053,0.570752387623243,-0.369746757273829,0.66497044500984,0.661479786505851,-0.368264472170804,-0.378736447682769,0.0375730587252992,-0.00349065850398889,-0.0104719755119659,36
0.632934752475745,0.582013340120972,0.510542917911606,0.654097594294212,0.535372677524822,0.534352349389826,0.743510261349584,0.685914396033771,0.535816080362259,0.563741348394168,0.0381296966323407,-0.0575958653158128,0.0279252680319093,95
0.407447490380255,-0.906611782160482,-0.109734311091045,0.398155878667338,-0.911342798649083,-0.104528463267653,5.13475865936732,5.12428668385535,-0.109955742875643,-0.10471975511966,0.0384080155858614,-0.0104719755119653,0.00523598775598298,13
-0.388860045501102,-0.861229534793473,-0.327217898979104,-0.420913563396822,-0.847924875107568,-0.322265695230511,4.28827397215007,4.25162205785819,-0.333357887130917,-0.328121899374934,0.0386863345393821,-0.0366519142918804,0.005235987755983,39
-0.617776442114103,-0.698269244548106,-0.361624570082092,-0.626261093192334,-0.690669757167986,-0.361624570082092,3.98807734080704,3.97586003604308,-0.370009801422798,-0.370009801422798,0.0392429724464236,-0.01221730476396,0,102
-0.815817889811303,0.497977366755873,-0.294040325232304,-0.813623630539421,0.49858920204383,-0.299040792256087,2.59355926846357,2.59181393921158,-0.29845130209103,-0.303687289847013,0.0397996103534651,-0.00174532925199422,-0.005235987755983,45
-0.658841427885817,0.53542590458181,-0.528438334722347,-0.606743513535385,0.606743513535385,-0.51354125205817,2.45916891606001,2.35619449019234,-0.556760031386191,-0.539306738866248,0.0397996103534651,-0.102974425867666,0.0174532925199433,157
-0.837662851438744,-0.412181222350328,-0.3583679495453,-0.889282602880098,-0.282097058400424,-0.359996808120051,3.59886891761231,3.4487706019408,-0.366519142918809,-0.368264472170804,0.040912886167548,-0.150098315671512,-0.00174532925199433,40
-0.722877813012636,0.628388095913482,-0.287360519849712,-0.689481928542852,0.661189397489083,-0.295708050044047,2.42600766027212,2.37713844121628,-0.291469985083053,-0.300196631343025,0.040912886167548,-0.0488692190558417,-0.0087266462599716,4
-0.4578342607208,0.796198182057991,-0.395545502562965,-0.500970692687388,0.771427217567232,-0.392337116603562,2.0926497731412,2.14675497995303,-0.406661715714679,-0.40317105721069,0.040912886167548,0.0541052068118244,0.00349065850398861,115
-0.300086515421924,0.83810913415589,-0.455544907233516,-0.295125813914017,0.871911657905254,-0.390731128489274,1.91462618943778,1.89717289691784,-0.472984227290463,-0.401425727958696,0.040912886167548,-0.0174532925199431,0.0715584993317676,36
-0.0498693354142921,0.891978411660364,0.449318998615897,-0.0975994929962165,0.884045148194099,0.457097927058694,1.62664686285872,1.68075206967054,0.466002910282486,0.474729556542458,0.0411912051210687,0.0541052068118244,0.00872664625997172,6
0.873107032455338,0.418322798143647,-0.250380004054441,0.869713500094949,0.42231018517815,-0.255445757935791,0.446804288510548,0.452040276266531,-0.253072741539178,-0.258308729295161,0.0417478430281102,0.00523598775598311,-0.005235987755983,14
0.872039482608168,0.296866455160837,-0.389123950140206,0.854163064985978,0.35555376725505,-0.379456159529005,0.328121899374934,0.394444410950718,-0.399680398706701,-0.389208423194735,0.0423044809351517,0.0663225115757844,0.0104719755119659,21
0.619103036664821,-0.610518519315903,-0.493941866584231,0.587385847912094,-0.625502396563848,-0.51354125205817,5.50476846079011,5.46637121724624,-0.516617458590322,-0.539306738866248,0.0428611188421932,-0.0383972435438746,-0.0226892802759262,4
0.797446145910427,-0.55423950958788,-0.238533457578581,0.804133891599188,-0.522210655151977,-0.284015344703923,5.67581072748556,5.70722665402146,-0.240855436775218,-0.287979326579064,0.0431394377957139,0.0314159265358986,-0.0471238898038468,10
0.4600610588194,-0.883769071307498,-0.0854169231373675,0.467755783277116,-0.879720680928076,-0.0854169231373675,5.19235452468313,5.2010811709431,-0.0855211333477222,-0.0855211333477222,0.0436960757027554,0.00872664625997199,0,34
-0.975487187288146,0.210907795242142,-0.0627905195293134,-0.96723166442281,0.251944977231172,-0.0314107590781283,2.92866248484649,2.88677458279862,-0.0628318530717959,-0.0314159265358979,0.0436960757027554,-0.0418879020478644,0.0314159265358979,17
-0.724662427181231,0.60376597212624,0.332161131883703,-0.752975856339621,0.586175711145103,0.299040792256087,2.44695161129605,2.48011286708394,0.3385938748869,0.303687289847013,0.0439743946562761,0.0331612557878924,-0.0349065850398866,11
-0.606663557688065,0.722993474370737,-0.330514392713223,-0.51157874981585,0.803017785145737,-0.305695304963106,2.26892802759263,2.13802833369305,-0.336848545634906,-0.310668606854991,0.045087670470359,-0.130899693899575,0.026179938779915,192
-0.562751105203449,0.736047890709251,0.376224263139366,-0.614077146768295,0.69898934800646,0.366501226724297,2.22354946704078,2.29161730786856,0.385717764690747,0.375245789178781,0.045087670470359,0.0680678408277791,-0.010471975511966,24
-0.532483306148993,0.801451805003995,-0.272280247040574,-0.504862208451007,0.817441578060324,-0.277314653302378,2.15722695546499,2.1240656996771,-0.275762021815104,-0.280998009571087,0.045087670470359,-0.0331612557878924,-0.00523598775598294,8
-0.494832077862928,0.773747355485025,-0.395545502562965,-0.434504335741005,0.803598958064094,-0.4067366430758,2.13977366294505,2.06646983436129,-0.406661715714679,-0.418879020478639,0.0453659894238798,-0.0733038285837617,-0.0122173047639603,19
-0.864804637347806,-0.399595842178077,-0.30403306092549,-0.869008453193193,-0.37966045791262,-0.317304656405092,3.57443430808439,3.55349035706046,-0.308923277602996,-0.322885911618951,0.0456443083774005,-0.020943951023932,-0.0139626340159547,18
0.128214664081993,0.900883185773602,-0.414693242656239,0.129189324586099,0.885560630329178,-0.446197813109809,1.42942465738336,1.42593399887937,-0.427605666738611,-0.462512251778497,0.0459226273309212,-0.00349065850398844,-0.0349065850398866,11
-0.122875634820597,0.863369210875465,-0.489382451748846,-0.113365853037303,0.8496375490514,-0.515038074910054,1.71216799620644,1.70344134994647,-0.511381470834338,-0.541052068118242,0.0464792652379627,-0.00872664625997199,-0.0296705972839036,126
0.597853498793019,0.692619944683091,0.40354529635239,0.521098882861561,0.74420633087428,0.417867073801077,0.85870199198121,0.959931088596881,0.41538836197465,0.431096325242599,0.0464792652379627,0.101229096615671,0.015707963267949,6
0.755290488613521,0.51137010485173,-0.409923033841573,0.723200514211289,0.565026166835547,-0.397147890634781,0.595157274930066,0.663225115757845,-0.422369678982628,-0.408407044966673,0.0470359031450042,0.0680678408277791,0.0139626340159547,24
0.682562574123287,-0.58709643376991,0.435231099372328,0.691317053429394,-0.547931144750736,0.47101188121941,5.57283630161789,5.61297887441376,0.450294947014537,0.490437519810407,0.0481491789590871,0.0401425727958706,0.0401425727958696,7
0.779470974565492,-0.487067522708871,0.393941909590951,0.796772746941929,-0.452629917108194,0.400349032556895,5.7246799465414,5.76656784858926,0.404916386462684,0.411897703470662,0.0484274979126079,0.0418879020478631,0.00698131700797733,36
0.390292642233577,-0.776010541998959,-0.495458668432408,0.373819599383959,-0.78022169133535,-0.501510737159457,5.17839189066718,5.15919326889524,-0.518362787842316,-0.525344104850293,0.0487058168661286,-0.0191986217719373,-0.00698131700797722,8
-0.146378926324981,-0.945550339519325,0.290702193598252,-0.188843356532966,-0.928194751634091,0.320612990585676,4.55880000620919,4.51167611640534,0.294960643587042,0.32637657012294,0.0489841358196493,-0.0471238898038466,0.031415926535898,62
0.667280787664725,-0.681404705412312,0.300705799504273,0.659744414109863,-0.687975113807468,0.302369890750444,5.48731516827017,5.47684319275821,0.305432619099008,0.307177948351002,0.0498190926802115,-0.0104719755119653,0.00174532925199433,76
-0.492191603353558,-0.769618560566001,0.4067366430758,-0.506875606393429,-0.76002790923934,0.4067366430758,4.14341164423454,4.1242130224626,0.418879020478639,0.418879020478639,0.0500974116337323,-0.0191986217719382,0,7
0.160647458750861,-0.811328953223801,0.562083377852131,0.100749979664006,-0.797518209170844,0.594822786751341,4.90786585660805,4.83805268652828,0.596902604182061,0.63704517697793,0.050375730587253,-0.0698131700797733,0.0401425727958696,26
-0.857898903175667,0.431478197225533,-0.278991106039229,-0.831476757705845,0.462794026419571,-0.307356617799807,2.67558974330731,2.63370184125944,-0.282743338823081,-0.312413936106985,0.0506540495407737,-0.041887902047864,-0.0296705972839035,45
-0.286401152543649,0.876245427992838,0.387515586452103,-0.094108937625693,0.895386730970545,0.435231099372328,1.88670092140587,1.67551608191456,0.397935069454707,0.450294947014537,0.0509323684942945,-0.211184839491314,0.0523598775598299,20
-0.61316676377948,0.725584880268433,-0.312334918512233,-0.579000344593376,0.733141596693424,-0.356737999319625,2.27241868609662,2.23925743030872,-0.317649923862968,-0.364773813666815,0.0523239632618981,-0.033161255787892,-0.0471238898038469,7
0.142987948692854,0.892703591977619,-0.427357863387192,0.127386345020474,0.895063112692875,-0.427357863387192,1.41197136486341,1.42942465738336,-0.441568300754565,-0.441568300754565,0.0523239632618981,0.0174532925199431,0,17
-0.898870603104385,0.0818036331691748,0.430511096808295,-0.891509261329849,0.0576513178159447,0.449318998615897,3.05083553248609,3.077015471266,0.445058959258554,0.466002910282486,0.0531589201224603,0.0261799387799151,0.0209439510239319,4
0.937890710143516,0.128475046231112,0.322265695230511,0.936965324004248,0.113385262812341,0.330514392713223,0.136135681655558,0.120427718387609,0.328121899374934,0.336848545634906,0.0542721959365433,-0.0157079632679489,0.00872664625997166,37
0.0499261126768867,0.921859256207135,-0.384295322659804,0.065666569022634,0.916095877686941,-0.395545502562965,1.51669111998307,1.49923782746313,-0.394444410950718,-0.406661715714679,0.054550514890064,-0.0174532925199431,-0.0122173047639603,35
0.597661333964471,-0.643160193905981,0.478691857940607,0.618393776212899,-0.640365501127878,0.455544907233516,5.46113522949026,5.48033385126219,0.499164166070378,0.472984227290463,0.0548288338435848,0.0191986217719382,-0.0261799387799149,7
0.711420564042746,-0.618428461332099,-0.333806859233771,0.731239464364817,-0.598512566570792,-0.327217898979104,5.56760031386191,5.59727091114581,-0.340339204138894,-0.333357887130917,0.0553854717506262,0.0296705972839026,0.00698131700797733,8
-0.902453608815579,-0.333827726540594,-0.272280247040574,-0.900741103756038,-0.347567065443789,-0.260504508642648,3.49589449174464,3.5098571257606,-0.275762021815104,-0.263544717051144,0.0559421096576677,0.0139626340159542,0.0122173047639604,4
-0.831798634248643,0.429323289037475,-0.351841648404702,-0.858234057188609,0.376738411775941,-0.348572047321815,2.66511776779534,2.72794962086714,-0.359537825910832,-0.356047167406843,0.0564987475647092,0.0628318530717964,0.00349065850398866,11
-0.080567177275333,-0.939775458506777,-0.332161131883703,-0.0658362262987963,-0.941501899900443,-0.330514392713223,4.62686784703697,4.64257581030492,-0.3385938748869,-0.336848545634906,0.0570553854717506,0.015707963267948,0.00174532925199428,47
-0.676616064679546,0.686129981394648,-0.267238376078257,-0.678227767895744,0.687764346813192,-0.258819045102521,2.34921317318437,2.34921317318437,-0.270526034059121,-0.261799387799149,0.0570553854717506,0,0.00872664625997166,94
-0.313951553763156,0.92752991042429,-0.202787295356512,-0.310823787997052,0.928954381249575,-0.201077921145965,1.89717289691784,1.89368223841385,-0.204203522483337,-0.202458193231342,0.0573337044252714,-0.00349065850398889,0.00174532925199433,5
0.147292665155909,0.889722864982967,0.432085748801982,0.236097264740988,0.875015363536603,0.422618261740699,1.40673537710743,1.30725160974375,0.446804288510548,0.436332312998582,0.0576120233787921,-0.0994837673636764,-0.010471975511966,17
-0.763394157269243,0.569016468277234,-0.305695304963106,-0.771016532248685,0.562234925601447,-0.299040792256087,2.50105681810787,2.51152879361984,-0.310668606854991,-0.303687289847013,0.0578903423323128,0.0104719755119658,0.00698131700797733,32
0.373310487858159,0.811635211864241,-0.449318998615897,0.472634833684076,0.741888081677217,-0.475624209070275,1.1397000015523,1.00356431989674,-0.466002910282486,-0.49567350756639,0.0581686612858336,-0.136135681655558,-0.0296705972839036,10
-0.742810883871866,0.54365538352066,-0.390731128489274,-0.761099516587049,0.515303112467599,-0.393941909590951,2.50978346436785,2.54643537865973,-0.401425727958696,-0.404916386462684,0.0584469802393543,0.0366519142918809,-0.00349065850398872,25
0.528029739236258,-0.759735228535302,-0.379456159529005,0.559539769393021,-0.726577199269874,-0.398749068925246,5.31976356007872,5.36863277913456,-0.389208423194735,-0.410152374218667,0.058725299192875,0.0488692190558417,-0.020943951023932,6
0.671956980557802,-0.615735128883734,0.411514358605109,0.670849528561324,-0.608289207344275,0.42419942274539,5.541420375082,5.54665636283798,0.424115008234622,0.438077642250577,0.059838575006958,0.00523598775598266,0.0139626340159546,14
0.388839956154672,-0.797240055863449,0.461748613235034,0.357164230420859,-0.821421493472786,0.444635179184927,5.16617458590322,5.12254135460336,0.479965544298441,0.460766922526503,0.059838575006958,-0.0436332312998582,-0.0191986217719377,149
0.14421079683077,-0.931545075026389,-0.333806859233771,0.0297525938306072,-0.946742886653003,-0.320612990585676,4.86597795456019,4.74380490692059,-0.340339204138894,-0.32637657012294,0.059838575006958,-0.122173047639603,0.0139626340159547,34
-0.819230786947296,-0.329328664791099,0.469471562785891,-0.829407877592941,-0.305162680406431,0.467929814260573,3.52381975977655,3.49414916249265,0.488692190558412,0.486946861306418,0.0601168939604787,-0.0296705972839035,-0.00174532925199433,21
-0.752534309269384,0.534798296887947,-0.384295322659804,-0.733647730029741,0.569075512512129,-0.371367835550235,2.5237460983838,2.48185819633594,-0.394444410950718,-0.380481776934764,0.0603952129139994,-0.0418879020478644,0.0139626340159547,32
-0.915070368801143,-0.191168159983316,0.355106962408137,-0.921514638866316,-0.160830050582323,0.353474843779257,3.34754150532512,3.31438024953723,0.363028484414821,0.361283155162826,0.0609518508210409,-0.0331612557878924,-0.00174532925199439,72
-0.709261179624492,0.586751876270688,0.390731128489274,-0.653817845942863,0.638034111553656,0.4067366430758,2.45044226980004,2.3684117949563,0.401425727958696,0.418879020478639,0.0609518508210409,-0.0820304748437337,0.0174532925199433,12
-0.776101308344282,-0.563870606552723,-0.282341456842876,-0.761774243937849,-0.565743481400612,-0.315649036947102,3.76991118430775,3.78038315981972,-0.28623399732707,-0.321140582366957,0.0617868076816031,0.0104719755119662,-0.0349065850398866,40
-0.61523332337546,0.695394771713967,-0.371367835550235,-0.629221127635719,0.68188040489958,-0.372987782575809,2.29510796637254,2.31605191739648,-0.380481776934764,-0.382227106186758,0.0617868076816031,0.020943951023932,-0.00174532925199433,144
-0.455572479435227,0.839060129101878,-0.297374874077786,-0.429256450649358,0.842463219600284,-0.325568154457157,2.06821516361328,2.04203522483337,-0.301941960595019,-0.331612557878923,0.0617868076816031,-0.0261799387799151,-0.0296705972839036,110
-0.347555874846357,0.919779934064874,-0.182235525492147,-0.37528106107303,0.910500101918091,-0.17364817766693,1.93207948195772,1.96175007924163,-0.183259571459405,-0.174532925199433,0.0623434455886446,0.0296705972839035,0.00872664625997166,36
0.346555097575447,0.862082884547629,0.369746757273829,0.370490747807325,0.852070385164663,0.369746757273829,1.18856922060814,1.16064395257623,0.378736447682769,0.378736447682769,0.0623434455886446,-0.0279252680319093,0,10
0.766159827114251,0.38032504108485,-0.51802700937313,0.761803224747067,0.455929824479454,-0.460199784783852,0.460766922526503,0.539306738866248,-0.544542726622231,-0.478220215046446,0.0626217645421653,0.0785398163397448,0.0663225115757846,48
0.846225024928835,0.382085249522833,-0.371367835550235,0.844614829388012,0.376046750080518,-0.381070376350274,0.424115008234622,0.418879020478639,-0.380481776934764,-0.39095375244673,0.0629000834956861,-0.00523598775598311,-0.010471975511966,7
0.626131754081,0.722826267376173,-0.292371704722737,0.617094007823334,0.725083006304829,-0.305695304963106,0.856956662729216,0.865683308989187,-0.296705972839036,-0.310668606854991,0.0634567214027275,0.00872664625997155,-0.0139626340159547,40
0.428024352918103,-0.785052197351763,0.44775908783877,0.396864076244499,-0.8029934385895,0.444635179184927,5.21155314645507,5.1714105736592,0.464257581030492,0.460766922526503,0.0634567214027275,-0.0401425727958706,-0.00349065850398872,87
0.148522866690477,-0.937736474530878,-0.313992455967405,0.0746190342545916,-0.948124726454482,-0.309016994374947,4.86946861306418,4.79092879672443,-0.319395253114962,-0.314159265358979,0.0637350403562483,-0.0785398163397453,0.005235987755983,24
-0.135744817022884,-0.897570774470175,-0.419452082446177,-0.325930206836378,-0.835967751903283,-0.441505852791745,4.56229066471318,4.3406338497099,-0.432841654494594,-0.457276264022514,0.064013359309769,-0.221656815003279,-0.0244346095279206,97
-0.462273016806157,-0.690535188175137,0.556295615500305,-0.567291032887019,-0.597800015706448,0.566406236924833,4.12246769321061,3.95317075576716,0.589921287174083,0.602138591938044,0.0642916782632897,-0.169296937443451,0.0122173047639604,11
0.792792506372455,-0.323532628972143,-0.516533328866642,0.807152881400806,-0.285827826175693,-0.516533328866642,5.89572221323685,5.94284610304069,-0.542797397370236,-0.542797397370236,0.0654049540773727,0.0471238898038466,0,21
0.343006986085081,-0.902972263909057,0.258819045102521,0.320552619157842,-0.905212671752917,0.278991106039229,5.07541746479951,5.05272818452358,0.261799387799149,0.282743338823081,0.0654049540773727,-0.0226892802759266,0.020943951023932,35
-0.273286077947969,-0.836119806813648,0.475624209070275,-0.339343040084683,-0.803337486406786,0.489382451748846,4.39648438577372,4.31270858167799,0.49567350756639,0.511381470834338,0.0654049540773727,-0.0837758040957279,0.0157079632679489,12
-0.601030318343053,-0.69630032555475,0.392337116603562,-0.609780627489272,-0.686812450193647,0.395545502562965,4.000294645571,3.98633201155505,0.40317105721069,0.406661715714679,0.0654049540773727,-0.0139626340159542,0.00349065850398861,13
-0.769830426470655,-0.152430529183258,-0.61977903179514,-0.78249711777335,-0.0725900628715419,-0.618408395357554,3.33706952981316,3.23409510394549,-0.668461103513828,-0.666715774261834,0.0662399109379349,-0.102974425867665,0.00174532925199422,13
-0.743101949749682,0.562003590591811,0.363251230472978,-0.676893747375474,0.62681048273108,0.385906042324319,2.4940755010999,2.39459173373622,0.371755130674792,0.396189740202713,0.0670748677984971,-0.0994837673636768,0.0244346095279206,73
-0.68292045984415,0.619234459460176,-0.387515586452103,-0.636648170550497,0.663890573716714,-0.392337116603562,2.40506370924819,2.33525053916841,-0.397935069454707,-0.40317105721069,0.0670748677984971,-0.0698131700797733,-0.00523598775598305,24
-0.903823604436794,-0.281509704522735,0.322265695230511,-0.912050700016632,-0.2358723488484,0.335451569750255,3.44353461418481,3.39466539512897,0.328121899374934,0.342084533390889,0.0676315057055386,-0.0488692190558417,0.0139626340159547,56
-0.413334956998375,0.870481397661206,-0.267238376078257,-0.508199266604004,0.826066118089616,-0.243615011786023,2.01410995680146,2.1223203704251,-0.270526034059121,-0.2460914245312,0.0676315057055386,0.108210413623648,0.0244346095279206,77
0.477065845347684,0.800285400818087,-0.363251230472978,0.484360033191611,0.796632304491579,-0.361624570082092,1.03323491718064,1.02450827092067,-0.371755130674792,-0.370009801422798,0.06818814361258,-0.00872664625997199,0.00174532925199433,33
-0.849184122167245,0.140581519802224,-0.509041415750371,-0.851255029692801,0.133302980258795,-0.507538362960704,2.97753170390233,2.9862583501623,-0.534070751110265,-0.53232542185827,0.0684664625661008,0.00872664625997155,0.00174532925199444,7
0.772830910566907,0.404026236267664,-0.489382451748846,0.816415544284654,0.37034251566899,-0.44307119082418,0.481710873550435,0.425860337486616,-0.511381470834338,-0.459021593274509,0.0687447815196215,-0.0558505360638186,0.0523598775598298,6
0.487137847985623,-0.794936719099626,-0.361624570082092,0.482730340860289,-0.790839251579075,-0.376224263139366,5.2621676947629,5.26042236551091,-0.370009801422798,-0.385717764690747,0.0698580573337044,-0.00174532925199511,-0.015707963267949,55
0.36435219001538,-0.806950651624712,0.46484204572462,0.297122667244767,-0.825289956992563,0.480223497443189,5.13650398861931,5.05796417227957,0.483456202802429,0.500909495322373,0.0701363762872252,-0.0785398163397444,0.0174532925199434,3
0.907444864593042,0.211169034859713,0.363251230472978,0.917187322763861,0.201656711464266,0.343659694585616,0.228638132011257,0.216420827247297,0.371755130674792,0.35081117965086,0.0706930141942666,-0.0122173047639604,-0.0209439510239319,61
0.0462710040159319,-0.946079438765618,-0.320612990585676,0.00992482618181796,-0.947716443266317,-0.31895930929807,4.76125819944053,4.72286095589666,-0.32637657012294,-0.324631240870945,0.0706930141942666,-0.0383972435438746,0.00174532925199433,21
0.509269610040561,-0.837601361080189,-0.197657340379126,0.560054937130385,-0.802819925124557,-0.20449605184179,5.25867703625892,5.32150888933071,-0.198967534727354,-0.205948851735331,0.0715279710548288,0.0628318530717946,-0.00698131700797733,70
-0.290461704297458,-0.829428427197989,0.477158760259608,-0.326163548214158,-0.819612803442274,0.47101188121941,4.37554043474978,4.33365253270192,0.497418836818384,0.490437519810407,0.0715279710548288,-0.0418879020478631,-0.00698131700797727,8
-0.305247936727474,-0.857235796977048,-0.414693242656239,-0.391248498734558,-0.805744481625001,-0.444635179184927,4.3703044469938,4.26034870411816,-0.427605666738611,-0.460766922526503,0.0715279710548288,-0.109955742875643,-0.0331612557878923,10
0.252002542766005,-0.878837307526804,-0.405141586779863,0.27680114790498,-0.877901081983605,-0.390731128489274,4.99164166070378,5.0178215994837,-0.417133691226645,-0.401425727958696,0.0718062900083496,0.026179938779916,0.015707963267949,83
-0.795338836563072,0.0598018275204563,-0.603207987745283,-0.800280171046802,0.0489472321157004,-0.597625146975521,3.06654349575404,3.08050612976999,-0.647517152489896,-0.640535835481919,0.072362927915391,0.0139626340159547,0.00698131700797733,7
-0.78323232847798,-0.373582657102205,0.496973961027555,-0.758986089369321,-0.432918022138376,0.486335380423491,3.58665161284835,3.65995544143211,0.52010811709431,0.50789081233035,0.0729195658224325,0.0733038285837622,-0.0122173047639603,46
-0.818982480921629,0.227123943114586,-0.526955795496678,-0.832077719366568,0.198228874016029,-0.51802700937313,2.87106661953067,2.90771853382255,-0.555014702134197,-0.544542726622231,0.0731978847759532,0.0366519142918809,0.010471975511966,118
-0.849588061192229,-0.240409188707509,0.469471562785891,-0.853972756689679,-0.236827605388488,0.463296035119862,3.4173546754049,3.41211868764891,0.488692190558412,0.481710873550435,0.0737545226829947,-0.00523598775598311,-0.00698131700797727,89
-0.580162216135428,0.719002916240332,-0.38268343236509,-0.568342636992097,0.730068263912607,-0.379456159529005,2.24972940582069,2.23227611330075,-0.392699081698724,-0.389208423194735,0.0737545226829947,-0.0174532925199431,0.00349065850398866,20
-0.808346439412189,-0.483785363815119,0.335451569750255,-0.821873684792822,-0.455572022631502,0.342020143325669,3.68089939245604,3.64773813666815,0.342084533390889,0.349065850398866,0.0740328416365155,-0.0331612557878915,0.00698131700797727,116
-0.920158638301644,0.355059668448168,0.165047605860678,-0.946875614461916,0.262591848062031,0.185666615385577,2.77332818141899,2.87106661953067,0.165806278939461,0.186750229963393,0.0743111605900362,0.0977384381116826,0.0209439510239319,87
-0.781111068391661,0.0862354647887522,-0.618408395357554,-0.765945526524681,0.102198953061246,-0.634730513202268,3.03163691071415,3.00894763043822,-0.666715774261834,-0.687659725285766,0.0748677984970777,-0.0226892802759258,-0.0209439510239319,17
0.375675183297879,0.893695945547149,-0.245307385878803,0.352243493473197,0.885148811878588,-0.30403306092549,1.17286125734019,1.19205987911213,-0.247836753783195,-0.308923277602996,0.0748677984970777,0.0191986217719373,-0.0610865238198015,8
-0.199373499125182,0.8567565696234,-0.475624209070275,-0.188713080207481,0.858316311662617,-0.477158760259608,1.79943445880615,1.78721715404219,-0.49567350756639,-0.497418836818384,0.0751461174505984,-0.01221730476396,-0.00174532925199433,30
-0.845677284289947,0.278044543786762,0.455544907233516,-0.814261080957178,0.345633322685932,0.466386640339891,2.82394272972683,2.7401669256311,0.472984227290463,0.485201532054424,0.0754244364041191,-0.0837758040957279,0.0122173047639603,73
0.877590931473148,-0.309048552505392,-0.366501226724297,0.894115411392171,-0.242925780715532,-0.376224263139366,5.94459143229269,6.01789526087645,-0.375245789178781,-0.385717764690747,0.0759810743111606,0.0733038285837626,-0.010471975511966,3
0.393742528348122,-0.872043035639407,-0.290702193598252,0.372121084178202,-0.880933984466237,-0.292371704722737,5.13650398861931,5.11206937909139,-0.294960643587042,-0.296705972839036,0.0765377122182021,-0.0244346095279209,-0.00174532925199433,28
0.345583859521886,-0.859666853998221,-0.376224263139366,0.285960848280453,-0.8906637570183,-0.353474843779257,5.09461608657145,5.02305758723968,-0.385717764690747,-0.361283155162826,0.0765377122182021,-0.0715584993317666,0.0244346095279207,9
-0.349526870132753,-0.896490063596204,0.272280247040574,-0.377513833125345,-0.885068795558025,0.272280247040574,4.3406338497099,4.309217923174,0.275762021815104,0.275762021815104,0.0770943501252435,-0.0314159265358986,0,20
0.245981101678272,-0.852221518029595,0.461748613235034,0.241515528785432,-0.853497784139488,0.461748613235034,4.99338698995578,4.98815100219979,0.479965544298441,0.479965544298441,0.0773726690787643,-0.00523598775598355,0,64
-0.857017275158882,-0.377989656195286,-0.350207381259467,-0.861080770512007,-0.365507101804709,-0.353474843779257,3.55698101556444,3.54301838154849,-0.357792496658838,-0.361283155162826,0.0779293069858057,-0.0139626340159547,-0.00349065850398861,3
-0.794197321213965,-0.345326823424655,0.5,-0.821469524385658,-0.279651037126958,0.496973961027555,3.55174502780846,3.46971455296473,0.523598775598299,0.52010811709431,0.0779293069858057,-0.0820304748437328,-0.00349065850398855,63
-0.484854753990037,-0.77592980437996,0.40354529635239,-0.42037182491412,-0.828598131969811,0.369746757273829,4.1538836197465,4.24289541159821,0.41538836197465,0.378736447682769,0.0782076259393265,0.0890117918517106,-0.0366519142918809,9
-0.927248393207672,0.118783258681752,0.355106962408137,-0.926298782695704,0.168337018879189,0.337095258423082,3.01418361819421,2.96182374063438,0.363028484414821,0.343829862642883,0.0784859448928472,-0.0523598775598302,-0.0191986217719377,61
-0.410574604566852,-0.785356783842216,0.463296035119862,-0.453076631228224,-0.748118438719088,0.484809620246337,4.23067810683425,4.16784625376246,0.481710873550435,0.506145483078356,0.0787642638463679,-0.0628318530717955,0.0244346095279206,129
0.353778720020851,0.889006665834162,-0.290702193598252,0.370185254722844,0.880635921550405,-0.295708050044047,1.19205987911213,1.17286125734019,-0.294960643587042,-0.300196631343025,0.0790425827998887,-0.0191986217719373,-0.005235987755983,152
0.928757560832701,-0.273348215223348,-0.250380004054441,0.914294319592171,-0.327364761049653,-0.238533457578581,5.99695130985252,5.9393554445367,-0.253072741539178,-0.240855436775218,0.0793209017534094,-0.0575958653158137,0.0122173047639603,39
-0.038577154950893,0.960487298819775,0.275637355816999,-0.105050795555707,0.951538202442846,0.289031796944472,1.61093889959077,1.68075206967054,0.279252680319093,0.293215314335047,0.0795992207069301,0.0698131700797733,0.0139626340159547,64
0.67519313232892,-0.554609891549186,-0.486335380423491,0.691147299839346,-0.518928071332527,-0.503019946630235,5.59552558189382,5.63915881319368,-0.50789081233035,-0.527089434102287,0.0798775396604509,0.0436332312998573,-0.0191986217719375,7
0.166316481648362,-0.839959610994514,-0.516533328866642,0.129170213780893,-0.834388819228982,-0.535826794978997,4.90786585660805,4.86597795456019,-0.542797397370236,-0.565486677646163,0.0807124965210131,-0.041887902047864,-0.0226892802759263,61
-0.312053672120207,-0.896096083682247,0.315649036947102,-0.22847044519483,-0.923206235280043,0.309016994374947,4.37728576400178,4.46978821435748,0.321140582366957,0.314159265358979,0.0812691344280546,0.0925024503557008,-0.00698131700797727,33
-0.791053082239907,-0.51371587822889,0.332161131883703,-0.790635696598272,-0.505632622595629,0.345298198998535,3.71755130674792,3.71056998973994,0.3385938748869,0.352556508902855,0.0812691344280546,-0.00698131700797777,0.0139626340159547,61
-0.458708149278221,-0.754442367262817,0.469471562785891,-0.486075656620584,-0.726091147025776,0.486335380423491,4.16610092451046,4.12246769321061,0.488692190558412,0.50789081233035,0.082939048149179,-0.0436332312998573,0.0191986217719377,248
-0.675946319411831,-0.396575350127723,-0.62114778027831,-0.69505872897968,-0.375816852804101,-0.612907053652976,3.67217274619607,3.63726616115618,-0.670206432765822,-0.659734457253856,0.082939048149179,-0.0349065850398862,0.010471975511966,80
-0.940391377548078,-0.155680783017017,0.302369890750444,-0.94031595677142,-0.162420768400786,0.299040792256087,3.30565360327726,3.31263492028524,0.307177948351002,0.303687289847013,0.082939048149179,0.00698131700797733,-0.00349065850398866,244
-0.961344315364399,0.0841067293394757,0.262189178640865,-0.974815194976741,-0.0255264342401122,0.221548497619467,3.05432619099008,3.16777259236971,0.265290046303138,0.223402144255274,0.082939048149179,0.113446401379631,-0.0418879020478639,12
-0.900315549682845,0.244610321005986,0.359996808120051,-0.874458603485947,0.30623104776402,0.376224263139366,2.87630260728666,2.80474410795489,0.368264472170804,0.385717764690747,0.082939048149179,-0.0715584993317679,0.0174532925199433,39
-0.915187648146712,0.260698059398902,-0.307356617799807,-0.917055389837014,0.256046465498738,-0.305695304963106,2.86408530252269,2.86932129027868,-0.312413936106985,-0.310668606854991,0.082939048149179,0.00523598775598311,0.00174532925199428,58
0.304750506135813,0.916113819340598,-0.260504508642648,0.363793304346364,0.900420024948558,-0.238533457578581,1.24965574442794,1.18682389135614,-0.263544717051144,-0.240855436775218,0.0837740050097412,-0.0628318530717955,0.0226892802759262,182
0.738572526253518,0.436790574415273,0.51354125205817,0.756982768940476,0.349775144588416,0.551936985312058,0.534070751110265,0.432841654494594,0.539306738866248,0.5846852994181,0.0840523239632619,-0.101229096615671,0.0453785605518526,58
0.915756991124933,-0.292255335766555,-0.275637355816999,0.866668024727336,-0.387679342383335,-0.313992455967405,5.97426202957659,5.86256095744895,-0.279252680319093,-0.319395253114962,0.0843306429167826,-0.111701072127638,-0.0401425727958696,49
0.656041017335259,-0.635747974242268,0.4067366430758,0.230609457770549,-0.8606462131056,0.453990499739547,5.51349510705009,4.97418836818384,0.418879020478639,0.471238898038469,0.0846089618703034,-0.539306738866248,0.0523598775598299,72
0.0204998518655725,0.978652706967395,0.20449605184179,0.0222397391304252,0.980018861960147,0.197657340379126,1.54985237577096,1.54810704651897,0.205948851735331,0.198967534727354,0.0851655997773448,-0.00174532925199422,-0.00698131700797733,23
0.403000816982279,-0.872173677988162,-0.277314653302378,0.370976226508172,-0.882517569072031,-0.289031796944472,5.14523063487928,5.1103240498394,-0.280998009571087,-0.293215314335047,0.0851655997773448,-0.0349065850398862,-0.0122173047639603,63
0.93149422035523,0.13257125945203,-0.338737920245291,0.93000805410473,0.0276019946728299,-0.366501226724297,0.141371669411541,0.0296705972839036,-0.345575191894877,-0.375245789178781,0.0854439187308656,-0.111701072127637,-0.0296705972839036,13
0.155155099417911,-0.937215980338884,-0.312334918512233,0.162061467079898,-0.938235823986393,-0.305695304963106,4.87644993007216,4.88343124708013,-0.317649923862968,-0.310668606854991,0.0857222376843863,0.00698131700797777,0.00698131700797733,8
-0.130799300553448,-0.907684263940925,-0.398749068925246,-0.13871525906747,-0.906508277366012,-0.398749068925246,4.56927198172115,4.56054533546118,-0.410152374218667,-0.410152374218667,0.086000556637907,-0.00872664625997199,0,191
0.0675330410936812,-0.85808864659282,-0.509041415750371,0.0738236943280422,-0.861116133542901,-0.503019946630235,4.79092879672443,4.79791011373241,-0.534070751110265,-0.527089434102287,0.0862788755914278,0.00698131700797688,0.00698131700797744,27
-0.316507321813562,-0.914018610750624,0.253757944584806,-0.227129839893977,-0.938842232604582,0.258819045102521,4.37903109325377,4.47502420211346,0.256563400043166,0.261799387799149,0.08711383245199,0.0959931088596875,0.005235987755983,21
-0.488074480304594,-0.818752557762701,-0.302369890750444,-0.47873415945007,-0.819255326531358,-0.315649036947102,4.17482757077044,4.18355421703041,-0.307177948351002,-0.321140582366957,0.08711383245199,0.00872664625997199,-0.0139626340159546,3
-0.419896397624207,-0.687900727859956,-0.59201317879922,-0.398413848379999,-0.709965127768694,-0.58070295571094,4.16435559525847,4.20100750955035,-0.633554518473942,-0.619591884457987,0.08711383245199,0.0366519142918804,0.0139626340159547,4
-0.551032963828564,-0.712953344286288,0.433659084587544,-0.578144041631281,-0.684141085272208,0.444635179184927,4.05439985238283,4.01076662108297,0.448549617762543,0.460766922526503,0.0873921514055107,-0.0436332312998582,0.0122173047639603,40
0.287102109549828,-0.910571558395747,-0.297374874077786,0.286945600905708,-0.91007517639353,-0.299040792256087,5.0178215994837,5.0178215994837,-0.301941960595019,-0.303687289847013,0.0887837461731144,0,-0.00174532925199428,36
-0.588712034303513,-0.761704364766202,-0.270600445975864,-0.567603891438567,-0.767072634755437,-0.299040792256087,4.05439985238283,4.07534380340676,-0.27401669256311,-0.303687289847013,0.0887837461731144,0.0209439510239324,-0.0296705972839036,71
-0.60149797941924,-0.553105745431829,0.576432316169793,-0.579992865036911,-0.564018416094501,0.587785252292473,3.88510291493938,3.91302818297129,0.614355896702004,0.628318530717959,0.0887837461731144,0.0279252680319093,0.0139626340159547,14
-0.911788202281886,-0.266625529268154,0.312334918512233,-0.92310601001534,-0.204647675474021,0.325568154457157,3.42608132166487,3.35975881008908,0.317649923862968,0.331612557878923,0.0887837461731144,-0.0663225115757853,0.0139626340159547,40
-0.360502074908798,-0.829098010242206,0.427357863387192,-0.337796732001283,-0.823633538257678,0.455544907233516,4.30223660616602,4.32318055718995,0.441568300754565,0.472984227290463,0.0893403840801559,0.0209439510239324,0.0314159265358979,50
-0.552757318144013,-0.730876186073262,0.400349032556895,-0.524133942403163,-0.734808686629273,0.430511096808295,4.06487182789479,4.0927970959267,0.411897703470662,0.445058959258554,0.0893403840801559,0.0279252680319093,0.0331612557878922,193
-0.759119234531848,-0.401932945028047,0.512042864870571,-0.790976849641394,-0.343926522531691,0.506033764121164,3.62853951489621,3.55174502780846,0.537561409614253,0.530580092606276,0.0901753409407181,-0.0767944870877506,-0.00698131700797733,90
-0.846071586935203,0.360880114049181,0.392337116603562,-0.836468941585113,0.375924047906928,0.398749068925246,2.7384215963791,2.71922297460717,0.40317105721069,0.410152374218667,0.0901753409407181,-0.0191986217719378,0.00698131700797727,25
-0.49422250777555,0.755251155797173,0.430511096808295,-0.496214551459954,0.767030913391909,0.4067366430758,2.15024563845701,2.14500965070103,0.445058959258554,0.418879020478639,0.0904536598942388,-0.00523598775598266,-0.0261799387799149,202
-0.157819316022255,0.923281026341197,0.350207381259467,-0.0933300359324009,0.935046376364481,0.342020143325669,1.74009326423835,1.67028009415857,0.357792496658838,0.349065850398866,0.0907319788477595,-0.0698131700797728,-0.00872664625997166,24
0.359680726522126,0.903837753246996,-0.231747903494157,0.386969015927131,0.89423263408465,-0.224951054343865,1.19205987911213,1.16238928182822,-0.23387411976724,-0.226892802759263,0.0910102978012803,-0.0296705972839035,0.00698131700797736,95
0.160935873787564,0.92212097849257,-0.351841648404702,0.122419071360212,0.929865164760324,-0.346935651573256,1.39800873084746,1.43989663289532,-0.359537825910832,-0.354301838154849,0.0915669357083217,0.041887902047864,0.005235987755983,25
-0.601230863023505,0.677182618715579,-0.42419942274539,-0.597782138775461,0.663904324465388,-0.449318998615897,2.29685329562454,2.30383461263251,-0.438077642250577,-0.466002910282486,0.0926802115224047,0.00698131700797733,-0.0279252680319092,26
0.205242525736713,0.933496541378968,-0.294040325232304,0.17689902812429,0.954461744364971,-0.240228042477264,1.3543754995476,1.38753675533549,-0.29845130209103,-0.242600766027212,0.0926802115224047,0.033161255787892,0.0558505360638185,21
0.92567770818808,0.174908618757776,-0.335451569750255,0.923289900206024,0.192885309558004,-0.332161131883703,0.186750229963393,0.205948851735331,-0.342084533390889,-0.3385938748869,0.0926802115224047,0.0191986217719378,0.00349065850398872,57
0.928478222604079,-0.0600419933009833,0.366501226724297,0.908593724499044,-0.0715078769282118,0.411514358605109,6.2186081248558,6.20464549083984,0.375245789178781,0.424115008234622,0.0929585304759254,-0.0139626340159547,0.0488692190558412,8
-0.207536123951433,0.891833360049144,-0.40194777665596,-0.194699938392076,0.878234667767618,-0.436801788367702,1.79943445880615,1.78896248329419,-0.413643032722656,-0.452040276266531,0.0932368494294461,-0.0104719755119658,-0.0383972435438752,25
0.886649359243623,-0.26432165395285,0.379456159529005,0.892531752916821,-0.26947122359942,0.361624570082092,5.99346065134853,5.98996999284454,0.389208423194735,0.370009801422798,0.0935151683829669,-0.00349065850398844,-0.0191986217719377,44
0.866574919673327,-0.37679749890474,-0.327217898979104,0.847526336124521,-0.398815621166888,-0.350207381259467,5.87303293296092,5.84336233567702,-0.333357887130917,-0.357792496658838,0.0943501252435291,-0.0296705972839026,-0.0244346095279206,12
0.700469967573981,-0.594041732481076,0.395545502562965,0.695254730747335,-0.59801341072312,0.398749068925246,5.57981761862587,5.57283630161789,0.406661715714679,0.410152374218667,0.0943501252435291,-0.00698131700797688,0.00349065850398866,54
0.61121204594436,-0.700645522788246,-0.368124552684678,0.675162662588692,-0.642948714408147,-0.361624570082092,5.42971930295436,5.52222175331006,-0.376991118430775,-0.370009801422798,0.0943501252435291,0.0925024503556982,0.00698131700797738,33
0.555263545348633,-0.723633540912102,0.409923033841573,0.548019389616027,-0.724611521601611,0.417867073801077,5.36688744988256,5.35990613287459,0.422369678982628,0.431096325242599,0.0949067631505705,-0.00698131700797777,0.0087266462599716,10
0.402966287311811,-0.829876314752817,0.385906042324319,0.372626588605938,-0.865229258529779,0.335451569750255,5.16442925665122,5.11905069609937,0.396189740202713,0.342084533390889,0.0949067631505705,-0.0453785605518515,-0.0541052068118242,50
0.171204968110755,-0.880773206248254,0.441505852791745,0.0459500785840477,-0.876779730274081,0.478691857940607,4.90437519810407,4.76474885794452,0.457276264022514,0.499164166070378,0.0951850821040913,-0.139626340159547,0.0418879020478639,210
0.709257511641451,0.620908014852975,0.333806859233771,0.714206101628948,0.614314161279121,0.335451569750255,0.719075651821664,0.710349005561692,0.340339204138894,0.342084533390889,0.0957417200111328,-0.00872664625997155,0.00174532925199433,26
-0.0131367469737728,-0.940789055669145,-0.338737920245291,-0.049660333425405,-0.947575610048319,-0.315649036947102,4.69842634636874,4.66002910282486,-0.345575191894877,-0.321140582366957,0.0957417200111328,-0.0383972435438746,0.0244346095279206,139
0.620735927106684,-0.675045249468696,0.398749068925246,0.608658944338175,-0.683143823267839,0.40354529635239,5.45589924173427,5.44019127846633,0.410152374218667,0.41538836197465,0.0960200389646535,-0.0157079632679498,0.00523598775598294,8
-0.42116301157141,-0.848427385196759,0.320612990585676,-0.483701290567153,-0.795548863210242,0.36487678433762,4.25162205785819,4.16610092451046,0.32637657012294,0.373500459926786,0.0962983579181742,-0.085521133347723,0.0471238898038469,40
-0.888583396833605,-0.00775454982523002,-0.458649554484315,-0.899524541210108,0.0644787208540552,-0.432085748801982,3.15031929984976,3.07003415425803,-0.476474885794452,-0.446804288510548,0.0968549958252157,-0.080285145591739,0.0296705972839036,39
-0.331892075720831,-0.842557119616347,-0.42419942274539,-0.389377653854885,-0.820027434425234,-0.419452082446177,4.33714319120591,4.26907535037813,-0.438077642250577,-0.432841654494594,0.0971333147787364,-0.0680678408277791,0.005235987755983,45
-0.12124352664697,-0.873755008567252,-0.47101188121941,-0.189667479520074,-0.855534712739349,-0.481753674101715,4.57450796947714,4.4942228238854,-0.490437519810407,-0.502654824574367,0.0979682716392986,-0.0802851455917386,-0.0122173047639603,18
-0.632765874096102,0.485538332266036,-0.603207987745283,-0.591937086917615,0.532982547030502,-0.604599114862375,2.48709418409192,2.40855436775218,-0.647517152489896,-0.649262481741891,0.0979682716392986,-0.0785398163397444,-0.00174532925199433,19
-0.390597912061469,-0.861068317787028,0.325568154457157,-0.40628509944891,-0.847982417130539,0.34037955021305,4.28652864289807,4.26558469187414,0.331612557878923,0.347320521146872,0.0982465905928194,-0.0209439510239315,0.0157079632679489,27
0.026153422470608,0.936306994849691,-0.350207381259467,-0.0842015916249,0.943460334214186,-0.320612990585676,1.54287105876299,1.65980811864661,-0.357792496658838,-0.32637657012294,0.0993598664069023,0.11693705988362,0.0314159265358979,94
0.143994548028975,0.975129170475241,-0.168489379565003,0.143819206159991,0.973941757662792,-0.175366726091987,1.42418866962737,1.42418866962737,-0.16929693744345,-0.176278254451427,0.099638185360423,0,-0.00698131700797733,8
-0.528807402601011,0.781045269763609,0.332161131883703,-0.534247196270339,0.777334494116284,0.332161131883703,2.16595360172496,2.17293491873294,0.3385938748869,0.3385938748869,0.100473142220985,0.00698131700797733,0,98
0.194515809141539,0.856164531579872,-0.478691857940607,0.242074083218069,0.838685335044778,-0.487859659138733,1.34739418253962,1.28979831722381,-0.499164166070378,-0.509636141582344,0.100473142220985,-0.0575958653158128,-0.0104719755119659,150
0.47431224351162,0.831557884942488,-0.289031796944472,0.474809226673212,0.832429189177955,-0.285688367404974,1.05243353895258,1.05243353895258,-0.293215314335047,-0.289724655831059,0.100473142220985,0,0.00349065850398866,6
-0.378986938754498,0.66443483490596,-0.644123629761387,-0.34500430675298,0.688957680568813,-0.63742398974869,2.08915911463721,2.03505390782539,-0.699877030049726,-0.691150383789754,0.101029780128027,-0.0541052068118244,0.00872664625997177,225
0.574013800503031,0.775735129690344,-0.262189178640865,0.466560716343122,0.852190583457476,-0.236838146065619,0.933751149816966,1.06988683147252,-0.265290046303138,-0.239110107523223,0.101029780128027,0.136135681655558,0.026179938779915,7
-0.652793041608112,0.70495235859724,-0.277314653302378,-0.596258522341969,0.749599697282673,-0.287360519849712,2.31779724664847,2.24274808881271,-0.280998009571087,-0.291469985083053,0.101308099081547,-0.0750491578357564,-0.010471975511966,212
0.67907130943585,0.669655268661104,0.300705799504273,0.671599099627548,0.66228666893212,0.332161131883703,0.778416846389471,0.778416846389471,0.305432619099008,0.3385938748869,0.10214305594211,0,0.0331612557878923,14
0.920864514779294,0.20415074794385,-0.332161131883703,0.91998054264408,0.210703671932202,-0.330514392713223,0.218166156499291,0.225147473507269,-0.3385938748869,-0.336848545634906,0.10214305594211,0.00698131700797733,0.00174532925199428,12
0.924139350851989,0.11838498117047,0.363251230472978,0.924312496943635,0.111854102496337,0.36487678433762,0.127409035395586,0.120427718387609,0.371755130674792,0.373500459926786,0.10214305594211,-0.00698131700797733,0.00174532925199433,247
0.441332881290137,0.840615266032983,-0.313992455967405,0.40330252102186,0.857061483678459,-0.320612990585676,1.08734012399247,1.13097335529233,-0.319395253114962,-0.32637657012294,0.10242137489563,0.0436332312998582,-0.00698131700797733,29
0.914933903972009,-0.0511527466838081,0.400349032556895,0.867185126052751,-0.25030012520531,0.430511096808295,6.22733477111577,6.0021872976085,0.411897703470662,0.445058959258554,0.102699693849151,-0.225147473507269,0.0331612557878922,302
0.14054135488865,0.918441866996246,-0.369746757273829,0.128315537909074,0.924720247139535,-0.3583679495453,1.41895268187139,1.43291531588734,-0.378736447682769,-0.366519142918809,0.102978012802672,0.0139626340159547,0.0122173047639603,30
0.0724576480629311,-0.963655859693518,-0.257132793154696,0.122792198280672,-0.958543062530768,-0.257132793154696,4.78743813822045,4.83979801578028,-0.260054058547155,-0.260054058547155,0.103812969663234,0.0523598775598302,0,30
-0.0108950911640585,-0.891730974452772,-0.452434709311783,-0.138123434347446,-0.872077042823305,-0.469471562785891,4.70017167562073,4.5553093477052,-0.469493568786475,-0.488692190558412,0.103812969663234,-0.144862327915529,-0.0191986217719377,175
-0.077612997517556,-0.944025175979989,-0.320612990585676,-0.108997618674381,-0.942038892056459,-0.317304656405092,4.63035850554096,4.59719724975306,-0.32637657012294,-0.322885911618951,0.104369607570276,-0.0331612557878938,0.00349065850398866,51
-0.079485212173986,-0.890614338703038,0.44775908783877,-0.167106193441727,-0.876001343562542,0.452434709311783,4.62337718853298,4.5238934211693,0.464257581030492,0.469493568786475,0.104369607570276,-0.0994837673636759,0.00523598775598294,158
-0.315323831032881,-0.905486700926888,0.284015344703923,-0.329135020891116,-0.894562791083202,0.302369890750444,4.37728576400178,4.35983247148183,0.287979326579064,0.307177948351002,0.104926245477317,-0.0174532925199431,0.0191986217719377,4
-0.353237958295042,-0.836231364725765,-0.419452082446177,-0.413866273452301,-0.808765612728206,-0.417867073801077,4.31270858167799,4.23940475309423,-0.432841654494594,-0.431096325242599,0.104926245477317,-0.0733038285837617,0.00174532925199433,87
0.556075216646223,-0.735263234283164,0.387515586452103,0.560574537785764,-0.738529679671442,0.374606593415912,5.35990613287459,5.36165146212658,0.397935069454707,0.383972435438752,0.105204564430838,0.00174532925199422,-0.0139626340159547,39
0.760517617521081,-0.399280675684658,0.512042864870571,0.757534999596427,-0.401094135807776,0.515038074910054,5.79972910437716,5.79623844587317,0.537561409614253,0.541052068118242,0.1060395212914,-0.00349065850398844,0.00349065850398866,6
-0.460964079897164,-0.653458238959596,-0.600420225325884,-0.476791885518387,-0.642000818475674,-0.600420225325884,4.09803308368269,4.07359847415476,-0.644026493985907,-0.644026493985907,0.1060395212914,-0.0244346095279209,0,13
-0.788842467380185,-0.359496223864257,-0.49848773975383,-0.827871679222173,-0.265800517638972,-0.493941866584231,3.5691983203284,3.45226126044478,-0.521853446346304,-0.516617458590322,0.1060395212914,-0.11693705988362,0.00523598775598288,172
0.676065705982307,-0.621674284973134,0.395545502562965,0.679963655434374,-0.607957674196523,0.409923033841573,5.53967504583,5.55363767984596,0.406661715714679,0.422369678982628,0.106596159198441,0.0139626340159555,0.015707963267949,34
-0.798985948494431,-0.078341257206468,-0.596224874965616,-0.78779807016048,0.102317104981797,-0.607375839723287,3.23933109170148,3.01243828894221,-0.638790506229925,-0.652753140245879,0.106596159198441,-0.226892802759263,-0.0139626340159547,38
-0.278006919048515,-0.840615266032983,-0.46484204572462,-0.27213387478766,-0.847597777065668,-0.455544907233516,4.39299372726973,4.4017203735297,-0.483456202802429,-0.472984227290463,0.107431116059004,0.00872664625997199,0.0104719755119659,11
-0.751681800383998,-0.572628079611166,-0.327217898979104,-0.799286554745392,-0.525033131983841,-0.292371704722737,3.79260046458368,3.72278729450391,-0.333357887130917,-0.296705972839036,0.107431116059004,-0.0698131700797728,0.036651914291881,25
-0.496396636893073,-0.651613728019968,-0.573576436351046,-0.526702237456076,-0.655085466157688,-0.54170821028274,4.06138116939081,4.03520123061089,-0.610865238198015,-0.57246799465414,0.107987753966045,-0.026179938779916,0.0383972435438753,89
-0.5734408887501,0.600071612825277,-0.55774510897969,-0.363617779249966,0.726127926237766,-0.583541211356118,2.33350520991642,2.03505390782539,-0.591666616426078,-0.623082542961976,0.108266072919566,-0.29845130209103,-0.0314159265358981,36
-0.623326184362584,0.72724713785596,-0.287360519849712,-0.628651074005263,0.720636255977695,-0.292371704722737,2.27940000310459,2.28812664936457,-0.291469985083053,-0.296705972839036,0.108544391873087,0.00872664625997155,-0.00523598775598294,57
-0.954252467879467,-0.134111438352597,-0.267238376078257,-0.953929594329503,-0.110373419868,-0.278991106039229,3.28121899374934,3.25678438422142,-0.270526034059121,-0.282743338823081,0.108822710826607,-0.0244346095279209,-0.0122173047639603,9
-0.636567660273589,0.750614820423734,-0.177084740319583,-0.616215541729434,0.763684292450812,-0.192521966525907,2.27416401534861,2.24972940582069,-0.178023583703422,-0.193731546971371,0.109379348733649,-0.0244346095279209,-0.015707963267949,21
-0.180761099707263,0.956651088408061,-0.228350870110656,-0.216139073030141,0.943712750088378,-0.250380004054441,1.75754655675829,1.79594380030217,-0.230383461263251,-0.253072741539178,0.109379348733649,0.0383972435438755,-0.0226892802759263,7
-0.907965461372619,0.326887680339953,-0.262189178640865,-0.906090273977737,0.328000100234749,-0.267238376078257,2.79601746169492,2.79427213244292,-0.265290046303138,-0.270526034059121,0.110492624547732,-0.00174532925199422,-0.005235987755983,31
0.826981311708058,0.430499222297278,-0.361624570082092,0.835677569905322,0.407587184376351,-0.368124552684678,0.479965544298441,0.453785605518526,-0.370009801422798,-0.376991118430775,0.110770943501252,-0.0261799387799151,-0.00698131700797738,26
0.510929080156022,0.798917536467042,-0.317304656405092,0.49295922285332,0.810775486850841,-0.315649036947102,1.00181899064475,1.02450827092067,-0.322885911618951,-0.321140582366957,0.111605900361815,0.0226892802759262,0.00174532925199439,11
0.795273742467962,0.448113724031889,-0.408330460381385,0.784483103749229,0.463942014258034,-0.411514358605109,0.513126800086333,0.534070751110265,-0.420624349730633,-0.424115008234622,0.111605900361815,0.020943951023932,-0.00349065850398872,24
0.916824031671452,0.020805647813855,0.398749068925246,0.913855742374829,-0.0574949299493493,0.40194777665596,0.0226892802759263,6.22035345410779,0.410152374218667,0.413643032722656,0.111605900361815,-0.0855211333477222,0.00349065850398861,152
0.92314828920308,-0.348828670189563,-0.161603821103361,0.922724509178406,-0.344992557366942,-0.17192910027941,5.92190215201676,5.92539281052075,-0.162315620435473,-0.172787595947439,0.111884219315335,0.00349065850398844,-0.010471975511966,3
0.754205420255225,-0.371115075104623,0.54170821028274,0.726091147025776,-0.404137147990543,0.556295615500305,5.82590904315707,5.77529449484924,0.57246799465414,0.589921287174083,0.112162538268856,-0.050614548307836,0.0174532925199433,180
0.831248292151282,-0.466474785988633,-0.302369890750444,0.850989167620484,-0.431731445645841,-0.299040792256087,5.77180383634525,5.81369173839311,-0.307177948351002,-0.303687289847013,0.112440857222377,0.0418879020478649,0.00349065850398866,25
0.0704120913919833,-0.936450827167731,-0.343659694585616,0.0910403112688206,-0.92850092076823,-0.359996808120051,4.78743813822045,4.81012741849637,-0.35081117965086,-0.368264472170804,0.112997495129418,0.0226892802759275,-0.0174532925199433,10
-0.290574049992907,-0.858464050682374,0.422618261740699,-0.393029066953975,-0.802272142113943,0.449318998615897,4.38601241026175,4.25685804561417,0.436332312998582,0.466002910282486,0.113275814082939,-0.12915436464758,0.0296705972839035,70
-0.569426114490387,-0.703182689640982,-0.425779291565073,-0.578950469440139,-0.704825836828619,-0.409923033841573,4.0317105721069,4.02472925509892,-0.439822971502571,-0.422369678982628,0.114110770943501,-0.00698131700797777,0.0174532925199432,30
-0.705282600370008,-0.659991784424276,-0.258819045102521,-0.728307193451249,-0.633107784323328,-0.262189178640865,3.89382956119935,3.85717764690747,-0.261799387799149,-0.265290046303138,0.114110770943501,-0.0366519142918804,-0.00349065850398866,227
0.55833641833965,-0.757309094982719,0.338737920245291,0.589392228392314,-0.74362792213923,0.315649036947102,5.34768882811063,5.38259541315051,0.345575191894877,0.321140582366957,0.114110770943501,0.0349065850398862,-0.0244346095279206,12
0.656204847177247,-0.642603263252917,0.395545502562965,0.667604654483876,-0.622551411881936,0.408330460381385,5.5082591192941,5.53269372882202,0.406661715714679,0.420624349730633,0.114667408850543,0.02443460952792,0.0139626340159546,45
-0.36168295617294,-0.831813851216712,-0.421035813367491,-0.344519077450949,-0.83586593534698,-0.427357863387192,4.30223660616602,4.32143522793796,-0.434586983746588,-0.441568300754565,0.114667408850543,0.0191986217719373,-0.00698131700797738,78
-0.677473247636126,-0.558465848444406,-0.478691857940607,-0.725490746184902,-0.506109354697721,-0.466386640339891,3.83099770812755,3.75071256253581,-0.499164166070378,-0.485201532054424,0.114945727804063,-0.080285145591739,0.0139626340159547,18
-0.135856686923463,-0.811847548387164,-0.567843745053101,-0.121959540295608,-0.816050338871279,-0.564967003424938,4.54658270144523,4.56403599396517,-0.603883921190038,-0.600393262686049,0.116059003618146,0.0174532925199431,0.00349065850398877,20
-0.849161160719045,-0.419681585721835,-0.320612990585676,-0.814872583095886,-0.493504378078771,-0.30403306092549,3.6006142468643,3.68613538021202,-0.32637657012294,-0.308923277602996,0.116059003618146,0.0855211333477222,0.0174532925199433,72
-0.863251888183139,-0.135181638163561,-0.486335380423491,-0.896974465033884,-0.12446549248549,-0.42419942274539,3.29692695701729,3.27947366449735,-0.50789081233035,-0.438077642250577,0.116059003618146,-0.0174532925199431,0.0698131700797732,44
-0.831879894569295,0.255919671901956,-0.492423560103467,-0.820222141403097,0.293682044801318,-0.490903753615141,2.84314135149876,2.79776279094691,-0.514872129338327,-0.513126800086333,0.116337322571667,-0.045378560551852,0.00174532925199433,102
-0.364980878287444,0.728849972116222,-0.579281172342679,-0.308723104064533,0.764116496215996,-0.566406236924833,2.03505390782539,1.95476876223365,-0.617846555205993,-0.602138591938044,0.116893960478709,-0.080285145591739,0.0157079632679489,75
-0.363421207973802,0.835811556666147,0.411514358605109,-0.349181390356144,0.830669702699962,0.433659084587544,1.98094870101356,1.9687313962496,0.424115008234622,0.448549617762543,0.117172279432229,-0.0122173047639604,0.0244346095279206,8
-0.725109733967602,0.583003194257989,-0.366501226724297,-0.724560677538526,0.574279716543405,-0.381070376350274,2.46440490381599,2.47138622082397,-0.375245789178781,-0.39095375244673,0.117728917339271,0.00698131700797733,-0.0157079632679489,15
-0.0827333934262726,0.96504327656023,0.248689887164855,0.00167083687427019,0.957318039451461,0.289031796944472,1.65631746014262,1.5690509975429,0.251327412287183,0.293215314335047,0.117728917339271,-0.0872664625997164,0.0418879020478639,67
0.668608854151244,0.585322805229644,-0.458649554484315,0.693503908848761,0.555601399010864,-0.458649554484315,0.719075651821664,0.675442420521806,-0.476474885794452,-0.476474885794452,0.119120512106874,-0.0436332312998582,0,32
0.897539936754219,-0.145369749006748,0.416280792260401,0.888800077751789,-0.169547682563809,0.425779291565073,6.12261501599611,6.0946897479642,0.429350995990605,0.439822971502571,0.119120512106874,-0.0279252680319093,0.0104719755119659,31
0.923640294270157,-0.162862704349335,0.346935651573256,0.910479960714102,-0.185239241586484,0.369746757273829,6.10865238198015,6.08247244320024,0.354301838154849,0.378736447682769,0.119120512106874,-0.0261799387799151,0.0244346095279206,22
-0.226960666494783,0.960111184145926,0.163325962241622,-0.24649991019361,0.953144430636994,0.175366726091987,1.80292511731014,1.82386906833407,0.164060949687467,0.176278254451427,0.119955468967437,0.0209439510239324,0.0122173047639603,88
0.901186789165642,-0.354986916738141,0.248689887164855,0.874185899392271,-0.407639579537731,0.263873049965373,5.90793951800081,5.846852994181,0.251327412287183,0.267035375555132,0.119955468967437,-0.0610865238198013,0.015707963267949,18
0.970663256577598,0.0101651334331685,-0.240228042477264,0.972655869263401,0.01527969939232,-0.231747903494157,0.010471975511966,0.015707963267949,-0.242600766027212,-0.23387411976724,0.12134706373504,0.00523598775598311,0.0087266462599716,33
0.735276431950358,-0.548058161739792,0.398749068925246,0.670762130436131,-0.623310636211282,0.40194777665596,5.64264947169767,5.53443905807402,0.410152374218667,0.413643032722656,0.12134706373504,-0.108210413623649,0.00349065850398861,120
0.861734201466824,-0.278332563249097,0.42419942274539,0.873152883861102,-0.287078061287997,0.393941909590951,5.9707713710726,5.96553538331662,0.438077642250577,0.404916386462684,0.122182020595603,-0.00523598775598355,-0.0331612557878923,18
0.605047441844173,-0.728783166233641,0.320612990585676,0.571747029080381,-0.726560873572214,0.381070376350274,5.40528469342644,5.37910475464652,0.32637657012294,0.39095375244673,0.122182020595603,-0.0261799387799151,0.0645771823237902,31
0.69603986296313,-0.47125441544726,0.54170821028274,0.677184939409379,-0.486606742741767,0.551936985312058,5.68802803224952,5.66010276421761,0.57246799465414,0.5846852994181,0.122738658502644,-0.0279252680319084,0.0122173047639604,77
0.795592136783475,-0.50880239833478,-0.328866646738583,0.80789256679303,-0.473987753672978,-0.350207381259467,5.71420797102943,5.75260521457331,-0.335103216382911,-0.357792496658838,0.123295296409686,0.0383972435438755,-0.0226892802759263,13
-0.767419066144682,-0.547394700052996,-0.333806859233771,-0.747371744656595,-0.596619025481486,-0.292371704722737,3.76118453804778,3.8152897448596,-0.340339204138894,-0.296705972839036,0.124130253270248,0.054105206811824,0.0436332312998583,66
-0.194706701658289,-0.932008412436746,-0.305695304963106,-0.145824671450445,-0.941970070842983,-0.302369890750444,4.50644012864936,4.55880000620919,-0.310668606854991,-0.307177948351002,0.124408572223768,0.0523598775598302,0.00349065850398866,80
-0.369309948477958,-0.795610177447875,0.480223497443189,-0.365812050503053,-0.802701284075779,0.47101188121941,4.2778019966381,4.28478331364608,0.500909495322373,0.490437519810407,0.124686891177289,0.00698131700797777,-0.010471975511966,51
-0.859363257623803,0.435979863981425,0.267238376078257,-0.887975442661627,0.38242264313518,0.255445757935791,2.67209908480332,2.73493093787511,0.270526034059121,0.258308729295161,0.125243529084331,0.062831853071796,-0.0122173047639603,4
-0.0853646319735354,0.956491945788897,-0.278991106039229,-0.0989088284972099,0.957120948844415,-0.272280247040574,1.65980811864661,1.67377075266256,-0.282743338823081,-0.275762021815104,0.126078485944893,0.0139626340159547,0.00698131700797727,14
-0.013263681100535,0.949879452057797,0.312334918512233,-0.0610530720094694,0.944113355792646,0.323917418198149,1.58475896081085,1.63537350911869,0.317649923862968,0.329867228626928,0.126078485944893,0.0506145483078355,0.0122173047639603,31
-0.0143715618304351,0.914846791546222,-0.40354529635239,-0.0272876490542788,0.919416647197718,-0.392337116603562,1.58650429006285,1.6004669240788,-0.41538836197465,-0.40317105721069,0.126078485944893,0.0139626340159547,0.0122173047639602,22
-0.595784304268321,0.682960370468728,-0.422618261740699,-0.539407663217528,0.723670897844541,-0.430511096808295,2.28812664936457,2.21133216227682,-0.436332312998582,-0.445058959258554,0.126356804898414,-0.0767944870877502,-0.0087266462599716,129
0.306927628929858,0.922658491910024,-0.233445363855905,0.299112966850995,0.926071569308377,-0.230049737188104,1.24965574442794,1.25838239068791,-0.235619449019234,-0.232128790515246,0.126635123851934,0.00872664625997199,0.00349065850398864,8
-0.760655656674598,0.526702947556243,0.379456159529005,-0.750808603749718,0.539510712408623,0.381070376350274,2.53596340314776,2.51851011062782,0.389208423194735,0.39095375244673,0.127470080712497,-0.0174532925199435,0.00174532925199433,48
0.0799786981504163,0.952440914167092,0.294040325232304,0.0530288696175496,0.948490821075798,0.312334918512233,1.48702052269917,1.51494579073108,0.29845130209103,0.317649923862968,0.127470080712497,0.0279252680319093,0.0191986217719377,154
0.277701515365911,0.914023313434961,0.295708050044047,0.272764054072221,0.91496882737791,0.297374874077786,1.27583568320785,1.28107167096384,0.300196631343025,0.301941960595019,0.127748399666017,0.00523598775598311,0.00174532925199439,13
0.912987463488712,-0.289616683124697,0.287360519849712,0.914491370960277,-0.284832343793497,0.287360519849712,5.97600735882858,5.98124334658457,0.291469985083053,0.291469985083053,0.128026718619538,0.00523598775598266,0,59
-0.281437818027881,0.85599798652707,0.433659084587544,-0.242169637368633,0.861545923507719,0.446197813109809,1.88844625065786,1.84481301935801,0.448549617762543,0.462512251778497,0.128583356526579,-0.0436332312998586,0.0139626340159546,41
0.665761511127413,0.711448264774697,-0.224951054343865,0.677485187622204,0.704011274821676,-0.213030386274977,0.81855941918534,0.804596785169386,-0.226892802759263,-0.214675497995303,0.128583356526579,-0.0139626340159547,0.0122173047639603,108
0.852335415723186,-0.388431627465337,0.350207381259467,0.877050203620934,-0.345479262846504,0.333806859233771,5.85557964044098,5.90793951800081,0.357792496658838,0.340339204138894,0.129418313387142,0.0523598775598302,-0.0174532925199433,146
0.877450845374749,-0.349180100541338,-0.328866646738583,0.89507446001674,-0.3081988525341,-0.322265695230511,5.90444885949682,5.95157274930066,-0.335103216382911,-0.328121899374934,0.129418313387142,0.0471238898038466,0.00698131700797727,8
0.689872022304734,-0.65466410473513,0.309016994374947,0.661146112494608,-0.675140181385294,0.327217898979104,5.52396708256205,5.48731516827017,0.314159265358979,0.333357887130917,0.129418313387142,-0.0366519142918813,0.0191986217719377,48
0.901909391840694,0.293048125626484,-0.317304656405092,0.877239816194279,0.36875766348388,-0.307356617799807,0.314159265358979,0.397935069454707,-0.322885911618951,-0.312413936106985,0.130253270247704,0.0837758040957279,0.010471975511966,59
0.588119889146493,-0.688599917029326,0.42419942274539,0.495682136455183,-0.743244009112777,0.449318998615897,5.41924732744239,5.30056493830678,0.438077642250577,0.466002910282486,0.130253270247704,-0.118682389135615,0.0279252680319092,76
0.538573852763745,-0.644127100842685,0.543174449950671,0.357817964344191,-0.743490813281257,0.564967003424938,5.40877535193043,5.16093859814723,0.574213323906134,0.600393262686049,0.130253270247704,-0.247836753783194,0.026179938779915,146
0.746440810892873,0.554355869044692,-0.368124552684678,0.742868089927551,0.55371680920181,-0.376224263139366,0.638790506229925,0.640535835481919,-0.376991118430775,-0.385717764690747,0.130809908154745,0.00174532925199422,-0.00872664625997166,173
0.709328955204476,-0.532579244323368,0.461748613235034,0.690648643366356,-0.585712643843967,0.42419942274539,5.63915881319368,5.57981761862587,0.479965544298441,0.438077642250577,0.130809908154745,-0.059341194567808,-0.0418879020478639,14
0.78666588592656,-0.505030523006924,-0.355106962408137,0.804142022675649,-0.471787322508837,-0.361624570082092,5.71246264177744,5.75260521457331,-0.363028484414821,-0.370009801422798,0.131923183968828,0.0401425727958697,-0.00698131700797727,80
0.592389682218884,-0.726341512118431,-0.348572047321815,0.603393961585065,-0.724215926261752,-0.333806859233771,5.39655804716647,5.40703002267843,-0.356047167406843,-0.340339204138894,0.131923183968828,0.0104719755119671,0.0157079632679489,32
-0.279049122190001,-0.869136250843167,-0.408330460381385,-0.315445601227283,-0.857356037971266,-0.4067366430758,4.4017203735297,4.35983247148183,-0.420624349730633,-0.418879020478639,0.131923183968828,-0.041887902047864,0.00174532925199433,9
-0.44862693998552,-0.819433870767287,-0.356737999319625,-0.506685418607178,-0.789243650743108,-0.346935651573256,4.21147948506232,4.14166631498254,-0.364773813666815,-0.354301838154849,0.131923183968828,-0.0698131700797742,0.010471975511966,49
0.432873885965521,-0.838677789772996,0.330514392713223,0.488957720470183,-0.816988817619994,0.305695304963106,5.18886386617914,5.25169571925094,0.336848545634906,0.310668606854991,0.13247982187587,0.0628318530717955,-0.026179938779915,33
-0.627452902208997,-0.724351442491134,-0.285688367404974,-0.569650712935455,-0.764245061756824,-0.302369890750444,3.99854931631901,4.07185314490277,-0.289724655831059,-0.307177948351002,0.133036459782911,0.0733038285837626,-0.0174532925199433,14
-0.617522318555947,-0.492961590458846,-0.612907053652976,-0.675056115298647,-0.426752761099913,-0.601815023152048,3.8152897448596,3.70533400198396,-0.659734457253856,-0.645771823237902,0.133593097689953,-0.109955742875643,0.0139626340159545,9
-0.811332937383256,-0.337725305869387,-0.477158760259608,-0.835343790215855,-0.286002104683134,-0.469471562785891,3.53603706454051,3.47145988221672,-0.497418836818384,-0.488692190558412,0.133593097689953,-0.0645771823237897,0.0087266462599716,36
-0.132550867211553,-0.866223796192972,0.481753674101715,-0.156232408985879,-0.859691416806524,0.486335380423491,4.56054533546118,4.53262006742927,0.502654824574367,0.50789081233035,0.133871416643473,-0.0279252680319093,0.005235987755983,35
-0.853509415637063,-0.288896998554109,-0.433659084587544,-0.863839655032235,-0.250968619696898,-0.436801788367702,3.46796922371273,3.42433599241287,-0.448549617762543,-0.452040276266531,0.134428054550515,-0.0436332312998586,-0.00349065850398861,27
-0.745097886801399,-0.567612481536018,-0.350207381259467,-0.733678250984607,-0.575277232597563,-0.361624570082092,3.79260046458368,3.80656309859963,-0.357792496658838,-0.370009801422798,0.134706373504036,0.0139626340159547,-0.0122173047639603,12
-0.601534973797545,0.651877207358802,0.461748613235034,-0.572150289546783,0.655868190741524,0.492423560103467,2.31605191739648,2.28812664936457,0.479965544298441,0.514872129338327,0.134984692457556,-0.0279252680319093,0.0349065850398865,22
-0.409681506285701,0.818115063545062,0.40354529635239,-0.368129214496075,0.846639230378737,0.384295322659804,2.03505390782539,1.98094870101356,0.41538836197465,0.394444410950718,0.135263011411077,-0.0541052068118244,-0.0209439510239319,66
-0.692694122068636,-0.625897168862632,0.3583679495453,-0.680747669243232,-0.63703240194895,0.361624570082092,3.87637626867941,3.89382956119935,0.366519142918809,0.370009801422798,0.135541330364598,0.0174532925199435,0.00349065850398861,43
-0.168057892423995,0.943471622002213,-0.285688367404974,-0.210573639935508,0.934388930690007,-0.287360519849712,1.74707458124632,1.79245314179818,-0.289724655831059,-0.291469985083053,0.136654606178681,0.0453785605518529,-0.00174532925199433,121
-0.123708601665004,0.93966011987643,0.31895930929807,-0.191037282921181,0.922484146685558,0.335451569750255,1.70169602069447,1.77499984927823,0.324631240870945,0.342084533390889,0.136654606178681,0.0733038285837622,0.0174532925199433,50
-0.0933127498567281,0.902968815212209,-0.419452082446177,0.0547291872877262,0.894814302478715,-0.44307119082418,1.67377075266256,1.5097098029751,-0.432841654494594,-0.459021593274509,0.136654606178681,-0.164060949687467,-0.0261799387799149,88
-0.0807504990375542,0.961632045799647,0.262189178640865,-0.0773932848162854,0.96190805905189,0.262189178640865,1.65457213089062,1.65108147238664,0.265290046303138,0.265290046303138,0.136654606178681,-0.00349065850398844,0,13
-0.909033747072975,0.253806782596279,0.330514392713223,-0.911570113353283,0.251088241947813,0.325568154457157,2.86932129027868,2.87281194878267,0.336848545634906,0.331612557878923,0.136932925132202,0.00349065850398844,-0.005235987755983,22
-0.762153452854868,0.533665592961537,0.366501226724297,-0.75052677207142,0.543290776867504,0.376224263139366,2.53072741539178,2.51501945212383,0.375245789178781,0.385717764690747,0.137767881992764,-0.0157079632679493,0.010471975511966,37
0.97788081979228,0.0512485621687932,-0.202787295356512,0.98144628145669,0.0188447313122061,-0.190808995376545,0.0523598775598299,0.0191986217719376,-0.204203522483337,-0.191986217719376,0.137767881992764,-0.0331612557878924,0.0122173047639603,8
0.893375367041491,-0.29891921637053,-0.335451569750255,0.905949619506725,-0.282171884478215,-0.315649036947102,5.96029939556063,5.98124334658457,-0.342084533390889,-0.321140582366957,0.138046200946284,0.0209439510239315,0.020943951023932,4
0.951795835603988,0.0515474198624079,0.302369890750444,0.954378500751318,0.0868552475855543,0.285688367404974,0.0541052068118242,0.0907571211037051,0.307177948351002,0.289724655831059,0.138881157806847,0.0366519142918809,-0.0174532925199433,105
0.762399873970998,-0.570347975092856,-0.305695304963106,0.722184791382781,-0.614627433588068,-0.317304656405092,5.64090414244567,5.57807228937388,-0.310668606854991,-0.322885911618951,0.138881157806847,-0.0628318530717955,-0.0122173047639603,8
0.541737418818602,-0.748380892089738,0.38268343236509,0.452264636865109,-0.799375039417345,0.395545502562965,5.33896218185065,5.22726110972302,0.392699081698724,0.406661715714679,0.138881157806847,-0.111701072127636,0.0139626340159547,49
0.598445827725745,-0.763226255647789,-0.243615011786023,0.618757972602381,-0.747949904036716,-0.240228042477264,5.37735942539453,5.40353936417444,-0.2460914245312,-0.242600766027212,0.139159476760367,0.0261799387799151,0.00349065850398869,29
0.655423431119262,-0.646335293148496,0.390731128489274,0.601768569825771,-0.670682031013609,0.433659084587544,5.50476846079011,5.44368193697031,0.401425727958696,0.448549617762543,0.139437795713888,-0.0610865238198013,0.047123889803847,60
0.807755546099932,0.0451605461910555,-0.587785252292473,0.778710126459428,0.0312762295213772,-0.62660381136446,0.0558505360638185,0.0401425727958696,-0.628318530717959,-0.6771877497738,0.140551071527971,-0.0157079632679489,-0.0488692190558412,4
-0.279755561469558,-0.881901269316668,-0.379456159529005,-0.338068787429253,-0.86264987033637,-0.376224263139366,4.40521103203369,4.3388885204579,-0.389208423194735,-0.385717764690747,0.140551071527971,-0.0663225115757848,0.00349065850398861,45
-0.31873832198842,-0.830341717110884,0.457097927058694,-0.329706077946304,-0.824324001985968,0.460199784783852,4.34586983746588,4.33190720344993,0.474729556542458,0.478220215046446,0.140551071527971,-0.0139626340159547,0.00349065850398861,13
0.944314278589274,0.0346264326796778,-0.327217898979104,0.957675035790438,0.0468381233238022,-0.284015344703923,0.0366519142918809,0.0488692190558412,-0.333357887130917,-0.287979326579064,0.140829390481492,0.0122173047639604,0.0453785605518526,50
-0.687278267038914,-0.682496830525914,0.248689887164855,-0.726567860413607,-0.627156553595327,0.280666708920788,3.92350015848325,3.85368698840348,0.251327412287183,0.284488668075076,0.141386028388533,-0.0698131700797728,0.0331612557878923,24
-0.834964075874433,-0.421770704073178,0.353474843779257,-0.909491110564888,-0.0859722221585352,0.4067366430758,3.60934089312427,3.23584043319749,0.361283155162826,0.418879020478639,0.141386028388533,-0.373500459926786,0.0575958653158129,30
-0.900552019011205,-0.317134427841038,-0.297374874077786,-0.893585176091989,-0.355600730542107,-0.273959218692432,3.48018652847669,3.52032910127256,-0.301941960595019,-0.277507351067098,0.141664347342054,0.0401425727958697,0.0244346095279206,12
-0.642195529605628,-0.669675306252014,0.372987782575809,-0.614270984236919,-0.691870060719572,0.379456159529005,3.94793476801117,3.98633201155505,0.382227106186758,0.389208423194735,0.142499304202616,0.038397243543876,0.00698131700797733,53
0.227023274567658,-0.938401744340573,0.260504508642648,0.300731329689692,-0.898791202869258,0.31895930929807,4.94975375865592,5.03527489200364,0.263544717051144,0.324631240870945,0.142499304202616,0.0855211333477222,0.0610865238198016,45
0.585860014604055,-0.749866623328976,-0.307356617799807,0.594813062250274,-0.737159908869277,-0.320612990585676,5.37561409614253,5.39132205941048,-0.312413936106985,-0.32637657012294,0.142499304202616,0.0157079632679489,-0.0139626340159547,41
-0.321288794306059,-0.933090411299008,-0.161603821103361,-0.342103444976477,-0.929809935596547,-0.135715572434304,4.38077642250577,4.35983247148183,-0.162315620435473,-0.136135681655558,0.142777623156137,-0.0209439510239324,0.026179938779915,17
-0.838519295110353,0.493925611957227,0.230049737188104,-0.843789024816199,0.483242530924082,0.233445363855905,2.60926723173152,2.62148453649548,0.232128790515246,0.235619449019234,0.143334261063178,0.01221730476396,0.00349065850398864,57
-0.49101170441954,0.77371064245865,-0.400349032556895,-0.423129219595634,0.812823668242472,-0.400349032556895,2.13628300444106,2.05076187109334,-0.411897703470662,-0.411897703470662,0.143334261063178,-0.0855211333477226,0,48
-0.36111367776665,0.912069037154535,0.194234351219972,-0.236863897875787,0.95712260395512,0.166768746716102,1.94778744522567,1.81339709282211,0.195476876223365,0.167551608191456,0.143612580016699,-0.134390352403563,-0.0279252680319093,29
-0.778873638768182,0.584794869735685,0.226651307436855,-0.768384295935942,0.593874871816138,0.238533457578581,2.49756615960389,2.48360352558793,0.228638132011257,0.240855436775218,0.144169217923741,-0.0139626340159542,0.0122173047639604,26
-0.172287973707459,0.870117849656758,-0.461748613235034,0.0184738712185318,0.881933401018667,-0.47101188121941,1.76627320301826,1.54985237577096,-0.479965544298441,-0.490437519810407,0.144169217923741,-0.216420827247297,-0.010471975511966,172
-0.511226673667887,0.799382870472488,0.315649036947102,-0.542631929099897,0.783660027492081,0.302369890750444,2.13977366294505,2.17642557723693,0.321140582366957,0.307177948351002,0.144447536877261,0.0366519142918809,-0.0139626340159546,37
-0.14860836968343,0.938276319182143,-0.312334918512233,-0.219121947609923,0.919777662741923,-0.325568154457157,1.72787595947439,1.80467044656214,-0.317649923862968,-0.331612557878923,0.145004174784303,0.0767944870877502,-0.0139626340159547,17
0.015752285226785,0.902447816239284,-0.430511096808295,0.0505502132356538,0.904156803704041,-0.42419942274539,1.55334303427495,1.51494579073108,-0.445058959258554,-0.438077642250577,0.145004174784303,-0.0383972435438755,0.00698131700797727,31
0.907897457527859,0.302017286345689,0.290702193598252,0.910882951644508,0.310089850648023,0.272280247040574,0.321140582366957,0.328121899374934,0.294960643587042,0.275762021815104,0.145282493737824,0.00698131700797733,-0.0191986217719375,130
0.938226235029228,0.0969562497656435,-0.332161131883703,0.937139236905065,0.0163578262269582,-0.348572047321815,0.102974425867665,0.0174532925199433,-0.3385938748869,-0.356047167406843,0.145560812691344,-0.0855211333477222,-0.0174532925199433,175
0.802849450500147,0.535434024353365,-0.262189178640865,0.784155469849735,0.565550761521326,-0.255445757935791,0.588175957922089,0.62482787221397,-0.265290046303138,-0.258308729295161,0.145839131644865,0.0366519142918809,0.00698131700797727,23
0.94743963438771,-0.11800984475248,0.297374874077786,0.954570713707726,-0.0952788238768936,0.282341456842876,6.15926693028799,6.18370153981591,0.301941960595019,0.28623399732707,0.146395769551906,0.0244346095279218,-0.015707963267949,14
0.915976299521885,-0.276549549541051,-0.290702193598252,0.896096083682248,-0.298091491781061,-0.328866646738583,5.98996999284454,5.96204472481263,-0.294960643587042,-0.335103216382911,0.146395769551906,-0.0279252680319084,-0.0401425727958696,36
0.853687860030038,0.498854907461584,-0.14953534344371,0.804730631214807,0.567675014050797,-0.17364817766693,0.528834763354282,0.614355896702004,-0.150098315671512,-0.174532925199433,0.146674088505427,0.0855211333477222,-0.0244346095279206,64
0.650642474440812,-0.722611674793399,-0.233445363855905,0.614467494221863,-0.76151791342661,-0.20620418539663,5.44542726622231,5.39132205941048,-0.235619449019234,-0.207694180987325,0.146952407458948,-0.0541052068118253,0.0279252680319093,74
0.397162884739238,0.832669303795443,0.385906042324319,0.417353331485508,0.808607266349494,0.414693242656239,1.12573736753634,1.09432144100044,0.396189740202713,0.427605666738611,0.148065683273031,-0.0314159265358978,0.0314159265358979,142
0.944790718335869,0.14795027821506,-0.292371704722737,0.933704254605967,0.201874005433741,-0.295708050044047,0.155334303427495,0.212930168743308,-0.296705972839036,-0.300196631343025,0.148065683273031,0.0575958653158128,-0.00349065850398866,18
0.959094495332893,-0.186429084495092,-0.213030386274977,0.970137705087261,-0.127721051878442,-0.20620418539663,6.09119908946021,6.15228561328001,-0.214675497995303,-0.207694180987325,0.148065683273031,0.0610865238198013,0.00698131700797736,11
0.947064378358235,-0.203033010288625,-0.248689887164855,0.944770599194891,-0.20945059926348,-0.252069358243114,6.07200046768827,6.0650191506803,-0.251327412287183,-0.254818070791172,0.148065683273031,-0.00698131700797688,-0.00349065850398861,22
0.382085249522833,-0.846225024928835,0.371367835550235,0.38940738226912,-0.850539490823055,0.353474843779257,5.13650398861931,5.14173997637529,0.380481776934764,0.361283155162826,0.148622321180072,0.00523598775598266,-0.0191986217719377,14
0.0529486294698178,-0.918296264596819,-0.392337116603562,0.0242708438328893,-0.926866131816761,-0.374606593415912,4.7699848457005,4.7385689191646,-0.40317105721069,-0.383972435438752,0.148622321180072,-0.0314159265358978,0.0191986217719377,5
0.548827891154924,-0.738997382349855,0.390731128489274,0.532539495759935,-0.74659283782193,0.398749068925246,5.35117948661461,5.33198086484268,0.401425727958696,0.410152374218667,0.148900640133593,-0.0191986217719382,0.00872664625997172,5
0.788654061108087,-0.568795247863329,-0.233445363855905,0.758961321217088,-0.605870862900685,-0.238533457578581,5.65835743496562,5.60948821590977,-0.235619449019234,-0.240855436775218,0.150013915947676,-0.0488692190558417,-0.00523598775598302,32
0.0602274290566958,-0.861292362439602,0.504527623815019,0.0682197859089252,-0.866814566816817,0.493941866584231,4.78220215046446,4.79092879672443,0.528834763354282,0.516617458590322,0.150013915947676,0.0087266462599711,-0.0122173047639602,36
0.0101473235445388,-0.968962599659488,-0.246999012722743,0.0832611020015191,-0.971198730741855,-0.223250116010951,4.72286095589666,4.79791011373241,-0.249582083035189,-0.225147473507269,0.150013915947676,0.0750491578357551,0.0244346095279206,31
-0.64507325990656,-0.742071898539572,0.182235525492147,-0.673272806981005,-0.707006096790009,0.216439613938103,3.99680398706701,3.95142542651516,0.183259571459405,0.218166156499291,0.150013915947676,-0.045378560551852,0.0349065850398866,31
-0.765030869291193,-0.547708307787508,0.338737920245291,-0.792625831337182,-0.522640439587866,0.313992455967405,3.76292986729977,3.7245326237559,0.345575191894877,0.319395253114962,0.150292234901197,-0.0383972435438746,-0.0261799387799149,10
-0.726943361923772,-0.41632438882578,0.546101961014429,-0.772146235278796,-0.296399169511524,0.562083377852131,3.6617007706841,3.5081117965086,0.577703982410123,0.596902604182061,0.150570553854718,-0.153588974175501,0.0191986217719375,5
-0.889739314460094,-0.290811634485184,0.351841648404702,-0.909181884258137,-0.235130422646976,0.343659694585616,3.45749724820077,3.39466539512897,0.359537825910832,0.35081117965086,0.151127191761759,-0.062831853071796,-0.0087266462599716,95
-0.905694840425877,-0.0951923635870307,0.413104429824542,-0.921828049864435,0.00804467151697994,0.387515586452103,3.24631240870945,3.13286600732982,0.425860337486616,0.397935069454707,0.151127191761759,-0.113446401379631,-0.0279252680319092,12
0.390248800722232,-0.864305286665832,0.317304656405092,0.384577051405078,-0.863774199855458,0.325568154457157,5.13650398861931,5.13126800086333,0.322885911618951,0.331612557878923,0.1516838296688,-0.00523598775598355,0.00872664625997166,33
-0.697109417322366,0.638783090793606,0.325568154457157,-0.760404343203637,0.573005772536856,0.305695304963106,2.3998277214922,2.49582083035189,0.331612557878923,0.310668606854991,0.152240467575842,0.0959931088596879,-0.020943951023932,9
-0.557380717805553,0.814034007567506,0.163325962241622,-0.551327630623867,0.820462069792877,0.151260820247219,2.17118958948095,2.16246294322097,0.164060949687467,0.151843644923507,0.152240467575842,-0.00872664625997155,-0.0122173047639603,142
-0.43236489086677,0.806357113776289,-0.40354529635239,-0.410217468351731,0.833671976345964,-0.369746757273829,2.0629791758573,2.02807259081741,-0.41538836197465,-0.378736447682769,0.152797105482883,-0.0349065850398866,0.0366519142918809,4
-0.206553176964085,0.901858529971049,-0.379456159529005,-0.181089308656033,0.914567839257111,-0.361624570082092,1.79594380030217,1.76627320301826,-0.389208423194735,-0.370009801422798,0.153632062343446,-0.0296705972839035,0.0191986217719377,57
-0.345015242044096,0.841234084397623,0.416280792260401,-0.305739862064677,0.849225136385865,0.430511096808295,1.96000474998963,1.91637151868977,0.429350995990605,0.445058959258554,0.154467019204008,-0.0436332312998582,0.0157079632679489,8
-0.384076394641745,0.835041971967178,0.393941909590951,-0.380264632636194,0.838288729731922,0.390731128489274,2.0018926520375,1.99665666428151,0.404916386462684,0.401425727958696,0.155023657111049,-0.00523598775598355,-0.00349065850398872,48
0.177262347487302,0.96582657532486,-0.189095442989891,0.0976880723361685,0.978708270487815,-0.18051914525056,1.38928208458749,1.47131255943122,-0.190240888467382,-0.18151424220741,0.155023657111049,0.0820304748437337,0.00872664625997163,85
0.35398435516495,0.885024025360905,0.302369890750444,0.350843828360477,0.88163160876623,0.315649036947102,1.19031454986013,1.19205987911213,0.307177948351002,0.321140582366957,0.155858613971611,0.00174532925199422,0.0139626340159546,146
0.78600625134708,0.560652810409583,-0.260504508642648,0.783673998339842,0.563126894163007,-0.262189178640865,0.619591884457987,0.623082542961976,-0.263544717051144,-0.265290046303138,0.155858613971611,0.00349065850398889,-0.00174532925199433,10
0.908796404235486,0.314698970672105,0.273959218692432,0.926665740375087,0.270976025861967,0.260504508642648,0.333357887130917,0.284488668075076,0.277507351067098,0.263544717051144,0.155858613971611,-0.0488692190558413,-0.0139626340159547,52
0.684948019148682,0.677812556253831,0.267238376078257,0.672451091486172,0.701225514458264,0.236838146065619,0.780162175641465,0.80634211442138,0.270526034059121,0.239110107523223,0.156693570832174,0.0261799387799151,-0.0314159265358979,22
0.863851687196315,0.478840809325664,0.156434465040231,0.823029195318197,0.548892241172996,0.146083028562412,0.506145483078356,0.588175957922089,0.15707963267949,0.146607657167524,0.156693570832174,0.0820304748437337,-0.010471975511966,5
0.958322574465133,0,0.285688367404974,0.936936829221366,-0.0540234376634971,0.345298198998535,0,6.22558944186377,0.289724655831059,0.352556508902855,0.156693570832174,-0.0575958653158128,0.0628318530717958,8
0.930016468712404,0.211294557592489,0.300705799504273,0.916908532842941,0.235422097682866,0.322265695230511,0.223402144255274,0.251327412287183,0.305432619099008,0.328121899374934,0.156971889785694,0.0279252680319093,0.0226892802759263,6
0.804378086814974,0.118780221700152,-0.582122970157289,0.799395784288432,0.102404961744666,-0.59201317879922,0.146607657167524,0.127409035395586,-0.621337213709981,-0.633554518473942,0.157250208739215,-0.0191986217719378,-0.0122173047639603,5
0.854038721366617,-0.450283536655879,-0.260504508642648,0.864835440438713,-0.403279388920423,-0.299040792256087,5.79798377512516,5.846852994181,-0.263544717051144,-0.303687289847013,0.157528527692736,0.0488692190558426,-0.0401425727958696,25
-0.0636100403237571,-0.957695129607321,-0.280666708920788,0.0407858803463389,-0.973121624876119,-0.226651307436855,4.6460664688089,4.75427688243255,-0.284488668075076,-0.228638132011257,0.158085165599777,0.108210413623648,0.0558505360638186,8
-0.271239814680203,-0.909855867996578,-0.313992455967405,-0.278400418980273,-0.899366440034474,-0.337095258423082,4.42266432455363,4.41219234904167,-0.319395253114962,-0.343829862642883,0.158085165599777,-0.0104719755119653,-0.0244346095279206,6
-0.410189678710868,-0.891816323444726,0.190808995376545,-0.3927212963358,-0.894644084498335,0.213030386274977,4.28129265514209,4.29874594766203,0.191986217719376,0.214675497995303,0.158641803506819,0.0174532925199431,0.0226892802759263,4
-0.727481067117116,-0.619134917546483,0.295708050044047,-0.689853384375664,-0.661545610825681,0.294040325232304,3.8467056713955,3.90604686596331,0.300196631343025,0.29845130209103,0.15892012246034,0.0593411945678075,-0.00174532925199433,6
-0.902297643568549,-0.308925532378177,0.300705799504273,-0.916384467933245,-0.267969571403031,0.297374874077786,3.47145988221672,3.42608132166487,0.305432619099008,0.301941960595019,0.159476760367381,-0.045378560551852,-0.00349065850398861,116
-0.915759938217264,-0.168073400060066,0.36487678433762,-0.921622959177242,-0.228078623971956,0.313992455967405,3.3231068957972,3.38419341961701,0.373500459926786,0.319395253114962,0.159476760367381,0.0610865238198022,-0.0541052068118242,442
-0.919944945052548,0.220859240830241,0.323917418198149,-0.912488834177811,0.241089949417699,0.330514392713223,2.90597320457056,2.88328392429463,0.329867228626928,0.336848545634906,0.159755079320902,-0.0226892802759266,0.00698131700797738,4
-0.271303915213348,-0.855258304572684,-0.441505852791745,-0.305012718893053,-0.838015557805122,-0.452434709311783,4.40521103203369,4.36332312998582,-0.457276264022514,-0.469493568786475,0.160033398274422,-0.0418879020478649,-0.0122173047639603,8
-0.534342383325358,0.727419007798871,0.430511096808295,-0.451866670622404,0.78900368438663,0.416280792260401,2.20435084526884,2.09090444388921,0.445058959258554,0.429350995990605,0.160590036181464,-0.113446401379631,-0.0157079632679489,10
-0.577659215063839,0.806865853905963,0.123601476740493,-0.563798614966438,0.820332075129187,0.095845752520224,2.19213354050488,2.17293491873294,0.123918376891597,0.0959931088596881,0.160590036181464,-0.0191986217719378,-0.0279252680319093,26
-0.716243616359186,0.573819340027033,0.397147890634781,-0.738107757732088,0.576672981929183,0.350207381259467,2.46615023306799,2.47836753783195,0.408407044966673,0.357792496658838,0.160868355134985,0.01221730476396,-0.0506145483078356,19
-0.936864743219356,0.123340583346402,0.327217898979104,-0.913999955987491,0.130081456928582,0.384295322659804,3.01069295969022,3.00022098417825,0.333357887130917,0.394444410950718,0.161146674088505,-0.0104719755119658,0.0610865238198015,13
-0.204180897995399,0.87052970090146,0.44775908783877,-0.111837959879547,0.89788878242482,0.425779291565073,1.80117978805815,1.69471470368649,0.464257581030492,0.439822971502571,0.161424993042026,-0.106465084371655,-0.0244346095279207,24
-0.0371482348887042,0.966995887933118,-0.252069358243114,-0.0523325632541462,0.966293092937208,-0.252069358243114,1.60919357033877,1.62490153360672,-0.254818070791172,-0.254818070791172,0.161703311995547,0.0157079632679489,0,16
0.0362745184373631,0.944252405821578,0.327217898979104,0.0538479254098568,0.933892893079439,0.353474843779257,1.53239908325102,1.51320046147908,0.333357887130917,0.361283155162826,0.16281658780963,-0.0191986217719373,0.0279252680319092,21
0.128860049425692,0.953069480235014,-0.273959218692432,0.0521869465317916,0.963604357200255,-0.262189178640865,1.43640597439133,1.51669111998307,-0.277507351067098,-0.265290046303138,0.16281658780963,0.0802851455917395,0.0122173047639603,80
0.254814278112054,0.957662459213729,-0.133986185418292,0.106813076026123,0.983231073945161,-0.147809411129611,1.31074226824774,1.46258591317125,-0.134390352403563,-0.148352986419518,0.16281658780963,0.151843644923507,-0.0139626340159546,67
0.299836689892511,0.896117406360351,0.327217898979104,0.298452027803521,0.897179894950465,0.325568154457157,1.24791041517595,1.24965574442794,0.333357887130917,0.331612557878923,0.16281658780963,0.00174532925199422,-0.00174532925199433,147
-0.919799888677531,0.32030821036303,-0.226651307436855,-0.910126556403292,0.345724646863935,-0.228350870110656,2.80648943720688,2.77856416917497,-0.228638132011257,-0.230383461263251,0.163373225716671,-0.0279252680319098,-0.00174532925199433,6
0.226462358309147,0.727086923355782,-0.648119901063131,0.388887082876043,0.61515853530626,-0.685818352927376,1.26885436619988,1.00705497840073,-0.705113017805709,-0.755727566113545,0.163929863623713,-0.261799387799149,-0.0506145483078355,9
-0.69362885393414,0.594511830134137,-0.4067366430758,-0.678896579685477,0.611281226008774,-0.4067366430758,2.4329889772801,2.40855436775218,-0.418879020478639,-0.418879020478639,0.164486501530754,-0.0244346095279204,0,26
-0.445212576328538,0.823403434730975,0.351841648404702,-0.408872479229425,0.842039636939168,0.351841648404702,2.06646983436129,2.02283660306143,0.359537825910832,0.359537825910832,0.164486501530754,-0.0436332312998582,0,7
0.954482834256126,0.0667439416543369,-0.290702193598252,0.954321937324968,0.0818142504214438,-0.287360519849712,0.0698131700797732,0.0855211333477222,-0.294960643587042,-0.291469985083053,0.164764820484275,0.0157079632679489,0.00349065850398861,175
0.418483991563717,0.839349034950502,-0.346935651573256,0.402810518300372,0.848316981242217,-0.343659694585616,1.1082840750164,1.12748269678834,-0.354301838154849,-0.35081117965086,0.165043139437796,0.0191986217719373,0.00349065850398861,21
0.953520634715341,-0.105269658116166,0.282341456842876,0.951176057349569,-0.0531789976325922,0.30403306092549,6.17322956430394,6.22733477111577,0.28623399732707,0.308923277602996,0.165878096298358,0.0541052068118244,0.0226892802759263,77
0.874271820148934,-0.398428622914132,-0.277314653302378,0.887642916885696,-0.378611788916144,-0.262189178640865,5.85557964044098,5.8800142499689,-0.280998009571087,-0.265290046303138,0.165878096298358,0.02443460952792,0.015707963267949,34
0.0685495975593993,0.911680452426144,-0.405141586779863,5.60251214290607e-17,0.914959667849825,-0.40354529635239,1.49574716895914,1.5707963267949,-0.417133691226645,-0.41538836197465,0.16671305315892,0.0750491578357559,0.00174532925199433,30
0.580282534014275,0.753512228106117,0.309016994374947,0.496621518900677,0.813596654450072,0.302369890750444,0.914552528045029,1.02276294166868,0.314159265358979,0.307177948351002,0.16671305315892,0.108210413623648,-0.00698131700797733,17
0.944371595673395,-0.129362817118557,-0.302369890750444,0.956925800559462,-0.0803553045830874,-0.278991106039229,6.14704962552403,6.19940950308386,-0.307177948351002,-0.282743338823081,0.16671305315892,0.0523598775598302,0.0244346095279206,42
0.951420926614516,-0.230172946240638,-0.20449605184179,0.974311125995821,-0.111008730815395,-0.195946144242518,6.04582052890836,6.16973890579995,-0.205948851735331,-0.197222205475359,0.166991372112441,0.123918376891598,0.00872664625997166,9
0.348530060325078,-0.903236763323712,-0.250380004054441,0.387404307014204,-0.890968908253843,-0.236838146065619,5.08065345255549,5.12254135460336,-0.253072741539178,-0.239110107523223,0.167548010019482,0.041887902047864,0.0139626340159547,10
-0.00680233104880714,-0.974346320074072,-0.224951054343865,-0.00340255154200873,-0.974755255612454,-0.223250116010951,4.70540766337671,4.7088983218807,-0.226892802759263,-0.225147473507269,0.167548010019482,0.00349065850398844,0.0017453292519943,48
0.416468089640016,-0.850117140157279,0.322265695230511,0.477302512005593,-0.813542435585808,0.332161131883703,5.16791991515521,5.24296907299097,0.328121899374934,0.3385938748869,0.168104647926524,0.0750491578357559,0.0104719755119659,17
-0.725835380012784,-0.630959069682915,0.273959218692432,-0.664430258058706,-0.685638838196366,0.297374874077786,3.85717764690747,3.94269878025519,0.277507351067098,0.301941960595019,0.168104647926524,0.0855211333477222,0.0244346095279206,8
-0.475051611707749,-0.846532015827761,-0.240228042477264,-0.433317991931648,-0.869101436820773,-0.238533457578581,4.20100750955035,4.24987672860619,-0.242600766027212,-0.240855436775218,0.168382966880045,0.0488692190558417,0.00174532925199428,43
-0.944285287224096,-0.192117012997711,0.267238376078257,-0.935836229683158,-0.280764324186577,0.213030386274977,3.34230551756914,3.43306263867285,0.270526034059121,0.214675497995303,0.168939604787086,0.0907571211037048,-0.0558505360638185,8
-0.955032482377705,-0.0216727188563296,-0.295708050044047,-0.956304755963036,1.17113555839952e-16,-0.292371704722737,3.16428193386572,3.14159265358979,-0.300196631343025,-0.296705972839036,0.169496242694127,-0.0226892802759262,0.00349065850398866,46
0.30924044129528,-0.868448052403932,-0.387515586452103,0.338602982010856,-0.859593747747521,-0.38268343236509,5.05447351377558,5.08763476956347,-0.397935069454707,-0.392699081698724,0.170052880601169,0.033161255787892,0.005235987755983,16
-0.953126478201081,0.206073238812227,-0.221548497619467,-0.906670939862424,0.358976419854488,-0.221548497619467,2.92866248484649,2.76460153515902,-0.223402144255274,-0.223402144255274,0.170052880601169,-0.164060949687467,0,251
-0.952364309911536,0.140632925890018,-0.270600445975864,-0.966982387759724,0.0897042439247468,-0.238533457578581,2.99498499642227,3.04909020323409,-0.27401669256311,-0.240855436775218,0.171166156415252,0.0541052068118244,0.0331612557878922,71
-0.944111255316366,0.252973848427154,0.211324796455389,-0.944088546387166,0.244157899284713,0.221548497619467,2.87979326579064,2.88851991205062,0.212930168743308,0.223402144255274,0.171166156415252,0.00872664625997155,0.010471975511966,9
-0.82856424390324,0.455507047726392,-0.325568154457157,-0.799339784989638,0.491757116777264,-0.345298198998535,2.63893782901543,2.59006860995959,-0.331612557878923,-0.352556508902855,0.171166156415252,-0.0488692190558409,-0.0209439510239319,81
-0.753900800906342,0.553795194280345,0.353474843779257,-0.673142072508756,0.647779090477647,0.356737999319625,2.50803813511585,2.37539311196428,0.361283155162826,0.364773813666815,0.171166156415252,-0.132645023151569,0.00349065850398872,58
-0.856762480486631,0.453632382512209,0.245307385878803,-0.88444686732889,0.40306565906532,0.23514211310259,2.65464579228338,2.71398698685118,0.247836753783195,0.237364778271229,0.171444475368773,0.0593411945678071,-0.010471975511966,8
-0.962638462909503,0.0437131568098902,0.267238376078257,-0.965747817867892,-0.0185433054125571,0.258819045102521,3.09621409303794,3.16079127536173,0.270526034059121,0.261799387799149,0.172557751182856,0.0645771823237902,-0.00872664625997166,223
-0.560438994278788,0.821572841602425,0.104528463267653,-0.561108645759357,0.819478509028027,0.116670737099333,2.16944426022895,2.17118958948095,0.10471975511966,0.11693705988362,0.172557751182856,0.00174532925199422,0.0122173047639603,66
-0.344056070150106,0.851568656066601,0.395545502562965,-0.327397949032835,0.857370477642797,0.397147890634781,1.95476876223365,1.93557014046171,0.406661715714679,0.408407044966673,0.172557751182856,-0.0191986217719373,0.00174532925199433,12
-0.138695761956853,0.885692613425703,0.44307119082418,-0.106238951565662,0.890946612946513,0.441505852791745,1.72613063022239,1.68947871593051,0.459021593274509,0.457276264022514,0.172836070136376,-0.0366519142918809,-0.00174532925199433,50
0.0808259045993184,0.905636502765185,-0.416280792260401,0.134713981621083,0.901392298512485,-0.411514358605109,1.48178453494319,1.42244334037538,-0.429350995990605,-0.424115008234622,0.173114389089897,-0.0593411945678071,0.005235987755983,28
-0.338005326114458,0.800170673914912,-0.495458668432408,-0.391403558137014,0.733033725590318,-0.556295615500305,1.9704767255016,2.0612338466053,-0.518362787842316,-0.589921287174083,0.173671026996938,0.0907571211037053,-0.0715584993317674,196
0.32445067855332,0.931695436955735,0.163325962241622,0.399585313624925,0.901715512196019,0.165047605860678,1.23569311041199,1.15366263556825,0.164060949687467,0.165806278939461,0.173671026996938,-0.0820304748437337,0.00174532925199433,70
0.727582835599646,0.67139411687864,-0.140901231937583,0.740079369226443,0.659386665380447,-0.132256390257122,0.745255590601579,0.727802298081635,-0.141371669411541,-0.132645023151569,0.173949345950459,-0.0174532925199431,0.00872664625997166,182
0.814520043427529,0.514918196615611,0.267238376078257,0.822203504168245,0.507803233957724,0.257132793154696,0.563741348394168,0.553269372882202,0.270526034059121,0.260054058547155,0.174784302811021,-0.0104719755119662,-0.0104719755119659,3
0.9666633703261,0.0930790958561249,-0.238533457578581,0.967103600211527,0.0608450012071149,-0.246999012722743,0.0959931088596881,0.0628318530717959,-0.240855436775218,-0.249582083035189,0.175340940718063,-0.0331612557878924,-0.0087266462599716,198
0.937526218584584,-0.135099591909818,0.320612990585676,0.924962089215218,-0.151468350953251,0.348572047321815,6.14006830851605,6.12086968674411,0.32637657012294,0.356047167406843,0.175619259671584,-0.0191986217719382,0.0296705972839036,35
0.904676601029859,-0.372880787214859,0.20620418539663,0.898041475538873,-0.386757761781326,0.209618562903822,5.89223155473286,5.87652359146491,0.207694180987325,0.211184839491314,0.176454216532146,-0.0157079632679498,0.00349065850398869,12
0.643325230156149,-0.573181871981056,0.507538362960704,0.554853856702951,-0.668324700708455,0.495458668432408,5.55538300909795,5.40528469342644,0.53232542185827,0.518362787842316,0.177289173392708,-0.150098315671513,-0.0139626340159545,12
0.927577297511205,0.299599303809115,0.223250116010951,0.918323855225553,0.337877390259528,0.20620418539663,0.312413936106985,0.352556508902855,0.225147473507269,0.207694180987325,0.17784581129975,0.0401425727958697,-0.0174532925199433,13
0.882596910660869,0.116196087651423,-0.455544907233516,0.886863749531603,0.055796737701105,-0.458649554484315,0.130899693899575,0.0628318530717959,-0.472984227290463,-0.476474885794452,0.17812413025327,-0.0680678408277791,-0.00349065850398866,13
0.759068182162056,0.630190546491329,-0.163325962241622,0.760135881127158,0.631076967250515,-0.154710386299468,0.692895713041749,0.692895713041749,-0.164060949687467,-0.155334303427495,0.178680768160312,0,0.00872664625997166,88
0.126300937608452,-0.934141881026491,-0.333806859233771,0.143297578196167,-0.925646041526943,-0.350207381259467,4.84677933278825,4.86597795456019,-0.340339204138894,-0.357792496658838,0.178680768160312,0.0191986217719373,-0.0174532925199433,8
0.497626506927943,-0.677436398870746,0.54170821028274,0.491926203594137,-0.68965510213702,0.531398579518083,5.34594349885863,5.33198086484268,0.57246799465414,0.56025068989018,0.179515725020874,-0.0139626340159547,-0.0122173047639602,18
-0.410834410615961,-0.775931177486255,-0.478691857940607,-0.411692840628222,-0.787495772145352,-0.458649554484315,4.22544211907827,4.23067810683425,-0.499164166070378,-0.476474885794452,0.180350681881436,0.00523598775598266,0.0226892802759263,8
-0.545253186631548,-0.744994004975838,-0.384295322659804,-0.586232119263001,-0.706120000643485,-0.397147890634781,4.08057979116274,4.01949326734294,-0.394444410950718,-0.408407044966673,0.180350681881436,-0.0610865238198013,-0.0139626340159547,89
0.79416636301743,-0.110199689446724,-0.597625146975521,0.8187604238776,-0.0745130357328453,-0.569279523430844,6.14530429627203,6.19242818607588,-0.640535835481919,-0.605629250442032,0.181185638741998,0.0471238898038475,0.0349065850398865,21
-0.70152469452947,-0.656475198335105,0.277314653302378,-0.696427130327924,-0.67253186222878,0.250380004054441,3.89382956119935,3.9095375244673,0.280998009571087,0.253072741539178,0.181185638741998,0.0157079632679493,-0.0279252680319093,43
-0.824626951761787,-0.535519004029422,0.182235525492147,-0.908169781529153,-0.374320572319258,0.187381314585725,3.71755130674792,3.53254640603652,0.183259571459405,0.188495559215388,0.181185638741998,-0.185004900711399,0.005235987755983,8
0.928518893165958,-0.321528494794984,0.185666615385577,0.924235204961473,-0.34005234347491,0.17364817766693,5.94982742004867,5.93062879827673,0.186750229963393,0.174532925199433,0.182298914556081,-0.0191986217719373,-0.0122173047639603,213
-0.417362783939285,-0.871103328242218,-0.258819045102521,-0.439816140070375,-0.859476098510278,-0.260504508642648,4.26558469187414,4.23940475309423,-0.261799387799149,-0.263544717051144,0.182298914556081,-0.0261799387799151,-0.00174532925199433,10
-0.805210116359542,-0.514953352886972,0.294040325232304,-0.827772685012369,-0.491495453269994,0.270600445975864,3.71056998973994,3.67740873395205,0.29845130209103,0.27401669256311,0.182298914556081,-0.033161255787892,-0.0244346095279206,19
-0.886431765632089,-0.415234981256994,-0.20449605184179,-0.860441051281764,-0.471077715536715,-0.194234351219972,3.57967029584037,3.64250214891217,-0.205948851735331,-0.195476876223365,0.182298914556081,0.0628318530717951,0.010471975511966,92
-0.962785185579245,-0.0403526551814759,0.267238376078257,-0.965902314282169,-0.0828070389378713,0.245307385878803,3.18348055563766,3.22711378693752,0.270526034059121,0.247836753783195,0.182577233509602,0.0436332312998582,-0.0226892802759263,89
-0.932744092358288,0.17119057565871,-0.317304656405092,-0.958400780410381,0.0519051308865237,-0.280666708920788,2.96007841138238,3.08748744677797,-0.322885911618951,-0.284488668075076,0.184247147230726,0.127409035395587,0.0383972435438752,30
-0.917544249431979,0.323118336775197,-0.231747903494157,-0.922403100108871,0.299706935091666,-0.243615011786023,2.80299877870289,2.82743338823081,-0.23387411976724,-0.2460914245312,0.184247147230726,0.0244346095279209,-0.0122173047639603,56
-0.792563781494099,0.351215924438074,0.49848773975383,-0.780526973821423,0.390858793072654,0.487859659138733,2.72445896236315,2.6773350725593,0.521853446346304,0.509636141582344,0.184247147230726,-0.0471238898038471,-0.0122173047639603,25
-0.766825319590918,0.555088957656232,-0.322265695230511,-0.735400016593715,0.593393008200859,-0.327217898979104,2.51501945212383,2.462659574564,-0.328121899374934,-0.333357887130917,0.184525466184247,-0.0523598775598297,-0.005235987755983,61
-0.914709204208434,0.340177303724666,0.218143241396543,-0.944598528383072,0.239020173471025,0.224951054343865,2.78554548618295,2.8937558998066,0.219911485751285,0.226892802759263,0.185082104091289,0.108210413623649,0.00698131700797733,55
-0.637650923424086,0.688600358426264,0.345298198998535,-0.597993345315135,0.717733905288196,0.356737999319625,2.31779724664847,2.26543736908864,0.352556508902855,0.364773813666815,0.185082104091289,-0.0523598775598297,0.0122173047639603,29
-0.0289137561820424,0.920050639874211,0.390731128489274,0.0598333143100697,0.925251249481998,0.374606593415912,1.60221225333079,1.50621914447111,0.401425727958696,0.383972435438752,0.185360423044809,-0.0959931088596884,-0.0174532925199433,24
-0.0500882075893824,0.988755791031817,-0.140901231937583,-0.0292763025597113,0.986421361849603,-0.161603821103361,1.62141087510273,1.6004669240788,-0.141371669411541,-0.162315620435473,0.18563874199833,-0.020943951023932,-0.020943951023932,24
-0.962623994028012,-0.162815661531326,0.216439613938103,-0.962906694660681,-0.161135318586484,0.216439613938103,3.30914426178125,3.30739893252925,0.218166156499291,0.218166156499291,0.186195379905372,-0.00174532925199422,0,12
0.510820930128143,0.853519578992692,-0.102792536787247,0.510439953561388,0.852883013535632,-0.109734311091045,1.03148958792865,1.03148958792865,-0.102974425867665,-0.109955742875643,0.186195379905372,0,-0.0069813170079773,16
-0.749951262004652,0.439993792061792,0.493941866584231,-0.693404114487906,0.494600348115485,0.523985905970079,2.61101256098352,2.52200076913181,0.516617458590322,0.551524043630208,0.187308655719454,-0.089011791851711,0.0349065850398866,37
-0.775339486832217,0.599250454221751,0.199367934417197,-0.769591992479004,0.596956740433812,0.226651307436855,2.48360352558793,2.48185819633594,0.200712863979348,0.228638132011257,0.187308655719454,-0.00174532925199467,0.0279252680319093,85
-0.572508254911834,0.730146842838472,-0.372987782575809,-0.6107887525875,0.700160292503148,-0.369746757273829,2.23576677180474,2.28812664936457,-0.382227106186758,-0.378736447682769,0.187308655719454,0.0523598775598297,0.00349065850398866,65
0.676708711411199,0.688623787620677,0.260504508642648,0.69128072078434,0.688871897601356,0.218143241396543,0.79412480965742,0.783652834145454,0.263544717051144,0.219911485751285,0.187308655719454,-0.0104719755119662,-0.0436332312998582,16
0.782647569018788,0.585495186241586,0.211324796455389,0.803312579414152,0.554168228959394,0.218143241396543,0.642281164733913,0.603883921190038,0.212930168743308,0.219911485751285,0.187586974672975,-0.0383972435438751,0.00698131700797733,72
0.91094155778668,0.154074231753566,-0.38268343236509,0.91750379687976,0.119162937638856,-0.379456159529005,0.167551608191456,0.12915436464758,-0.392699081698724,-0.389208423194735,0.188421931533537,-0.0383972435438751,0.00349065850398866,16
0.964795460821763,0.139029149745005,-0.223250116010951,0.961337213650193,0.114632522527343,-0.250380004054441,0.143116998663535,0.118682389135614,-0.225147473507269,-0.253072741539178,0.188421931533537,-0.0244346095279204,-0.0279252680319093,12
0.908800875656355,0.380159641313165,-0.17192910027941,0.860184309702286,0.48074076146677,-0.170209499166033,0.396189740202713,0.509636141582344,-0.172787595947439,-0.171042266695444,0.1892568883941,0.113446401379631,0.0017453292519943,30
0.881822643328547,0.0585705953454414,-0.467929814260573,0.882931053384126,0.0540023766372003,-0.466386640339891,0.0663225115757845,0.0610865238198015,-0.486946861306418,-0.485201532054424,0.1892568883941,-0.00523598775598311,0.00174532925199439,17
0.977968775964262,0.0495417609795378,-0.202787295356512,0.97998990142504,0.0874617686445143,-0.17880221511635,0.0506145483078356,0.0890117918517108,-0.204203522483337,-0.179768912955416,0.1892568883941,0.0383972435438751,0.0244346095279206,9
0.657366263371745,-0.70002396996937,-0.278991106039229,0.655147432897907,-0.695225567932041,-0.295708050044047,5.46637121724624,5.46811654649823,-0.282743338823081,-0.300196631343025,0.18953520734762,0.00174532925199422,-0.0174532925199433,48
0.586488855731098,-0.667586255306808,0.458649554484315,0.563602094158059,-0.676456243598319,0.474088209047116,5.43320996145835,5.40703002267843,0.476474885794452,0.493928178314395,0.189813526301141,-0.0261799387799151,0.0174532925199433,8
0.263346503178224,-0.924485082271215,0.275637355816999,0.202372913086728,-0.92816598877935,0.312334918512233,4.98989633145179,4.92706447837999,0.279252680319093,0.317649923862968,0.190091845254662,-0.0628318530717955,0.0383972435438752,27
0.193271469130107,-0.917138848291887,-0.348572047321815,0.204195061266243,-0.913516191100266,-0.351841648404702,4.92008316137201,4.93230046613598,-0.356047167406843,-0.359537825910832,0.190370164208183,0.0122173047639613,-0.00349065850398866,120
0.637239892384665,-0.717740564589431,0.280666708920788,0.620474474074067,-0.731638386616197,0.282341456842876,5.43844594921433,5.41575666893841,0.284488668075076,0.28623399732707,0.190926802115224,-0.0226892802759258,0.00174532925199428,47
0.251931506558889,-0.784674767515573,-0.566406236924833,0.260757131081231,-0.783864854907461,-0.563526048937571,5.02305758723968,5.03352956275165,-0.602138591938044,-0.598647933434055,0.190926802115224,0.0104719755119653,0.00349065850398877,9
0.638722281112483,-0.737361169334348,0.219846204352837,0.685496079499725,-0.687893098239919,0.238533457578581,5.42622864445037,5.49604181453014,0.22165681500328,0.240855436775218,0.192318396882828,0.0698131700797742,0.0191986217719377,140
0.379017262985378,-0.871680027550806,-0.310676429630732,0.406517376826403,-0.863893400024217,-0.297374874077786,5.12254135460336,5.15221195188726,-0.315904594610974,-0.301941960595019,0.192318396882828,0.0296705972839026,0.0139626340159546,8
-0.364208474127427,-0.841636125297043,0.398749068925246,-0.401706980632969,-0.823621365580995,0.400349032556895,4.30398193541802,4.25860337486616,0.410152374218667,0.411897703470662,0.192318396882828,-0.0453785605518524,0.00174532925199433,22
-0.53554764599931,-0.745293413246717,-0.397147890634781,-0.530331507764719,-0.749014048490644,-0.397147890634781,4.08930643742271,4.09628775443069,-0.408407044966673,-0.408407044966673,0.192318396882828,0.00698131700797688,0,72
-0.692424324162394,-0.41440740905958,0.590605667619925,-0.734407407243962,-0.339343863024919,0.587785252292473,3.68089939245604,3.57443430808439,0.631809189221947,0.628318530717959,0.192875034789869,-0.106465084371654,-0.00349065850398866,57
0.579264633819036,-0.757646689526849,0.300705799504273,0.60792206383689,-0.734851540411254,0.300705799504273,5.36514212063057,5.40353936417444,0.305432619099008,0.305432619099008,0.193709991650431,0.0383972435438764,0,74
-0.501165929161553,-0.70520897042041,0.501510737159457,-0.507146066931656,-0.695470850465072,0.509041415750371,4.0945424251787,4.08232512041474,0.525344104850293,0.534070751110265,0.193709991650431,-0.0122173047639595,0.00872664625997177,9
-0.888191994914347,-0.438971825484167,-0.135715572434304,-0.894234421310928,-0.426527939461811,-0.135715572434304,3.6006142468643,3.58665161284835,-0.136135681655558,-0.136135681655558,0.193709991650431,-0.0139626340159547,0,12
-0.148532445018294,-0.842369355055618,0.51802700937313,-0.170170659372934,-0.836415512898899,0.521009631840576,4.53785605518526,4.51167611640534,0.544542726622231,0.548033385126219,0.193988310603952,-0.0261799387799151,0.00349065850398866,30
0.478035354458356,-0.824654260314853,-0.302369890750444,0.522941317983352,-0.793082137375311,-0.312334918512233,5.23773308523498,5.2953289505508,-0.307177948351002,-0.317649923862968,0.194544948510994,0.0575958653158128,-0.010471975511966,70
-0.926301043709132,0.265612550107161,-0.267238376078257,-0.943831540146396,0.238826095610567,-0.228350870110656,2.8623399732707,2.8937558998066,-0.270526034059121,-0.230383461263251,0.194544948510994,0.0314159265358982,0.0401425727958696,115
-0.861200620686522,0.481308758477339,0.163325962241622,-0.861910250174338,0.473839169805977,0.18051914525056,2.63195651200745,2.63893782901543,0.164060949687467,0.18151424220741,0.195101586418035,0.00698131700797688,0.0174532925199433,41
-0.86815689255441,-0.388345345147516,0.309016994374947,-0.855730516359126,-0.421071615662038,0.300705799504273,3.56221700332043,3.59886891761231,0.314159265358979,0.305432619099008,0.195379905371556,0.0366519142918804,-0.00872664625997166,138
-0.699608070704978,0.546593729829895,0.460199784783852,-0.707828609807684,0.541175835827837,0.453990499739547,2.47836753783195,2.48883951334391,0.478220215046446,0.471238898038469,0.195936543278597,0.0104719755119658,-0.00698131700797727,121
-0.367315219183126,0.92773234280272,-0.0662739004000001,-0.209268198063083,0.967903749992007,-0.139173100960065,1.94778744522567,1.7837264955382,-0.0663225115757845,-0.139626340159546,0.195936543278597,-0.164060949687467,-0.0733038285837618,114
-0.315141841843215,0.931046465074339,-0.18395135061272,-0.336401255418633,0.924254853138881,-0.18051914525056,1.89717289691784,1.91986217719376,-0.185004900711399,-0.18151424220741,0.196493181185639,0.0226892802759262,0.00349065850398864,461
-0.194998074194426,0.917393811145413,-0.346935651573256,-0.164999180094414,0.926300109012228,-0.338737920245291,1.78023583703422,1.74707458124632,-0.354301838154849,-0.345575191894877,0.196493181185639,-0.033161255787892,0.00872664625997166,24
-0.112863536338973,0.975451042136671,-0.189095442989891,-0.217958196850554,0.951655461784348,-0.216439613938103,1.68598805742652,1.79594380030217,-0.190240888467382,-0.218166156499291,0.196771500139159,0.109955742875643,-0.0279252680319093,81
0.471806479742819,0.851161420702544,0.230049737188104,0.555630470811781,0.796477601393213,0.238533457578581,1.06465084371654,0.961676417848876,0.232128790515246,0.240855436775218,0.197328138046201,-0.102974425867665,0.00872664625997166,46
-0.909956110036251,0.102067931540836,-0.40194777665596,-0.917219510348696,0.0593139250390056,-0.393941909590951,3.02989158146216,3.077015471266,-0.413643032722656,-0.404916386462684,0.198441413860284,0.0471238898038475,0.0087266462599716,30
-0.814197205475163,0.270847361129775,-0.51354125205817,-0.780964553967987,0.344446409438291,-0.521009631840576,2.82045207122284,2.72620429161514,-0.539306738866248,-0.548033385126219,0.198441413860284,-0.0942477796076937,-0.00872664625997166,47
0.644594413163771,0.744140143990251,0.175366726091987,0.659822570943935,0.727682910213688,0.187381314585725,0.856956662729216,0.834267382453289,0.176278254451427,0.188495559215388,0.198441413860284,-0.0226892802759262,0.0122173047639603,152
-0.103783797618685,0.925253400752076,0.36487678433762,-0.0806949385073238,0.922347367706821,0.377840786818467,1.68249739892253,1.65806278939461,0.373500459926786,0.387463093942741,0.198719732813805,-0.0244346095279204,0.0139626340159547,19
0.0499954065598662,0.953969186327347,0.295708050044047,0.0367493981070216,0.956613873040644,0.289031796944472,1.51843644923507,1.53239908325102,0.300196631343025,0.293215314335047,0.198998051767325,0.0139626340159547,-0.00698131700797727,9
0.899130110067002,0.357807327769856,0.252069358243114,0.948101585009082,0.172299259587274,0.267238376078257,0.378736447682769,0.179768912955416,0.254818070791172,0.270526034059121,0.199554689674367,-0.198967534727354,0.015707963267949,27
0.981750878174011,0.0411475532179409,-0.185666615385577,0.977766235695966,0.027311483926015,-0.207911690817759,0.0418879020478639,0.0279252680319093,-0.186750229963393,-0.20943951023932,0.199833008627888,-0.0139626340159547,-0.0226892802759263,12
0.913968483552077,-0.272465838625711,-0.300705799504273,0.90668381182616,-0.319293772959321,-0.275637355816999,5.99346065134853,5.94459143229269,-0.305432619099008,-0.279252680319093,0.200111327581408,-0.0488692190558409,0.0261799387799149,34
0.907643479050646,-0.0396285701201137,0.417867073801077,0.898622754871182,-0.0992088757564617,0.427357863387192,6.23955207587973,6.17322956430394,0.431096325242599,0.441568300754565,0.20066796548845,-0.0663225115757848,0.010471975511966,13
0.759115616136531,-0.572034647035961,0.310676429630732,0.786455984903434,-0.552730523752563,0.275637355816999,5.63741348394168,5.67057473972958,0.315904594610974,0.279252680319093,0.20066796548845,0.033161255787892,-0.0366519142918809,312
0.777219365516564,-0.546238918921003,-0.312334918512233,0.807374305132543,-0.500593278110784,-0.312334918512233,5.67057473972958,5.72817060504539,-0.317649923862968,-0.317649923862968,0.201224603395491,0.0575958653158128,0,91
0.611489741072997,-0.73916412136299,-0.282341456842876,0.598556985598912,-0.747121245411877,-0.289031796944472,5.40353936417444,5.38783140090649,-0.28623399732707,-0.293215314335047,0.201224603395491,-0.0157079632679498,-0.00698131700797738,61
0.359145731200315,-0.867054495132203,-0.345298198998535,0.51045523712134,-0.807460339604704,-0.295708050044047,5.10508806208341,5.27613032877886,-0.352556508902855,-0.300196631343025,0.201502922349012,0.171042266695444,0.0523598775598299,41
-0.102399295221528,-0.95817432374761,0.267238376078257,-0.14277292757867,-0.955315965030856,0.258819045102521,4.60592389601304,4.56403599396517,0.270526034059121,0.261799387799149,0.201781241302533,-0.041887902047864,-0.00872664625997166,9
-0.160629736053201,-0.850108856799679,0.501510737159457,-0.204048202382597,-0.843434178323959,0.496973961027555,4.5256387504213,4.47502420211346,0.525344104850293,0.52010811709431,0.202337879209574,-0.050614548307836,-0.00523598775598288,20
-0.315549263355328,-0.765579897966912,0.560638994563242,-0.348013049838537,-0.774364154347263,0.528438334722347,4.32143522793796,4.29001930140206,0.595157274930066,0.556760031386191,0.202616198163095,-0.0314159265358969,-0.0383972435438752,104
0.94843337588894,0.109737485697143,0.297374874077786,0.949563489525864,0.0830760406316306,0.302369890750444,0.115191730631626,0.0872664625997165,0.301941960595019,0.307177948351002,0.202894517116616,-0.0279252680319093,0.00523598775598294,13
-0.928480170227519,-0.00324102036561672,-0.371367835550235,-0.926071444923081,0.0291029676033033,-0.376224263139366,3.14508331209378,3.1101767270539,-0.380481776934764,-0.385717764690747,0.203451155023657,-0.0349065850398862,-0.00523598775598305,46
0.295597556101402,-0.915187648146712,0.273959218692432,0.247900544158322,-0.931678736835472,0.265556117486809,5.02480291649167,4.97244303893184,0.277507351067098,0.268780704807127,0.204007792930699,-0.0523598775598293,-0.00872664625997166,17
0.161114567402832,-0.886556199304529,-0.433659084587544,0.126541208800945,-0.90038748573614,-0.416280792260401,4.89215789334011,4.85201532054424,-0.448549617762543,-0.429350995990605,0.204007792930699,-0.0401425727958697,0.0191986217719376,30
-0.687753148465468,0.339908777373618,0.641449631569158,-0.668706450156506,0.406579894597626,0.62251463663762,2.68257106031528,2.59530459771557,0.696386371545737,0.671951762017817,0.204286111884219,-0.0872664625997164,-0.0244346095279206,85
-0.486476186932118,0.803267660163975,-0.343659694585616,-0.386203354316268,0.855345616042563,-0.345298198998535,2.11533905341713,1.99491133502952,-0.35081117965086,-0.352556508902855,0.205121068744782,-0.120427718387608,-0.00174532925199428,24
-0.456688689211387,0.884818125786968,-0.0923705874465616,-0.460129195857072,0.883899961339051,-0.0836778433323155,2.04727121258935,2.05076187109334,-0.0925024503556995,-0.0837758040957278,0.205121068744782,0.00349065850398889,0.00872664625997165,92
-0.975796440396363,0.152805644716955,-0.156434465040231,-0.978186722088496,0.130517974756571,-0.161603821103361,2.9862583501623,3.00894763043822,-0.15707963267949,-0.162315620435473,0.206234344558864,0.0226892802759266,-0.005235987755983,5
-0.130641347341097,0.917933951073948,0.374606593415912,-0.0705151699446754,0.916426419673456,0.393941909590951,1.71216799620644,1.64759081388265,0.383972435438752,0.404916386462684,0.206234344558864,-0.0645771823237897,0.020943951023932,221
0.22791177661318,0.949320870727779,0.216439613938103,0.256267870513398,0.943222459945488,0.211324796455389,1.33517687777566,1.30550628049176,0.218166156499291,0.212930168743308,0.206512663512385,-0.0296705972839035,-0.00523598775598302,8
-0.30566989075229,0.93519820666903,-0.17880221511635,-0.277059600340798,0.941367765681402,-0.192521966525907,1.88670092140587,1.85703032412197,-0.179768912955416,-0.193731546971371,0.207069301419427,-0.0296705972839035,-0.0139626340159546,229
0.286212078465469,0.870518982142971,-0.400349032556895,0.253745873806005,0.867743215546835,-0.427357863387192,1.25314640293193,1.28630765871982,-0.411897703470662,-0.441568300754565,0.207069301419427,0.0331612557878924,-0.0296705972839036,11
0.642194788581465,0.738760596066092,0.20449605184179,0.632714429407696,0.751372539931703,0.187381314585725,0.855211333477221,0.87091929674517,0.205948851735331,0.188495559215388,0.207347620372947,0.0157079632679489,-0.0174532925199433,324
0.855980084792612,0.445595028071524,-0.262189178640865,0.851693705773013,0.441476084623476,-0.282341456842876,0.479965544298441,0.478220215046446,-0.265290046303138,-0.28623399732707,0.207625939326468,-0.00174532925199422,-0.0209439510239319,293
0.675209575466905,0.704102034956193,-0.219846204352837,0.661043729652925,0.716366228396933,-0.223250116010951,0.80634211442138,0.825540736193318,-0.22165681500328,-0.225147473507269,0.207904258279989,0.0191986217719373,-0.00349065850398869,24
-0.0904185557321984,0.974682435237459,-0.20449605184179,-0.109033068593976,0.972051705813164,-0.207911690817759,1.6632987771506,1.68249739892253,-0.205948851735331,-0.20943951023932,0.209574172001113,0.0191986217719378,-0.00349065850398864,36
0.325835174727942,0.925259128955866,-0.194234351219972,0.18112419696614,0.958572726351538,-0.219846204352837,1.232202451908,1.3840460968315,-0.195476876223365,-0.22165681500328,0.209574172001113,0.151843644923507,-0.0261799387799149,48
0.450396304392592,0.822665680976748,0.346935651573256,0.439363010412623,0.833326100295225,0.335451569750255,1.06988683147252,1.08559479474047,0.354301838154849,0.342084533390889,0.209574172001113,0.0157079632679489,-0.0122173047639603,86
0.860685171569358,0.360032406296988,-0.359996808120051,0.817355600187004,0.471900475791615,-0.330514392713223,0.396189740202713,0.523598775598299,-0.368264472170804,-0.336848545634906,0.209574172001113,0.127409035395586,0.0314159265358979,46
0.969018844729679,0.118980553356773,-0.216439613938103,0.944623176056066,0.256648436657754,-0.20449605184179,0.122173047639603,0.265290046303138,-0.218166156499291,-0.205948851735331,0.209574172001113,0.143116998663535,0.0122173047639603,423
0.899249522971289,0.0235476774796549,0.436801788367702,0.899001308228132,-0.0486881704653423,0.435231099372328,0.0261799387799149,6.22908010036776,0.452040276266531,0.450294947014537,0.209574172001113,-0.0802851455917395,-0.00174532925199428,38
0.969372428445146,-0.0762912646673581,0.233445363855905,0.969771107815759,-0.0985057569225928,0.223250116010951,6.20464549083984,6.18195621056391,0.235619449019234,0.225147473507269,0.209852490954634,-0.0226892802759275,-0.010471975511966,81
0.804964221694265,-0.312225044798965,-0.504527623815019,0.79894142142787,-0.334204436126773,-0.5,5.91317550575679,5.88699556697687,-0.528834763354282,-0.523598775598299,0.210409128861675,-0.0261799387799151,0.005235987755983,53
0.694850849139994,-0.437570932661593,-0.570713567684432,0.64668435950548,-0.496218361752443,-0.579281172342679,5.72118928803741,5.62868683768171,-0.607374579694027,-0.617846555205993,0.210409128861675,-0.0925024503556999,-0.010471975511966,12
0.889324611131592,-0.266810169885589,0.371367835550235,0.931468907173186,-0.204796721443695,0.300705799504273,5.99171532209653,6.06676447993229,0.380481776934764,0.305432619099008,0.211244085722238,0.0750491578357559,-0.0750491578357562,36
0.730582200445586,-0.623976146543975,0.277314653302378,0.721802136755953,-0.631890003974096,0.282341456842876,5.57632696012188,5.56410965535792,0.280998009571087,0.28623399732707,0.211244085722238,-0.0122173047639595,0.00523598775598294,12
0.983182447278553,0.0446460536811724,-0.177084740319583,0.983421668114346,0.0171656890687519,-0.18051914525056,0.0453785605518526,0.0174532925199433,-0.178023583703422,-0.18151424220741,0.211800723629279,-0.0279252680319093,-0.00349065850398866,103
0.960226853864213,-0.225219175288638,0.165047605860678,0.975129170475241,-0.166681881601757,0.146083028562412,6.05280184591633,6.11388836973614,0.165806278939461,0.146607657167524,0.212357361536321,0.0610865238198013,-0.0191986217719376,26
0.313874626452153,-0.886354602101373,0.34037955021305,0.31330190568223,-0.889668982465737,0.332161131883703,5.05272818452358,5.05098285527159,0.347320521146872,0.3385938748869,0.212357361536321,-0.00174532925199422,-0.00872664625997166,65
0.81537480062835,-0.501621924217162,-0.289031796944472,0.82866435710882,-0.488120609840291,-0.273959218692432,5.73166126354938,5.75085988532132,-0.293215314335047,-0.277507351067098,0.213192318396883,0.0191986217719373,0.015707963267949,55
0.178628860214651,-0.910478909337056,0.372987782575809,0.156810672493559,-0.927120366936721,0.34037955021305,4.90612052735606,4.87994058857615,0.382227106186758,0.347320521146872,0.213192318396883,-0.0261799387799151,-0.0349065850398866,46
0.276800340038506,-0.894197420149728,-0.351841648404702,0.250962022914215,-0.904939819751637,-0.343659694585616,5.01258561172771,4.98291501444381,-0.359537825910832,-0.35081117965086,0.213470637350404,-0.0296705972839026,0.0087266462599716,164
0.751861009464733,-0.411631879037105,-0.515038074910054,0.727552383676449,-0.430273280263008,-0.534352349389826,5.78227581185721,5.74911455606932,-0.541052068118242,-0.563741348394168,0.213748956303924,-0.0331612557878938,-0.0226892802759263,26
-0.682186831538649,-0.713867741698408,0.158158067254484,-0.647336618766482,-0.734259264010402,0.20449605184179,3.94968009726317,3.98982267005904,0.158824961931484,0.205948851735331,0.214305594210966,0.0401425727958697,0.0471238898038469,11
-0.978294381911333,-0.0204923460256384,-0.20620418539663,-0.969540272171068,-0.169211865377098,-0.177084740319583,3.16253660461372,3.31438024953723,-0.207694180987325,-0.178023583703422,0.214862232118007,0.151843644923507,0.0296705972839036,64
-0.936323217783834,0.211009550358512,-0.280666708920788,-0.939385701482737,0.216874277670538,-0.265556117486809,2.91993583858651,2.91469985083053,-0.284488668075076,-0.268780704807127,0.215140551071528,-0.00523598775598311,0.015707963267949,342
-0.339227864342254,-0.917052078204902,-0.209618562903822,-0.323906713281799,-0.91978296586398,-0.221548497619467,4.35808714222984,4.37379510549779,-0.211184839491314,-0.223402144255274,0.215697188978569,0.0157079632679489,-0.0122173047639603,13
-0.843547740496463,0.459917158374304,-0.277314653302378,-0.865261610109466,0.422016284885355,-0.270600445975864,2.64242848751941,2.68780704807127,-0.280998009571087,-0.27401669256311,0.215697188978569,0.0453785605518524,0.00698131700797733,16
-0.48356888719096,0.872381365455952,-0.0714974443326859,-0.46513414839505,0.882205412859333,-0.0732381971276317,2.07694180987325,2.05599785884932,-0.0715584993317675,-0.0733038285837618,0.21597550793209,-0.020943951023932,-0.00174532925199435,125
-0.883388499804953,-0.138334947392724,-0.44775908783877,-0.858477035532923,-0.184041529563235,-0.478691857940607,3.29692695701729,3.35277749308111,-0.464257581030492,-0.499164166070378,0.216810464792652,0.0558505360638191,-0.0349065850398865,129
-0.806675443735864,0.335786578382588,-0.486335380423491,-0.801468902163183,0.350153153608452,-0.484809620246337,2.74714824263907,2.72969495011913,-0.50789081233035,-0.506145483078356,0.216810464792652,-0.0174532925199431,0.00174532925199433,20
-0.241891632685996,0.849167174219468,0.469471562785891,-0.234905889380813,0.85282045287779,0.466386640339891,1.848303677862,1.83957703160202,0.488692190558412,0.485201532054424,0.217367102699694,-0.00872664625997155,-0.00349065850398872,18
-0.0208682971371535,0.919584743843545,-0.392337116603562,0.272200695270502,0.879338368731715,-0.390731128489274,1.59348560707082,1.27059969545187,-0.40317105721069,-0.401425727958696,0.217367102699694,-0.322885911618951,0.00174532925199444,24
-0.194309300677356,0.891182922859498,-0.409923033841573,-0.166350815975256,0.897548684556494,-0.408330460381385,1.7854718247902,1.7540558982543,-0.422369678982628,-0.420624349730633,0.217645421653215,-0.0314159265358978,0.00174532925199439,28
0.320282941887678,0.946235190871571,-0.0453629881292538,0.14048596109553,0.987105812696056,-0.0767190281268186,1.24441975667196,1.42942465738336,-0.0453785605518526,-0.0767944870877505,0.217923740606735,0.185004900711399,-0.0314159265358979,15
-0.365960562944086,0.870585776952833,-0.328866646738583,-0.308836777657865,0.886858421104083,-0.343659694585616,1.9687313962496,1.90589954317781,-0.335103216382911,-0.35081117965086,0.218758697467298,-0.062831853071796,-0.015707963267949,26
0.577493374137719,0.777595487929916,-0.248689887164855,0.590095462590991,0.77181282549445,-0.236838146065619,0.932005820564972,0.918043186549017,-0.251327412287183,-0.239110107523223,0.218758697467298,-0.0139626340159547,0.0122173047639604,3
0.597397548013148,0.781363556755679,0.18051914525056,0.616864932251438,0.772733354022977,0.14953534344371,0.918043186549017,0.897099235525085,0.18151424220741,0.150098315671512,0.218758697467298,-0.020943951023932,-0.0314159265358979,84
0.192120677256677,0.979247275493775,0.064532308252958,0.15278991607188,0.98696281386947,0.0505929400767133,1.37706477982353,1.4172073526194,0.0645771823237902,0.0506145483078356,0.219037016420818,0.0401425727958697,-0.0139626340159546,107
0.898944688243846,0.398357453459548,-0.182235525492147,0.880182867830004,0.417941553722687,-0.224951054343865,0.417133691226645,0.44331363000656,-0.183259571459405,-0.226892802759263,0.219315335374339,0.0261799387799151,-0.0436332312998582,78
0.0858652971531033,0.962101789124742,0.258819045102521,0.0301939595421516,0.960787371318639,0.275637355816999,1.48178453494319,1.539380400259,0.261799387799149,0.279252680319093,0.21987197328138,0.0575958653158128,0.0174532925199433,44
0.944790718335869,0.14795027821506,-0.292371704722737,0.931257314938735,0.221856786527137,-0.289031796944472,0.155334303427495,0.23387411976724,-0.296705972839036,-0.293215314335047,0.21987197328138,0.0785398163397448,0.00349065850398861,12
0.862525624641103,0.433805195697709,0.260504508642648,0.882923786926674,0.35493308661454,0.307356617799807,0.466002910282486,0.382227106186758,0.263544717051144,0.312413936106985,0.220428611188422,-0.0837758040957279,0.0488692190558412,22
0.957704330661116,-0.0150448218549352,0.287360519849712,0.955080071147583,-0.0483822692135136,0.292371704722737,6.26747734391164,6.23257075887175,0.291469985083053,0.296705972839036,0.220428611188422,-0.0349065850398862,0.00523598775598294,18
0.835179312989914,0.515817256823664,0.190808995376545,0.818022973452859,0.545553506222758,0.182235525492147,0.553269372882202,0.588175957922089,0.191986217719376,0.183259571459405,0.220706930141943,0.0349065850398866,-0.00872664625997163,21
0.910615769123439,-0.227042011073054,0.345298198998535,0.908245767019526,-0.258720612541855,0.328866646738583,6.03883921190038,6.00567795611249,0.352556508902855,0.335103216382911,0.221263568048984,-0.033161255787892,-0.0174532925199433,10
0.881162827335623,-0.336483363909166,0.332161131883703,0.885852071644033,-0.340046750665761,0.315649036947102,5.91841149351277,5.91666616426078,0.3385938748869,0.321140582366957,0.221263568048984,-0.00174532925199511,-0.0174532925199433,12
0.205502815321901,0.897272410210116,0.390731128489274,0.199381013546059,0.89934963327097,0.389123950140206,1.34564885328763,1.35263017029561,0.401425727958696,0.399680398706701,0.221820205956026,0.00698131700797777,-0.00174532925199433,35
0.485095163725202,0.836833070385316,-0.253757944584806,0.49267585395917,0.836397627048968,-0.240228042477264,1.0454522219446,1.03847090493663,-0.256563400043166,-0.242600766027212,0.222098524909546,-0.00698131700797733,0.0139626340159546,220
0.882051186082035,0.370780177151422,-0.290702193598252,0.863863836794436,0.410192708073067,-0.292371704722737,0.397935069454707,0.44331363000656,-0.294960643587042,-0.296705972839036,0.222933481770109,0.0453785605518524,-0.00174532925199433,159
0.384873184351219,-0.868515705468421,-0.312334918512233,0.328023638490406,-0.891542142172468,-0.312334918512233,5.12952267161133,5.06494548928754,-0.317649923862968,-0.317649923862968,0.222933481770109,-0.0645771823237897,0,95
0.16442067154362,-0.913811672877885,0.371367835550235,0.135736421861545,-0.930439350832168,0.34037955021305,4.89041256408811,4.85725130830022,0.380481776934764,0.347320521146872,0.223211800723629,-0.0331612557878911,-0.0331612557878923,20
0.961602062385386,0.19040233562229,0.197657340379126,0.953739484157046,0.221942130299415,0.202787295356512,0.195476876223365,0.228638132011257,0.198967534727354,0.204203522483337,0.223768438630671,0.0331612557878924,0.005235987755983,14
-0.0995816734355712,-0.980363308528741,-0.170209499166033,-0.114328537589959,-0.973232455387078,-0.199367934417197,4.61115988376902,4.59545192050107,-0.171042266695444,-0.200712863979348,0.223768438630671,-0.015707963267948,-0.0296705972839036,35
0.862205072237623,0.301939922148668,0.4067366430758,0.857803340820778,0.297041039266087,0.419452082446177,0.336848545634906,0.333357887130917,0.418879020478639,0.432841654494594,0.224046757584191,-0.00349065850398844,0.0139626340159547,20
-0.307984625138984,-0.850798134431632,0.425779291565073,-0.340059428812899,-0.841676621635061,0.419452082446177,4.36506845923782,4.32841654494594,0.439822971502571,0.432841654494594,0.224325076537712,-0.0366519142918813,-0.00698131700797727,7
-0.498244525272272,-0.738677885943829,0.453990499739547,-0.472634833684076,-0.741888081677217,0.475624209070275,4.11897703470662,4.14515697348653,0.471238898038469,0.49567350756639,0.225160033398274,0.0261799387799151,0.0244346095279206,4
-0.720472473029518,-0.624092833458529,0.302369890750444,-0.704972647617779,-0.604234637230863,0.371367835550235,3.85543231765547,3.85019632989949,0.307177948351002,0.380481776934764,0.225160033398274,-0.00523598775598311,0.0733038285837618,45
0.0759375970813575,-0.788642099001445,-0.610145163901268,-0.00684837885574242,-0.784746488653582,-0.61977903179514,4.80838208924438,4.70366233412472,-0.656243798749868,-0.668461103513828,0.225716671305316,-0.104719755119659,-0.0122173047639602,24
-0.954179469572964,-0.2290782229948,-0.192521966525907,-0.964477119154118,-0.156211206869761,-0.213030386274977,3.37721210260903,3.30216294477327,-0.193731546971371,-0.214675497995303,0.225716671305316,-0.0750491578357564,-0.020943951023932,6
-0.170449618560552,-0.956898695880714,0.23514211310259,-0.149849875021371,-0.956921289855133,0.248689887164855,4.53611072593326,4.55705467695719,0.237364778271229,0.251327412287183,0.226551628165878,0.0209439510239324,0.0139626340159547,24
-0.992872795684389,-0.0572486851968591,-0.104528463267653,-0.988339405348359,-0.0864684936839341,-0.125333233564304,3.19918851890561,3.22885911618951,-0.10471975511966,-0.125663706143592,0.226551628165878,0.0296705972839035,-0.020943951023932,45
-0.0751891226081144,-0.955368385792048,0.285688367404974,0.0503585988055211,-0.96089930721063,0.272280247040574,4.63384916404495,4.76474885794452,0.289724655831059,0.275762021815104,0.227664903979961,0.130899693899574,-0.0139626340159546,158
-0.554609891549187,-0.675193132328919,0.486335380423491,-0.559390192416143,-0.681012765849733,0.472550764869054,4.02472925509892,4.02472925509892,0.50789081233035,0.492182849062401,0.227664903979961,0,-0.015707963267949,7
-0.9424632257252,0.198608152491038,-0.268919820615266,-0.939005753888206,0.218513483863524,-0.265556117486809,2.93389847260247,2.91295452157854,-0.272271363311115,-0.268780704807127,0.227664903979961,-0.020943951023932,0.00349065850398866,133
-0.221941771579995,-0.89682508920146,0.38268343236509,-0.208421938521053,-0.910017971405963,0.3583679495453,4.46978821435748,4.48724150687742,0.392699081698724,0.366519142918809,0.228499860840523,0.0174532925199431,-0.0261799387799149,148
-0.968966224354837,-0.141356884874854,-0.202787295356512,-0.970680424138182,-0.141606959578529,-0.194234351219972,3.28645498150532,3.28645498150532,-0.204203522483337,-0.195476876223365,0.228499860840523,0,0.00872664625997166,32
-0.944619156268079,0.261966076822234,-0.197657340379126,-0.963698057009152,0.20132701333046,-0.175366726091987,2.87106661953067,2.93564380185446,-0.198967534727354,-0.176278254451427,0.228499860840523,0.0645771823237902,0.0226892802759263,166
-0.513588311499701,0.854754489203999,-0.0749787268263277,-0.514324992988014,0.852606284379054,-0.0923705874465616,2.11184839491314,2.11359372416513,-0.0750491578357562,-0.0925024503556995,0.229056498747565,0.00174532925199378,-0.0174532925199433,108
-0.281509704522734,0.903823604436794,-0.322265695230511,-0.21538571465042,0.918301680489731,-0.332161131883703,1.87273828738992,1.80117978805815,-0.328121899374934,-0.3385938748869,0.229613136654606,-0.0715584993317675,-0.0104719755119659,27
-0.0699219736150694,0.908717145358004,-0.411514358605109,0.0998539731791694,0.904465974227659,-0.414693242656239,1.64759081388265,1.46084058391925,-0.424115008234622,-0.427605666738611,0.229613136654606,-0.186750229963393,-0.00349065850398855,33
-0.957684367725348,-0.0770534546810297,0.277314653302378,-0.959454586469778,-0.0788815259726349,0.270600445975864,3.22187779918153,3.22362312843353,0.280998009571087,0.27401669256311,0.230726412468689,0.00174532925199422,-0.00698131700797733,33
-0.895481212382778,-0.0203213114896145,-0.444635179184927,-0.914933903972009,0.0511527466838076,-0.400349032556895,3.16428193386572,3.08574211752597,-0.460766922526503,-0.411897703470662,0.230726412468689,-0.0785398163397444,0.0488692190558412,70
-0.877987442764859,0.462910265046284,-0.121869343405147,-0.859080114082593,0.493992975359867,-0.133986185418292,2.65639112153537,2.61973920724349,-0.122173047639603,-0.134390352403563,0.230726412468689,-0.0366519142918809,-0.0122173047639603,19
0.0170835915168714,0.978718302517126,0.20449605184179,0.00338696415011091,0.970289814902388,0.241921895599668,1.55334303427495,1.56730566829091,0.205948851735331,0.244346095279206,0.230726412468689,0.0139626340159547,0.0383972435438752,40
0.116718840049101,0.964512521922755,-0.236838146065619,0.0948065803878202,0.966912304649894,-0.236838146065619,1.45036860840729,1.47305788868321,-0.239110107523223,-0.239110107523223,0.23100473142221,0.0226892802759266,0,137
0.522727730174862,0.830077548734089,-0.194234351219972,0.500517470189856,0.846328822198174,-0.182235525492147,1.00880030765272,1.03672557568463,-0.195476876223365,-0.183259571459405,0.231839688282772,0.0279252680319093,0.0122173047639603,58
0.582116265031044,0.772494375090461,-0.253757944584806,0.564205940159004,0.79391488330076,-0.226651307436855,0.925024503556995,0.952949771588904,-0.256563400043166,-0.228638132011257,0.231839688282772,0.0279252680319093,0.0279252680319093,70
0.920540965880861,0.24321741438196,-0.305695304963106,0.926383861420409,0.205374357635462,-0.315649036947102,0.258308729295161,0.218166156499291,-0.310668606854991,-0.321140582366957,0.232118007236293,-0.0401425727958697,-0.0104719755119659,54
0.318401799046042,0.86075190811789,-0.397147890634781,0.273981974745091,0.885092752958706,-0.376224263139366,1.21649448864005,1.27059969545187,-0.408407044966673,-0.385717764690747,0.232674645143334,0.0541052068118244,0.0226892802759263,165
0.955355597317345,0.122383874569617,0.268919820615266,0.955389159614288,0.135972012911236,0.262189178640865,0.127409035395586,0.141371669411541,0.272271363311115,0.265290046303138,0.232674645143334,0.0139626340159547,-0.00698131700797733,14
0.697009302783666,-0.66607655738538,-0.265556117486809,0.725804051173996,-0.633159229088283,-0.268919820615266,5.52047642405806,5.56585498460992,-0.268780704807127,-0.272271363311115,0.233231283050376,0.0453785605518515,-0.00349065850398866,15
0.552783551486786,-0.795351296740998,-0.248689887164855,0.555671321058756,-0.790640316223048,-0.257132793154696,5.31976356007872,5.3249995478347,-0.251327412287183,-0.260054058547155,0.233231283050376,0.00523598775598266,-0.00872664625997166,125
0.467589702542129,-0.823106731690465,-0.322265695230511,0.464989080808365,-0.825222676007331,-0.320612990585676,5.22900643897501,5.22551578047102,-0.328121899374934,-0.32637657012294,0.233509602003896,-0.00349065850399022,0.00174532925199433,27
0.0426975958096907,-0.977935723906838,-0.20449605184179,0.0718681055653626,-0.978657380193622,-0.192521966525907,4.75602221168455,4.78569280896845,-0.205948851735331,-0.193731546971371,0.234066239910938,0.0296705972839035,0.0122173047639603,14
0.0247507908775971,-0.945194569998312,0.325568154457157,0.121768882838251,-0.950554835820536,0.285688367404974,4.7385689191646,4.83979801578028,0.331612557878923,0.289724655831059,0.2349011967715,0.101229096615671,-0.0418879020478639,22
-0.370737675576786,-0.860843251546877,-0.348572047321815,-0.366225249466838,-0.862772620380845,-0.348572047321815,4.30572726467001,4.31096325242599,-0.356047167406843,-0.356047167406843,0.2349011967715,0.00523598775598355,0,17
0.360265345504988,-0.878417678797353,-0.313992455967405,0.363746622696335,-0.8781620297809,-0.310676429630732,5.10159740357942,5.10508806208341,-0.319395253114962,-0.315904594610974,0.235736153632062,0.00349065850398933,0.00349065850398866,29
-0.679174736192378,-0.693550405756897,0.240228042477264,-0.684000041095489,-0.688792008801577,0.240228042477264,3.93746279249921,3.93048147549123,0.242600766027212,0.242600766027212,0.235736153632062,-0.00698131700797777,0,28
-0.706630992130067,-0.627376352398605,0.327217898979104,-0.74730554326984,-0.575502743228828,0.332161131883703,3.86764962241943,3.79783645233966,0.333357887130917,0.3385938748869,0.235736153632062,-0.0698131700797728,0.00523598775598294,49
0.800234614168933,-0.480829465636826,-0.3583679495453,0.821996423210211,-0.442599472399502,-0.3583679495453,5.74213323906134,5.78925712886519,-0.366519142918809,-0.366519142918809,0.237127748399666,0.0471238898038466,0,30
-0.265538232509145,-0.944682348454186,-0.192521966525907,-0.302813386935687,-0.931963775808244,-0.199367934417197,4.43837228782158,4.39822971502571,-0.193731546971371,-0.200712863979348,0.237127748399666,-0.0401425727958697,-0.0069813170079773,29
-0.478135569414084,-0.798906320861531,-0.36487678433762,-0.432170972705738,-0.833742325102845,-0.343659694585616,4.17308224151844,4.23416876533824,-0.373500459926786,-0.35081117965086,0.237127748399666,0.0610865238198013,0.0226892802759262,44
-0.917033008494003,-0.353853588282207,-0.18395135061272,-0.909470871283573,-0.371148187697076,-0.187381314585725,3.5098571257606,3.52905574753253,-0.185004900711399,-0.188495559215388,0.237127748399666,0.0191986217719378,-0.00349065850398869,271
0.439768605355677,-0.88980415647575,-0.121869343405147,0.446430711245542,-0.887628668109259,-0.113203213767907,5.1714105736592,5.17839189066718,-0.122173047639603,-0.113446401379631,0.237684386306707,0.00698131700797688,0.00872664625997166,62
0.15146835095325,-0.924962089215218,0.348572047321815,0.190656536386703,-0.912621364776197,0.361624570082092,4.87470460082016,4.91833783212002,0.356047167406843,0.370009801422798,0.237684386306707,0.0436332312998582,0.0139626340159546,8
-0.953918285652689,-0.19061168254726,0.231747903494157,-0.93560385938899,-0.243706551099959,0.255445757935791,3.33881485906515,3.39641072438097,0.23387411976724,0.258308729295161,0.237962705260228,0.0575958653158128,0.0244346095279206,28
-0.260884646349031,-0.928126688423877,0.265556117486809,-0.195317131909533,-0.943150755745277,0.268919820615266,4.43837228782158,4.50818545790135,0.268780704807127,0.272271363311115,0.23851934316727,0.0698131700797733,0.00349065850398866,28
-0.924240893260405,0.054910026785736,-0.377840786818467,-0.931129827437473,0.0471690022069905,-0.361624570082092,3.08225145902199,3.09097810528196,-0.387463093942741,-0.370009801422798,0.239075981074311,0.00872664625997155,0.0174532925199433,357
-0.900054215060734,0.382050347516585,0.209618562903822,-0.895937460915786,0.383999286234846,0.223250116010951,2.7401669256311,2.73667626712711,0.211184839491314,0.225147473507269,0.239075981074311,-0.00349065850398844,0.0139626340159546,76
-0.853228995701926,0.484701530117742,0.192521966525907,-0.876685024061596,0.452490882387664,0.163325962241622,2.62497519499947,2.66511776779534,0.193731546971371,0.164060949687467,0.239632618981353,0.0401425727958693,-0.0296705972839036,32
-0.661443133010205,0.603980578516256,-0.444635179184927,-0.706561946675955,0.544125949867719,-0.452434709311783,2.4015730507442,2.48534885483993,-0.460766922526503,-0.469493568786475,0.239632618981353,0.0837758040957279,-0.00872664625997166,96
-0.53100740396795,0.843225447591847,-0.0836778433323155,-0.546763258928515,0.832367511435041,-0.0906325801977802,2.13279234593707,2.15199096770901,-0.0837758040957278,-0.0907571211037051,0.239910937934873,0.0191986217719373,-0.00698131700797733,21
-0.890278452624022,-0.246896065960255,0.38268343236509,-0.887682309854465,-0.246176091850373,0.389123950140206,3.41211868764891,3.41211868764891,0.392699081698724,0.399680398706701,0.240745894795436,0,0.00698131700797727,67
-0.678505344981303,0.396486510972439,-0.618408395357554,-0.63253133892627,0.466342322577991,-0.618408395357554,2.61275789023551,2.50629280586386,-0.666715774261834,-0.666715774261834,0.240745894795436,-0.106465084371654,0,46
-0.135343548714933,0.905604830299938,-0.40194777665596,0.255888260939971,0.869433725338733,-0.422618261740699,1.71914931321441,1.28456232946783,-0.413643032722656,-0.436332312998582,0.240745894795436,-0.434586983746589,-0.0226892802759263,105
-0.952950860583505,-0.0800215195474235,0.292371704722737,-0.945408150870382,-0.0810500693535296,0.315649036947102,3.22536845768552,3.22711378693752,0.296705972839036,0.321140582366957,0.241580851655998,0.00174532925199378,0.0244346095279206,39
-0.193844099249897,0.970094950998112,-0.146083028562412,-0.215690521913109,0.964943925737668,-0.14953534344371,1.76801853227026,1.79070781254618,-0.146607657167524,-0.150098315671512,0.241580851655998,0.0226892802759266,-0.00349065850398864,7
-0.0304375196821374,0.968537580638764,0.246999012722743,-0.0271039949016399,0.970338013821943,0.240228042477264,1.60221225333079,1.59872159482681,0.249582083035189,0.242600766027212,0.241580851655998,-0.00349065850398889,-0.00698131700797733,3
-0.653560005263523,0.61588379289151,-0.439939169855915,-0.650801477480785,0.615432363741146,-0.444635179184927,2.38586508747625,2.38411975822425,-0.45553093477052,-0.460766922526503,0.242137489563039,-0.00174532925199422,-0.00523598775598294,83
0.351186016464305,0.905411603336041,-0.238533457578581,0.268582435110361,0.924466805346656,-0.270600445975864,1.2007865253721,1.28805298797181,-0.240855436775218,-0.27401669256311,0.242137489563039,0.0872664625997164,-0.0331612557878922,31
-0.665625910986874,0.684478144932411,-0.297374874077786,-0.657698589415195,0.700377861261366,-0.277314653302378,2.34223185617639,2.32477856365645,-0.301941960595019,-0.280998009571087,0.24241580851656,-0.0174532925199431,0.020943951023932,170
0.639581473174212,0.748853690359645,0.17364817766693,0.577368066443143,0.791769248315396,0.199367934417197,0.863937979737193,0.940732466824944,0.174532925199433,0.200712863979348,0.242694127470081,0.0767944870877502,0.0261799387799149,10
0.790953215435509,0.564181445600996,0.236838146065619,0.794340172835776,0.547978580259173,0.262189178640865,0.619591884457987,0.603883921190038,0.239110107523223,0.265290046303138,0.242972446423601,-0.0157079632679489,0.026179938779915,69
-0.515397713964915,0.854384554264361,-0.0662739004000001,-0.532631135525252,0.842539142120753,-0.0801989243288589,2.11359372416513,2.13453767518907,-0.0663225115757845,-0.0802851455917391,0.243529084330643,0.0209439510239324,-0.0139626340159546,41
-0.206106135030364,0.878737990886797,0.430511096808295,-0.168271099316687,0.890549629149338,0.422618261740699,1.80117978805815,1.75754655675829,0.445058959258554,0.436332312998582,0.243529084330643,-0.0436332312998582,-0.0087266462599716,33
0.826787078751669,0.496783795942716,-0.263873049965373,0.831412953655512,0.491696250124035,-0.258819045102521,0.541052068118242,0.534070751110265,-0.267035375555132,-0.261799387799149,0.243807403284164,-0.00698131700797733,0.00523598775598305,30
-0.306189540693433,0.925831641483754,-0.221548497619467,-0.290658928484954,0.933198380675335,-0.211324796455389,1.89019157990986,1.87273828738992,-0.223402144255274,-0.212930168743308,0.244642360144726,-0.0174532925199431,0.010471975511966,13
-0.0642768290656924,0.993964935613868,-0.0888942968664415,-0.105426147394207,0.986497292449366,-0.125333233564304,1.63537350911869,1.67726141116655,-0.0890117918517108,-0.125663706143592,0.244642360144726,0.041887902047864,-0.0366519142918809,221
-0.0334623261753251,0.958235647792154,0.284015344703923,-0.0265850129222368,0.951758171812272,0.305695304963106,1.60570291183478,1.59872159482681,0.287979326579064,0.310668606854991,0.245477317005288,-0.00698131700797733,0.0226892802759263,49
0.946410167138704,0.26780708305513,0.18051914525056,0.92569996445502,0.336927232922909,0.17192910027941,0.275762021815104,0.349065850398866,0.18151424220741,0.172787595947439,0.245477317005288,0.0733038285837617,-0.00872664625997166,22
0.781210261443659,-0.559291614883427,-0.277314653302378,0.76895663699297,-0.571077597228402,-0.287360519849712,5.6618480934696,5.64439480094966,-0.280998009571087,-0.291469985083053,0.245477317005288,-0.0174532925199431,-0.010471975511966,41
0.934076223014235,-0.323452892795226,-0.151260820247219,0.93807071605806,-0.279651026201296,-0.20449605184179,5.94982742004867,5.99346065134853,-0.151843644923507,-0.205948851735331,0.24631227386585,0.0436332312998582,-0.0541052068118242,9
0.434833716951839,-0.828236182146782,0.353474843779257,0.439430198955848,-0.829939223415151,0.343659694585616,5.19584518318712,5.19933584169111,0.361283155162826,0.35081117965086,0.24631227386585,0.00349065850398844,-0.0104719755119659,3
0.133775219432672,-0.939953684104327,-0.313992455967405,0.100230679810096,-0.937882078563474,-0.332161131883703,4.85376064979623,4.81885406475634,-0.319395253114962,-0.3385938748869,0.246590592819371,-0.0349065850398862,-0.0191986217719376,37
-0.054808402032805,-0.950550587601798,0.305695304963106,-0.0999523708132896,-0.967219099099571,0.233445363855905,4.65479311506888,4.60941455451703,0.310668606854991,0.235619449019234,0.247147230726412,-0.0453785605518515,-0.0750491578357562,28
-0.111612493235672,-0.936010487164649,0.333806859233771,-0.140427781512996,-0.928535434163209,0.343659694585616,4.59370659124907,4.56229066471318,0.340339204138894,0.35081117965086,0.247425549679933,-0.0314159265358978,0.010471975511966,10
0.906015568314249,-0.258085323728991,-0.335451569750255,0.90484667687195,-0.266310859372135,-0.332161131883703,6.00567795611249,5.99695130985252,-0.342084533390889,-0.3385938748869,0.248260506540495,-0.0087266462599711,0.00349065850398872,31
-0.349325986349349,-0.914794331040068,0.202787295356512,-0.266651816797771,-0.948644050733517,0.170209499166033,4.34761516671788,4.43837228782158,0.204203522483337,0.171042266695444,0.248260506540495,0.0907571211037048,-0.0331612557878923,21
-0.781967022723794,-0.527443416717114,0.332161131883703,-0.808651251269238,-0.497485569053268,0.313992455967405,3.73500459926787,3.69311669722,0.3385938748869,0.319395253114962,0.248817144447537,-0.041887902047864,-0.0191986217719376,47
-0.900722269933009,-0.382333919985712,-0.20620418539663,-0.906718295896565,-0.381149275329807,-0.18051914525056,3.54301838154849,3.5395277230445,-0.207694180987325,-0.18151424220741,0.248817144447537,-0.00349065850398844,0.0261799387799149,27
-0.870098788852157,-0.29620578911602,0.393941909590951,-0.885550988513886,-0.265678028843823,0.381070376350274,3.46971455296473,3.43306263867285,0.404916386462684,0.39095375244673,0.249095463401058,-0.0366519142918817,-0.0139626340159547,56
-0.91123776311791,-0.163957552080619,-0.377840786818467,-0.914199606238608,-0.154625289401508,-0.374606593415912,3.31961623729321,3.30914426178125,-0.387463093942741,-0.383972435438752,0.249652101308099,-0.0104719755119662,0.00349065850398866,16
-0.92863508024222,0.0959651003345675,-0.3583679495453,-0.920330634970531,0.149061036651702,-0.361624570082092,3.03861822772213,2.98102236240632,-0.366519142918809,-0.370009801422798,0.249652101308099,-0.0575958653158124,-0.00349065850398861,21
-0.94665797083372,0.271449805028365,-0.17364817766693,-0.951694655241186,0.25322636825243,-0.17364817766693,2.8623399732707,2.88153859504264,-0.174532925199433,-0.174532925199433,0.24993042026162,0.0191986217719373,0,151
-0.909223645463455,-0.00476072738119112,0.416280792260401,-0.906922241476135,-0.121009262900673,0.40354529635239,3.14682864134578,3.27423767674136,0.429350995990605,0.41538836197465,0.250765377122182,0.127409035395586,-0.0139626340159547,6
-0.846078586107956,0.436693721792603,-0.305695304963106,-0.882598219532154,0.374640717022835,-0.284015344703923,2.66511776779534,2.7401669256311,-0.310668606854991,-0.287979326579064,0.250765377122182,0.0750491578357564,0.0226892802759263,79
-0.81354438972495,0.508358955556899,-0.282341456842876,-0.769112706569113,0.590160936548024,-0.245307385878803,2.58308729295161,2.48709418409192,-0.28623399732707,-0.247836753783195,0.250765377122182,-0.0959931088596884,0.0383972435438752,37
-0.660412318657445,0.741230537228678,-0.120136838834647,-0.641547187820456,0.756486477764574,-0.12706460860135,2.29859862487653,2.27416401534861,-0.120427718387609,-0.127409035395586,0.251043696075703,-0.02443460952792,-0.00698131700797729,15
-0.341639397963427,-0.913756076965203,0.219846204352837,-0.362282152089659,-0.905769997686463,0.219846204352837,4.35459648372585,4.33190720344993,0.22165681500328,0.22165681500328,0.252156971889786,-0.0226892802759266,0,236
-0.982921875314993,0.00514661393677108,0.18395135061272,-0.986842188832821,0.00516714083793594,0.161603821103361,3.13635666583381,3.13635666583381,0.185004900711399,0.162315620435473,0.252156971889786,0,-0.0226892802759263,293
-0.934850477863028,0.203830367404937,-0.290702193598252,-0.924566089660552,0.203279038583402,-0.322265695230511,2.92691715559449,2.9251718263425,-0.294960643587042,-0.328121899374934,0.252156971889786,-0.00174532925199422,-0.0331612557878923,11
-0.622873680590017,0.584917319302626,0.519519111879509,-0.619197147350932,0.583501873717517,0.525471651072268,2.38761041672824,2.38586508747625,0.546288055874225,0.553269372882202,0.252156971889786,-0.00174532925199422,0.00698131700797733,12
-0.950183783166657,-0.116667898593179,0.289031796944472,-0.933825334011117,-0.144563799572112,0.327217898979104,3.2637657012294,3.29518162776529,0.293215314335047,0.333357887130917,0.253548566657389,0.0314159265358978,0.0401425727958696,9
-0.465845140900141,0.865168314624959,-0.185666615385577,-0.4868802114203,0.857064168368463,-0.168489379565003,2.06472450510929,2.08741378538522,-0.186750229963393,-0.16929693744345,0.253548566657389,0.0226892802759262,0.0174532925199433,83
-0.13248357121481,0.908141870151638,-0.397147890634781,0.0177361241096376,0.923709272712384,-0.38268343236509,1.71565865471043,1.55159770502296,-0.408407044966673,-0.392699081698724,0.25382688561091,-0.164060949687467,0.015707963267949,34
-0.979125476245357,-0.0598858795832564,-0.194234351219972,-0.976886437759659,-0.0563269175985774,-0.20620418539663,3.20267917740959,3.19918851890561,-0.195476876223365,-0.207694180987325,0.254940161424993,-0.00349065850398844,-0.0122173047639603,18
-0.659056787241469,0.704283440592582,-0.263873049965373,-0.604237353341861,0.748839560852622,-0.272280247040574,2.32303323440445,2.24972940582069,-0.267035375555132,-0.275762021815104,0.254940161424993,-0.0733038285837617,-0.00872664625997166,40
-0.321358560329001,0.943984568849923,-0.0749787268263277,-0.384918424993751,0.920177114230855,-0.0714974443326859,1.89891822616983,1.96698606699761,-0.0750491578357562,-0.0715584993317675,0.254940161424993,0.0680678408277791,0.00349065850398866,27
-0.267913052185549,0.893000709283909,0.361624570082092,-0.259578226369635,0.893474115576036,0.366501226724297,1.86226631187795,1.85353966561798,0.370009801422798,0.375245789178781,0.254940161424993,-0.00872664625997199,0.00523598775598305,15
-0.265659338740107,0.879906181139787,-0.393941909590951,-0.225701887651393,0.905240827655256,-0.359996808120051,1.86401164112994,1.8151424220741,-0.404916386462684,-0.368264472170804,0.256331756192597,-0.0488692190558409,0.0366519142918809,17
-0.0492418947538157,0.939591324560284,-0.338737920245291,-0.013263681100535,0.949879452057797,-0.312334918512233,1.62315620435473,1.58475896081085,-0.345575191894877,-0.317649923862968,0.256331756192597,-0.0383972435438755,0.0279252680319093,32
0.300515620414626,0.858137904932456,-0.416280792260401,0.380769153768368,0.824059950531565,-0.419452082446177,1.23394778115999,1.1379546723003,-0.429350995990605,-0.432841654494594,0.256331756192597,-0.0959931088596884,-0.00349065850398861,187
-0.353535975086476,0.86200977829693,-0.363251230472978,-0.329329411121306,0.871544997421453,-0.363251230472978,1.96000474998963,1.93207948195772,-0.371755130674792,-0.371755130674792,0.256610075146117,-0.0279252680319093,0,104
0.575655807543373,0.783660419656225,0.233445363855905,0.55680027618377,0.798154478068852,0.230049737188104,0.937241808320955,0.961676417848876,0.235619449019234,0.232128790515246,0.257166713053159,0.0244346095279209,-0.00349065850398864,6
0.736994415761844,0.636156514747405,-0.228350870110656,0.694218141586263,0.68698610696212,-0.214735327167063,0.712094334813686,0.780162175641465,-0.230383461263251,-0.216420827247297,0.257166713053159,0.0680678408277791,0.0139626340159546,31
-0.383450437207719,0.921180510177555,-0.0662739004000001,-0.336354143808839,0.939400691967168,-0.0662739004000001,1.96524073774561,1.91462618943778,-0.0663225115757845,-0.0663225115757845,0.258001669913721,-0.0506145483078355,0,485
0.478128372594607,0.821506795706483,0.310676429630732,0.529164535485352,0.793448748520702,0.300705799504273,1.04370689269261,0.982620368872807,0.315904594610974,0.305432619099008,0.258001669913721,-0.0610865238198013,-0.010471975511966,156
0.888452658025352,0.442966154917625,0.120136838834647,0.88729780661133,0.444325643340885,0.123601476740493,0.462512251778497,0.464257581030492,0.120427718387609,0.123918376891597,0.258001669913721,0.00174532925199422,0.00349065850398864,28
0.343579551342456,0.7753313261399,-0.529919264233205,0.31750021602854,0.81856442505352,-0.478691857940607,1.15366263556825,1.2007865253721,-0.558505360638185,-0.499164166070378,0.258279988867242,0.0471238898038471,0.0593411945678072,53
0.97633084042928,-0.0460425936470093,-0.211324796455389,0.980805751127669,-0.0171200280679027,-0.194234351219972,6.23606141737574,6.26573201465964,-0.212930168743308,-0.195476876223365,0.259114945727804,0.0296705972839035,0.0174532925199433,73
0.958169180133817,-0.203665146427429,0.201077921145965,0.98043190360318,-0.0410922718043425,0.192521966525907,6.07374579694027,6.24129740513172,0.202458193231342,0.193731546971371,0.259393264681325,0.167551608191457,-0.00872664625997166,28
0.952666618759329,0.0316032066289536,-0.302369890750444,0.951693536509692,0.154140718277189,-0.265556117486809,0.0331612557878923,0.160570291183478,-0.307177948351002,-0.268780704807127,0.259949902588366,0.127409035395586,0.0383972435438752,51
0.834311540550331,-0.535618489644512,0.130526192220052,0.860341284785708,-0.486757678882846,0.151260820247219,5.71246264177744,5.76831317784126,0.130899693899575,0.151843644923507,0.259949902588366,0.0558505360638186,0.020943951023932,3
0.656400717701551,-0.677352995318265,0.332161131883703,0.481308114341351,-0.813847575331237,0.325568154457157,5.48207918051419,5.24645973149496,0.3385938748869,0.331612557878923,0.260228221541887,-0.235619449019234,-0.00698131700797727,57
0.0431914343404752,0.951149241982101,-0.305695304963106,0.0541948358231987,0.939909413996249,-0.337095258423082,1.52541776624304,1.51320046147908,-0.310668606854991,-0.343829862642883,0.260784859448928,-0.0122173047639604,-0.0331612557878923,14
0.41486423468426,-0.832088925830977,0.368124552684678,0.296234418815628,-0.890513516392275,0.345298198998535,5.17490123216319,5.03352956275165,0.376991118430775,0.352556508902855,0.260784859448928,-0.141371669411541,-0.0244346095279206,49
0.729115940950557,0.613972632793473,-0.302369890750444,0.748673236602166,0.576556008886681,-0.327217898979104,0.699877030049726,0.656243798749868,-0.307177948351002,-0.333357887130917,0.262176454216532,-0.0436332312998582,-0.026179938779915,197
0.0171140855793131,-0.980465306184403,-0.195946144242518,0.00854522261770849,-0.979185524817644,-0.202787295356512,4.72984227290463,4.72111562664466,-0.197222205475359,-0.204203522483337,0.262176454216532,-0.0087266462599711,-0.00698131700797733,15
-0.0567240468344743,-0.983773911477819,0.170209499166033,-0.0410922718043425,-0.98043190360318,0.192521966525907,4.65479311506888,4.67050107833683,0.171042266695444,0.193731546971371,0.262176454216532,0.0157079632679498,0.0226892802759263,102
0.194256189648828,-0.921811682034464,0.335451569750255,0.219644253453543,-0.914884158411725,0.338737920245291,4.92008316137201,4.94800842940392,0.342084533390889,0.345575191894877,0.263011411077094,0.0279252680319093,0.00349065850398861,52
0.189179590108291,-0.955426746288601,-0.226651307436855,0.197747900128274,-0.954888491499094,-0.221548497619467,4.90786585660805,4.91659250286803,-0.228638132011257,-0.223402144255274,0.263011411077094,0.0087266462599711,0.00523598775598297,31
-0.237624094278959,-0.874601963559066,-0.422618261740699,-0.253261842773398,-0.871732980634889,-0.419452082446177,4.44709893408155,4.42964564156161,-0.436332312998582,-0.432841654494594,0.263011411077094,-0.0174532925199431,0.00349065850398866,10
-0.362653586712433,-0.888655486984794,0.280666708920788,-0.390248800722232,-0.864305286665832,0.317304656405092,4.32492588644195,4.28827397215007,0.284488668075076,0.322885911618951,0.263846367937657,-0.0366519142918813,0.0383972435438752,7
-0.668212357700971,-0.614452761038043,0.419452082446177,-0.609639040350132,-0.691499754690956,0.387515586452103,3.88510291493938,3.98982267005904,0.432841654494594,0.397935069454707,0.263846367937657,0.10471975511966,-0.0349065850398866,6
0.921809196214883,-0.363110298907232,0.135715572434304,0.932028203806743,-0.337389499755005,0.132256390257122,5.90793951800081,5.93586478603271,0.136135681655558,0.132645023151569,0.264959643751739,0.0279252680319093,-0.00349065850398866,173
-0.619964347960625,-0.62868168336061,-0.469471562785891,-0.688651645048122,-0.541915407847031,-0.481753674101715,3.93397213399522,3.80830842785163,-0.488692190558412,-0.502654824574367,0.264959643751739,-0.125663706143593,-0.0139626340159547,5
-0.756197091648244,-0.588683374414649,-0.285688367404974,-0.743314705732222,-0.604075475312418,-0.287360519849712,3.80307244009564,3.82401639111958,-0.289724655831059,-0.291469985083053,0.264959643751739,0.0209439510239315,-0.00174532925199433,5
0.650277916761573,-0.699782380537961,-0.295708050044047,0.617310586812801,-0.722777832726445,-0.310676429630732,5.46113522949026,5.41924732744239,-0.300196631343025,-0.315904594610974,0.266629557472864,-0.0418879020478631,-0.015707963267949,33
-0.809525586598177,-0.480661119076167,0.337095258423082,-0.76166537049486,-0.549330390299179,0.343659694585616,3.67740873395205,3.76642052580376,0.343829862642883,0.35081117965086,0.266629557472864,0.089011791851711,0.00698131700797738,6
-0.870352808646639,-0.411413887853305,0.270600445975864,-0.856762480486631,-0.453632382512209,0.245307385878803,3.58316095434436,3.62853951489621,0.27401669256311,0.247836753783195,0.266629557472864,0.0453785605518524,-0.026179938779915,29
-0.919717788328029,-0.26198850377549,0.292371704722737,-0.930799783026389,-0.197847601483292,0.307356617799807,3.41910000465689,3.35103216382911,0.296705972839036,0.312413936106985,0.266629557472864,-0.0680678408277791,0.0157079632679489,421
-0.904609814817802,-0.111072118900862,0.411514358605109,-0.91761907650598,-0.0883566674846648,0.387515586452103,3.2637657012294,3.23758576244948,0.424115008234622,0.397935069454707,0.268021152240468,-0.0261799387799155,-0.026179938779915,108
-0.933494208384606,-0.060366362550902,0.353474843779257,-0.935211696421179,-0.0522864512890866,0.350207381259467,3.20616983591358,3.19744318965361,0.361283155162826,0.357792496658838,0.268021152240468,-0.00872664625997155,-0.00349065850398861,101
-0.958883275965986,-0.0603278222424896,-0.277314653302378,-0.961069237397411,-0.0470041274771024,-0.272280247040574,3.20442450666159,3.19046187264563,-0.280998009571087,-0.275762021815104,0.268021152240468,-0.0139626340159547,0.00523598775598294,232
-0.985779791845839,-0.020649143011656,0.166768746716102,-0.987263418845497,0.0172327470772021,0.158158067254484,3.16253660461372,3.12413936106985,0.167551608191456,0.158824961931484,0.268021152240468,-0.0383972435438746,-0.00872664625997163,58
-0.572738963987812,-0.802950413742857,-0.165047605860678,-0.509772444558477,-0.84840382014634,-0.142628933705512,4.0927970959267,4.17133691226645,-0.165806278939461,-0.143116998663535,0.268577790147509,0.0785398163397444,0.0226892802759263,93
-0.924024048078213,0.264959632116603,-0.275637355816999,-0.88100295323017,0.390406770882339,-0.267238376078257,2.8623399732707,2.72445896236315,-0.279252680319093,-0.270526034059121,0.268577790147509,-0.137881010907552,0.00872664625997166,55
-0.563273188016568,-0.795539251930883,0.223250116010951,-0.539424607395772,-0.811899303261811,0.223250116010951,4.09628775443069,4.1259583517146,0.225147473507269,0.225147473507269,0.269134428054551,0.0296705972839035,0,71
-0.914317863948165,0.19768251941053,0.353474843779257,-0.906182374692623,0.219228588713655,0.361624570082092,2.92866248484649,2.90422787531856,0.361283155162826,0.370009801422798,0.269134428054551,-0.0244346095279209,0.00872664625997166,12
-0.703925406594059,-0.701472521987975,0.111468932206325,-0.637326300761232,-0.762233703499538,0.113203213767907,3.92524548773525,4.01600260883895,0.111701072127637,0.113446401379631,0.270247703868633,0.0907571211037044,0.00174532925199432,23
-0.931664256217334,-0.308118493589723,-0.192521966525907,-0.888754316723029,-0.40128796108124,-0.221548497619467,3.46098790670476,3.56570766182442,-0.193731546971371,-0.223402144255274,0.270247703868633,0.104719755119659,-0.0296705972839036,42
-0.781192365033761,0.346176806278071,-0.519519111879509,-0.757711601914306,0.404580316945343,-0.512042864870571,2.72445896236315,2.65115513377939,-0.546288055874225,-0.537561409614253,0.270247703868633,-0.0733038285837622,0.00872664625997166,21
-0.874492960994891,0.459119068780599,-0.156434465040231,-0.920506600812833,0.353349378064749,-0.166768746716102,2.65813645078736,2.77507351067098,-0.15707963267949,-0.167551608191456,0.270247703868633,0.116937059883619,-0.010471975511966,18
-0.827432583165971,0.352929905213579,-0.436801788367702,-0.846529576625685,0.373364029994102,-0.379456159529005,2.7384215963791,2.72620429161514,-0.452040276266531,-0.389208423194735,0.270526022822154,-0.0122173047639604,0.0628318530717958,9
-0.558388680552746,0.663107875647455,0.49848773975383,-0.53173986352277,0.675720834746931,0.510542917911606,2.27067335684462,2.23751210105673,0.521853446346304,0.535816080362259,0.270804341775675,-0.0331612557878924,0.0139626340159547,8
-0.879632607496336,0.327132434340537,-0.345298198998535,-0.873850307253918,0.338944196495694,-0.348572047321815,2.78554548618295,2.771582852167,-0.352556508902855,-0.356047167406843,0.271639298636237,-0.0139626340159547,-0.00349065850398866,15
-0.459381277975688,0.805381115754988,-0.374606593415912,-0.496458866736335,0.782293996822241,-0.376224263139366,2.08915911463721,2.13628300444106,-0.383972435438752,-0.385717764690747,0.271639298636237,0.0471238898038471,-0.00174532925199439,21
-0.369664568235666,0.800027425537907,-0.472550764869054,-0.322495898243757,0.831444062716137,-0.452434709311783,2.00363798128949,1.94080612821769,-0.492182849062401,-0.469493568786475,0.271639298636237,-0.0628318530717964,0.0226892802759263,8
-0.0439344341341716,0.73950065272242,-0.67172058932299,0.126243116701329,0.746394124954598,-0.653420603990105,1.6301375213627,1.40324471860344,-0.736528944341607,-0.712094334813686,0.271917617589758,-0.226892802759263,0.0244346095279206,67
-0.69185907024937,0.530882136480373,0.489382451748846,-0.685588659586887,0.537570176379253,0.490903753615141,2.48709418409192,2.47662220857995,0.511381470834338,0.513126800086333,0.272474255496799,-0.0104719755119658,0.00174532925199433,64
-0.0692480758275801,0.942979363929847,-0.325568154457157,-0.148714152830306,0.928453478934042,-0.34037955021305,1.64410015537866,1.72962128872638,-0.331612557878923,-0.347320521146872,0.272474255496799,0.0855211333477222,-0.0157079632679489,98
-0.143846079303933,0.918581852193691,-0.368124552684678,-0.123471977223224,0.925379426818689,-0.3583679495453,1.72613063022239,1.70344134994647,-0.376991118430775,-0.366519142918809,0.273865850264403,-0.0226892802759266,0.010471975511966,88
0.484725339144271,0.832841519103441,0.267238376078257,0.469543499227116,0.84360316696324,0.260504508642648,1.04370689269261,1.06290551446455,0.270526034059121,0.263544717051144,0.273865850264403,0.0191986217719378,-0.00698131700797733,7
0.516622333733285,0.783498894738431,0.345298198998535,0.534994988182998,0.761220870331771,0.366501226724297,0.987856356628791,0.958185759344887,0.352556508902855,0.375245789178781,0.273865850264403,-0.0296705972839035,0.0226892802759263,61
0.624322428113697,0.698266636655084,-0.350207381259467,0.71743839356722,0.591410572399912,-0.368124552684678,0.841248699461267,0.68940505453776,-0.357792496658838,-0.376991118430775,0.273865850264403,-0.151843644923507,-0.0191986217719377,142
0.653956871993075,0.728846844278703,-0.202787295356512,0.718986262229214,0.649653940524995,-0.246999012722743,0.839503370209273,0.734783615089613,-0.204203522483337,-0.249582083035189,0.273865850264403,-0.10471975511966,-0.0453785605518525,148
0.4925491558384,0.665641980991281,-0.560638994563242,0.524438947807396,0.659310117657662,-0.538770785006863,0.933751149816966,0.89884456477708,-0.595157274930066,-0.568977336150151,0.274144169217924,-0.0349065850398866,0.0261799387799149,75
-0.49766115566566,0.865459275149165,-0.0575640269595673,-0.494908647359272,0.867667224845191,-0.0471064507096427,2.0926497731412,2.08915911463721,-0.0575958653158129,-0.0471238898038469,0.275535763985527,-0.00349065850398844,0.010471975511966,40
-0.00830879094480934,0.952093138572351,0.305695304963106,-0.0883344320862461,0.952216264503774,0.292371704722737,1.57952297305487,1.6632987771506,0.310668606854991,0.296705972839036,0.275535763985527,0.0837758040957279,-0.0139626340159547,39
0.629977537939048,0.722156810133185,-0.285688367404974,0.638975227097995,0.702224605628871,-0.313992455967405,0.853466004225227,0.832522053201295,-0.289724655831059,-0.319395253114962,0.275535763985527,-0.020943951023932,-0.0296705972839036,40
-0.656854036790764,0.711825901729916,0.248689887164855,-0.681296264769332,0.688468401332471,0.248689887164855,2.31605191739648,2.35095850243636,0.251327412287183,0.251327412287183,0.27637072084609,0.0349065850398866,0,48
-0.606895543394266,0.69569742301519,0.384295322659804,-0.572135069365671,0.716701222569899,0.398749068925246,2.28812664936457,2.24449341806471,0.394444410950718,0.410152374218667,0.27637072084609,-0.0436332312998582,0.015707963267949,23
0.983217468229936,-0.00858040885480781,0.182235525492147,0.985814329952766,0.0189286021279833,0.166768746716102,6.27445866091961,0.0191986217719376,0.183259571459405,0.167551608191456,0.27637072084609,0.0279252680319093,-0.015707963267949,71
0.76849134188376,-0.495258873833869,0.405141586779863,0.807775379546239,-0.45515803449819,0.374606593415912,5.71071731252545,5.77005850709325,0.417133691226645,0.383972435438752,0.276927358753131,0.059341194567808,-0.0331612557878923,116
0.641267448788149,-0.659429788574904,0.392337116603562,0.565790760635624,-0.732047702117055,0.379456159529005,5.48382450976618,5.37037810838655,0.40317105721069,0.389208423194735,0.277483996660173,-0.113446401379631,-0.0139626340159547,107
0.514261570414955,0.779918609238025,0.356737999319625,0.502220804420978,0.79137335779809,0.348572047321815,0.987856356628791,1.00530964914873,0.364773813666815,0.356047167406843,0.277762315613693,0.0174532925199431,-0.00872664625997166,22
0.601302964771232,-0.755941430568233,0.258819045102521,0.711624062360008,-0.658971107031814,0.243615011786023,5.38434074240251,5.53618438732601,0.261799387799149,0.2460914245312,0.278318953520735,0.151843644923506,-0.0157079632679489,26
0.878335503261932,0.299009795422808,0.372987782575809,0.878470112508634,0.32147440993693,0.353474843779257,0.328121899374934,0.35081117965086,0.382227106186758,0.361283155162826,0.279153910381297,0.0226892802759262,-0.020943951023932,18
0.933699239147308,-0.057107491898763,0.353474843779257,0.917956240171236,-0.125744363515544,0.376224263139366,6.22209878335978,6.14704962552403,0.361283155162826,0.385717764690747,0.279153910381297,-0.0750491578357568,0.0244346095279207,112
0.763888160788415,-0.581926834368634,-0.278991106039229,0.78539502447062,-0.562287610951027,-0.258819045102521,5.6321774961857,5.6618480934696,-0.282743338823081,-0.261799387799149,0.279153910381297,0.0296705972839026,0.020943951023932,26
-0.332136763883537,-0.797907327556958,-0.503019946630235,-0.353267677860837,-0.789739785177744,-0.501510737159457,4.31794456943397,4.29176463065406,-0.527089434102287,-0.525344104850293,0.279988867241859,-0.026179938779916,0.00174532925199433,6
-0.381443346505985,-0.829317314742096,-0.408330460381385,-0.376492327060972,-0.837733420048661,-0.395545502562965,4.28129265514209,4.29001930140206,-0.420624349730633,-0.406661715714679,0.279988867241859,0.00872664625997199,0.0139626340159546,6
0.0341368589663681,-0.977551739644102,0.207911690817759,0.011903879895321,-0.974297347216455,0.224951054343865,4.74729556542458,4.72460628514865,0.20943951023932,0.226892802759263,0.28026718619538,-0.0226892802759258,0.0174532925199433,6
-0.753485700632716,-0.639002343746166,0.154710386299468,-0.75417319025238,-0.632826445784565,0.175366726091987,3.84496034214351,3.83972435438753,0.155334303427495,0.176278254451427,0.280545505148901,-0.00523598775598311,0.020943951023932,22
-0.802475290059234,-0.539241016241308,-0.255445757935791,-0.845612749429024,-0.49018456565479,-0.211324796455389,3.73325927001587,3.66693675844009,-0.258308729295161,-0.212930168743308,0.281380462009463,-0.0663225115757853,0.0453785605518526,28
-0.73303230634122,-0.472407084811775,-0.489382451748846,-0.749224831409001,-0.429085106718615,-0.504527623815019,3.71406064824393,3.6617007706841,-0.511381470834338,-0.528834763354282,0.281380462009463,-0.0523598775598297,-0.0174532925199433,7
-0.897984282412674,-0.381171713236233,-0.219846204352837,-0.904914828855435,-0.367447808244917,-0.214735327167063,3.54301838154849,3.52731041828054,-0.22165681500328,-0.216420827247297,0.281380462009463,-0.0157079632679493,0.00523598775598297,8
-0.917539795437856,-0.0738234990863794,0.390731128489274,-0.911410853487989,-0.0509557775823444,0.408330460381385,3.22187779918153,3.19744318965361,0.401425727958696,0.420624349730633,0.281658780962984,-0.0244346095279209,0.0191986217719377,25
0.0234501338853963,-0.959518780287458,-0.280666708920788,0.0201210404615443,-0.960568439412063,-0.277314653302378,4.73682358991261,4.73333293140862,-0.284488668075076,-0.280998009571087,0.283607013637629,-0.00349065850398844,0.00349065850398866,157
-0.208788696724597,-0.973912256881833,0.0888942968664415,-0.250823018936362,-0.962924400190643,0.099319749743639,4.50120414089338,4.45757090959352,0.0890117918517108,0.0994837673636768,0.283607013637629,-0.0436332312998582,0.010471975511966,94
-0.986270378852941,0.041336976419732,0.159881187691835,-0.985394329943246,0.0481938229812616,0.163325962241622,3.09970475154193,3.09272343453395,0.160570291183478,0.164060949687467,0.283607013637629,-0.00698131700797777,0.00349065850398869,13
-0.961370996997394,0.124860292189089,-0.245307385878803,-0.964302843690148,0.114986152499777,-0.238533457578581,3.01243828894221,3.02291026445418,-0.247836753783195,-0.240855436775218,0.283607013637629,0.0104719755119658,0.00698131700797727,326
-0.917187322763861,0.201656711464266,0.343659694585616,-0.901806748061192,0.236584571483941,0.361624570082092,2.9251718263425,2.88502925354663,0.35081117965086,0.370009801422798,0.283607013637629,-0.0401425727958693,0.0191986217719375,259
-0.902380890217926,0.262165883609962,-0.342020143325669,-0.926592209166728,0.219037116569399,-0.305695304963106,2.85884931476671,2.90946386307455,-0.349065850398866,-0.310668606854991,0.283607013637629,0.0506145483078351,0.0383972435438752,15
-0.106325709127769,-0.978744785405396,-0.175366726091987,-1.80009247937897e-16,-0.97992470462083,-0.199367934417197,4.60417856676104,4.71238898038469,-0.176278254451427,-0.200712863979348,0.284720289451712,0.108210413623648,-0.0244346095279206,17
-0.906702218638006,0.353508423006584,0.230049737188104,-0.965175264821892,0.14941702527639,0.214735327167063,2.769837522915,2.98800367941429,0.232128790515246,0.216420827247297,0.284720289451712,0.218166156499291,-0.015707963267949,10
-0.70135155440248,-0.622689048245323,-0.346935651573256,-0.72284900874993,-0.593754869760639,-0.353474843779257,3.86764962241943,3.82925237887556,-0.354301838154849,-0.361283155162826,0.285276927358753,-0.0383972435438751,-0.00698131700797727,33
-0.75214466450922,0.536499575250146,-0.38268343236509,-0.780052869607453,0.48743113108662,-0.392337116603562,2.52200076913181,2.58308729295161,-0.392699081698724,-0.40317105721069,0.285276927358753,0.0610865238198017,-0.010471975511966,6
-0.554783500404056,-0.822500363673925,-0.125333233564304,-0.564735793395304,-0.812548319111388,-0.144356201000973,4.11897703470662,4.10501440069066,-0.125663706143592,-0.144862327915529,0.286390203172836,-0.0139626340159547,-0.0191986217719376,7
-0.631200732974987,-0.765707718153218,0.123601476740493,-0.58596057275963,-0.797688657585925,0.142628933705512,4.02298392584693,4.07883446191075,0.123918376891597,0.143116998663535,0.286390203172836,0.0558505360638195,0.0191986217719376,155
-0.857191749579955,0.450035729716823,-0.250380004054441,-0.861781469173678,0.420318906738169,-0.284015344703923,2.65813645078736,2.68780704807127,-0.253072741539178,-0.287979326579064,0.286390203172836,0.0296705972839031,-0.0349065850398865,19
-0.716883401361883,0.650030174289411,0.252069358243114,-0.657201663516148,0.709713237182246,0.253757944584806,2.40506370924819,2.31779724664847,0.254818070791172,0.256563400043166,0.286390203172836,-0.0872664625997168,0.00174532925199433,15
-0.970399469295347,-0.150225774858263,-0.189095442989891,-0.966680554986024,-0.189655184714328,-0.17192910027941,3.29518162776529,3.33532420056116,-0.190240888467382,-0.172787595947439,0.287225160033398,0.0401425727958689,0.0174532925199433,48
-0.948287545947235,-0.00827558004110441,-0.317304656405092,-0.942005799179436,-0.00986502227068909,-0.335451569750255,3.15031929984976,3.15206462910176,-0.322885911618951,-0.342084533390889,0.287225160033398,0.00174532925199467,-0.0191986217719377,23
-0.92974711943839,0.162266848448556,-0.330514392713223,-0.942563262207201,0.130791460852699,-0.307356617799807,2.96880505764235,3.00371164268224,-0.336848545634906,-0.312413936106985,0.28806011689396,0.0349065850398871,0.0244346095279207,80
-0.843316031870757,-0.488853205053272,0.223250116010951,-0.844141300980734,-0.483444281385783,0.231747903494157,3.66693675844009,3.6617007706841,0.225147473507269,0.23387411976724,0.288616754801002,-0.00523598775598222,0.00872664625997166,19
-0.979347386214886,0.10639117252471,-0.17192910027941,-0.981374521762059,0.022270503354987,-0.190808995376545,3.03338223996614,3.11890337331387,-0.172787595947439,-0.191986217719376,0.288616754801002,0.0855211333477222,-0.0191986217719376,80
-0.540302466619027,0.724871368703806,0.427357863387192,-0.490481277138652,0.746686382800198,0.449318998615897,2.21133216227682,2.15199096770901,0.441568300754565,0.466002910282486,0.289173392708043,-0.0593411945678075,0.0244346095279205,10
0.17151028044722,0.972683135377854,0.156434465040231,0.234462967408853,0.954562212494079,0.18395135061272,1.39626340159546,1.32994089001968,0.15707963267949,0.185004900711399,0.289173392708043,-0.0663225115757844,0.0279252680319093,9
0.582327600946885,0.732086128806355,-0.353474843779257,0.66075106104664,0.679465226731904,-0.31895930929807,0.89884456477708,0.799360797413403,-0.361283155162826,-0.324631240870945,0.289451711661564,-0.0994837673636768,0.0366519142918809,6
0.239377955537946,0.840342842029854,-0.486335380423491,0.330261829805549,0.805261548336016,-0.492423560103467,1.2932889757278,1.18158790360016,-0.50789081233035,-0.514872129338327,0.290286668522126,-0.111701072127637,-0.00698131700797722,61
0.845652585270139,0.462981266890209,0.265556117486809,0.884714181994394,0.399463770304057,0.240228042477264,0.500909495322373,0.424115008234622,0.268780704807127,0.242600766027212,0.290286668522126,-0.0767944870877506,-0.026179938779915,8
-0.303002429406773,0.900353500827064,-0.312334918512233,-0.251833147997458,0.91427447771079,-0.317304656405092,1.89542756766584,1.83957703160202,-0.317649923862968,-0.322885911618951,0.290843306429168,-0.0558505360638182,-0.005235987755983,42
0.419318536171591,0.895149221907193,-0.151260820247219,0.445054720141806,0.884892814325069,-0.137444546037147,1.13271868454432,1.10479341651241,-0.151843644923507,-0.137881010907552,0.290843306429168,-0.0279252680319093,0.0139626340159546,27
0.618503328418185,0.750304534725608,0.233445363855905,0.568123412333364,0.790627389152691,0.228350870110656,0.881391272257136,0.947713783832921,0.235619449019234,0.230383461263251,0.291399944336209,0.0663225115757844,-0.005235987755983,16
0.138877838194935,0.857457668887209,0.495458668432408,0.165411697759595,0.850969413997592,0.49848773975383,1.41022603561142,1.37881010907552,0.518362787842316,0.521853446346304,0.292513220150292,-0.0314159265358978,0.00349065850398855,14
0.944444452796809,0.0793072165280999,0.31895930929807,0.938480158129408,-0.00491391552320943,0.345298198998535,0.0837758040957278,6.2779493194236,0.324631240870945,0.352556508902855,0.292513220150292,-0.0890117918517106,0.0279252680319093,68
0.899391956060925,-0.0408411497396621,-0.435231099372328,0.893536967540895,-0.0970691779127191,-0.438371146789077,6.23780674662773,6.17497489355594,-0.450294947014537,-0.453785605518526,0.292513220150292,-0.0628318530717955,-0.00349065850398861,13
0.525554079599142,0.803130816193895,-0.280666708920788,0.478152377981518,0.828184212423867,-0.292371704722737,0.991347015132779,1.0471975511966,-0.284488668075076,-0.296705972839036,0.293348177010854,0.0558505360638186,-0.0122173047639603,52
0.878731449093268,0.0122702030121133,-0.477158760259608,0.874817518007309,-0.0996728660670987,-0.474088209047116,0.0139626340159546,6.16973890579995,-0.497418836818384,-0.493928178314395,0.293348177010854,-0.127409035395587,0.00349065850398861,141
0.947255165148023,-0.0962186708695688,-0.305695304963106,0.944775524783931,-0.104304188991376,-0.310676429630732,6.18195621056391,6.17322956430394,-0.310668606854991,-0.315904594610974,0.293348177010854,-0.0087266462599711,-0.005235987755983,10
0.842325780532124,-0.398165572357551,0.363251230472978,0.823749077823393,-0.437995154001143,0.359996808120051,5.84161700642502,5.79449311662117,0.371755130674792,0.368264472170804,0.293626495964375,-0.0471238898038466,-0.00349065850398861,29
0.83942695318053,-0.149524714157312,-0.522498564715949,0.833125308456651,-0.167987529303437,-0.526955795496678,6.10690705272816,6.08421777245223,-0.549778714378214,-0.555014702134197,0.2952964096855,-0.0226892802759258,-0.005235987755983,55
0.930038859733541,-0.287895118932644,0.228350870110656,0.923845522406664,-0.28951563739953,0.250380004054441,5.98298867583656,5.97949801733257,0.230383461263251,0.253072741539178,0.2952964096855,-0.00349065850398933,0.0226892802759263,17
0.679864503400177,0.355424573118155,-0.641449631569158,0.696732188281366,0.310205156200652,-0.646789779510459,0.481710873550435,0.418879020478639,-0.696386371545737,-0.703367688553715,0.295853047592541,-0.062831853071796,-0.00698131700797722,14
0.468495362809217,-0.834848917697873,0.289031796944472,0.426799783947398,-0.85229947412281,0.302369890750444,5.22377045121903,5.17664656141518,0.293215314335047,0.307177948351002,0.295853047592541,-0.0471238898038466,0.0139626340159546,8
0.30418898558324,-0.888463322465908,0.343659694585616,0.252678848694988,-0.911130493521941,0.325568154457157,5.04225620901162,4.98291501444381,0.35081117965086,0.331612557878923,0.296409685499583,-0.0593411945678071,-0.0191986217719377,15
0.769998002504517,-0.531186041754001,-0.353474843779257,0.814391823378522,-0.466406594917541,-0.345298198998535,5.67930138598955,5.76307719008528,-0.361283155162826,-0.352556508902855,0.296966323406624,0.0837758040957279,0.0087266462599716,23
0.125644553569526,-0.967409475139646,-0.219846204352837,0.105315501982144,-0.969445670599857,-0.221548497619467,4.84154334503227,4.82059939400834,-0.22165681500328,-0.223402144255274,0.296966323406624,-0.0209439510239315,-0.00174532925199436,101
0.0133592038115561,-0.95672031770559,-0.290702193598252,0.104422556347804,-0.945847682885809,-0.307356617799807,4.72635161440064,4.82234472326033,-0.294960643587042,-0.312413936106985,0.297244642360145,0.0959931088596884,-0.0174532925199433,45
0.914934870201331,-0.245156059597521,-0.320612990585676,0.914557969400923,-0.233117903247843,-0.330514392713223,6.02138591938044,6.0336032241444,-0.32637657012294,-0.336848545634906,0.298079599220707,0.0122173047639604,-0.010471975511966,32
-0.0344107654444209,-0.985395394925443,-0.166768746716102,-0.0411475532179403,-0.981750878174011,-0.185666615385577,4.6774823953448,4.67050107833683,-0.167551608191456,-0.186750229963393,0.298079599220707,-0.00698131700797688,-0.0191986217719376,119
-0.466448295542167,-0.866288494356986,0.17880221511635,-0.464138828033174,-0.869254781238297,0.170209499166033,4.21846080207029,4.22195146057428,0.179768912955416,0.171042266695444,0.298079599220707,0.00349065850398933,-0.00872664625997163,43
-0.706639579458667,-0.675279449669222,-0.211324796455389,-0.693116895718987,-0.690701674236995,-0.20620418539663,3.90430153671132,3.92524548773525,-0.212930168743308,-0.207694180987325,0.298636237127748,0.0209439510239324,0.00523598775598297,11
-0.744370356577465,-0.644793829562358,0.17364817766693,-0.623042075422774,-0.769392887341281,0.140901231937583,3.85543231765547,4.0317105721069,0.174532925199433,0.141371669411541,0.298636237127748,0.176278254451428,-0.0331612557878923,6
0.552717409456017,-0.69986162853395,-0.452434709311783,0.57165526898024,-0.688562099612776,-0.446197813109809,5.38085008389852,5.40528469342644,-0.469493568786475,-0.462512251778497,0.299749512941831,0.02443460952792,0.00698131700797733,32
-0.201874005433742,-0.933704254605967,-0.295708050044047,-0.17024284449968,-0.936785863695739,-0.305695304963106,4.49945881164138,4.53262006742927,-0.300196631343025,-0.310668606854991,0.299749512941831,0.033161255787892,-0.010471975511966,59
-0.702737657030144,-0.510568793863245,-0.495458668432408,-0.772438850358504,-0.381763058165665,-0.507538362960704,3.76991118430775,3.6006142468643,-0.518362787842316,-0.53232542185827,0.299749512941831,-0.16929693744345,-0.0139626340159545,253
-0.842354113944673,-0.387439604183426,0.374606593415912,-0.852335415723186,-0.388431627465336,0.350207381259467,3.57268897883239,3.5691983203284,0.383972435438752,0.357792496658838,0.300584469802394,-0.00349065850398844,-0.0261799387799149,132
-0.844392496550019,-0.240531529973507,0.478691857940607,-0.871155825147671,-0.102337289463384,0.480223497443189,3.41910000465689,3.25852971347341,0.499164166070378,0.500909495322373,0.300584469802394,-0.160570291183478,0.00174532925199439,46
-0.984374299845368,-0.0292155471777694,0.17364817766693,-0.978244547960075,0.0890272280289247,0.187381314585725,3.1712632508737,3.05083553248609,0.174532925199433,0.188495559215388,0.301419426662956,-0.120427718387608,0.0139626340159547,11
-0.967219099099571,0.0999523708132908,0.233445363855905,-0.964463546314705,0.0843796266865467,0.250380004054441,3.03861822772213,3.05432619099008,0.235619449019234,0.253072741539178,0.301419426662956,0.0157079632679493,0.0174532925199433,429
-0.847661982161682,0.0831139840366489,-0.523985905970079,-0.821348444041292,0.105217162317111,-0.560638994563242,3.04385421547811,3.01418361819421,-0.551524043630208,-0.595157274930066,0.302254383523518,-0.0296705972839035,-0.0436332312998581,65
-0.923206235280043,0.299967889527517,0.240228042477264,-0.923724248121044,0.303705079851154,0.233445363855905,2.82743338823081,2.82394272972683,0.242600766027212,0.235619449019234,0.302254383523518,-0.00349065850398844,-0.0069813170079773,74
-0.882185808430095,0.30548422568643,0.3583679495453,-0.885061678908072,0.30475117551256,0.351841648404702,2.80823476645888,2.80998009571087,0.366519142918809,0.359537825910832,0.303367659337601,0.00174532925199422,-0.00698131700797733,9
-0.875744229339509,0.368128976659683,-0.312334918512233,-0.888846682233889,0.330559118018932,-0.317304656405092,2.74365758413509,2.78554548618295,-0.317649923862968,-0.322885911618951,0.303367659337601,0.041887902047864,-0.005235987755983,7
-0.798716630819761,0.462999836537474,-0.384295322659804,-0.80570792450994,0.461433279142953,-0.371367835550235,2.6162485487395,2.62148453649548,-0.394444410950718,-0.380481776934764,0.303367659337601,0.00523598775598266,0.0139626340159547,6
-0.790038963946027,0.576106321379331,0.209618562903822,-0.799785114536453,0.545576414570508,0.250380004054441,2.51152879361984,2.54294472015574,0.211184839491314,0.253072741539178,0.303367659337601,0.0314159265358978,0.0418879020478639,94
-0.812303458694606,-0.523493856389209,0.257132793154696,-0.823568577189609,-0.514622763081357,0.238533457578581,3.71406064824393,3.70009801422798,0.260054058547155,0.240855436775218,0.303924297244642,-0.0139626340159551,-0.0191986217719376,11
-0.659213716614967,0.750367227307801,-0.0488497697956133,-0.708321769939956,0.703393932503257,-0.0593063735759616,2.29161730786856,2.35968514869633,-0.0488692190558412,-0.0593411945678072,0.304480935151684,0.0680678408277782,-0.010471975511966,21
-0.84701177508991,0.200225099111144,0.492423560103467,-0.843298799559096,0.211822017499301,0.493941866584231,2.90946386307455,2.89550122905859,0.514872129338327,0.516617458590322,0.305037573058725,-0.0139626340159542,0.00174532925199444,8
-0.256943319746553,0.902006532185361,-0.346935651573256,-0.205244113223513,0.910739955599726,-0.3583679495453,1.848303677862,1.79245314179818,-0.354301838154849,-0.366519142918809,0.305037573058725,-0.0558505360638186,-0.0122173047639603,12
-0.914127472045411,0.192636872621255,0.356737999319625,-0.911331538887539,0.193709498447385,0.363251230472978,2.93389847260247,2.93215314335047,0.364773813666815,0.371755130674792,0.305872529919287,-0.00174532925199422,0.00698131700797727,65
-0.568374605000391,0.719687076736757,0.398749068925246,-0.534834800861259,0.75817666136388,0.372987782575809,2.23925743030872,2.1851522234969,0.410152374218667,0.382227106186758,0.305872529919287,-0.0541052068118244,-0.0279252680319093,5
-0.946062303394714,0.00660486815406558,0.323917418198149,-0.946647818286787,0.00165221380623658,0.322265695230511,3.13461133658182,3.1398473243378,0.329867228626928,0.328121899374934,0.30670748677985,0.00523598775598311,-0.00174532925199428,34
0.0871405168064387,0.976390345161686,-0.197657340379126,0.206154638934559,0.953502968677818,-0.219846204352837,1.48178453494319,1.35786615805159,-0.198967534727354,-0.22165681500328,0.30670748677985,-0.123918376891598,-0.0226892802759263,288
0.15685777560424,0.846328822198173,0.509041415750371,0.131414218766116,0.868936027917824,0.477158760259608,1.38753675533549,1.42069801112338,0.534070751110265,0.497418836818384,0.30670748677985,0.0331612557878924,-0.036651914291881,4
0.383142836890225,0.848567321307596,0.36487678433762,0.370141110111004,0.847219526966921,0.381070376350274,1.14668131856027,1.15889862332423,0.373500459926786,0.39095375244673,0.307542443640412,0.0122173047639604,0.0174532925199433,11
0.585304672395995,0.741124260252177,-0.328866646738583,0.557927294604772,0.782185219112956,-0.277314653302378,0.902335223281068,0.951204442336909,-0.335103216382911,-0.280998009571087,0.308099081547453,0.0488692190558413,0.0541052068118242,17
0.405236920133973,0.893339831960094,-0.194234351219972,0.371164132026961,0.904991666214653,-0.207911690817759,1.14493598930828,1.18158790360016,-0.195476876223365,-0.20943951023932,0.308377400500974,0.0366519142918813,-0.0139626340159546,13
0.961126873020755,0.24141838387828,-0.133986185418292,0.955175439753388,0.263099149924037,-0.135715572434304,0.2460914245312,0.268780704807127,-0.134390352403563,-0.136135681655558,0.308934038408016,0.0226892802759262,-0.00174532925199433,6
0.948311007222833,0.0963259193964951,0.302369890750444,0.952776980596904,0.123744124339013,0.277314653302378,0.101229096615671,0.12915436464758,0.307177948351002,0.280998009571087,0.308934038408016,0.0279252680319093,-0.0261799387799149,41
0.712525996650712,0.676161923684731,0.187381314585725,0.721166300881486,0.665473109056941,0.192521966525907,0.759218224617533,0.745255590601579,0.188495559215388,0.193731546971371,0.309212357361536,-0.0139626340159547,0.00523598775598297,14
0.468515859132802,0.848715014698315,-0.245307385878803,0.440789705988946,0.850369547153402,-0.287360519849712,1.06639617296854,1.09257611174845,-0.247836753783195,-0.291469985083053,0.310047314222099,0.0261799387799151,-0.0436332312998583,33
0.830907221665092,0.394543756660781,-0.392337116603562,0.843841484736205,0.381009039859422,-0.377840786818467,0.44331363000656,0.424115008234622,-0.40317105721069,-0.387463093942741,0.310047314222099,-0.0191986217719373,0.015707963267949,35
0.941930004076185,-0.0493644597536985,-0.332161131883703,0.943082135243469,0.0494248403896189,-0.328866646738583,6.23082542961976,0.0523598775598299,-0.3385938748869,-0.335103216382911,0.310047314222099,0.104719755119659,0.00349065850398866,32
0.738284262174451,-0.585156895693468,0.335451569750255,0.741630275729856,-0.571132198854801,0.351841648404702,5.61297887441376,5.62694150842972,0.342084533390889,0.359537825910832,0.310325633175619,0.0139626340159529,0.0174532925199433,20
0.661097707061059,-0.6821999123399,-0.312334918512233,0.74851068066977,-0.612648893317675,-0.253757944584806,5.48207918051419,5.59727091114581,-0.317649923862968,-0.256563400043166,0.31060395212914,0.115191730631625,0.0610865238198016,239
0.980805751127669,0.0171200280679027,0.194234351219972,0.980399593547185,0.0205364439230579,0.195946144242518,0.0174532925199433,0.020943951023932,0.195476876223365,0.197222205475359,0.310882271082661,0.00349065850398844,0.00174532925199433,11
0.947487493219911,-0.0513140883794626,0.315649036947102,0.946742886653003,-0.0297525938306076,0.320612990585676,6.22908010036776,6.25176938064369,0.321140582366957,0.32637657012294,0.311717227943223,0.0226892802759266,0.00523598775598305,15
0.131213509116876,-0.983399509654927,-0.125333233564304,0.232910488233968,-0.962736568971625,-0.137444546037147,4.84503400353626,4.94975375865592,-0.125663706143592,-0.137881010907552,0.311717227943223,0.104719755119659,-0.0122173047639603,22
0.115322619561003,-0.967124541232799,-0.226651307436855,0.109113302596858,-0.972767008063866,-0.20449605184179,4.8310713695203,4.82409005251233,-0.228638132011257,-0.205948851735331,0.311717227943223,-0.00698131700797866,0.0226892802759263,15
-0.015473424772747,-0.984987795661913,-0.17192910027941,-0.0922516668384087,-0.97592069645017,-0.197657340379126,4.69668101711674,4.618141200777,-0.172787595947439,-0.198967534727354,0.311995546896744,-0.0785398163397444,-0.026179938779915,282
0.199295674449425,-0.877203187308691,-0.436801788367702,0.228197156099213,-0.882372931707482,-0.411514358605109,4.93579112463996,4.96546172192387,-0.452040276266531,-0.424115008234622,0.312552184803785,0.0296705972839026,0.0279252680319092,15
-0.223409185867571,-0.945087363837649,0.238533457578581,-0.133653747937793,-0.97569615457638,0.17364817766693,4.48026018986944,4.57625329872913,0.240855436775218,0.174532925199433,0.312552184803785,0.0959931088596875,-0.0663225115757846,5
-0.368765297793177,-0.894691675259368,-0.252069358243114,-0.374606415136845,-0.886817586866648,-0.270600445975864,4.32143522793796,4.31270858167799,-0.254818070791172,-0.27401669256311,0.312830503757306,-0.0087266462599711,-0.0191986217719377,78
-0.471050666783527,-0.856837982006477,-0.209618562903822,-0.461556178576831,-0.864417908620461,-0.199367934417197,4.20973415581032,4.22195146057428,-0.211184839491314,-0.200712863979348,0.313665460617868,0.0122173047639613,0.010471975511966,8
-0.703453156821574,-0.693699035986667,0.154710386299468,-0.695486000798548,-0.702807515436776,0.14953534344371,3.92000949997926,3.93222680474322,0.155334303427495,0.150098315671512,0.313665460617868,0.0122173047639609,-0.005235987755983,6
-0.703145665896833,-0.624281934967897,-0.34037955021305,-0.682915581447906,-0.657184348282707,-0.31895930929807,3.86764962241943,3.9077921952153,-0.347320521146872,-0.324631240870945,0.313943779571389,0.0401425727958697,0.0226892802759263,10
-0.832124528636862,-0.453689021084903,0.31895930929807,-0.81090898436393,-0.496925664727968,0.309016994374947,3.64075681966017,3.69137136796801,0.324631240870945,0.314159265358979,0.31422209852491,0.0506145483078355,-0.010471975511966,141
-0.133162713534012,-0.947501940030427,-0.290702193598252,-0.0917065179855735,-0.952408604117018,-0.290702193598252,4.57276264022514,4.616395871525,-0.294960643587042,-0.294960643587042,0.315892012246034,0.0436332312998591,0,540
-0.904024423713925,-0.374459177018829,-0.20620418539663,-0.901703818670139,-0.392071978907306,-0.182235525492147,3.53429173528852,3.55174502780846,-0.207694180987325,-0.183259571459405,0.315892012246034,0.0174532925199431,0.0244346095279206,7
-0.926003568488256,-0.331557279131409,0.18051914525056,-0.903949296684299,-0.393048340535565,0.168489379565003,3.48542251623268,3.55174502780846,0.18151424220741,0.16929693744345,0.315892012246034,0.0663225115757844,-0.0122173047639603,10
-0.814510517902811,-0.249020855693673,-0.523985905970079,-0.838782731910272,-0.167605328701305,-0.51802700937313,3.43829862642883,3.33881485906515,-0.551524043630208,-0.544542726622231,0.315892012246034,-0.0994837673636768,0.00698131700797744,150
-0.958394098978558,-0.226554764761266,0.17364817766693,-0.958401341853911,-0.188030867676232,0.214735327167063,3.37372144410504,3.33532420056116,0.174532925199433,0.216420827247297,0.315892012246034,-0.038397243543876,0.0418879020478639,16
-0.976904510542328,-0.126877743356225,0.17192910027941,-0.981217177874589,-0.123956556201541,0.147809411129611,3.27074701823737,3.26725635973339,0.172787595947439,0.148352986419518,0.315892012246034,-0.00349065850398844,-0.0244346095279206,71
-0.972221823749021,0.0169701950581692,0.233445363855905,-0.98162120303894,-0.00342651831712334,0.190808995376545,3.12413936106985,3.14508331209378,0.235619449019234,0.191986217719376,0.316726969106596,0.0209439510239315,-0.0436332312998582,96
-0.878634583455701,0.0784160475016382,-0.47101188121941,-0.870063531950171,0.150286067570372,-0.469471562785891,3.05258086173808,2.97055038689435,-0.490437519810407,-0.488692190558412,0.316726969106596,-0.0820304748437337,0.00174532925199433,30
-0.949402340812733,0.00662818639293473,0.313992455967405,-0.945941265444929,0.0165114662066215,0.323917418198149,3.13461133658182,3.12413936106985,0.319395253114962,0.329867228626928,0.317283607013638,-0.0104719755119658,0.0104719755119659,231
-0.856711790125869,0.44218192763235,0.265556117486809,-0.85437553345094,0.458112141591696,0.245307385878803,2.66511776779534,2.64940980452739,0.268780704807127,0.247836753783195,0.317283607013638,-0.0157079632679489,-0.020943951023932,77
-0.899410634615728,-0.0660485883449672,0.432085748801982,-0.896486430383441,1.09787923744812e-16,0.44307119082418,3.21489648217355,3.14159265358979,0.446804288510548,0.459021593274509,0.317840244920679,-0.0733038285837613,0.0122173047639603,29
-0.936251135294245,0.318725884800333,0.147809411129611,-0.931795351396841,0.329966039727389,0.151260820247219,2.81347075421486,2.8012534494509,0.148352986419518,0.151843644923507,0.319231839688283,-0.0122173047639595,0.00349065850398866,14
-0.822630810862825,0.294544473327051,0.486335380423491,-0.806601261052547,0.312860010519431,0.501510737159457,2.79776279094691,2.771582852167,0.50789081233035,0.525344104850293,0.319231839688283,-0.0261799387799155,0.0174532925199432,82
-0.791048527460186,0.451206113946179,0.413104429824542,-0.7988026794255,0.437331692656709,0.413104429824542,2.62322986574748,2.64068315826742,0.425860337486616,0.425860337486616,0.319231839688283,0.0174532925199431,0,30
-0.393364081798541,0.859181672138374,0.327217898979104,-0.384956364881846,0.85656675831734,0.343659694585616,2.0001473227855,1.99316600577752,0.333357887130917,0.35081117965086,0.319231839688283,-0.00698131700797688,0.0174532925199433,21
-0.352666876897027,0.877286413175913,-0.325568154457157,-0.267913052185549,0.893000709283909,-0.361624570082092,1.95302343298165,1.86226631187795,-0.331612557878923,-0.370009801422798,0.319231839688283,-0.0907571211037048,-0.0383972435438752,3
-0.78164623156949,-0.578387785804126,0.233445363855905,-0.76446262940561,-0.601572769886008,0.231747903494157,3.77863783056772,3.80830842785163,0.235619449019234,0.23387411976724,0.319788477595324,0.0296705972839031,-0.0017453292519943,74
-0.816261955401022,-0.558906225525297,0.146083028562412,-0.815836236510682,-0.558614729717413,0.14953534344371,3.74198591627584,3.74198591627584,0.146607657167524,0.150098315671512,0.319788477595324,0,0.00349065850398864,36
-0.697795474909125,0.617357286144916,-0.363251230472978,-0.701380793449718,0.631526103014953,-0.330514392713223,2.41728101401215,2.40855436775218,-0.371755130674792,-0.336848545634906,0.320623434455886,-0.00872664625997155,0.0349065850398865,97
-0.0471369984472353,0.930498063908385,-0.363251230472978,-0.0869447445141348,0.919779322443512,-0.38268343236509,1.62141087510273,1.66504410640259,-0.371755130674792,-0.392699081698724,0.320623434455886,0.0436332312998582,-0.020943951023932,82
0.0560431222122566,0.971964530511483,-0.228350870110656,0.064360856541757,0.968999210402578,-0.238533457578581,1.51320046147908,1.50447381521911,-0.230383461263251,-0.240855436775218,0.320623434455886,-0.00872664625997155,-0.010471975511966,55
0.379430100810791,0.885276752591508,-0.268919820615266,0.392559130056467,0.890050694418791,-0.231747903494157,1.16587994033221,1.15540796482025,-0.272271363311115,-0.23387411976724,0.320901753409407,-0.0104719755119662,0.0383972435438752,8
0.547145819880572,0.784315139510093,-0.292371704722737,0.515326763494657,0.812025044761277,-0.273959218692432,0.961676417848876,1.00530964914873,-0.296705972839036,-0.277507351067098,0.321180072362928,0.0436332312998582,0.0191986217719376,6
0.214135335640232,0.957986422301297,-0.190808995376545,0.242378319198155,0.950888028522641,-0.192521966525907,1.35088484104361,1.32121424375971,-0.191986217719376,-0.193731546971371,0.321458391316449,-0.0296705972839035,-0.00174532925199433,43
0.939762648179949,0.0657146059708146,-0.335451569750255,0.923279396266164,0.181140215905475,-0.338737920245291,0.0698131700797732,0.193731546971371,-0.342084533390889,-0.345575191894877,0.32201502922349,0.123918376891597,-0.00349065850398861,77
0.955769722796771,-0.00667263982728038,0.294040325232304,0.946935945061181,-0.051284217598935,0.317304656405092,6.27620399017161,6.22908010036776,0.29845130209103,0.322885911618951,0.32201502922349,-0.0471238898038475,0.0244346095279206,26
0.944950147838292,0.1888196717809,-0.267238376078257,0.938097192643723,0.218302055038926,-0.268919820615266,0.197222205475359,0.228638132011257,-0.270526034059121,-0.272271363311115,0.322293348177011,0.0314159265358978,-0.00174532925199433,10
0.761724327373091,0.383107424827274,0.522498564715949,0.775251225454568,0.35493772313036,0.522498564715949,0.466002910282486,0.429350995990605,0.549778714378214,0.549778714378214,0.322849986084052,-0.0366519142918809,0,152
0.676837038801614,-0.635592285687135,0.371367835550235,0.689235525903026,-0.640477174629255,0.338737920245291,5.52920307031804,5.53443905807402,0.380481776934764,0.345575191894877,0.322849986084052,0.00523598775598355,-0.0349065850398866,27
0.188343716420747,0.809358902255333,0.556295615500305,0.195093241643658,0.825302490278266,0.529919264233205,1.34215819478364,1.33866753627965,0.589921287174083,0.558505360638185,0.323684942944615,-0.00349065850398889,-0.0314159265358979,9
0.886436296012043,-0.420910899737042,0.192521966525907,0.885263322836543,-0.424147116604365,0.190808995376545,5.83987167717303,5.83638101866904,0.193731546971371,0.191986217719376,0.325354856665739,-0.00349065850398844,-0.00174532925199433,31
0.780451935412705,-0.544450811373466,-0.307356617799807,0.761914669183268,-0.576231538552428,-0.295708050044047,5.67406539823357,5.63566815468969,-0.312413936106985,-0.300196631343025,0.325354856665739,-0.0383972435438755,0.0122173047639603,11
0.286577541904946,-0.914470048282173,0.285688367404974,0.230454118224841,-0.931221886094315,0.282341456842876,5.0160762702317,4.9549897464119,0.289724655831059,0.28623399732707,0.325354856665739,-0.0610865238198022,-0.00349065850398872,110
0.234416767548016,-0.96161622613305,-0.142628933705512,0.229869457557745,-0.964890987481536,-0.12706460860135,4.95149908790791,4.94626310015193,-0.143116998663535,-0.127409035395586,0.325354856665739,-0.00523598775598266,0.015707963267949,161
0.194934055621537,-0.949644670596454,-0.245307385878803,0.249486790393947,-0.944269601695078,-0.214735327167063,4.91484717361603,4.97069770967985,-0.247836753783195,-0.216420827247297,0.325354856665739,0.0558505360638186,0.0314159265358979,15
0.124348623473398,-0.957431366113062,0.260504508642648,0.140128943529659,-0.960548992395913,0.240228042477264,4.84154334503227,4.85725130830022,0.263544717051144,0.242600766027212,0.325354856665739,0.0157079632679507,-0.020943951023932,28
0.878007850960303,-0.0537012606774281,0.475624209070275,0.893760683900313,-0.0265261978398128,0.44775908783877,6.22209878335978,6.25351470989568,0.49567350756639,0.464257581030492,0.326468132479822,0.0314159265358978,-0.0314159265358979,11
0.0331725206416186,-0.949936703126152,0.310676429630732,0.018140602311794,-0.944774769527355,0.327217898979104,4.74729556542458,4.73158760215663,0.315904594610974,0.333357887130917,0.326468132479822,-0.015707963267948,0.0174532925199433,24
0.0270444290987658,-0.968205525121941,-0.248689887164855,0.0134864305808857,-0.965831671712212,-0.258819045102521,4.7403142484166,4.72635161440064,-0.251327412287183,-0.261799387799149,0.326468132479822,-0.0139626340159547,-0.0104719755119659,62
-0.0224080148490293,-0.987434118824189,-0.156434465040231,0.0360645771686972,-0.983534616075911,-0.177084740319583,4.68969970010876,4.74904089467657,-0.15707963267949,-0.178023583703422,0.326468132479822,0.059341194567808,-0.020943951023932,13
0.775432032926919,0.478916584566302,0.411514358605109,0.797125499248709,0.449157135353941,0.40354529635239,0.553269372882202,0.513126800086333,0.424115008234622,0.41538836197465,0.327859727247426,-0.0401425727958697,-0.00872664625997172,6
0.785780411484558,-0.500597331681887,-0.363251230472978,0.782946428102554,-0.53009458356487,-0.325568154457157,5.71595330028143,5.68802803224952,-0.371755130674792,-0.331612557878923,0.327859727247426,-0.0279252680319093,0.0401425727958695,15
0.250047522040857,-0.946391885796971,0.20449605184179,0.348728440700987,-0.922883039558159,0.163325962241622,4.97069770967985,5.07367213554752,0.205948851735331,0.164060949687467,0.327859727247426,0.102974425867665,-0.0418879020478639,11
-0.228186213383241,-0.915204913933243,0.332161131883703,-0.223934866515546,-0.918617740064944,0.325568154457157,4.46804288510548,4.47327887286147,0.3385938748869,0.331612557878923,0.327859727247426,0.00523598775598355,-0.00698131700797727,6
-0.312828621807511,-0.918928039068106,-0.240228042477264,-0.332941440379747,-0.919740575433725,-0.207911690817759,4.38426708100976,4.36506845923782,-0.242600766027212,-0.20943951023932,0.328138046200946,-0.0191986217719373,0.0331612557878923,97
-0.59504379342964,-0.783941246935514,0.177084740319583,-0.55388140014177,-0.815011730572414,0.170209499166033,4.0631264986428,4.11548637620263,0.178023583703422,0.171042266695444,0.328973003061509,0.0523598775598293,-0.0069813170079773,174
-0.742922989152928,-0.668930864035137,-0.0244321781526532,-0.662538302424788,-0.748863323980382,-0.0157073173118207,3.87463093942741,3.98807734080704,-0.0244346095279206,-0.015707963267949,0.329251322015029,0.113446401379631,0.00872664625997165,33
-0.00161824028177842,-0.927182442385379,0.374606593415912,-0.0256058200847908,-0.91670252645503,0.398749068925246,4.7106436511327,4.68446371235278,0.383972435438752,0.410152374218667,0.330086278875591,-0.0261799387799151,0.026179938779915,7
-0.873258840041147,-0.446869125243786,-0.194234351219972,-0.843034569322194,-0.494605444097446,-0.211324796455389,3.61457688088026,3.67217274619607,-0.195476876223365,-0.212930168743308,0.330086278875591,0.0575958653158128,-0.0174532925199433,141
-0.882990020994386,-0.432572347790441,0.182235525492147,-0.873370156968262,-0.448851292030768,0.189095442989891,3.59712358836031,3.61632221013225,0.183259571459405,0.190240888467382,0.330086278875591,0.0191986217719373,0.0069813170079773,29
0.253542571044564,-0.920480498943532,-0.297374874077786,0.2233636952726,-0.930376748565512,-0.290702193598252,4.98116968519182,4.94800842940392,-0.301941960595019,-0.294960643587042,0.331199554689674,-0.033161255787892,0.00698131700797738,54
0.0674937451916896,-0.990033973814822,-0.123601476740493,0.086175796786638,-0.984993864503409,-0.14953534344371,4.78045682121247,4.79965544298441,-0.123918376891597,-0.150098315671512,0.331199554689674,0.0191986217719382,-0.0261799387799149,19
-0.794917028980716,-0.546331337686612,0.263873049965373,-0.731094301644373,-0.609124807898833,0.307356617799807,3.74373124552784,3.83623369588354,0.267035375555132,0.312413936106985,0.331756192596716,0.0925024503556999,0.0453785605518525,51
-0.949379767792087,0.189704797189582,-0.250380004054441,-0.95670774089458,0.161815002215039,-0.241921895599668,2.94437044811443,2.97404104539834,-0.253072741539178,-0.244346095279206,0.332312830503757,0.0296705972839035,0.00872664625997166,5
-0.707071519923365,-0.680430127285866,-0.192521966525907,-0.704449693982629,-0.682659245490704,-0.194234351219972,3.9077921952153,3.91128285371929,-0.193731546971371,-0.195476876223365,0.332869468410799,0.00349065850398844,-0.00174532925199433,175
-0.854535325883231,0.46397482573069,0.233445363855905,-0.847960199017659,0.468099178490909,0.248689887164855,2.64417381677141,2.63719249976343,0.235619449019234,0.251327412287183,0.332869468410799,-0.00698131700797733,0.015707963267949,90
-0.892916261940398,-0.305713567529796,0.330514392713223,-0.847698679873825,-0.42634801936275,0.315649036947102,3.47145988221672,3.60759556387228,0.336848545634906,0.321140582366957,0.33342610631784,0.136135681655557,-0.015707963267949,22
-0.920952267854275,-0.149161719209194,0.359996808120051,-0.917544249431979,-0.218589873507543,0.332161131883703,3.30216294477327,3.37546677335703,0.368264472170804,0.3385938748869,0.33342610631784,0.0733038285837622,-0.0296705972839036,32
-0.936095539329917,-0.286193127149748,0.20449605184179,-0.93215832569754,-0.301078935597256,0.201077921145965,3.43829862642883,3.45400658969678,0.205948851735331,0.202458193231342,0.333982744224882,0.0157079632679489,-0.00349065850398866,35
-0.771898167706436,0.554665101447123,-0.310676429630732,-0.819246735413999,0.490309056392726,-0.297374874077786,2.51851011062782,2.60228591472355,-0.315904594610974,-0.301941960595019,0.333982744224882,0.0837758040957275,0.0139626340159546,5
-0.44874358146831,-0.892227298677522,-0.0505929400767133,-0.442714250508204,-0.895764216535291,-0.0401317925325597,4.2463860701022,4.25336738711018,-0.0506145483078356,-0.0401425727958696,0.334817701085444,0.00698131700797688,0.010471975511966,14
-0.383215288048127,0.856688506269671,0.345298198998535,-0.388149667107113,0.859656221050237,0.332161131883703,1.99142067652553,1.99491133502952,0.352556508902855,0.3385938748869,0.334817701085444,0.00349065850398889,-0.0139626340159547,37
-0.927577297511205,0.212443561061457,-0.307356617799807,-0.897278323226234,0.270904297666531,-0.348572047321815,2.91644518008252,2.84837733925475,-0.312413936106985,-0.356047167406843,0.335374338992485,-0.0680678408277791,-0.0436332312998583,51
-0.809015280340851,-0.444759914062421,0.384295322659804,-0.84838760894746,-0.372416123187025,0.376224263139366,3.64424747816416,3.55523568631245,0.394444410950718,0.385717764690747,0.335652657946006,-0.0890117918517115,-0.0087266462599716,66
0.0436057029019562,0.960272144109491,0.275637355816999,-0.072181401473271,0.959981897703815,0.270600445975864,1.52541776624304,1.64584548463065,0.279252680319093,0.27401669256311,0.336487614806568,0.120427718387608,-0.005235987755983,10
0.212091578956791,0.964647821893147,-0.156434465040231,0.281687598098446,0.944902260657825,-0.166768746716102,1.3543754995476,1.28107167096384,-0.15707963267949,-0.167551608191456,0.336487614806568,-0.0733038285837617,-0.010471975511966,8
0.381391138205785,0.907293664942086,0.177084740319583,0.443399935722691,0.870221371989661,0.214735327167063,1.17286125734019,1.09955742875643,0.178023583703422,0.216420827247297,0.336487614806568,-0.0733038285837617,0.0383972435438752,33
0.551666062481752,0.802679101723126,0.226651307436855,0.50516475746335,0.83085006463933,0.233445363855905,0.968657734856853,1.02450827092067,0.228638132011257,0.235619449019234,0.336765933760089,0.0558505360638186,0.00698131700797733,31
0.807133490328766,0.544418413455507,0.228350870110656,0.837592194939779,0.507263864096344,0.202787295356512,0.593411945678072,0.544542726622231,0.230383461263251,0.204203522483337,0.33704425271361,-0.0488692190558413,-0.0261799387799149,119
0.0819095119999132,0.975434363053228,-0.20449605184179,0.0255465226300577,0.975582339638496,-0.218143241396543,1.48702052269917,1.54461638801498,-0.205948851735331,-0.219911485751285,0.337600890620651,0.0575958653158128,-0.0139626340159546,20
0.857000519562299,0.438549322320321,0.270600445975864,0.849588061192229,0.451733985162898,0.272280247040574,0.472984227290463,0.488692190558412,0.27401669256311,0.275762021815104,0.337600890620651,0.0157079632679489,0.00174532925199439,10
0.93159507300569,0.174343279089334,-0.31895930929807,0.930201029064996,0.13736013731496,-0.34037955021305,0.185004900711399,0.146607657167524,-0.324631240870945,-0.347320521146872,0.337879209574172,-0.0383972435438751,-0.0226892802759263,77
0.846236629887973,-0.451848279828182,0.282341456842876,0.920711483398931,-0.246703898438805,0.302369890750444,5.79274778736918,6.02138591938044,0.28623399732707,0.307177948351002,0.338435847481213,0.228638132011258,0.020943951023932,3
0.80818325627985,-0.497197656614817,-0.315649036947102,0.790230877409184,-0.533017457084359,-0.302369890750444,5.73166126354938,5.68977336150151,-0.321140582366957,-0.307177948351002,0.338435847481213,-0.041887902047864,0.0139626340159546,34
0.400801500689553,-0.900214909584734,-0.170209499166033,0.506058074199351,-0.85229893392741,-0.132256390257122,5.13126800086333,5.24820506074695,-0.171042266695444,-0.132645023151569,0.339549123295296,0.116937059883621,0.0383972435438753,10
0.334044461776024,-0.898218489169672,-0.285688367404974,0.369629488234961,-0.883627734432812,-0.287360519849712,5.06843614779153,5.1085787205874,-0.289724655831059,-0.291469985083053,0.339549123295296,0.0401425727958697,-0.00174532925199433,47
0.239760777295135,-0.93380657426266,0.265556117486809,0.322129125128586,-0.909664587277927,0.262189178640865,4.96371639267187,5.05272818452358,0.268780704807127,0.265290046303138,0.339549123295296,0.0890117918517115,-0.00349065850398866,44
0.936894643902625,-0.163514291161495,-0.309016994374947,0.932553014737489,-0.162756555571861,-0.322265695230511,6.11039771123215,6.11039771123215,-0.314159265358979,-0.328121899374934,0.340662399109379,0,-0.0139626340159547,12
0.89682508920146,-0.371477115023706,-0.240228042477264,0.908010100195942,-0.357674690431355,-0.218143241396543,5.89048622548086,5.90793951800081,-0.242600766027212,-0.219911485751285,0.340662399109379,0.017453292519944,0.0226892802759263,10
0.480433772580475,-0.812369144154,0.330514392713223,0.479320382262076,-0.816981812169553,0.320612990585676,5.24645973149496,5.24296907299097,0.336848545634906,0.32637657012294,0.340662399109379,-0.00349065850398933,-0.010471975511966,3
0.159117388697162,-0.930875064268625,0.328866646738583,0.180413449519967,-0.928146736263005,0.325568154457157,4.88168591782814,4.90437519810407,0.335103216382911,0.331612557878923,0.342053993876983,0.0226892802759258,-0.00349065850398861,62
0.158526101435471,-0.968061202595077,-0.194234351219972,0.213533305081844,-0.955293092407741,-0.20449605184179,4.87470460082016,4.93230046613598,-0.195476876223365,-0.205948851735331,0.342053993876983,0.0575958653158128,-0.010471975511966,21
0.0754186666735537,-0.879720680928076,-0.469471562785891,0.043131786652749,-0.881893474698342,-0.469471562785891,4.79791011373241,4.76125819944053,-0.488692190558412,-0.488692190558412,0.342053993876983,-0.0366519142918804,0,24
0.407344296042965,-0.881573827933242,-0.238533457578581,0.461646528335401,-0.871898568030548,-0.163325962241622,5.14523063487928,5.19933584169111,-0.240855436775218,-0.164060949687467,0.342888950737545,0.0541052068118235,0.0767944870877505,27
-0.314747970789728,-0.924566089660551,-0.214735327167063,-0.28026464884885,-0.922459579098707,-0.265556117486809,4.38426708100976,4.41742833679765,-0.216420827247297,-0.268780704807127,0.342888950737545,0.033161255787892,-0.0523598775598299,7
-0.421635636768298,-0.896021337790653,-0.139173100960065,-0.481884469005117,-0.855207159590616,-0.190808995376545,4.27256600888212,4.19926218029836,-0.139626340159546,-0.191986217719376,0.342888950737545,-0.0733038285837626,-0.0523598775598299,117
-0.703880457972689,-0.679729457070289,-0.20620418539663,-0.702354022664863,-0.668842696662661,-0.243615011786023,3.9095375244673,3.90255620745932,-0.207694180987325,-0.2460914245312,0.343445588644587,-0.00698131700797777,-0.0383972435438753,120
0.108260816495544,-0.980614208376345,0.163325962241622,0.161179159475787,-0.973604377329658,0.161603821103361,4.82234472326033,4.87644993007216,0.164060949687467,0.162315620435473,0.343723907598107,0.0541052068118235,-0.00174532925199433,60
0.40175023050176,-0.898123889093966,0.17880221511635,0.439686849324465,-0.881875388546916,0.170209499166033,5.13301333011532,5.17490123216319,0.179768912955416,0.171042266695444,0.34455886445867,0.0418879020478631,-0.00872664625997163,24
-0.755496225762317,-0.501950492300655,0.421035813367491,-0.807721079400252,-0.404476586745039,0.428935133403146,3.72802328225989,3.60585023462028,0.434586983746588,0.44331363000656,0.34455886445867,-0.122173047639603,0.0087266462599716,19
-0.92482730027207,-0.163072005533735,0.343659694585616,-0.944768005229184,-0.0992991186930921,0.312334918512233,3.31612557878923,3.24631240870945,0.35081117965086,0.317649923862968,0.34455886445867,-0.0698131700797733,-0.0331612557878923,31
-0.146032969557028,-0.98893333404211,-0.0261769483078731,-0.183682169142835,-0.981496990685728,-0.0540788129847753,4.56578132321717,4.52738407967329,-0.0261799387799149,-0.0541052068118242,0.345115502365711,-0.0383972435438755,-0.0279252680319093,15
-0.304221975788351,-0.898785110536328,-0.315649036947102,-0.301082776845892,-0.899841567700189,-0.315649036947102,4.38601241026175,4.38950306876574,-0.321140582366957,-0.321140582366957,0.345115502365711,0.00349065850398844,0,34
-0.97591010127376,0.125016967253751,-0.17880221511635,-0.966973541821864,0.167025332873422,-0.192521966525907,3.01418361819421,2.97055038689435,-0.179768912955416,-0.193731546971371,0.345950459226273,-0.0436332312998582,-0.0139626340159546,10
-0.946076670223119,0.124553356544041,0.299040792256087,-0.949276367738555,0.0663798700492728,0.307356617799807,3.01069295969022,3.07177948351002,0.303687289847013,0.312413936106985,0.345950459226273,0.0610865238198013,0.0087266462599716,3
-0.944665664966903,0.131083193343522,-0.300705799504273,-0.9400554631398,0.191256445561603,-0.282341456842876,3.00371164268224,2.94087978961045,-0.305432619099008,-0.28623399732707,0.345950459226273,-0.062831853071796,0.0191986217719377,72
0.10144140253245,-0.981628161198038,0.161603821103361,0.122011500107116,-0.979566842876922,0.159881187691835,4.81536340625235,4.83630735727629,0.162315620435473,0.160570291183478,0.346785416086835,0.0209439510239333,-0.00174532925199436,117
-0.5540141935419,-0.732538073246934,-0.395545502562965,-0.532619039422868,-0.743954402256028,-0.40354529635239,4.06487182789479,4.09105176667471,-0.406661715714679,-0.41538836197465,0.346785416086835,0.0261799387799142,-0.0087266462599716,27
-0.856786671965029,0.446014910776882,0.258819045102521,-0.873107032455339,0.418322798143647,0.250380004054441,2.66162710929135,2.69478836507925,0.261799387799149,0.253072741539178,0.346785416086835,0.0331612557878924,-0.0087266462599716,12
-0.838475463441307,-0.447704202882646,0.310676429630732,-0.838935754644379,-0.45361087037654,0.300705799504273,3.6320301734002,3.63726616115618,0.315904594610974,0.305432619099008,0.347620372947398,0.00523598775598311,-0.010471975511966,111
-0.950956839064258,-0.233577402757426,0.202787295356512,-0.930617346534404,-0.302375905545032,0.20620418539663,3.38244809036501,3.45575191894877,0.204203522483337,0.207694180987325,0.347620372947398,0.0733038285837622,0.00349065850398864,7
-0.973780138031885,0.126471958216274,0.189095442989891,-0.972562948009104,0.128040341166359,0.194234351219972,3.01243828894221,3.01069295969022,0.190240888467382,0.195476876223365,0.34845532980796,-0.00174532925199422,0.005235987755983,34
-0.758305974385178,0.60534770639791,-0.241921895599668,-0.762565232703634,0.5957812555851,-0.252069358243114,2.46789556231998,2.47836753783195,-0.244346095279206,-0.254818070791172,0.349568605622043,0.0104719755119658,-0.0104719755119659,27
-0.196475543717123,0.940475381806904,0.277314653302378,-0.298641351634899,0.913694364200575,0.275637355816999,1.77674517853023,1.88670092140587,0.280998009571087,0.279252680319093,0.349568605622043,0.109955742875643,-0.00174532925199433,3
-0.172382393860551,0.948559043366431,-0.265556117486809,-0.27085410514137,0.920283301747842,-0.282341456842876,1.75056523975031,1.85703032412197,-0.268780704807127,-0.28623399732707,0.349568605622043,0.106465084371655,-0.0174532925199433,13
0.121705258876648,0.937078586111895,0.327217898979104,0.152799414741057,0.933090411299008,0.325568154457157,1.44164196214732,1.40848070635942,0.333357887130917,0.331612557878923,0.349568605622043,-0.033161255787892,-0.00174532925199433,52
0.0362123529452791,0.987564681117465,0.152985836284038,0.00344767570389846,0.98768232325977,0.156434465040231,1.53414441250302,1.56730566829091,0.153588974175501,0.15707963267949,0.350125243529084,0.033161255787892,0.00349065850398866,16
0.239139117865083,0.952052734668676,0.190808995376545,0.199195374838455,0.961878082496474,0.187381314585725,1.3247049022637,1.36659280431156,0.191986217719376,0.188495559215388,0.350125243529084,0.041887902047864,-0.00349065850398864,94
-0.366577117287614,0.867809576712076,-0.335451569750255,-0.346622747370927,0.884477003478885,-0.312334918512233,1.9704767255016,1.94429678672168,-0.342084533390889,-0.317649923862968,0.350403562482605,-0.0261799387799151,0.0244346095279206,35
0.894867755006572,0.221457380338026,-0.387515586452103,0.907928294929827,0.184720099315312,-0.376224263139366,0.242600766027212,0.200712863979348,-0.397935069454707,-0.385717764690747,0.350681881436126,-0.041887902047864,0.0122173047639603,94
0.974739305945192,0.17187283879518,-0.142628933705512,0.961592531017227,0.225539491973049,-0.156434465040231,0.174532925199433,0.230383461263251,-0.143116998663535,-0.15707963267949,0.351795157250209,0.0558505360638186,-0.0139626340159547,38
0.967604429787305,-0.148064284137347,-0.20449605184179,0.96574510257585,-0.152958997567638,-0.209618562903822,6.13134166225608,6.1261056745001,-0.205948851735331,-0.211184839491314,0.351795157250209,-0.00523598775598266,-0.005235987755983,33
0.928384802665001,-0.216041911091881,0.302369890750444,0.914731250518562,-0.262294965295582,0.307356617799807,6.05454717516833,6.00393262686049,0.307177948351002,0.312413936106985,0.351795157250209,-0.0506145483078351,0.00523598775598294,169
0.674224127575502,-0.555787480556545,-0.486335380423491,0.595799472784208,-0.634461997037716,-0.492423560103467,5.59378025264183,5.46637121724624,-0.50789081233035,-0.514872129338327,0.35235179515725,-0.127409035395585,-0.00698131700797722,12
0.890982925588541,-0.407923832395099,0.199367934417197,0.945165279984602,-0.271021782815016,0.182235525492147,5.85383431118898,6.00393262686049,0.200712863979348,0.183259571459405,0.353186752017812,0.150098315671513,-0.0174532925199433,78
0.572894102733599,-0.68033361825777,-0.457097927058694,0.465315110271779,-0.730398417408446,-0.5,5.41226601043442,5.27962098728285,-0.474729556542458,-0.523598775598299,0.353186752017812,-0.13264502315157,-0.0488692190558412,8
0.326219474010956,-0.881885829670018,0.34037955021305,0.327758157504417,-0.88131512637993,0.34037955021305,5.06669081853954,5.06843614779153,0.347320521146872,0.347320521146872,0.353743389924854,0.00174532925199422,0,42
0.316721021608277,-0.925066404404325,-0.209618562903822,0.436349082170567,-0.867583579895627,-0.238533457578581,5.04225620901162,5.17839189066718,-0.211184839491314,-0.240855436775218,0.353743389924854,0.136135681655557,-0.0296705972839036,39
0.195768057596475,-0.937088836759863,-0.289031796944472,0.166060578167199,-0.941776337914845,-0.292371704722737,4.91833783212002,4.88692190558412,-0.293215314335047,-0.296705972839036,0.354300027831895,-0.0314159265358986,-0.00349065850398861,35
0.15812364495671,-0.955147510322517,-0.250380004054441,0.112427475267214,-0.957049483128274,-0.267238376078257,4.87644993007216,4.82932604026831,-0.253072741539178,-0.270526034059121,0.354300027831895,-0.0471238898038466,-0.0174532925199433,27
0.721491196895285,-0.607552002110392,0.332161131883703,0.664884110878265,-0.664884110878265,0.34037955021305,5.58330827712986,5.49778714378214,0.3385938748869,0.347320521146872,0.354856665738937,-0.0855211333477213,0.00872664625997166,10
-0.00348648405684499,-0.998800052272644,-0.0488497697956133,0.00697611452556213,-0.999238565078223,-0.0383878090875199,4.7088983218807,4.71937029739267,-0.0488692190558412,-0.0383972435438752,0.354856665738937,0.0104719755119653,0.010471975511966,141
0.136755436400052,-0.949016983297846,0.284015344703923,0.118813365152047,-0.953890681545563,0.275637355816999,4.85550597904822,4.83630735727629,0.287979326579064,0.279252680319093,0.355691622599499,-0.0191986217719373,-0.0087266462599716,12
-0.362861648638069,-0.916483907617293,-0.168489379565003,-0.384795044679446,-0.906520316365329,-0.17364817766693,4.33539786195391,4.31096325242599,-0.16929693744345,-0.174532925199433,0.355691622599499,-0.0244346095279209,-0.005235987755983,21
0.726030027123088,-0.656018470502592,0.20620418539663,0.762619687442546,-0.61535651377982,0.199367934417197,5.54840169208997,5.60425222815379,0.207694180987325,0.200712863979348,0.357361536320623,0.0558505360638195,-0.00698131700797733,216
0.0806373402032642,-0.921689016078873,0.379456159529005,0.0285597963664119,-0.908787455913957,0.416280792260401,4.79965544298441,4.74380490692059,0.389208423194735,0.429350995990605,0.357361536320623,-0.0558505360638186,0.0401425727958696,13
-0.454403325389296,-0.819765299156428,0.348572047321815,-0.440314000451494,-0.824634844192063,0.355106962408137,4.20624349730633,4.22195146057428,0.356047167406843,0.363028484414821,0.357361536320623,0.0157079632679498,0.00698131700797733,36
-0.509889779550668,-0.803457728946853,-0.307356617799807,-0.522220327851185,-0.798036309527015,-0.300705799504273,4.14690230273853,4.13293966872257,-0.312413936106985,-0.305432619099008,0.357361536320623,-0.0139626340159547,0.00698131700797727,53
0.92816598877935,0.202372913086729,0.312334918512233,0.930766686264762,0.192752514410615,0.310676429630732,0.214675497995303,0.204203522483337,0.317649923862968,0.315904594610974,0.357918174227665,-0.0104719755119662,-0.00174532925199433,5
-0.66021212102357,-0.710472857529445,-0.243615011786023,-0.671011308051469,-0.697283918574035,-0.252069358243114,3.96364273127912,3.94618943875918,-0.2460914245312,-0.254818070791172,0.357918174227665,-0.0174532925199431,-0.0087266462599716,51
0.924252906299647,-0.30209241514947,-0.233445363855905,0.910218119314484,-0.334895060136903,-0.243615011786023,5.96728071256861,5.93062879827673,-0.235619449019234,-0.2460914245312,0.358196493181186,-0.0366519142918804,-0.010471975511966,10
-0.82869161854021,-0.484248283285322,0.280666708920788,-0.82911089535703,-0.482554064274778,0.282341456842876,3.67042741694408,3.66868208769208,0.284488668075076,0.28623399732707,0.358753131088227,-0.00174532925199467,0.00174532925199428,4
-0.926906613526027,-0.20040430341028,0.317304656405092,-0.93268377380542,-0.174547023906016,0.315649036947102,3.3545228223331,3.32659755430119,0.322885911618951,0.321140582366957,0.358753131088227,-0.0279252680319093,-0.00174532925199439,62
-0.987886133989147,-0.0120699065052949,-0.154710386299468,-0.991448390908788,-0.0363547621184596,-0.125333233564304,3.15380995835375,3.17824456788167,-0.155334303427495,-0.125663706143592,0.359031450041748,0.0244346095279209,0.0296705972839036,54
-0.769021753088038,-0.607336784662036,0.199367934417197,-0.761528646171941,-0.618877543189707,0.192521966525907,3.81005375710362,3.82401639111958,0.200712863979348,0.193731546971371,0.359309768995269,0.0139626340159547,-0.0069813170079773,15
-0.349391796059679,-0.877982812721236,0.327217898979104,-0.39372032998377,-0.863940414237596,0.313992455967405,4.33365253270192,4.28478331364608,0.333357887130917,0.319395253114962,0.359588087948789,-0.0488692190558417,-0.0139626340159547,78
-0.89119518052656,0.0623184377936438,0.449318998615897,-0.895502320987619,0.124261215618232,0.427357863387192,3.07177948351002,3.00371164268224,0.466002910282486,0.441568300754565,0.35986640690231,-0.0680678408277786,-0.0244346095279205,87
-0.786611767980912,-0.559015886247943,-0.262189178640865,-0.761914669183268,-0.576231538552428,-0.295708050044047,3.75943920879579,3.78910980607969,-0.265290046303138,-0.300196631343025,0.360423044809352,0.0296705972839035,-0.0349065850398866,24
-0.00490757459682058,0.937269141462288,-0.348572047321815,0.0771395203724573,0.918630047763184,-0.387515586452103,1.57603231455088,1.48702052269917,-0.356047167406843,-0.397935069454707,0.360701363762872,-0.089011791851711,-0.0418879020478639,10
0.166368739673379,0.973297214740604,-0.158158067254484,0.149599350729635,0.977636134890067,-0.147809411129611,1.40149938935145,1.41895268187139,-0.158824961931484,-0.148352986419518,0.361536320623434,0.0174532925199431,0.010471975511966,24
0.378143174553258,0.86966976178457,0.317304656405092,0.410766341959257,0.853509415637063,0.320612990585676,1.16064395257623,1.12224670903235,0.322885911618951,0.32637657012294,0.361536320623434,-0.0383972435438755,0.00349065850398866,126
-0.916362347550699,0.313740956862988,-0.248689887164855,-0.916644313722694,0.30315112253908,-0.260504508642648,2.81172542496286,2.82219740047483,-0.251327412287183,-0.263544717051144,0.362092958530476,0.0104719755119658,-0.0122173047639603,37
0.593898868589926,0.793881003067928,0.130526192220052,0.532167446009415,0.838561714194319,0.116670737099333,0.928515162060983,1.00530964914873,0.130899693899575,0.11693705988362,0.362092958530476,0.0767944870877506,-0.0139626340159546,98
0.180233825579829,0.972454701309206,0.147809411129611,0.140911662198528,0.977859192229391,0.154710386299468,1.38753675533549,1.42767932813136,0.148352986419518,0.155334303427495,0.362371277483997,0.0401425727958697,0.00698131700797733,28
0.920681454335677,-0.168976667295235,-0.351841648404702,0.87217595957809,-0.283387147847757,-0.398749068925246,6.10167106497218,5.96902604182061,-0.359537825910832,-0.410152374218667,0.362927915391038,-0.13264502315157,-0.0506145483078356,35
0.946735515964118,-0.196059500062517,-0.255445757935791,0.934598209643201,-0.234754844215789,-0.267238376078257,6.07898178469625,6.03709388264839,-0.258308729295161,-0.270526034059121,0.362927915391038,-0.041887902047864,-0.0122173047639603,29
0.0883566674846652,0.91761907650598,-0.387515586452103,0.0960758045473429,0.914100219696077,-0.393941909590951,1.47480321793521,1.46607657167524,-0.397935069454707,-0.404916386462684,0.364319510158642,-0.00872664625997155,-0.00698131700797733,37
0.741966312038176,0.642711380857584,0.190808995376545,0.76530149741147,0.613122113951415,0.195946144242518,0.713839664065681,0.675442420521806,0.191986217719376,0.197222205475359,0.364319510158642,-0.0383972435438751,0.005235987755983,50
0.977290538087178,0.0614859090138951,-0.202787295356512,0.976774987223482,0.094052733822912,-0.192521966525907,0.0628318530717959,0.0959931088596881,-0.204203522483337,-0.193731546971371,0.364319510158642,0.0331612557878924,0.010471975511966,21
0.904496312540171,-0.290401995997256,0.312334918512233,0.897896417217409,-0.321493461974947,0.300705799504273,5.9725167003246,5.9393554445367,0.317649923862968,0.305432619099008,0.364319510158642,-0.033161255787892,-0.0122173047639603,123
0.731811242349113,-0.63839963595467,0.238533457578581,0.691715038901122,-0.677377412177079,0.250380004054441,5.56585498460992,5.5082591192941,0.240855436775218,0.253072741539178,0.364597829112163,-0.057595865315812,0.0122173047639603,51
0.0481076320275816,0.98363202781002,-0.17364817766693,0.00342995874887198,0.982606810130199,-0.185666615385577,1.52192710773906,1.56730566829091,-0.174532925199433,-0.186750229963393,0.365989423879766,0.0453785605518524,-0.0122173047639603,135
0.497180752069246,0.704798644537023,0.506033764121164,0.488131830892221,0.723685199969468,0.487859659138733,0.956440430092892,0.977384381116825,0.530580092606276,0.509636141582344,0.365989423879766,0.020943951023932,-0.020943951023932,98
0.875834165894868,0.408408178830572,-0.257132793154696,0.87965065731525,0.406455666461717,-0.246999012722743,0.436332312998582,0.432841654494594,-0.260054058547155,-0.249582083035189,0.365989423879766,-0.00349065850398844,0.010471975511966,60
0.970731242935683,-0.136427379153871,-0.197657340379126,0.980953661269429,-0.00171208885830526,-0.194234351219972,6.14355896702004,6.28143997792759,-0.198967534727354,-0.195476876223365,0.365989423879766,0.137881010907552,0.00349065850398866,34
0.649172820135454,-0.658300856649634,0.381070376350274,0.632934987299514,-0.669309982952179,0.389123950140206,5.49080582677416,5.46986187575023,0.39095375244673,0.399680398706701,0.365989423879766,-0.0209439510239324,0.0087266462599716,12
0.962155674495988,-0.161009640912652,0.219846204352837,0.967786606723751,-0.139460180454004,0.209618562903822,6.11737902824012,6.14006830851605,0.22165681500328,0.211184839491314,0.366824380740328,0.0226892802759266,-0.0104719755119659,7
0.493652474524293,-0.720961255647196,-0.486335380423491,0.483871215991903,-0.777371617166363,-0.40194777665596,5.31278224307074,5.26914901177088,-0.50789081233035,-0.413643032722656,0.366824380740328,-0.0436332312998582,0.0942477796076939,83
0.42486785744603,-0.848441506047168,-0.315649036947102,0.467141264783578,-0.829042187244451,-0.307356617799807,5.17664656141518,5.22551578047102,-0.321140582366957,-0.312413936106985,0.366824380740328,0.04886921905584,0.00872664625997166,145
0.831385471687366,-0.544043408065747,-0.113203213767907,0.769582842558902,-0.625423011042279,-0.128795596577563,5.70373599551747,5.6007615696498,-0.113446401379631,-0.12915436464758,0.367102699693849,-0.102974425867667,-0.015707963267949,16
0.488234620522114,-0.82228081675371,0.292371704722737,0.469580074405649,-0.823261509323303,0.31895930929807,5.24820506074695,5.23075176822701,0.296705972839036,0.324631240870945,0.367937656554411,-0.017453292519944,0.0279252680319093,26
0.288610712613025,-0.944003105072886,-0.159881187691835,0.264702140445951,-0.954485082967761,-0.137444546037147,5.00909495322373,4.98291501444381,-0.160570291183478,-0.137881010907552,0.367937656554411,-0.0261799387799151,0.0226892802759262,22
0.207348582695691,-0.927624234982026,-0.310676429630732,0.216550531812853,-0.923267903804317,-0.317304656405092,4.93230046613598,4.94277244164794,-0.315904594610974,-0.322885911618951,0.368494294461453,0.0104719755119653,-0.00698131700797733,5
-0.0685884974922465,-0.956858881841831,0.282341456842876,-0.0350425529122044,-0.95566249573943,0.292371704722737,4.64083048105292,4.67573706609281,0.28623399732707,0.296705972839036,0.368494294461453,0.0349065850398871,0.010471975511966,8
-0.0114947411401821,-0.940810550702964,0.338737920245291,0.00819503932722355,-0.939058494263135,0.343659694585616,4.70017167562073,4.72111562664466,0.345575191894877,0.35081117965086,0.368772613414974,0.0209439510239324,0.00523598775598305,20
-0.499376745154124,-0.858015155084158,0.120136838834647,-0.465192875918536,-0.878596453078275,0.107999355706023,4.1852995462824,4.22544211907827,0.120427718387609,0.108210413623648,0.369885889229057,0.0401425727958697,-0.0122173047639603,80
-0.644204766699078,-0.725585291328076,-0.241921895599668,-0.633466806032694,-0.726156633245055,-0.267238376078257,3.98633201155505,3.99505865781502,-0.244346095279206,-0.270526034059121,0.369885889229057,0.00872664625997155,-0.0261799387799149,4
-0.814657149353814,-0.386827655020874,0.432085748801982,-0.810464231876578,-0.402317938604598,0.425779291565073,3.58490628359635,3.6023595761163,0.446804288510548,0.439822971502571,0.369885889229057,0.0174532925199431,-0.00698131700797738,9
-0.909997103553542,-0.231955353120996,0.343659694585616,-0.913011832078108,-0.275654524051162,0.300705799504273,3.39117473662498,3.43480796792484,0.35081117965086,0.305432619099008,0.370164208182577,0.0436332312998586,-0.0453785605518526,16
-0.706378864104804,-0.706378864104804,0.0453629881292538,-0.711235608049613,-0.701373575310503,0.0471064507096427,3.92699081698724,3.92000949997926,0.0453785605518526,0.0471238898038469,0.371555802950181,-0.00698131700797777,0.00174532925199433,91
-0.80849889910246,-0.389104243231481,-0.441505852791745,-0.825359693315682,-0.384871545725563,-0.413104429824542,3.59014227135234,3.57792496658838,-0.457276264022514,-0.425860337486616,0.371555802950181,-0.01221730476396,0.031415926535898,21
-0.988287401171736,-0.100386573413959,-0.114937150492867,-0.987729956803154,-0.103814601758795,-0.116670737099333,3.24282175020546,3.24631240870945,-0.115191730631626,-0.11693705988362,0.371555802950181,0.00349065850398844,-0.00174532925199435,17
-0.925258855584335,-0.0484907618831429,-0.376224263139366,-0.93712630175969,-0.0770458068097679,-0.34037955021305,3.19395253114962,3.22362312843353,-0.385717764690747,-0.347320521146872,0.371555802950181,0.0296705972839035,0.0383972435438753,115
-0.90586057885368,-0.0284678155492395,0.422618261740699,-0.908072367608705,0.0778492636275148,0.411514358605109,3.17300858012569,3.05607152024207,0.436332312998582,0.424115008234622,0.371555802950181,-0.11693705988362,-0.0122173047639603,66
-0.341276139604032,-0.823913484746385,-0.452434709311783,-0.266479628518881,-0.84005022600206,-0.472550764869054,4.31968989868597,4.40521103203369,-0.469493568786475,-0.492182849062401,0.372112440857222,0.085521133347723,-0.0226892802759263,132
-0.843759898947448,-0.320514318639764,0.430511096808295,-0.850393138394031,-0.286188909853236,0.441505852791745,3.50462113800461,3.46622389446074,0.445058959258554,0.457276264022514,0.372112440857222,-0.0383972435438755,0.0122173047639603,8
-0.852667918704578,-0.430713558587549,-0.295708050044047,-0.807864428519508,-0.512686356137954,-0.290702193598252,3.60934089312427,3.70707933123596,-0.300196631343025,-0.294960643587042,0.372390759810743,0.0977384381116826,0.005235987755983,24
-0.784412451728709,0.563657526752882,-0.258819045102521,-0.850071339027443,0.459631858391641,-0.257132793154696,2.51851011062782,2.6459191460234,-0.261799387799149,-0.260054058547155,0.373225716671305,0.127409035395586,0.00174532925199428,62
-0.620205718133152,0.760447341766633,-0.192521966525907,-0.62154259712532,0.756678341701877,-0.202787295356512,2.25496539357667,2.25845605208066,-0.193731546971371,-0.204203522483337,0.373225716671305,0.00349065850398844,-0.010471975511966,6
-0.772436064519834,-0.579961402268573,0.258819045102521,-0.773910886404988,-0.56434552495395,0.287360519849712,3.7856191475757,3.77165651355975,0.261799387799149,0.291469985083053,0.374617311438909,-0.0139626340159547,0.0296705972839036,26
-0.168109392164196,0.963223385488704,-0.209618562903822,-0.186140766285425,0.957611226729473,-0.219846204352837,1.74358392274234,1.76278254451427,-0.211184839491314,-0.22165681500328,0.374617311438909,0.0191986217719373,-0.0104719755119659,40
-0.101741609626731,0.984533205199596,0.142628933705512,-0.0965607958838104,0.98480317827008,0.144356201000973,1.67377075266256,1.66853476490658,0.143116998663535,0.144862327915529,0.374617311438909,-0.00523598775598311,0.00174532925199436,14
0.0829036425767995,0.987273148346661,0.135715572434304,0.0759724038188751,0.98734950338122,0.139173100960065,1.48702052269917,1.49400183970715,0.136135681655558,0.139626340159546,0.37489563039243,0.00698131700797733,0.00349065850398866,88
0.376166234661661,0.899254329765259,0.223250116010951,0.371705862182634,0.906312540819491,0.201077921145965,1.17460658659218,1.18158790360016,0.225147473507269,0.202458193231342,0.375730587252992,0.00698131700797733,-0.0226892802759263,7
-0.561307354088198,0.810630766357438,-0.166768746716102,-0.600502190535301,0.779767987229696,-0.177084740319583,2.17642557723693,2.22704012554476,-0.167551608191456,-0.178023583703422,0.377122182020596,0.0506145483078355,-0.010471975511966,45
0.131091176443899,0.956988926451489,0.258819045102521,0.0374189466285357,0.97404271371142,0.223250116010951,1.43466064513934,1.53239908325102,0.261799387799149,0.225147473507269,0.377122182020596,0.0977384381116826,-0.0366519142918809,105
0.71694727507573,0.682739663122011,0.140901231937583,0.720690123207933,0.679144015860918,0.139173100960065,0.760963553869528,0.755727566113545,0.141371669411541,0.139626340159546,0.377122182020596,-0.00523598775598311,-0.00174532925199433,28
0.741341598655629,0.644438419902818,-0.187381314585725,0.72724590392462,0.661742856760437,-0.182235525492147,0.715584993317675,0.738274273593601,-0.188495559215388,-0.183259571459405,0.377122182020596,0.0226892802759262,0.005235987755983,34
0.754713083664197,0.611154604794635,-0.238533457578581,0.706904885203488,0.661509891721311,-0.250380004054441,0.680678408277789,0.752236907609556,-0.240855436775218,-0.253072741539178,0.377122182020596,0.0715584993317675,-0.0122173047639603,16
-0.550291481045499,0.800679073322734,-0.236838146065619,-0.636847312329269,0.732609028327203,-0.240228042477264,2.17293491873294,2.28638132011257,-0.239110107523223,-0.242600766027212,0.377678819927637,0.113446401379631,-0.00349065850398866,56
0.845930556290952,0.490368791848969,-0.209618562903822,0.854025785973455,0.481218799182526,-0.197657340379126,0.525344104850293,0.513126800086333,-0.211184839491314,-0.198967534727354,0.377678819927637,-0.0122173047639604,0.0122173047639603,81
0.976337597137317,-0.0255662997436866,-0.214735327167063,0.980633621734149,-0.035958202535213,-0.192521966525907,6.25700536839967,6.2465333928877,-0.216420827247297,-0.193731546971371,0.378513776788199,-0.0104719755119662,0.0226892802759263,23
0.882598219532154,-0.261437503254929,-0.390731128489274,0.875452139157259,-0.284451643121425,-0.390731128489274,5.99520598060052,5.96902604182061,-0.401425727958696,-0.401425727958696,0.378513776788199,-0.0261799387799151,0,23
0.881680255251037,-0.374251064303322,0.287360519849712,0.879634811911397,-0.3934796665962,0.267238376078257,5.88175957922089,5.86256095744895,0.291469985083053,0.270526034059121,0.378513776788199,-0.0191986217719382,-0.020943951023932,10
0.242888518695966,0.945988322735611,-0.214735327167063,0.216380275931517,0.952401341585707,-0.214735327167063,1.31946891450771,1.34739418253962,-0.216420827247297,-0.216420827247297,0.37879209574172,0.0279252680319093,0,80
0.94723222542549,0.119663258282126,-0.297374874077786,0.955807966103189,0.0819416480278906,-0.282341456842876,0.125663706143592,0.0855211333477222,-0.301941960595019,-0.28623399732707,0.379348733648761,-0.0401425727958697,0.015707963267949,20
0.423266148432904,-0.83070658953912,0.361624570082092,0.418753534374127,-0.839889654191278,0.345298198998535,5.18362787842316,5.17490123216319,0.370009801422798,0.352556508902855,0.379348733648761,-0.00872664625997199,-0.0174532925199433,9
0.783449847316654,-0.472607163013188,-0.40354529635239,0.778319082904014,-0.47695454742793,-0.408330460381385,5.74038790980935,5.73340659280137,-0.41538836197465,-0.420624349730633,0.379905371555803,-0.00698131700797688,-0.005235987755983,253
0.438995464864145,-0.865307331679431,-0.241921895599668,0.445741762296658,-0.859923032234049,-0.248689887164855,5.18188254917116,5.19060919543114,-0.244346095279206,-0.251327412287183,0.379905371555803,0.00872664625997199,-0.00698131700797733,22
0.445054720141806,0.884892814325069,-0.137444546037147,0.487014712435479,0.860795590051962,-0.147809411129611,1.10479341651241,1.05592419745657,-0.137881010907552,-0.148352986419518,0.380462009462844,-0.0488692190558409,-0.0104719755119659,36
0.143036522633664,-0.957079720727471,0.252069358243114,0.12798572170666,-0.959208368225658,0.252069358243114,4.86074196680421,4.84503400353626,0.254818070791172,0.254818070791172,0.380462009462844,-0.0157079632679489,0,96
-0.107963823849628,-0.947586320545132,0.300705799504273,-0.14911187219753,-0.941455308943187,0.302369890750444,4.59894257900506,4.5553093477052,0.305432619099008,0.307177948351002,0.381018647369886,-0.0436332312998582,0.00174532925199433,39
0.407993796220575,-0.903606095259465,-0.130526192220052,0.373919096728092,-0.911708964251035,-0.170209499166033,5.13650398861931,5.10159740357942,-0.130899693899575,-0.171042266695444,0.381575285276927,-0.0349065850398871,-0.0401425727958696,77
-0.450056437866418,-0.818649621374384,0.356737999319625,-0.436251016597833,-0.830935740166305,0.345298198998535,4.20973415581032,4.22893277758226,0.364773813666815,0.352556508902855,0.381853604230448,0.0191986217719391,-0.0122173047639603,172
-0.569237037906713,-0.822082684141798,-0.0122170008352472,-0.563182764094523,-0.825595057735186,-0.034899496702501,4.10675972994266,4.11374104695063,-0.0122173047639603,-0.0349065850398866,0.38241024213749,0.00698131700797688,-0.0226892802759263,5
-0.708798690288282,-0.670277601503486,0.219846204352837,-0.734836855431252,-0.641039046472573,0.221548497619467,3.89906554895533,3.85892297615946,0.22165681500328,0.223402144255274,0.38241024213749,-0.0401425727958697,0.00174532925199436,32
0.891336883174477,-0.43088908495259,0.140901231937583,0.890888642685361,-0.430672397033757,0.144356201000973,5.83289036016505,5.83289036016505,0.141371669411541,0.144862327915529,0.382966880044531,0,0.00349065850398866,37
-0.834964075874433,-0.421770704073178,-0.353474843779257,-0.84548418327677,-0.408723023753414,-0.343659694585616,3.60934089312427,3.59188760060433,-0.361283155162826,-0.35081117965086,0.382966880044531,-0.0174532925199431,0.0104719755119659,7
-0.837392301365053,-0.348572772138782,-0.421035813367491,-0.85385840380306,-0.312467803541329,-0.416280792260401,3.53603706454051,3.49240383324065,-0.434586983746588,-0.429350995990605,0.383245198998052,-0.0436332312998577,0.00523598775598294,8
0.769049268813383,-0.564922850223333,-0.299040792256087,0.768897628420591,-0.566880222047249,-0.295708050044047,5.64963078870564,5.64788545945365,-0.303687289847013,-0.300196631343025,0.384358474812135,-0.00174532925199422,0.00349065850398866,34
-0.573672798882912,-0.710960493277422,-0.4067366430758,-0.55953976939302,-0.726577199269875,-0.398749068925246,4.0334559013589,4.05614518163482,-0.418879020478639,-0.410152374218667,0.384358474812135,0.0226892802759266,0.0087266462599716,75
-0.849421534749755,-0.279275590700592,-0.44775908783877,-0.852649537816559,-0.244493320638278,-0.461748613235034,3.45924257745276,3.42084533390889,-0.464257581030492,-0.479965544298441,0.384358474812135,-0.038397243543876,-0.0157079632679489,55
-0.975933360283058,-0.0991316957021114,-0.194234351219972,-0.971215327509226,-0.119250247530391,-0.20620418539663,3.24282175020546,3.2637657012294,-0.195476876223365,-0.207694180987325,0.384358474812135,0.020943951023932,-0.0122173047639603,9
-0.412255370520172,-0.852791193519835,-0.320612990585676,-0.377699703971012,-0.885504563657282,-0.270600445975864,4.26209403337015,4.309217923174,-0.32637657012294,-0.27401669256311,0.384636793765655,0.0471238898038457,0.0523598775598299,32
-0.924426934231309,0.0516834894729944,-0.377840786818467,-0.905603810325269,0.195798474329081,-0.376224263139366,3.08574211752597,2.92866248484649,-0.387463093942741,-0.385717764690747,0.385193431672697,-0.15707963267949,0.00174532925199428,101
-0.889712954214089,0.385013175796551,-0.245307385878803,-0.857893160955951,0.440897196506145,-0.263873049965373,2.73318560862312,2.66686309704734,-0.247836753783195,-0.267035375555132,0.385193431672697,-0.0663225115757844,-0.0191986217719377,11
-0.856547564099879,0.486586739350423,0.17192910027941,-0.883916234552273,0.440704377607607,0.156434465040231,2.62497519499947,2.6790804018113,0.172787595947439,0.15707963267949,0.385750069579738,0.054105206811824,-0.015707963267949,7
-0.814883385036042,0.525156505458621,-0.245307385878803,-0.806467752710817,0.543969367762218,-0.231747903494157,2.56912465893565,2.54818070791172,-0.247836753783195,-0.23387411976724,0.385750069579738,-0.0209439510239315,0.0139626340159546,94
-0.670153286362319,-0.684338004504709,-0.287360519849712,-0.662572081920903,-0.69576922849662,-0.277314653302378,3.93746279249921,3.95142542651516,-0.291469985083053,-0.280998009571087,0.38630670748678,0.0139626340159547,0.010471975511966,33
-0.685506599738776,0.668957871129629,-0.287360519849712,-0.740153217667729,0.597228357970032,-0.309016994374947,2.3684117949563,2.462659574564,-0.291469985083053,-0.314159265358979,0.38630670748678,0.0942477796076941,-0.0226892802759263,22
-0.346637761223581,0.903022241173493,0.253757944584806,-0.389036244096418,0.899009716525338,0.201077921145965,1.93731546971371,1.97920337176157,0.256563400043166,0.202458193231342,0.387141664347342,0.041887902047864,-0.0541052068118242,41
-0.747821950952459,0.607738414142724,-0.267238376078257,-0.780891532648737,0.552902024661396,-0.290702193598252,2.45916891606001,2.52549142763579,-0.270526034059121,-0.294960643587042,0.387976621207904,0.0663225115757844,-0.0244346095279206,138
0.365458352422207,0.923042432718921,-0.120136838834647,0.334437161624943,0.934046768362574,-0.125333233564304,1.19380520836412,1.22696646415201,-0.120427718387609,-0.125663706143592,0.387976621207904,0.0331612557878924,-0.00523598775598298,43
0.398155878667338,0.911342798649083,0.104528463267653,0.411271057742356,0.906642014484123,0.0941083133185143,1.15889862332423,1.14493598930828,0.10471975511966,0.0942477796076938,0.387976621207904,-0.0139626340159547,-0.010471975511966,39
-0.961045023354643,0.0638325400209569,0.268919820615266,-0.958575948655294,0.0889244021473703,0.270600445975864,3.07527014201401,3.04909020323409,0.272271363311115,0.27401669256311,0.389089897021987,-0.0261799387799146,0.00174532925199433,14
-0.759114496500857,0.485473974129349,0.433659084587544,-0.790884277551484,0.45294369648301,0.411514358605109,2.57261531743964,2.62148453649548,0.448549617762543,0.424115008234622,0.389089897021987,0.0488692190558413,-0.0244346095279206,346
0.531536257974905,0.831140082366314,-0.163325962241622,0.421979054732084,0.892703591977619,-0.158158067254484,1.00181899064475,1.12922802604033,-0.164060949687467,-0.158824961931484,0.389089897021987,0.127409035395586,0.005235987755983,7
0.488615736312883,0.735425804526053,0.469471562785891,0.461924914723682,0.78733195558306,0.408330460381385,0.984365698124802,1.04021623418862,0.488692190558412,0.420624349730633,0.389089897021987,0.0558505360638186,-0.0680678408277789,7
0.928384802665001,0.21604191109188,-0.302369890750444,0.929170805154707,0.183980773766889,-0.320612990585676,0.228638132011257,0.195476876223365,-0.307177948351002,-0.32637657012294,0.389646534929029,-0.0331612557878924,-0.0191986217719377,157
0.299308657254155,0.921177326965143,0.248689887164855,0.281163160103098,0.931257314938735,0.231747903494157,1.25663706143592,1.27758101245985,0.251327412287183,0.23387411976724,0.39020317283607,0.020943951023932,-0.0174532925199433,134
0.857488623994644,0.0314426804566559,-0.51354125205817,0.840153205144587,-0.0838584382624255,-0.535826794978997,0.0366519142918809,6.18370153981591,-0.539306738866248,-0.565486677646163,0.39020317283607,-0.136135681655556,-0.026179938779915,61
0.966456873417441,-0.0760618055103366,0.245307385878803,0.972596607406686,-0.0186748088897332,0.231747903494157,6.20464549083984,6.26398668540765,0.247836753783195,0.23387411976724,0.390481491789591,0.0593411945678062,-0.0139626340159546,5
0.97337546499045,0.116067997091687,0.197657340379126,0.971424586582544,0.143447502673944,0.189095442989891,0.118682389135614,0.146607657167524,0.198967534727354,0.190240888467382,0.391038129696632,0.0279252680319093,-0.00872664625997166,4
0.844502412110455,-0.477796475886006,-0.241921895599668,0.806184190809402,-0.529564032002704,-0.263873049965373,5.76831317784126,5.70199066626547,-0.244346095279206,-0.267035375555132,0.391038129696632,-0.0663225115757848,-0.0226892802759263,32
0.834755578244206,0.519589585960672,-0.182235525492147,0.830646214318462,0.52308583800539,-0.190808995376545,0.556760031386191,0.561996019142174,-0.183259571459405,-0.191986217719376,0.391594767603674,0.00523598775598311,-0.00872664625997163,15
0.278542774329906,0.894297888278836,-0.350207381259467,0.265649647021982,0.902600070033784,-0.338737920245291,1.26885436619988,1.28456232946783,-0.357792496658838,-0.345575191894877,0.392151405510715,0.0157079632679489,0.0122173047639603,2
0.926497516828615,-0.344561337890002,0.151260820247219,0.917555240079454,-0.363285819166574,0.161603821103361,5.92713813977274,5.90619418874881,0.151843644923507,0.162315620435473,0.392151405510715,-0.0209439510239324,0.010471975511966,29
0.852496116215318,-0.506175152474253,-0.130526192220052,0.831849128335257,-0.531989711789804,-0.158158067254484,5.74736922681733,5.71420797102943,-0.130899693899575,-0.158824961931484,0.39382131923184,-0.033161255787892,-0.0279252680319093,28
-0.062738138778642,-0.944568021701025,0.322265695230511,-0.127355977060884,-0.94194512110779,0.310676429630732,4.6460664688089,4.57799862798113,0.328121899374934,0.315904594610974,0.39382131923184,-0.0680678408277791,-0.0122173047639603,69
-0.116372151357489,-0.990628910259702,-0.0714974443326859,-0.130381291825949,-0.990344233609373,-0.0471064507096427,4.59545192050107,4.58148928648512,-0.0715584993317675,-0.0471238898038469,0.39382131923184,-0.0139626340159547,0.0244346095279206,5
-0.117010393809823,-0.966921792379112,-0.226651307436855,-0.119824876866243,-0.962011582735519,-0.245307385878803,4.59196126199708,4.58847060349309,-0.228638132011257,-0.247836753783195,0.39382131923184,-0.00349065850398933,-0.0191986217719376,7
0.0189229855710079,-0.985521815887847,-0.168489379565003,0.036053196730776,-0.983224254620978,-0.17880221511635,4.73158760215663,4.74904089467657,-0.16929693744345,-0.179768912955416,0.39409963818536,0.0174532925199431,-0.010471975511966,68
-0.446024770051786,-0.794806792347723,-0.411514358605109,-0.514690109756282,-0.76883490680026,-0.379456159529005,4.20100750955035,4.12246769321061,-0.424115008234622,-0.389208423194735,0.394656276092402,-0.0785398163397444,0.0349065850398866,60
-0.468949733713182,-0.832251702545259,0.295708050044047,-0.448212270329117,-0.83942698921412,0.307356617799807,4.19926218029836,4.22195146057428,0.300196631343025,0.312413936106985,0.394656276092402,0.0226892802759266,0.0122173047639603,7
0.760567402242374,-0.357895852949651,-0.54170821028274,0.749961911091099,-0.383774899043275,-0.538770785006863,5.84336233567702,5.81020107988912,-0.57246799465414,-0.568977336150151,0.395212913999443,-0.0331612557878938,0.00349065850398855,12
-0.519200630379328,-0.827676724293514,0.213030386274977,-0.546074898207849,-0.815716944062511,0.190808995376545,4.15213829049451,4.12246769321061,0.214675497995303,0.191986217719376,0.395212913999443,-0.0296705972839035,-0.0226892802759263,26
-0.314132093929757,-0.922756963270613,-0.223250116010951,-0.275321455050739,-0.941525949294495,-0.194234351219972,4.38426708100976,4.42790031230961,-0.225147473507269,-0.195476876223365,0.395769551906485,0.0436332312998573,0.0296705972839036,21
-0.396694830838767,-0.84301942726468,-0.363251230472978,-0.420079215184977,-0.828021366685853,-0.371367835550235,4.27256600888212,4.24289541159821,-0.371755130674792,-0.380481776934764,0.395769551906485,-0.0296705972839044,-0.00872664625997166,30
-0.341759561517591,-0.749922913961131,-0.566406236924833,-0.343888852517663,-0.751118398977748,-0.563526048937571,4.28478331364608,4.28303798439408,-0.602138591938044,-0.598647933434055,0.396604508767047,-0.00174532925199422,0.00349065850398877,8
-0.862717306802972,-0.470368745213679,-0.185666615385577,-0.853245662213788,-0.486682733264167,-0.187381314585725,3.64075681966017,3.65995544143211,-0.186750229963393,-0.188495559215388,0.396604508767047,0.0191986217719378,-0.00174532925199436,5
-0.86834383092115,-0.213285701721832,0.44775908783877,-0.895577892250908,-0.245002386988688,0.371367835550235,3.38244809036501,3.40862802914493,0.464257581030492,0.380481776934764,0.396604508767047,0.0261799387799146,-0.0837758040957279,3
-0.914218403206689,0.10739597975581,-0.390731128489274,-0.877010434111053,0.239922905232899,-0.416280792260401,3.02465559370617,2.87455727803466,-0.401425727958696,-0.429350995990605,0.397439465627609,-0.150098315671513,-0.0279252680319094,133
-0.884744934257888,0.118050178343177,-0.450877540689431,-0.875756092628917,0.124638549156353,-0.466386640339891,3.00894763043822,3.00022098417825,-0.46774823953448,-0.485201532054424,0.397439465627609,-0.00872664625997155,-0.0174532925199432,31
-0.881842657451142,0.403739090913926,-0.243615011786023,-0.939665090246632,0.267670642199184,-0.213030386274977,2.71224165759919,2.86408530252269,-0.2460914245312,-0.214675497995303,0.397996103534651,0.151843644923507,0.0314159265358979,59
-0.899743709628463,0.41955738217654,-0.120136838834647,-0.929586220226466,0.342021133747193,-0.137444546037147,2.70526034059121,2.78903614468694,-0.120427718387609,-0.137881010907552,0.397996103534651,0.0837758040957279,-0.0174532925199433,5
-0.751681800383998,0.572628079611166,-0.327217898979104,-0.750308610938785,0.571581989584039,-0.332161131883703,2.49058484259591,2.49058484259591,-0.333357887130917,-0.3385938748869,0.398274422488171,0,-0.00523598775598294,50
-0.795956813374831,0.551146627325145,-0.250380004054441,-0.768411644777595,0.587495063579505,-0.253757944584806,2.53596340314776,2.48883951334391,-0.253072741539178,-0.256563400043166,0.398831060395213,-0.0471238898038475,-0.00349065850398861,25
-0.754280689098113,-0.566329960817378,-0.332161131883703,-0.749309869893852,-0.572890653916955,-0.332161131883703,3.7856191475757,3.79434579383567,-0.3385938748869,-0.3385938748869,0.399944336209296,0.00872664625997155,0,88
-0.649811411806819,0.744892806612983,-0.151260820247219,-0.715025880999285,0.688084779986279,-0.123601476740493,2.28812664936457,2.37539311196428,-0.151843644923507,-0.123918376891597,0.399944336209296,0.0872664625997164,0.0279252680319093,36
-0.100394621099749,0.971498666659246,-0.214735327167063,-0.0641629202909137,0.966019137092759,-0.250380004054441,1.67377075266256,1.63711883837068,-0.216420827247297,-0.253072741539178,0.399944336209296,-0.0366519142918813,-0.0366519142918809,8
-0.968736630267767,-0.132700411693361,-0.209618562903822,-0.971285663913118,-0.124424563165169,-0.202787295356512,3.27772833524535,3.26900168898538,-0.211184839491314,-0.204203522483337,0.400222655162817,-0.00872664625997155,0.00698131700797733,5
-0.981723082665134,0.124020466839283,0.144356201000973,-0.98908582467233,0.0483743671939729,0.139173100960065,3.0159289474462,3.09272343453395,0.144862327915529,0.139626340159546,0.401057612023379,0.0767944870877497,-0.005235987755983,46
-0.944033189631078,0.292227087675745,0.152985836284038,-0.944484395739051,0.295983468246909,0.142628933705512,2.84139602224677,2.83790536374278,0.153588974175501,0.143116998663535,0.401057612023379,-0.00349065850398889,-0.010471975511966,5
0.362994113165071,0.851027788502233,0.379456159529005,0.409327132477371,0.835540633019985,0.366501226724297,1.16762526958421,1.11526539202438,0.389208423194735,0.375245789178781,0.401057612023379,-0.0523598775598302,-0.0139626340159546,22
0.870971814684224,0.426684689270855,-0.243615011786023,0.86185742621864,0.441034727024392,-0.250380004054441,0.45553093477052,0.472984227290463,-0.2460914245312,-0.253072741539178,0.4013359309769,0.0174532925199431,-0.00698131700797733,176
0.687904464766823,0.604338838893547,-0.40194777665596,0.689453592463899,0.607835105687767,-0.393941909590951,0.720820981073658,0.722566310325652,-0.413643032722656,-0.404916386462684,0.402449206790982,0.00174532925199422,0.0087266462599716,38
0.940021843878399,0.1371343564152,-0.312334918512233,0.908854788772204,0.302335748064195,-0.287360519849712,0.144862327915529,0.321140582366957,-0.317649923862968,-0.291469985083053,0.402449206790982,0.176278254451427,0.0261799387799149,14
0.895502320987619,0.124261215618232,-0.427357863387192,0.891405013947,0.0264562831877671,-0.452434709311783,0.137881010907552,0.0296705972839036,-0.441568300754565,-0.469493568786475,0.402449206790982,-0.108210413623648,-0.0279252680319092,38
0.978173674511391,-0.0256143791217991,0.20620418539663,0.982625032628125,0.0497776367665465,0.17880221511635,6.25700536839967,0.0506145483078356,0.207694180987325,0.179768912955416,0.402449206790982,0.0767944870877511,-0.0279252680319093,18
0.926949868683364,-0.348417549668576,-0.139173100960065,0.918117901266126,-0.369081029866412,-0.144356201000973,5.92364748126875,5.90095820099283,-0.139626340159546,-0.144862327915529,0.402727525744503,-0.0226892802759249,-0.005235987755983,60
-0.027514203336807,0.985023702764755,-0.170209499166033,6.03569299164053e-17,0.985703469088854,-0.168489379565003,1.59872159482681,1.5707963267949,-0.171042266695444,-0.16929693744345,0.403562482605065,-0.0279252680319093,0.00174532925199436,10
0.87418291568471,0.402079217314826,0.272280247040574,0.884089076929855,0.369822471981892,0.285688367404974,0.431096325242599,0.396189740202713,0.275762021815104,0.289724655831059,0.403562482605065,-0.0349065850398866,0.0139626340159546,19
0.893131037819095,-0.40890731496063,-0.187381314585725,0.894451789394431,-0.370494062056057,-0.250380004054441,5.85383431118898,5.89048622548086,-0.188495559215388,-0.253072741539178,0.403562482605065,0.0366519142918804,-0.0645771823237902,41
0.768758352403408,-0.493534090807745,0.4067366430758,0.818836874872389,-0.419019998668825,0.392337116603562,5.71246264177744,5.81020107988912,0.418879020478639,0.40317105721069,0.404119120512107,0.0977384381116817,-0.0157079632679489,19
0.497751209606714,-0.855222205375667,0.144356201000973,0.54793949445095,-0.827846272188053,0.120136838834647,5.23947841448698,5.29707427980279,0.144862327915529,0.120427718387609,0.404119120512107,0.0575958653158128,-0.0244346095279206,27
0.428568475068236,-0.867142414911058,0.253757944584806,0.450035729716822,-0.857191749579955,0.250380004054441,5.1714105736592,5.19584518318712,0.256563400043166,0.253072741539178,0.404397439465628,0.02443460952792,-0.00349065850398861,25
0.981875906786122,0.111870628716407,0.152985836284038,0.986753967471594,0.0586239877286301,0.151260820247219,0.113446401379631,0.0593411945678072,0.153588974175501,0.151843644923507,0.40523239632619,-0.0541052068118244,-0.00174532925199433,125
-0.429293759017697,-0.849857193293067,0.305695304963106,-0.441807345563042,-0.848704014391179,0.290702193598252,4.24464074085021,4.23242343608625,0.310668606854991,0.294960643587042,0.40523239632619,-0.0122173047639595,-0.015707963267949,51
-0.501944973457305,-0.803279872702319,-0.320612990585676,-0.49831719685209,-0.806844301179058,-0.317304656405092,4.1538836197465,4.15911960750249,-0.32637657012294,-0.322885911618951,0.40523239632619,0.00523598775598266,0.00349065850398866,8
-0.977895745855809,-0.146147498433203,0.14953534344371,-0.977343084581625,-0.14257893662127,0.156434465040231,3.28994564000931,3.28645498150532,0.150098315671512,0.15707963267949,0.405510715279711,-0.00349065850398844,0.00698131700797733,34
-0.10042876852369,-0.955515905423137,-0.277314653302378,-0.0445932867109597,-0.945598361069809,-0.322265695230511,4.60766922526503,4.66526509058084,-0.280998009571087,-0.328121899374934,0.407180629000835,0.0575958653158137,-0.0471238898038469,9
-0.19901701254614,-0.978199868518943,-0.0593063735759616,-0.205568526710219,-0.975492568461574,-0.0784590957278449,4.51167611640534,4.50469479939736,-0.0593411945678072,-0.0785398163397448,0.407180629000835,-0.00698131700797688,-0.0191986217719376,15
-0.718743615158898,-0.665563885210079,-0.201077921145965,-0.709785339598074,-0.673561137252261,-0.20620418539663,3.88859357344337,3.90081087820733,-0.202458193231342,-0.207694180987325,0.407180629000835,0.0122173047639604,-0.00523598775598297,98
-0.99001757649702,0.0380326389538904,0.135715572434304,-0.991453672509661,0.020767993868843,0.128795596577563,3.10319541004592,3.12064870256586,0.136135681655558,0.12915436464758,0.407180629000835,0.0174532925199435,-0.0069813170079773,3
-0.954192405004191,0.216787195556449,-0.20620418539663,-0.946666655696004,0.229022767057135,-0.226651307436855,2.91819050933452,2.90422787531856,-0.207694180987325,-0.228638132011257,0.407180629000835,-0.0139626340159547,-0.020943951023932,3
-0.409047850277298,-0.827645432033137,0.384295322659804,-0.482688169301769,-0.784598421259812,0.389123950140206,4.25336738711018,4.16086493675448,0.394444410950718,0.399680398706701,0.407458947954356,-0.092502450355699,0.00523598775598294,22
-0.809702101413896,0.573301044417535,-0.125333233564304,-0.813208874837162,0.571532769712683,-0.109734311091045,2.52549142763579,2.52898208613978,-0.125663706143592,-0.109955742875643,0.407737266907876,0.00349065850398889,0.015707963267949,12
-0.878761343063977,0.449684898299513,-0.159881187691835,-0.891638950535659,0.429116847863417,-0.144356201000973,2.66860842629933,2.69304303582725,-0.160570291183478,-0.144862327915529,0.408293904814918,0.0244346095279209,0.0157079632679489,28
-0.759285527238648,0.60612967316749,-0.236838146065619,-0.822799901973052,0.526202490092541,-0.214735327167063,2.46789556231998,2.57261531743964,-0.239110107523223,-0.216420827247297,0.408293904814918,0.104719755119659,0.0226892802759263,50
-0.597934348688217,-0.687844784323196,0.411514358605109,-0.558576747595788,-0.735897688295448,0.38268343236509,3.99680398706701,4.0631264986428,0.424115008234622,0.392699081698724,0.409685499582522,0.0663225115757853,-0.031415926535898,149
-0.800209351119586,-0.398969665060596,-0.44775908783877,-0.796599785039274,-0.391975688736278,-0.460199784783852,3.60410490536829,3.59886891761231,-0.464257581030492,-0.478220215046446,0.409685499582522,-0.00523598775598311,-0.0139626340159545,46
-0.919712078129634,0.140735724505384,0.366501226724297,-0.89934963327097,0.199381013546059,0.389123950140206,2.98974900866629,2.9234264970905,0.375245789178781,0.399680398706701,0.409685499582522,-0.0663225115757844,0.0244346095279205,16
-0.731505324772892,0.609467259458964,0.305695304963106,-0.693939370070825,0.622636186692236,0.361624570082092,2.44695161129605,2.41029969700417,0.310668606854991,0.370009801422798,0.409685499582522,-0.0366519142918809,0.0593411945678072,47
-0.863881625205775,-0.426956892417588,-0.267238376078257,-0.836588239811114,-0.469471424857344,-0.282341456842876,3.6006142468643,3.65297412442413,-0.270526034059121,-0.28623399732707,0.410798775396605,0.0523598775598306,-0.0157079632679489,45
0.254241690008146,0.955510514920152,-0.14953534344371,0.255048588537795,0.958543062530768,-0.12706460860135,1.31074226824774,1.31074226824774,-0.150098315671512,-0.127409035395586,0.410798775396605,0,0.0226892802759263,134
0.613984984424702,0.783044076800189,0.099319749743639,0.605536708387251,0.789150802557012,0.102792536787247,0.905825881785057,0.916297857297023,0.0994837673636768,0.102974425867665,0.411077094350125,0.0104719755119662,0.00349065850398866,3
0.44005214053137,0.813859408380377,-0.379456159529005,0.435592736127333,0.819230786947296,-0.372987782575809,1.07512281922851,1.08210413623648,-0.389208423194735,-0.382227106186758,0.411633732257167,0.00698131700797733,0.00698131700797733,27
0.753334501884801,0.597085568698651,0.275637355816999,0.785419145921909,0.549956406628753,0.284015344703923,0.670206432765822,0.610865238198015,0.279252680319093,0.287979326579064,0.411633732257167,-0.0593411945678071,0.0087266462599716,24
0.832269858754237,0.490244412616219,-0.258819045102521,0.827571568912512,0.497255165186381,-0.260504508642648,0.53232542185827,0.541052068118242,-0.261799387799149,-0.263544717051144,0.412190370164208,0.00872664625997155,-0.00174532925199433,57
0.309312289294239,0.929827045432524,-0.199367934417197,0.265446902519814,0.944357431669171,-0.194234351219972,1.24965574442794,1.29677963423179,-0.200712863979348,-0.195476876223365,0.41302532702477,0.0471238898038471,0.00523598775598297,50
0.860076139717342,0.307951842125265,-0.4067366430758,0.863404518869995,0.27554753063336,-0.422618261740699,0.343829862642883,0.308923277602996,-0.418879020478639,-0.436332312998582,0.41302532702477,-0.0349065850398866,-0.0174532925199433,3
0.902794923449188,0.321470811931435,0.285688367404974,0.8897967740365,0.375864873068045,0.258819045102521,0.342084533390889,0.399680398706701,0.289724655831059,0.261799387799149,0.41302532702477,0.0575958653158128,-0.0279252680319093,19
0.39330951099954,0.895984074904356,0.20620418539663,0.396787893062838,0.899638583636426,0.182235525492147,1.15715329407224,1.15540796482025,0.207694180987325,0.183259571459405,0.413860283885333,-0.00174532925199422,-0.0244346095279206,12
0.984616699416626,0.152426718365433,-0.0854169231373675,0.98129493965538,0.17656282771303,-0.0767190281268186,0.153588974175501,0.178023583703422,-0.0855211333477222,-0.0767944870877505,0.413860283885333,0.0244346095279204,0.00872664625997166,8
0.662293017124797,0.715211398936587,0.223250116010951,0.582091964774512,0.783787495475191,0.216439613938103,0.823795406941324,0.932005820564972,0.225147473507269,0.218166156499291,0.414138602838853,0.108210413623648,-0.00698131700797733,31
0.746797596501771,0.640082954043603,0.18051914525056,0.728083741355479,0.648698950805661,0.221548497619467,0.708603676309698,0.727802298081635,0.18151424220741,0.223402144255274,0.414416921792374,0.0191986217719378,0.0418879020478639,55
0.768728948952046,-0.635947893524936,0.0680152906652482,0.813050942247295,-0.571421772829463,0.111468932206325,5.59203492338983,5.67057473972958,0.0680678408277788,0.111701072127637,0.414695240745895,0.0785398163397453,0.0436332312998582,6
0.95926137474616,0.0100457288410812,-0.282341456842876,0.949012900152852,-0.099745275127828,-0.299040792256087,0.010471975511966,6.17846555205993,-0.28623399732707,-0.303687289847013,0.415530197606457,-0.115191730631626,-0.0174532925199433,107
0.194410120993759,-0.964166761018652,-0.18051914525056,0.216164859339235,-0.959199127832928,-0.182235525492147,4.91135651511204,4.93404579538797,-0.18151424220741,-0.183259571459405,0.415530197606457,0.0226892802759258,-0.00174532925199433,19
0.950110647705749,-0.210634459516591,-0.230049737188104,0.959861611490681,-0.155463657748995,-0.233445363855905,6.0650191506803,6.12261501599611,-0.232128790515246,-0.235619449019234,0.415808516559978,0.0575958653158128,-0.00349065850398864,35
-0.360726969965383,-0.84981948560938,0.384295322659804,-0.44386895606742,-0.804067226817404,0.395545502562965,4.31096325242599,4.20798882655833,0.394444410950718,0.406661715714679,0.416365154467019,-0.102974425867665,0.0122173047639603,49
-0.480726684506884,-0.812864431172836,-0.328866646738583,-0.463597904975022,-0.822753736646447,-0.328866646738583,4.17831822927443,4.19926218029836,-0.335103216382911,-0.335103216382911,0.416365154467019,0.0209439510239315,0,48
-0.585723806681618,-0.806179657906131,0.0836778433323155,-0.577495441813665,-0.812615028769471,0.0784590957278449,4.08407044966673,4.0945424251787,0.0837758040957278,0.0785398163397448,0.416921792374061,0.0104719755119653,-0.00523598775598298,32
-0.562339441598735,-0.706957568567483,0.428935133403146,-0.605814414656025,-0.67995119314133,0.413104429824542,4.04043721836687,3.98458668230305,0.44331363000656,0.425860337486616,0.416921792374061,-0.0558505360638186,-0.0174532925199433,115
-0.764419681224513,-0.459309682857411,-0.452434709311783,-0.765752905412652,-0.449264561185254,-0.460199784783852,3.68264472170804,3.67217274619607,-0.469493568786475,-0.478220215046446,0.417200111327581,-0.0104719755119662,-0.0087266462599716,10
-0.37853744700576,-0.866437982787991,-0.325568154457157,-0.333464399683676,-0.887167657861638,-0.31895930929807,4.30049127691403,4.35285115447386,-0.331612557878923,-0.324631240870945,0.418035068188144,0.0523598775598302,0.00698131700797733,42
-0.66841278341138,-0.692161699347613,-0.272280247040574,-0.715846646323377,-0.633327613549935,-0.294040325232304,3.94444410950718,3.86590429316744,-0.275762021815104,-0.29845130209103,0.418035068188144,-0.0785398163397444,-0.0226892802759262,78
-0.871730168702537,-0.427056203070964,-0.240228042477264,-0.874712290446434,-0.409745177926687,-0.258819045102521,3.59712358836031,3.57967029584037,-0.242600766027212,-0.261799387799149,0.418035068188144,-0.0174532925199431,-0.0191986217719376,57
-0.977895745855809,-0.147892826799101,0.147809411129611,-0.978647564118731,-0.141025268323255,0.14953534344371,3.2916909692613,3.28470965225333,0.148352986419518,0.150098315671512,0.418313387141664,-0.00698131700797688,0.00174532925199433,10
-0.147788715007994,-0.965803577462737,-0.213030386274977,-0.141042587330289,-0.966811792999399,-0.213030386274977,4.56054533546118,4.56752665246916,-0.214675497995303,-0.214675497995303,0.418591706095185,0.00698131700797688,0,30
-0.881065724865586,-0.439283165904246,-0.175366726091987,-0.918384382110175,-0.371051375769926,-0.137444546037147,3.60410490536829,3.52556508902855,-0.176278254451427,-0.137881010907552,0.419704981909268,-0.0785398163397444,0.0383972435438752,31
-0.822115481100452,-0.295979785599139,-0.486335380423491,-0.809245099391162,-0.300955554723548,-0.504527623815019,3.48716784548467,3.49763982099664,-0.50789081233035,-0.528834763354282,0.420261619816309,0.0104719755119658,-0.0209439510239319,27
-0.824642962893874,0.560426778868471,-0.0767190281268186,-0.860873739897752,0.499031052405879,-0.099319749743639,2.54469004940773,2.6162485487395,-0.0767944870877505,-0.0994837673636768,0.420261619816309,0.0715584993317675,-0.0226892802759263,14
-0.464002607894748,-0.800446502186355,-0.379456159529005,-0.447456942812677,-0.810566853593912,-0.377840786818467,4.1870448755344,4.20798882655833,-0.389208423194735,-0.387463093942741,0.42053993876983,0.0209439510239324,0.00174532925199433,38
-0.817579241276351,0.48159097760273,0.315649036947102,-0.828428599273806,0.472527330479132,0.300705799504273,2.60926723173152,2.62322986574748,0.321140582366957,0.305432619099008,0.423323128305038,0.0139626340159547,-0.0157079632679489,8
0.659470228920144,0.697370214213073,-0.280666708920788,0.660470905893898,0.698428400443386,-0.275637355816999,0.813323431429358,0.813323431429358,-0.284488668075076,-0.279252680319093,0.423323128305038,0,0.005235987755983,3
0.681316997458294,0.71795831093765,0.142628933705512,0.675931263765366,0.719793687404163,0.158158067254484,0.811578102177363,0.816814089933346,0.143116998663535,0.158824961931484,0.423323128305038,0.00523598775598311,0.015707963267949,81
0.686998985920359,0.684605082786342,0.243615011786023,0.701631237770271,0.66582318354429,0.253757944584806,0.783652834145454,0.759218224617533,0.2460914245312,0.256563400043166,0.423323128305038,-0.0244346095279209,0.0104719755119659,29
0.775094521572434,0.569363529848753,0.273959218692432,0.788143356427769,0.547773902465556,0.280666708920788,0.633554518473942,0.607374579694027,0.277507351067098,0.284488668075076,0.423323128305038,-0.0261799387799151,0.00698131700797733,94
0.669673030550446,0.635495977276944,-0.384295322659804,0.710800477764015,0.594321448911016,-0.376224263139366,0.759218224617533,0.696386371545737,-0.394444410950718,-0.385717764690747,0.423879766212079,-0.062831853071796,0.0087266462599716,9
0.817988910072296,0.495391692780832,-0.292371704722737,0.809683078303134,0.505946140391229,-0.297374874077786,0.544542726622231,0.558505360638185,-0.296705972839036,-0.301941960595019,0.423879766212079,0.0139626340159547,-0.00523598775598305,4
0.967436024357501,0.0744401451155001,-0.241921895599668,0.951070715102367,0.190042681803766,-0.243615011786023,0.0767944870877505,0.197222205475359,-0.244346095279206,-0.2460914245312,0.4241580851656,0.120427718387609,-0.00174532925199433,29
-0.771158560625693,0.5853412064287,-0.250380004054441,-0.76325558948926,0.594178265063185,-0.253757944584806,2.4923301718479,2.48011286708394,-0.253072741539178,-0.256563400043166,0.424993042026162,-0.0122173047639609,-0.00349065850398861,44
-0.341986906352132,0.886279783455346,-0.312334918512233,-0.289898088981986,0.902926825954484,-0.317304656405092,1.9390607989657,1.88146493364989,-0.317649923862968,-0.322885911618951,0.424993042026162,-0.0575958653158128,-0.005235987755983,52
0.942492046601201,0.149276075311258,0.299040792256087,0.93675996488957,0.187183111736181,0.295708050044047,0.15707963267949,0.197222205475359,0.303687289847013,0.300196631343025,0.424993042026162,0.0401425727958697,-0.00349065850398866,23
0.923644449373064,0.309047109644297,-0.226651307436855,0.873857088059466,0.447175264221563,-0.190808995376545,0.322885911618951,0.472984227290463,-0.228638132011257,-0.191986217719376,0.426106317840245,0.150098315671512,0.0366519142918809,50
0.938630711218933,0.098654063099544,0.330514392713223,0.929532641190545,0.0993383823634885,0.355106962408137,0.10471975511966,0.106465084371654,0.336848545634906,0.363028484414821,0.426106317840245,0.00174532925199422,0.0261799387799149,62
0.867759484056975,-0.415760682244842,-0.272280247040574,0.893636835008671,-0.32702464220659,-0.307356617799807,5.83638101866904,5.93237412752873,-0.275762021815104,-0.312413936106985,0.426106317840245,0.0959931088596875,-0.0366519142918808,113
0.823915596069298,-0.497017663293064,0.272280247040574,0.829837432465654,-0.490764489489759,0.265556117486809,5.74038790980935,5.74911455606932,0.275762021815104,0.268780704807127,0.426106317840245,0.00872664625997199,-0.00698131700797738,118
0.648803701115612,0.678934291176992,0.343659694585616,0.65283120463922,0.646030319452204,0.395545502562965,0.808087443673374,0.780162175641465,0.35081117965086,0.406661715714679,0.427219593654328,-0.0279252680319093,0.0558505360638185,113
0.888621445510217,-0.435331154194022,-0.144356201000973,0.927013162555111,-0.355847013109347,-0.118403968306501,5.82765437240907,5.91666616426078,-0.144862327915529,-0.118682389135614,0.427219593654328,0.0890117918517106,0.026179938779915,12
0.933122298845631,0.0882060271349034,0.348572047321815,0.907340913915096,0.0586751048637455,0.416280792260401,0.0942477796076938,0.0645771823237902,0.356047167406843,0.429350995990605,0.427497912607849,-0.0296705972839035,0.0733038285837619,49
0.880310546533556,-0.431259686796763,-0.197657340379126,0.893809035418832,-0.401693707854477,-0.199367934417197,5.82765437240907,5.86081562819696,-0.198967534727354,-0.200712863979348,0.427776231561369,0.0331612557878929,-0.0017453292519943,197
0.713179089902917,-0.665050260452399,-0.221548497619467,0.726361564178071,-0.654018890008442,-0.211324796455389,5.53269372882202,5.55014702134197,-0.223402144255274,-0.212930168743308,0.428332869468411,0.0174532925199431,0.010471975511966,9
0.551905567721381,-0.788202836451166,0.272280247040574,0.617859511393863,-0.74421537859697,0.253757944584806,5.32325421858271,5.40528469342644,0.275762021815104,0.256563400043166,0.428332869468411,0.0820304748437328,-0.0191986217719377,115
-0.148010071705769,-0.967250149960477,-0.20620418539663,-0.0829867365070153,-0.967998395728069,-0.236838146065619,4.56054533546118,4.62686784703697,-0.207694180987325,-0.239110107523223,0.428611188421932,0.0663225115757857,-0.0314159265358979,95
-0.291663164068011,-0.913901471972596,-0.282341456842876,-0.298641351634899,-0.913694364200575,-0.275637355816999,4.40346570278169,4.39648438577372,-0.28623399732707,-0.279252680319093,0.428889507375452,-0.00698131700797777,0.00698131700797727,17
-0.452924054125956,-0.859046908387264,0.238533457578581,-0.454616799265522,-0.858621720196835,0.236838146065619,4.22718744833027,4.22544211907827,0.240855436775218,0.239110107523223,0.429446145282494,-0.00174532925199333,-0.00174532925199439,101
-0.506645503117379,-0.846542948838856,-0.163325962241622,-0.464820767476899,-0.870531940325557,-0.161603821103361,4.17308224151844,4.22195146057428,-0.164060949687467,-0.162315620435473,0.429446145282494,0.0488692190558417,0.00174532925199433,28
-0.534735417250347,-0.744163077335106,0.400349032556895,-0.564169230015736,-0.722103685099453,0.400349032556895,4.08930643742271,4.04916386462684,0.411897703470662,0.411897703470662,0.429724464236014,-0.0401425727958697,0,74
-0.704357320357314,-0.544389201539369,-0.455544907233516,-0.735764952504752,-0.509467806874687,-0.446197813109809,3.79958178159165,3.74722190403183,-0.472984227290463,-0.462512251778497,0.430559421096577,-0.0523598775598297,0.010471975511966,17
-0.829481340710257,-0.546942170440471,-0.113203213767907,-0.750844251055712,-0.650401692873848,-0.114937150492867,3.7245326237559,3.85543231765547,-0.113446401379631,-0.115191730631626,0.430559421096577,0.130899693899574,-0.00174532925199433,10
-0.852360487296216,-0.500076927674764,0.152985836284038,-0.862735218198973,-0.486126312030453,0.139173100960065,3.67217274619607,3.65471945367613,0.153588974175501,0.139626340159546,0.430559421096577,-0.0174532925199431,-0.0139626340159546,15
-0.945251697502946,-0.299851501030141,-0.128795596577563,-0.877918161894149,-0.453127352283514,-0.154710386299468,3.4487706019408,3.61806753938425,-0.12915436464758,-0.155334303427495,0.430837740050097,0.169296937443451,-0.0261799387799149,3
-0.98057661313545,-0.0806180726716853,-0.17880221511635,-0.982961395926345,-0.0240230590710732,-0.182235525492147,3.22362312843353,3.16602726311771,-0.179768912955416,-0.183259571459405,0.43167269691066,-0.0575958653158124,-0.00349065850398866,45
-0.931600410060118,-0.013008440939949,-0.363251230472978,-0.911401722968776,-0.173859176975874,-0.372987782575809,3.15555528760575,3.33008821280518,-0.371755130674792,-0.382227106186758,0.43167269691066,0.174532925199433,-0.010471975511966,16
-0.94825288148981,0.0115856708877386,-0.317304656405092,-0.939081379223058,0.00491706353826214,-0.343659694585616,3.12937534882583,3.13635666583381,-0.322885911618951,-0.35081117965086,0.43167269691066,0.00698131700797688,-0.0279252680319093,17
-0.553310912545664,-0.758778655719312,0.343659694585616,-0.557556493371414,-0.748019421434194,0.359996808120051,4.08232512041474,4.07185314490277,0.35081117965086,0.368264472170804,0.432507653771222,-0.0104719755119653,0.0174532925199433,13
-0.590748804388443,-0.792550322927045,0.151260820247219,-0.610624987786725,-0.775965946451768,0.158158067254484,4.07185314490277,4.04567320612286,0.151843644923507,0.158824961931484,0.432507653771222,-0.0261799387799151,0.00698131700797733,55
-0.727334598152128,-0.638979057481996,0.250380004054441,-0.70386680703359,-0.670283301747842,0.23514211310259,3.86241363466345,3.90255620745932,0.253072741539178,0.237364778271229,0.433620929585305,0.0401425727958689,-0.015707963267949,171
-0.944159198313917,0.319580257174494,-0.0801989243288589,-0.934212436067654,0.351147369282155,-0.0627905195293134,2.81521608346685,2.78205482767896,-0.0802851455917391,-0.0628318530717959,0.433620929585305,-0.0331612557878924,0.0174532925199433,9
-0.922218865851548,0.35585464409731,0.151260820247219,-0.930824671840012,0.327795111767588,0.161603821103361,2.77332818141899,2.80299877870289,0.151843644923507,0.162315620435473,0.433620929585305,0.0296705972839035,0.010471975511966,355
-0.852660893310219,0.337592329668001,-0.398749068925246,-0.838288729731922,0.380264632636194,-0.390731128489274,2.76460153515902,2.71573231610318,-0.410152374218667,-0.401425727958696,0.433620929585305,-0.0488692190558413,0.00872664625997172,55
0.466010916983877,-0.883868352459782,-0.0401317925325597,0.438200232472202,-0.898443620018696,-0.0279216387235689,5.19759051243911,5.16617458590322,-0.0401425727958696,-0.0279252680319093,0.435012524352908,-0.0314159265358986,0.0122173047639603,6
0.0359458349668106,-0.980296339764,0.194234351219972,0.0805138271095768,-0.979308649801192,0.185666615385577,4.74904089467657,4.79441945522842,0.195476876223365,0.186750229963393,0.435012524352908,0.0453785605518515,-0.00872664625997166,25
-0.843362364309536,-0.529040213812308,0.0941083133185143,-0.866201836329644,-0.490073419411571,0.0975828997591495,3.70184334347997,3.65646478292812,0.0942477796076938,0.0977384381116825,0.435012524352908,-0.045378560551852,0.00349065850398865,72
-0.912061522254425,-0.359270588021329,-0.197657340379126,-0.901211595808696,-0.371452615122092,-0.223250116010951,3.51683844276857,3.53254640603652,-0.198967534727354,-0.225147473507269,0.435012524352908,0.0157079632679493,-0.026179938779915,31
-0.83738792569978,0.441504568005604,0.322265695230511,-0.847480509087086,0.380872842564262,0.369746757273829,2.65639112153537,2.71922297460717,0.328121899374934,0.378736447682769,0.435012524352908,0.062831853071796,0.0506145483078355,8
-0.159050180598185,-0.940361133924718,-0.300705799504273,-0.155243896493907,-0.937752359993453,-0.310676429630732,4.54483737219323,4.54832803069722,-0.305432619099008,-0.315904594610974,0.43556916225995,0.00349065850398933,-0.010471975511966,22
-0.926721085412761,0.348331555690646,-0.140901231937583,-0.930777223120683,0.329605501595583,-0.158158067254484,2.78205482767896,2.8012534494509,-0.141371669411541,-0.158824961931484,0.43556916225995,0.0191986217719378,-0.0174532925199433,19
-0.20233331859756,-0.883433660796649,0.422618261740699,-0.211881154861865,-0.875811723242556,0.433659084587544,4.48724150687742,4.47502420211346,0.436332312998582,0.448549617762543,0.436682438074033,-0.0122173047639613,0.0122173047639603,6
-0.473827881356546,0.804400119087426,0.3583679495453,-0.412469136926494,0.823681833301181,0.389123950140206,2.10312174865317,2.03505390782539,0.366519142918809,0.399680398706701,0.436682438074033,-0.0680678408277786,0.0331612557878922,36
-0.490574846148386,0.819690837734346,-0.295708050044047,-0.5051724038292,0.821146022869721,-0.265556117486809,2.11010306566114,2.1223203704251,-0.300196631343025,-0.268780704807127,0.436682438074033,0.01221730476396,0.0314159265358979,10
-0.47357846320529,0.813689268662671,-0.337095258423082,-0.380479364885036,0.854570645243511,-0.353474843779257,2.09788576089718,1.98967534727354,-0.343829862642883,-0.361283155162826,0.436682438074033,-0.108210413623649,-0.0174532925199433,8
-0.433755595655867,0.73931851365306,0.515038074910054,-0.430328763400125,0.742356072127821,0.51354125205817,2.10137641940117,2.09614043164519,0.541052068118242,0.539306738866248,0.437239075981074,-0.00523598775598311,-0.00174532925199433,3
-0.329160128467602,0.831363584170599,0.44775908783877,-0.268641957581365,0.852023436361735,0.449318998615897,1.94778744522567,1.8762289458939,0.464257581030492,0.466002910282486,0.437239075981074,-0.0715584993317675,0.00174532925199422,84
-0.92382910559839,-0.278920451478387,0.262189178640865,-0.910139419726302,-0.31516403148285,0.268919820615266,3.43480796792484,3.47495054072071,0.265290046303138,0.272271363311115,0.438074032841637,0.0401425727958689,0.00698131700797733,42
0.00171267792171354,0.981291169398428,-0.192521966525907,-0.108165491120519,0.979750761931042,-0.168489379565003,1.5690509975429,1.68075206967054,-0.193731546971371,-0.16929693744345,0.438074032841637,0.111701072127637,0.0244346095279206,71
0.0361925638456302,0.987025002960845,-0.156434465040231,-0.0242395231303816,0.991818544937897,-0.125333233564304,1.53414441250302,1.59523093632282,-0.15707963267949,-0.125663706143592,0.438074032841637,0.0610865238198013,0.0314159265358979,21
-0.885944409433497,0.151437251217665,-0.438371146789077,-0.888846349187601,0.128084715568882,-0.439939169855915,2.97229571614634,2.99847565492626,-0.453785605518526,-0.45553093477052,0.438908989702199,0.0261799387799155,-0.00174532925199439,165
-0.732651858707202,0.57861357283733,0.3583679495453,-0.713154428135367,0.600531790951869,0.361624570082092,2.47313155007596,2.44171562354007,0.366519142918809,0.370009801422798,0.438908989702199,-0.0314159265358978,0.00349065850398861,177
-0.0773932848162854,0.96190805905189,0.262189178640865,-0.135972012911236,0.955389159614288,0.262189178640865,1.65108147238664,1.71216799620644,0.265290046303138,0.265290046303138,0.438908989702199,0.0610865238198013,0,7
0.541809744145075,0.754008044962507,0.371367835550235,0.502649085104649,0.782956415168203,0.366501226724297,0.947713783832921,1.00007366139275,0.380481776934764,0.375245789178781,0.439743946562761,0.0523598775598302,-0.00523598775598294,94
0.615349586571849,0.688231059519732,0.384295322659804,0.697319579664112,0.616936249598371,0.36487678433762,0.841248699461267,0.724311639577647,0.394444410950718,0.373500459926786,0.439743946562761,-0.11693705988362,-0.020943951023932,91
0.790615487682224,0.563940546735741,0.238533457578581,0.776735635246358,0.58957443647176,0.221548497619467,0.619591884457987,0.649262481741891,0.240855436775218,0.223402144255274,0.440300584469802,0.0296705972839035,-0.0174532925199433,62
0.291811782388149,0.936899768419466,-0.192521966525907,0.24674247449027,0.947258948790423,-0.20449605184179,1.26885436619988,1.31597825600372,-0.193731546971371,-0.205948851735331,0.440857222376844,0.0471238898038466,-0.0122173047639603,28
-0.306362980461915,0.785780411484559,0.537299608346824,-0.230797600469645,0.810221271530526,0.538770785006863,1.94255145746969,1.848303677862,0.567232006898157,0.568977336150151,0.441970498190927,-0.0942477796076937,0.00174532925199433,117
0.579891409630015,0.731640872133324,-0.3583679495453,0.612724377157624,0.694999382346519,-0.376224263139366,0.900589894029074,0.848230016469244,-0.366519142918809,-0.385717764690747,0.441970498190927,-0.0523598775598297,-0.0191986217719377,15
0.839075145406432,0.425687117198852,-0.338737920245291,0.848913299016489,0.395854772441013,-0.350207381259467,0.469493568786475,0.436332312998582,-0.345575191894877,-0.357792496658838,0.441970498190927,-0.0331612557878924,-0.0122173047639603,30
0.989774723392764,-0.00172748453169541,0.142628933705512,0.991415915470944,0.022498374455493,0.128795596577563,6.28143997792759,0.0226892802759263,0.143116998663535,0.12915436464758,0.441970498190927,0.0244346095279209,-0.0139626340159546,8
0.971416386493978,-0.152119746580068,0.182235525492147,0.977420618190094,-0.125210468933484,0.170209499166033,6.12785100375209,6.155776271784,0.183259571459405,0.171042266695444,0.442805455051489,0.0279252680319093,-0.0122173047639603,146
0.972426837880494,-0.208470250483483,-0.104528463267653,0.979531582115184,-0.1709556281085,-0.106264071336233,6.07200046768827,6.11039771123215,-0.10471975511966,-0.106465084371654,0.442805455051489,0.0383972435438755,-0.00174532925199432,64
0.891833122747526,-0.333442741252392,-0.305695304963106,0.887230219340714,-0.351279294088735,-0.299040792256087,5.92539281052075,5.90619418874881,-0.310668606854991,-0.303687289847013,0.442805455051489,-0.0191986217719382,0.00698131700797733,68
0.817840965054443,-0.487531061987163,0.305695304963106,0.807381233731867,-0.524319503790649,0.270600445975864,5.74562389756533,5.70722665402146,0.310668606854991,0.27401669256311,0.44308377400501,-0.0383972435438746,-0.0366519142918809,3
0.704952358597239,-0.652793041608113,0.277314653302378,0.72358949116826,-0.635688900603992,0.268919820615266,5.53618438732601,5.56236432610593,0.280998009571087,0.272271363311115,0.44336209295853,0.0261799387799151,-0.00872664625997166,71
0.89955640885068,0.00157002370837496,-0.436801788367702,0.910465050569635,0.0413439760189767,-0.411514358605109,0.00174532925199433,0.0453785605518526,-0.452040276266531,-0.424115008234622,0.443918730865572,0.0436332312998582,0.0279252680319092,236
0.70067960341275,-0.581715414460276,-0.413104429824542,0.704988540684027,-0.583217241939972,-0.40354529635239,5.59028959413784,5.59203492338983,-0.425860337486616,-0.41538836197465,0.443918730865572,0.00174532925199333,0.0104719755119659,9
0.58633622053145,-0.764128239612402,-0.268919820615266,0.657031934876654,-0.699667946282959,-0.280666708920788,5.36688744988256,5.46637121724624,-0.272271363311115,-0.284488668075076,0.444753687726134,0.0994837673636768,-0.0122173047639603,134
0.957729130148719,0.0133732904059203,0.287360519849712,0.956613633794237,0.0719281404377177,0.282341456842876,0.0139626340159546,0.0750491578357562,0.291469985083053,0.28623399732707,0.445032006679655,0.0610865238198017,-0.00523598775598305,28
0.886357032049485,0.0340504025226076,0.461748613235034,0.890492535817132,0.048227351823805,0.452434709311783,0.0383972435438752,0.0541052068118242,0.479965544298441,0.469493568786475,0.445588644586696,0.0157079632679489,-0.010471975511966,155
0.92862047201799,-0.316128195128561,0.194234351219972,0.902781762087967,-0.366581659648881,0.224951054343865,5.95506340780465,5.89746754248884,0.195476876223365,0.226892802759263,0.445588644586696,-0.0575958653158128,0.0314159265358979,44
-0.691447655487558,-0.708552738022534,-0.140901231937583,-0.838162338776938,-0.527818994183248,-0.137444546037147,3.9392081217512,3.70358867273197,-0.141371669411541,-0.137881010907552,0.446145282493738,-0.235619449019234,0.00349065850398864,134
0.801128274276037,-0.447735458859183,0.397147890634781,0.804494008608058,-0.445938310810969,0.392337116603562,5.77354916559724,5.77703982410123,0.408407044966673,0.40317105721069,0.447815196214862,0.00349065850398844,-0.00523598775598294,9
-0.618389086223438,-0.777421629153911,-0.114937150492867,-0.58832370481095,-0.800905672042781,-0.111468932206325,4.04043721836687,4.07883446191075,-0.115191730631626,-0.111701072127637,0.447815196214862,0.0383972435438755,0.00349065850398865,113
-0.650277916761574,-0.699782380537961,0.295708050044047,-0.618857247065233,-0.72973141798336,0.290702193598252,3.96364273127912,4.00902129183097,0.300196631343025,0.294960643587042,0.447815196214862,0.045378560551852,-0.005235987755983,17
-0.804599885449087,-0.548860828600913,-0.226651307436855,-0.798336928604667,-0.550735757381489,-0.243615011786023,3.74024058702385,3.74547657477983,-0.228638132011257,-0.2460914245312,0.447815196214862,0.00523598775598311,-0.0174532925199433,217
0.167722776432095,-0.961008177227208,0.219846204352837,0.116414486752264,-0.961997481799301,0.246999012722743,4.88517657633213,4.8328166987723,0.22165681500328,0.249582083035189,0.449485109935987,-0.0523598775598302,0.0279252680319093,9
-0.134224854042771,-0.979865330817819,0.147809411129611,-0.146029765979063,-0.977107979610836,0.154710386299468,4.57625329872913,4.56403599396517,0.148352986419518,0.155334303427495,0.449485109935987,-0.0122173047639604,0.00698131700797733,29
-0.420766130422209,-0.886131412543127,0.194234351219972,-0.341236009095508,-0.922480798875824,0.18051914525056,4.26907535037813,4.35808714222984,0.195476876223365,0.18151424220741,0.449485109935987,0.0890117918517106,-0.0139626340159546,54
-0.605087794038254,-0.766174037033522,0.216439613938103,-0.659682127886377,-0.704951694177802,0.260504508642648,4.04392787687086,3.96015207277513,0.218166156499291,0.263544717051144,0.449485109935987,-0.0837758040957275,0.0453785605518525,11
-0.88463977525376,-0.397572878943563,-0.243615011786023,-0.887628818336954,-0.421477150969074,-0.185666615385577,3.56396233257242,3.58490628359635,-0.2460914245312,-0.186750229963393,0.449485109935987,0.0209439510239324,0.0593411945678072,23
-0.889006665834162,-0.353778720020851,0.290702193598252,-0.884189172476017,-0.37713864208589,0.275637355816999,3.52032910127256,3.54476371080048,0.294960643587042,0.279252680319093,0.449485109935987,0.0244346095279209,-0.0157079632679489,72
-0.91009420963143,-0.142516949948505,-0.389123950140206,-0.915496542568473,-0.0817058897081919,-0.393941909590951,3.29692695701729,3.2306044454415,-0.399680398706701,-0.404916386462684,0.450041747843028,-0.0663225115757844,-0.00523598775598305,581
-0.879597952136708,-0.1080010483242,-0.463296035119862,-0.884514958636546,-0.010806926513046,-0.466386640339891,3.2637657012294,3.15380995835375,-0.481710873550435,-0.485201532054424,0.450041747843028,-0.109955742875643,-0.00349065850398855,67
-0.892627575730864,-0.245870597797383,-0.377840786818467,-0.885769855419392,-0.292940371703328,-0.359996808120051,3.41037335839692,3.46098790670476,-0.387463093942741,-0.368264472170804,0.450320066796549,0.050614548307836,0.0191986217719376,74
-0.72591022919342,-0.684063194892293,-0.0714974443326859,-0.699448301836484,-0.711763762950604,-0.064532308252958,3.89732021970334,3.93571746324721,-0.0715584993317675,-0.0645771823237902,0.451711661564153,0.0383972435438751,0.0069813170079773,78
-0.943329018222473,0.0643097207487793,-0.325568154457157,-0.937136821194941,0.0606019197547565,-0.343659694585616,3.07352481276201,3.077015471266,-0.331612557878923,-0.35081117965086,0.451711661564153,0.00349065850398933,-0.0191986217719377,108
-0.936582055542201,0.331661100566471,0.113203213767907,-0.956692173639322,0.268914042121363,0.111468932206325,2.8012534494509,2.86757596102668,0.113446401379631,0.111701072127637,0.451711661564153,0.0663225115757844,-0.00174532925199432,50
-0.918553748832235,0.359977277844166,0.163325962241622,-0.917299438525268,0.35579700385292,0.17880221511635,2.76809219366301,2.771582852167,0.164060949687467,0.179768912955416,0.451711661564153,0.00349065850398889,0.015707963267949,94
-0.835992419698378,0.534639457161947,-0.123601476740493,-0.715757032567496,0.669793584714294,-0.197657340379126,2.57261531743964,2.38935574598024,-0.123918376891597,-0.198967534727354,0.451989980517673,-0.183259571459404,-0.0750491578357562,193
-0.48812903892112,0.815604191648035,-0.310676429630732,-0.522740762302139,0.795796755428981,-0.305695304963106,2.11010306566114,2.15199096770901,-0.315904594610974,-0.310668606854991,0.452546618424715,0.0418879020478635,0.005235987755983,57
-0.804509582194772,0.582367814410697,0.116670737099333,-0.785511495624193,0.604925287441993,0.130526192220052,2.51501945212383,2.48534885483993,0.11693705988362,0.130899693899575,0.453938213192318,-0.0296705972839035,0.0139626340159546,49
-0.636382536420317,0.734660094182944,-0.23514211310259,-0.597912003066555,0.770823509644452,-0.219846204352837,2.28463599086058,2.23053078404875,-0.237364778271229,-0.22165681500328,0.453938213192318,-0.0541052068118244,0.015707963267949,40
-0.224712274081925,0.965643467860402,-0.130526192220052,-0.226624141583456,0.9586875835895,-0.17192910027941,1.79943445880615,1.80292511731014,-0.130899693899575,-0.172787595947439,0.453938213192318,0.00349065850398889,-0.0418879020478639,17
-0.934615945600781,-0.131351705120899,-0.330514392713223,-0.946722915049084,-0.0961646068760694,-0.307356617799807,3.28121899374934,3.24282175020546,-0.336848545634906,-0.312413936106985,0.45449485109936,-0.0383972435438751,0.0244346095279207,28
0.299038579291412,0.920346112465456,0.252069358243114,0.314621276656188,0.913726534013156,0.257132793154696,1.25663706143592,1.23918376891597,0.254818070791172,0.260054058547155,0.45449485109936,-0.0174532925199431,0.00523598775598305,10
-0.525258406831198,0.847155085323606,-0.0801989243288589,-0.58435550188543,0.810228885392401,-0.0453629881292538,2.12581102892909,2.19562419900887,-0.0802851455917391,-0.0453785605518526,0.455051489006401,0.0698131700797733,0.0349065850398866,31
0.722030768706298,0.576389590151198,0.38268343236509,0.786517446798214,0.468858497548406,0.40194777665596,0.673697091269811,0.537561409614253,0.392699081698724,0.413643032722656,0.455051489006401,-0.136135681655558,0.0209439510239319,69
0.738793867678621,0.591885498012968,0.322265695230511,0.736554392235444,0.596449986411915,0.31895930929807,0.675442420521806,0.680678408277789,0.328121899374934,0.324631240870945,0.455329807959922,0.00523598775598311,-0.00349065850398866,12
-0.0468138371525612,0.957178468928619,-0.285688367404974,-0.173415264712271,0.954242564549114,-0.243615011786023,1.61966554585074,1.75056523975031,-0.289724655831059,-0.2460914245312,0.455886445866964,0.130899693899575,0.0436332312998582,42
0.946505678750579,0.296616899946532,-0.12706460860135,0.940371907202384,0.321961266480808,-0.109734311091045,0.303687289847013,0.329867228626928,-0.127409035395586,-0.109955742875643,0.455886445866964,0.0261799387799151,0.0174532925199433,24
0.65554338245968,0.722963622837506,0.218143241396543,0.743951662431387,0.639899379879816,0.192521966525907,0.834267382453289,0.710349005561692,0.219911485751285,0.193731546971371,0.457278040634567,-0.123918376891597,-0.0261799387799149,21
0.908598969503441,-0.309312319704308,-0.280666708920788,0.918980840574221,-0.242805211495552,-0.310676429630732,5.95506340780465,6.02487657788443,-0.284488668075076,-0.315904594610974,0.457278040634567,0.0698131700797733,-0.0314159265358979,54
0.845105402427757,-0.343161718601506,0.409923033841573,0.853614856343249,-0.32938255998452,0.40354529635239,5.89746754248884,5.91492083500878,0.422369678982628,0.41538836197465,0.457278040634567,0.0174532925199431,-0.00698131700797738,13
0.912502522823112,-0.402461566268073,-0.0732381971276317,0.920060592405706,-0.384869682858438,-0.0732381971276317,5.86779694520494,5.88699556697687,-0.0733038285837618,-0.0733038285837618,0.457278040634567,0.0191986217719373,0,97
0.877942239237518,-0.45702780203467,-0.142628933705512,0.883460227149289,-0.446267872824558,-0.142628933705512,5.80321976288115,5.81543706764511,-0.143116998663535,-0.143116998663535,0.457556359588088,0.0122173047639595,0,12
0.781608170041591,-0.572050704523793,0.248689887164855,0.708186084393987,-0.653495310022779,0.267238376078257,5.65137611795764,5.53792971657801,0.251327412287183,0.270526034059121,0.458112997495129,-0.113446401379631,0.0191986217719376,45
0.643013253547176,-0.699271659972454,-0.312334918512233,0.639922331612972,-0.705736004018,-0.30403306092549,5.45589924173427,5.4489179247263,-0.317649923862968,-0.308923277602996,0.458112997495129,-0.00698131700797777,0.00872664625997166,91
0.40929647701417,-0.810269303648703,0.419452082446177,0.382036624984802,-0.830607194666478,0.405141586779863,5.18013721991917,5.14348530562729,0.432841654494594,0.417133691226645,0.459226273309212,-0.0366519142918813,-0.015707963267949,121
0.653433586190005,-0.720636841734401,-0.231747903494157,0.610297053274441,-0.75905644823142,-0.226651307436855,5.4489179247263,5.38957673015849,-0.23387411976724,-0.228638132011257,0.459782911216254,-0.0593411945678071,0.00523598775598302,2
0.162387869953073,-0.970391646481765,0.17880221511635,-0.0153864992762629,-0.979454401831774,0.201077921145965,4.87819525932415,4.69668101711674,0.179768912955416,0.202458193231342,0.459782911216254,-0.181514242207411,0.0226892802759263,134
-0.204981670842277,-0.940130832219767,-0.272280247040574,-0.222089247503418,-0.93223308398321,-0.285688367404974,4.49771348238939,4.47851486061745,-0.275762021815104,-0.289724655831059,0.460339549123295,-0.0191986217719373,-0.0139626340159546,8
0.953203123556238,0.275127944431217,-0.125333233564304,0.962848283407954,0.238280860287479,-0.12706460860135,0.280998009571087,0.242600766027212,-0.125663706143592,-0.127409035395586,0.460617868076816,-0.0383972435438751,-0.0017453292519943,49
-0.642290986384743,-0.718363375430547,0.267238376078257,-0.619523030472892,-0.74621909701252,0.243615011786023,3.98284135305106,4.01949326734294,0.270526034059121,0.2460914245312,0.461174505983858,0.0366519142918817,-0.0244346095279206,17
-0.709604321224355,-0.68286749643886,-0.17364817766693,-0.718760177786237,-0.67496073363377,-0.166768746716102,3.9077921952153,3.89557489045134,-0.174532925199433,-0.167551608191456,0.461174505983858,-0.01221730476396,0.00698131700797733,49
-0.536849560505848,-0.786992024895396,0.30403306092549,-0.502566674460198,-0.810557067618631,0.300705799504273,4.11374104695063,4.15737427825049,0.308923277602996,0.305432619099008,0.461731143890899,0.0436332312998582,-0.00349065850398866,20
-0.820528388261592,-0.524749796468753,0.226651307436855,-0.82425653088543,-0.52107334847915,0.221548497619467,3.71056998973994,3.70533400198396,0.228638132011257,0.223402144255274,0.461731143890899,-0.00523598775598266,-0.00523598775598297,29
-0.478247088952468,-0.873536179740246,-0.0906325801977802,-0.497440354414395,-0.8615919675808,-0.101056297182946,4.21147948506232,4.18879020478639,-0.0907571211037051,-0.101229096615671,0.46200946284442,-0.0226892802759275,-0.010471975511966,4
-0.516504027507698,-0.829798421287613,0.211324796455389,-0.517755271927044,-0.828581639257887,0.213030386274977,4.1556289489985,4.1538836197465,0.212930168743308,0.214675497995303,0.46228778179794,-0.00174532925199422,0.00174532925199439,77
-0.907765034943841,-0.00475309004457557,-0.419452082446177,-0.889938683129589,0.0575497530797098,-0.452434709311783,3.14682864134578,3.077015471266,-0.432841654494594,-0.469493568786475,0.462844419704982,-0.0698131700797728,-0.0366519142918809,189
-0.974096480454253,0.0595782930239474,0.218143241396543,-0.969237798698586,0.0779830216656318,0.233445363855905,3.08050612976999,3.06130750799805,0.219911485751285,0.235619449019234,0.462844419704982,-0.0191986217719373,0.015707963267949,22
-0.279489954866255,-0.90849629674576,-0.310676429630732,-0.276630580623574,-0.910498452145048,-0.307356617799807,4.41393767829366,4.41742833679765,-0.315904594610974,-0.312413936106985,0.463957695519065,0.00349065850398844,0.00349065850398872,16
-0.778933516332253,-0.606383198115284,0.159881187691835,-0.717218537986357,-0.680614979140104,0.14953534344371,3.80307244009564,3.90081087820733,0.160570291183478,0.150098315671512,0.463957695519065,0.0977384381116826,-0.010471975511966,103
-0.878515963986403,0.0230047501302264,-0.477158760259608,-0.874278706070172,0.02442081548326,-0.484809620246337,3.11541271480988,3.11366738555788,-0.497418836818384,-0.506145483078356,0.463957695519065,-0.00174532925199467,-0.00872664625997172,56
-0.941950118567176,0.300614629039332,0.14953534344371,-0.9514289174748,0.274615846159484,0.139173100960065,2.8326693759868,2.86059464401871,0.150098315671512,0.139626340159546,0.463957695519065,0.0279252680319093,-0.010471975511966,22
-0.79635886710756,-0.443247659261715,-0.411514358605109,-0.794325282808628,-0.443933395439278,-0.414693242656239,3.64948346592014,3.65122879517214,-0.424115008234622,-0.427605666738611,0.465070971333148,0.00174532925199467,-0.00349065850398855,15
-0.88776633151161,-0.356879777056059,-0.290702193598252,-0.894691675259368,-0.368765297793177,-0.252069358243114,3.52381975977655,3.53254640603652,-0.294960643587042,-0.254818070791172,0.465070971333148,0.00872664625997244,0.0401425727958696,55
-0.873039384306908,0.435281380121716,-0.219846204352837,-0.917540893575763,0.343054482908775,-0.201077921145965,2.6790804018113,2.78380015693096,-0.22165681500328,-0.202458193231342,0.465070971333148,0.10471975511966,0.0191986217719376,8
-0.853553605293511,0.436785447174195,0.284015344703923,-0.864967853372503,0.412568502629134,0.285688367404974,2.66860842629933,2.69653369433124,0.287979326579064,0.289724655831059,0.465070971333148,0.0279252680319089,0.00174532925199439,8
-0.745338628139015,0.62319982507383,-0.236838146065619,-0.84246139744801,0.480531497242836,-0.243615011786023,2.44520628204406,2.62322986574748,-0.239110107523223,-0.2460914245312,0.465349290286669,0.178023583703422,-0.00698131700797736,114
-0.849984541618302,-0.473095326795762,-0.231747903494157,-0.850733699971264,-0.477409486881916,-0.219846204352837,3.64948346592014,3.65297412442413,-0.23387411976724,-0.22165681500328,0.46590592819371,0.00349065850398933,0.0122173047639604,36
-0.484722453694918,0.816365653662338,-0.313992455967405,-0.496359033441896,0.809984326143774,-0.312334918512233,2.10661240715716,2.12057504117311,-0.319395253114962,-0.317649923862968,0.46590592819371,0.0139626340159547,0.00174532925199433,71
-0.788566462190407,0.589923084055422,-0.17364817766693,-0.769501288844913,0.616486781354441,-0.166768746716102,2.49931148885588,2.46615023306799,-0.174532925199433,-0.167551608191456,0.466740885054272,-0.0331612557878915,0.00698131700797733,68
-0.517988348841525,0.855300424035334,-0.0122170008352472,-0.543623173427404,0.837106278278558,-0.0610485395348569,2.11533905341713,2.14675497995303,-0.0122173047639603,-0.0610865238198015,0.466740885054272,0.0314159265358982,-0.0488692190558412,82
-0.156666072893939,0.956702685288015,-0.245307385878803,-0.19693369405087,0.950956839064258,-0.238533457578581,1.73311194723037,1.77499984927823,-0.247836753783195,-0.240855436775218,0.466740885054272,0.041887902047864,0.00698131700797727,60
-0.337007607964472,0.90618614915848,0.255445757935791,-0.375341071712393,0.892901125493592,0.248689887164855,1.92684349420174,1.9687313962496,0.258308729295161,0.251327412287183,0.467019204007793,0.041887902047864,-0.00698131700797733,61
-0.397148619160804,0.896216798600047,0.197657340379126,-0.346130630009614,0.916008133048576,0.202787295356512,1.98793001802154,1.93207948195772,0.198967534727354,0.204203522483337,0.467297522961314,-0.0558505360638186,0.005235987755983,32
-0.236108053102034,0.96855415829882,-0.0784590957278449,-0.226204062855195,0.972054048191273,-0.0627905195293134,1.80990643431812,1.79943445880615,-0.0785398163397448,-0.0628318530717959,0.468410798775397,-0.0104719755119662,0.015707963267949,23
0.248387771309949,0.94010998141593,0.233445363855905,0.262879126446709,0.928995137692048,0.260504508642648,1.31248759749974,1.29503430497979,0.235619449019234,0.263544717051144,0.468410798775397,-0.0174532925199431,0.0279252680319093,222
0.48430532488745,0.842232773557205,0.236838146065619,0.562287610951026,0.78539502447062,0.258819045102521,1.04894288044859,0.949459113084915,0.239110107523223,0.261799387799149,0.468410798775397,-0.0994837673636768,0.0226892802759263,6
0.834993239539092,0.385821042530364,0.392337116603562,0.873384330144623,0.309281612261494,0.376224263139366,0.432841654494594,0.340339204138894,0.40317105721069,0.385717764690747,0.468410798775397,-0.0925024503556995,-0.0174532925199433,26
-0.0835192355792162,0.974209728638757,0.209618562903822,-0.120718135893604,0.96918309463838,0.214735327167063,1.65631746014262,1.69471470368649,0.211184839491314,0.216420827247297,0.468689117728917,0.0383972435438751,0.00523598775598297,56
0.598148435951793,0.782345677409531,0.17364817766693,0.545960696952036,0.821736908895722,0.163325962241622,0.918043186549017,0.984365698124802,0.174532925199433,0.164060949687467,0.468967436682438,0.0663225115757848,-0.010471975511966,57
-0.575007856346957,0.754805703882559,-0.315649036947102,-0.57102639529495,0.755032236102573,-0.322265695230511,2.22180413778878,2.21831347928479,-0.321140582366957,-0.328121899374934,0.46952407458948,-0.00349065850398844,-0.00698131700797738,48
0.864917852547584,-0.0802360032632528,0.495458668432408,0.855201463393857,-0.11866900950364,0.504527623815019,6.19068285682389,6.14530429627203,0.518362787842316,0.528834763354282,0.46952407458948,-0.0453785605518524,0.0104719755119659,15
-0.481475363732686,0.84754991582772,0.223250116010951,-0.510890337809686,0.833697259692534,0.209618562903822,2.08741378538522,2.12057504117311,0.225147473507269,0.211184839491314,0.469802393543,0.0331612557878924,-0.0139626340159546,262
0.777467706285957,-0.573198628378219,-0.258819045102521,0.780608563263235,-0.573413996151157,-0.248689887164855,5.64788545945365,5.64963078870564,-0.261799387799149,-0.251327412287183,0.470080712496521,0.00174532925199422,0.0104719755119659,182
0.612944441487447,-0.727894924521599,-0.307356617799807,0.61743886497673,-0.725488212089297,-0.30403306092549,5.41226601043442,5.4175019981904,-0.312413936106985,-0.308923277602996,0.470359031450042,0.00523598775598177,0.00349065850398861,75
0.798189318641884,-0.457127332962281,0.392337116603562,0.7353070724592,-0.542115128336141,0.4067366430758,5.76307719008528,5.64788545945365,0.40317105721069,0.418879020478639,0.470915669357083,-0.115191730631625,0.0157079632679489,58
0.683999169507059,-0.5945914067298,0.422618261740699,0.68841441408291,-0.600542169761885,0.4067366430758,5.56760031386191,5.56585498460992,0.436332312998582,0.418879020478639,0.470915669357083,-0.00174532925199511,-0.0174532925199433,11
0.850930758908979,0.513314251404899,-0.111468932206325,0.863713274275783,0.492653353772055,-0.106264071336233,0.542797397370236,0.518362787842316,-0.111701072127637,-0.106465084371654,0.471750626217645,-0.0244346095279204,0.00523598775598301,52
0.288839598654476,-0.858269500793078,0.42419942274539,0.234378451834699,-0.874712290446434,0.42419942274539,5.03702022125564,4.97418836818384,0.438077642250577,0.438077642250577,0.471750626217645,-0.0628318530717964,0,54
0.247604516901573,-0.950568380577675,0.187381314585725,0.196011084487318,-0.97210665518776,0.128795596577563,4.96720705117586,4.91135651511204,0.188495559215388,0.12915436464758,0.471750626217645,-0.0558505360638186,-0.0593411945678072,11
0.749249651924391,-0.633165046332578,0.194234351219972,0.749351084148806,-0.61771736441565,0.238533457578581,5.58156294787787,5.59378025264183,0.195476876223365,0.240855436775218,0.472585583078208,0.0122173047639595,0.0453785605518526,55
0.166638669197795,-0.974876367499749,-0.147809411129611,0.178489456767642,-0.972512567982524,-0.14953534344371,4.88168591782814,4.8939032225921,-0.148352986419518,-0.150098315671512,0.472585583078208,0.0122173047639595,-0.00174532925199433,12
-0.0136468569823696,-0.977320619703479,0.211324796455389,-0.0170187028683953,-0.975000834335661,0.221548497619467,4.69842634636874,4.69493568786475,0.212930168743308,0.223402144255274,0.472585583078208,-0.00349065850398844,0.010471975511966,123
0.595611103067799,-0.801991030629611,-0.0453629881292538,0.661989380754417,-0.748242880897811,-0.043619387365336,5.35117948661461,5.43670061996234,-0.0453785605518526,-0.0436332312998582,0.472863902031728,0.0855211333477222,0.00174532925199433,209
0.812655897321108,0.509778083382433,-0.282341456842876,0.807897341379634,0.522652229367907,-0.272280247040574,0.56025068989018,0.574213323906134,-0.28623399732707,-0.275762021815104,0.47342053993877,0.0139626340159547,0.0104719755119659,45
-0.391098139653577,-0.908119720202509,0.14953534344371,-0.314590071082812,-0.940210614873415,0.130526192220052,4.30572726467001,4.38950306876574,0.150098315671512,0.130899693899575,0.47342053993877,0.0837758040957279,-0.0191986217719376,39
0.460208860742308,-0.83711681002917,0.295708050044047,0.40259566021116,-0.851697703842878,0.335451569750255,5.21504380495906,5.15395728113926,0.300196631343025,0.342084533390889,0.474533815752853,-0.0610865238198022,0.041887902047864,86
-0.223952713602113,-0.970045775948019,0.0941083133185143,-0.246203398881576,-0.9658944139582,0.0801989243288589,4.48549617762543,4.4628068973495,0.0942477796076938,0.0802851455917391,0.474533815752853,-0.0226892802759258,-0.0139626340159547,28
-0.853574676047435,-0.459602609700842,-0.245307385878803,-0.812372159246418,-0.533628767521917,-0.23514211310259,3.63552083190419,3.72278729450391,-0.247836753783195,-0.237364778271229,0.474533815752853,0.0872664625997164,0.010471975511966,82
-0.754385794012331,-0.648874148894257,-0.099319749743639,-0.700906122836916,-0.703357026878238,-0.118403968306501,3.85194165915149,3.92873614623924,-0.0994837673636768,-0.118682389135614,0.475090453659894,0.0767944870877497,-0.0191986217719376,53
-0.665050260452399,-0.713179089902918,0.221548497619467,-0.664518786277521,-0.712609153627593,0.224951054343865,3.96189740202713,3.96189740202713,0.223402144255274,0.226892802759263,0.476203729473977,0,0.00349065850398864,23
-0.800034932052901,0.539630375441134,0.262189178640865,-0.823382549728987,0.500624437230993,0.267238376078257,2.54818070791172,2.59530459771557,0.265290046303138,0.270526034059121,0.476203729473977,0.0471238898038466,0.005235987755983,38
-0.68905590771318,0.68665483707,-0.231747903494157,-0.70031177050116,0.683405632126663,-0.20620418539663,2.35793981944434,2.3684117949563,-0.23387411976724,-0.207694180987325,0.476203729473977,0.0104719755119658,0.026179938779915,32
-0.77787399215269,0.607741769302296,-0.159881187691835,-0.759723003887272,0.628497527825878,-0.166768746716102,2.47836753783195,2.45044226980004,-0.160570291183478,-0.167551608191456,0.476760367381019,-0.0279252680319093,-0.00698131700797733,24
-0.67799668402586,0.704542798228805,0.209618562903822,-0.683904178780953,0.700822650238947,0.202787295356512,2.33699586842041,2.34397718542838,0.211184839491314,0.204203522483337,0.476760367381019,0.00698131700797733,-0.00698131700797733,44
-0.681395586844671,0.725612600464213,-0.095845752520224,-0.685966502892931,0.720335790648837,-0.102792536787247,2.32477856365645,2.33175988066442,-0.0959931088596881,-0.102974425867665,0.477873643195102,0.00698131700797733,-0.00698131700797733,12
-0.504268206352227,0.806997822523067,-0.307356617799807,-0.471611952136134,0.820158321783172,-0.323917418198149,2.12930168743308,2.0926497731412,-0.312413936106985,-0.329867228626928,0.477873643195102,-0.0366519142918809,-0.0174532925199433,99
-0.46569080346778,0.864881678907387,0.187381314585725,-0.509624321344063,0.834898664459289,0.207911690817759,2.06472450510929,2.11882971192112,0.188495559215388,0.20943951023932,0.477873643195102,0.0541052068118244,0.0209439510239319,172
-0.43573776116482,0.897366501417261,-0.0697564737441253,-0.447871687509437,0.890493730502322,-0.0801989243288589,2.02283660306143,2.03679923707738,-0.0698131700797732,-0.0802851455917391,0.477873643195102,0.0139626340159542,-0.010471975511966,6
-0.839165461517625,-0.52436877808321,-0.144356201000973,-0.825360365973085,-0.546294109020777,-0.142628933705512,3.70009801422798,3.72627795300789,-0.144862327915529,-0.143116998663535,0.478708600055664,0.0261799387799151,0.00174532925199436,16
-0.245915522824442,0.930752896461593,0.270600445975864,-0.339693481938171,0.903739862629493,0.260504508642648,1.82910505609006,1.93033415270573,0.27401669256311,0.263544717051144,0.478708600055664,0.101229096615671,-0.010471975511966,16
0.0948467728892589,0.967322219489526,0.23514211310259,-0.131854344968525,0.962560192549599,0.236838146065619,1.47305788868321,1.70693200845045,0.237364778271229,0.239110107523223,0.478708600055664,0.23387411976724,0.0017453292519943,10
0.268582435110361,0.924466805346656,0.270600445975864,0.217286033041695,0.941169209939011,0.258819045102521,1.28805298797181,1.34390352403563,0.27401669256311,0.261799387799149,0.479265237962705,0.0558505360638186,-0.0122173047639603,23
0.421054386884278,0.886738479242273,0.190808995376545,0.430606388578225,0.882873932710523,0.187381314585725,1.12748269678834,1.11701072127637,0.191986217719376,0.188495559215388,0.479265237962705,-0.0104719755119662,-0.00349065850398864,52
0.658011385289897,0.75164035025859,-0.0453629881292538,0.638550424428811,0.766412023543844,-0.0697564737441253,0.851720674973233,0.876155284501153,-0.0453785605518526,-0.0698131700797732,0.479543556916226,0.0244346095279209,-0.0244346095279206,17
0.758956877725277,0.63684043617874,-0.135715572434304,0.741847728987975,0.656331428289112,-0.137444546037147,0.698131700797732,0.724311639577647,-0.136135681655558,-0.137881010907552,0.479821875869747,0.0261799387799151,-0.00174532925199436,86
0.626244714069521,0.748980274518834,0.216439613938103,0.623953556379355,0.754230285962235,0.20449605184179,0.874409955249159,0.879645943005142,0.218166156499291,0.205948851735331,0.480378513776788,0.00523598775598266,-0.0122173047639603,41
-0.5453096715321,0.833320525092383,-0.0906325801977802,-0.558057923844648,0.824248109101885,-0.095845752520224,2.15024563845701,2.16595360172496,-0.0907571211037051,-0.0959931088596881,0.48093515168383,0.0157079632679489,-0.00523598775598298,20
0.213533305081843,0.955293092407741,0.20449605184179,0.207401889748237,0.951230958415761,0.228350870110656,1.35088484104361,1.35612082879959,0.205948851735331,0.230383461263251,0.48093515168383,0.00523598775598266,0.0244346095279206,19
0.348933404202565,0.89037310477638,0.292371704722737,0.364028284973235,0.88319882069588,0.295708050044047,1.19729586686811,1.17984257434817,0.296705972839036,0.300196631343025,0.481491789590871,-0.0174532925199431,0.00349065850398866,11
0.831950921678818,-0.377389675398246,-0.4067366430758,0.789739785177744,-0.45779614112849,-0.408330460381385,5.85732496969297,5.75784120232929,-0.418879020478639,-0.420624349730633,0.481770108544392,-0.0994837673636777,-0.00174532925199433,46
0.683413091434387,-0.72522035616173,-0.0836778433323155,0.764245856799151,-0.639008722062098,-0.0871557427476582,5.46811654649823,5.58679893563385,-0.0837758040957278,-0.0872664625997165,0.482605065404954,0.118682389135615,-0.00349065850398866,36
0.953876554619152,-0.21321667137207,-0.211324796455389,0.961811070916992,-0.179998049396154,-0.20620418539663,6.0632738214283,6.09818040646819,-0.212930168743308,-0.207694180987325,0.482883384358475,0.0349065850398871,0.00523598775598297,45
0.382243586843081,-0.913782707804201,0.137444546037147,0.401582636818368,-0.90622272816464,0.132256390257122,5.1085787205874,5.12952267161133,0.137881010907552,0.132645023151569,0.483161703311996,0.0209439510239315,-0.00523598775598302,156
-0.0170959453919112,-0.979426055544151,0.201077921145965,-0.0307129136804571,-0.977300759755866,0.209618562903822,4.69493568786475,4.68097305384879,0.202458193231342,0.211184839491314,0.483440022265516,-0.0139626340159547,0.00872664625997166,147
-0.180953591165372,-0.976338208887488,0.118403968306501,-0.249855065111808,-0.959208368225658,0.132256390257122,4.52912940892528,4.45757090959352,0.118682389135614,0.132645023151569,0.483718341219037,-0.0715584993317675,0.0139626340159546,66
-0.184307336522476,-0.948179048279496,-0.258819045102521,-0.194496188919702,-0.947511550354826,-0.253757944584806,4.52040276266531,4.50993078715335,-0.261799387799149,-0.256563400043166,0.483996660172558,-0.0104719755119662,0.005235987755983,27
0.623472995396447,-0.654711142880977,-0.427357863387192,0.671543306368814,-0.59622404723202,-0.439939169855915,5.47335253425422,5.55712833834995,-0.441568300754565,-0.45553093477052,0.484274979126078,0.083775804095727,-0.0139626340159546,80
-0.752575158007675,-0.613785321725219,0.238533457578581,-0.810649989529441,-0.544734186316933,0.214735327167063,3.82576172037157,3.73325927001587,0.240855436775218,0.216420827247297,0.484553298079599,-0.0925024503556986,-0.0244346095279206,16
0.638905786678784,-0.761418266603671,0.109734311091045,0.641803070236405,-0.759471372849677,0.106264071336233,5.41052068118242,5.41401133968641,0.109955742875643,0.106465084371654,0.485666573893682,0.00349065850398844,-0.00349065850398866,57
0.122422240711358,-0.942599040446738,-0.310676429630732,0.0760988354553466,-0.945819566681038,-0.315649036947102,4.84154334503227,4.79267412597643,-0.315904594610974,-0.321140582366957,0.485666573893682,-0.04886921905584,-0.00523598775598294,196
-0.773252422627541,-0.606307346839788,0.185666615385577,-0.723484841939514,-0.662951714598245,0.192521966525907,3.80656309859963,3.88335758568738,0.186750229963393,0.193731546971371,0.485666573893682,0.0767944870877506,0.00698131700797733,4
-0.836229192148749,-0.4750442976099,0.273959218692432,-0.833686255497668,-0.483271018937958,0.267238376078257,3.65821011218011,3.66693675844009,0.277507351067098,0.270526034059121,0.485666573893682,0.00872664625997155,-0.00698131700797733,33
0.929407146983321,-0.291258544893516,0.226651307436855,0.935681420725895,-0.271840582065948,0.224951054343865,5.97949801733257,6.00044196835651,0.228638132011257,0.226892802759263,0.487336487614807,0.0209439510239324,-0.00174532925199433,15
0.333814407608731,-0.892827189572762,0.302369890750444,0.323536117201893,-0.893758656986227,0.310676429630732,5.07018147704353,5.05970950153156,0.307177948351002,0.315904594610974,0.487336487614807,-0.0104719755119662,0.00872664625997166,7
0.182768884782495,-0.976616898864637,-0.113203213767907,0.19792398063798,-0.972827445050372,-0.120136838834647,4.89739388109609,4.91310184436404,-0.113446401379631,-0.120427718387609,0.487336487614807,0.0157079632679489,-0.00698131700797734,27
0.139820985494043,-0.958438016794725,0.248689887164855,0.153610512276272,-0.948419945795112,0.277314653302378,4.85725130830022,4.87295927156817,0.251327412287183,0.280998009571087,0.487336487614807,0.015707963267948,0.0296705972839036,63
-0.788454534693414,-0.521866672172838,-0.325568154457157,-0.755006371333497,-0.587756423940214,-0.290702193598252,3.72627795300789,3.80307244009564,-0.331612557878923,-0.294960643587042,0.487336487614807,0.0767944870877506,0.036651914291881,13
-0.924466805346657,-0.259855899611986,-0.278991106039229,-0.935205544523074,-0.215909212394639,-0.280666708920788,3.4156093461529,3.36848545634906,-0.282743338823081,-0.284488668075076,0.487336487614807,-0.0471238898038462,-0.00174532925199433,3
0.426261817243422,-0.866278398747878,0.260504508642648,0.468142497529704,-0.824079826848558,0.31895930929807,5.1696652444072,5.22900643897501,0.263544717051144,0.324631240870945,0.487893125521848,0.059341194567808,0.0610865238198016,16
-0.559793182280196,-0.793557422426518,0.238533457578581,-0.63057803472476,-0.756843264223031,0.17192910027941,4.09803308368269,4.01774793809095,0.240855436775218,0.172787595947439,0.487893125521848,-0.0802851455917395,-0.0680678408277789,10
-0.949150303332449,-0.234890952933603,-0.209618562903822,-0.891811174152124,-0.417754880342964,-0.17364817766693,3.38419341961701,3.57967029584037,-0.211184839491314,-0.174532925199433,0.488171444475369,0.195476876223365,0.0366519142918809,24
-0.636923228414243,-0.709862538278274,0.300705799504273,-0.622262678602118,-0.703340012466401,0.343659694585616,3.98109602379907,3.98807734080704,0.305432619099008,0.35081117965086,0.48872808238241,0.00698131700797688,0.0453785605518526,31
-0.946045372756012,0.249955969346305,-0.20620418539663,-0.967432836540204,0.200345709100157,-0.154710386299468,2.88328392429463,2.93738913110646,-0.207694180987325,-0.155334303427495,0.48872808238241,0.0541052068118248,0.0523598775598299,15
-0.82701807869558,0.557830737662829,-0.0697564737441253,-0.842297381001725,0.532478300490158,-0.0836778433323155,2.54818070791172,2.57785130519562,-0.0698131700797732,-0.0837758040957278,0.489284720289452,0.0296705972839035,-0.0139626340159546,22
-0.702623897057256,0.495646636480444,-0.510542917911606,-0.651243171388044,0.550343148944561,-0.522498564715949,2.52723675688779,2.43997029428807,-0.535816080362259,-0.549778714378214,0.489284720289452,-0.0872664625997164,-0.0139626340159547,13
-0.964428642077289,0.14930144196881,-0.218143241396543,-0.963774337556016,0.140599470502653,-0.226651307436855,2.98800367941429,2.99673032567426,-0.219911485751285,-0.228638132011257,0.489841358196493,0.00872664625997155,-0.00872664625997166,10
-0.691205543377978,0.693622526771979,-0.202787295356512,-0.685617392286583,0.700129429548827,-0.199367934417197,2.35444916094035,2.34572251468038,-0.204203522483337,-0.200712863979348,0.489841358196493,-0.00872664625997155,0.00349065850398869,35
-0.419181066513077,0.890805110479693,-0.175366726091987,-0.410465499094102,0.892415999967255,-0.187381314585725,2.01061929829747,2.0018926520375,-0.176278254451427,-0.188495559215388,0.490119677150014,-0.00872664625997155,-0.0122173047639603,232
-0.752413762902575,0.658688456877516,0.00174532836589831,-0.770438136234105,0.637361856213796,0.0139621803391453,2.42251700176813,2.45044226980004,0.00174532925199433,0.0139626340159546,0.490676315057055,0.0279252680319089,0.0122173047639603,21
-0.279183277287403,0.924699626676298,0.258819045102521,-0.332439270804939,0.918353347297833,0.214735327167063,1.86401164112994,1.91811684794177,0.261799387799149,0.216420827247297,0.490676315057055,0.0541052068118244,-0.0453785605518525,49
-0.105588328639344,0.956407116204534,-0.272280247040574,0.0396884217530356,0.946937056087072,-0.31895930929807,1.68075206967054,1.52890842474703,-0.275762021815104,-0.324631240870945,0.490954634010576,-0.151843644923507,-0.0488692190558412,325
-0.508697101551226,0.846614148842883,-0.156434465040231,-0.555182894407357,0.820001708368116,-0.139173100960065,2.11184839491314,2.16595360172496,-0.15707963267949,-0.139626340159546,0.491511271917618,0.054105206811824,0.0174532925199433,73
0.175023657415746,0.963092977923697,0.20449605184179,0.184684277127546,0.959051853159322,0.214735327167063,1.39102741383948,1.38055543832751,0.205948851735331,0.216420827247297,0.491511271917618,-0.0104719755119662,0.010471975511966,12
0.616667829410798,0.769727273759631,0.165047605860678,0.6060157602881,0.78127081050274,0.14953534344371,0.895353906273091,0.91106186954104,0.165806278939461,0.150098315671512,0.491789590871138,0.0157079632679489,-0.015707963267949,68
0.913738664261916,0.236308886083995,-0.330514392713223,0.86746717778576,0.411903700172038,-0.278991106039229,0.253072741539178,0.44331363000656,-0.336848545634906,-0.282743338823081,0.49234622877818,0.190240888467382,0.0541052068118242,13
0.974145506101676,0.0442356885836128,-0.221548497619467,0.975149415935323,0.0545193164617154,-0.214735327167063,0.0453785605518526,0.0558505360638185,-0.223402144255274,-0.216420827247297,0.49234622877818,0.0104719755119658,0.00698131700797733,99
0.959265790940356,-0.163970304479981,-0.230049737188104,0.955776767208614,-0.178868760152336,-0.233445363855905,6.11388836973614,6.09818040646819,-0.232128790515246,-0.235619449019234,0.492902866685221,-0.0157079632679489,-0.00349065850398864,17
0.137973700357989,0.969453748691248,-0.202787295356512,0.133758128381789,0.963942882909296,-0.230049737188104,1.42942465738336,1.43291531588734,-0.204203522483337,-0.232128790515246,0.493459504592263,0.00349065850398844,-0.0279252680319093,33
0.836412515592059,-0.545250459276526,-0.0558215049931638,0.852772750814094,-0.518493959585069,-0.0627905195293134,5.70548132476946,5.73689725130536,-0.0558505360638185,-0.0628318530717959,0.493459504592263,0.0314159265358978,-0.00698131700797732,17
0.78623756236113,-0.558749952156061,0.263873049965373,0.829365879572582,-0.500305484501948,0.248689887164855,5.66533875197359,5.74038790980935,0.267035375555132,0.251327412287183,0.494016142499304,0.0750491578357551,-0.015707963267949,248
0.913432755806601,-0.0143493483819649,-0.4067366430758,0.91495409360242,0.00319380525945263,-0.40354529635239,6.26747734391164,0.00349065850398866,-0.418879020478639,-0.41538836197465,0.494851099359866,0.0191986217719373,0.00349065850398866,25
0.544815740001052,-0.820013610147346,-0.175366726091987,0.56446319111965,-0.809139009026799,-0.163325962241622,5.29881960905478,5.32150888933071,-0.176278254451427,-0.164060949687467,0.494851099359866,0.0226892802759258,0.0122173047639603,17
0.447868145802482,-0.849457524968997,0.278991106039229,0.443839379911942,-0.859923045088505,0.252069358243114,5.19759051243911,5.18886386617914,0.282743338823081,0.254818070791172,0.494851099359866,-0.00872664625997199,-0.0279252680319093,6
0.543245185500143,0.836524227912623,-0.0714974443326859,0.553624584381276,0.830125044613419,-0.0662739004000001,0.994837673636768,0.982620368872807,-0.0715584993317675,-0.0663225115757845,0.495686056220429,-0.0122173047639604,0.00523598775598298,17
0.405933691054979,-0.903243425902254,0.139173100960065,0.388707151011772,-0.911311162090721,0.135715572434304,5.13475865936732,5.11556003759538,0.139626340159546,0.136135681655558,0.495686056220429,-0.0191986217719364,-0.00349065850398866,14
0.358782847460252,-0.87480297505877,0.325568154457157,0.360658478995358,-0.866426347300867,0.345298198998535,5.10159740357942,5.10683339133541,0.331612557878923,0.352556508902855,0.495686056220429,0.00523598775598355,0.0209439510239319,135
0.301847764779501,-0.940145708206949,-0.158158067254484,0.312099999452789,-0.938207211335929,-0.14953534344371,5.02305758723968,5.03352956275165,-0.158824961931484,-0.150098315671512,0.496521013080991,0.0104719755119653,0.00872664625997166,98
0.239732205715451,-0.920346112465456,-0.309016994374947,0.200638211032765,-0.943928568736639,-0.262189178640865,4.96720705117586,4.92182849062401,-0.314159265358979,-0.265290046303138,0.496521013080991,-0.0453785605518524,0.0488692190558412,20
0.114886864421917,-0.963470188855246,0.241921895599668,0.108297542992132,-0.965494347342369,0.236838146065619,4.8310713695203,4.82409005251233,0.244346095279206,0.239110107523223,0.496521013080991,-0.00698131700797866,-0.00523598775598302,22
0.081601282390517,-0.992535624609473,0.0906325801977802,0.223877452937816,-0.969719786196338,0.0975828997591495,4.79441945522842,4.93928178314395,0.0907571211037051,0.0977384381116825,0.497355969941553,0.14486232791553,0.00698131700797731,49
-0.0242364664383518,-0.925553312084714,-0.377840786818467,-0.0162380255528111,-0.930275860879842,-0.366501226724297,4.68620904160477,4.69493568786475,-0.387463093942741,-0.375245789178781,0.497355969941553,0.00872664625997199,0.0122173047639603,50
-0.0615080388403995,-0.977642281606941,0.201077921145965,-0.108655589472658,-0.968686403629909,0.223250116010951,4.64955712731289,4.60068790825705,0.202458193231342,0.225147473507269,0.497355969941553,-0.0488692190558409,0.0226892802759263,110
0.805686909636976,-0.446599546648786,-0.389123950140206,0.782162138411245,-0.477433808361648,-0.400349032556895,5.77703982410123,5.73515192205337,-0.399680398706701,-0.411897703470662,0.497634288895074,-0.0418879020478631,-0.0122173047639604,64
-0.469017527893837,-0.815646479742448,0.338737920245291,-0.479036488398861,-0.816497926794725,0.322265695230511,4.19053553403839,4.18180888777841,0.345575191894877,0.328121899374934,0.497912607848594,-0.00872664625997199,-0.0174532925199433,138
-0.715993816700629,-0.626805204143305,-0.307356617799807,-0.751681800383998,-0.572628079611166,-0.327217898979104,3.86066830541146,3.79260046458368,-0.312413936106985,-0.333357887130917,0.498469245755636,-0.0680678408277791,-0.020943951023932,19
-0.751081684061185,-0.636963589430957,-0.17364817766693,-0.737803265426217,-0.652753189194449,-0.17192910027941,3.84496034214351,3.86590429316744,-0.174532925199433,-0.172787595947439,0.499025883662677,0.020943951023932,0.00174532925199433,19
-0.441710200183561,-0.870658367312991,-0.216439613938103,-0.393096364023684,-0.878777928278256,-0.270600445975864,4.24289541159821,4.29176463065406,-0.218166156499291,-0.27401669256311,0.49986084052324,0.0488692190558409,-0.0558505360638185,7
-0.691454320032651,-0.693872173340164,0.201077921145965,-0.652242370894447,-0.739823747530214,0.165047605860678,3.92873614623924,3.98982267005904,0.202458193231342,0.165806278939461,0.49986084052324,0.0610865238198022,-0.0366519142918809,1
-0.691062900598047,-0.602852591806872,0.398749068925246,-0.687875671544863,-0.608580985489126,0.395545502562965,3.85892297615946,3.86590429316744,0.410152374218667,0.406661715714679,0.49986084052324,0.00698131700797777,-0.00349065850398866,10
-0.981814465060955,0.134491852222078,-0.133986185418292,-0.980467852331829,0.116913713079937,-0.158158067254484,3.00545697193423,3.02291026445418,-0.134390352403563,-0.158824961931484,0.50013915947676,0.0174532925199435,-0.0244346095279206,87
-0.891651786183097,-0.296613070777371,-0.342020143325669,-0.886120066931541,-0.333070636140198,-0.322265695230511,3.46273323595675,3.50113047950062,-0.349065850398866,-0.328121899374934,0.500974116337323,0.0383972435438751,0.0209439510239319,55
-0.820728320631398,0.53911773960242,-0.189095442989891,-0.784954778260543,0.576606608462916,-0.226651307436855,2.56039801267568,2.50803813511585,-0.190240888467382,-0.228638132011257,0.502087392151406,-0.0523598775598297,-0.0383972435438752,10
-0.906089327745465,-0.333375960624973,-0.260504508642648,-0.865996849233887,-0.420505476485913,-0.270600445975864,3.49414916249265,3.59363292985632,-0.263544717051144,-0.27401669256311,0.502365711104926,0.0994837673636773,-0.010471975511966,18
-0.422544430344271,0.877982475642093,-0.224951054343865,-0.434408777351851,0.871289213911992,-0.228350870110656,2.01934594455744,2.03330857857339,-0.226892802759263,-0.230383461263251,0.502922349011968,0.0139626340159547,-0.00349065850398866,31
-0.334041592618059,0.917771732876778,-0.214735327167063,-0.339909806874837,0.913989926855252,-0.221548497619467,1.91986217719376,1.92684349420174,-0.216420827247297,-0.223402144255274,0.502922349011968,0.00698131700797777,-0.00698131700797733,178
-0.438142182508836,0.841663301671613,0.315649036947102,-0.479883788849134,0.817942115447937,0.317304656405092,2.05076187109334,2.10137641940117,0.321140582366957,0.322885911618951,0.50375730587253,0.0506145483078355,0.00174532925199439,29
-0.16562982449875,0.979262324579687,-0.116670737099333,-0.222400581918477,0.971051933558874,-0.0871557427476582,1.73834793498635,1.79594380030217,-0.11693705988362,-0.0872664625997165,0.504035624826051,0.0575958653158128,0.0296705972839036,8
-0.977599186578014,-0.0958544383225482,0.187381314585725,-0.976579440124257,-0.102642635230443,0.189095442989891,3.23933109170148,3.24631240870945,0.188495559215388,0.190240888467382,0.504592262733092,0.00698131700797733,0.0017453292519943,19
0.56272932879675,0.812684358635071,0.151260820247219,0.55876132866331,0.816050338871279,0.147809411129611,0.965167076352864,0.970403064108847,0.151843644923507,0.148352986419518,0.504592262733092,0.00523598775598266,-0.00349065850398866,10
-0.667046746339527,0.700468089036143,0.253757944584806,-0.6805581501451,0.678186690620556,0.277314653302378,2.33175988066442,2.35793981944434,0.256563400043166,0.280998009571087,0.504870581686613,0.0261799387799146,0.0244346095279206,209
0.968106673384383,-0.223505036500839,-0.113203213767907,0.942683103953068,-0.300848554515349,-0.144356201000973,6.05629250442032,5.97426202957659,-0.113446401379631,-0.144862327915529,0.506262176454217,-0.0820304748437328,-0.0314159265358979,38
0.828902362286578,-0.416894456481387,-0.372987782575809,0.848335831610148,-0.374160683364306,-0.374606593415912,5.8171823968971,5.86779694520494,-0.382227106186758,-0.383972435438752,0.506262176454217,0.0506145483078351,-0.00174532925199433,22
0.828119289052258,-0.493658172792586,0.265556117486809,0.822904400933504,-0.502302991619205,0.265556117486809,5.74562389756533,5.73515192205337,0.268780704807127,0.268780704807127,0.506262176454217,-0.0104719755119653,0,31
0.826707504237854,0.538923841968057,0.161603821103361,0.785688661796166,0.600704340509096,0.147809411129611,0.577703982410123,0.652753140245879,0.162315620435473,0.148352986419518,0.507097133314779,0.0750491578357559,-0.0139626340159547,7
0.702921197254766,-0.657782022472179,-0.270600445975864,0.68469529773071,-0.670503173739644,-0.285688367404974,5.53094839957003,5.5082591192941,-0.27401669256311,-0.289724655831059,0.507097133314779,-0.0226892802759258,-0.015707963267949,10
0.637686895044237,-0.622292575911907,-0.453990499739547,0.623337276008834,-0.643234170243679,-0.444635179184927,5.5100044485461,5.48207918051419,-0.471238898038469,-0.460766922526503,0.507375452268299,-0.0279252680319093,0.010471975511966,10
0.45323770023549,-0.889529071973166,-0.0575640269595673,0.521573578800599,-0.847805752292922,-0.095845752520224,5.18362787842316,5.2639130240149,-0.0575958653158129,-0.0959931088596881,0.50765377122182,0.0802851455917395,-0.0383972435438752,40
0.939683614235566,-0.213490879168737,-0.267238376078257,0.940213141081925,-0.215337555569927,-0.263873049965373,6.05978316292431,6.05803783367232,-0.270526034059121,-0.267035375555132,0.508488728082382,-0.00174532925199333,0.00349065850398861,7
0.308234646782508,-0.915900720169673,0.257132793154696,0.242073243958713,-0.936027782339774,0.255445757935791,5.03702022125564,4.96546172192387,0.260054058547155,0.258308729295161,0.508488728082382,-0.0715584993317684,-0.00174532925199433,5
0.294765546325903,-0.940598002162982,-0.168489379565003,0.248391136578429,-0.953588260027841,-0.170209499166033,5.0160762702317,4.96720705117586,-0.16929693744345,-0.171042266695444,0.508488728082382,-0.0488692190558409,-0.00174532925199436,758
0.447611988830525,-0.886121124570451,-0.120136838834647,0.46040873677642,-0.880680686885277,-0.111468932206325,5.18013721991917,5.19409985393512,-0.120427718387609,-0.111701072127637,0.509323684942945,0.0139626340159547,0.00872664625997166,32
0.0219646884649595,-0.967898448201223,0.250380004054441,-0.0879785393659422,-0.966721399483107,0.240228042477264,4.73507826066062,4.62163185928098,0.253072741539178,0.242600766027212,0.509323684942945,-0.113446401379631,-0.010471975511966,34
-0.0656607237009202,-0.988569649929584,-0.135715572434304,0.0658736693633257,-0.991775700778147,-0.109734311091045,4.6460664688089,4.77871149196047,-0.136135681655558,-0.109955742875643,0.509323684942945,0.13264502315157,0.026179938779915,39
0.673960833294936,-0.621913157294204,-0.398749068925246,0.705152853368156,-0.593793839344457,-0.387515586452103,5.53792971657801,5.58330827712986,-0.410152374218667,-0.397935069454707,0.510715279710548,0.0453785605518515,0.0122173047639603,10
0.0723164070253682,-0.984762084483997,-0.158158067254484,0.0290498629136132,-0.978791815610802,-0.202787295356512,4.78569280896845,4.74205957766859,-0.158824961931484,-0.204203522483337,0.510715279710548,-0.0436332312998582,-0.0453785605518526,24
-0.187283955943665,-0.937264640847702,0.294040325232304,-0.185063992048075,-0.943279050401016,0.275637355816999,4.51516677490933,4.51865743341332,0.29845130209103,0.279252680319093,0.510715279710548,0.00349065850398844,-0.0191986217719376,9
-0.401477973716907,-0.872875718349381,0.277314653302378,-0.344657261096163,-0.89786286194893,0.273959218692432,4.28129265514209,4.34586983746588,0.280998009571087,0.277507351067098,0.510715279710548,0.0645771823237897,-0.00349065850398866,4
0.802348844862159,-0.453947135033412,-0.387515586452103,0.815767931515291,-0.403177623891154,-0.414693242656239,5.76831317784126,5.82416371390508,-0.397935069454707,-0.427605666738611,0.512385193431673,0.0558505360638186,-0.0296705972839035,77
-0.159451823120908,-0.984485288150571,0.0732381971276317,-0.186990740397467,-0.980239789131798,0.064532308252958,4.55181868920121,4.5238934211693,0.0733038285837618,0.0645771823237902,0.512385193431673,-0.0279252680319093,-0.00872664625997165,6
-0.45226463686511,-0.799375039417345,0.395545502562965,-0.444624810417226,-0.812123831553937,0.377840786818467,4.19751685104636,4.21147948506232,0.406661715714679,0.387463093942741,0.512385193431673,0.0139626340159555,-0.0191986217719377,15
-0.660496991430392,-0.736135926506048,-0.147809411129611,-0.682450426521623,-0.711652724620089,-0.166768746716102,3.98109602379907,3.94793476801117,-0.148352986419518,-0.167551608191456,0.512385193431673,-0.0331612557878929,-0.0191986217719376,76
-0.671419541361946,-0.735298221167501,-0.0923705874465616,-0.639148110330011,-0.76170705668559,-0.106264071336233,3.97236937753909,4.01425727958696,-0.0925024503556995,-0.106465084371654,0.512385193431673,0.0418879020478635,-0.0139626340159546,33
-0.692880588900156,-0.717498853643173,0.0714974443326859,-0.595175416589545,-0.80140437828897,0.0593063735759616,3.94444410950718,4.07359847415476,0.0715584993317675,0.0593411945678072,0.512663512385193,0.12915436464758,-0.0122173047639603,9
0.714757678022219,-0.641315386108343,0.278991106039229,0.756450493803813,-0.593132951792581,0.275637355816999,5.55189235059396,5.61821486216975,0.282743338823081,0.279252680319093,0.514333426106318,0.0663225115757839,-0.00349065850398866,29
0.225131988104716,-0.889712954214089,0.397147890634781,0.184260312676017,-0.897646249534467,0.400349032556895,4.96022573416788,4.91484717361603,0.408407044966673,0.411897703470662,0.514333426106318,-0.0453785605518524,0.00349065850398866,67
0.173203774286634,-0.982287416200961,-0.0714974443326859,0.140558003618254,-0.987612009844775,-0.0697564737441253,4.88692190558412,4.85376064979623,-0.0715584993317675,-0.0698131700797732,0.514333426106318,-0.033161255787892,0.00174532925199432,42
-0.600236356523976,-0.782243249523805,0.166768746716102,-0.655569909036665,-0.738386159220218,0.158158067254484,4.05789051088682,3.98633201155505,0.167551608191456,0.158824961931484,0.514333426106318,-0.0715584993317671,-0.00872664625997163,3
-0.969771107815759,-0.098505756922592,0.223250116010951,-0.969242041852927,-0.103582093075328,0.223250116010951,3.24282175020546,3.24805773796145,0.225147473507269,0.225147473507269,0.514333426106318,0.00523598775598266,0,24
-0.0128427136254289,-0.919731836810023,-0.392337116603562,-0.00320597616084233,-0.918440785853431,-0.395545502562965,4.69842634636874,4.7088983218807,-0.40317105721069,-0.406661715714679,0.514890064013359,0.0104719755119662,-0.00349065850398861,7
-0.968872276657937,0.113816334308025,-0.219846204352837,-0.970400112044006,0.107133169762244,-0.216439613938103,3.02465559370617,3.03163691071415,-0.22165681500328,-0.218166156499291,0.514890064013359,0.00698131700797688,0.00349065850398864,37
-0.488513043013482,-0.78178429062139,0.387515586452103,-0.49015105414261,-0.778346665090878,0.392337116603562,4.1538836197465,4.15039296124252,0.397935069454707,0.40317105721069,0.515725020873921,-0.00349065850398844,0.00523598775598305,32
-0.890685018909139,-0.422928341695811,-0.166768746716102,-0.877838158236869,-0.441506597770142,-0.185666615385577,3.58490628359635,3.60759556387228,-0.167551608191456,-0.186750229963393,0.515725020873921,0.0226892802759253,-0.0191986217719376,33
-0.765004904100408,0.61069539173261,0.20449605184179,-0.783695167213113,0.590556667299428,0.192521966525907,2.46789556231998,2.49582083035189,0.205948851735331,0.193731546971371,0.515725020873921,0.0279252680319089,-0.0122173047639603,31
-0.963442237740389,-0.164684197605236,-0.211324796455389,-0.948190599886593,-0.241690753260472,-0.20620418539663,3.31088959103324,3.39117473662498,-0.212930168743308,-0.207694180987325,0.516838296688004,0.080285145591739,0.00523598775598297,33
-0.72360739550169,0.686677778543944,-0.0697564737441253,-0.699448301836484,0.711763762950605,-0.064532308252958,2.38237442897226,2.34746784393237,-0.0698131700797732,-0.0645771823237902,0.516838296688004,-0.0349065850398862,0.00523598775598298,6
-0.611326960789104,0.779654173599543,-0.135715572434304,-0.64446804035544,0.754575125423565,-0.123601476740493,2.23576677180474,2.2776546738526,-0.136135681655558,-0.123918376891597,0.516838296688004,0.041887902047864,0.0122173047639603,62
-0.515277566147211,0.778499481415437,-0.3583679495453,-0.498740603164008,0.801260286651604,-0.330514392713223,2.155481626213,2.12755635818109,-0.366519142918809,-0.336848545634906,0.516838296688004,-0.0279252680319093,0.0296705972839036,66
-0.989429334062361,-0.0138159375172159,-0.144356201000973,-0.988798955839442,-0.0207123854818255,-0.147809411129611,3.15555528760575,3.16253660461372,-0.144862327915529,-0.148352986419518,0.517394934595046,0.00698131700797688,-0.00349065850398864,9
-0.396210280283543,0.761112866946922,-0.51354125205817,-0.418267648861741,0.767157136226999,-0.486335380423491,2.05076187109334,2.06996049286527,-0.539306738866248,-0.50789081233035,0.517394934595046,0.0191986217719378,0.0314159265358979,3
-0.883773220002072,-0.339248754286238,-0.322265695230511,-0.92549099048406,-0.232467268878191,-0.299040792256087,3.5081117965086,3.38768407812099,-0.328121899374934,-0.303687289847013,0.518508210409129,-0.120427718387609,0.0244346095279206,15
-0.851858575262414,0.472192918825616,-0.226651307436855,-0.866055151738352,0.439374855633624,-0.238533457578581,2.63544717051144,2.67209908480332,-0.228638132011257,-0.240855436775218,0.518508210409129,0.0366519142918809,-0.0122173047639604,217
0.224445552493246,0.964497300118129,0.139173100960065,0.219703256158524,0.967027493681318,0.128795596577563,1.34215819478364,1.34739418253962,0.139626340159546,0.12915436464758,0.518508210409129,0.00523598775598266,-0.010471975511966,48
-0.533744608203892,0.748282343157387,0.393941909590951,-0.464865787293696,0.773666591839619,0.430511096808295,2.19038821125288,2.11184839491314,0.404916386462684,0.445058959258554,0.519621486223212,-0.0785398163397448,0.0401425727958695,15
-0.345439487214846,0.909375868328826,0.231747903494157,-0.383533532135316,0.894850775184061,0.228350870110656,1.93382481120972,1.97571271325758,0.23387411976724,0.230383461263251,0.519621486223212,0.041887902047864,-0.00349065850398869,112
-0.324267440534278,0.936428496536924,0.133986185418292,-0.330310495779931,0.932768065282138,0.144356201000973,1.90415421392581,1.91113553093379,0.134390352403563,0.144862327915529,0.519621486223212,0.00698131700797777,0.010471975511966,65
-0.957910181934633,0.0518785610228331,0.282341456842876,-0.96312589251841,0.00840507232986474,0.268919820615266,3.08748744677797,3.13286600732982,0.28623399732707,0.272271363311115,0.519899805176733,0.0453785605518524,-0.0139626340159546,31
0.723630631538493,0.6607655679781,0.199367934417197,0.715999072521195,0.665347396892689,0.211324796455389,0.740019602845596,0.748746249105567,0.200712863979348,0.212930168743308,0.520178124130253,0.00872664625997155,0.0122173047639603,10
-0.512491505181357,0.852929096952266,-0.099319749743639,-0.547156362374557,0.829806179829011,-0.109734311091045,2.11184839491314,2.153736296961,-0.0994837673636768,-0.109955742875643,0.520734762037295,0.041887902047864,-0.010471975511966,81
0.965355037505992,-0.222869771302959,-0.135715572434304,0.971228601606911,-0.176502150816731,-0.159881187691835,6.05629250442032,6.10341639422417,-0.136135681655558,-0.160570291183478,0.520734762037295,0.0471238898038466,-0.0244346095279206,36
0.842123494771877,-0.490127577986368,0.224951054343865,0.833643568791587,-0.502885951615407,0.228350870110656,5.7560958730773,5.74038790980935,0.226892802759263,0.230383461263251,0.521013080990815,-0.0157079632679498,0.00349065850398866,29
0.658793064940743,-0.696654133382336,0.284015344703923,0.649055576293211,-0.700916263202557,0.295708050044047,5.46986187575023,5.45938990023826,0.287979326579064,0.300196631343025,0.521291399944336,-0.0104719755119653,0.0122173047639603,150
0.769797441483726,-0.543032359475197,0.335451569750255,0.779619980097038,-0.541850001595507,0.313992455967405,5.66882941047758,5.67581072748556,0.342084533390889,0.319395253114962,0.521848037851378,0.00698131700797688,-0.0226892802759263,10
0.801956541530932,-0.451879287780758,-0.390731128489274,0.843957217906569,-0.3775203075487,-0.381070376350274,5.77005850709325,5.86256095744895,-0.401425727958696,-0.39095375244673,0.522961313665461,0.0925024503556982,0.0104719755119659,54
0.334669783329965,-0.919497672672849,-0.20620418539663,0.386572305920696,-0.901940765627185,-0.192521966525907,5.06145483078356,5.11730536684737,-0.207694180987325,-0.193731546971371,0.522961313665461,0.0558505360638177,0.0139626340159546,96
0.326711456699306,-0.932941471004241,-0.151260820247219,0.305379364190633,-0.939861041762557,-0.152985836284038,5.0492375260196,5.02654824574367,-0.151843644923507,-0.153588974175501,0.522961313665461,-0.0226892802759266,-0.00174532925199433,135
0.234174361896461,-0.967960796539342,-0.0906325801977802,0.299898247230967,-0.951155722155572,-0.0732381971276317,4.94975375865592,5.0178215994837,-0.0907571211037051,-0.0733038285837618,0.522961313665461,0.0680678408277791,0.0174532925199433,43
0.00507598078858921,-0.969432060978149,0.245307385878803,0.0544126368686875,-0.973241311623224,0.223250116010951,4.71762496814067,4.76823951644851,0.247836753783195,0.225147473507269,0.523239632618981,0.0506145483078351,-0.0226892802759263,19
-0.177777050251716,-0.959199127832928,0.219846204352837,-0.176240120716825,-0.960256899672189,0.216439613938103,4.52912940892528,4.53087473817728,0.22165681500328,0.218166156499291,0.523517951572502,0.00174532925199511,-0.00349065850398864,416
0.981489289257994,0.091050008487851,-0.168489379565003,0.978244191884344,0.0959176816457855,-0.18395135061272,0.0925024503556995,0.0977384381116825,-0.16929693744345,-0.185004900711399,0.524352908433064,0.00523598775598311,-0.015707963267949,21
-0.291615224706717,-0.846912107689127,-0.444635179184927,-0.281732359131353,-0.851879956196245,-0.441505852791745,4.38077642250577,4.39299372726973,-0.460766922526503,-0.457276264022514,0.524352908433064,0.0122173047639595,0.00349065850398866,29
-0.409931926802107,-0.833091679292889,0.371367835550235,-0.418867504116746,-0.815028015546561,0.400349032556895,4.25511271636218,4.23765942384223,0.380481776934764,0.411897703470662,0.524352908433064,-0.0174532925199431,0.031415926535898,47
0.970765683027074,-0.143350204262064,0.192521966525907,0.972639876970996,-0.141892812832796,0.18395135061272,6.13657765001206,6.13832297926406,0.193731546971371,0.185004900711399,0.525187865293626,0.00174532925199333,-0.00872664625997166,57
-0.569606669806964,-0.816512012817794,0.0941083133185143,-0.566460506229879,-0.821131249711381,0.0697564737441253,4.10326907143867,4.10850505919465,0.0942477796076938,0.0698131700797732,0.525187865293626,0.00523598775598266,-0.0244346095279206,29
-0.560659876036124,-0.803687084709825,-0.199367934417197,-0.627545944899578,-0.75857273772518,-0.175366726091987,4.10326907143867,4.02123859659494,-0.200712863979348,-0.176278254451427,0.525187865293626,-0.0820304748437328,0.0244346095279206,86
0.534709927398265,-0.84256802380181,-0.064532308252958,0.51898430321144,-0.853579224400478,-0.0453629881292538,5.27787565803085,5.25867703625892,-0.0645771823237902,-0.0453785605518526,0.525744503200668,-0.0191986217719364,0.0191986217719376,130
-0.652580860698044,-0.742817205853346,-0.14953534344371,-0.647061559589232,-0.749628031807182,-0.139173100960065,3.99156799931103,4.000294645571,-0.150098315671512,-0.139626340159546,0.525744503200668,0.00872664625997199,0.010471975511966,17
0.721408939114364,-0.59257198322616,0.3583679495453,0.741151928345568,-0.56665343663744,0.359996808120051,5.59552558189382,5.63043216693371,0.366519142918809,0.368264472170804,0.526022822154189,0.0349065850398862,0.00174532925199433,8
-0.456821242461329,-0.855550161281373,0.243615011786023,-0.408901808942701,-0.865038464624869,0.290702193598252,4.22195146057428,4.27082067963012,0.2460914245312,0.294960643587042,0.52657946006123,0.0488692190558409,0.0488692190558412,21
-0.936649363207869,0.00653915236700469,-0.350207381259467,-0.938753524705318,0.0788293359443758,-0.335451569750255,3.13461133658182,3.05781684949407,-0.357792496658838,-0.342084533390889,0.52657946006123,-0.0767944870877506,0.0157079632679489,23
-0.867974806609221,-0.114271051133041,-0.483282383255002,-0.86882339732967,-0.100526296903507,-0.484809620246337,3.27249234748937,3.25678438422142,-0.504400153826361,-0.506145483078356,0.527136097968272,-0.0157079632679493,-0.00174532925199444,14
-0.581719725210576,-0.791915443233806,0.185666615385577,-0.573395061589083,-0.79796366538616,0.185666615385577,4.07883446191075,4.08930643742271,0.186750229963393,0.186750229963393,0.528527692735875,0.0104719755119662,0,36
-0.761575246794212,-0.468524217867261,0.44775908783877,-0.783141434703247,-0.419916752966918,0.458649554484315,3.69311669722,3.63377550265219,0.464257581030492,0.476474885794452,0.528527692735875,-0.0593411945678075,0.0122173047639603,31
-0.888921676485414,0.384670759346604,0.248689887164855,-0.873440056807438,0.416609536375639,0.252069358243114,2.73318560862312,2.69653369433124,0.251327412287183,0.254818070791172,0.528527692735875,-0.0366519142918813,0.00349065850398861,6
-0.685607765353313,0.472969116659098,-0.553391549243344,-0.677326808795902,0.499368391286994,-0.540240320477655,2.53770873239976,2.50629280586386,-0.586430628670095,-0.570722665402146,0.528527692735875,-0.0314159265358986,0.015707963267949,3
-0.779040224745805,0.597778589168651,0.189095442989891,-0.773269171661277,0.604144089239711,0.192521966525907,2.48709418409192,2.47836753783195,0.190240888467382,0.193731546971371,0.528527692735875,-0.00872664625997155,0.00349065850398866,8
-0.0346820002177963,-0.993162542594954,0.111468932206325,-0.0138668277164026,-0.993073839245492,0.116670737099333,4.6774823953448,4.69842634636874,0.111701072127637,0.11693705988362,0.529362649596438,0.0209439510239315,0.005235987755983,79
-0.742667426881475,0.634297905022319,-0.214735327167063,-0.75549710690484,0.618367216932416,-0.216439613938103,2.43473430653209,2.45567825755602,-0.216420827247297,-0.218166156499291,0.529362649596438,0.020943951023932,-0.00174532925199433,6
-0.528583664058702,0.842634561640525,0.102792536787247,-0.580247881317002,0.810481664668377,0.0801989243288589,2.13104701668508,2.19213354050488,0.102974425867665,0.0802851455917391,0.529362649596438,0.0610865238198013,-0.0226892802759263,136
-0.875701313903906,-0.436608569260712,-0.20620418539663,-0.868940816696745,-0.440838837023211,-0.224951054343865,3.60410490536829,3.61108622237627,-0.207694180987325,-0.226892802759263,0.529919287503479,0.00698131700797777,-0.0191986217719376,9
-0.991500872655338,0.112967255057598,-0.064532308252958,-0.979445667197803,0.188611506704511,-0.0714974443326859,3.02814625221016,2.95135176512241,-0.0645771823237902,-0.0715584993317675,0.529919287503479,-0.0767944870877506,-0.0069813170079773,133
-0.946963606657192,0.257284317578433,-0.192521966525907,-0.945562961691935,0.24453920900917,-0.214735327167063,2.87630260728666,2.88851991205062,-0.193731546971371,-0.216420827247297,0.53047592541052,0.01221730476396,-0.0226892802759263,14
-0.340468835983091,0.873257407383526,-0.348572047321815,-0.472727715438829,0.822098693636982,-0.317304656405092,1.94255145746969,2.0926497731412,-0.356047167406843,-0.322885911618951,0.53047592541052,0.150098315671512,0.0331612557878923,7
-0.484681100036624,-0.766689686332915,0.421035813367491,-0.478927777727543,-0.769429651471937,0.422618261740699,4.14864763199052,4.1556289489985,0.434586983746588,0.436332312998582,0.530754244364041,0.00698131700797777,0.00174532925199433,11
-0.968053269227722,0.0135174519498772,-0.250380004054441,-0.962216716163209,0.0302388785135047,-0.270600445975864,3.12763001957384,3.1101767270539,-0.253072741539178,-0.27401669256311,0.531032563317562,-0.0174532925199431,-0.0209439510239319,25
0.0468895819549492,0.994291184124612,0.095845752520224,-0.0104124922895543,0.994283423952832,0.106264071336233,1.52367243699105,1.58126830230686,0.0959931088596881,0.106465084371654,0.531867520178124,0.0575958653158128,0.010471975511966,64
-0.547311183819325,0.814484966387524,-0.192521966525907,-0.608460991904204,0.767686714069332,-0.201077921145965,2.16246294322097,2.24100275956072,-0.193731546971371,-0.202458193231342,0.532702477038686,0.0785398163397448,-0.00872664625997166,42
0.454136889300553,0.822667555781742,0.342020143325669,0.454360409517881,0.793357997958197,0.405141586779863,1.06639617296854,1.05068820970059,0.349065850398866,0.417133691226645,0.532702477038686,-0.0157079632679489,0.0680678408277788,43
0.889656360325472,0.41485357394607,0.190808995376545,0.84286621719005,0.504445024619988,0.187381314585725,0.436332312998582,0.539306738866248,0.191986217719376,0.188495559215388,0.532702477038686,0.102974425867665,-0.00349065850398864,48
0.965866494192115,-0.104926678996499,-0.236838146065619,0.964304280659338,-0.142396067372567,-0.223250116010951,6.17497489355594,6.13657765001206,-0.239110107523223,-0.225147473507269,0.533259114945728,-0.0383972435438755,0.0139626340159546,14
0.230564941467392,0.84280347977122,0.486335380423491,0.197503196018488,0.855480328648095,0.478691857940607,1.30376095123976,1.34390352403563,0.50789081233035,0.499164166070378,0.533815752852769,0.0401425727958693,-0.00872664625997172,90
0.988186884057676,0.119583752659858,0.095845752520224,0.985831245179865,0.129787145627622,0.106264071336233,0.120427718387609,0.130899693899575,0.0959931088596881,0.106465084371654,0.533815752852769,0.0104719755119658,0.010471975511966,3
0.467719514964685,0.872293209070911,0.142628933705512,0.488388172451427,0.859718659836302,0.14953534344371,1.0786134777325,1.05417886820457,0.143116998663535,0.150098315671512,0.534650709713332,-0.0244346095279209,0.00698131700797733,128
0.482779955018262,0.76961719293782,0.417867073801077,0.513688399934073,0.750222986696772,0.416280792260401,1.01054563690472,0.970403064108847,0.431096325242599,0.429350995990605,0.534650709713332,-0.0401425727958697,-0.00174532925199428,24
0.677770369063707,-0.61672358390936,0.400349032556895,0.659906247200473,-0.648488063036851,0.379456159529005,5.54491103358598,5.50651379004211,0.411897703470662,0.389208423194735,0.534650709713332,-0.0383972435438746,-0.0226892802759263,133
0.53228941941656,-0.825951500942063,-0.185666615385577,0.596815272423525,-0.780601971899443,-0.185666615385577,5.28485697503883,5.36514212063057,-0.186750229963393,-0.186750229963393,0.534929028666852,0.0802851455917386,0,3
0.813357242065645,0.481018132056443,0.327217898979104,0.82305980916793,0.461879623648695,0.330514392713223,0.534070751110265,0.511381470834338,0.333357887130917,0.336848545634906,0.535485666573894,-0.0226892802759266,0.00349065850398866,73
0.839352031856557,-0.496391407883765,-0.221548497619467,0.851565640549673,-0.475923950087485,-0.219846204352837,5.74911455606932,5.77354916559724,-0.223402144255274,-0.22165681500328,0.535485666573894,0.0244346095279209,0.00174532925199436,19
0.968966987136243,0.030451014324968,0.245307385878803,0.972752172347436,0.00679120161735794,0.231747903494157,0.0314159265358979,0.00698131700797732,0.247836753783195,0.23387411976724,0.536320623434456,-0.0244346095279204,-0.0139626340159546,17
0.176401287867452,-0.970673588646849,0.163325962241622,0.179840170064324,-0.970330726214535,0.161603821103361,4.89215789334011,4.89564855184409,0.164060949687467,0.162315620435473,0.536320623434456,0.00349065850398844,-0.00174532925199433,125
0.00517292212406304,-0.987946323059997,-0.154710386299468,0.0603621330186897,-0.986912151084688,-0.14953534344371,4.71762496814067,4.77347550420449,-0.155334303427495,-0.150098315671512,0.536877261341497,0.0558505360638177,0.005235987755983,24
-0.0257218043817772,-0.982276079679542,0.185666615385577,0.0085603399854678,-0.98091780358269,0.194234351219972,4.68620904160477,4.72111562664466,0.186750229963393,0.195476876223365,0.536877261341497,0.0349065850398871,0.00872664625997166,59
-0.388253908840206,-0.844124539245122,0.369746757273829,-0.377649208369001,-0.848214009632593,0.371367835550235,4.28129265514209,4.29350995990605,0.378736447682769,0.380481776934764,0.537155580295018,0.0122173047639604,0.00174532925199433,17
-0.610735153245382,-0.773324834066506,-0.170209499166033,-0.603443246051911,-0.783587025655639,-0.147809411129611,4.04392787687086,4.05614518163482,-0.171042266695444,-0.148352986419518,0.538268856109101,0.0122173047639604,0.0226892802759263,60
-0.777822473760055,-0.612085930718733,-0.142628933705512,-0.756729265930437,-0.639485810228195,-0.135715572434304,3.80830842785163,3.84321501289151,-0.143116998663535,-0.136135681655558,0.538268856109101,0.0349065850398866,0.0069813170079773,41
0.0432260800609013,-0.990040003292606,0.133986185418292,0.0723563994034068,-0.985306677048544,0.154710386299468,4.75602221168455,4.78569280896845,0.134390352403563,0.155334303427495,0.539103812969663,0.0296705972839035,0.020943951023932,19
-0.436430061501764,-0.777709222799581,-0.452434709311783,-0.411527151508454,-0.797319249436493,-0.441505852791745,4.20100750955035,4.23591409459024,-0.469493568786475,-0.457276264022514,0.539103812969663,0.0349065850398862,0.0122173047639603,45
-0.947292331186528,-0.286004416937501,-0.144356201000973,-0.919579337117051,-0.325640122188615,-0.219846204352837,3.43480796792484,3.48193185772869,-0.144862327915529,-0.22165681500328,0.539103812969663,0.0471238898038466,-0.0767944870877505,96
-0.961135678057035,-0.116310197040249,-0.250380004054441,-0.950312184486183,-0.162439836500876,-0.265556117486809,3.2620203719774,3.31088959103324,-0.253072741539178,-0.268780704807127,0.539382131923184,0.0488692190558413,-0.0157079632679489,39
-0.963024938570369,0.22056215464718,0.154710386299468,-0.981105950593538,0.137885449227899,0.135715572434304,2.91644518008252,3.00196631343025,0.155334303427495,0.136135681655558,0.539938769830225,0.0855211333477222,-0.0191986217719376,204
-0.935864107305622,0.268354714467173,0.228350870110656,-0.935864107305622,0.268354714467173,0.228350870110656,2.8623399732707,2.8623399732707,0.230383461263251,0.230383461263251,0.539938769830225,0,0,157
-0.608711690999709,0.787580896774488,0.095845752520224,-0.63357455788066,0.765860078980292,0.109734311091045,2.22878545479676,2.26194671058465,0.0959931088596881,0.109955742875643,0.540217088783746,0.0331612557878924,0.0139626340159546,10
-0.257618205067753,-0.941693556278259,-0.216439613938103,-0.3013984048158,-0.933147421435103,-0.195946144242518,4.44535360482956,4.3999750442777,-0.218166156499291,-0.197222205475359,0.540773726690788,-0.0453785605518524,0.020943951023932,14
-0.573544444206256,0.742079796374741,0.346935651573256,-0.550335823019654,0.743736179634135,0.379456159529005,2.22878545479676,2.20784150377283,0.354301838154849,0.389208423194735,0.540773726690788,-0.020943951023932,0.0349065850398866,13
-0.463974825730689,0.854535325883231,-0.233445363855905,-0.492257439296572,0.839032492030699,-0.231747903494157,2.06821516361328,2.10137641940117,-0.235619449019234,-0.23387411976724,0.541052045644308,0.033161255787892,0.0017453292519943,138
-0.960575971787974,0.0705402899330826,0.268919820615266,-0.961373964867025,0.0402935075090378,0.272280247040574,3.06828882500603,3.09970475154193,0.272271363311115,0.275762021815104,0.541330364597829,0.0314159265358978,0.00349065850398872,30
0.284662219069194,0.936933687021975,0.202787295356512,0.281173236447878,0.943176868806361,0.177084740319583,1.27583568320785,1.28107167096384,0.204203522483337,0.178023583703422,0.54160868355135,0.00523598775598311,-0.026179938779915,3
0.403395663683535,0.893422360541514,0.197657340379126,0.409189995956271,0.885568288524921,0.219846204352837,1.14668131856027,1.1379546723003,0.198967534727354,0.22165681500328,0.541887002504871,-0.00872664625997155,0.0226892802759263,55
0.473117566665206,0.778141695433508,0.413104429824542,0.607612865399013,0.672458482469268,0.422618261740699,1.02450827092067,0.836012711705284,0.425860337486616,0.436332312998582,0.542165321458391,-0.188495559215388,0.010471975511966,23
0.69718112031691,0.699618998899569,0.156434465040231,0.581921305426444,0.800945963925941,0.140901231937583,0.787143492649443,0.942477796076938,0.15707963267949,0.141371669411541,0.543000278318953,0.155334303427495,-0.015707963267949,6
0.723628499805725,0.633488863960803,0.273959218692432,0.690163924910711,0.671155090414656,0.270600445975864,0.719075651821664,0.771435529381494,0.277507351067098,0.27401669256311,0.543000278318953,0.0523598775598302,-0.00349065850398866,36
-0.544450811373466,0.780451935412705,0.307356617799807,-0.531345180307431,0.802774998366122,0.270600445975864,2.17991623574092,2.155481626213,0.312413936106985,0.27401669256311,0.543556916225995,-0.0244346095279204,-0.0383972435438752,26
0.84667975021276,0.504722428225117,0.168489379565003,0.819677980649637,0.528246411479236,0.221548497619467,0.537561409614253,0.57246799465414,0.16929693744345,0.223402144255274,0.543556916225995,0.0349065850398866,0.0541052068118242,30
0.695862784427012,-0.713077088743729,-0.0854169231373675,0.78696498155305,-0.612635523203399,-0.0732381971276317,5.48556983901818,5.62170552067374,-0.0855211333477222,-0.0733038285837618,0.544391873086557,0.136135681655558,0.0122173047639603,50
0.637584933266425,-0.720658670899873,-0.272280247040574,0.636010939376801,-0.721412802413758,-0.273959218692432,5.43670061996234,5.43495529071034,-0.275762021815104,-0.277507351067098,0.544391873086557,-0.00174532925199422,-0.00174532925199428,161
0.147177481285873,-0.984787522045809,0.0923705874465616,0.200343040901628,-0.97599519220334,0.0854169231373675,4.86074196680421,4.91484717361603,0.0925024503556995,0.0855211333477222,0.545226829947119,0.0541052068118235,-0.0069813170079773,31
0.0933686440612869,-0.95224709552895,-0.290702193598252,0.0527484704182862,-0.943475513967497,-0.327217898979104,4.81012741849637,4.76823951644851,-0.294960643587042,-0.333357887130917,0.545783467854161,-0.0418879020478649,-0.0383972435438753,56
-0.112748190317124,-0.974454135599193,-0.194234351219972,-0.102711005609836,-0.977229940831676,-0.185666615385577,4.59719724975306,4.60766922526503,-0.195476876223365,-0.186750229963393,0.545783467854161,0.0104719755119662,0.00872664625997166,96
0.941434304038723,0.0476910044726503,-0.333806859233771,0.938493022759556,0,-0.345298198998535,0.0506145483078356,0,-0.340339204138894,-0.352556508902855,0.546618424714723,-0.0506145483078355,-0.0122173047639603,162
0.407833593444991,-0.874601963559066,0.262189178640865,0.359072259803644,-0.893220303663753,0.270600445975864,5.14872129338327,5.09461608657145,0.265290046303138,0.27401669256311,0.546618424714723,-0.0541052068118244,0.00872664625997166,71
-0.582621876402973,-0.801910217152042,-0.132256390257122,-0.553335799048659,-0.82035405815035,-0.144356201000973,4.08407044966673,4.11897703470662,-0.132645023151569,-0.144862327915529,0.546618424714723,0.0349065850398862,-0.0122173047639603,41
0.963938326950005,-0.168234169423867,0.20620418539663,0.95381258684465,-0.21845224444173,0.20620418539663,6.11039771123215,6.05803783367232,0.207694180987325,0.207694180987325,0.547453381575285,-0.0523598775598293,0,9
-0.192209709323267,-0.94474090422041,-0.265556117486809,-0.241813657915963,-0.928336930533922,-0.282341456842876,4.51167611640534,4.45757090959352,-0.268780704807127,-0.28623399732707,0.547453381575285,-0.0541052068118244,-0.0174532925199433,75
-0.814728460336533,-0.557856219540473,-0.158158067254484,-0.853462606036602,-0.490762764965915,-0.175366726091987,3.74198591627584,3.6634460999361,-0.158824961931484,-0.176278254451427,0.547453381575285,-0.0785398163397453,-0.0174532925199433,612
-0.0521119910655037,-0.962220344171877,-0.267238376078257,-0.028414995922291,-0.957400918966782,-0.287360519849712,4.65828377357287,4.68271838310079,-0.270526034059121,-0.291469985083053,0.548288338435847,0.0244346095279209,-0.020943951023932,165
-0.950499941696953,0.174449383829674,0.257132793154696,-0.973817734645104,0.109231160466683,0.199367934417197,2.96007841138238,3.02989158146216,0.260054058547155,0.200712863979348,0.548288338435847,0.0698131700797733,-0.0593411945678073,42
-0.958818274502595,0.00167345528104857,-0.284015344703923,-0.939614333986522,-0.153867748051952,-0.305695304963106,3.1398473243378,3.30390827402527,-0.287979326579064,-0.310668606854991,0.548566657389368,0.164060949687467,-0.0226892802759263,29
-0.93372655032171,-0.34539593887112,-0.0941083133185143,-0.912365376842854,-0.396707756337168,-0.101056297182946,3.49589449174464,3.55174502780846,-0.0942477796076938,-0.101229096615671,0.54940161424993,0.0558505360638182,-0.00698131700797731,73
-0.770972304083928,0.578862379845894,-0.265556117486809,-0.794886643387679,0.542234904110196,-0.272280247040574,2.49756615960389,2.54294472015574,-0.268780704807127,-0.275762021815104,0.54940161424993,0.0453785605518529,-0.00698131700797738,27
-0.908072367608705,0.410010395511218,0.0854169231373675,-0.96106923739741,0.271955181820968,0.0488497697956133,2.71747764535517,2.86583063177469,0.0855211333477222,0.0488692190558412,0.551071527971055,0.148352986419518,-0.0366519142918809,5
-0.605470752073312,0.763913970342783,0.223250116010951,-0.697792180229392,0.695360667343087,0.17192910027941,2.24100275956072,2.35793981944434,0.225147473507269,0.172787595947439,0.551071527971055,0.11693705988362,-0.0523598775598299,19
-0.565886741717593,0.740149133018552,0.363251230472978,-0.564922850223333,0.769049268813383,0.299040792256087,2.22354946704078,2.20435084526884,0.371755130674792,0.303687289847013,0.551071527971055,-0.0191986217719378,-0.0680678408277788,70
-0.517126105051426,0.847188559066008,0.121869343405147,-0.5327929137309,0.839547293617927,0.106264071336233,2.11882971192112,2.13628300444106,0.122173047639603,0.106465084371654,0.551071527971055,0.0174532925199435,-0.015707963267949,5
-0.481667092264097,0.847887419078976,-0.221548497619467,-0.477220981831361,0.850397787921905,-0.221548497619467,2.08741378538522,2.08217779762924,-0.223402144255274,-0.223402144255274,0.551071527971055,-0.00523598775598266,0,14
-0.943605856668604,0.0825548152951708,0.320612990585676,-0.940982279861658,0.0559046484189146,0.333806859233771,3.05432619099008,3.08225145902199,0.32637657012294,0.340339204138894,0.551349846924576,0.0279252680319089,0.0139626340159547,25
-0.814940820294499,0.274257886646915,0.510542917911606,-0.788177117876628,0.310471223371597,0.531398579518083,2.81696141271885,2.76634686441101,0.535816080362259,0.56025068989018,0.552184803785138,-0.050614548307836,0.0244346095279206,37
0.0492359803943347,0.971932578245165,-0.230049737188104,0.197342063081792,0.944623176056066,-0.262189178640865,1.52018177848706,1.36484747505957,-0.232128790515246,-0.265290046303138,0.552184803785138,-0.155334303427495,-0.0331612557878922,5
-0.317091333689139,0.93680599063027,0.147809411129611,-0.316665712644811,0.935548547421635,0.156434465040231,1.89717289691784,1.89717289691784,0.148352986419518,0.15707963267949,0.552463122738658,0,0.00872664625997166,25
-0.767281628757781,0.59731245112168,0.233445363855905,-0.808754790256463,0.545511994065095,0.219846204352837,2.48011286708394,2.54818070791172,0.235619449019234,0.22165681500328,0.5530197606457,0.0680678408277791,-0.0139626340159547,45
0.419412461826471,0.788800116853102,0.449318998615897,0.516370572542047,0.734721007348426,0.439939169855915,1.08210413623648,0.958185759344887,0.466002910282486,0.45553093477052,0.5530197606457,-0.123918376891597,-0.0104719755119659,99
-0.42199747648175,0.821118283090099,0.384295322659804,-0.377791310257798,0.844563052050701,0.379456159529005,2.04552588333735,1.99142067652553,0.394444410950718,0.389208423194735,0.553298079599221,-0.0541052068118244,-0.005235987755983,10
-0.745147885965359,0.666239102727571,-0.0296662440851108,-0.756855550639024,0.653300186493322,-0.0191974423996897,2.41204502625616,2.42949831877611,-0.0296705972839036,-0.0191986217719376,0.554411355413304,0.0174532925199435,0.010471975511966,8
0.629794355959383,0.755902663754529,-0.17880221511635,0.678249334672421,0.704805341096192,-0.207911690817759,0.876155284501153,0.804596785169386,-0.179768912955416,-0.20943951023932,0.554411355413304,-0.0715584993317675,-0.0296705972839036,23
0.931259131516972,0.208161078333842,-0.299040792256087,0.919748248508037,0.263733566319425,-0.290702193598252,0.219911485751285,0.279252680319093,-0.303687289847013,-0.294960643587042,0.554411355413304,0.0593411945678071,0.00872664625997166,46
-0.468056340502505,0.827286781102723,0.310676429630732,-0.464363268984251,0.827485613103109,0.315649036947102,2.08566845613322,2.08217779762924,0.315904594610974,0.321140582366957,0.555246312273866,-0.00349065850398844,0.00523598775598294,53
0.0932750613981034,0.96869855029357,0.230049737188104,0.0815331856287972,0.970952811824964,0.224951054343865,1.47480321793521,1.48702052269917,0.232128790515246,0.226892802759263,0.555246312273866,0.0122173047639604,-0.00523598775598302,34
0.99517283103203,-0.0104218064791828,-0.0975828997591495,0.995075822028322,0.0173691130820038,-0.0975828997591495,6.27271333166762,0.0174532925199433,-0.0977384381116825,-0.0977384381116825,0.555246312273866,0.0279252680319093,0,41
0.809888754354214,0.393260849449491,0.435231099372328,0.814063264195636,0.364148095830679,0.452434709311783,0.452040276266531,0.420624349730633,0.450294947014537,0.469493568786475,0.555802950180907,-0.0314159265358978,0.0191986217719376,23
0.980452491153777,-0.0651215826098977,0.185666615385577,0.986189462371113,-0.0137706974345655,0.165047605860678,6.2168627956038,6.26922267316363,0.186750229963393,0.165806278939461,0.555802950180907,0.0523598775598302,-0.0209439510239319,142
0.836583406578614,-0.520727308896863,0.170209499166033,0.776512020693991,-0.606677680577902,0.170209499166033,5.7264252757934,5.61996019142174,0.171042266695444,0.171042266695444,0.556081269134428,-0.106465084371654,0,20
0.992882899913781,0.106108571967389,-0.0540788129847753,0.99110050278398,0.116427550746752,-0.064532308252958,0.106465084371654,0.11693705988362,-0.0541052068118242,-0.0645771823237902,0.55663790704147,0.0104719755119662,-0.010471975511966,18
0.699180179527657,-0.689485308035008,0.189095442989891,0.682010256101932,-0.708713516711643,0.18051914525056,5.50476846079011,5.4785885220102,0.190240888467382,0.18151424220741,0.55663790704147,-0.0261799387799151,-0.00872664625997163,101
0.425599573475531,0.846210560868366,0.320612990585676,0.421138604939212,0.837340912207049,0.348572047321815,1.10479341651241,1.10479341651241,0.32637657012294,0.356047167406843,0.557194544948511,0,0.0296705972839036,8
0.929646273831752,0.212917419896152,0.300705799504273,0.93423752007632,0.191771421818122,0.300705799504273,0.225147473507269,0.202458193231342,0.305432619099008,0.305432619099008,0.557194544948511,-0.0226892802759262,0,35
0.807459864269272,-0.557029249142632,-0.194234351219972,0.853715283581263,-0.475171831134062,-0.213030386274977,5.67930138598955,5.77529449484924,-0.195476876223365,-0.214675497995303,0.557472863902032,0.0959931088596884,-0.0191986217719377,9
0.976963906610098,-0.116495892848724,-0.17880221511635,0.977818525844796,-0.106225085138671,-0.18051914525056,6.16450291804397,6.17497489355594,-0.179768912955416,-0.18151424220741,0.558307820762594,0.0104719755119671,-0.00174532925199433,35
0.00345917690854714,-0.99097716230606,-0.133986185418292,0.0691437008083256,-0.988800989013808,-0.132256390257122,4.71587963888868,4.78220215046446,-0.134390352403563,-0.132645023151569,0.558307820762594,0.0663225115757848,0.00174532925199433,53
-0.524721039540548,-0.842999603174734,-0.118403968306501,-0.517344593808978,-0.847546501111235,-0.118403968306501,4.1556289489985,4.16435559525847,-0.118682389135614,-0.118682389135614,0.558864458669635,0.00872664625997199,0,117
-0.526507049127567,-0.84586894756855,0.0854169231373675,-0.402876144246492,-0.913442496929762,0.0575640269595673,4.1556289489985,4.29700061841004,0.0855211333477222,0.0575958653158129,0.558864458669635,0.141371669411541,-0.0279252680319093,11
-0.782153203887558,-0.59584106848809,-0.182235525492147,-0.776039099608893,-0.606308194131642,-0.17364817766693,3.79260046458368,3.80481776934764,-0.183259571459405,-0.174532925199433,0.559142777623156,0.01221730476396,0.00872664625997166,67
-0.743863516336861,-0.655803906183235,-0.128795596577563,-0.65534894830782,-0.743347467923911,-0.133986185418292,3.86415896391545,3.98982267005904,-0.12915436464758,-0.134390352403563,0.559699415530198,0.125663706143592,-0.00523598775598297,72
-0.944202344006042,-0.13437989328018,-0.300705799504273,-0.939059914147859,-0.105332446227729,-0.327217898979104,3.28296432300133,3.25329372571743,-0.305432619099008,-0.333357887130917,0.559977734483718,-0.0296705972839031,-0.0279252680319093,16
-0.771422664946223,-0.581308673511317,-0.258819045102521,-0.75437546487095,-0.595769843210405,-0.275637355816999,3.78736447682769,3.81005375710362,-0.261799387799149,-0.279252680319093,0.56053437239076,0.0226892802759262,-0.0174532925199433,35
-0.980217425731247,-0.0102651881160175,-0.197657340379126,-0.973572971497316,0.00339842457514607,-0.228350870110656,3.15206462910176,3.1381019950858,-0.198967534727354,-0.230383461263251,0.560812691344281,-0.0139626340159547,-0.0314159265358979,77
-0.856592585082417,0.459300914246283,-0.23514211310259,-0.817550154123462,0.49903474540798,-0.287360519849712,2.64940980452739,2.59355926846357,-0.237364778271229,-0.291469985083053,0.561369329251322,-0.0558505360638186,-0.0541052068118242,21
-0.818088045811724,0.539429676627245,0.199367934417197,-0.853779906919778,0.483045429898899,0.194234351219972,2.55865268342369,2.62672052425147,0.200712863979348,0.195476876223365,0.562204286111884,0.0680678408277791,-0.00523598775598297,18
-0.626556415634988,0.741429393559615,0.240228042477264,-0.671672862164487,0.705325989219829,0.226651307436855,2.27241868609662,2.33175988066442,0.242600766027212,0.228638132011257,0.562204286111884,0.0593411945678075,-0.0139626340159546,119
-0.837776127308143,-0.537842714812532,-0.0941083133185143,-0.827566033236491,-0.556101295949304,-0.0767190281268186,3.71231531899194,3.73325927001587,-0.0942477796076938,-0.0767944870877505,0.562482605065405,0.0209439510239324,0.0174532925199433,11
-0.503279193902992,0.763262961007443,0.405141586779863,-0.479276168909328,0.78827081666974,0.385906042324319,2.153736296961,2.11708438266912,0.417133691226645,0.396189740202713,0.563595880879488,-0.0366519142918813,-0.0209439510239319,23
-0.496436977264932,0.819714879902481,0.285688367404974,-0.485693884721616,0.827845184106062,0.280666708920788,2.11533905341713,2.10137641940117,0.289724655831059,0.284488668075076,0.563595880879488,-0.0139626340159547,-0.005235987755983,17
-0.0921195589188607,0.97452314064147,-0.20449605184179,-0.059801638352533,0.977748144297891,-0.201077921145965,1.66504410640259,1.6318828506147,-0.205948851735331,-0.202458193231342,0.563595880879488,-0.033161255787892,0.00349065850398866,167
-0.0449432825263897,0.989727934714678,-0.135715572434304,-0.0554054199597916,0.990998538130646,-0.121869343405147,1.61617488734675,1.62664686285872,-0.136135681655558,-0.122173047639603,0.563874199833009,0.0104719755119662,0.0139626340159546,69
-0.952401341585707,-0.216380275931517,-0.214735327167063,-0.942808426714226,-0.263236842591926,-0.20449605184179,3.36499479784507,3.41386401690091,-0.216420827247297,-0.205948851735331,0.564709156693571,0.0488692190558413,0.010471975511966,64
-0.74594228600145,0.589109719854317,-0.310676429630732,-0.749147733879147,0.602330242393616,-0.275637355816999,2.47313155007596,2.46440490381599,-0.315904594610974,-0.279252680319093,0.564709156693571,-0.00872664625997155,0.0366519142918809,180
0.0440723711974401,0.970548977983716,0.236838146065619,0.0908160746193348,0.960733717111232,0.262189178640865,1.52541776624304,1.4765485471872,0.239110107523223,0.265290046303138,0.564709156693571,-0.0488692190558417,0.026179938779915,34
-0.867583579895626,0.436349082170568,-0.238533457578581,-0.876180191495138,0.421677049560119,-0.233445363855905,2.67558974330731,2.69304303582725,-0.240855436775218,-0.235619449019234,0.565265794600612,0.0174532925199435,0.00523598775598302,24
0.460133571931922,0.8034385077886,0.377840786818467,0.698551121637147,0.582010852522989,0.416280792260401,1.05068820970059,0.694641042293743,0.387463093942741,0.429350995990605,0.565265794600612,-0.356047167406843,0.041887902047864,357
-0.413743143279734,0.852070373652737,-0.320612990585676,-0.457530334060467,0.839169995025918,-0.294040325232304,2.02283660306143,2.06996049286527,-0.32637657012294,-0.29845130209103,0.565822432507654,0.0471238898038466,0.0279252680319093,32
0.667413281598088,0.691126684921262,0.277314653302378,0.67765547001464,0.689587216174898,0.255445757935791,0.802851455917391,0.79412480965742,0.280998009571087,0.258308729295161,0.565822432507654,-0.00872664625997155,-0.0226892802759263,9
0.613805584917242,0.763420181519994,-0.201077921145965,0.629449817779343,0.75281353554685,-0.192521966525907,0.893608577021097,0.874409955249159,-0.202458193231342,-0.193731546971371,0.566379070414695,-0.0191986217719378,0.00872664625997166,21
0.800413086272443,0.539885443682894,0.260504508642648,0.797583291158692,0.533935475659786,0.280666708920788,0.593411945678072,0.589921287174083,0.263544717051144,0.284488668075076,0.566379070414695,-0.00349065850398844,0.020943951023932,76
0.106775836178376,0.937159486573201,-0.332161131883703,0.0747864778512553,0.950252299075445,-0.302369890750444,1.45734992541527,1.49225651045515,-0.3385938748869,-0.307177948351002,0.567214027275257,0.0349065850398866,0.0314159265358979,7
0.468047358129154,0.851374983844675,-0.236838146065619,0.483042461734915,0.84003658722407,-0.246999012722743,1.06814150222053,1.04894288044859,-0.239110107523223,-0.249582083035189,0.567214027275257,-0.0191986217719378,-0.010471975511966,56
0.840052514245796,0.53517247434256,-0.0888942968664415,0.820598913818125,0.566093272295372,-0.0784590957278449,0.567232006898157,0.603883921190038,-0.0890117918517108,-0.0785398163397448,0.567214027275257,0.0366519142918809,0.010471975511966,3
-0.239009123503324,0.958613235488245,-0.154710386299468,-0.201512024693589,0.964583656453673,-0.170209499166033,1.8151424220741,1.77674517853023,-0.155334303427495,-0.171042266695444,0.567492346228778,-0.0383972435438751,-0.015707963267949,78
0.55049347810877,0.797985724805286,0.245307385878803,0.492682336920723,0.829771624900469,0.262189178640865,0.966912405604858,1.03498024643264,0.247836753783195,0.265290046303138,0.567770665182299,0.0680678408277791,0.0174532925199433,133
0.59873097330666,0.777468014781481,-0.192521966525907,0.661837976520432,0.719743392412516,-0.209618562903822,0.914552528045029,0.827286065445312,-0.193731546971371,-0.211184839491314,0.56804898413582,-0.0872664625997164,-0.0174532925199433,108
0.0921530070706295,0.974876985126755,-0.202787295356512,0.075283819489462,0.978400551373555,-0.192521966525907,1.4765485471872,1.49400183970715,-0.204203522483337,-0.193731546971371,0.56832730308934,0.0174532925199431,0.010471975511966,13
0.868509973066411,0.326451437021439,0.372987782575809,0.865649435492341,0.335763287973126,0.371367835550235,0.359537825910832,0.370009801422798,0.382227106186758,0.380481776934764,0.569162259949903,0.0104719755119658,-0.00174532925199433,38
0.793296975952774,-0.541150506509226,0.278991106039229,0.775907583598125,-0.56580154159027,0.278991106039229,5.68453737374553,5.65312144720963,0.282743338823081,0.282743338823081,0.569162259949903,-0.0314159265358978,0,9
0.467106177267873,-0.882210050504676,-0.0593063735759616,0.53850014074256,-0.838800173436282,-0.0801989243288589,5.19933584169111,5.28311164578684,-0.0593411945678072,-0.0802851455917391,0.569162259949903,0.0837758040957288,-0.0209439510239319,67
0.906284390338547,-0.375395285845259,-0.194234351219972,0.899386040891396,-0.38362065577317,-0.209618562903822,5.89048622548086,5.8800142499689,-0.195476876223365,-0.211184839491314,0.569440578903423,-0.0104719755119662,-0.015707963267949,32
0.0878714690246342,-0.984580504168954,-0.151260820247219,0.129737938730969,-0.985457481692241,-0.109734311091045,4.8014007722364,4.84328867428426,-0.151843644923507,-0.109955742875643,0.569718897856944,0.0418879020478631,0.0418879020478639,50
0.360861887667306,-0.911433087957333,0.197657340379126,0.398097307581878,-0.898357635703801,0.185666615385577,5.08938009881547,5.12952267161133,0.198967534727354,0.186750229963393,0.569997216810465,0.0401425727958689,-0.0122173047639603,21
0.762317207555147,-0.623949404633449,-0.17192910027941,0.817185211272506,-0.551198384840984,-0.168489379565003,5.59727091114581,5.68977336150151,-0.172787595947439,-0.16929693744345,0.570553854717506,0.0925024503556999,0.00349065850398866,51
0.34335824664529,-0.938270506882437,-0.0418756537291996,0.356631509381387,-0.93392560473898,-0.0244321781526532,5.06320016003555,5.0771627940515,-0.0418879020478639,-0.0244346095279206,0.570553854717506,0.0139626340159538,0.0174532925199433,12
-0.493862735841481,-0.865833546753452,0.0801989243288589,-0.5143829525751,-0.84934720720645,0.118403968306501,4.19402619254237,4.16784625376246,0.0802851455917391,0.118682389135614,0.571110492624548,-0.0261799387799151,0.0383972435438753,420
-0.571703906517975,-0.801499316688333,-0.175366726091987,-0.635651735111879,-0.75219225071933,-0.17364817766693,4.0927970959267,4.01076662108297,-0.176278254451427,-0.174532925199433,0.571110492624548,-0.0820304748437337,0.00174532925199433,100
0.783407157421908,-0.434249678331848,0.444635179184927,0.787116892230922,-0.441709399367565,0.430511096808295,5.77703982410123,5.77180383634525,0.460766922526503,0.445058959258554,0.572502087392151,-0.00523598775598266,-0.015707963267949,37
0.701621686046532,-0.706537107478439,-0.0923705874465616,0.722579746638091,-0.688103393302345,-0.0662739004000001,5.49429648527815,5.52222175331006,-0.0925024503556995,-0.0663225115757845,0.572502087392151,0.0279252680319084,0.0261799387799149,10
-0.860248545732156,-0.484725144105438,0.158158067254484,-0.845957513964487,-0.510314198252503,0.154710386299468,3.65471945367613,3.68439005096003,0.158824961931484,0.155334303427495,0.572502087392151,0.0296705972839031,-0.00349065850398866,16
-0.883079298225756,-0.455791213383813,0.111468932206325,-0.87727187830202,-0.466453731824565,0.113203213767907,3.61806753938425,3.63028484414821,0.111701072127637,0.113446401379631,0.572780406345672,0.0122173047639595,0.00174532925199432,14
-0.902488251915187,-0.274196895716942,0.332161131883703,-0.89786286194893,-0.255762964229721,0.3583679495453,3.43655329717683,3.41910000465689,0.3385938748869,0.366519142918809,0.573615363206234,-0.0174532925199431,0.0279252680319093,4
-0.952613868295698,-0.132186097696162,0.273959218692432,-0.937114911089875,-0.256365629484953,0.236838146065619,3.27947366449735,3.40862802914493,0.277507351067098,0.239110107523223,0.573615363206234,0.12915436464758,-0.0383972435438753,4
-0.994990765850011,-0.0923025026024138,-0.0383878090875199,-0.979127359908189,-0.202767528463997,-0.0139621803391453,3.23409510394549,3.34579617607313,-0.0383972435438752,-0.0139626340159546,0.573615363206234,0.111701072127636,0.0244346095279206,105
-0.846087230368007,-0.496396429695412,-0.194234351219972,-0.81724450845469,-0.53478982102047,-0.214735327167063,3.67217274619607,3.72104196525191,-0.195476876223365,-0.216420827247297,0.573893682159755,0.0488692190558413,-0.020943951023932,39
-0.899485599436249,0.329164986045774,0.287360519849712,-0.876245427992838,0.36833966117369,0.310676429630732,2.79078147393893,2.74365758413509,0.291469985083053,0.315904594610974,0.574172001113276,-0.0471238898038471,0.0244346095279206,24
-0.952881685737826,-0.235814376722102,-0.190808995376545,-0.932833332812747,-0.306699994512421,-0.189095442989891,3.38419341961701,3.45924257745276,-0.191986217719376,-0.190240888467382,0.574728639020317,0.0750491578357559,0.00174532925199433,32
-0.813072103090763,0.510039168769553,-0.280666708920788,-0.852639364615172,0.464874072759757,-0.238533457578581,2.58134196369961,2.64242848751941,-0.284488668075076,-0.240855436775218,0.574728639020317,0.0610865238198017,0.0436332312998582,240
-0.524988377198579,-0.741467674574777,0.417867073801077,-0.545521713562343,-0.734545610444897,0.40354529635239,4.09628775443069,4.07359847415476,0.431096325242599,0.41538836197465,0.575563595880879,-0.0226892802759266,-0.015707963267949,10
-0.816309879876018,0.536215366511681,0.214735327167063,-0.825259534375276,0.523725625996849,0.211324796455389,2.56039801267568,2.57610597594363,0.216420827247297,0.212930168743308,0.575563595880879,0.0157079632679489,-0.00349065850398869,14
-0.57699072293004,0.774092440622903,-0.260504508642648,-0.596204691904008,0.757641019096101,-0.265556117486809,2.21133216227682,2.23751210105673,-0.263544717051144,-0.268780704807127,0.575563595880879,0.0261799387799146,-0.005235987755983,48
-0.917926757521153,0.303575250274643,-0.255445757935791,-0.923432265352418,0.277042956545432,-0.265556117486809,2.82219740047483,2.85012266850674,-0.258308729295161,-0.268780704807127,0.576398552741442,0.0279252680319093,-0.0104719755119659,76
-0.475421470080008,0.840304603559814,-0.260504508642648,-0.473954138511297,0.841133090280526,-0.260504508642648,2.08566845613322,2.08392312688123,-0.263544717051144,-0.263544717051144,0.576398552741442,-0.00174532925199422,0,45
-0.582815480098772,0.745969796865016,0.322265695230511,-0.580599352219372,0.751207780709174,0.313992455967405,2.23402144255274,2.22878545479676,0.328121899374934,0.319395253114962,0.576676871694962,-0.00523598775598311,-0.00872664625997166,4
-0.988666864701507,0.0518138348297334,0.140901231937583,-0.990786176406588,0.0901686056301493,0.101056297182946,3.08923277602996,3.05083553248609,0.141371669411541,0.101229096615671,0.577790147509045,-0.0383972435438746,-0.0401425727958696,139
-0.803701147485463,0.529943265046565,0.270600445975864,-0.807521416608538,0.532462268408415,0.253757944584806,2.55865268342369,2.55865268342369,0.27401669256311,0.256563400043166,0.577790147509045,0,-0.0174532925199433,22
-0.0503064800235336,0.993064552388559,-0.106264071336233,-0.0815881967753422,0.99237646118886,-0.0923705874465616,1.62141087510273,1.65282680163863,-0.106465084371654,-0.0925024503556995,0.577790147509045,0.0314159265358978,0.0139626340159546,25
0.0523562751856592,0.966730921207334,0.250380004054441,-0.0794698664944444,0.966610710861333,0.243615011786023,1.51669111998307,1.65282680163863,0.253072741539178,0.2460914245312,0.577790147509045,0.136135681655558,-0.00698131700797733,6
0.147081471743076,0.961181722029749,-0.233445363855905,0.162748243177258,0.952116437855652,-0.258819045102521,1.41895268187139,1.40149938935145,-0.235619449019234,-0.261799387799149,0.578068466462566,-0.0174532925199431,-0.0261799387799149,50
0.350538960572982,0.922800326691891,-0.159881187691835,0.308634284336647,0.933223863357427,-0.18395135061272,1.20776784238008,1.25140107367993,-0.160570291183478,-0.185004900711399,0.578346785416087,0.0436332312998582,-0.0244346095279206,26
-0.890751710015649,0.446055229327379,0.0871557427476582,-0.883935591904588,0.462110359998757,0.0714974443326859,2.6773350725593,2.65988178003936,0.0872664625997165,0.0715584993317675,0.579181742276649,-0.0174532925199431,-0.015707963267949,17
0.559780536053232,0.73748362101972,0.377840786818467,0.594285557108456,0.718367835391615,0.361624570082092,0.921533845053006,0.879645943005142,0.387463093942741,0.370009801422798,0.579181742276649,-0.041887902047864,-0.0174532925199433,184
-0.0353617833204651,0.964368383390924,-0.262189178640865,-0.0487528977752801,0.962396386791622,-0.267238376078257,1.60744824108678,1.62141087510273,-0.265290046303138,-0.270526034059121,0.580295018090732,0.0139626340159551,-0.005235987755983,3
0.726339735290858,0.638105049102588,0.255445757935791,0.684273716664211,0.684273716664211,0.252069358243114,0.720820981073658,0.785398163397448,0.258308729295161,0.254818070791172,0.580295018090732,0.0645771823237902,-0.00349065850398872,5
0.798714598508511,0.528657660268997,-0.287360519849712,0.816636432951099,0.492626591366525,-0.300705799504273,0.5846852994181,0.542797397370236,-0.291469985083053,-0.305432619099008,0.580295018090732,-0.041887902047864,-0.0139626340159546,54
-0.392512435080196,0.9114036774421,-0.123601476740493,-0.418297510218511,0.897041905495515,-0.142628933705512,1.97745804250958,2.00712863979348,-0.123918376891597,-0.143116998663535,0.580851655997773,0.0296705972839035,-0.0191986217719376,71
0.842810184775929,0.467177314077878,0.267238376078257,0.817486626962839,0.512808394374106,0.262189178640865,0.506145483078356,0.56025068989018,0.270526034059121,0.265290046303138,0.580851655997773,0.0541052068118244,-0.005235987755983,31
0.480741428526361,0.842829446168023,-0.241921895599668,0.508962992879058,0.824081313889305,-0.248689887164855,1.05243353895258,1.01752695391269,-0.244346095279206,-0.251327412287183,0.581129974951294,-0.0349065850398862,-0.00698131700797733,9
0.858594249249183,0.305731659822886,-0.411514358605109,0.855796132884105,0.321672618670142,-0.405141586779863,0.342084533390889,0.359537825910832,-0.424115008234622,-0.417133691226645,0.582243250765377,0.0174532925199431,0.00698131700797738,61
0.923303821485918,0.312521101576513,0.223250116010951,0.919052560548487,0.332692382468187,0.211324796455389,0.32637657012294,0.347320521146872,0.225147473507269,0.212930168743308,0.582243250765377,0.020943951023932,-0.0122173047639604,34
0.871506180361102,-0.0915989906161651,0.481753674101715,0.87761543301491,-0.0968896458318715,0.469471562785891,6.17846555205993,6.17322956430394,0.502654824574367,0.488692190558412,0.582243250765377,-0.00523598775598266,-0.0139626340159547,6
-0.251455415507985,0.938444386514144,0.236838146065619,-0.303075589094543,0.927260930766872,0.219846204352837,1.83259571459405,1.88670092140587,0.239110107523223,0.22165681500328,0.583078207625939,0.054105206811824,-0.0174532925199433,10
0.886700034922945,0.30185731427122,0.350207381259467,0.893460657104382,0.305899955654664,0.328866646738583,0.328121899374934,0.329867228626928,0.357792496658838,0.335103216382911,0.583078207625939,0.00174532925199422,-0.0226892802759263,13
0.902570617576964,-0.403739348277957,0.14953534344371,0.911311162090721,-0.388707151011772,0.135715572434304,5.86256095744895,5.8800142499689,0.150098315671512,0.136135681655558,0.583078207625939,0.0174532925199431,-0.0139626340159546,104
0.509830709426284,0.800273911358016,0.315649036947102,0.461312204030879,0.822048679301085,0.333806859233771,1.00356431989674,1.05941485596056,0.321140582366957,0.340339204138894,0.583634845532981,0.0558505360638186,0.0191986217719377,15
0.515411550466886,0.790639721905452,-0.330514392713223,0.519956350482177,0.785568353452037,-0.335451569750255,0.993092344384774,0.986111027376796,-0.336848545634906,-0.342084533390889,0.583634845532981,-0.00698131700797733,-0.005235987755983,70
0.30874115758623,-0.939041565571223,0.151260820247219,0.218759190176124,-0.970711081642909,0.099319749743639,5.03003890424766,4.93404579538797,0.151843644923507,0.0994837673636768,0.583913164486502,-0.0959931088596884,-0.0523598775598299,14
0.884664745748221,-0.427663647696995,0.185666615385577,0.901797439284176,-0.390242599458039,0.185666615385577,5.83289036016505,5.87477826221291,0.186750229963393,0.186750229963393,0.584469802393543,0.041887902047864,0,35
0.587776049797641,-0.78000516315646,0.214735327167063,0.615246036180165,-0.757060077798483,0.219846204352837,5.35816080362259,5.39481271791447,0.216420827247297,0.22165681500328,0.584469802393543,0.0366519142918822,0.00523598775598297,48
-0.478656891956256,-0.870673654232971,-0.113203213767907,-0.474457060701688,-0.873841201073377,-0.106264071336233,4.20973415581032,4.21497014356631,-0.113446401379631,-0.106465084371654,0.585026440300584,0.00523598775598355,0.00698131700797733,200
-0.524234466810013,-0.838950518549488,0.146083028562412,-0.4978784663715,-0.858885424651263,0.120136838834647,4.1538836197465,4.1870448755344,0.146607657167524,0.120427718387609,0.585026440300584,0.033161255787892,-0.0261799387799149,106
0.361176987621308,-0.871958381932421,0.330514392713223,0.387695625061396,-0.854670261607728,0.345298198998535,5.10508806208341,5.13824931787131,0.336848545634906,0.352556508902855,0.585861397161147,0.0331612557878911,0.0157079632679489,15
-0.39613103265195,-0.898149281719634,-0.190808995376545,-0.373291533027373,-0.914722978688708,-0.154710386299468,4.29700061841004,4.32492588644195,-0.191986217719376,-0.155334303427495,0.585861397161147,0.0279252680319093,0.0366519142918809,36
-0.458781142431277,-0.885078546597431,0.0784590957278449,-0.357580066245112,-0.931527920327626,0.0662739004000001,4.23416876533824,4.34586983746588,0.0785398163397448,0.0663225115757845,0.585861397161147,0.111701072127637,-0.0122173047639603,14
-0.77197857842807,-0.552682378987908,-0.313992455967405,-0.796242384131912,-0.535052677275584,-0.282341456842876,3.76292986729977,3.73325927001587,-0.319395253114962,-0.28623399732707,0.586418035068188,-0.0296705972839031,0.0331612557878923,32
-0.866634466228764,-0.486332580748162,0.111468932206325,-0.860795437794038,-0.49698047772759,0.109734311091045,3.65297412442413,3.66519142918809,0.111701072127637,0.109955742875643,0.58697467297523,0.01221730476396,-0.00174532925199435,25
-0.893422360541514,-0.403395663683534,-0.197657340379126,-0.885200570032641,-0.420324133901574,-0.199367934417197,3.56570766182442,3.58490628359635,-0.198967534727354,-0.200712863979348,0.58697467297523,0.0191986217719382,-0.0017453292519943,32
-0.945004793275354,-0.153057378265977,0.289031796944472,-0.955065324361418,-0.144440050175284,0.258819045102521,3.30216294477327,3.2916909692613,0.293215314335047,0.261799387799149,0.58725299192875,-0.0104719755119662,-0.031415926535898,115
-0.937716093050005,0.018005068799518,0.346935651573256,-0.933274826100658,0.0865772879724481,0.348572047321815,3.12239403181786,3.04909020323409,0.354301838154849,0.356047167406843,0.587531310882271,-0.0733038285837622,0.00174532925199433,84
-0.966313572344032,0.210690431404069,-0.147809411129611,-0.970071842682423,0.188562864666406,-0.152985836284038,2.92691715559449,2.94960643587042,-0.148352986419518,-0.153588974175501,0.588087948789313,0.0226892802759262,-0.005235987755983,8
-0.912533927528297,0.328532429361665,-0.243615011786023,-0.907975517838281,0.312641042982703,-0.278991106039229,2.79601746169492,2.80998009571087,-0.2460914245312,-0.282743338823081,0.588087948789313,0.0139626340159551,-0.0366519142918809,10
-0.157580046363651,-0.983805101750227,0.0854169231373675,-0.135297206617273,-0.987693695524646,0.0784590957278449,4.5535640184532,4.57625329872913,0.0855211333477222,0.0785398163397448,0.588922905649875,0.0226892802759266,-0.00698131700797733,54
-0.528657305958061,0.807873043141072,0.260504508642648,-0.495517640697464,0.821428980195769,0.282341456842876,2.15024563845701,2.11359372416513,0.263544717051144,0.28623399732707,0.589479543556916,-0.0366519142918813,0.0226892802759263,119
-0.454823277335111,0.837680270486128,-0.302369890750444,-0.4343842771839,0.852527145827384,-0.290702193598252,2.06821516361328,2.04203522483337,-0.307177948351002,-0.294960643587042,0.589479543556916,-0.0261799387799151,0.0122173047639603,49
-0.808586554899487,-0.572511193457916,0.135715572434304,-0.797675335451375,-0.583810091956857,0.151260820247219,3.75769387954379,3.77340184281174,0.136135681655558,0.151843644923507,0.590036181463958,0.0157079632679489,0.015707963267949,79
-0.834437383443265,0.505353242340453,-0.219846204352837,-0.879999406918581,0.431107261072191,-0.199367934417197,2.59704992696756,2.68606171881927,-0.22165681500328,-0.200712863979348,0.590036181463958,0.0890117918517106,0.020943951023932,6
-0.767116971296731,-0.618985364384596,-0.168489379565003,-0.733888234929738,-0.65848025312112,-0.166768746716102,3.82052573261559,3.87288561017542,-0.16929693744345,-0.167551608191456,0.591706095185082,0.0523598775598297,0.00174532925199433,238
-0.383794383716199,0.870178354255825,0.309016994374947,-0.349869987534761,0.897370114224159,0.268919820615266,1.98618468876955,1.94255145746969,0.314159265358979,0.272271363311115,0.591706095185082,-0.0436332312998582,-0.0418879020478639,26
-0.0446738224094897,0.983793962160919,-0.17364817766693,-0.0412267142599056,0.983639603417385,-0.175366726091987,1.61617488734675,1.61268422884276,-0.174532925199433,-0.176278254451427,0.591706095185082,-0.00349065850398844,-0.00174532925199433,158
0.14851411417695,0.982003817199777,0.116670737099333,0.115825730843683,0.985977454118168,0.120136838834647,1.42069801112338,1.45385926691128,0.11693705988362,0.120427718387609,0.591984414138603,0.033161255787892,0.00349065850398866,158
-0.865416583036266,0.412782535699545,-0.284015344703923,-0.86729902402739,0.409970370476915,-0.282341456842876,2.69653369433124,2.70002435283523,-0.287979326579064,-0.28623399732707,0.592541052045644,0.00349065850398844,0.00174532925199433,13
-0.279236351114267,0.936679716135392,0.211324796455389,-0.287614838644966,0.934906644223118,0.207911690817759,1.86052098262596,1.86924762888593,0.212930168743308,0.20943951023932,0.592541052045644,0.00872664625997155,-0.00349065850398864,12
0.444269078528672,0.832042047212172,0.332161131883703,0.446655960894988,0.826072918642353,0.343659694585616,1.08035880698449,1.07512281922851,0.3385938748869,0.35081117965086,0.593097689952686,-0.00523598775598266,0.0122173047639604,22
-0.384646645924441,0.910586142019093,-0.151260820247219,-0.417239417525455,0.898865379564746,-0.133986185418292,1.9704767255016,2.00538331054148,-0.151843644923507,-0.134390352403563,0.59448928472029,0.0349065850398866,0.0174532925199433,162
0.514401498494931,0.83942695318053,-0.175366726091987,0.46302861868509,0.874508882465549,-0.144356201000973,1.02101761241668,1.08384946548848,-0.176278254451427,-0.144862327915529,0.59448928472029,0.062831853071796,0.0314159265358979,22
0.649841097552922,0.752848157531196,-0.104528463267653,0.60908736734757,0.785230702462905,-0.111468932206325,0.85870199198121,0.91106186954104,-0.10471975511966,-0.111701072127637,0.59448928472029,0.0523598775598297,-0.00698131700797733,249
0.66233903704851,0.644096569308458,0.38268343236509,0.694077556453721,0.60976203245242,0.38268343236509,0.771435529381494,0.720820981073658,0.392699081698724,0.392699081698724,0.59448928472029,-0.050614548307836,0,228
-0.0355083301937436,0.968364934413077,-0.246999012722743,-0.0476358214741677,0.973985159904933,-0.221548497619467,1.60744824108678,1.61966554585074,-0.249582083035189,-0.223402144255274,0.595602560534372,0.0122173047639604,0.0261799387799149,36
0.831994804260452,0.474561457890666,-0.287360519849712,0.841458572556972,0.460685111999753,-0.282341456842876,0.518362787842316,0.500909495322373,-0.291469985083053,-0.28623399732707,0.595602560534372,-0.0174532925199431,0.00523598775598305,116
0.842946824072929,0.387712220383295,-0.372987782575809,0.857224155169099,0.346341040107702,-0.381070376350274,0.431096325242599,0.383972435438752,-0.382227106186758,-0.39095375244673,0.595602560534372,-0.0471238898038471,-0.00872664625997166,90
-0.162831373282024,0.973041917870416,-0.163325962241622,-0.235596714892209,0.959178005419002,-0.156434465040231,1.73660260573436,1.81165176357011,-0.164060949687467,-0.15707963267949,0.596159198441414,0.0750491578357559,0.00698131700797733,31
0.755242690045451,0.602902318636589,0.257132793154696,0.781538359545184,0.537136432932146,0.317304656405092,0.673697091269811,0.602138591938044,0.260054058547155,0.322885911618951,0.596159198441414,-0.0715584993317675,0.0628318530717958,26
-0.586437794699893,0.756031049352268,-0.290702193598252,-0.589073262772537,0.753979393434384,-0.290702193598252,2.23053078404875,2.23402144255274,-0.294960643587042,-0.294960643587042,0.596715836348455,0.00349065850398889,0,25
0.917538492800533,0.0818881289113925,-0.389123950140206,0.918121840578806,0.102983864976312,-0.38268343236509,0.0890117918517108,0.111701072127637,-0.399680398706701,-0.392699081698724,0.597550793209017,0.0226892802759262,0.00698131700797727,10
0.923090504289104,-0.361755212866133,-0.130526192220052,0.917735376839789,-0.372653692939401,-0.137444546037147,5.9096848472528,5.89746754248884,-0.130899693899575,-0.137881010907552,0.59838575006958,-0.0122173047639604,-0.00698131700797736,62
0.303601405533124,0.907368955384454,0.290702193598252,0.281785481473187,0.915958022597327,0.285688367404974,1.24791041517595,1.27234502470387,0.294960643587042,0.289724655831059,0.599499025883663,0.0244346095279209,-0.00523598775598294,54
0.41448243221112,0.876844364423271,0.243615011786023,0.425343478979929,0.868234063857126,0.255445757935791,1.12922802604033,1.11526539202438,0.2460914245312,0.258308729295161,0.599499025883663,-0.0139626340159547,0.0122173047639603,44
0.571826449172225,0.795780710216895,0.199367934417197,0.589941919650257,0.782879369528678,0.197657340379126,0.947713783832921,0.925024503556995,0.200712863979348,0.198967534727354,0.599499025883663,-0.0226892802759262,-0.0017453292519943,172
0.690345527079855,-0.690345527079855,0.216439613938103,0.695088686372537,-0.692666594027673,0.192521966525907,5.49778714378214,5.49953247303413,0.218166156499291,0.193731546971371,0.599499025883663,0.00174532925199422,-0.0244346095279206,138
0.916205956761615,0.240362133170435,-0.320612990585676,0.913179454270281,0.194102284987398,-0.3583679495453,0.256563400043166,0.20943951023932,-0.32637657012294,-0.366519142918809,0.600055663790704,-0.0471238898038471,-0.0401425727958696,37
0.486126312030452,-0.862735218198974,0.139173100960065,0.475284763620629,-0.864539775561501,0.163325962241622,5.22551578047102,5.21504380495906,0.139626340159546,0.164060949687467,0.600055663790704,-0.0104719755119644,0.0244346095279206,64
0.076009211439713,-0.987827861104931,-0.135715572434304,0.0898364219451333,-0.987136092202211,-0.132256390257122,4.78918346747244,4.80314610148839,-0.136135681655558,-0.132645023151569,0.600612301697746,0.0139626340159547,0.00349065850398866,12
-0.148483438282469,-0.981800982299921,-0.118403968306501,-0.107217153300804,-0.986950668469752,-0.120136838834647,4.56229066471318,4.60417856676104,-0.118682389135614,-0.120427718387609,0.601168939604787,0.0418879020478649,-0.00174532925199435,6
-0.214629368245761,-0.976190349522347,0.0314107590781283,-0.197598337643199,-0.979978553658886,0.0244321781526532,4.49596815313739,4.51342144565734,0.0314159265358979,0.0244346095279206,0.601168939604787,0.0174532925199431,-0.00698131700797732,110
0.620505746145992,-0.771753501429676,0.139173100960065,0.647219291727091,-0.749810766247675,0.137444546037147,5.38957673015849,5.42448331519838,0.139626340159546,0.137881010907552,0.601725577511829,0.0349065850398862,-0.0017453292519943,7
0.325114495099263,-0.93887464417193,0.113203213767907,0.385666129557161,-0.91746346749448,0.0975828997591495,5.04574686751561,5.1103240498394,0.113446401379631,0.0977384381116825,0.601725577511829,0.0645771823237897,-0.015707963267949,120
-0.0226400445092298,-0.997658764095302,0.064532308252958,0.0174251940200555,-0.99828869681754,0.0558215049931638,4.68969970010876,4.72984227290463,0.0645771823237902,0.0558505360638185,0.60228221541887,0.0401425727958697,-0.00872664625997165,29
-0.701057384649978,-0.701057384649978,-0.130526192220052,-0.707688459627304,-0.68819695577108,-0.159881187691835,3.92699081698724,3.91302818297129,-0.130899693899575,-0.160570291183478,0.60228221541887,-0.0139626340159547,-0.0296705972839036,12
-0.343365912625277,-0.828958643116558,0.441505852791745,-0.360502074908798,-0.829098010242206,0.427357863387192,4.31968989868597,4.30223660616602,0.457276264022514,0.441568300754565,0.602838853325911,-0.0174532925199431,-0.0157079632679489,31
-0.485536436805214,-0.837594306394327,0.250380004054441,-0.501106013393988,-0.82417460337137,0.263873049965373,4.1870448755344,4.16610092451046,0.253072741539178,0.267035375555132,0.602838853325911,-0.0209439510239324,0.0139626340159547,23
-0.856384682726951,-0.445805648424862,0.260504508642648,-0.868168381835218,-0.423434012183526,0.258819045102521,3.62155819788823,3.59537825910832,0.263544717051144,0.261799387799149,0.603395491232953,-0.0261799387799151,-0.00174532925199433,58
-0.912299768579061,-0.32665060839463,-0.246999012722743,-0.916861489820225,-0.306777563125545,-0.255445757935791,3.48542251623268,3.46447856520874,-0.249582083035189,-0.258308729295161,0.603395491232953,-0.0209439510239315,-0.00872664625997169,64
-0.0988111533543818,-0.972777679667309,-0.209618562903822,-0.136036283092902,-0.955840745448278,-0.260504508642648,4.61115988376902,4.57101731097315,-0.211184839491314,-0.263544717051144,0.603952129139994,-0.0401425727958689,-0.0523598775598298,21
-0.927271435347638,-0.32109652379515,0.192521966525907,-0.917297997121793,-0.337499947969531,0.211324796455389,3.47495054072071,3.49414916249265,0.193731546971371,0.212930168743308,0.603952129139994,0.0191986217719378,0.0191986217719376,76
-0.955162168049424,-0.243467783702329,0.168489379565003,-0.947951537573043,-0.261109355752535,0.182235525492147,3.39117473662498,3.41037335839692,0.16929693744345,0.183259571459405,0.604787086000557,0.0191986217719378,0.0139626340159547,35
-0.953126478201081,-0.216545022928472,0.211324796455389,-0.960053999107697,-0.14348103151588,0.240228042477264,3.36499479784507,3.28994564000931,0.212930168743308,0.242600766027212,0.604787086000557,-0.0750491578357559,0.0296705972839036,70
-0.95092502029748,0.278069935755498,0.135715572434304,-0.932820025257136,0.315742158845204,0.17364817766693,2.85710398551472,2.81521608346685,0.136135681655558,0.174532925199433,0.605343723907598,-0.0418879020478635,0.0383972435438752,15
-0.928246774041598,0.334189402194647,-0.163325962241622,-0.906197403584473,0.379070585354344,-0.187381314585725,2.79601746169492,2.74540291338708,-0.164060949687467,-0.188495559215388,0.605343723907598,-0.0506145483078351,-0.0244346095279206,150
0.03483806758293,-0.997631727192132,0.0593063735759616,0.0452352973747678,-0.996158601024415,0.0749787268263277,4.74729556542458,4.75776754093654,0.0593411945678072,0.0750491578357562,0.60617868076816,0.0104719755119662,0.015707963267949,83
-0.935759744186939,0.261268815068686,0.236838146065619,-0.909475338712877,0.318493734042216,0.267238376078257,2.86932129027868,2.80474410795489,0.239110107523223,0.270526034059121,0.60617868076816,-0.0645771823237906,0.0314159265358979,27
-0.726905328038456,0.654508497187474,0.207911690817759,-0.745321354891765,0.638817661955035,0.190808995376545,2.40855436775218,2.4329889772801,0.20943951023932,0.191986217719376,0.60617868076816,0.0244346095279204,-0.0174532925199433,66
-0.0972911686452689,-0.974731808309986,-0.201077921145965,-0.13004174477701,-0.974617544405985,-0.182235525492147,4.61290521302101,4.57974395723312,-0.202458193231342,-0.183259571459405,0.606456999721681,-0.0331612557878938,0.0191986217719376,40
-0.904388489802164,-0.12388581290078,-0.408330460381385,-0.890501272785228,-0.20068312906823,-0.408330460381385,3.27772833524535,3.36324946859307,-0.420624349730633,-0.420624349730633,0.607291956582243,0.0855211333477217,0,399
-0.914478672726282,0.0687599968006543,0.398749068925246,-0.913708491438101,0.0783324498861027,0.398749068925246,3.06654349575404,3.05607152024207,0.410152374218667,0.410152374218667,0.607291956582243,-0.0104719755119658,0,35
-0.40584884725932,0.862472702377209,-0.302369890750444,-0.41335979243248,0.858898207686884,-0.302369890750444,2.01061929829747,2.01934594455744,-0.307177948351002,-0.307177948351002,0.607291956582243,0.00872664625997155,0,11
0.100281391219085,0.98725190175696,0.123601476740493,0.076195086996674,0.990243529553345,0.116670737099333,1.46956723017923,1.49400183970715,0.123918376891597,0.11693705988362,0.607848594489285,0.0244346095279204,-0.0069813170079773,68
-0.0482876988149752,0.987313760869002,-0.151260820247219,-0.137644404602774,0.979390828966182,-0.147809411129611,1.61966554585074,1.71042266695444,-0.151843644923507,-0.148352986419518,0.608405232396326,0.0907571211037048,0.00349065850398866,237
0.539499939894263,0.840357520664999,-0.0523359562429438,0.511474433265734,0.858006344042418,-0.0471064507096427,1.00007366139275,1.03323491718064,-0.0523598775598299,-0.0471238898038469,0.608405232396326,0.0331612557878924,0.00523598775598298,25
-0.276511347695987,0.93348666552611,-0.228350870110656,-0.347594827508419,0.910260874166838,-0.224951054343865,1.85877565337396,1.93557014046171,-0.230383461263251,-0.226892802759263,0.608961870303368,0.0767944870877506,0.00349065850398866,7
0.534868652432654,0.836350802354906,-0.120136838834647,0.510912284860456,0.853672221627447,-0.101056297182946,1.00181899064475,1.03148958792865,-0.120427718387609,-0.101229096615671,0.608961870303368,0.0296705972839035,0.0191986217719376,32
0.728325102262362,0.562913608508463,0.390731128489274,0.770410043459205,0.509923283965793,0.38268343236509,0.657989128001862,0.5846852994181,0.401425727958696,0.392699081698724,0.609240189256888,-0.0733038285837617,-0.0087266462599716,231
0.867265691306586,0.47088685019578,0.161603821103361,0.856731826416587,0.496630069140057,0.139173100960065,0.497418836818384,0.525344104850293,0.162315620435473,0.139626340159546,0.60979682716393,0.0279252680319093,-0.0226892802759263,8
0.893247441040361,0.32335105961293,-0.312334918512233,0.89683876847302,0.322881824405403,-0.302369890750444,0.347320521146872,0.345575191894877,-0.317649923862968,-0.307177948351002,0.60979682716393,-0.00174532925199422,0.010471975511966,146
0.887887748105772,0.288492217403447,0.3583679495453,0.897629713479284,0.203936467333816,0.390731128489274,0.314159265358979,0.223402144255274,0.366519142918809,0.401425727958696,0.610353465070971,-0.0907571211037053,0.0349065850398865,39
0.907604514847219,0.186304450977926,-0.376224263139366,0.911096893471674,0.175449607453098,-0.372987782575809,0.202458193231342,0.190240888467382,-0.385717764690747,-0.382227106186758,0.610353465070971,-0.0122173047639604,0.00349065850398872,114
0.732274171178758,0.616632109591702,0.289031796944472,0.770600489881898,0.578583213846405,0.267238376078257,0.699877030049726,0.644026493985907,0.293215314335047,0.270526034059121,0.612580016699137,-0.0558505360638186,-0.0226892802759263,18
0.737939058721897,0.464705026369339,0.489382451748846,0.738450684791153,0.450752223117373,0.501510737159457,0.561996019142174,0.548033385126219,0.511381470834338,0.525344104850293,0.612580016699137,-0.0139626340159547,0.0139626340159547,26
0.705398712581571,-0.641863442199941,-0.300705799504273,0.758730971489773,-0.601362757802545,-0.250380004054441,5.54491103358598,5.61297887441376,-0.305432619099008,-0.253072741539178,0.612858335652658,0.0680678408277799,0.0523598775598298,15
0.394973210446915,0.904057958920281,0.163325962241622,0.394144895651952,0.90216202126408,0.175366726091987,1.15889862332423,1.15889862332423,0.164060949687467,0.176278254451427,0.613971611466741,0,0.0122173047639603,13
0.512121900556387,-0.852313971558347,0.106264071336233,0.496785927838294,-0.860458467501171,0.113203213767907,5.25344104850293,5.23598775598299,0.106465084371654,0.113446401379631,0.613971611466741,-0.0174532925199431,0.00698131700797733,17
0.491386175180202,-0.858008629270676,0.14953534344371,0.474311149304456,-0.866347038889764,0.156434465040231,5.232497097479,5.21329847570706,0.150098315671512,0.15707963267949,0.613971611466741,-0.0191986217719391,0.00698131700797733,41
0.1046817277085,-0.979531582115184,-0.17192910027941,0.140149015416407,-0.972566790204702,-0.185666615385577,4.81885406475634,4.85550597904822,-0.172787595947439,-0.186750229963393,0.614806568327303,0.0366519142918804,-0.0139626340159546,228
0.0387643348624742,-0.965147671724327,0.258819045102521,-0.0067588906843366,-0.968124047303038,0.250380004054441,4.75253155318056,4.70540766337671,0.261799387799149,0.253072741539178,0.614806568327303,-0.0471238898038466,-0.0087266462599716,32
0.826878020651122,0.514686238208529,-0.226651307436855,0.829967120801984,0.506614094239244,-0.233445363855905,0.556760031386191,0.548033385126219,-0.228638132011257,-0.235619449019234,0.615084887280824,-0.00872664625997155,-0.00698131700797733,36
0.795670786288938,-0.421285995477535,0.435231099372328,0.799935220633821,-0.416419918437808,0.432085748801982,5.79623844587317,5.80321976288115,0.450294947014537,0.446804288510548,0.615919844141386,0.00698131700797688,-0.00349065850398866,64
-0.165280525505876,-0.966930899648293,0.194234351219972,-0.148727943830228,-0.971941465301606,0.182235525492147,4.54309204294124,4.56054533546118,0.195476876223365,0.183259571459405,0.615919844141386,0.0174532925199431,-0.0122173047639603,13
-0.182155316369714,-0.982822137866324,0.0296662440851108,-0.170151172621746,-0.985070223807791,0.0261769483078731,4.52912940892528,4.54134671368925,0.0296705972839036,0.0261799387799149,0.615919844141386,0.0122173047639604,-0.00349065850398866,10
0.98783798361253,-0.0155181991029837,-0.154710386299468,0.984423791281166,-0.0274974462917768,-0.17364817766693,6.26747734391164,6.25526003914768,-0.155334303427495,-0.174532925199433,0.616198163094907,-0.0122173047639604,-0.0191986217719376,24
0.606895022585898,-0.760244263895839,-0.231747903494157,0.610789079450393,-0.75966840537516,-0.223250116010951,5.3860860716545,5.38957673015849,-0.23387411976724,-0.225147473507269,0.616754801001948,0.00349065850398844,0.00872664625997166,47
-0.666796830384445,-0.725136105477013,0.17192910027941,-0.66235459247476,-0.7330423522544,0.154710386299468,3.96887871903511,3.97760536529508,0.172787595947439,0.155334303427495,0.616754801001948,0.00872664625997199,-0.0174532925199433,60
-0.12100580674593,-0.957859590812045,-0.260504508642648,-0.0846399294732366,-0.967438820781125,-0.238533457578581,4.5867252742411,4.62512251778497,-0.263544717051144,-0.240855436775218,0.61758975786251,0.0383972435438755,0.0226892802759262,17
-0.4906683980546,-0.863732582798121,-0.114937150492867,-0.356718094594033,-0.929282407405324,-0.095845752520224,4.19577152179437,4.34586983746588,-0.115191730631626,-0.0959931088596881,0.61758975786251,0.150098315671512,0.0191986217719376,126
-0.774060120892437,-0.539991819802296,0.330514392713223,-0.801512946547156,-0.495024485121075,0.335451569750255,3.75071256253581,3.694862026472,0.336848545634906,0.342084533390889,0.61758975786251,-0.0558505360638191,0.005235987755983,50
-0.195603751331286,-0.952907173701191,-0.231747903494157,-0.237386206901877,-0.938141155374629,-0.252069358243114,4.50993078715335,4.4645522266015,-0.23387411976724,-0.254818070791172,0.618146395769552,-0.0453785605518524,-0.0209439510239319,62
-0.88107844848817,-0.259315489340475,-0.395545502562965,-0.883664653785143,-0.191055060785932,-0.427357863387192,3.42782665091686,3.3545228223331,-0.406661715714679,-0.441568300754565,0.618146395769552,-0.0733038285837622,-0.0349065850398866,103
-0.679634801684385,-0.638219559910513,0.361624570082092,-0.664733579693391,-0.655516346681536,0.3583679495453,3.89557489045134,3.92000949997926,0.370009801422798,0.366519142918809,0.618424714723073,0.02443460952792,-0.00349065850398861,11
-0.271615227539175,-0.947234867687255,-0.170209499166033,-0.248539388294616,-0.954157407132009,-0.166768746716102,4.4331363000656,4.45757090959352,-0.171042266695444,-0.167551608191456,0.618703033676593,0.02443460952792,0.00349065850398869,45
-0.774008046110768,0.546002614300977,0.320612990585676,-0.758681413900064,0.571707452182108,0.312334918512233,2.52723675688779,2.49582083035189,0.32637657012294,0.317649923862968,0.618981352630114,-0.0314159265358982,-0.00872664625997166,75
-0.583020925185283,-0.8024594606814,-0.12706460860135,-0.559204896191173,-0.819763721460878,-0.123601476740493,4.08407044966673,4.11374104695063,-0.127409035395586,-0.123918376891597,0.619537990537156,0.0296705972839035,0.00349065850398865,47
-0.941627060275874,-0.125639874379803,0.312334918512233,-0.93846813981359,-0.17562953858062,0.297374874077786,3.27423767674136,3.32659755430119,0.317649923862968,0.301941960595019,0.620651266351239,0.0523598775598297,-0.0157079632679489,140
-0.971501670711223,0.155609356000173,0.17880221511635,-0.970431795064365,0.143300899977321,0.194234351219972,2.98276769165831,2.99498499642227,0.179768912955416,0.195476876223365,0.620651266351239,0.01221730476396,0.015707963267949,29
-0.68972875198015,0.716734220665336,0.102792536787247,-0.803655449119962,0.583889861648901,0.114937150492867,2.33699586842041,2.51327412287183,0.102974425867665,0.115191730631626,0.620651266351239,0.176278254451427,0.0122173047639603,22
-0.479920455926348,0.872972068562076,-0.0871557427476582,-0.507104359479635,0.857466643726071,-0.0871557427476582,2.07345115136926,2.10486707790516,-0.0872664625997165,-0.0872664625997165,0.620651266351239,0.0314159265358973,0,4
-0.40218975756062,0.886622399352191,0.228350870110656,-0.436167171271066,0.878653068913751,0.194234351219972,1.99665666428151,2.0315632493214,0.230383461263251,0.195476876223365,0.620929585304759,0.0349065850398871,-0.0349065850398866,8
-0.333043613552574,0.872155011572221,0.3583679495453,-0.359789388291843,0.860104218327944,0.361624570082092,1.93557014046171,1.96698606699761,0.366519142918809,0.370009801422798,0.621486223211801,0.0314159265358978,0.00349065850398861,67
0.0658076971848881,0.990782441952064,0.118403968306501,0.0657069179947798,0.989265138409396,0.130526192220052,1.50447381521911,1.50447381521911,0.118682389135614,0.130899693899575,0.621486223211801,0,0.0122173047639603,41
0.471900613845641,0.834081511233517,-0.285688367404974,0.463552053669514,0.843198055388116,-0.272280247040574,1.05592419745657,1.06814150222053,-0.289724655831059,-0.275762021815104,0.621764542165322,0.0122173047639604,0.0139626340159546,185
-0.264330797769702,0.946726533883037,-0.18395135061272,-0.27569532987687,0.942804501489153,-0.187381314585725,1.84306769010601,1.85528499486997,-0.185004900711399,-0.188495559215388,0.622042861118842,0.0122173047639604,-0.00349065850398869,29
-0.381655727291651,0.921398432984871,-0.0732381971276317,-0.439957429623837,0.89411155828232,-0.0836778433323155,1.96349540849362,2.02807259081741,-0.0733038285837618,-0.0837758040957278,0.622321180072363,0.0645771823237902,-0.010471975511966,51
-0.558645846616672,0.794872637990605,-0.236838146065619,-0.544179695963297,0.800736106386487,-0.250380004054441,2.18340689424491,2.16769893097696,-0.239110107523223,-0.253072741539178,0.622877817979404,-0.0157079632679484,-0.0139626340159547,165
0.620142291255934,0.733839302340521,0.277314653302378,0.615237250706061,0.741056850331944,0.268919820615266,0.869173967493176,0.877900613753148,0.280998009571087,0.272271363311115,0.622877817979404,0.00872664625997155,-0.00872664625997166,20
-0.212966084554276,0.937373722112922,-0.275637355816999,-0.211223650262877,0.937273253983814,-0.277314653302378,1.79419847105017,1.79245314179818,-0.279252680319093,-0.280998009571087,0.623434455886446,-0.00174532925199422,-0.00174532925199433,54
0.871199564950399,-0.486896979542361,-0.0627905195293134,0.900386631960962,-0.429462393413882,-0.0697564737441253,5.77354916559724,5.83812634792103,-0.0628318530717959,-0.0698131700797732,0.623712774839967,0.0645771823237906,-0.00698131700797731,77
0.781182820210687,-0.463832415901048,0.417867073801077,0.747476084855808,-0.509893613848005,0.425779291565073,5.74736922681733,5.68453737374553,0.431096325242599,0.439822971502571,0.624269412747008,-0.0628318530717955,0.0087266462599716,84
0.976839436906199,0.14598963200295,0.156434465040231,0.963024952633592,0.224102926500837,0.14953534344371,0.148352986419518,0.228638132011257,0.15707963267949,0.150098315671512,0.624547731700529,0.080285145591739,-0.00698131700797733,118
0.728788741249196,-0.679606495822152,0.0836778433323155,0.753625781713861,-0.652811130312166,0.0767190281268186,5.53269372882202,5.56934564311391,0.0837758040957278,0.0767944870877505,0.62482605065405,0.0366519142918822,-0.00698131700797731,21
0.129999481134645,-0.974300793139613,-0.18395135061272,0.133399633575745,-0.973841074492965,-0.18395135061272,4.84503400353626,4.84852466204025,-0.185004900711399,-0.185004900711399,0.62510436960757,0.00349065850398844,0,78
0.699210674839524,0.62957211944173,0.338737920245291,0.737911447100932,0.591178545822469,0.325568154457157,0.733038285837618,0.675442420521806,0.345575191894877,0.331612557878923,0.626217645421653,-0.0575958653158128,-0.0139626340159546,10
0.895522278833651,-0.180568965473068,0.4067366430758,0.88444686732889,-0.213970216075429,0.414693242656239,6.08421777245223,6.04582052890836,0.418879020478639,0.427605666738611,0.626217645421653,-0.0383972435438755,0.0087266462599716,78
0.342869201616852,-0.931891201198882,-0.118403968306501,0.370046662504147,-0.920519987905671,-0.125333233564304,5.06494548928754,5.09461608657145,-0.118682389135614,-0.125663706143592,0.626217645421653,0.0296705972839026,-0.00698131700797733,9
-0.101831936685359,-0.907852168500102,-0.4067366430758,-0.156819990920249,-0.898538033014682,-0.409923033841573,4.60068790825705,4.53960138443725,-0.418879020478639,-0.422369678982628,0.626217645421653,-0.0610865238198022,-0.00349065850398872,50
0.972346224428621,0.00678836752020433,-0.233445363855905,0.973030652921067,0.0169843132238832,-0.230049737188104,0.00698131700797732,0.0174532925199433,-0.235619449019234,-0.232128790515246,0.626774283328695,0.0104719755119658,0.00349065850398864,21
0.271254662776048,-0.939783824474306,-0.207911690817759,0.243394778054614,-0.954875755483086,-0.170209499166033,4.99338698995578,4.96197106341988,-0.20943951023932,-0.171042266695444,0.626774283328695,-0.0314159265358986,0.0383972435438752,9
0.424054060197832,-0.905258483200804,-0.0261769483078731,0.400275253083083,-0.916193855019004,-0.0191974423996897,5.15046662263527,5.12428668385535,-0.0261799387799149,-0.0191986217719376,0.627052602282215,-0.0261799387799151,0.00698131700797732,59
-0.13120232906979,-0.970393354103713,-0.202787295356512,-0.182504897123651,-0.956724175174355,-0.226651307436855,4.57799862798113,4.5238934211693,-0.204203522483337,-0.228638132011257,0.627330921235736,-0.0541052068118235,-0.0244346095279206,15
-0.231001415329493,-0.969642448870853,0.0801989243288589,-0.140485961095531,-0.987105812696056,0.0767190281268186,4.47851486061745,4.57101731097315,0.0802851455917391,0.0767944870877505,0.628444197049819,0.092502450355699,-0.00349065850398865,302
-0.870506477428954,-0.455089788611391,0.187381314585725,-0.880794828239941,-0.422006172718157,0.214735327167063,3.62330352714023,3.58839694210034,0.188495559215388,0.216420827247297,0.628444197049819,-0.0349065850398862,0.0279252680319093,17
-0.941348046982595,-0.179571743800453,0.285688367404974,-0.924466805346657,-0.259855899611986,0.278991106039229,3.33008821280518,3.4156093461529,0.289724655831059,0.282743338823081,0.628444197049819,0.0855211333477213,-0.00698131700797733,82
-0.121356331075087,-0.874567946270253,0.469471562785891,-0.101043583212438,-0.886848147990084,0.450877540689431,4.57450796947714,4.59894257900506,0.488692190558412,0.46774823953448,0.629557472863902,0.0244346095279209,-0.0209439510239319,27
-0.274209042061366,-0.925714211962115,0.260504508642648,-0.252092601965391,-0.934296718751181,0.252069358243114,4.42440965380563,4.44884426333355,0.263544717051144,0.254818070791172,0.629557472863902,0.02443460952792,-0.00872664625997166,99
-0.996178167562816,0.0417522358020002,-0.0767190281268186,-0.996765214858011,0.00521909815552012,-0.0801989243288589,3.09970475154193,3.13635666583381,-0.0767944870877505,-0.0802851455917391,0.629557472863902,0.0366519142918809,-0.00349065850398865,37
0.113266120368353,-0.860341599620339,0.496973961027555,0.172201804807579,-0.854025785973455,0.490903753615141,4.84328867428426,4.91135651511204,0.52010811709431,0.513126800086333,0.629835791817423,0.0680678408277791,-0.00698131700797744,30
-0.901924300759236,0.358919271295797,0.240228042477264,-0.888230405515153,0.380696038070861,0.257132793154696,2.76285620590702,2.73667626712711,0.242600766027212,0.260054058547155,0.630392429724464,-0.0261799387799146,0.0174532925199433,15
-0.866773658833091,0.490396941017977,0.0906325801977802,-0.928874765028781,0.365893500479205,0.0575640269595673,2.62672052425147,2.76634686441101,0.0907571211037051,0.0575958653158129,0.630392429724464,0.139626340159546,-0.0331612557878923,304
-0.706164588762995,0.596755345049753,0.381070376350274,-0.681155441263304,0.624163965181159,0.38268343236509,2.43997029428807,2.3998277214922,0.39095375244673,0.392699081698724,0.630670748677985,-0.0401425727958697,0.00174532925199433,102
-0.7235372622377,0.653766084586935,-0.221548497619467,-0.792272427935711,0.563038707886503,-0.23514211310259,2.40680903850018,2.5237460983838,-0.223402144255274,-0.237364778271229,0.631227386585026,0.11693705988362,-0.0139626340159546,33
-0.368085718150425,0.893042891459254,0.258819045102521,-0.464504703202046,0.848435198623486,0.253757944584806,1.96175007924163,2.07170582211727,0.261799387799149,0.256563400043166,0.631227386585026,0.109955742875643,-0.005235987755983,257
0.0667429057691085,0.979020263801773,0.192521966525907,-0.00680777147179622,0.975125590603664,0.221548497619467,1.50272848596712,1.57777764380287,0.193731546971371,0.223402144255274,0.632062343445589,0.0750491578357564,0.0296705972839036,104
0.493180520039166,0.827318019103991,-0.268919820615266,0.502971202297477,0.827242300193316,-0.250380004054441,1.03323491718064,1.02450827092067,-0.272271363311115,-0.253072741539178,0.632062343445589,-0.00872664625997199,0.0191986217719376,24
-0.81121389493041,0.427704567082329,0.398749068925246,-0.834055448897202,0.404995565820433,0.374606593415912,2.65639112153537,2.68955237732326,0.410152374218667,0.383972435438752,0.632340662399109,0.033161255787892,-0.026179938779915,15
-0.599100182422411,0.797926526409045,-0.0662739004000001,-0.685948193709298,0.725369876922904,-0.0575640269595673,2.2148228207808,2.32826922216044,-0.0663225115757845,-0.0575958653158129,0.633175619259672,0.113446401379631,0.00872664625997165,18
0.769310917497623,0.560991169932718,0.305695304963106,0.730944220869732,0.626494967748987,0.270600445975864,0.630063859969953,0.708603676309698,0.310668606854991,0.27401669256311,0.633175619259672,0.0785398163397448,-0.0366519142918809,13
0.937344418093714,0.330091076858096,0.111468932206325,0.943557151597354,0.306580303075399,0.125333233564304,0.3385938748869,0.314159265358979,0.111701072127637,0.125663706143592,0.633732257166713,-0.0244346095279204,0.0139626340159546,10
0.87139523845366,-0.369885333688542,-0.322265695230511,0.870614439982141,-0.373145825599446,-0.320612990585676,5.88175957922089,5.8782689207169,-0.328121899374934,-0.32637657012294,0.634288895073755,-0.00349065850398844,0.00174532925199433,29
0.895388140723445,-0.44058558605946,-0.064532308252958,0.882157774297824,-0.463143185729482,-0.0854169231373675,5.82590904315707,5.79972910437716,-0.0645771823237902,-0.0855211333477222,0.634288895073755,-0.0261799387799142,-0.020943951023932,18
0.633086742623633,0.718095952271873,0.289031796944472,0.623343673650267,0.729841669832412,0.280666708920788,0.848230016469244,0.863937979737193,0.293215314335047,0.284488668075076,0.635123851934317,0.0157079632679489,-0.00872664625997166,7
0.56169524300083,-0.787467687940485,-0.253757944584806,0.584540564978498,-0.770103754468986,-0.255445757935791,5.33198086484268,5.36165146212658,-0.256563400043166,-0.258308729295161,0.635123851934317,0.0296705972839035,-0.00174532925199439,122
0.552528681318375,-0.831622520077996,-0.0558215049931638,0.588703254980092,-0.804360994897402,-0.0801989243288589,5.29881960905478,5.34419816960664,-0.0558505360638185,-0.0802851455917391,0.635123851934317,0.0453785605518524,-0.0244346095279206,166
0.925268234539071,-0.35147643082144,-0.142628933705512,0.92739896358609,-0.348586353344872,-0.135715572434304,5.92015682276477,5.92364748126875,-0.143116998663535,-0.136135681655558,0.635958808794879,0.00349065850398844,0.0069813170079773,24
0.75414753905735,-0.497268680560286,0.428935133403146,0.817575758709518,-0.464447672582518,0.34037955021305,5.70024533701348,5.76656784858926,0.44331363000656,0.347320521146872,0.635958808794879,0.0663225115757839,-0.0959931088596881,13
0.897976920167771,0.430238451815713,-0.0923705874465616,0.903445019722369,0.417450205429874,-0.0975828997591495,0.446804288510548,0.432841654494594,-0.0925024503556995,-0.0977384381116825,0.63651544670192,-0.0139626340159547,-0.005235987755983,32
0.992691764594442,0.088595379731997,-0.0819385086300409,0.988971083902976,0.126690117716613,-0.0767190281268186,0.0890117918517108,0.127409035395586,-0.0820304748437335,-0.0767944870877505,0.63651544670192,0.0383972435438751,0.005235987755983,51
0.957739152730603,0.191375167128135,0.214735327167063,0.959129084677046,0.176033127930876,0.221548497619467,0.197222205475359,0.18151424220741,0.216420827247297,0.223402144255274,0.637350403562483,-0.0157079632679489,0.00698131700797733,32
0.951412318995885,0.0798923246006314,-0.297374874077786,0.949681571202417,0.12840198615282,-0.285688367404974,0.0837758040957278,0.134390352403563,-0.301941960595019,-0.289724655831059,0.637350403562483,0.0506145483078355,0.0122173047639603,48
0.864055494150783,-0.494849247349759,-0.0923705874465616,0.872133120164816,-0.481443347879776,-0.0871557427476582,5.76307719008528,5.77878515335323,-0.0925024503556995,-0.0872664625997165,0.637350403562483,0.0157079632679498,0.00523598775598298,32
-0.675253949154353,-0.636327131435264,0.372987782575809,-0.704972647617779,-0.604234637230863,0.371367835550235,3.89732021970334,3.85019632989949,0.382227106186758,0.380481776934764,0.638463679376566,-0.0471238898038471,-0.00174532925199433,37
-0.0642489245621942,-0.96731399355427,0.245307385878803,-0.0321981302896169,-0.970600365764129,0.238533457578581,4.6460664688089,4.6792277245968,0.247836753783195,0.240855436775218,0.639298636237128,0.0331612557878929,-0.00698131700797727,30
-0.775467978476834,-0.555180544058911,0.300705799504273,-0.773742134002464,-0.553944960771354,0.307356617799807,3.76292986729977,3.76292986729977,0.305432619099008,0.312413936106985,0.639298636237128,0,0.00698131700797727,12
-0.915120787400938,-0.388445728041602,-0.107999355706023,-0.894170178985208,-0.432258753662964,-0.116670737099333,3.54301838154849,3.59188760060433,-0.108210413623648,-0.11693705988362,0.639298636237128,0.0488692190558413,-0.00872664625997166,103
-0.992843008416005,0.0155968243155227,0.118403968306501,-0.994515836400552,0.00347152926153816,0.104528463267653,3.12588469032184,3.1381019950858,0.118682389135614,0.10471975511966,0.64013359309769,0.0122173047639604,-0.0139626340159546,163
-0.974421696292375,0.07155705638317,0.213030386274977,-0.977525885025506,0.0512299608258766,0.20449605184179,3.06828882500603,3.08923277602996,0.214675497995303,0.205948851735331,0.64013359309769,0.0209439510239315,-0.00872664625997166,6
-0.955137480081993,0.239913952357035,0.17364817766693,-0.948958438199013,0.240123400259138,0.20449605184179,2.89550122905859,2.8937558998066,0.174532925199433,0.205948851735331,0.640690231004731,-0.00174532925199422,0.0314159265358979,36
-0.959944320192276,0.275259604400511,0.0523359562429438,-0.965468225874907,0.251485635895335,0.0680152906652482,2.8623399732707,2.88677458279862,0.0523598775598299,0.0680678408277788,0.640690231004731,0.0244346095279204,0.015707963267949,148
-0.823647699337449,0.553468284839969,-0.123601476740493,-0.84351437509457,0.525041456840728,-0.113203213767907,2.54992603716372,2.5848326222036,-0.123918376891597,-0.113446401379631,0.640968549958252,0.0349065850398866,0.010471975511966,168
-0.82778863146783,0.479852285864913,0.290702193598252,-0.851657351098858,0.458570236582544,0.253757944584806,2.6162485487395,2.6476644752754,0.294960643587042,0.256563400043166,0.641803506818814,0.0314159265358978,-0.0383972435438752,17
-0.647866025525596,0.758553654885699,-0.0697564737441253,-0.682938158720485,0.722186854167844,-0.109734311091045,2.2776546738526,2.32826922216044,-0.0698131700797732,-0.109955742875643,0.641803506818814,0.0506145483078355,-0.0401425727958696,23
-0.965844852249419,-0.18075295105354,0.185666615385577,-0.966898123093365,-0.154871987139441,0.202787295356512,3.32659755430119,3.30041761552128,0.186750229963393,0.204203522483337,0.642638463679377,-0.0261799387799146,0.0174532925199433,40
-0.502871308210622,0.840236728678608,0.202787295356512,-0.498284041407117,0.84255230037079,0.20449605184179,2.11010306566114,2.10486707790516,0.204203522483337,0.205948851735331,0.642638463679377,-0.00523598775598355,0.00174532925199433,49
-0.152910918518112,0.954654762597745,0.255445757935791,-0.172870163508772,0.951243066372134,0.255445757935791,1.72962128872638,1.75056523975031,0.258308729295161,0.258308729295161,0.642916782632897,0.0209439510239315,0,91
-0.900101078404062,-0.340119854944354,0.272280247040574,-0.896768725317138,-0.324625746726243,0.300705799504273,3.50287580875262,3.48891317473666,0.275762021815104,0.305432619099008,0.64403005844698,-0.0139626340159551,0.0296705972839035,122
-0.950510875278883,-0.169311774408707,0.260504508642648,-0.921359919795771,-0.28697165852669,0.262189178640865,3.31787090804122,3.44353461418481,0.263544717051144,0.265290046303138,0.64403005844698,0.125663706143592,0.00174532925199433,67
-0.901678088587553,0.366133504313359,-0.230049737188104,-0.919416844449222,0.323777781578867,-0.223250116010951,2.75587488889905,2.80299877870289,-0.232128790515246,-0.225147473507269,0.64403005844698,0.0471238898038466,0.00698131700797733,34
0.010190919062213,0.973125512762024,0.230049737188104,0.0604181677141572,0.960319276116848,0.272280247040574,1.56032435128293,1.5079644737231,0.232128790515246,0.275762021815104,0.645143334261063,-0.0523598775598302,0.0436332312998583,119
0.190129672186514,0.960225011408976,0.20449605184179,0.196235313702145,0.955983905664332,0.218143241396543,1.37531945057153,1.36833813356355,0.205948851735331,0.219911485751285,0.645143334261063,-0.00698131700797688,0.0139626340159546,29
0.210705396546003,0.912665341720489,-0.350207381259467,0.238755970029196,0.910083627016393,-0.338737920245291,1.34390352403563,1.31423292675173,-0.357792496658838,-0.345575191894877,0.645143334261063,-0.0296705972839035,0.0122173047639603,109
0.259756599933309,0.930343598184728,-0.258819045102521,0.334317759159765,0.903778339119416,-0.267238376078257,1.29852496348378,1.21649448864005,-0.261799387799149,-0.270526034059121,0.645143334261063,-0.0820304748437337,-0.00872664625997166,34
-0.0936750573119966,0.990978594804866,-0.095845752520224,-0.114408002651756,0.988799474440125,-0.095845752520224,1.66504410640259,1.68598805742652,-0.0959931088596881,-0.0959931088596881,0.645421653214584,0.0209439510239315,0,18
0.65586053947677,0.560157819124759,-0.506033764121164,0.645444388666149,0.557132651178474,-0.522498564715949,0.706858347057703,0.712094334813686,-0.530580092606276,-0.549778714378214,0.645978291121625,0.00523598775598311,-0.0191986217719377,1
0.586344194535709,0.758640738101364,0.284015344703923,0.608539139062697,0.743489542154168,0.277314653302378,0.912807198793034,0.884881930761125,0.287979326579064,0.280998009571087,0.646534929028667,-0.0279252680319093,-0.00698131700797727,8
-0.880750490334671,0.429570716531581,0.199367934417197,-0.865089354602244,0.458041235408988,0.20449605184179,2.68780704807127,2.65464579228338,0.200712863979348,0.205948851735331,0.647369885889229,-0.033161255787892,0.00523598775598302,4
-0.10760797938218,0.889224426230224,-0.444635179184927,-0.108252544888176,0.894550828561422,-0.433659084587544,1.69122404518251,1.69122404518251,-0.460766922526503,-0.448549617762543,0.64764820484275,0,0.0122173047639603,22
-0.356089369877392,0.908632977000797,0.218143241396543,-0.409705308625288,0.878615869716434,0.245307385878803,1.94429678672168,2.00712863979348,0.219911485751285,0.247836753783195,0.648483161703312,0.0628318530717955,0.0279252680319093,11
0.829577380039564,0.10185929434314,-0.549022817998132,0.833753342634146,0.106806266476546,-0.54170821028274,0.122173047639603,0.127409035395586,-0.581194640914112,-0.57246799465414,0.648483161703312,0.00523598775598311,0.00872664625997177,7
0.861676774713611,-0.303444293237782,-0.4067366430758,0.86361905011757,-0.295682889932359,-0.408330460381385,5.94459143229269,5.95331807855266,-0.418879020478639,-0.420624349730633,0.648483161703312,0.00872664625997199,-0.00174532925199433,44
0.48301718833908,0.816737461638302,-0.315649036947102,0.468247777632713,0.834407726102287,-0.290702193598252,1.03672557568463,1.05941485596056,-0.321140582366957,-0.294960643587042,0.649318118563874,0.0226892802759262,0.0261799387799149,202
0.877362508991992,0.458674035294944,0.140901231937583,0.874402886387374,0.461020342865223,0.151260820247219,0.481710873550435,0.485201532054424,0.141371669411541,0.151843644923507,0.649318118563874,0.00349065850398844,0.010471975511966,7
0.838643433104677,-0.44967666339834,-0.307356617799807,0.835160766450907,-0.451569741874598,-0.313992455967405,5.79100245811719,5.7875117996132,-0.312413936106985,-0.319395253114962,0.649318118563874,-0.00349065850398844,-0.00698131700797738,57
0.59685015436404,-0.763933360751401,-0.245307385878803,0.569502451441288,-0.789634623051744,-0.228350870110656,5.37561409614253,5.33721685259866,-0.247836753783195,-0.230383461263251,0.649596437517395,-0.0383972435438746,0.0174532925199433,83
0.158242863250926,-0.93558798715274,0.315649036947102,0.236112514906203,-0.919597530390456,0.313992455967405,4.87994058857615,4.96371639267187,0.321140582366957,0.319395253114962,0.649874756470916,0.083775804095727,-0.00174532925199428,39
0.917056016092481,-0.132149790668878,0.376224263139366,0.91051348644825,-0.144211168959049,0.387515586452103,6.14006830851605,6.1261056745001,0.385717764690747,0.397935069454707,0.650431394377957,-0.0139626340159547,0.0122173047639603,18
0.296150997634456,-0.950831384634946,-0.0906325801977802,0.394533215761218,-0.916095877686941,-0.0714974443326859,5.01433094097971,5.11905069609937,-0.0907571211037051,-0.0715584993317675,0.650431394377957,0.104719755119659,0.0191986217719376,6
0.800484504916571,-0.590168075852443,-0.104528463267653,0.820598913818125,-0.566093272295373,-0.0784590957278449,5.64788545945365,5.67930138598955,-0.10471975511966,-0.0785398163397448,0.650988032284999,0.0314159265358969,0.0261799387799149,66
0.278456864319626,-0.928145065400485,0.246999012722743,0.37638704880339,-0.89103293713149,0.253757944584806,5.00385896546774,5.11206937909139,0.249582083035189,0.256563400043166,0.650988032284999,0.108210413623649,0.0069813170079773,28
0.987373743219324,0.114243039921185,-0.109734311091045,0.982313304756333,0.145055408682217,-0.118403968306501,0.115191730631626,0.146607657167524,-0.109955742875643,-0.118682389135614,0.651266351238519,0.0314159265358978,-0.00872664625997166,54
-0.853654383688018,-0.453896087186086,0.255445757935791,-0.871685639116993,-0.423267804434958,0.246999012722743,3.63028484414821,3.59363292985632,0.258308729295161,0.249582083035189,0.65154467019204,-0.0366519142918804,-0.00872664625997169,21
-0.819792214995512,-0.353058306140221,-0.450877540689431,-0.830489482439581,-0.335539531185857,-0.444635179184927,3.54825436930447,3.52556508902855,-0.46774823953448,-0.460766922526503,0.652101308099082,-0.0226892802759262,0.00698131700797738,28
-0.924215183799541,-0.332737940395301,0.187381314585725,-0.912411612365094,-0.348416114563871,0.214735327167063,3.48716784548467,3.50636646725661,0.188495559215388,0.216420827247297,0.652101308099082,0.0191986217719373,0.0279252680319093,64
-0.941393840877153,-0.118925698791005,0.315649036947102,-0.936010487164649,-0.111612493235672,0.333806859233771,3.26725635973339,3.26027504272541,0.321140582366957,0.340339204138894,0.652657946006123,-0.00698131700797688,0.0191986217719377,4
-0.992299470138014,-0.0415896702140778,0.116670737099333,-0.990040003292606,-0.0432260800609014,0.133986185418292,3.18348055563766,3.18522588488965,0.11693705988362,0.134390352403563,0.653771221820206,0.00174532925199422,0.0174532925199433,29
-0.899744133736978,0.0613384014148192,-0.432085748801982,-0.90754382507287,0.0205950504653345,-0.419452082446177,3.07352481276201,3.11890337331387,-0.446804288510548,-0.432841654494594,0.653771221820206,0.0453785605518529,0.0139626340159547,43
-0.987432259834416,0.152862590146907,0.0401317925325597,-0.981809155628276,0.18906664283802,0.0174524064372835,2.98800367941429,2.95135176512241,0.0401425727958696,0.0174532925199433,0.653771221820206,-0.0366519142918809,-0.0226892802759263,12
-0.922281352156541,0.301448011925384,0.241921895599668,-0.919944945052548,0.314967554148755,0.233445363855905,2.82568805897882,2.81172542496286,0.244346095279206,0.235619449019234,0.653771221820206,-0.0139626340159547,-0.00872664625997166,24
-0.969106855635949,-0.0558783497156631,0.240228042477264,-0.967320597175262,-0.110212260661875,0.228350870110656,3.19918851890561,3.25503905496943,0.242600766027212,0.230383461263251,0.654327859727247,0.0558505360638191,-0.0122173047639603,18
-0.864485883656602,0.493094042382445,-0.0975828997591495,-0.876457029290376,0.475877339541382,-0.0732381971276317,2.62322986574748,2.64417381677141,-0.0977384381116825,-0.0733038285837618,0.654327859727247,0.0209439510239315,0.0244346095279206,94
-0.103540530072229,-0.968853127043488,0.224951054343865,-0.107133169762245,-0.970400112044006,0.216439613938103,4.60592389601304,4.60243323750905,0.226892802759263,0.218166156499291,0.65516281658781,-0.00349065850398844,-0.00872664625997163,370
-0.930594510280455,-0.238936059437797,0.277314653302378,-0.90630366070638,-0.306766864617709,0.290702193598252,3.39292006587698,3.46796922371273,0.280998009571087,0.294960643587042,0.65516281658781,0.0750491578357559,0.0139626340159546,5
-0.988174196257379,-0.0103485142680554,-0.152985836284038,-0.979051196072628,-0.181456413619177,-0.0923705874465616,3.15206462910176,3.3248522250492,-0.153588974175501,-0.0925024503556995,0.655719454494851,0.172787595947439,0.0610865238198015,9
-0.4757077855132,0.854678203549984,0.207911690817759,-0.573583284327479,0.798225605043999,0.18395135061272,2.07868713912525,2.19387886975687,0.20943951023932,0.185004900711399,0.655719454494851,0.115191730631626,-0.0244346095279206,27
-0.981798156933727,-0.176653370792413,-0.0697564737441253,-0.982246468284507,-0.167898463595904,-0.0836778433323155,3.31961623729321,3.31088959103324,-0.0698131700797732,-0.0837758040957278,0.656832730308934,-0.00872664625997155,-0.0139626340159546,5
0.0381459001406204,0.949749991510588,0.310676429630732,0.0641535632423543,0.941038417275855,0.332161131883703,1.53065375399903,1.50272848596712,0.315904594610974,0.3385938748869,0.656832730308934,-0.0279252680319093,0.0226892802759263,24
0.16324448762505,0.965159366136575,-0.20449605184179,0.146102845533334,0.966060046296604,-0.213030386274977,1.40324471860344,1.42069801112338,-0.205948851735331,-0.214675497995303,0.656832730308934,0.0174532925199431,-0.00872664625997166,4
0.156440000906064,0.915211700556349,0.371367835550235,0.162250999261804,0.910871909894055,0.379456159529005,1.40149938935145,1.39451807234347,0.380481776934764,0.389208423194735,0.657389368215975,-0.00698131700797688,0.00872664625997166,13
0.431409458524717,0.839432019466031,-0.330514392713223,0.497819271563695,0.799780105536442,-0.335451569750255,1.09606677025244,1.01403629540871,-0.336848545634906,-0.342084533390889,0.657946006123017,-0.0820304748437337,-0.005235987755983,476
0.580976937107141,0.7225895783354,-0.374606593415912,0.555838967656436,0.75392163528182,-0.350207381259467,0.893608577021097,0.935496479068961,-0.383972435438752,-0.357792496658838,0.658224325076538,0.041887902047864,0.0261799387799149,71
0.725324959458836,0.637213546750922,0.260504508642648,0.729849668139997,0.627769751225399,0.270600445975864,0.720820981073658,0.710349005561692,0.263544717051144,0.27401669256311,0.658502644030058,-0.0104719755119658,0.010471975511966,96
0.342918574231626,0.898014977338998,-0.275637355816999,0.362716083054027,0.893261994914861,-0.265556117486809,1.20602251312808,1.18507856210415,-0.279252680319093,-0.268780704807127,0.659337600890621,-0.0209439510239315,0.010471975511966,35
0.899635707696735,0.431033209634454,-0.0697564737441253,0.909982184001855,0.410872710677543,-0.0558215049931638,0.446804288510548,0.424115008234622,-0.0698131700797732,-0.0558505360638185,0.659337600890621,-0.0226892802759262,0.0139626340159546,10
0.856624463033735,0.351327296332875,-0.377840786818467,0.862625501746974,0.336323629190967,-0.377840786818467,0.389208423194735,0.371755130674792,-0.387463093942741,-0.387463093942741,0.659337600890621,-0.0174532925199431,0,12
-0.0271839183949127,0.973199319101902,0.228350870110656,-0.0391032172898977,0.973585107500707,0.224951054343865,1.59872159482681,1.61093889959077,0.230383461263251,0.226892802759263,0.659615919844141,0.0122173047639604,-0.00349065850398866,61
0.965674276280553,0.194714089390426,-0.17192910027941,0.964778584681548,0.194533486284017,-0.177084740319583,0.198967534727354,0.198967534727354,-0.172787595947439,-0.178023583703422,0.659894238797662,0,-0.005235987755983,40
0.519934406935781,0.806780274292766,0.280666708920788,0.485191621154439,0.83364267181059,0.263873049965373,0.998328332140756,1.04370689269261,0.284488668075076,0.267035375555132,0.660729195658224,0.0453785605518524,-0.0174532925199433,9
0.983632027810021,0.0481076320275815,0.17364817766693,0.973981073984058,0.18403563447609,0.132256390257122,0.0488692190558412,0.186750229963393,0.174532925199433,0.132645023151569,0.660729195658224,0.137881010907552,-0.0418879020478639,33
0.565960290659659,-0.787617086806101,-0.243615011786023,0.560692783335315,-0.791894815707971,-0.241921895599668,5.33547152334666,5.32849020633869,-0.2460914245312,-0.244346095279206,0.661564152518787,-0.00698131700797688,0.00174532925199433,19
0.850380839904591,-0.517039654956715,-0.0975828997591495,0.847653041314134,-0.519442451786512,-0.107999355706023,5.73689725130536,5.73340659280137,-0.0977384381116825,-0.108210413623648,0.662120790425828,-0.00349065850398844,-0.010471975511966,9
0.189393965666537,-0.930901081988339,0.312334918512233,0.184304316509963,-0.930804815409848,0.315649036947102,4.91310184436404,4.90786585660805,0.317649923862968,0.321140582366957,0.662120790425828,-0.00523598775598266,0.00349065850398861,88
0.929384377716108,0.285915967639842,0.233445363855905,0.933867378714492,0.276624120080096,0.226651307436855,0.29845130209103,0.287979326579064,0.235619449019234,0.228638132011257,0.662399109379349,-0.0104719755119662,-0.00698131700797733,11
-0.47391130360468,-0.865616705777162,0.161603821103361,-0.518497567066061,-0.842805766579194,0.144356201000973,4.21147948506232,4.16086493675448,0.162315620435473,0.144862327915529,0.663234066239911,-0.050614548307836,-0.0174532925199433,8
0.858971004942417,-0.338357677096312,-0.384295322659804,0.849145958956333,-0.349992708195957,-0.395545502562965,5.90793951800081,5.89223155473286,-0.394444410950718,-0.406661715714679,0.663512385193432,-0.0157079632679489,-0.0122173047639603,13
0.688263958888893,-0.700382492881601,-0.189095442989891,0.665968139107528,-0.724234910483569,-0.17880221511635,5.48906049752217,5.45589924173427,-0.190240888467382,-0.179768912955416,0.664347342053994,-0.0331612557878911,0.010471975511966,45
-0.951655461784348,-0.210976936552592,0.223250116010951,-0.946967460157107,-0.234350753861064,0.219846204352837,3.35975881008908,3.38419341961701,0.225147473507269,0.22165681500328,0.664347342053994,0.0244346095279213,-0.00349065850398869,85
0.316305453962108,-0.918617740064944,0.236838146065619,0.383331243464202,-0.898707523228621,0.213030386274977,5.04400153826361,5.11556003759538,0.239110107523223,0.214675497995303,0.665460617868077,0.0715584993317684,-0.0244346095279206,10
-0.505375660305156,-0.831196938876215,0.231747903494157,-0.588747497006933,-0.772841560306039,0.236838146065619,4.16610092451046,4.06138116939081,0.23387411976724,0.239110107523223,0.665460617868077,-0.104719755119659,0.00523598775598294,103
-0.667341523145833,-0.715636168321803,0.20620418539663,-0.633455566063881,-0.733865336595207,0.245307385878803,3.96189740202713,4.000294645571,0.207694180987325,0.247836753783195,0.665460617868077,0.0383972435438751,0.0401425727958696,21
-0.974470218013849,-0.023815539152773,0.223250116010951,-0.974555319666574,0.0340322216750331,0.221548497619467,3.16602726311771,3.10668606854991,0.225147473507269,0.223402144255274,0.665460617868077,-0.0593411945678075,-0.00174532925199433,242
-0.675477295353776,-0.711804548922347,0.192521966525907,-0.688168900902938,-0.702734944362417,0.18051914525056,3.95317075576716,3.93746279249921,0.193731546971371,0.18151424220741,0.665738936821598,-0.0157079632679484,-0.0122173047639603,194
-0.942170965419765,0.275510070965438,0.190808995376545,-0.975599075789899,0.124977123970358,0.18051914525056,2.85710398551472,3.01418361819421,0.191986217719376,0.18151424220741,0.66657389368216,0.15707963267949,-0.010471975511966,35
-0.890751710015649,0.446055229327379,-0.0871557427476582,-0.890548049906598,0.436274987948867,-0.128795596577563,2.6773350725593,2.68606171881927,-0.0872664625997165,-0.12915436464758,0.66657389368216,0.00872664625997155,-0.0418879020478639,37
-0.718029749897991,-0.686164132963919,-0.116670737099333,-0.740751065669921,-0.666975255347131,-0.0801989243288589,3.90430153671132,3.87463093942741,-0.11693705988362,-0.0802851455917391,0.667408850542722,-0.0296705972839035,0.0366519142918809,26
-0.917337578358997,0.348463857143675,0.192521966525907,-0.921868654765207,0.344672566513978,0.177084740319583,2.77856416917497,2.78380015693096,0.193731546971371,0.178023583703422,0.667408850542722,0.00523598775598311,-0.015707963267949,86
-0.630384994831099,0.756611570546439,0.17364817766693,-0.656806360779522,0.734597938217368,0.170209499166033,2.26543736908864,2.30034395412853,0.174532925199433,0.171042266695444,0.667408850542722,0.0349065850398866,-0.00349065850398864,248
-0.326091459819776,0.886290634326871,0.328866646738583,-0.28431481823808,0.896273867702841,0.34037955021305,1.92335283569775,1.8779742751459,0.335103216382911,0.347320521146872,0.667965488449763,-0.0453785605518524,0.0122173047639603,66
-0.946845768501295,0.160146974439731,-0.278991106039229,-0.96027861359097,0.0857025830715588,-0.265556117486809,2.97404104539834,3.05258086173808,-0.282743338823081,-0.268780704807127,0.669078764263846,0.0785398163397453,0.0139626340159547,58
-0.448094561816163,0.849886961151048,0.277314653302378,-0.48070688647125,0.839361540016703,0.253757944584806,2.05599785884932,2.09090444388921,0.280998009571087,0.256563400043166,0.669078764263846,0.0349065850398866,-0.0244346095279206,13
0.105831236739464,0.974193089719084,-0.199367934417197,0.126209986932732,0.971763070879245,-0.199367934417197,1.46258591317125,1.44164196214732,-0.200712863979348,-0.200712863979348,0.669078764263846,-0.0209439510239324,0,8
-0.951396052090565,-0.289056221537499,0.106264071336233,-0.972541443617022,-0.196098753212851,0.125333233564304,3.43655329717683,3.34056018831715,0.106465084371654,0.125663706143592,0.669913721124409,-0.0959931088596875,0.0191986217719377,24
0.19715370376469,0.943721550859784,-0.265556117486809,0.255773711747415,0.928580604179951,-0.268919820615266,1.36484747505957,1.30201562198777,-0.268780704807127,-0.272271363311115,0.669913721124409,-0.0628318530717964,-0.00349065850398866,51
0.388457748820347,0.876604734959913,0.284015344703923,0.417041224686199,0.858862504234209,0.297374874077786,1.15366263556825,1.11875605052837,0.287979326579064,0.301941960595019,0.669913721124409,-0.0349065850398862,0.0139626340159547,25
-0.429283096229128,0.864785189667807,-0.260504508642648,-0.490787986610319,0.836527870564684,-0.243615011786023,2.0315632493214,2.10137641940117,-0.263544717051144,-0.2460914245312,0.671305315892012,0.0698131700797728,0.0174532925199433,6
0.42102255405581,0.84076261261612,-0.34037955021305,0.426881876680622,0.837802855783144,-0.34037955021305,1.1065387457644,1.09955742875643,-0.347320521146872,-0.347320521146872,0.671305315892012,-0.00698131700797733,0,34
0.457775300389384,0.839619295056355,-0.292371704722737,0.498056846775797,0.809579849954068,-0.310676429630732,1.07163216072452,1.01927228316469,-0.296705972839036,-0.315904594610974,0.671305315892012,-0.0523598775598302,-0.0191986217719377,13
-0.600801406413536,0.700967028492292,-0.384295322659804,-0.606556773068719,0.697763748924178,-0.381070376350274,2.27940000310459,2.28638132011257,-0.394444410950718,-0.39095375244673,0.672418591706095,0.00698131700797733,0.00349065850398866,7
0.924210951785449,0.280796756555437,0.258819045102521,0.889911259509454,0.38879266944466,0.238533457578581,0.294960643587042,0.411897703470662,0.261799387799149,0.240855436775218,0.672418591706095,0.11693705988362,-0.0209439510239319,10
0.97368926252497,0.173440474010819,0.147809411129611,0.96079806708925,0.253853799322252,0.111468932206325,0.176278254451427,0.258308729295161,0.148352986419518,0.111701072127637,0.672418591706095,0.0820304748437337,-0.0366519142918809,38
0.978001139915804,0.0666734288726607,0.197657340379126,0.978873658193853,0.0856403481161123,0.185666615385577,0.0680678408277788,0.0872664625997165,0.198967534727354,0.186750229963393,0.672418591706095,0.0191986217719378,-0.0122173047639603,53
0.939058494263135,0.0081950393272234,-0.343659694585616,0.934689772043894,0.0506209885758435,-0.351841648404702,0.00872664625997165,0.0541052068118242,-0.35081117965086,-0.359537825910832,0.672696910659616,0.0453785605518524,-0.0087266462599716,32
0.936781059853236,0.329892687104376,-0.116670737099333,0.883342237171883,0.453976245119579,-0.116670737099333,0.3385938748869,0.474729556542458,-0.11693705988362,-0.11693705988362,0.672975229613137,0.136135681655558,0,64
0.774056101022589,-0.602586233891768,-0.194234351219972,0.705065737004279,-0.678499919253883,-0.20620418539663,5.62170552067374,5.51698576555408,-0.195476876223365,-0.207694180987325,0.673531867520178,-0.104719755119659,-0.0122173047639603,42
0.677186510603661,-0.718612869087915,0.158158067254484,0.696577484734151,-0.696577484734151,0.17192910027941,5.46811654649823,5.49778714378214,0.158824961931484,0.172787595947439,0.673531867520178,0.0296705972839035,0.0139626340159546,214
0.817510066997246,-0.570302922046391,-0.0801989243288589,0.815092409338709,-0.577117595168275,-0.0505929400767133,5.67406539823357,5.66708408122559,-0.0802851455917391,-0.0506145483078356,0.674645143334261,-0.00698131700797777,0.0296705972839036,15
0.604136143491556,-0.725106720653284,-0.330514392713223,0.575656588086347,-0.758399547149324,-0.305695304963106,5.40703002267843,5.36165146212658,-0.336848545634906,-0.310668606854991,0.674645143334261,-0.0453785605518533,0.026179938779915,16
0.439143888817388,-0.869357135906473,0.226651307436855,0.558474304979902,-0.812585156027327,0.166768746716102,5.18013721991917,5.31452757232273,0.228638132011257,0.167551608191456,0.674645143334261,0.134390352403563,-0.0610865238198015,30
0.7612633331819,0.627537064730548,0.163325962241622,0.758212581618158,0.63621589758977,0.142628933705512,0.68940505453776,0.698131700797732,0.164060949687467,0.143116998663535,0.675201781241302,0.00872664625997155,-0.020943951023932,20
0.2290683031439,-0.911959140691915,0.34037955021305,0.082407373738066,-0.941920591959299,0.325568154457157,4.95848040491589,4.79965544298441,0.347320521146872,0.331612557878923,0.675201781241302,-0.158824961931484,-0.0157079632679489,22
0.0762642605948597,-0.908206857063822,0.411514358605109,0.0591350021356318,-0.914452679832684,0.400349032556895,4.79616478448042,4.77696616270848,0.424115008234622,0.411897703470662,0.675480100194823,-0.0191986217719382,-0.0122173047639603,26
0.834557585912015,-0.531671818915839,-0.144356201000973,0.828944274081684,-0.540381973884915,-0.144356201000973,5.71595330028143,5.70548132476946,-0.144862327915529,-0.144862327915529,0.676036738101865,-0.0104719755119662,0,14
-0.0966158567804053,-0.967966055936184,-0.231747903494157,-0.206723927129921,-0.940234341315848,-0.270600445975864,4.61290521302101,4.49596815313739,-0.23387411976724,-0.27401669256311,0.676036738101865,-0.116937059883621,-0.0401425727958696,111
-0.139947980903733,-0.914564150640329,-0.379456159529005,-0.170267440116332,-0.901114964290063,-0.398749068925246,4.56054533546118,4.5256387504213,-0.389208423194735,-0.410152374218667,0.676315057055386,-0.0349065850398862,-0.020943951023932,23
-0.547733801826299,-0.824405646273081,-0.142628933705512,-0.551474035501427,-0.820679943235451,-0.14953534344371,4.1259583517146,4.12072236395861,-0.143116998663535,-0.150098315671512,0.676871694962427,-0.00523598775598355,-0.00698131700797733,6
-0.56615309688373,-0.81156143213039,0.144356201000973,-0.422174888572689,-0.901246881344526,0.0975828997591495,4.10326907143867,4.27431133813411,0.144862327915529,0.0977384381116825,0.676871694962427,0.171042266695444,-0.0471238898038469,5
0.0570314360642526,-0.88192352515766,0.467929814260573,0.0884401419333348,-0.901982342475772,0.422618261740699,4.77696616270848,4.81012741849637,0.486946861306418,0.436332312998582,0.677150013915948,0.0331612557878938,-0.0506145483078356,18
-0.754883006443791,-0.501543070359518,-0.422618261740699,-0.752228638706196,-0.520867803671991,-0.40354529635239,3.72802328225989,3.74722190403183,-0.436332312998582,-0.41538836197465,0.677706651822989,0.0191986217719378,0.020943951023932,15
-0.861216937066269,-0.459847018940558,0.216439613938103,-0.84985816409957,-0.482786631252769,0.211324796455389,3.6320301734002,3.65821011218011,0.218166156499291,0.212930168743308,0.677706651822989,0.0261799387799146,-0.00523598775598302,43
-0.966892762594342,-0.0811922537693385,0.241921895599668,-0.965300678430784,-0.0895482364671517,0.245307385878803,3.22536845768552,3.23409510394549,0.244346095279206,0.247836753783195,0.67798497077651,0.00872664625997155,0.00349065850398864,59
-0.741435594162582,-0.649077796648774,0.170209499166033,-0.74033815149032,-0.654995866938132,0.151260820247219,3.86066830541146,3.86590429316744,0.171042266695444,0.151843644923507,0.678819927637072,0.00523598775598311,-0.0191986217719377,8
-0.956906907676824,0.187737671347376,-0.221548497619467,-0.910801234821418,0.333305920559892,-0.243615011786023,2.94786110661842,2.79078147393893,-0.223402144255274,-0.2460914245312,0.678819927637072,-0.15707963267949,-0.0226892802759263,54
-0.157682947849493,-0.932277568517475,0.325568154457157,-0.116726313960179,-0.937134833571023,0.328866646738583,4.54483737219323,4.58847060349309,0.331612557878923,0.335103216382911,0.679376565544114,0.0436332312998582,0.00349065850398861,28
-0.861490402949489,0.422039793590332,0.282341456842876,-0.895264525408061,0.352654075004675,0.272280247040574,2.68606171881927,2.76634686441101,0.28623399732707,0.275762021815104,0.679376565544114,0.080285145591739,-0.0104719755119659,133
-0.673728255103071,0.71744772145552,0.177084740319583,-0.683995528443232,0.713263942006139,0.152985836284038,2.32477856365645,2.33525053916841,0.178023583703422,0.153588974175501,0.679933203451155,0.0104719755119662,-0.0244346095279206,54
-0.953374024161812,-0.232407535287715,0.192521966525907,-0.951152931327008,-0.2371490607662,0.197657340379126,3.38070276111302,3.385938748869,0.193731546971371,0.198967534727354,0.680768160311717,0.00523598775598311,0.005235987755983,36
-0.313751081996177,0.921637748069129,-0.228350870110656,-0.423379632734105,0.879717898024281,-0.216439613938103,1.89891822616983,2.01934594455744,-0.230383461263251,-0.218166156499291,0.680768160311717,0.120427718387609,0.0122173047639603,258
-0.25735359720976,0.960456700297439,0.106264071336233,-0.293440542348548,0.947953228304941,0.123601476740493,1.83259571459405,1.87099295813792,0.106465084371654,0.123918376891597,0.680768160311717,0.0383972435438755,0.0174532925199433,8
0.0183343457174189,0.87527252316206,0.483282383255002,-0.00920278308145832,0.878768926562079,0.477158760259608,1.54985237577096,1.58126830230686,0.504400153826361,0.497418836818384,0.681324798218759,0.0314159265358978,-0.00698131700797727,6
0.0832276929311122,0.970809030797998,0.224951054343865,0.0700119283917258,0.976716766890414,0.202787295356512,1.48527519344717,1.49923782746313,0.226892802759263,0.204203522483337,0.681324798218759,0.0139626340159547,-0.0226892802759263,34
-0.567708476211151,0.75611669922134,0.325568154457157,-0.619273103339205,0.722518327086098,0.307356617799807,2.2148228207808,2.27940000310459,0.331612557878923,0.312413936106985,0.6818814361258,0.0645771823237897,-0.0191986217719377,8
0.249526251911601,0.931244649956326,-0.265556117486809,0.227340894593459,0.939714628170731,-0.255445757935791,1.30899693899575,1.33343154852367,-0.268780704807127,-0.258308729295161,0.682159755079321,0.0244346095279209,0.0104719755119659,40
-0.952264271123601,0.225105734858863,0.20620418539663,-0.956577786341478,0.217329140899684,0.194234351219972,2.90946386307455,2.91819050933452,0.207694180987325,0.195476876223365,0.682716392986362,0.00872664625997199,-0.0122173047639603,11
0.638164095182721,0.757844226090328,0.135715572434304,0.702138542971551,0.697253722619216,0.144356201000973,0.87091929674517,0.78190750489346,0.136135681655558,0.144862327915529,0.682716392986362,-0.0890117918517106,0.00872664625997166,41
-0.564625425828273,0.809371567027798,-0.161603821103361,-0.617544881705508,0.770822013973983,-0.156434465040231,2.17991623574092,2.2462387473167,-0.162315620435473,-0.15707963267949,0.683273030893404,0.0663225115757844,0.005235987755983,70
0.836350802354906,0.534868652432654,-0.120136838834647,0.803109013343403,0.587786942999912,-0.0975828997591495,0.568977336150151,0.631809189221947,-0.120427718387609,-0.0977384381116825,0.683273030893404,0.062831853071796,0.0226892802759263,43
0.80422218695948,0.356382218619822,-0.475624209070275,0.80493442839993,0.366829753003961,-0.466386640339891,0.417133691226645,0.427605666738611,-0.49567350756639,-0.485201532054424,0.683829668800445,0.0104719755119658,0.010471975511966,10
0.862930496453579,0.434008825005437,-0.258819045102521,0.863686670048938,0.432502066899103,-0.258819045102521,0.466002910282486,0.464257581030492,-0.261799387799149,-0.261799387799149,0.684107987753966,-0.00174532925199422,0,33
-0.203517973883807,0.957476787753808,0.20449605184179,-0.2371490607662,0.951152931327008,0.197657340379126,1.78023583703422,1.8151424220741,0.205948851735331,0.198967534727354,0.684664625661007,0.0349065850398866,-0.00698131700797733,30
0.920417383570304,-0.333186441504925,0.20449605184179,0.931154023867267,-0.320622042643284,0.17364817766693,5.93586478603271,5.95157274930066,0.205948851735331,0.174532925199433,0.684942944614528,0.0157079632679489,-0.0314159265358979,24
0.922272988287713,-0.350338643504681,-0.163325962241622,0.95938609085803,-0.239201817989159,-0.14953534344371,5.92015682276477,6.03883921190038,-0.164060949687467,-0.150098315671512,0.68549958252157,0.118682389135615,0.0139626340159547,23
-0.0438377066146483,-0.965381262591745,-0.257132793154696,-0.0641046067076009,-0.965141183951322,-0.253757944584806,4.66701041983284,4.6460664688089,-0.260054058547155,-0.256563400043166,0.68577790147509,-0.0209439510239324,0.00349065850398872,132
0.257195826464526,-0.946637905249619,-0.194234351219972,0.378479985254861,-0.913731513489054,-0.147809411129611,4.97767902668783,5.10508806208341,-0.195476876223365,-0.148352986419518,0.686334539382132,0.127409035395587,0.0471238898038469,103
-0.276207795271345,-0.950713467176001,0.140901231937583,-0.278201203513542,-0.951373921021473,0.132256390257122,4.42964564156161,4.42790031230961,0.141371669411541,0.132645023151569,0.686334539382132,-0.001745329251996,-0.00872664625997166,364
0.486392371390492,-0.723828209572839,-0.489382451748846,0.522475840740686,-0.703514316365922,-0.481753674101715,5.30405559681077,5.35117948661461,-0.511381470834338,-0.502654824574367,0.687447815196215,0.0471238898038475,0.00872664625997155,18
-0.0761867366747569,-0.946912076083523,0.312334918512233,-0.0767354202246608,-0.953731571208644,0.290702193598252,4.63210383479295,4.63210383479295,0.317649923862968,0.294960643587042,0.687447815196215,0,-0.0226892802759263,64
-0.217838647547763,-0.958820388228766,0.182235525492147,-0.0895413517665321,-0.983893816778463,0.154710386299468,4.48898683612942,4.62163185928098,0.183259571459405,0.155334303427495,0.687447815196215,0.13264502315157,-0.0279252680319093,24
-0.210198084226946,-0.896184105313646,0.390731128489274,-0.104612815130094,-0.932644258374502,0.345298198998535,4.48200551912144,4.60068790825705,0.401425727958696,0.352556508902855,0.687447815196215,0.118682389135615,-0.0488692190558412,35
0.915848365726591,-0.266078546937609,0.300705799504273,0.936574402917812,-0.207633546294877,0.282341456842876,6.00044196835651,6.0650191506803,0.305432619099008,0.28623399732707,0.688561091010298,0.0645771823237897,-0.0191986217719377,28
0.767967643099766,-0.610869046160294,0.192521966525907,0.78650595165433,-0.586243468891955,0.194234351219972,5.61123354516177,5.64264947169767,0.193731546971371,0.195476876223365,0.688561091010298,0.0314159265358986,0.00174532925199433,7
-0.448797869414225,-0.780483415934258,0.435231099372328,-0.419432530663938,-0.823182691031656,0.38268343236509,4.19053553403839,4.24115008234622,0.450294947014537,0.392699081698724,0.688561091010298,0.0506145483078351,-0.0575958653158129,7
0.158041491538583,-0.986686000238029,0.0383878090875199,0.190704091632717,-0.981087500471067,0.0331551783885263,4.87121394231617,4.90437519810407,0.0383972435438752,0.0331612557878923,0.689117728917339,0.0331612557878911,-0.00523598775598299,27
0.942912699611229,-0.288277342208167,-0.166768746716102,0.938419243564113,-0.297684118972336,-0.175366726091987,5.98647933434055,5.97600735882858,-0.167551608191456,-0.176278254451427,0.689674366824381,-0.0104719755119662,-0.00872664625997166,78
0.783449847316654,-0.472607163013188,0.40354529635239,0.787945444658943,-0.462284846626677,0.4067366430758,5.74038790980935,5.75260521457331,0.41538836197465,0.418879020478639,0.689674366824381,0.0122173047639613,0.00349065850398866,60
-0.790323323848146,-0.219176055446043,-0.572145873445516,-0.80905195674625,-0.0993390892567243,-0.579281172342679,3.41211868764891,3.2637657012294,-0.609119908946021,-0.617846555205993,0.691344280545505,-0.148352986419517,-0.00872664625997166,44
-0.957947499935082,0.0737100429514777,-0.277314653302378,-0.954521054823037,-0.0583810087017807,-0.292371704722737,3.06479816650204,3.20267917740959,-0.280998009571087,-0.296705972839036,0.691344280545505,0.137881010907552,-0.0157079632679489,3
-0.935430557272488,0.11154334078273,0.335451569750255,-0.939022971230671,0.075551994369526,0.335451569750255,3.02291026445418,3.06130750799805,0.342084533390889,0.342084533390889,0.691344280545505,0.0383972435438755,0,10
-0.952639178413682,0.233990624934977,-0.194234351219972,-0.96952808757944,0.167466579543621,-0.17880221511635,2.90073721681458,2.97055038689435,-0.195476876223365,-0.179768912955416,0.691622599499026,0.0698131700797733,0.015707963267949,18
-0.594289649218434,0.7286711018207,0.34037955021305,-0.609924539858462,0.721748226368548,0.327217898979104,2.25496539357667,2.27241868609662,0.347320521146872,0.333357887130917,0.691900918452547,0.0174532925199431,-0.0139626340159546,1
-0.576245141310161,0.711603486471057,0.40194777665596,-0.570050721084731,0.706471603054463,0.419452082446177,2.25147473507268,2.24972940582069,0.413643032722656,0.432841654494594,0.69301419426663,-0.00174532925199422,0.0191986217719377,26
-0.583291943925911,0.788273820894505,-0.195946144242518,-0.678310035845877,0.714789634553002,-0.170209499166033,2.20784150377283,2.33001455141243,-0.197222205475359,-0.171042266695444,0.69301419426663,0.122173047639603,0.0261799387799149,103
-0.501344512157332,0.824566864925674,0.262189178640865,-0.535764722605129,0.806390733814289,0.250380004054441,2.11708438266912,2.15722695546499,0.265290046303138,0.253072741539178,0.69301419426663,0.0401425727958697,-0.0122173047639603,109
-0.906837689237852,0.305184599898025,-0.290702193598252,-0.890684083787605,0.303213595136052,-0.338737920245291,2.81696141271885,2.81347075421486,-0.294960643587042,-0.345575191894877,0.693570832173671,-0.00349065850398933,-0.0506145483078356,18
-0.358471880702914,0.836377561416236,-0.414693242656239,-0.335773809760614,0.848067836322639,-0.409923033841573,1.97571271325758,1.94778744522567,-0.427605666738611,-0.422369678982628,0.693570832173671,-0.0279252680319093,0.00523598775598288,28
-0.491844471570252,0.845073413303197,-0.209618562903822,-0.535597653309306,0.818479005589554,-0.207911690817759,2.09788576089718,2.15024563845701,-0.211184839491314,-0.20943951023932,0.694684107987754,0.0523598775598297,0.00174532925199436,15
-0.150325840422622,0.971045853516968,0.185666615385577,-0.101005262036329,0.977407716857319,0.185666615385577,1.7243853009704,1.67377075266256,0.186750229963393,0.186750229963393,0.694684107987754,-0.0506145483078355,0,3
-0.831476757705845,0.462794026419571,0.307356617799807,-0.83753926150998,0.452855789355541,0.305695304963106,2.63370184125944,2.6459191460234,0.312413936106985,0.310668606854991,0.695240745894795,0.01221730476396,-0.00174532925199428,11
-0.16221055200601,0.979834514559782,-0.116670737099333,-0.222434202961585,0.971198730741854,-0.0854169231373675,1.73485727648236,1.79594380030217,-0.11693705988362,-0.0855211333477222,0.695240745894795,0.0610865238198013,0.0314159265358979,19
-0.0137239206065468,0.982839536552606,0.18395135061272,0.00170718875359604,0.978146110930192,0.207911690817759,1.58475896081085,1.5690509975429,0.185004900711399,0.20943951023932,0.696354021708878,-0.0157079632679489,0.0244346095279206,21
0.933454694186914,0.306904287737527,0.185666615385577,0.949210246896992,0.266810967361713,0.166768746716102,0.317649923862968,0.27401669256311,0.186750229963393,0.167551608191456,0.696354021708878,-0.0436332312998582,-0.0191986217719376,18
0.994119869390468,0.0208238427319915,-0.106264071336233,0.980452491153777,0.185258421444544,-0.0662739004000001,0.020943951023932,0.186750229963393,-0.106465084371654,-0.0663225115757845,0.696632340662399,0.165806278939461,0.0401425727958696,22
-0.306667727349426,0.927277544357024,-0.214735327167063,-0.321439487622862,0.923048474458325,-0.211324796455389,1.89019157990986,1.90589954317781,-0.216420827247297,-0.212930168743308,0.697467297522961,0.0157079632679489,0.00349065850398869,91
0.675279449669222,0.706639579458667,0.211324796455389,0.574325744906862,0.787597184122871,0.223250116010951,0.808087443673374,0.940732466824944,0.212930168743308,0.225147473507269,0.697467297522961,0.132645023151569,0.0122173047639604,41
0.873195394452065,-0.439171530851889,0.211324796455389,0.869635785165821,-0.44119141465081,0.221548497619467,5.8171823968971,5.81369173839311,0.212930168743308,0.223402144255274,0.697467297522961,-0.00349065850398844,0.010471975511966,87
-0.166673024167885,0.964933891961891,0.202787295356512,-0.192214380365494,0.961939004712287,0.194234351219972,1.74183859349034,1.76801853227026,0.204203522483337,0.195476876223365,0.697745616476482,0.0261799387799151,-0.00872664625997166,46
0.883490431968472,-0.311126094584734,-0.350207381259467,0.887961519774103,-0.307484245059734,-0.342020143325669,5.94459143229269,5.94982742004867,-0.357792496658838,-0.349065850398866,0.698023935430003,0.00523598775598266,0.00872664625997166,31
0.526852391004546,-0.839874675911429,0.130526192220052,0.54415076521906,-0.831549530613958,0.111468932206325,5.27263967027487,5.29183829204681,0.130899693899575,0.111701072127637,0.698302254383524,0.0191986217719364,-0.0191986217719376,88
0.765168844318916,0.562072395051751,0.313992455967405,0.762020161466821,0.559759457554262,0.325568154457157,0.633554518473942,0.633554518473942,0.319395253114962,0.331612557878923,0.699415530197606,0,0.0122173047639603,6
0.506028083702061,-0.788219746400841,-0.350207381259467,0.487375350110134,-0.798448998321279,-0.353474843779257,5.28311164578684,5.26042236551091,-0.357792496658838,-0.361283155162826,0.699415530197606,-0.0226892802759266,-0.00349065850398861,2
-0.00515482304226445,-0.984489684648438,0.175366726091987,0.00689339280672861,-0.987389744172957,0.158158067254484,4.70715299262871,4.71937029739267,0.176278254451427,0.158824961931484,0.699415530197606,0.0122173047639604,-0.0174532925199433,8
0.752977218519056,-0.652249327249489,0.0871557427476582,0.759881002846074,-0.6444259544396,0.0854169231373675,5.56934564311391,5.57981761862587,0.0872664625997165,0.0855211333477222,0.699972168104648,0.0104719755119644,-0.00174532925199432,34
0.233909405055363,-0.952308510296499,-0.195946144242518,0.235972943392925,-0.953522423926467,-0.187381314585725,4.95324441715991,4.9549897464119,-0.197222205475359,-0.188495559215388,0.700528806011689,0.00174532925199333,0.00872664625997163,5
-0.374399761609318,-0.825359693315681,0.422618261740699,-0.288273875111333,-0.861559795696863,0.417867073801077,4.28652864289807,4.38950306876574,0.436332312998582,0.431096325242599,0.700528806011689,0.102974425867665,-0.005235987755983,114
-0.248063448314169,-0.959190183962134,-0.135715572434304,-0.271293066408505,-0.952381709236286,-0.139173100960065,4.45931623884551,4.43488162931759,-0.136135681655558,-0.139626340159546,0.701085443918731,-0.0244346095279218,-0.00349065850398866,63
-0.494586897241347,-0.776345919231032,0.390731128489274,-0.498475966270686,-0.77944514498841,0.379456159529005,4.14515697348653,4.14341164423454,0.401425727958696,0.389208423194735,0.701085443918731,-0.00174532925199333,-0.0122173047639603,73
0.375284467220993,-0.86723123516762,0.327217898979104,0.266717177718151,-0.900422101809693,0.343659694585616,5.12079602535136,5.00036830696375,0.333357887130917,0.35081117965086,0.701363762872252,-0.120427718387608,0.0174532925199433,32
0.783493507641201,-0.502993892344157,-0.36487678433762,0.797476458456738,-0.482968910511061,-0.361624570082092,5.71246264177744,5.73864258055736,-0.373500459926786,-0.370009801422798,0.702755357639855,0.0261799387799151,0.00349065850398866,3
0.739759643412417,-0.661421457866241,-0.123601476740493,0.765540093074616,-0.631062553523519,-0.125333233564304,5.55363767984596,5.59378025264183,-0.123918376891597,-0.125663706143592,0.702755357639855,0.0401425727958689,-0.00174532925199435,63
0.723320412629817,-0.674507196888624,0.147809411129611,0.741677106591111,-0.653876326700859,0.14953534344371,5.53269372882202,5.56061899685393,0.148352986419518,0.150098315671512,0.702755357639855,0.0279252680319093,0.00174532925199433,13
-0.871911657905254,-0.295125813914017,0.390731128489274,-0.876762657682905,-0.324324355147861,0.355106962408137,3.46796922371273,3.49589449174464,0.401425727958696,0.363028484414821,0.703590314500417,0.0279252680319093,-0.0383972435438752,16
-0.9716113289738,-0.166080565941852,-0.168489379565003,-0.976156748945903,-0.130247118510622,-0.17364817766693,3.31088959103324,3.27423767674136,-0.16929693744345,-0.174532925199433,0.703590314500417,-0.0366519142918813,-0.005235987755983,425
-0.604612531544852,-0.669137947198599,0.432085748801982,-0.680483800496986,-0.568972772140022,0.461748613235034,3.97760536529508,3.83797902513553,0.446804288510548,0.479965544298441,0.704146952407459,-0.139626340159547,0.0331612557878923,8
-0.998506336307131,0.015685790979346,0.0523359562429438,-0.994111144552172,-0.0782382438496303,0.0749787268263277,3.12588469032184,3.22013246992954,0.0523598775598299,0.0750491578357562,0.704146952407459,0.0942477796076933,0.0226892802759263,19
-0.967250149960477,0.148010071705769,-0.20620418539663,-0.966314582177492,0.139248058476464,-0.216439613938103,2.98974900866629,2.99847565492626,-0.207694180987325,-0.218166156499291,0.70442527136098,0.00872664625997199,-0.010471975511966,16
-0.961381604402141,0.0722866459485876,0.265556117486809,-0.970034245810781,-0.054233334053052,0.236838146065619,3.06654349575404,3.19744318965361,0.268780704807127,0.239110107523223,0.7047035903145,0.130899693899575,-0.0296705972839036,366
-0.477181573147573,0.867990059282392,-0.137444546037147,-0.486704003950846,0.863760456193005,-0.130526192220052,2.07345115136926,2.08392312688123,-0.137881010907552,-0.130899693899575,0.705538547175063,0.0104719755119658,0.00698131700797736,6
-0.400433518520253,0.899388408100343,0.175366726091987,-0.407905017638715,0.899221620262483,0.158158067254484,1.98967534727354,1.99665666428151,0.176278254451427,0.158824961931484,0.705538547175063,0.00698131700797733,-0.0174532925199433,211
-0.297562205980037,0.949522153971752,-0.099319749743639,-0.264196658399097,0.959159919143009,-0.101056297182946,1.87448361664191,1.83957703160202,-0.0994837673636768,-0.101229096615671,0.705538547175063,-0.0349065850398862,-0.00174532925199433,6
-0.246682695211586,0.967774768372033,-0.0505929400767133,-0.256374959102685,0.963527929573592,-0.0767190281268186,1.82037840983009,1.83085038534205,-0.0506145483078356,-0.0767944870877505,0.705816866128583,0.0104719755119662,-0.0261799387799149,16
0.111453030643858,0.948754431399109,0.295708050044047,0.0645754498268064,0.947226872969313,0.313992455967405,1.45385926691128,1.50272848596712,0.300196631343025,0.319395253114962,0.706095185082104,0.0488692190558409,0.0191986217719377,3
-0.752940089787366,0.459596593700547,0.47101188121941,-0.766439773602958,0.460523476814417,0.44775908783877,2.59355926846357,2.60054058547155,0.490437519810407,0.464257581030492,0.706930141942666,0.00698131700797733,-0.0261799387799149,19
0.513072017994213,0.837257438182428,0.189095442989891,0.563058259028096,0.801150865806335,0.202787295356512,1.02101761241668,0.958185759344887,0.190240888467382,0.204203522483337,0.706930141942666,-0.062831853071796,0.0139626340159547,48
0.0889064967876117,0.976917934954165,0.194234351219972,0.029259389392834,0.985851497910318,0.165047605860678,1.48003920569119,1.54112572951099,0.195476876223365,0.165806278939461,0.707765098803228,0.0610865238198013,-0.0296705972839036,162
0.695993469316257,0.639998802711756,0.325568154457157,0.730042231080213,0.595407914955381,0.335451569750255,0.743510261349584,0.684169066781777,0.331612557878923,0.342084533390889,0.707765098803228,-0.0593411945678071,0.010471975511966,10
0.712462382552894,0.646021439226661,0.273959218692432,0.66582318354429,0.70163123777027,0.253757944584806,0.736528944341607,0.811578102177363,0.277507351067098,0.256563400043166,0.707765098803228,0.0750491578357559,-0.020943951023932,17
-0.388251738291462,0.884462147073507,0.258819045102521,-0.434585946621424,0.871644560492593,0.226651307436855,1.98443935951755,2.03330857857339,0.261799387799149,0.228638132011257,0.708043417756749,0.0488692190558413,-0.0331612557878923,15
-0.417660881625008,0.908059883583873,-0.0314107590781283,-0.439413942908984,0.896955454171553,-0.0488497697956133,2.0018926520375,2.02632726156542,-0.0314159265358979,-0.0488692190558412,0.708878374617311,0.0244346095279204,-0.0174532925199433,367
-0.324778866379868,0.937905406259611,-0.121869343405147,-0.359005446971076,0.925571298712269,-0.120136838834647,1.90415421392581,1.94080612821769,-0.122173047639603,-0.120427718387609,0.708878374617311,0.0366519142918813,0.00174532925199432,106
0.86290968230704,0.48821080828398,0.130526192220052,0.847971895305166,0.509512917931036,0.146083028562412,0.514872129338327,0.541052068118242,0.130899693899575,0.146607657167524,0.708878374617311,0.0261799387799151,0.015707963267949,27
-0.231576369047948,0.949964443221274,0.209618562903822,-0.268464160250102,0.936245790109826,0.226651307436855,1.80990643431812,1.85004900711399,0.211184839491314,0.228638132011257,0.709713331477874,0.0401425727958697,0.0174532925199433,187
0.955368385792048,0.284807685511936,-0.0784590957278449,0.94501680285872,0.319870540297797,-0.0680152906652482,0.289724655831059,0.32637657012294,-0.0785398163397448,-0.0680678408277788,0.709713331477874,0.0366519142918809,0.010471975511966,14
0.971468779815595,0.0969654751028658,0.216439613938103,0.955442312465256,0.147910284644621,0.255445757935791,0.0994837673636768,0.153588974175501,0.218166156499291,0.258308729295161,0.709713331477874,0.0541052068118244,0.0401425727958696,3
0.129854503273297,0.947960992138817,0.290702193598252,0.170970470124913,0.950213922925842,0.260504508642648,1.43466064513934,1.39277274309147,0.294960643587042,0.263544717051144,0.709991650431394,-0.041887902047864,-0.0314159265358979,192
0.889896645188765,0.273767954905646,0.36487678433762,0.877108070294252,0.343734894034318,0.335451569750255,0.29845130209103,0.373500459926786,0.373500459926786,0.342084533390889,0.710548288338436,0.0750491578357559,-0.0314159265358979,52
0.861391429015606,-0.355039926738274,-0.363251230472978,0.826708155602433,-0.42122884458404,-0.372987782575809,5.89223155473286,5.81194640914112,-0.371755130674792,-0.382227106186758,0.710548288338436,-0.0802851455917395,-0.010471975511966,36
0.863392486840479,-0.441820257231274,0.243615011786023,0.858551680583555,-0.456500026135089,0.233445363855905,5.81020107988912,5.79449311662117,0.2460914245312,0.235619449019234,0.711104926245477,-0.015707963267948,-0.010471975511966,62
0.879215599312798,-0.459642807503124,0.125333233564304,0.888403970764031,-0.450713058649078,0.0871557427476582,5.80147443362915,5.81369173839311,0.125663706143592,0.0872664625997165,0.711104926245477,0.0122173047639613,-0.0383972435438753,12
0.667203715913091,0.693327244916344,0.272280247040574,0.667858684744321,0.694007858234933,0.268919820615266,0.804596785169386,0.804596785169386,0.275762021815104,0.272271363311115,0.711383245198998,0,-0.00349065850398872,9
0.790275351577051,0.563697930009779,-0.240228042477264,0.792036624932193,0.54638946900315,-0.272280247040574,0.619591884457987,0.603883921190038,-0.242600766027212,-0.275762021815104,0.71193988310604,-0.0157079632679489,-0.0331612557878923,29
0.543820410732805,-0.785376412944488,0.295708050044047,0.528465287110993,-0.789412021061658,0.312334918512233,5.31801823082672,5.30231026755877,0.300196631343025,0.317649923862968,0.71193988310604,-0.0157079632679489,0.0174532925199433,589
0.29565967447139,-0.888785771152339,0.350207381259467,0.220055285873686,-0.916596231656849,0.333806859233771,5.03352956275165,4.94800842940392,0.357792496658838,0.340339204138894,0.712496521013081,-0.0855211333477222,-0.0174532925199433,20
0.12314974995264,-0.988705258572213,0.0854169231373675,0.133554599629876,-0.987791122380738,0.0801989243288589,4.83630735727629,4.84677933278825,0.0855211333477222,0.0802851455917391,0.712496521013081,0.0104719755119662,-0.00523598775598301,35
0.778052056898806,0.621110796975774,0.0941083133185143,0.795895718531139,0.595406068320752,0.109734311091045,0.673697091269811,0.642281164733913,0.0942477796076938,0.109955742875643,0.713053158920122,-0.0314159265358982,0.0157079632679489,6
0.882039585564717,-0.435931115391308,-0.17880221511635,0.835815326179154,-0.520249220954547,-0.175366726091987,5.82416371390508,5.7264252757934,-0.179768912955416,-0.176278254451427,0.713053158920122,-0.0977384381116826,0.00349065850398866,34
0.993348557806819,-0.00693499384956213,0.114937150492867,0.991717313455881,0.0537094898183596,0.116670737099333,6.27620399017161,0.0541052068118242,0.115191730631626,0.11693705988362,0.713609796827164,0.0610865238198013,0.00174532925199435,94
-0.347872829692791,-0.91098888992352,0.221548497619467,-0.338245569470194,-0.919324537016935,0.201077921145965,4.34761516671788,4.35983247148183,0.223402144255274,0.202458193231342,0.713609796827164,0.0122173047639595,-0.020943951023932,57
0.320441008860164,-0.941289279118661,-0.106264071336233,0.37658456123786,-0.913662630369527,-0.152985836284038,5.04051087975962,5.10334273283142,-0.106465084371654,-0.153588974175501,0.713888115780685,0.0628318530717955,-0.0471238898038469,64
-0.746172652439046,-0.644078956127181,0.168489379565003,-0.7339234922824,-0.656203336516803,0.175366726091987,3.85368698840348,3.87114028092342,0.16929693744345,0.176278254451427,0.714444753687726,0.0174532925199431,0.00698131700797733,47
0.351295736503142,-0.770848140168269,-0.531398579518083,0.381872933743825,-0.75926981506336,-0.526955795496678,5.1399946471233,5.17839189066718,-0.56025068989018,-0.555014702134197,0.71583634845533,0.0383972435438746,0.005235987755983,34
0.140240599026558,-0.973202336430237,-0.182235525492147,0.134919302606687,-0.972311014576879,-0.190808995376545,4.85550597904822,4.85026999129224,-0.183259571459405,-0.191986217719376,0.71583634845533,-0.00523598775598266,-0.00872664625997163,63
-0.391015208737757,-0.827199069346448,0.40354529635239,-0.40867990626495,-0.823280332622556,0.393941909590951,4.27082067963012,4.25162205785819,0.41538836197465,0.404916386462684,0.71583634845533,-0.0191986217719373,-0.0104719755119659,27
-0.770031458234805,-0.473726513855742,0.427357863387192,-0.798732181348784,-0.428276437970948,0.422618261740699,3.69311669722,3.63377550265219,0.441568300754565,0.436332312998582,0.71583634845533,-0.0593411945678075,-0.00523598775598305,240
-0.851696589861896,-0.354527072753547,0.385906042324319,-0.893585176091989,-0.254544433359161,0.369746757273829,3.53603706454051,3.41910000465689,0.396189740202713,0.378736447682769,0.71583634845533,-0.116937059883619,-0.0174532925199433,12
-0.773214030950713,-0.584777178739268,-0.245307385878803,-0.755034921113978,-0.594153895015585,-0.277314653302378,3.78910980607969,3.80830842785163,-0.247836753783195,-0.280998009571087,0.716392986362371,0.0191986217719369,-0.0331612557878923,32
-0.941485073270286,-0.287840873034081,-0.175366726091987,-0.949853880647404,-0.263417794374009,-0.168489379565003,3.43829862642883,3.41211868764891,-0.176278254451427,-0.16929693744345,0.716392986362371,-0.0261799387799155,0.00698131700797733,92
-0.988323954519781,-0.103877033434551,-0.111468932206325,-0.991412571361908,-0.0623743920383197,-0.114937150492867,3.24631240870945,3.20442450666159,-0.111701072127637,-0.115191730631626,0.716671305315892,-0.041887902047864,-0.00349065850398865,9
-0.873755008567252,0.466541725645504,-0.137444546037147,-0.887864316108816,0.444609330165144,-0.118403968306501,2.65115513377939,2.6773350725593,-0.137881010907552,-0.118682389135614,0.717227943222933,0.0261799387799151,0.0191986217719377,17
-0.803943881135084,-0.488805541471609,0.338737920245291,-0.799131778853254,-0.448451839284434,0.400349032556895,3.68788070946402,3.65297412442413,0.345575191894877,0.411897703470662,0.718341219037016,-0.0349065850398862,0.0663225115757846,105
-0.612016976473015,0.729373430440362,0.305695304963106,-0.667940784922555,0.689261420899657,0.280666708920788,2.26892802759263,2.3404865269244,0.310668606854991,0.284488668075076,0.718341219037016,0.0715584993317675,-0.0261799387799149,48
-0.878292062065733,-0.197931664600382,0.435231099372328,-0.886980042462738,-0.145248552266897,0.438371146789077,3.36324946859307,3.30390827402527,0.450294947014537,0.453785605518526,0.719176175897579,-0.0593411945678071,0.00349065850398861,43
-0.606536586295293,0.790453868816516,-0.0854169231373675,-0.712818160127196,0.698043115307788,-0.0680152906652482,2.22529479629277,2.36666646570431,-0.0855211333477222,-0.0680678408277788,0.719176175897579,0.14137166941154,0.0174532925199433,56
-0.569257847010962,0.822112736304845,-0.00872653549837393,-0.57356245869789,0.819132082131498,-0.00698126029796155,2.17642557723693,2.18166156499291,-0.00872664625997165,-0.00698131700797732,0.719176175897579,0.00523598775598266,0.00174532925199433,11
-0.636229881939568,-0.752876395101456,0.168489379565003,-0.687344955265184,-0.709284971375454,0.156434465040231,4.01076662108297,3.94269878025519,0.16929693744345,0.15707963267949,0.720289451711662,-0.0680678408277786,-0.0122173047639603,3
-0.553027775379083,0.807676695491694,0.20449605184179,-0.575363815064161,0.791920352747632,0.20449605184179,2.17118958948095,2.19911485751286,0.205948851735331,0.205948851735331,0.720289451711662,0.0279252680319093,0,45
0.261064818311389,0.822980581452328,0.504527623815019,0.275948099543157,0.819963186290883,0.501510737159457,1.26361837844389,1.24616508592395,0.528834763354282,0.525344104850293,0.721402727525745,-0.0174532925199431,-0.00349065850398866,3
0.654124899882045,0.749837450828621,-0.099319749743639,0.634272291426341,0.766703493952936,-0.099319749743639,0.853466004225227,0.879645943005142,-0.0994837673636768,-0.0994837673636768,0.721402727525745,0.0261799387799151,0,67
-0.988302717277324,0.121348315180044,0.0923705874465616,-0.981983622631706,0.174917924573228,0.0714974443326859,3.01941960595019,2.96531439913837,0.0925024503556995,0.0715584993317675,0.722794322293348,-0.0541052068118244,-0.020943951023932,8
0.675822890309542,0.69012761343528,-0.258819045102521,0.706869384806272,0.649999719672717,-0.278991106039229,0.795870138909414,0.743510261349584,-0.261799387799149,-0.282743338823081,0.722794322293348,-0.0523598775598302,-0.020943951023932,32
0.774395179724979,0.624858138243856,-0.099319749743639,0.732748619746,0.676160965291259,-0.0767190281268186,0.678933079025794,0.745255590601579,-0.0994837673636768,-0.0767944870877505,0.722794322293348,0.0663225115757848,0.0226892802759263,16
-0.893153074465993,0.373614024283943,-0.250380004054441,-0.880274793520491,0.403021266761637,-0.250380004054441,2.74540291338708,2.71224165759919,-0.253072741539178,-0.253072741539178,0.724185917060952,-0.0331612557878924,0,35
-0.782578063864899,0.558207508043093,0.275637355816999,-0.803716937801594,0.521939882189807,0.285688367404974,2.52200076913181,2.56563400043166,0.279252680319093,0.289724655831059,0.724185917060952,0.0436332312998582,0.010471975511966,38
0.0154639038423549,0.984381724260326,0.175366726091987,-0.0120276761720513,0.984429706167829,0.175366726091987,1.55508836352695,1.58301363155886,0.176278254451427,0.176278254451427,0.724185917060952,0.0279252680319093,0,21
0.773192652301023,0.621662853154365,0.125333233564304,0.796880051833764,0.598314467086222,0.0836778433323155,0.6771877497738,0.644026493985907,0.125663706143592,0.0837758040957278,0.724185917060952,-0.0331612557878924,-0.0418879020478639,176
0.982664874255555,0.167969983038291,0.0784590957278449,0.990247691511328,0.121587127987333,0.0680152906652482,0.16929693744345,0.122173047639603,0.0785398163397448,0.0680678408277788,0.724464236014473,-0.0471238898038471,-0.010471975511966,68
-0.49207215247514,0.799851868207985,0.343659694585616,-0.490675398852483,0.800709477450016,0.343659694585616,2.1223203704251,2.12057504117311,0.35081117965086,0.35081117965086,0.724742554967993,-0.00174532925199422,0,130
0.68057681514238,0.729829281326941,0.064532308252958,0.676421375570344,0.735602719736512,0.0366437087065563,0.820304748437335,0.827286065445312,0.0645771823237902,0.0366519142918809,0.725855830782076,0.00698131700797733,-0.0279252680319093,21
0.927925035302965,0.0762893250031016,0.36487678433762,0.92536155592247,0.0306974044040645,0.377840786818467,0.0820304748437335,0.0331612557878923,0.373500459926786,0.387463093942741,0.725855830782076,-0.0488692190558413,0.0139626340159547,12
0.926421673797929,-0.355619961848337,0.123601476740493,0.940741446798553,-0.318423412110453,0.116670737099333,5.91666616426078,5.95680873705665,0.123918376891597,0.11693705988362,0.725855830782076,0.0401425727958697,-0.0069813170079773,9
0.312860010519431,0.806601261052547,0.501510737159457,0.364789639031741,0.796769676095037,0.481753674101715,1.2007865253721,1.14144533080429,0.525344104850293,0.502654824574367,0.726134149735597,-0.0593411945678071,-0.0226892802759262,173
0.50180721990529,-0.793780529093682,0.343659694585616,0.457770040472733,-0.829248997776483,0.320612990585676,5.27613032877886,5.21678913421105,0.35081117965086,0.32637657012294,0.726412468689118,-0.059341194567808,-0.0244346095279206,29
0.306450761692454,-0.94878981939173,-0.0767190281268186,0.412196206636877,-0.908681493901983,-0.0662739004000001,5.02480291649167,5.13824931787131,-0.0767944870877505,-0.0663225115757845,0.726690787642639,0.113446401379631,0.010471975511966,15
0.691662018509484,-0.686850083972102,0.223250116010951,0.674524572453005,-0.700934740459591,0.231747903494157,5.50127780228613,5.4785885220102,0.225147473507269,0.23387411976724,0.72724742554968,-0.0226892802759266,0.00872664625997166,30
0.456759742500523,-0.869999106644438,-0.185666615385577,0.455808801471462,-0.875600560942829,-0.159881187691835,5.19584518318712,5.19235452468313,-0.186750229963393,-0.160570291183478,0.72724742554968,-0.00349065850398844,0.026179938779915,9
0.87721856274867,-0.450829103950506,-0.165047605860678,0.908919201480164,-0.385813310997673,-0.158158067254484,5.80845575063713,5.88175957922089,-0.165806278939461,-0.158824961931484,0.728360701363763,0.0733038285837617,0.00698131700797733,31
0.726941278745629,-0.673155004924199,-0.135715572434304,0.748867124323198,-0.653278430120485,-0.111468932206325,5.53618438732601,5.56585498460992,-0.136135681655558,-0.111701072127637,0.728360701363763,0.0296705972839035,0.0244346095279206,85
-0.0273992992460802,-0.980910072741544,0.192521966525907,-0.0445594848943229,-0.981276054558593,0.187381314585725,4.68446371235278,4.66701041983284,0.193731546971371,0.188495559215388,0.728360701363763,-0.0174532925199431,-0.00523598775598297,109
-0.639436401498871,-0.662155777493238,0.390731128489274,-0.676572845894587,-0.622140624027988,0.393941909590951,3.94444410950718,3.88510291493938,0.401425727958696,0.404916386462684,0.728639020317284,-0.0593411945678071,0.00349065850398872,58
-0.558889144005537,-0.605662364263628,0.566406236924833,-0.611485576462438,-0.558363060699325,0.560638994563242,3.96713338978311,3.88161225643539,0.602138591938044,0.595157274930066,0.729195658224325,-0.0855211333477226,-0.00698131700797744,32
0.169765167398151,-0.97271054980431,0.158158067254484,0.195169586896013,-0.967933292181422,0.158158067254484,4.88517657633213,4.91135651511204,0.158824961931484,0.158824961931484,0.729752296131366,0.0261799387799151,0,15
-0.79775709466734,-0.469914840927935,0.377840786818467,-0.812973026726905,-0.452494981877237,0.366501226724297,3.67391807544806,3.64948346592014,0.387463093942741,0.375245789178781,0.729752296131366,-0.0244346095279209,-0.0122173047639603,3
-0.998055864423787,0.0191636515976424,0.0593063735759616,-0.997728807251183,0.0243839668300691,0.0627905195293134,3.12239403181786,3.11715804406187,0.0593411945678072,0.0628318530717959,0.730030615084887,-0.00523598775598311,0.00349065850398866,94
-0.724004870264257,-0.618358575874185,0.305695304963106,-0.724129916022043,-0.620654402116351,0.300705799504273,3.8484510006475,3.85019632989949,0.310668606854991,0.305432619099008,0.730587252991929,0.00174532925199378,-0.005235987755983,17
-0.993745648928587,0.0572990135982596,0.095845752520224,-0.993964935613868,-0.0642768290656919,0.0888942968664415,3.08399678827398,3.20616983591358,0.0959931088596881,0.0890117918517108,0.730587252991929,0.122173047639603,-0.00698131700797731,14
-0.963643234920339,-0.169916302093641,0.20620418539663,-0.964647821893147,-0.212091578956791,0.156434465040231,3.31612557878923,3.35801348083709,0.207694180987325,0.15707963267949,0.730865571945449,0.041887902047864,-0.0506145483078355,33
-0.0373427346976469,0.972058861073425,-0.231747903494157,-0.0238530379756781,0.976004572785218,-0.216439613938103,1.60919357033877,1.59523093632282,-0.23387411976724,-0.218166156499291,0.731700528806012,-0.0139626340159547,0.015707963267949,36
-0.980265202474268,0.00342178496299625,0.197657340379126,-0.978836865670846,-0.0461607747973819,0.199367934417197,3.1381019950858,3.18871654339364,0.198967534727354,0.200712863979348,0.731978847759532,0.0506145483078351,0.0017453292519943,51
-0.609313132174481,0.718477383994662,0.335451569750255,-0.615559749793656,0.713132833899872,0.335451569750255,2.27416401534861,2.28289066160858,0.342084533390889,0.342084533390889,0.732813804620095,0.00872664625997155,0,26
0.0407356258320149,0.971922588488475,0.231747903494157,0.00339981058857659,0.973970033484155,0.226651307436855,1.52890842474703,1.56730566829091,0.23387411976724,0.228638132011257,0.732813804620095,0.0383972435438755,-0.00523598775598302,10
0.20546423370065,0.966633220288998,0.152985836284038,0.148581575263607,0.970984942435417,0.187381314585725,1.36135681655558,1.41895268187139,0.153588974175501,0.188495559215388,0.732813804620095,0.0575958653158128,0.0349065850398866,203
0.703085049310483,0.708010722773212,-0.0662739004000001,0.694462248674941,0.716629448429864,-0.064532308252958,0.788888821901437,0.801106126665397,-0.0663225115757845,-0.0645771823237902,0.733092123573615,0.0122173047639604,0.00174532925199432,16
-0.213216671372069,0.953876554619152,0.211324796455389,-0.223193769920215,0.951591494009846,0.211324796455389,1.79070781254618,1.80117978805815,0.212930168743308,0.212930168743308,0.733370442527136,0.0104719755119662,0,195
0.802637653732638,0.583150390015202,0.125333233564304,0.809372879670063,0.568836787154825,0.146083028562412,0.628318530717959,0.61261056745001,0.125663706143592,0.146607657167524,0.733648761480657,-0.0157079632679489,0.020943951023932,47
-0.38889137870357,0.849412441286015,0.356737999319625,-0.394629284800419,0.850156018271816,0.348572047321815,2.0001473227855,2.00538331054148,0.364773813666815,0.356047167406843,0.734483718341219,0.00523598775598311,-0.00872664625997166,14
0.792728399322962,0.601713605115798,0.0975828997591495,0.807589192812918,0.571805021737608,0.144356201000973,0.649262481741891,0.616101225953998,0.0977384381116825,0.144862327915529,0.734483718341219,-0.0331612557878924,0.0471238898038469,78
0.973311218354383,-0.0971493749172219,-0.207911690817759,0.970109048898114,-0.0951200239018721,-0.223250116010951,6.18370153981591,6.1854468690679,-0.20943951023932,-0.225147473507269,0.734483718341219,0.00174532925199244,-0.015707963267949,8
0.609212907170987,-0.779756962757525,-0.144356201000973,0.640015166931833,-0.754679980740039,-0.144356201000973,5.37561409614253,5.41575666893841,-0.144862327915529,-0.144862327915529,0.73476203729474,0.0401425727958706,0,81
0.890734483379385,-0.391005101430816,0.231747903494157,0.925313410772848,-0.272334546735978,0.263873049965373,5.86954227445693,5.99695130985252,0.23387411976724,0.267035375555132,0.735318675201781,0.127409035395587,0.0331612557878923,20
0.484427814321374,-0.86678151399363,0.118403968306501,0.48281301955547,-0.867443789592471,0.120136838834647,5.22202512196703,5.22027979271504,0.118682389135614,0.120427718387609,0.735318675201781,-0.00174532925199422,0.00174532925199435,35
0.945393603831607,0.216524039928095,0.243615011786023,0.94260466893803,0.222822301662465,0.248689887164855,0.225147473507269,0.232128790515246,0.2460914245312,0.251327412287183,0.736153632062343,0.00698131700797733,0.005235987755983,38
0.602902318636589,-0.755242690045451,0.257132793154696,0.696811195482727,-0.663564333671918,0.272280247040574,5.3860860716545,5.52222175331006,0.260054058547155,0.275762021815104,0.736153632062343,0.136135681655556,0.015707963267949,40
0.373668812729,-0.863497677924842,0.338737920245291,0.359145731200315,-0.867054495132203,0.345298198998535,5.12079602535136,5.10508806208341,0.345575191894877,0.352556508902855,0.736153632062343,-0.015707963267948,0.00698131700797733,10
0.0429434255697098,-0.983566151095145,0.175366726091987,0.0275546287857995,-0.98647095620564,0.161603821103361,4.75602221168455,4.7403142484166,0.176278254451427,0.162315620435473,0.736431951015864,-0.0157079632679489,-0.0139626340159546,122
-0.101289725286142,-0.963707361840433,0.246999012722743,-0.0342348412094102,-0.980357583973074,0.194234351219972,4.60766922526503,4.6774823953448,0.249582083035189,0.195476876223365,0.737266907876426,0.0698131700797742,-0.0541052068118242,15
-0.336814343007509,-0.930439350832168,0.144356201000973,-0.359767566919486,-0.91332317668842,0.190808995376545,4.36506845923782,4.33714319120591,0.144862327915529,0.191986217719376,0.737266907876426,-0.0279252680319093,0.0471238898038469,100
-0.416823781076036,-0.889823490058979,0.185666615385577,-0.434408777351851,-0.871289213911992,0.228350870110656,4.27431133813411,4.24987672860619,0.186750229963393,0.230383461263251,0.737266907876426,-0.02443460952792,0.0436332312998582,74
0.452478873433418,-0.869203828697645,-0.199367934417197,0.457014077794357,-0.863149391452156,-0.214735327167063,5.19235452468313,5.19933584169111,-0.200712863979348,-0.216420827247297,0.737823545783468,0.00698131700797688,-0.015707963267949,37
-0.30336463460078,-0.950567024780108,0.0662739004000001,-0.152761967570135,-0.986782277531502,0.0540788129847753,4.40346570278169,4.55880000620919,0.0663225115757845,0.0541052068118242,0.737823545783468,0.155334303427495,-0.0122173047639603,27
-0.726160032200973,-0.602869674011963,0.330514392713223,-0.73643456216506,-0.59210858990261,0.327217898979104,3.83448836663154,3.81878040336359,0.336848545634906,0.333357887130917,0.738101864736989,-0.015707963267948,-0.00349065850398866,280
-0.882315624992052,-0.445689692670835,0.151260820247219,-0.791105907736235,-0.593979117066301,0.146083028562412,3.60934089312427,3.7856191475757,0.151843644923507,0.146607657167524,0.738380183690509,0.176278254451428,-0.00523598775598297,63
-0.932574116941648,-0.2290621731354,0.278991106039229,-0.934701958760879,-0.224402086369065,0.275637355816999,3.38244809036501,3.37721210260903,0.282743338823081,0.279252680319093,0.73865850264403,-0.00523598775598311,-0.00349065850398866,30
0.465930324643455,-0.844031327050706,0.265556117486809,0.431474292742353,-0.861634252483931,0.267238376078257,5.21678913421105,5.17664656141518,0.268780704807127,0.270526034059121,0.740606735318675,-0.0401425727958689,0.00174532925199433,103
-0.95740174687211,-0.172263763781866,0.231747903494157,-0.963874371645767,-0.204877822318877,0.170209499166033,3.31961623729321,3.35103216382911,0.23387411976724,0.171042266695444,0.740606735318675,0.0314159265358978,-0.0628318530717959,115
-0.987658737831894,-0.149369340514882,0.0471064507096427,-0.991814562161246,-0.121779515512075,0.0383878090875199,3.2916909692613,3.2637657012294,0.0471238898038469,0.0383972435438752,0.740606735318675,-0.0279252680319084,-0.00872664625997165,16
-0.988705258572213,-0.123149749952639,0.0854169231373675,-0.986977745823499,-0.135199133707541,0.0871557427476582,3.26551103048139,3.27772833524535,0.0855211333477222,0.0872664625997165,0.740606735318675,0.0122173047639609,0.00174532925199432,19
-0.985351386912809,-0.122732003154341,0.118403968306501,-0.985071710716194,-0.112234744581192,0.130526192220052,3.26551103048139,3.25503905496943,0.118682389135614,0.130899693899575,0.740606735318675,-0.0104719755119653,0.0122173047639603,6
-0.818955241169419,-0.459576247513358,0.343659694585616,-0.796540256525411,-0.488120496983955,0.356737999319625,3.65297412442413,3.69137136796801,0.35081117965086,0.364773813666815,0.741163373225717,0.0383972435438746,0.0139626340159546,14
-0.947779727697902,0.213591386373822,-0.236838146065619,-0.9424767429369,0.217587900819755,-0.253757944584806,2.91993583858651,2.91469985083053,-0.239110107523223,-0.256563400043166,0.741163373225717,-0.00523598775598311,-0.0174532925199433,7
-0.63995407796514,-0.738783194515736,-0.211324796455389,-0.566495793067482,-0.794197810918977,-0.219846204352837,3.99854931631901,4.0927970959267,-0.212930168743308,-0.22165681500328,0.741441692179237,0.0942477796076941,-0.00872664625997166,67
-0.374993075495802,0.879158962001458,-0.294040325232304,-0.41957744358969,0.856464121242237,-0.300705799504273,1.97396738400559,2.02632726156542,-0.29845130209103,-0.305432619099008,0.7422766490398,0.0523598775598302,-0.00698131700797733,4
-0.222764161933038,0.949759851009676,0.219846204352837,-0.120810047923391,0.969921008497,0.211324796455389,1.80117978805815,1.69471470368649,0.22165681500328,0.212930168743308,0.742833286946841,-0.106465084371655,-0.00872664625997166,7
0.683761199496181,0.695800451634802,0.219846204352837,0.696717572212894,0.682276254732882,0.221548497619467,0.79412480965742,0.774926187885482,0.22165681500328,0.223402144255274,0.743111605900362,-0.0191986217719378,0.00174532925199436,9
0.763569236545947,0.518921117302463,0.384295322659804,0.758428782294152,0.531057550557576,0.377840786818467,0.596902604182061,0.610865238198015,0.394444410950718,0.387463093942741,0.743668243807403,0.0139626340159547,-0.00698131700797733,10
0.935083672058596,-0.190244923233878,0.299040792256087,0.931913436038244,-0.2168630498,0.290702193598252,6.08247244320024,6.05454717516833,0.303687289847013,0.294960643587042,0.743946562760924,-0.0279252680319093,-0.00872664625997166,95
0.900118965657232,-0.315217178796858,-0.300705799504273,0.926830079975808,-0.21568011578887,-0.307356617799807,5.94633676154468,6.05454717516833,-0.305432619099008,-0.312413936106985,0.744503200667965,0.108210413623649,-0.00698131700797727,50
0.626746707767969,-0.765734844142917,-0.144356201000973,0.632551373025438,-0.761911811466913,-0.139173100960065,5.39830337641846,5.40528469342644,-0.144862327915529,-0.139626340159546,0.744503200667965,0.006981317007976,0.005235987755983,36
0.544830164200705,-0.798691152404759,0.255445757935791,0.555055177429276,-0.792700945277511,0.252069358243114,5.31103691381874,5.32325421858271,0.258308729295161,0.254818070791172,0.744781519621486,0.0122173047639604,-0.00349065850398872,143
0.625067308056831,0.755576580470224,0.195946144242518,0.668214109310189,0.719084022491242,0.190808995376545,0.879645943005142,0.822050077689329,0.197222205475359,0.191986217719376,0.745616476482048,-0.0575958653158128,-0.005235987755983,47
0.0600262760972597,-0.981420938958659,0.182235525492147,0.132549637334838,-0.967635950607902,0.214735327167063,4.77347550420449,4.84852466204025,0.183259571459405,0.216420827247297,0.745616476482048,0.0750491578357568,0.0331612557878923,129
-0.0104704922382272,-0.999821808611492,0.0157073173118207,0.0383763499342285,-0.998964626218788,0.0244321781526532,4.70191700487272,4.75078622392856,0.015707963267949,0.0244346095279206,0.745616476482048,0.0488692190558409,0.00872664625997165,73
0.875947267289205,0.371817555291891,-0.307356617799807,0.892425320116758,0.340784091696853,-0.295708050044047,0.401425727958696,0.364773813666815,-0.312413936106985,-0.300196631343025,0.746451433342611,-0.0366519142918809,0.0122173047639603,189
-0.043199445191804,-0.916042023035171,0.398749068925246,-0.0595335123638851,-0.920615167919365,0.385906042324319,4.66526509058084,4.6478117980609,0.410152374218667,0.396189740202713,0.746451433342611,-0.0174532925199431,-0.0139626340159547,76
-0.109494510958613,-0.976165557174632,0.187381314585725,-0.117041598844866,-0.98154033457519,0.151260820247219,4.60068790825705,4.59370659124907,0.188495559215388,0.151843644923507,0.746451433342611,-0.00698131700797866,-0.0366519142918809,745
-0.752193127627671,-0.596180926609763,0.280666708920788,-0.755168494102604,-0.590002290033087,0.285688367404974,3.81179908635562,3.80481776934764,0.284488668075076,0.289724655831059,0.747008071249652,-0.00698131700797777,0.005235987755983,86
0.233058268632027,-0.970757552750655,0.0575640269595673,0.296939716600309,-0.953363669693515,0.0540788129847753,4.94800842940392,5.01433094097971,0.0575958653158129,0.0541052068118242,0.747564709156694,0.0663225115757857,-0.00349065850398866,15
-0.949502293409401,-0.306680884529926,0.0662739004000001,-0.94565425074182,-0.316411486165453,0.0749787268263277,3.45400658969678,3.46447856520874,0.0663225115757845,0.0750491578357562,0.747564709156694,0.0104719755119662,0.00872664625997165,52
-0.887983068417425,-0.397214022197149,0.231747903494157,-0.857011777381415,-0.469200242916691,0.213030386274977,3.56221700332043,3.64250214891217,0.23387411976724,0.214675497995303,0.748121347063735,0.0802851455917386,-0.0191986217719376,39
-0.986317653961141,-0.046513559817732,0.158158067254484,-0.979629571952785,-0.135934836363315,0.147809411129611,3.18871654339364,3.27947366449735,0.158824961931484,0.148352986419518,0.748121347063735,0.0907571211037053,-0.010471975511966,155
0.328587376656682,-0.917708952556842,0.223250116010951,0.316034373408556,-0.917830464972592,0.240228042477264,5.05621884302757,5.04400153826361,0.225147473507269,0.242600766027212,0.748399666017256,-0.0122173047639604,0.0174532925199433,35
-0.354143364380394,0.867801823742733,0.348572047321815,-0.275777167365061,0.8964276923587,0.346935651573256,1.95825942073764,1.86924762888593,0.356047167406843,0.354301838154849,0.748956303924297,-0.0890117918517106,-0.00174532925199433,14
-0.98325340998147,0.0017161026810801,-0.182235525492147,-0.984447720602625,-0.0360980591917273,-0.17192910027941,3.1398473243378,3.17824456788167,-0.183259571459405,-0.172787595947439,0.749512941831339,0.0383972435438751,0.010471975511966,48
-0.96201268297503,0.0470502696638182,-0.268919820615266,-0.965047687870732,0.0286419467251572,-0.260504508642648,3.09272343453395,3.11192205630589,-0.272271363311115,-0.263544717051144,0.750626217645422,0.0191986217719382,0.00872664625997166,12
-0.718618866622384,0.684331498238924,-0.123601476740493,-0.758550494780483,0.63875882864389,-0.128795596577563,2.38062909972027,2.44171562354007,-0.123918376891597,-0.12915436464758,0.750626217645422,0.0610865238198017,-0.00523598775598301,64
0.181333388452349,0.915800532305527,-0.3583679495453,0.228630988800669,0.910218119314484,-0.345298198998535,1.37531945057153,1.3247049022637,-0.366519142918809,-0.352556508902855,0.750626217645422,-0.0506145483078355,0.0139626340159547,75
0.290425509524279,0.955902909538116,-0.043619387365336,0.133826224314758,0.989800101877431,-0.0488497697956133,1.27583568320785,1.43640597439133,-0.0436332312998582,-0.0488692190558412,0.750626217645422,0.160570291183478,-0.00523598775598299,3
0.29904386998139,0.87343566953059,-0.384295322659804,0.295315042230396,0.877510892040014,-0.377840786818467,1.24092909816797,1.24616508592395,-0.394444410950718,-0.387463093942741,0.751461174505984,0.00523598775598355,0.00698131700797733,6
0.506946404195181,0.857199555926314,0.0906325801977802,0.485266156668932,0.871851207097596,0.0662739004000001,1.03672557568463,1.06290551446455,0.0907571211037051,0.0663225115757845,0.751461174505984,0.0261799387799151,-0.0244346095279206,54
-0.351782569550055,0.828747798730057,0.435231099372328,-0.350853145788274,0.814671889944655,0.461748613235034,1.97222205475359,1.97745804250958,0.450294947014537,0.479965544298441,0.752017812413025,0.00523598775598311,0.0296705972839036,53
0.60532148809901,0.777569689763721,0.170209499166033,0.585604925077952,0.791399635521918,0.175366726091987,0.909316540289046,0.933751149816966,0.171042266695444,0.176278254451427,0.752017812413025,0.0244346095279204,0.00523598775598297,44
0.211901925359279,0.971869985342624,0.102792536787247,0.215132525468267,0.970400112044006,0.109734311091045,1.35612082879959,1.35263017029561,0.102974425867665,0.109955742875643,0.753409407180629,-0.00349065850398844,0.0069813170079773,89
0.709198348928082,0.677724662885924,0.194234351219972,0.704011274821676,0.677485187622204,0.213030386274977,0.762708883121522,0.766199541625511,0.195476876223365,0.214675497995303,0.753409407180629,0.00349065850398844,0.0191986217719377,35
0.771568186507421,0.41544666451802,-0.481753674101715,0.78319626458613,0.414681076226718,-0.463296035119862,0.493928178314395,0.486946861306418,-0.502654824574367,-0.481710873550435,0.753409407180629,-0.00698131700797733,0.0209439510239319,8
0.847364576557194,0.393333540697304,-0.356737999319625,0.869961851966821,0.374664765343859,-0.320612990585676,0.434586983746588,0.406661715714679,-0.364773813666815,-0.32637657012294,0.753409407180629,-0.0279252680319093,0.0383972435438752,52
0.783707160926356,0.441596290282797,-0.436801788367702,0.780901217646006,0.45998597057112,-0.422618261740699,0.513126800086333,0.53232542185827,-0.452040276266531,-0.436332312998582,0.753966045087671,0.0191986217719378,0.0157079632679489,28
0.930221758392563,0.242304618798859,0.275637355816999,0.9318328144864,0.234060224963867,0.277314653302378,0.254818070791172,0.2460914245312,0.279252680319093,0.280998009571087,0.753966045087671,-0.00872664625997155,0.00174532925199433,6
0.908695936106379,0.316441404963504,-0.272280247040574,0.910242928822383,0.313421775195206,-0.270600445975864,0.335103216382911,0.331612557878923,-0.275762021815104,-0.27401669256311,0.754801001948233,-0.00349065850398844,0.00174532925199439,15
0.931281153119869,0.0276397793695094,0.363251230472978,0.933579004573259,-0.00162940440021313,0.3583679495453,0.0296705972839036,6.28143997792759,0.371755130674792,0.366519142918809,0.754801001948233,-0.0314159265358978,-0.00523598775598294,38
0.946711887063897,-0.172046708667846,-0.272280247040574,0.946735515964118,-0.196059500062517,-0.255445757935791,6.10341639422417,6.07898178469625,-0.275762021815104,-0.258308729295161,0.754801001948233,-0.02443460952792,0.0174532925199433,89
-0.601266565635948,0.78358584417786,0.156434465040231,-0.584063721507759,0.79510640751811,0.163325962241622,2.22529479629277,2.20435084526884,0.15707963267949,0.164060949687467,0.756192596715836,-0.020943951023932,0.00698131700797733,63
0.477445827226253,0.743698306432322,0.467929814260573,0.518079296995241,0.695056699370659,0.49848773975383,1.00007366139275,0.930260491312978,0.486946861306418,0.521853446346304,0.756192596715836,-0.0698131700797733,0.0349065850398865,141
0.969126075439521,-0.124147913501299,0.213030386274977,0.96653478194317,-0.0236216012725356,0.255445757935791,6.155776271784,6.25875069765167,0.214675497995303,0.258308729295161,0.756192596715836,0.102974425867666,0.0436332312998582,27
0.904432344765669,-0.302618829364879,-0.300705799504273,0.899366440034474,-0.32201980634561,-0.295708050044047,5.96029939556063,5.9393554445367,-0.305432619099008,-0.300196631343025,0.756192596715836,-0.0209439510239315,0.005235987755983,150
0.323674842492253,0.875006796819882,0.359996808120051,0.320604483817645,0.871377470258874,0.371367835550235,1.21649448864005,1.21823981789204,0.368264472170804,0.380481776934764,0.756470915669357,0.00174532925199422,0.0122173047639603,32
0.657198374244774,-0.735036381418475,-0.166768746716102,0.64418390988965,-0.754242451390976,-0.12706460860135,5.44193660771832,5.41924732744239,-0.167551608191456,-0.127409035395586,0.756749234622878,-0.0226892802759258,0.0401425727958696,22
0.460624147879734,-0.859060405379718,0.223250116010951,0.471458659345735,-0.854045888087738,0.219846204352837,5.20457182944709,5.21678913421105,0.225147473507269,0.22165681500328,0.757305872529919,0.0122173047639604,-0.00349065850398869,124
0.107296369882078,-0.971878360236642,0.209618562903822,0.0957900270432304,-0.976942269534107,0.190808995376545,4.82234472326033,4.81012741849637,0.211184839491314,0.191986217719376,0.75758419148344,-0.0122173047639595,-0.0191986217719377,99
0.819346593588025,0.390808277941071,-0.419452082446177,0.814413475707785,0.40427836026755,-0.416280792260401,0.445058959258554,0.460766922526503,-0.432841654494594,-0.429350995990605,0.758697467297523,0.0157079632679489,0.00349065850398861,10
-0.115090528168179,-0.937337131980212,0.328866646738583,-0.149853757682129,-0.925225042427205,0.348572047321815,4.59021593274509,4.55181868920121,0.335103216382911,0.356047167406843,0.758697467297523,-0.0383972435438746,0.020943951023932,81
0.308277059701523,-0.921343012688534,0.236838146065619,0.28240120471217,-0.947296006449543,0.151260820247219,5.03527489200364,5.00211363621575,0.239110107523223,0.151843644923507,0.760089062065127,-0.033161255787892,-0.0872664625997165,97
0.155801501232422,-0.951423060829963,0.265556117486809,0.268114292815476,-0.928903757523171,0.255445757935791,4.87470460082016,4.99338698995578,0.268780704807127,0.258308729295161,0.760089062065127,0.118682389135614,-0.0104719755119659,7
-0.87741095333671,-0.462606316651373,-0.12706460860135,-0.865000664878951,-0.485415734190764,-0.12706460860135,3.62679418564422,3.65297412442413,-0.127409035395586,-0.127409035395586,0.760089062065127,0.0261799387799151,0,8
-0.973856789687549,-0.164715546707158,0.156434465040231,-0.969219096062534,-0.17788499155739,0.170209499166033,3.30914426178125,3.3231068957972,0.15707963267949,0.171042266695444,0.760367381018647,0.0139626340159547,0.0139626340159547,45
-0.954217074352587,-0.00666180012018479,-0.299040792256087,-0.957751012227298,0.0117017182195436,-0.287360519849712,3.14857397059777,3.12937534882583,-0.303687289847013,-0.291469985083053,0.760924018925689,-0.0191986217719378,0.0122173047639603,50
-0.288012570527781,-0.947960992138816,-0.135715572434304,-0.271677456846288,-0.953731122352502,-0.128795596577563,4.41742833679765,4.43488162931759,-0.136135681655558,-0.12915436464758,0.761758975786251,0.0174532925199431,0.0069813170079773,13
-0.857784683092698,0.357061301371413,0.369746757273829,-0.828132560378033,0.400334921505641,0.392337116603562,2.74714824263907,2.69129770657526,0.378736447682769,0.40317105721069,0.761758975786251,-0.0558505360638191,0.0244346095279207,49
-0.803890062530982,0.546323122345726,-0.23514211310259,-0.836711242644392,0.510730723793593,-0.197657340379126,2.54469004940773,2.59355926846357,-0.237364778271229,-0.198967534727354,0.761758975786251,0.0488692190558409,0.0383972435438752,78
-0.919069569314277,-0.390121886518518,-0.0558215049931638,-0.906510793491498,-0.416948379789617,-0.0662739004000001,3.54301838154849,3.57268897883239,-0.0558505360638185,-0.0663225115757845,0.762593932646813,0.0296705972839035,-0.010471975511966,273
-0.621843846803489,0.765178681950418,0.166768746716102,-0.667986394935812,0.718838972639669,0.192521966525907,2.25322006432468,2.31954257590046,0.167551608191456,0.193731546971371,0.762593932646813,0.0663225115757848,0.026179938779915,9
-0.219986342914416,0.856790237248073,0.466386640339891,-0.140602365814155,0.887728400126014,0.438371146789077,1.82212373908208,1.72787595947439,0.485201532054424,0.453785605518526,0.762593932646813,-0.0942477796076937,-0.0314159265358979,28
0.111354182720116,0.992744904443594,-0.0453629881292538,0.114880435947364,0.992882596106246,-0.0314107590781283,1.45909525466726,1.45560459616327,-0.0453785605518526,-0.0314159265358979,0.762872251600334,-0.00349065850398844,0.0139626340159546,146
0.44119141465081,0.869635785165821,0.221548497619467,0.460024247153024,0.861548856013255,0.214735327167063,1.10130275800842,1.08035880698449,0.223402144255274,0.216420827247297,0.763985527414417,-0.0209439510239324,-0.00698131700797733,33
0.501763889415042,0.848436402008359,0.168489379565003,0.508996022095159,0.843772348376594,0.170209499166033,1.03672557568463,1.02799892942466,0.16929693744345,0.171042266695444,0.763985527414417,-0.00872664625997199,0.00174532925199436,53
0.469616348667038,0.751543258174042,0.463296035119862,0.547151148009611,0.713061258865319,0.438371146789077,1.01229096615671,0.916297857297023,0.481710873550435,0.453785605518526,0.763985527414417,-0.0959931088596884,-0.0279252680319094,128
0.54231053875988,0.835084998143749,-0.0923705874465616,0.41335746531827,0.907030175022942,-0.0801989243288589,0.994837673636768,1.14319066005629,-0.0925024503556995,-0.0802851455917391,0.763985527414417,0.148352986419518,0.0122173047639603,50
0.610624987786725,0.775965946451768,0.158158067254484,0.487265811867534,0.861239406795601,0.144356201000973,0.904080552533063,1.05592419745657,0.158824961931484,0.144862327915529,0.764263846367938,0.151843644923507,-0.0139626340159546,6
0.409931926802106,0.833091679292889,-0.371367835550235,0.353448908633396,0.866100111881468,-0.353474843779257,1.11352006277238,1.18333323285216,-0.380481776934764,-0.361283155162826,0.764542165321458,0.0698131700797733,0.0191986217719377,141
0.908531724142628,0.363386763863704,0.20620418539663,0.832668287754609,0.508262893588995,0.219846204352837,0.380481776934764,0.548033385126219,0.207694180987325,0.22165681500328,0.765655441135541,0.167551608191456,0.0139626340159546,109
0.988695762495746,-0.102171768078713,0.109734311091045,0.989638369690264,-0.0883228714966567,0.113203213767907,6.18021088131192,6.19417351532787,0.109955742875643,0.113446401379631,0.765655441135541,0.0139626340159529,0.00349065850398866,16
0.925185484771718,-0.247902703493578,-0.287360519849712,0.916265677875227,-0.290656593983457,-0.275637355816999,6.02138591938044,5.97600735882858,-0.291469985083053,-0.279252680319093,0.765655441135541,-0.0453785605518533,0.0122173047639603,60
0.439185829166984,-0.865682560218496,0.240228042477264,0.367246509215462,-0.899910100018166,0.23514211310259,5.18188254917116,5.09985207432743,0.242600766027212,0.237364778271229,0.766212079042583,-0.0820304748437328,-0.00523598775598297,251
-0.21820750408336,-0.968263057386632,0.121869343405147,-0.164082236467716,-0.980516781520253,0.107999355706023,4.49073216538141,4.54658270144523,0.122173047639603,0.108210413623648,0.766768716949624,0.0558505360638177,-0.0139626340159546,4
-0.801638293150457,-0.548893195005206,0.236838146065619,-0.826218429773675,-0.500375667068795,0.258819045102521,3.74198591627584,3.68613538021202,0.239110107523223,0.261799387799149,0.767325354856666,-0.0558505360638191,0.0226892802759263,130
-0.888354532295308,-0.456552214912271,-0.0488497697956133,-0.882018040215347,-0.470953773652516,-0.0157073173118207,3.61632221013225,3.6320301734002,-0.0488692190558412,-0.015707963267949,0.767603673810186,0.0157079632679493,0.0331612557878923,12
-0.893895718540784,-0.297359527721151,0.335451569750255,-0.895365203768586,-0.332983334447216,0.295708050044047,3.46273323595675,3.49763982099664,0.342084533390889,0.300196631343025,0.767881992763707,0.0349065850398866,-0.041887902047864,15
0.522498294501258,-0.836172062055423,0.166768746716102,0.568927279617196,-0.812512360366513,0.12706460860135,5.27089434102288,5.32325421858271,0.167551608191456,0.127409035395586,0.768160311717228,0.0523598775598302,-0.0401425727958696,12
-0.763962542310678,0.614241654188688,0.197657340379126,-0.781360129475704,0.593084618643804,0.194234351219972,2.46440490381599,2.4923301718479,0.198967534727354,0.195476876223365,0.768716949624269,0.0279252680319098,-0.00349065850398866,6
-0.649743010990909,0.709070071404724,-0.273959218692432,-0.666702303551279,0.685585023696507,-0.292371704722737,2.31256125889249,2.34223185617639,-0.277507351067098,-0.296705972839036,0.768716949624269,0.0296705972839035,-0.0191986217719376,16
-0.329482263471199,0.920208274501476,-0.211324796455389,-0.397562466985257,0.897150699297278,-0.192521966525907,1.91462618943778,1.98793001802154,-0.212930168743308,-0.193731546971371,0.76899526857779,0.0733038285837617,0.0191986217719376,8
-0.922480798875824,-0.341236009095508,0.18051914525056,-0.92528912876695,-0.347793318572738,0.151260820247219,3.49589449174464,3.50113047950062,0.18151424220741,0.151843644923507,0.770108544391873,0.00523598775598266,-0.0296705972839036,35
-0.945493752466979,-0.307209542841682,-0.107999355706023,-0.937926893037557,-0.326620701152902,-0.116670737099333,3.45575191894877,3.4766958699727,-0.108210413623648,-0.11693705988362,0.770108544391873,0.0209439510239315,-0.00872664625997166,17
-0.675702774426024,0.612689861968593,0.409923033841573,-0.700469967573981,0.594041732481075,0.395545502562965,2.40506370924819,2.43822496503608,0.422369678982628,0.406661715714679,0.770108544391873,0.0331612557878915,-0.015707963267949,11
0.101037673732344,0.994697364373741,-0.0191974423996897,0.0488137634319521,0.998069933728629,-0.0383878090875199,1.46956723017923,1.52192710773906,-0.0191986217719376,-0.0383972435438752,0.770108544391873,0.0523598775598297,-0.0191986217719376,55
-0.544771684084386,0.835678075930347,-0.0697564737441253,-0.564811878997348,0.821806383442589,-0.0749787268263277,2.14850030920502,2.17293491873294,-0.0698131700797732,-0.0750491578357562,0.770943501252435,0.0244346095279204,-0.00523598775598298,31
-0.0648315403293394,0.950983343989835,-0.302369890750444,-0.0765707891114855,0.951685398922388,-0.297374874077786,1.63886416762268,1.65108147238664,-0.307177948351002,-0.301941960595019,0.770943501252435,0.01221730476396,0.00523598775598294,14
0.284672345779577,0.897400937316776,-0.337095258423082,0.392007842722213,0.844508604749363,-0.36487678433762,1.26361837844389,1.13620934304831,-0.343829862642883,-0.373500459926786,0.770943501252435,-0.127409035395586,-0.0296705972839036,59
0.0235885993191523,0.96518442743292,-0.260504508642648,-0.0523086919085702,0.965852321170741,-0.253757944584806,1.54636171726698,1.62490153360672,-0.263544717051144,-0.256563400043166,0.771500139159477,0.0785398163397448,0.00698131700797733,20
0.199455798356073,0.963135620097268,-0.18051914525056,0.160794929199262,0.971283430376315,-0.175366726091987,1.36659280431156,1.40673537710743,-0.18151424220741,-0.176278254451427,0.771500139159477,0.0401425727958693,0.005235987755983,21
0.588782291513886,0.682110849902236,0.433659084587544,0.603866110642201,0.663640190440946,0.441505852791745,0.85870199198121,0.832522053201295,0.448549617762543,0.457276264022514,0.771778458112998,-0.0261799387799151,0.0087266462599716,117
0.858360679112749,0.444931915359766,0.255445757935791,0.829110288703096,0.498179721312262,0.253757944584806,0.478220215046446,0.541052068118242,0.258308729295161,0.256563400043166,0.772335096020039,0.062831853071796,-0.00174532925199439,232
0.932272165912588,0.288586442678207,0.218143241396543,0.929503264228381,0.29485580372674,0.221548497619467,0.300196631343025,0.307177948351002,0.219911485751285,0.223402144255274,0.772335096020039,0.00698131700797733,0.00349065850398869,34
0.510184516051941,0.835816410716395,-0.202787295356512,0.424914384491622,0.878977621655086,-0.216439613938103,1.02276294166868,1.12050137978036,-0.204203522483337,-0.218166156499291,0.77261341497356,0.0977384381116826,-0.0139626340159546,108
0.940071469909082,-0.186139163510689,0.285688367404974,0.922228114168151,-0.247110278428633,0.297374874077786,6.08770843095622,6.02138591938044,0.289724655831059,0.301941960595019,0.77289173392708,-0.0663225115757839,0.0122173047639603,12
0.366617300662719,0.898368271525795,0.241921895599668,0.387771331508746,0.887573509339855,0.248689887164855,1.18333323285216,1.15889862332423,0.244346095279206,0.251327412287183,0.773448371834122,-0.0244346095279204,0.00698131700797733,35
0.66438151602979,-0.735285593001123,0.133986185418292,0.706566186043187,-0.696768899770902,0.123601476740493,5.4471725954743,5.50476846079011,0.134390352403563,0.123918376891597,0.773726690787643,0.057595865315812,-0.010471975511966,10
0.348502482306223,-0.927175828303911,0.137444546037147,0.34039817962064,-0.930181743572511,0.137444546037147,5.07192680629552,5.06320016003555,0.137881010907552,0.137881010907552,0.774005009741163,-0.00872664625997199,0,14
0.0434112094764035,-0.994280164021385,0.0975828997591495,0.0451386940080986,-0.994031229697591,0.099319749743639,4.75602221168455,4.75776754093654,0.0977384381116825,0.0994837673636768,0.774283328694684,0.00174532925199422,0.00174532925199433,109
0.647926430649645,0.761310980569916,0.0244321781526532,0.686982864048544,0.726464010129344,0.0174524064372835,0.865683308989187,0.813323431429358,0.0244346095279206,0.0174532925199433,0.775118285555246,-0.0523598775598297,-0.00698131700797732,17
0.849858518282101,0.474969871700361,-0.228350870110656,0.863780070311722,0.43822064094952,-0.248689887164855,0.509636141582344,0.469493568786475,-0.230383461263251,-0.251327412287183,0.775118285555246,-0.0401425727958697,-0.020943951023932,74
0.183768402781742,-0.972566790204702,0.142628933705512,0.207316083967008,-0.967043132083622,0.147809411129611,4.89913921034808,4.923573819876,0.143116998663535,0.148352986419518,0.775118285555246,0.0244346095279209,0.005235987755983,13
0.874808814998095,-0.346361312200891,-0.338737920245291,0.889084259093236,-0.320090029242293,-0.327217898979104,5.90619418874881,5.93761011528471,-0.345575191894877,-0.333357887130917,0.775674923462288,0.0314159265358978,0.0122173047639603,108
0.508421285191624,-0.826427004153156,0.241921895599668,0.495161288684284,-0.833946655500827,0.243615011786023,5.2639130240149,5.24820506074695,0.244346095279206,0.2460914245312,0.775674923462288,-0.0157079632679489,0.00174532925199433,17
0.950501195491272,-0.222938042711396,-0.216439613938103,0.963257461559632,-0.185494149653973,-0.194234351219972,6.05280184591633,6.0929444187122,-0.218166156499291,-0.195476876223365,0.775953242415809,0.0401425727958697,0.0226892802759263,24
0.634053536416592,-0.742381308005488,-0.216439613938103,0.654750310528744,-0.727173888961523,-0.20620418539663,5.41924732744239,5.44542726622231,-0.218166156499291,-0.207694180987325,0.776788199276371,0.0261799387799151,0.010471975511966,41
0.437599538137472,-0.897212014116585,-0.0593063735759616,0.449987836856058,-0.890824504231246,-0.0627905195293134,5.16617458590322,5.18013721991917,-0.0593411945678072,-0.0628318530717959,0.776788199276371,0.0139626340159547,-0.00349065850398866,27
-0.772718643201361,-0.612449249789555,0.166768746716102,-0.755293952346109,-0.636016565280905,0.158158067254484,3.81179908635562,3.84146968363952,0.167551608191456,0.158824961931484,0.776788199276371,0.0296705972839035,-0.00872664625997163,73
0.754504143212199,-0.156250296538878,0.63742398974869,0.74953479820781,-0.128120329361476,0.649448048330184,6.07898178469625,6.11388836973614,0.691150383789754,0.706858347057703,0.777066518229891,0.0349065850398862,0.015707963267949,62
0.464882661652539,-0.859782496505912,0.211324796455389,0.491942518966771,-0.852069437253863,0.17880221511635,5.20806248795108,5.23598775598299,0.212930168743308,0.179768912955416,0.777344837183412,0.0279252680319102,-0.0331612557878922,21
-0.733658487130743,-0.649086199120461,0.201077921145965,-0.692026206578785,-0.677682130080253,0.248689887164855,3.86590429316744,3.91651884147528,0.202458193231342,0.251327412287183,0.777623156136933,0.0506145483078351,0.0488692190558412,30
0.121679320359792,-0.990998538130646,-0.0558215049931638,0.0870112225430417,-0.994542824594177,-0.0575640269595673,4.83456202802429,4.79965544298441,-0.0558505360638185,-0.0575958653158129,0.778458112997495,-0.0349065850398871,-0.00174532925199433,32
-0.760907795471599,0.577560452186348,-0.295708050044047,-0.803017762887012,0.513551284348022,-0.302369890750444,2.4923301718479,2.57261531743964,-0.300196631343025,-0.307177948351002,0.778458112997495,0.0802851455917386,-0.00698131700797733,34
-0.679493226973913,0.69145733124314,-0.245307385878803,-0.742379952229647,0.627359699991286,-0.23514211310259,2.34746784393237,2.43997029428807,-0.247836753783195,-0.237364778271229,0.778458112997495,0.0925024503556995,0.010471975511966,3
-0.637376942997605,-0.756909452819553,-0.144356201000973,-0.599563507011359,-0.789895749679963,-0.128795596577563,4.01251195033496,4.0631264986428,-0.144862327915529,-0.12915436464758,0.779014750904537,0.050614548307836,0.015707963267949,83
-0.449150272401433,0.873951909851442,-0.185666615385577,-0.462668965863562,0.866501974014409,-0.187381314585725,2.04552588333735,2.0612338466053,-0.186750229963393,-0.188495559215388,0.779014750904537,0.0157079632679493,-0.00174532925199436,224
-0.467847507392592,-0.851011456704401,0.238533457578581,-0.464929212146997,-0.856293086998812,0.224951054343865,4.20973415581032,4.21497014356631,0.240855436775218,0.226892802759263,0.779571388811578,0.00523598775598355,-0.0139626340159547,51
-0.89924967356817,0.363320451695245,-0.243615011786023,-0.910521761177572,0.322432666326339,-0.258819045102521,2.75762021815104,2.8012534494509,-0.2460914245312,-0.261799387799149,0.779571388811578,0.0436332312998586,-0.0157079632679489,234
0.00864987759854494,0.991177797801023,0.132256390257122,-0.0275854584453982,0.987574675076992,0.154710386299468,1.56206968053493,1.59872159482681,0.132645023151569,0.155334303427495,0.779849707765099,0.0366519142918804,0.0226892802759263,116
-0.682447718585911,0.670639505273921,0.290702193598252,-0.570000731824638,0.753676065897729,0.327217898979104,2.36492113645232,2.21831347928479,0.294960643587042,0.333357887130917,0.78040634567214,-0.146607657167523,0.0383972435438753,7
-0.763578251073097,0.54666833528701,0.343659694585616,-0.770741054934267,0.545715085829348,0.328866646738583,2.52025543987981,2.52549142763579,0.35081117965086,0.335103216382911,0.781241302532703,0.00523598775598311,-0.015707963267949,9
-0.374236577384804,0.885942058286398,0.273959218692432,-0.396902124665578,0.8749658773345,0.277314653302378,1.9704767255016,1.99665666428151,0.277507351067098,0.280998009571087,0.781241302532703,0.0261799387799151,0.00349065850398866,15
0.693545716011087,0.688720676476143,0.211324796455389,0.691937445567711,0.68712359486761,0.221548497619467,0.78190750489346,0.78190750489346,0.212930168743308,0.223402144255274,0.781519621486223,0,0.010471975511966,19
0.65455343869718,0.549235548996624,0.519519111879509,0.719694692898836,0.465591377074571,0.515038074910054,0.698131700797732,0.574213323906134,0.546288055874225,0.541052068118242,0.781797940439744,-0.123918376891598,-0.005235987755983,6
-0.597709310669684,0.685167046736651,0.416280792260401,-0.601645541927067,0.692114023778261,0.398749068925246,2.28812664936457,2.28638132011257,0.429350995990605,0.410152374218667,0.782354578346785,-0.00174532925199422,-0.0191986217719377,47
0.992022642851441,0.0554626763027177,0.113203213767907,0.986034373869529,0.138578093948874,0.0923705874465616,0.0558505360638185,0.139626340159546,0.113446401379631,0.0925024503556995,0.782911216253827,0.0837758040957279,-0.020943951023932,8
0.625499484993057,0.756098992644758,-0.192521966525907,0.627867467735193,0.756270020275531,-0.18395135061272,0.879645943005142,0.877900613753148,-0.193731546971371,-0.185004900711399,0.783189535207348,-0.00174532925199422,0.00872664625997166,82
0.938555559731816,-0.153694367118549,0.309016994374947,0.941671073395124,-0.14073368486041,0.305695304963106,6.12086968674411,6.13483232076007,0.314159265358979,0.310668606854991,0.783467854160868,0.0139626340159547,-0.00349065850398866,24
0.889006665834162,0.353778720020851,0.290702193598252,0.885648462714643,0.36865987337793,0.282341456842876,0.378736447682769,0.394444410950718,0.294960643587042,0.28623399732707,0.784302811021431,0.0157079632679489,-0.00872664625997166,31
0.952944017666435,0.149227050817624,0.263873049965373,0.944703599862786,0.207706557350478,0.253757944584806,0.155334303427495,0.216420827247297,0.267035375555132,0.256563400043166,0.784302811021431,0.0610865238198017,-0.010471975511966,107
0.540519515329761,-0.826000399134243,0.159881187691835,0.595229751191737,-0.784186237239599,0.175366726091987,5.29183829204681,5.36165146212658,0.160570291183478,0.176278254451427,0.784302811021431,0.0698131700797733,0.015707963267949,9
0.630384994831099,0.756611570546439,0.17364817766693,0.626025566027734,0.762135997364849,0.165047605860678,0.876155284501153,0.883136601509131,0.174532925199433,0.165806278939461,0.784859448928472,0.00698131700797733,-0.00872664625997163,43
0.07981616694115,-0.992021651562817,0.0975828997591495,0.130208236976027,-0.989029751521348,0.0697564737441253,4.79267412597643,4.84328867428426,0.0977384381116825,0.0698131700797732,0.784859448928472,0.0506145483078351,-0.0279252680319093,55
-0.361257672366103,-0.903208615649058,0.231747903494157,-0.342215835937908,-0.905647931153722,0.250380004054441,4.33190720344993,4.35110582522186,0.23387411976724,0.253072741539178,0.785416086835513,0.0191986217719382,0.0191986217719376,10
0.603060545629356,-0.736796008966347,0.305695304963106,0.639205553770356,-0.704945508194638,0.307356617799807,5.39830337641846,5.4489179247263,0.310668606854991,0.312413936106985,0.786529362649596,0.0506145483078351,0.00174532925199428,132
0.618581258303505,-0.763884236964874,-0.18395135061272,0.686368771204508,-0.708277627569072,-0.165047605860678,5.39306738866248,5.48207918051419,-0.185004900711399,-0.165806278939461,0.786529362649596,0.0890117918517115,0.0191986217719376,37
-0.924645492201436,-0.227114716112977,-0.305695304963106,-0.924125946177498,-0.226987103369791,-0.307356617799807,3.38244809036501,3.38244809036501,-0.310668606854991,-0.312413936106985,0.786529362649596,0,-0.00174532925199428,205
-0.940829179864686,0.00985270029161591,-0.338737920245291,-0.943957761213918,0.0908927943659675,-0.317304656405092,3.13112067807783,3.04559954473011,-0.345575191894877,-0.322885911618951,0.786807681603117,-0.0855211333477222,0.0226892802759263,45
0.0355397076107352,-0.969220643205374,0.243615011786023,0.113726107022116,-0.968104208379806,0.223250116010951,4.74904089467657,4.82932604026831,0.2460914245312,0.225147473507269,0.787642638463679,0.0802851455917386,-0.020943951023932,12
-0.440885737050381,-0.865286979262458,0.238533457578581,-0.411371178129459,-0.886223339981472,0.213030386274977,4.24115008234622,4.2778019966381,0.240855436775218,0.214675497995303,0.787642638463679,0.0366519142918804,-0.026179938779915,23
0.128244282534633,-0.936206094075914,0.327217898979104,0.170478015150096,-0.928861655475886,0.328866646738583,4.84852466204025,4.8939032225921,0.333357887130917,0.335103216382911,0.788199276370721,0.0453785605518515,0.00174532925199428,13
-0.717147014367433,0.645722072092557,-0.262189178640865,-0.763257007168445,0.583554045545098,-0.277314653302378,2.40855436775218,2.48883951334391,-0.265290046303138,-0.280998009571087,0.788199276370721,0.0802851455917386,-0.015707963267949,8
-0.663232581160743,0.686797442885513,0.297374874077786,-0.473972490712468,0.827602622151667,0.300705799504273,2.3387411976724,2.09090444388921,0.301941960595019,0.305432619099008,0.788477595324242,-0.247836753783195,0.00349065850398861,8
-0.907673055594877,-0.404122081232488,0.113203213767907,-0.898794538255812,-0.424858231847526,0.107999355706023,3.56047167406843,3.58316095434436,0.113446401379631,0.108210413623648,0.788755914277762,0.0226892802759266,-0.00523598775598298,19
-0.884547726338248,-0.262014973479414,-0.385906042324319,-0.906905263343999,-0.17628452544743,-0.38268343236509,3.42957198016886,3.33357887130917,-0.396189740202713,-0.392699081698724,0.789312552184804,-0.0959931088596879,0.00349065850398866,23
-0.0620680447042676,0.986543319923017,0.151260820247219,-0.0361198307923336,0.985041464506613,0.168489379565003,1.63362817986669,1.60744824108678,0.151843644923507,0.16929693744345,0.789312552184804,-0.0261799387799151,0.0174532925199433,227
0.028917503511571,0.974332162915581,0.223250116010951,0.0475785017880416,0.972813173741376,0.226651307436855,1.54112572951099,1.52192710773906,0.225147473507269,0.228638132011257,0.789869190091845,-0.0191986217719373,0.00349065850398864,22
0.646367436538106,0.740944903641127,0.182235525492147,0.542849814636062,0.826409861878938,0.14953534344371,0.853466004225227,0.989601685880785,0.183259571459405,0.150098315671512,0.789869190091845,0.136135681655558,-0.0331612557878923,4
0.863239510475027,0.422896672525393,0.275637355816999,0.850464813999979,0.459844609515639,0.255445757935791,0.45553093477052,0.49567350756639,0.279252680319093,0.258308729295161,0.790147509045366,0.0401425727958697,-0.0209439510239319,111
0.145824650243993,0.975735518180549,0.163325962241622,0.114078690955998,0.971105612359388,0.209618562903822,1.42244334037538,1.45385926691128,0.164060949687467,0.211184839491314,0.791260784859449,0.0314159265358978,0.0471238898038469,43
0.813758467830908,0.528460928038163,-0.241921895599668,0.799032039522802,0.55121528228413,-0.240228042477264,0.575958653158129,0.603883921190038,-0.244346095279206,-0.242600766027212,0.791260784859449,0.0279252680319093,0.00174532925199436,14
0.939775458506776,0.330947181329775,0.0854169231373675,0.936990404202973,0.339185791221863,0.0836778433323155,0.3385938748869,0.347320521146872,0.0855211333477222,0.0837758040957278,0.791260784859449,0.00872664625997155,-0.00174532925199435,15
0.942220923668137,0.254230716544978,0.218143241396543,0.922721014923822,0.326752648648901,0.20449605184179,0.263544717051144,0.340339204138894,0.219911485751285,0.205948851735331,0.791260784859449,0.0767944870877506,-0.0139626340159546,11
-0.65983022729224,0.720078336306492,-0.214735327167063,-0.650983786302234,0.728085743053702,-0.214735327167063,2.31256125889249,2.30034395412853,-0.216420827247297,-0.216420827247297,0.79181742276649,-0.01221730476396,0,43
0.990879829114533,0.053664133287729,0.123601476740493,0.996042972814049,0.0173859947617641,0.0871557427476582,0.0541052068118242,0.0174532925199433,0.123918376891597,0.0872664625997165,0.79181742276649,-0.0366519142918809,-0.0366519142918809,9
0.889057343086968,0.278613682835229,0.363251230472978,0.887291538696379,0.288298497223255,0.359996808120051,0.303687289847013,0.314159265358979,0.371755130674792,0.368264472170804,0.792095741720011,0.0104719755119662,-0.00349065850398861,9
-0.0815002083994168,0.970560096474204,0.226651307436855,-0.0929172190879314,0.964982215810361,0.245307385878803,1.65457213089062,1.66678943565458,0.228638132011257,0.247836753783195,0.792930698580573,0.0122173047639604,0.0191986217719376,9
0.948419945795112,0.153610512276273,-0.277314653302378,0.921475652966135,0.253816682130857,-0.294040325232304,0.160570291183478,0.268780704807127,-0.280998009571087,-0.29845130209103,0.793765655441136,0.108210413623648,-0.0174532925199433,88
0.165712597049251,-0.930305208932474,0.327217898979104,0.0925353395621396,-0.927084545493013,0.363251230472978,4.88866723483612,4.81187274774837,0.333357887130917,0.371755130674792,0.793765655441136,-0.0767944870877519,0.0383972435438752,65
0.132071116924873,-0.894383853094045,-0.427357863387192,0.200655875106241,-0.876109557902537,-0.438371146789077,4.85899663755221,4.93753645389196,-0.441568300754565,-0.453785605518526,0.794322293348177,0.0785398163397444,-0.0122173047639602,32
0.966193281919318,0.154759089874843,-0.20620418539663,0.974745038692436,0.0613257597664806,-0.214735327167063,0.158824961931484,0.0628318530717959,-0.207694180987325,-0.216420827247297,0.794600612301698,-0.0959931088596879,-0.00872664625997166,80
0.00333454376667458,-0.955272542239656,0.295708050044047,-0.0218084647464907,-0.961014276139337,0.275637355816999,4.71587963888868,4.68969970010876,0.300196631343025,0.279252680319093,0.794878931255218,-0.0261799387799151,-0.0209439510239319,8
0.580551860523136,-0.748442948734795,0.320612990585676,0.55135896504578,-0.761672536895225,0.34037955021305,5.37212343763855,5.33896218185065,0.32637657012294,0.347320521146872,0.79543556916226,-0.0331612557878929,0.0209439510239319,3
-0.925624329388238,-0.213697214587675,-0.312334918512233,-0.933386044774647,-0.193294957480799,-0.302369890750444,3.36848545634906,3.34579617607313,-0.317649923862968,-0.307177948351002,0.79543556916226,-0.0226892802759266,0.010471975511966,53
0.635256621387894,-0.751724696766564,-0.177084740319583,0.69700228798999,-0.692153200874521,-0.187381314585725,5.41401133968641,5.50127780228613,-0.178023583703422,-0.188495559215388,0.795713888115781,0.0872664625997164,-0.010471975511966,9
0.801960387776868,-0.580522505399444,0.140901231937583,0.781069327639504,-0.612436583295586,0.121869343405147,5.65661210571362,5.61821486216975,0.141371669411541,0.122173047639603,0.795992207069301,-0.0383972435438764,-0.0191986217719376,188
-0.524155047462626,-0.842090298875624,0.12706460860135,-0.530748124969989,-0.829907713133185,0.17192910027941,4.1556289489985,4.14341164423454,0.127409035395586,0.172787595947439,0.796270526022822,-0.0122173047639595,0.0453785605518526,66
-0.692372909198082,0.634442880743338,0.343659694585616,-0.664692668105848,0.674038929620482,0.322265695230511,2.3998277214922,2.34921317318437,0.35081117965086,0.328121899374934,0.796548844976343,-0.0506145483078355,-0.0226892802759263,377
-0.598650699754326,0.766237953757081,-0.233445363855905,-0.577071473143269,0.785587614837043,-0.223250116010951,2.23402144255274,2.20435084526884,-0.235619449019234,-0.225147473507269,0.796827163929864,-0.0296705972839035,0.010471975511966,6
-0.671472303993239,0.680913894150745,0.292371704722737,-0.678463830567634,0.676099668867835,0.287360519849712,2.34921317318437,2.35793981944434,0.296705972839036,0.291469985083053,0.797383801836905,0.00872664625997155,-0.00523598775598294,13
0.0205435747500665,0.980740015673188,0.194234351219972,0.00512531424331227,0.978853970689718,0.20449605184179,1.54985237577096,1.56556033903891,0.195476876223365,0.205948851735331,0.797383801836905,0.0157079632679489,0.010471975511966,4
-0.763200658519856,-0.631374493941196,-0.137444546037147,-0.767917835399994,-0.630774821332755,-0.111468932206325,3.83274303737955,3.82925237887556,-0.137881010907552,-0.111701072127637,0.798218758697467,-0.00349065850398889,0.026179938779915,4
-0.00862146683960516,0.987922247284979,0.154710386299468,-0.0103457024298519,0.9879056953031,0.154710386299468,1.57952297305487,1.58126830230686,0.155334303427495,0.155334303427495,0.798218758697467,0.00174532925199422,0,11
0.183488057526635,0.961878082496474,0.202787295356512,0.122409494776238,0.968970925701633,0.214735327167063,1.38230076757951,1.4451326206513,0.204203522483337,0.216420827247297,0.798775396604509,0.0628318530717955,0.0122173047639603,4
0.52476212638117,0.839794950380789,0.139173100960065,0.518886511152792,0.843437986169014,0.139173100960065,1.01229096615671,1.01927228316469,0.139626340159546,0.139626340159546,0.798775396604509,0.00698131700797688,0,8
0.927984713492887,0.30331215775476,-0.216439613938103,0.937229401951578,0.297306678979951,-0.182235525492147,0.315904594610974,0.307177948351002,-0.218166156499291,-0.183259571459405,0.799610353465071,-0.00872664625997155,0.0349065850398866,349
0.982826559112453,0.164468760676392,0.0836778433323155,0.981936169281345,0.171375295750501,0.0801989243288589,0.165806278939461,0.172787595947439,0.0837758040957278,0.0802851455917391,0.799610353465071,0.00698131700797733,-0.00349065850398866,65
0.978853970689718,-0.0051253142433131,-0.20449605184179,0.973974483829198,-0.0016999078833955,-0.226651307436855,6.2779493194236,6.28143997792759,-0.205948851735331,-0.228638132011257,0.799888672418592,0.00349065850398933,-0.0226892802759263,40
0.557705594851331,0.799452221944889,0.223250116010951,0.538566763719608,0.819889540013009,0.194234351219972,0.961676417848876,0.989601685880785,0.225147473507269,0.195476876223365,0.800166991372112,0.0279252680319093,-0.0296705972839036,25
0.834065219776256,0.54787844486814,0.064532308252958,0.811217846405886,0.580774935675016,0.0680152906652482,0.581194640914112,0.621337213709981,0.0645771823237902,0.0680678408277788,0.800445310325633,0.0401425727958697,0.00349065850398865,22
0.677957841670995,-0.709442356588471,-0.192521966525907,0.570421099059867,-0.790908359388046,-0.221548497619467,5.47509786350621,5.33721685259866,-0.193731546971371,-0.223402144255274,0.800723629279154,-0.137881010907551,-0.0296705972839036,24
0.942743995573601,-0.151003122739709,-0.297374874077786,0.937137546663501,-0.165242634111713,-0.307356617799807,6.1243603452481,6.10865238198015,-0.301941960595019,-0.312413936106985,0.801280267186195,-0.015707963267948,-0.0104719755119659,50
0.288338738069403,-0.898070016532275,-0.332161131883703,0.295140541476945,-0.897675056668278,-0.327217898979104,5.02305758723968,5.03003890424766,-0.3385938748869,-0.333357887130917,0.801558586139716,0.00698131700797688,0.00523598775598294,11
0.886306930748004,0.447705846284506,0.118403968306501,0.891072508896528,0.440395464166266,0.109734311091045,0.46774823953448,0.459021593274509,0.118682389135614,0.109955742875643,0.802671861953799,-0.00872664625997155,-0.00872664625997166,96
-0.361586763244555,-0.922660671516556,0.133986185418292,-0.348911216448273,-0.928263247866044,0.128795596577563,4.3388885204579,4.35285115447386,0.134390352403563,0.12915436464758,0.802671861953799,0.0139626340159547,-0.00523598775598297,58
-0.0624579066640588,-0.992739998325839,-0.102792536787247,-0.060393631129631,-0.987427140646343,-0.146083028562412,4.64955712731289,4.65130245656489,-0.102974425867665,-0.146607657167524,0.803506818814361,0.00174532925199422,-0.0436332312998582,33
-0.515535407059942,-0.847906786749056,-0.123601476740493,-0.555315818533996,-0.817122413140765,-0.154710386299468,4.16610092451046,4.11548637620263,-0.123918376891597,-0.155334303427495,0.803506818814361,-0.0506145483078351,-0.0314159265358979,26
-0.588048009456923,-0.791807316443469,0.165047605860678,-0.602784324952813,-0.779911781270794,0.168489379565003,4.07359847415476,4.05439985238283,0.165806278939461,0.16929693744345,0.804341775674923,-0.0191986217719373,0.00349065850398864,46
-0.658429193115245,-0.739004725914277,-0.142628933705512,-0.674507196888623,-0.723320412629818,-0.147809411129611,3.98458668230305,3.96189740202713,-0.143116998663535,-0.148352986419518,0.804341775674923,-0.0226892802759262,-0.005235987755983,43
-0.898218489169672,-0.334044461776024,-0.285688367404974,-0.875009573903162,-0.393244894850078,-0.282341456842876,3.49763982099664,3.56396233257242,-0.289724655831059,-0.28623399732707,0.804341775674923,0.0663225115757844,0.00349065850398872,6
-0.717935641805425,0.671832291181389,-0.182235525492147,-0.706871018077184,0.687402028598452,-0.166768746716102,2.38935574598024,2.3701571242083,-0.183259571459405,-0.167551608191456,0.804620094628444,-0.0191986217719378,0.015707963267949,47
-0.939549613463528,-0.128702287719302,-0.317304656405092,-0.945035989492788,-0.124416348326702,-0.302369890750444,3.27772833524535,3.27249234748937,-0.322885911618951,-0.307177948351002,0.804898413581965,-0.00523598775598311,0.015707963267949,15
-0.695229736535469,0.652864178509833,0.300705799504273,-0.77123448255839,0.576957106718642,0.268919820615266,2.38761041672824,2.49931148885588,0.305432619099008,0.272271363311115,0.805176732535486,0.111701072127637,-0.0331612557878923,12
0.135097622894281,0.961269535508047,0.240228042477264,0.090597296501851,0.958419286379515,0.270600445975864,1.43116998663535,1.4765485471872,0.242600766027212,0.27401669256311,0.805455051489006,0.0453785605518524,0.0314159265358979,96
-0.901522726929629,-0.244938303804851,-0.356737999319625,-0.92420316406683,-0.159637605833655,-0.346935651573256,3.40688269989293,3.31263492028524,-0.364773813666815,-0.354301838154849,0.806011689396048,-0.0942477796076933,0.010471975511966,16
0.536924623246907,0.829959103335402,0.151260820247219,0.549894815180525,0.821423067910632,0.151260820247219,0.996583002888762,0.980875039620813,0.151843644923507,0.151843644923507,0.806011689396048,-0.0157079632679489,0,62
0.862930439454579,0.424614417037574,-0.273959218692432,0.867021046171694,0.424749227747613,-0.260504508642648,0.457276264022514,0.45553093477052,-0.277507351067098,-0.263544717051144,0.806568327303089,-0.00174532925199422,0.0139626340159547,12
0.927155277843257,0.328322903504157,-0.18051914525056,0.934746608435539,0.310948810088363,-0.17192910027941,0.340339204138894,0.321140582366957,-0.18151424220741,-0.172787595947439,0.806568327303089,-0.0191986217719378,0.00872664625997166,164
0.249263193736772,0.950134781592733,0.187381314585725,0.195571003077869,0.961262190851837,0.194234351219972,1.31423292675173,1.37008346281555,0.188495559215388,0.195476876223365,0.807124965210131,0.0558505360638186,0.0069813170079773,17
0.939812101786006,0.234321474386157,0.248689887164855,0.954213083235694,0.152840172946427,0.257132793154696,0.244346095279206,0.158824961931484,0.251327412287183,0.260054058547155,0.807124965210131,-0.0855211333477222,0.00872664625997166,20
0.845490448416728,-0.440134469001969,-0.302369890750444,0.816463827037669,-0.467593242601834,-0.338737920245291,5.80321976288115,5.76307719008528,-0.307177948351002,-0.345575191894877,0.807959922070693,-0.0401425727958706,-0.0383972435438752,91
0.647744366759446,-0.467167971119494,0.601815023152048,0.60079643259848,-0.558294497623081,0.572145873445516,5.65835743496562,5.53443905807402,0.645771823237902,0.609119908946021,0.807959922070693,-0.123918376891597,-0.036651914291881,29
0.769996456091836,-0.612482836882389,-0.17880221511635,0.790483396289179,-0.593511722250929,-0.151260820247219,5.61123354516177,5.63915881319368,-0.179768912955416,-0.151843644923507,0.807959922070693,0.0279252680319093,0.0279252680319093,10
0.759898603902825,-0.578887606470967,-0.295708050044047,0.746656119380229,-0.579165853603058,-0.327217898979104,5.6321774961857,5.62345084992573,-0.300196631343025,-0.333357887130917,0.808238241024214,-0.00872664625997199,-0.0331612557878923,12
0.453813495671876,-0.890659134145641,-0.0279216387235689,0.529528669439843,-0.847423013821745,-0.0383878090875199,5.18362787842316,5.27089434102288,-0.0279252680319093,-0.0383972435438752,0.808516559977735,0.0872664625997164,-0.010471975511966,2
0.945988322735611,0.242888518695966,-0.214735327167063,0.952777545629283,0.214717693288405,-0.214735327167063,0.251327412287183,0.22165681500328,-0.216420827247297,-0.216420827247297,0.808794878931255,-0.0296705972839035,0,16
0.962642736355489,0.118197665689779,-0.243615011786023,0.964436067163367,0.106474733077482,-0.241921895599668,0.122173047639603,0.109955742875643,-0.2460914245312,-0.244346095279206,0.809073197884776,-0.0122173047639604,0.00174532925199433,46
-0.269611481495213,-0.959173393233831,-0.0854169231373675,-0.209157709846703,-0.97563354930909,-0.0662739004000001,4.43837228782158,4.50120414089338,-0.0855211333477222,-0.0663225115757845,0.809351516838297,0.0628318530717955,0.0191986217719376,41
-0.611511897444301,-0.747121543164781,-0.260504508642648,-0.56180103834262,-0.773252792076715,-0.294040325232304,4.02647458435092,4.08407044966673,-0.263544717051144,-0.29845130209103,0.809629835791817,0.0575958653158137,-0.0349065850398866,34
-0.921223483373486,-0.304665538108077,0.241921895599668,-0.869105292935452,-0.431427614115097,0.241921895599668,3.46098790670476,3.6023595761163,0.244346095279206,0.244346095279206,0.809908154745338,0.14137166941154,0,17
-0.343034839305758,-0.927343668810892,-0.14953534344371,-0.325885881410003,-0.930583998044436,-0.166768746716102,4.35808714222984,4.37554043474978,-0.150098315671512,-0.167551608191456,0.8107431116059,0.0174532925199431,-0.0174532925199433,18
-0.871133827788126,-0.313627476314829,-0.377840786818467,-0.879120938562798,-0.348068602697552,-0.325568154457157,3.48716784548467,3.51858377202057,-0.387463093942741,-0.331612557878923,0.8107431116059,0.0314159265358973,0.0558505360638185,10
-0.0357751064962774,-0.975640320647679,0.216439613938103,0.093351459520473,-0.969491975130564,0.226651307436855,4.67573706609281,4.80838208924438,0.218166156499291,0.228638132011257,0.811021430559421,0.132645023151569,0.010471975511966,27
-0.89281508039348,0.369816114990205,-0.257132793154696,-0.914111883100186,0.329100528324146,-0.236838146065619,2.74889357189107,2.79601746169492,-0.260054058547155,-0.239110107523223,0.811578068466463,0.0471238898038466,0.020943951023932,1
-0.287776826812976,0.929656719638565,0.230049737188104,-0.303448715225096,0.922944510681135,0.236838146065619,1.87099295813792,1.88844625065786,0.232128790515246,0.239110107523223,0.811856387419983,0.0174532925199431,0.00698131700797727,7
0.126933804454725,0.990873356486405,-0.0453629881292538,0.0644889679532576,0.997245411934571,-0.0366437087065563,1.44338729139931,1.50621914447111,-0.0453785605518526,-0.0366519142918809,0.812413025327025,0.062831853071796,0.00872664625997165,17
-0.671999058029245,0.644423927441592,0.36487678433762,-0.677183219313781,0.647130340496572,0.350207381259467,2.37713844121628,2.37888377046827,0.373500459926786,0.357792496658838,0.813247982187587,0.00174532925199467,-0.0157079632679489,24
0.941111032219955,0.293123444998335,-0.168489379565003,0.941691727074806,0.286107822166424,-0.177084740319583,0.301941960595019,0.294960643587042,-0.16929693744345,-0.178023583703422,0.813247982187587,-0.00698131700797733,-0.00872664625997166,91
0.970882002335815,0.0457856329654483,0.23514211310259,0.966185480182388,0.0794349061687359,0.245307385878803,0.0471238898038469,0.0820304748437335,0.237364778271229,0.247836753783195,0.813526301141108,0.0349065850398866,0.010471975511966,52
0.975915275532895,-0.00170329520736746,-0.218143241396543,0.958169180133817,0.203665146427428,-0.201077921145965,6.28143997792759,0.20943951023932,-0.219911485751285,-0.202458193231342,0.813804620094628,0.211184839491314,0.0174532925199433,26
0.205263278325176,0.95746764927761,0.202787295356512,0.216212892409185,0.951664600260546,0.218143241396543,1.35961148730358,1.34739418253962,0.204203522483337,0.219911485751285,0.81436125800167,-0.0122173047639604,0.0157079632679489,11
0.796593082301368,-0.527253459323647,0.295708050044047,0.786153097171712,-0.534269093134934,0.310676429630732,5.69850000776149,5.68628270299753,0.300196631343025,0.315904594610974,0.81436125800167,-0.0122173047639604,0.015707963267949,115
0.919777662741923,0.316704847369073,-0.231747903494157,0.917592180614707,0.34490022596252,-0.197657340379126,0.331612557878923,0.359537825910832,-0.23387411976724,-0.198967534727354,0.814917895908711,0.0279252680319093,0.0349065850398866,51
0.560471638094297,0.827813150150813,0.0244321781526532,0.553175790201499,0.832596497245777,0.0279216387235689,0.97563905186483,0.984365698124802,0.0244346095279206,0.0279252680319093,0.815474533815753,0.00872664625997199,0.00349065850398866,26
0.939748134011504,0.246538307753779,0.236838146065619,0.929407146983321,0.291258544893516,0.226651307436855,0.256563400043166,0.303687289847013,0.239110107523223,0.228638132011257,0.815474533815753,0.0471238898038471,-0.010471975511966,9
-0.339204972390875,-0.907244910003488,0.248689887164855,-0.32041564108925,-0.914963443738969,0.245307385878803,4.35459648372585,4.37554043474978,0.251327412287183,0.247836753783195,0.815752852769274,0.0209439510239315,-0.00349065850398869,10
0.645096556103159,-0.713942504950762,0.272280247040574,0.600800100279872,-0.747244620908313,0.284015344703923,5.4471725954743,5.38957673015849,0.275762021815104,0.287979326579064,0.816031171722794,-0.0575958653158128,0.0122173047639602,55
-0.362837638430412,-0.898054668803728,-0.248689887164855,-0.356073944302049,-0.903946369403286,-0.236838146065619,4.32841654494594,4.33714319120591,-0.251327412287183,-0.239110107523223,0.816309490676315,0.00872664625997199,0.0122173047639604,1
-0.899707846362094,-0.244445211668023,-0.361624570082092,-0.902823456344175,-0.230126813376071,-0.363251230472978,3.40688269989293,3.39117473662498,-0.370009801422798,-0.371755130674792,0.816866128583356,-0.0157079632679484,-0.00174532925199433,2
-0.843898366718177,0.529376447489399,-0.0871557427476582,-0.871849038950652,0.47732340635066,-0.109734311091045,2.58134196369961,2.64068315826742,-0.0872664625997165,-0.109955742875643,0.817422766490398,0.0593411945678075,-0.0226892802759263,31
-0.663292661412083,0.645023928480467,0.379456159529005,-0.607662390705799,0.686837389017927,0.398749068925246,2.3701571242083,2.29510796637254,0.389208423194735,0.410152374218667,0.817422766490398,-0.0750491578357564,0.020943951023932,33
-0.482233472095551,0.848884427886973,0.216439613938103,-0.499012762682005,0.840433276996789,0.211324796455389,2.08741378538522,2.10661240715716,0.218166156499291,0.212930168743308,0.817701085443919,0.0191986217719378,-0.00523598775598302,24
0.173342477346172,0.963396984803571,0.20449605184179,0.206395070422589,0.95461500835243,0.214735327167063,1.39277274309147,1.35786615805159,0.205948851735331,0.216420827247297,0.817979404397439,-0.0349065850398866,0.010471975511966,26
0.458531502364842,0.888388510863574,0.0226873335727814,0.438290360300503,0.898628409451296,0.0191974423996897,1.09432144100044,1.11701072127637,0.0226892802759263,0.0191986217719376,0.81825772335096,0.0226892802759266,-0.00349065850398866,3
6.11245605024122e-17,0.998239827923765,0.0593063735759616,-0.00871755213910935,0.998932532052434,0.0453629881292538,1.5707963267949,1.57952297305487,0.0593411945678072,0.0453785605518526,0.819092680211522,0.00872664625997155,-0.0139626340159546,338
0.897028372958951,0.433640458615615,-0.0854169231373675,0.855385617396224,0.516001593853804,-0.0453629881292538,0.450294947014537,0.542797397370236,-0.0855211333477222,-0.0453785605518526,0.819092680211522,0.0925024503556995,0.0401425727958696,41
0.919416844449222,0.323777781578866,-0.223250116010951,0.91602166677291,0.329788092753947,-0.228350870110656,0.3385938748869,0.345575191894877,-0.225147473507269,-0.230383461263251,0.819092680211522,0.00698131700797733,-0.00523598775598297,84
0.961208101418749,0.218381122674933,-0.168489379565003,0.964108625035116,0.211973028838921,-0.159881187691835,0.223402144255274,0.216420827247297,-0.16929693744345,-0.160570291183478,0.819649318118564,-0.00698131700797733,0.00872664625997166,14
0.935963849676429,0.101678212255898,0.337095258423082,0.944090797777377,0.119266403679906,0.307356617799807,0.108210413623648,0.125663706143592,0.343829862642883,0.312413936106985,0.820205956025605,0.0174532925199431,-0.031415926535898,23
-0.342931056177384,0.917210773787058,0.202787295356512,-0.381446991677384,0.903011499558297,0.197657340379126,1.92858882345373,1.9704767255016,0.204203522483337,0.198967534727354,0.821040912886168,0.041887902047864,-0.005235987755983,39
0.958290589882477,0.167248481514054,-0.231747903494157,0.918135436912347,0.289486991285339,-0.270600445975864,0.172787595947439,0.305432619099008,-0.23387411976724,-0.27401669256311,0.821040912886168,0.132645023151569,-0.0401425727958696,15
0.823585847979328,-0.489009491359702,0.287360519849712,0.835771171594306,-0.480589738963717,0.265556117486809,5.74736922681733,5.76133186083328,0.291469985083053,0.268780704807127,0.821040912886168,0.0139626340159555,-0.0226892802759263,30
0.994762132991128,-0.0713054363175386,0.0732381971276317,0.997569403844939,-0.0365792094737219,0.0593063735759616,6.21162680784782,6.2465333928877,0.0733038285837618,0.0593411945678072,0.821597550793209,0.0349065850398871,-0.0139626340159546,4
0.764804899684092,0.644025526612691,0.0174524064372835,0.738445218062788,0.674293144413435,-0.00523596383141958,0.699877030049726,0.740019602845596,0.0174532925199433,-0.00523598775598299,0.82187586974673,0.0401425727958693,-0.0226892802759263,67
0.319998719809871,-0.93999006356946,-0.118403968306501,0.344087189613754,-0.93520159563538,-0.0836778433323155,5.04051087975962,5.06494548928754,-0.118682389135614,-0.0837758040957278,0.822432507653771,0.0244346095279209,0.0349065850398866,73
-0.70646512797876,-0.517054311446407,0.483282383255002,-0.686095821930775,-0.543792847658462,0.483282383255002,3.77340184281174,3.81179908635562,0.504400153826361,0.504400153826361,0.822989145560813,0.0383972435438755,0,35
-0.856884040079647,0.478896303118092,-0.190808995376545,-0.913523313001483,0.36538325696764,-0.17880221511635,2.63195651200745,2.76111087665503,-0.191986217719376,-0.179768912955416,0.823545783467854,0.12915436464758,0.0122173047639603,27
-0.83012902875821,0.555722947988416,-0.0453629881292538,-0.836202337340244,0.547195476625074,-0.0366437087065563,2.55167136641571,2.56214334192768,-0.0453785605518526,-0.0366519142918809,0.823545783467854,0.0104719755119662,0.00872664625997165,47
-0.546042127426954,0.746071955875106,0.381070376350274,-0.554886478754394,0.744437322018639,0.371367835550235,2.20260551601684,2.21133216227682,0.39095375244673,0.380481776934764,0.824102421374896,0.00872664625997155,-0.010471975511966,11
-0.41979252901209,0.876174597414142,0.236838146065619,-0.424407991373691,0.87016533511043,0.250380004054441,2.01760061530544,2.02458193231342,0.239110107523223,0.253072741539178,0.824102421374896,0.00698131700797777,0.0139626340159547,47
-0.49279542638082,-0.820149317121773,0.290702193598252,-0.539115308316476,-0.799271313637718,0.265556117486809,4.17133691226645,4.11897703470662,0.294960643587042,0.268780704807127,0.824937378235458,-0.0523598775598302,-0.0261799387799149,145
-0.627020411419527,0.774305723151413,-0.0854169231373675,-0.739720554938525,0.670737640652139,-0.0540788129847753,2.25147473507268,2.40506370924819,-0.0855211333477222,-0.0541052068118242,0.824937378235458,0.153588974175502,0.0314159265358979,24
0.817535634847073,0.572444614274981,0.0627905195293134,0.789402959887924,0.612323701946982,0.043619387365336,0.610865238198015,0.659734457253856,0.0628318530717959,0.0436332312998582,0.826328973003062,0.0488692190558413,-0.0191986217719376,31
0.82275748945891,0.524154328390906,0.219846204352837,0.824313982367474,0.523125560445866,0.216439613938103,0.567232006898157,0.565486677646163,0.22165681500328,0.218166156499291,0.826328973003062,-0.00174532925199422,-0.00349065850398864,12
0.848086675998001,0.473979622518587,-0.236838146065619,0.846761005695198,0.469367289874098,-0.250380004054441,0.509636141582344,0.506145483078356,-0.239110107523223,-0.253072741539178,0.826328973003062,-0.00349065850398844,-0.0139626340159547,95
0.102050721318593,0.970947755441393,0.216439613938103,0.138571015027792,0.961616226133049,0.236838146065619,1.46607657167524,1.42767932813136,0.218166156499291,0.239110107523223,0.826607291956582,-0.0383972435438755,0.0209439510239319,142
0.791975355241753,-0.554547113816589,0.255445757935791,0.699330097442155,-0.663639482909869,0.265556117486809,5.67232006898157,5.52396708256205,0.258308729295161,0.268780704807127,0.826885610910103,-0.148352986419518,0.0104719755119659,53
0.519139868533179,-0.847159270321686,-0.113203213767907,0.545493620087193,-0.830434671022824,-0.113203213767907,5.2621676947629,5.2935836212988,-0.113446401379631,-0.113446401379631,0.827442248817144,0.0314159265358978,0,41
0.521811465072296,-0.831838751417341,-0.189095442989891,0.538394226700588,-0.822752617682908,-0.182235525492147,5.27263967027487,5.29183829204681,-0.190240888467382,-0.183259571459405,0.827720567770665,0.0191986217719364,0.0069813170079773,9
0.864321619380528,-0.399372656543904,0.305695304963106,0.866841370303858,-0.385942643671436,0.315649036947102,5.85034365268499,5.86430628670095,0.310668606854991,0.321140582366957,0.828277205677707,0.0139626340159547,0.0104719755119659,32
0.284285063627454,-0.924083041371794,0.255445757935791,0.312947660659032,-0.898663269073963,0.307356617799807,5.01084028247572,5.0474921967676,0.258308729295161,0.312413936106985,0.828277205677707,0.0366519142918804,0.0541052068118241,4
0.528130778128304,-0.828999265259836,-0.18395135061272,0.54755139494352,-0.821018681212674,-0.161603821103361,5.27962098728285,5.30056493830678,-0.185004900711399,-0.162315620435473,0.828555524631227,0.0209439510239315,0.0226892802759263,7
-0.807048134041429,0.492624284971426,0.325568154457157,-0.810030240753922,0.480960760786401,0.335451569750255,2.59355926846357,2.60577657322753,0.331612557878923,0.342084533390889,0.829112162538269,0.0122173047639609,0.010471975511966,32
-0.361649973238491,0.890636483047271,-0.275637355816999,-0.476207083532675,0.838276065540843,-0.265556117486809,1.95651409148564,2.08741378538522,-0.279252680319093,-0.268780704807127,0.82939048149179,0.130899693899575,0.010471975511966,12
-0.54048876188404,0.835468422855058,-0.099319749743639,-0.521115456351625,0.847061084880152,-0.104528463267653,2.14500965070103,2.1223203704251,-0.0994837673636768,-0.10471975511966,0.82966880044531,-0.0226892802759266,-0.00523598775598298,19
-0.127918915366132,0.910190377316409,-0.393941909590951,-0.222892287013575,0.900665943865448,-0.372987782575809,1.71042266695444,1.81339709282211,-0.404916386462684,-0.382227106186758,0.830225438352352,0.102974425867666,0.0226892802759263,11
0.105560286839724,0.971698953506385,0.211324796455389,0.093716370128789,0.973281716696672,0.209618562903822,1.46258591317125,1.47480321793521,0.212930168743308,0.211184839491314,0.830225438352352,0.0122173047639604,-0.00174532925199428,148
-0.662055476251651,0.743074776883051,-0.0975828997591495,-0.634800606694266,0.767342117407408,-0.0906325801977802,2.29859862487653,2.26194671058465,-0.0977384381116825,-0.0907571211037051,0.830503757305873,-0.0366519142918804,0.00698131700797731,66
0.844291808351411,0.473794465903099,-0.250380004054441,0.857068702885863,0.440473482612292,-0.267238376078257,0.511381470834338,0.474729556542458,-0.253072741539178,-0.270526034059121,0.830782076259393,-0.0366519142918809,-0.0174532925199433,26
0.976950335949941,-0.0136416865098292,-0.213030386274977,0.979328551808208,0.0564677290086474,-0.194234351219972,6.26922267316363,0.0575958653158129,-0.214675497995303,-0.195476876223365,0.831060395212914,0.0715584993317675,0.0191986217719377,53
0.954235019529822,-0.127322135312692,-0.270600445975864,0.962917883323381,-0.104606357349595,-0.248689887164855,6.15054028402802,6.17497489355594,-0.27401669256311,-0.251327412287183,0.831338714166435,0.0244346095279218,0.0226892802759263,10
0.9019798986506,0.373612307008988,-0.216439613938103,0.894302271222322,0.39257125079793,-0.214735327167063,0.392699081698724,0.413643032722656,-0.218166156499291,-0.216420827247297,0.832730308934038,0.020943951023932,0.00174532925199433,32
0.938680919262705,-0.0278593993015663,0.343659694585616,0.940810550702964,-0.0114947411401821,0.338737920245291,6.25351470989568,6.27096800241563,0.35081117965086,0.345575191894877,0.832730308934038,0.0174532925199431,-0.00523598775598305,154
0.726075707874434,-0.649186607434106,0.226651307436855,0.787720003381998,-0.559803468153181,0.257132793154696,5.55363767984596,5.66533875197359,0.228638132011257,0.260054058547155,0.832730308934038,0.111701072127637,0.031415926535898,134
0.650907818163871,-0.717851307700376,0.246999012722743,0.580525584964787,-0.759295945161419,0.294040325232304,5.4489179247263,5.36514212063057,0.249582083035189,0.29845130209103,0.832730308934038,-0.0837758040957288,0.0488692190558412,255
0.818799588565767,0.533768736596309,0.211324796455389,0.869357135906473,0.439143888817388,0.226651307436855,0.577703982410123,0.46774823953448,0.212930168743308,0.228638132011257,0.833008627887559,-0.109955742875643,0.015707963267949,123
0.247417800299892,-0.929864452039267,0.272280247040574,0.268237521511612,-0.929330693355924,0.253757944584806,4.97244303893184,4.99338698995578,0.275762021815104,0.256563400043166,0.83328694684108,0.0209439510239324,-0.0191986217719377,6
0.217978251984449,-0.959434859451798,0.17880221511635,0.25116829510676,-0.950633841592947,0.182235525492147,4.93579112463996,4.97069770967985,0.179768912955416,0.183259571459405,0.833843584748121,0.0349065850398862,0.00349065850398866,4
-0.377513833125345,-0.885068795558025,-0.272280247040574,-0.374606415136845,-0.886817586866648,-0.270600445975864,4.309217923174,4.31270858167799,-0.275762021815104,-0.27401669256311,0.833843584748121,0.00349065850398933,0.00174532925199439,21
-0.316239282023451,-0.923659358217962,0.216439613938103,-0.333387963345582,-0.915975901209951,0.223250116010951,4.38252175175776,4.36332312998582,0.218166156499291,0.225147473507269,0.834121903701642,-0.0191986217719382,0.00698131700797733,30
0.287027594569517,-0.8781620297809,-0.38268343236509,0.338207170751086,-0.867456536031624,-0.36487678433762,5.02829357499566,5.08414411105948,-0.392699081698724,-0.373500459926786,0.834400222655163,0.0558505360638177,0.0191986217719377,26
-0.531364966604902,0.827685997503267,0.18051914525056,-0.573618070721809,0.79534106991773,0.195946144242518,2.14151899219704,2.19562419900887,0.18151424220741,0.197222205475359,0.835235179515725,0.0541052068118244,0.015707963267949,91
-0.354880337295101,0.924494885962316,-0.139173100960065,-0.44047965146622,0.891242848953797,-0.107999355706023,1.93731546971371,2.02981792006941,-0.139626340159546,-0.108210413623648,0.835235179515725,0.092502450355699,0.0314159265358979,29
0.977599079626028,-0.0563680082700548,-0.202787295356512,0.968830196059895,-0.0779502267360014,-0.23514211310259,6.22558944186377,6.20290016158785,-0.204203522483337,-0.237364778271229,0.835513498469246,-0.0226892802759266,-0.0331612557878923,27
0.419418220736715,-0.852370374187187,-0.312334918512233,0.449947458431442,-0.842676707753473,-0.295708050044047,5.1696652444072,5.2028265001951,-0.317649923862968,-0.300196631343025,0.836070136376287,0.0331612557878929,0.0174532925199433,13
0.0531031615826817,-0.98052178337372,0.189095442989891,0.158246147908051,-0.96635162829803,0.202787295356512,4.76649418719651,4.87470460082016,0.190240888467382,0.204203522483337,0.836626774283329,0.108210413623649,0.0139626340159547,6
-0.0508252411793731,-0.969803374130378,-0.238533457578581,-0.0321135474913423,-0.96805064954756,-0.248689887164855,4.66002910282486,4.6792277245968,-0.240855436775218,-0.251327412287183,0.836626774283329,0.0191986217719373,-0.010471975511966,12
0.102573014182932,-0.97591704010455,-0.192521966525907,0.0736506474373704,-0.979522243277906,-0.187381314585725,4.81710873550435,4.78743813822045,-0.193731546971371,-0.188495559215388,0.838018369050932,-0.0296705972839044,0.00523598775598297,38
0.660944151743072,-0.686822595321525,0.302369890750444,0.701129263777077,-0.633518904266569,0.327217898979104,5.4785885220102,5.54840169208997,0.307177948351002,0.333357887130917,0.838296688004453,0.0698131700797733,0.026179938779915,105
0.627268778381255,-0.708998378944327,0.322265695230511,0.63615173629793,-0.704043076721514,0.315649036947102,5.43670061996234,5.4471725954743,0.328121899374934,0.321140582366957,0.839131644865015,0.0104719755119662,-0.00698131700797738,109
-0.872611718549155,-0.403203220137072,0.275637355816999,-0.867761052499041,-0.423235344391993,0.260504508642648,3.57443430808439,3.59537825910832,0.279252680319093,0.263544717051144,0.839409963818536,0.0209439510239315,-0.015707963267949,23
-0.61666423233551,0.758805167776414,0.209618562903822,-0.614402984981111,0.758724499119823,0.216439613938103,2.25322006432468,2.25147473507268,0.211184839491314,0.218166156499291,0.839688282772057,-0.00174532925199422,0.0069813170079773,6
-0.948284901680217,-0.282696007184232,0.144356201000973,-0.92709747836937,-0.342943770696151,0.151260820247219,3.43131730942085,3.49589449174464,0.144862327915529,0.151843644923507,0.839966601725577,0.0645771823237906,0.0069813170079773,114
-0.473666729417148,0.876028289982667,-0.0906325801977802,-0.500869384539215,0.860579766323892,-0.0923705874465616,2.06646983436129,2.09788576089718,-0.0907571211037051,-0.0925024503556995,0.840244920679098,0.0314159265358978,-0.00174532925199432,9
0.430337526734492,0.890195930200319,-0.14953534344371,0.332213732611327,0.938142640294665,-0.0975828997591495,1.12050137978036,1.230457122656,-0.150098315671512,-0.0977384381116825,0.84080155858614,0.109955742875643,0.0523598775598299,9
0.47702099659662,0.853528574150921,-0.209618562903822,0.43731388846432,0.873295655676055,-0.214735327167063,1.06116018521255,1.1065387457644,-0.211184839491314,-0.216420827247297,0.84080155858614,0.0453785605518524,-0.00523598775598297,3
-0.796393475199834,0.597949135015534,-0.0906325801977802,-0.798845391742698,0.595441004074459,-0.0854169231373675,2.49756615960389,2.50105681810787,-0.0907571211037051,-0.0855211333477222,0.841636515446702,0.00349065850398933,0.00523598775598298,102
0.397635814741728,0.905839669919968,0.146083028562412,0.370622030344297,0.912731995221261,0.17192910027941,1.15715329407224,1.18507856210415,0.146607657167524,0.172787595947439,0.841636515446702,0.0279252680319093,0.0261799387799149,21
0.598582551427282,0.791468005717461,0.123601476740493,0.521030905327041,0.840336823395986,0.14953534344371,0.923279174305,1.0157816246607,0.123918376891597,0.150098315671512,0.841636515446702,0.0925024503556995,0.0261799387799149,218
0.175396954706238,0.965147100231843,-0.194234351219972,0.144842093541363,0.969161077770241,-0.199367934417197,1.39102741383948,1.42244334037538,-0.195476876223365,-0.200712863979348,0.842193153353743,0.0314159265358978,-0.00523598775598297,128
0.867759484056975,0.24555118307881,0.432085748801982,0.884844747198172,0.227189516781104,0.4067366430758,0.275762021815104,0.251327412287183,0.446804288510548,0.418879020478639,0.842193153353743,-0.0244346095279209,-0.0279252680319093,19
0.905512801124691,0.0379522310620239,0.422618261740699,0.905556385698105,0.00474152547848439,0.42419942274539,0.0418879020478639,0.00523598775598299,0.436332312998582,0.438077642250577,0.842471472307264,-0.0366519142918809,0.00174532925199433,10
0.937912673716632,-0.288539614068355,-0.192521966525907,0.966680554986024,-0.168712764830972,-0.192521966525907,5.98473400508855,6.11039771123215,-0.193731546971371,-0.193731546971371,0.843306429167826,0.125663706143593,0,74
0.937815834829212,0.332098004726406,0.101056297182946,0.932147460684022,0.346662533174891,0.104528463267653,0.340339204138894,0.356047167406843,0.101229096615671,0.10471975511966,0.843863067074868,0.0157079632679489,0.00349065850398865,36
0.826052002638367,-0.494381924805921,-0.270600445975864,0.828119289052258,-0.493658172792586,-0.265556117486809,5.74387856831334,5.74562389756533,-0.27401669256311,-0.268780704807127,0.843863067074868,0.00174532925199422,0.005235987755983,25
-0.455830037088365,-0.871922442168744,0.17880221511635,-0.400363221157514,-0.907744937583623,0.125333233564304,4.23067810683425,4.29700061841004,0.179768912955416,0.125663706143592,0.844141386028389,0.0663225115757848,-0.0541052068118242,10
-0.594467652530619,-0.800451373175168,-0.0767190281268186,-0.578580658406751,-0.81114016727034,-0.0854169231373675,4.07359847415476,4.0927970959267,-0.0767944870877505,-0.0855211333477222,0.84469802393543,0.0191986217719382,-0.00872664625997166,6
-0.447174578754938,-0.889107684023673,-0.0975828997591495,-0.390115681930735,-0.914613416616422,-0.106264071336233,4.2463860701022,4.309217923174,-0.0977384381116825,-0.106465084371654,0.845532980795992,0.0628318530717946,-0.00872664625997163,50
-0.852727457609822,-0.516430104986007,0.0784590957278449,-0.85484723674669,-0.515676821882414,0.0575640269595673,3.68613538021202,3.68439005096003,0.0785398163397448,0.0575958653158129,0.845532980795992,-0.00174532925199467,-0.020943951023932,21
-0.972525279791651,-0.0356608831334182,-0.230049737188104,-0.971290468202816,-0.0458048957267519,-0.233445363855905,3.17824456788167,3.18871654339364,-0.232128790515246,-0.235619449019234,0.846089618703034,0.0104719755119658,-0.00349065850398864,24
-0.821641196545952,-0.550040839574398,0.14953534344371,-0.842736455312807,-0.52048464305054,0.137444546037147,3.73151394076388,3.694862026472,0.150098315671512,0.137881010907552,0.846646256610075,-0.0366519142918813,-0.0122173047639603,67
-0.374831330473152,-0.891688499003896,0.253757944584806,-0.370494062056057,-0.894451789394431,0.250380004054441,4.31445391092998,4.31968989868597,0.256563400043166,0.253072741539178,0.847202894517117,0.00523598775598266,-0.00349065850398861,176
-0.911116330539014,0.364420532668124,0.192521966525907,-0.930038187906001,0.312992430326229,0.192521966525907,2.76111087665503,2.81696141271885,0.193731546971371,0.193731546971371,0.847202894517117,0.0558505360638191,0,9
-0.882990417478316,0.467519360311657,-0.0418756537291996,-0.877500274384682,0.478428680788301,-0.0331551783885263,2.65464579228338,2.64242848751941,-0.0418879020478639,-0.0331612557878923,0.847759532424158,-0.0122173047639604,0.00872664625997165,4
-0.628979981905605,0.754925221656614,0.185666615385577,-0.613077825801873,0.7597956784744,0.216439613938103,2.26543736908864,2.24972940582069,0.186750229963393,0.218166156499291,0.848037851377679,-0.0157079632679493,0.0314159265358979,9
0.264752418553884,0.948236609844635,0.175366726091987,0.228502514444637,0.959153160872245,0.166768746716102,1.29852496348378,1.33692220702766,0.176278254451427,0.167551608191456,0.8483161703312,0.0383972435438751,-0.00872664625997166,12
0.466448295542167,0.866288494356986,0.17880221511635,0.454872865236866,0.873802644164182,0.17192910027941,1.0768681484805,1.09083078249646,0.179768912955416,0.172787595947439,0.84859448928472,0.0139626340159547,-0.00698131700797733,329
0.911231792684395,-0.346144486742574,-0.223250116010951,0.883745634220178,-0.38060099982567,-0.272280247040574,5.92015682276477,5.87652359146491,-0.225147473507269,-0.275762021815104,0.848872808238241,-0.0436332312998582,-0.0506145483078356,14
0.885198773219652,0.458843461992976,0.0767190281268186,0.886425610070214,0.455560883543718,0.0819385086300409,0.478220215046446,0.474729556542458,0.0767944870877505,0.0820304748437335,0.849429446145282,-0.00349065850398844,0.005235987755983,28
0.845497625020963,-0.472532650835731,-0.248689887164855,0.830163834826111,-0.492915214132875,-0.260504508642648,5.77354916559724,5.74736922681733,-0.251327412287183,-0.263544717051144,0.849429446145282,-0.0261799387799151,-0.0122173047639603,38
0.890116684738605,-0.403774835710502,0.211324796455389,0.927739588656897,-0.312218866213833,0.20449605184179,5.85732496969297,5.95855406630864,0.212930168743308,0.205948851735331,0.849707765098803,0.10122909661567,-0.00698131700797727,48
-0.518758443220422,-0.84322981471601,0.140901231937583,-0.476707684502376,-0.867128059036813,0.144356201000973,4.16086493675448,4.20973415581032,0.141371669411541,0.144862327915529,0.849986084052324,0.04886921905584,0.00349065850398866,17
0.770031458234804,-0.473726513855742,0.427357863387192,0.777377434036913,-0.461572942936779,0.427357863387192,5.73166126354938,5.74736922681733,0.441568300754565,0.441568300754565,0.850542721959365,0.0157079632679489,0,26
-0.72282645747762,-0.648555087857587,0.238533457578581,-0.735984475228465,-0.642040179030203,0.214735327167063,3.87288561017542,3.85892297615946,0.240855436775218,0.216420827247297,0.850542721959365,-0.0139626340159547,-0.0244346095279206,92
0.230405627109179,-0.938043681759355,-0.258819045102521,0.322732278783806,-0.9113678406569,-0.255445757935791,4.95324441715991,5.05272818452358,-0.261799387799149,-0.258308729295161,0.850821040912886,0.0994837673636768,0.00349065850398861,71
-0.936326508651511,-0.342646844316051,-0.0767190281268186,-0.944942987748686,-0.307030588536718,-0.113203213767907,3.49240383324065,3.45575191894877,-0.0767944870877505,-0.113446401379631,0.851099359866407,-0.0366519142918804,-0.0366519142918809,204
-0.785894532780539,0.614008102411648,-0.0732381971276317,-0.800117910566326,0.594220001341642,-0.0819385086300409,2.47836753783195,2.50280214735987,-0.0733038285837618,-0.0820304748437335,0.851377678819928,0.0244346095279209,-0.00872664625997165,8
0.169853548356706,0.963287340792942,0.207911690817759,0.200531826050968,0.959891710192954,0.195946144242518,1.39626340159546,1.36484747505957,0.20943951023932,0.197222205475359,0.851655997773448,-0.0314159265358978,-0.0122173047639603,382
0.461028638258357,0.885627774116159,0.0558215049931638,0.42326680686399,0.903577877292783,0.0662739004000001,1.09083078249646,1.13271868454432,0.0558505360638185,0.0663225115757845,0.851934316726969,0.041887902047864,0.010471975511966,69
-0.901018150950773,0.393645151000048,0.182235525492147,-0.930305208932474,0.322147062089482,0.175366726091987,2.72969495011913,2.80823476645888,0.183259571459405,0.176278254451427,0.85221263568049,0.0785398163397448,-0.00698131700797733,19
-0.260931898944409,0.909977673237569,0.322265695230511,-0.247959557876732,0.906387488449099,0.342020143325669,1.85004900711399,1.83783170235003,0.328121899374934,0.349065850398866,0.852490954634011,-0.0122173047639604,0.0209439510239319,19
0.323623692866291,0.934569464190384,0.147809411129611,0.379873577178386,0.912587655855499,0.151260820247219,1.23743843966398,1.17635191584418,0.148352986419518,0.151843644923507,0.853325911494573,-0.0610865238198013,0.00349065850398866,6
0.743486808916988,0.632756871542901,0.216439613938103,0.709674286362194,0.680553172444969,0.182235525492147,0.705113017805709,0.764454212373516,0.218166156499291,0.183259571459405,0.853325911494573,0.0593411945678071,-0.0349065850398866,13
0.00172238727489365,0.986854213339979,-0.161603821103361,0.0720118167468803,0.980614354115528,-0.182235525492147,1.5690509975429,1.49749249821113,-0.162315620435473,-0.183259571459405,0.854160868355135,-0.0715584993317675,-0.020943951023932,19
0.982511823853215,0.089415580557741,0.163325962241622,0.97656791857923,0.156420837433345,0.147809411129611,0.0907571211037051,0.158824961931484,0.164060949687467,0.148352986419518,0.854160868355135,0.0680678408277791,-0.015707963267949,198
0.545799455796792,0.834068993901835,0.0801989243288589,0.554729717622108,0.828645358950618,0.0749787268263277,0.991347015132779,0.980875039620813,0.0802851455917391,0.0750491578357562,0.854439187308656,-0.0104719755119658,-0.00523598775598298,3
0.894234421310928,0.426527939461811,-0.135715572434304,0.877410208257231,0.460650657834174,-0.133986185418292,0.445058959258554,0.483456202802429,-0.136135681655558,-0.134390352403563,0.854717506262176,0.0383972435438751,0.00174532925199433,86
0.870778469128247,-0.411615096641171,0.268919820615266,0.892748569285727,-0.373444816101647,0.252069358243114,5.84161700642502,5.88699556697687,0.272271363311115,0.254818070791172,0.854995825215697,0.0453785605518524,-0.0174532925199433,9
0.898529928029916,-0.375863210851659,-0.226651307436855,0.912943374408318,-0.335897758774923,-0.231747903494157,5.88699556697687,5.93062879827673,-0.228638132011257,-0.23387411976724,0.855274144169218,0.0436332312998582,-0.00523598775598302,9
0.956194376828065,-0.172046523622503,0.236838146065619,0.954543777735525,-0.17174953396993,0.243615011786023,6.10516172347617,6.10516172347617,0.239110107523223,0.2460914245312,0.855830782076259,0,0.00698131700797736,12
0.0334099686473597,-0.956736324360078,-0.289031796944472,-0.0574754017758609,-0.939714512466089,-0.337095258423082,4.74729556542458,4.65130245656489,-0.293215314335047,-0.343829862642883,0.85610910102978,-0.0959931088596875,-0.0506145483078355,105
-0.723523312855804,-0.656050878378055,0.214735327167063,-0.741214227098415,-0.633056755155488,0.223250116010951,3.8781215979314,3.8484510006475,0.216420827247297,0.225147473507269,0.856665738936822,-0.0296705972839031,0.00872664625997166,41
-0.353254597785218,-0.901399491187621,0.250380004054441,-0.395502008101312,-0.884155812970634,0.248689887164855,4.3388885204579,4.29176463065406,0.253072741539178,0.251327412287183,0.856944057890342,-0.0471238898038475,-0.00174532925199433,18
-0.855605301134947,-0.447299641903086,0.260504508642648,-0.842802474432078,-0.465251961552909,0.270600445975864,3.62330352714023,3.64599280741615,0.263544717051144,0.27401669256311,0.857779014750905,0.0226892802759266,0.010471975511966,5
-0.979343011584925,-0.0839593131673088,-0.18395135061272,-0.977430400139481,-0.09756052391874,-0.187381314585725,3.22711378693752,3.24107642095347,-0.185004900711399,-0.188495559215388,0.857779014750905,0.0139626340159542,-0.00349065850398869,8
-0.946726533883037,-0.264330797769702,-0.18395135061272,-0.936933274792514,-0.311676217169197,-0.158158067254484,3.41386401690091,3.46273323595675,-0.185004900711399,-0.158824961931484,0.858057333704425,0.0488692190558413,0.0261799387799149,41
-0.939061117323742,0.336232558483827,-0.0714974443326859,-0.97103590907492,0.234918309914143,-0.043619387365336,2.79776279094691,2.90422787531856,-0.0715584993317675,-0.0436332312998582,0.858335652657946,0.106465084371654,0.0279252680319093,4
-0.690379240102292,-0.707457892099538,-0.151260820247219,-0.612316809059009,-0.775327557690853,-0.154710386299468,3.9392081217512,4.04392787687086,-0.151843644923507,-0.155334303427495,0.858613971611467,0.10471975511966,-0.00349065850398866,139
-0.244007947793295,0.964310020581839,-0.102792536787247,-0.394483256107069,0.915979872667876,-0.0732381971276317,1.81863308057809,1.97745804250958,-0.102974425867665,-0.0733038285837618,0.859448928472029,0.158824961931484,0.0296705972839036,8
-0.151533918580766,0.978849563663488,-0.137444546037147,-0.0154686878677037,0.984686259723678,-0.17364817766693,1.7243853009704,1.58650429006285,-0.137881010907552,-0.174532925199433,0.859448928472029,-0.137881010907552,-0.0366519142918809,6
-0.0391499499259803,0.974748648551227,0.219846204352837,0.133441915763314,0.94948856711923,0.284015344703923,1.61093889959077,1.43116998663535,0.22165681500328,0.287979326579064,0.85972724742555,-0.179768912955416,0.0663225115757845,190
-0.98957192311078,0.0570583580817823,-0.132256390257122,-0.989762663300113,-0.00518243254623197,-0.142628933705512,3.08399678827398,3.14682864134578,-0.132645023151569,-0.143116998663535,0.86000556637907,0.0628318530717964,-0.010471975511966,54
0.313981140504507,0.938390713210684,0.144356201000973,0.249102093908863,0.956317667256385,0.152985836284038,1.24791041517595,1.31597825600372,0.144862327915529,0.153588974175501,0.860283885332591,0.0680678408277791,0.00872664625997163,9
-0.0446460058902728,0.94671626856738,0.31895930929807,-0.00163586484310564,0.937280561930148,0.348572047321815,1.61792021659874,1.57254165604689,0.324631240870945,0.356047167406843,0.860562204286112,-0.0453785605518524,0.0314159265358979,113
0.968649580050495,0.148224214601461,-0.199367934417197,0.966860211370694,0.123857649619693,-0.223250116010951,0.151843644923507,0.127409035395586,-0.200712863979348,-0.225147473507269,0.861118842193153,-0.0244346095279204,-0.0244346095279206,18
0.956117187103725,0.112317955655022,-0.270600445975864,0.946844994995927,0.0529368536542282,-0.317304656405092,0.11693705988362,0.0558505360638185,-0.27401669256311,-0.322885911618951,0.861118842193153,-0.0610865238198017,-0.0488692190558412,62
0.766900306344341,0.612208471465361,0.192521966525907,0.771075602761001,0.602430285387173,0.20620418539663,0.673697091269811,0.663225115757845,0.193731546971371,0.207694180987325,0.861675480100195,-0.0104719755119662,0.0139626340159546,70
0.935478678280291,-0.205678326798582,0.287360519849712,0.896144821677595,-0.305072581950634,0.322265695230511,6.06676447993229,5.95506340780465,0.291469985083053,0.328121899374934,0.861675480100195,-0.111701072127637,0.0366519142918809,35
0.987793422724722,-0.152918501116321,0.0296662440851108,0.999249296695192,-0.0226761387432013,0.0314107590781283,6.12959633300409,6.26049602690366,0.0296705972839036,0.0314159265358979,0.862232118007236,0.130899693899575,0.00174532925199433,79
0.582367814410696,-0.804509582194773,-0.116670737099333,0.641547187820456,-0.756486477764573,-0.12706460860135,5.33896218185065,5.41575666893841,-0.11693705988362,-0.127409035395586,0.862232118007236,0.0767944870877519,-0.010471975511966,6
0.980802848454541,-0.0737469366242862,0.18051914525056,0.969642448870853,-0.0780155790454552,0.231747903494157,6.20813614934383,6.20290016158785,0.18151424220741,0.23387411976724,0.862510436960757,-0.00523598775598355,0.0523598775598299,27
0.0869838682081184,-0.974635132034786,-0.20620418539663,0.0903854497755903,-0.97432556386137,-0.20620418539663,4.8014007722364,4.80489143074039,-0.207694180987325,-0.207694180987325,0.862788755914278,0.00349065850398844,0,22
0.789847278798027,-0.608264289986615,-0.0784590957278449,0.845548688293564,-0.528357460861782,-0.0767190281268186,5.62694150842972,5.7246799465414,-0.0785398163397448,-0.0767944870877505,0.863067074867799,0.0977384381116835,0.00174532925199433,55
0.158962413049314,-0.939842221016434,-0.302369890750444,0.128244282534633,-0.936206094075914,-0.327217898979104,4.87994058857615,4.84852466204025,-0.307177948351002,-0.333357887130917,0.863345393821319,-0.0314159265358978,-0.026179938779915,40
-0.964379692298027,-0.154468599882365,-0.214735327167063,-0.973050076353999,-0.136753269938017,-0.185666615385577,3.30041761552128,3.28121899374934,-0.216420827247297,-0.186750229963393,0.863902031728361,-0.0191986217719373,0.0296705972839036,4
-0.928340611343118,-0.358216829088119,0.099319749743639,-0.925949896496092,-0.366609498766153,0.0906325801977802,3.5098571257606,3.51858377202057,0.0994837673636768,0.0907571211037051,0.864180350681881,0.00872664625997155,-0.00872664625997165,20
-0.742311603094566,0.649844684497014,-0.163325962241622,-0.754406506735489,0.633022221559489,-0.17364817766693,2.42251700176813,2.44346095279206,-0.164060949687467,-0.174532925199433,0.865015307542444,0.0209439510239315,-0.010471975511966,12
-0.491106331702538,0.861001055863367,0.132256390257122,-0.519139868533179,0.847159270321686,0.113203213767907,2.08915911463721,2.12057504117311,0.132645023151569,0.113446401379631,0.865015307542444,0.0314159265358978,-0.0191986217719376,83
-0.0694037476044574,0.968232207389322,0.240228042477264,0.0919129807789793,0.97233777219173,0.214735327167063,1.64235482612666,1.4765485471872,0.242600766027212,0.216420827247297,0.865293626495964,-0.165806278939462,-0.0261799387799149,110
-0.931526437791164,0.265352286061446,-0.248689887164855,-0.929111406670643,0.275215336979046,-0.246999012722743,2.86408530252269,2.85361332701073,-0.251327412287183,-0.249582083035189,0.866128583356527,-0.0104719755119658,0.00174532925199436,72
0.137423612567058,0.990358603849417,0.0174524064372835,0.23004833564638,0.973172943838364,-0.00349065141522373,1.43291531588734,1.33866753627965,0.0174532925199433,-0.00349065850398866,0.866128583356527,-0.0942477796076937,-0.020943951023932,8
0.159145126418882,0.982591685524028,0.095845752520224,0.152493050310895,0.985045177716927,0.0801989243288589,1.41022603561142,1.4172073526194,0.0959931088596881,0.0802851455917391,0.866128583356527,0.00698131700797733,-0.015707963267949,84
0.277703001978542,0.943553856910199,0.18051914525056,0.263332422574782,0.943150755745277,0.202787295356512,1.28456232946783,1.29852496348378,0.18151424220741,0.204203522483337,0.866406902310047,0.0139626340159547,0.0226892802759263,179
-0.400433518520253,0.899388408100343,0.175366726091987,-0.395088678187213,0.900037130887408,0.18395135061272,1.98967534727354,1.98443935951755,0.176278254451427,0.185004900711399,0.866963540217089,-0.00523598775598266,0.00872664625997163,65
0.615574084140964,0.76288932534691,0.197657340379126,0.60299905080671,0.774586387699655,0.190808995376545,0.891863247769102,0.909316540289046,0.198967534727354,0.191986217719376,0.866963540217089,0.0174532925199431,-0.00698131700797733,49
-0.244885901928368,0.960725667493725,0.130526192220052,-0.290129780330397,0.948971751693908,0.123601476740493,1.82037840983009,1.86750229963393,0.130899693899575,0.123918376891597,0.867241859170609,0.0471238898038466,-0.00698131700797731,47
-0.245244246044604,0.969195823699922,-0.0226873335727814,-0.280651319787058,0.959752665242043,-0.0104717841162458,1.81863308057809,1.85528499486997,-0.0226892802759263,-0.010471975511966,0.868633453938213,0.0366519142918804,0.0122173047639603,23
0.0242364664383517,0.925553312084714,0.377840786818467,0.00484088959247646,0.924533360164042,0.381070376350274,1.54461638801498,1.56556033903891,0.387463093942741,0.39095375244673,0.868633453938213,0.0209439510239324,0.00349065850398866,18
0.837295054939645,0.511087084340598,-0.194234351219972,0.823815406454179,0.534991980344437,-0.187381314585725,0.548033385126219,0.575958653158129,-0.195476876223365,-0.188495559215388,0.868633453938213,0.0279252680319093,0.0069813170079773,4
0.94577819412142,0.202757276280089,-0.253757944584806,0.941303851821678,0.201798060405289,-0.270600445975864,0.211184839491314,0.211184839491314,-0.256563400043166,-0.27401669256311,0.868633453938213,0,-0.0174532925199433,79
0.931267574421936,0.0945947106245685,0.351841648404702,0.935520714945182,0.0818474570513709,0.343659694585616,0.101229096615671,0.0872664625997165,0.359537825910832,0.35081117965086,0.869190091845255,-0.0139626340159547,-0.0087266462599716,13
0.970679519669014,-0.0084709918353493,-0.240228042477264,0.969007853533376,0.0575696742928192,-0.240228042477264,6.27445866091961,0.0593411945678072,-0.242600766027212,-0.242600766027212,0.869190091845255,0.0680678408277791,0,26
0.659787147520669,0.745753709036245,-0.0923705874465616,0.65519330244755,0.743170922350103,-0.135715572434304,0.84648468721725,0.848230016469244,-0.0925024503556995,-0.136135681655558,0.869746729752296,0.00174532925199422,-0.0436332312998582,9
0.31838988055222,0.929940742504435,0.18395135061272,0.324767671721855,0.927390892415722,0.185666615385577,1.24092909816797,1.23394778115999,0.185004900711399,0.186750229963393,0.870303367659338,-0.00698131700797688,0.00174532925199433,99
0.865481908329762,-0.354959999393034,0.353474843779257,0.863177677222911,-0.35401496534389,0.359996808120051,5.89397688398485,5.89397688398485,0.361283155162826,0.368264472170804,0.870303367659338,0,0.00698131700797738,13
0.867131567491894,-0.486611540966815,-0.106264071336233,0.872635080807108,-0.473802190828668,-0.118403968306501,5.77180383634525,5.7857664703612,-0.106465084371654,-0.118682389135614,0.870581686612858,0.0139626340159547,-0.0122173047639603,71
0.9573055259721,-0.0871216277481838,0.275637355816999,0.942408124850824,-0.159396403197923,0.294040325232304,6.19242818607588,6.11563369898813,0.279252680319093,0.29845130209103,0.870860005566379,-0.0767944870877511,0.0191986217719376,15
0.317286389337607,-0.88129684967807,-0.350207381259467,0.295852157330979,-0.889364395975285,-0.348572047321815,5.05796417227957,5.03352956275165,-0.357792496658838,-0.356047167406843,0.8711383245199,-0.0244346095279218,0.00174532925199433,44
-0.40609629283117,-0.886991232978337,0.219846204352837,-0.410572801544827,-0.884503384863048,0.221548497619467,4.28303798439408,4.2778019966381,0.22165681500328,0.223402144255274,0.871416643473421,-0.00523598775598355,0.00174532925199436,128
0.416948379789617,-0.906510793491498,-0.0662739004000001,0.472874914410285,-0.878224020837144,-0.0714974443326859,5.14348530562729,5.20631715869909,-0.0663225115757845,-0.0715584993317675,0.871694962426941,0.0628318530717964,-0.00523598775598298,7
-0.9233388154555,-0.291127610238074,-0.250380004054441,-0.929431210469984,-0.249040342265713,-0.272280247040574,3.4470252726888,3.40339204138894,-0.253072741539178,-0.275762021815104,0.872251600333983,-0.0436332312998586,-0.0226892802759263,8
-0.974897508759755,0.212562032215994,-0.0662739004000001,-0.975223187487919,0.212633041662306,-0.0610485395348569,2.92691715559449,2.92691715559449,-0.0663225115757845,-0.0610865238198015,0.872808238241024,0,0.00523598775598298,4
-0.135874142765812,-0.966794761490763,0.216439613938103,-0.122502694568023,-0.969708678019673,0.211324796455389,4.57276264022514,4.5867252742411,0.218166156499291,0.212930168743308,0.873086557194545,0.0139626340159547,-0.00523598775598302,16
-0.789836378638219,0.582317600098659,-0.192521966525907,-0.81379713422833,0.555134766339553,-0.17192910027941,2.50629280586386,2.54294472015574,-0.193731546971371,-0.172787595947439,0.873364876148066,0.0366519142918813,0.020943951023932,40
-0.860249330817897,0.494665304802076,-0.123601476740493,-0.916813088787965,0.385392735523094,-0.104528463267653,2.61973920724349,2.74365758413509,-0.123918376891597,-0.10471975511966,0.874478151962149,0.123918376891597,0.0191986217719376,44
-0.146298241840566,0.978904393546371,0.142628933705512,-0.0934656146655203,0.988762923040652,0.116670737099333,1.71914931321441,1.66504410640259,0.143116998663535,0.11693705988362,0.874478151962149,-0.0541052068118244,-0.0261799387799149,277
-0.0701858176205368,0.955748977365091,0.285688367404974,-0.110121355689202,0.966522734469932,0.231747903494157,1.64410015537866,1.68424272817453,0.289724655831059,0.23387411976724,0.874478151962149,0.0401425727958697,-0.0558505360638185,17
-0.0409144221526983,0.976188539465325,0.213030386274977,0.0575195920593481,0.968164873645921,0.243615011786023,1.61268422884276,1.51145513222709,0.214675497995303,0.2460914245312,0.874478151962149,-0.101229096615671,0.0314159265358979,168
0.361325828554649,0.921994844664793,0.139173100960065,0.320194124831085,0.940564062048021,0.113203213767907,1.19729586686811,1.24267442741996,0.139626340159546,0.113446401379631,0.874756470915669,0.0453785605518524,-0.026179938779915,44
-0.878466181834227,0.451470293066079,0.156434465040231,-0.860248545732156,0.484725144105438,0.158158067254484,2.66686309704734,2.62846585350346,0.15707963267949,0.158824961931484,0.875591427776232,-0.0383972435438755,0.00174532925199433,4
0.973912256881833,0.0869193533194496,-0.209618562903822,0.97352629821724,0.0783280661442162,-0.214735327167063,0.0890117918517108,0.0802851455917391,-0.211184839491314,-0.216420827247297,0.875591427776232,-0.00872664625997155,-0.00523598775598297,741
-0.425981291766544,0.901170389882735,0.0801989243288589,-0.458904383837915,0.885316303372894,0.0749787268263277,2.01236462754946,2.04901654184134,0.0802851455917391,0.0750491578357562,0.876426384636794,0.0366519142918809,-0.00523598775598298,22
0.955129427504787,-0.0567451438586753,0.290702193598252,0.944715532765615,-0.0760100069956422,0.31895930929807,6.22384411261178,6.20290016158785,0.294960643587042,0.324631240870945,0.876426384636794,-0.0209439510239324,0.0296705972839036,57
0.897680668347519,0.0864368171405129,0.432085748801982,0.915358001434256,0.0752561267439104,0.395545502562965,0.0959931088596881,0.0820304748437335,0.446804288510548,0.406661715714679,0.876983022543835,-0.0139626340159547,-0.0401425727958696,6
0.978836714723539,-0.0530119015267345,-0.197657340379126,0.980657366022114,-0.0996115427065054,-0.168489379565003,6.22908010036776,6.18195621056391,-0.198967534727354,-0.16929693744345,0.877261341497356,-0.0471238898038475,0.0296705972839036,113
0.607685609611163,-0.753113031693394,0.252069358243114,0.646166803837452,-0.722698241350981,0.245307385878803,5.39132205941048,5.44193660771832,0.254818070791172,0.247836753783195,0.877817979404397,0.050614548307836,-0.0069813170079773,35
0.495519804772238,0.844593059360823,0.202787295356512,0.460209440303621,0.865528073981242,0.197657340379126,1.04021623418862,1.08210413623648,0.204203522483337,0.198967534727354,0.878096298357918,0.041887902047864,-0.005235987755983,11
0.252796147383918,-0.899350936903543,-0.356737999319625,0.19344468972569,-0.9100857118022,-0.366501226724297,4.9864056729478,4.92182849062401,-0.364773813666815,-0.375245789178781,0.878374617311439,-0.0645771823237897,-0.010471975511966,67
-0.380900744978376,-0.901718352511491,0.20449605184179,-0.398485706396739,-0.89923410744672,0.18051914525056,4.31270858167799,4.29525528915804,0.205948851735331,0.18151424220741,0.87865293626496,-0.017453292519944,-0.0244346095279206,58
-0.978336833380256,-0.0615517363341081,0.197657340379126,-0.977931197982483,-0.0769648544382647,0.194234351219972,3.20442450666159,3.22013246992954,0.198967534727354,0.195476876223365,0.879487893125522,0.0157079632679484,-0.00349065850398866,32
-0.958097203779993,0.269308978282483,-0.0975828997591495,-0.937067202173753,0.333674621436957,-0.102792536787247,2.86757596102668,2.7995081201989,-0.0977384381116825,-0.102974425867665,0.879766212079043,-0.0680678408277786,-0.005235987755983,4
-0.455679258513909,0.875351711236693,0.161603821103361,-0.47088685019578,0.867265691306586,0.161603821103361,2.05076187109334,2.06821516361328,0.162315620435473,0.162315620435473,0.880044531032563,0.0174532925199435,0,7
-0.281111637401025,0.949016983297846,0.142628933705512,-0.328836250165621,0.928604924095347,0.17192910027941,1.85877565337396,1.91113553093379,0.143116998663535,0.172787595947439,0.880601168939605,0.0523598775598297,0.0296705972839036,8
0.0153583515619465,0.977662610067213,0.209618562903822,-0.0101909190622128,0.973125512762024,0.230049737188104,1.55508836352695,1.58126830230686,0.211184839491314,0.232128790515246,0.880601168939605,0.0261799387799146,0.020943951023932,49
0.24792325923878,0.96559734249116,0.0784590957278449,0.257539332441309,0.961149873618337,0.099319749743639,1.31946891450771,1.30899693899575,0.0785398163397448,0.0994837673636768,0.881157806846646,-0.0104719755119658,0.020943951023932,67
-0.980595762745484,-0.153557198540479,0.121869343405147,-0.980705551805332,-0.160596693026288,0.111468932206325,3.29692695701729,3.30390827402527,0.122173047639603,0.111701072127637,0.88254940161425,0.00698131700797777,-0.010471975511966,11
-0.968029767869487,0.175920824202351,0.17880221511635,-0.965915180790622,0.19651766458011,0.168489379565003,2.96182374063438,2.94087978961045,0.179768912955416,0.16929693744345,0.88254940161425,-0.0209439510239315,-0.010471975511966,45
0.654047925434551,0.7418717471479,-0.147809411129611,0.655752179252107,0.738591455104708,-0.156434465040231,0.848230016469244,0.844739357965256,-0.148352986419518,-0.15707963267949,0.88254940161425,-0.00349065850398844,-0.00872664625997166,53
0.775114471150096,0.612148523449403,0.156434465040231,0.766911084782785,0.623251732395318,0.152985836284038,0.668461103513828,0.682423737529783,0.15707963267949,0.153588974175501,0.882827720567771,0.0139626340159547,-0.00349065850398866,103
-0.297234871590934,0.948477628665903,0.109734311091045,-0.281852190176691,0.945454373806822,0.163325962241622,1.87448361664191,1.86052098262596,0.109955742875643,0.164060949687467,0.884219315335374,-0.0139626340159547,0.0541052068118242,13
-0.214207656505178,0.958309967252254,0.189095442989891,-0.190919809833241,0.964215498123213,0.18395135061272,1.79070781254618,1.76627320301826,0.190240888467382,0.185004900711399,0.884219315335374,-0.02443460952792,-0.005235987755983,7
-0.157105740735901,0.928864915141009,0.335451569750255,-0.119702161518403,0.934421552020239,0.335451569750255,1.73834793498635,1.69820536219048,0.342084533390889,0.342084533390889,0.884219315335374,-0.0401425727958697,0,24
0.901756331829816,0.410954036507601,-0.133986185418292,0.886504623390013,0.443928446771173,-0.130526192220052,0.427605666738611,0.464257581030492,-0.134390352403563,-0.130899693899575,0.884219315335374,0.0366519142918809,0.00349065850398866,281
0.943517300291059,0.292067393248628,-0.156434465040231,0.95571954437969,0.240060156803095,-0.170209499166033,0.300196631343025,0.2460914245312,-0.15707963267949,-0.171042266695444,0.884219315335374,-0.0541052068118244,-0.0139626340159547,46
0.468398408612706,0.866284734485168,0.17364817766693,0.393730336085859,0.905517779067889,0.158158067254484,1.07512281922851,1.16064395257623,0.174532925199433,0.158824961931484,0.884497634288895,0.0855211333477222,-0.015707963267949,23
0.961261695938319,0,-0.275637355816999,0.955163059424682,0.0467152671832444,-0.292371704722737,0,0.0488692190558412,-0.279252680319093,-0.296705972839036,0.884775953242416,0.0488692190558413,-0.0174532925199433,55
0.662354592474761,0.733042352254399,-0.154710386299468,0.679350644032608,0.713388454440912,-0.17192910027941,0.836012711705284,0.809832772925369,-0.155334303427495,-0.172787595947439,0.885332591149457,-0.0261799387799146,-0.0174532925199433,9
-0.227516315315853,-0.970020760348377,-0.0854169231373675,-0.224375355765886,-0.97187644028386,-0.0714974443326859,4.48200551912144,4.48549617762543,-0.0855211333477222,-0.0715584993317675,0.885610910102978,0.00349065850398844,0.0139626340159547,97
-0.389047271729476,-0.903357658160852,0.18051914525056,-0.329619005057244,-0.92567770818808,0.185666615385577,4.30572726467001,4.3703044469938,0.18151424220741,0.186750229963393,0.885889229056499,0.0645771823237906,0.00523598775598297,9
0.0381240812835175,-0.949206749398804,-0.312334918512233,0.0381459001406204,-0.949749991510588,-0.310676429630732,4.75253155318056,4.75253155318056,-0.317649923862968,-0.315904594610974,0.88616754801002,0,0.00174532925199433,3
-0.892653680320125,-0.441176927757689,-0.0923705874465616,-0.850431321925271,-0.519105495954514,-0.0854169231373675,3.6006142468643,3.68962603871601,-0.0925024503556995,-0.0855211333477222,0.886724185917061,0.0890117918517106,0.0069813170079773,9
-0.94772102723083,-0.30793322828138,-0.0836778433323155,-0.884045148194099,-0.454337492315841,-0.109734311091045,3.45575191894877,3.61632221013225,-0.0837758040957278,-0.109955742875643,0.886724185917061,0.160570291183478,-0.0261799387799149,90
-0.553249111417671,-0.832706854547814,0.0226873335727814,-0.469468702604473,-0.882942213640038,-0.00349065141522373,4.1259583517146,4.22369678982628,0.0226892802759263,-0.00349065850398866,0.887280823824102,0.0977384381116826,-0.0261799387799149,127
-0.793498881207157,-0.60229843269686,-0.0871557427476582,-0.800797942571547,-0.592559306465843,-0.0871557427476582,3.79085513533168,3.77863783056772,-0.0872664625997165,-0.0872664625997165,0.887837461731144,-0.01221730476396,0,22
-0.988370879805282,-0.0276076984572178,0.14953534344371,-0.984168921406238,-0.068819795087821,0.163325962241622,3.1695179216217,3.21140582366957,0.150098315671512,0.164060949687467,0.887837461731144,0.0418879020478635,0.0139626340159547,4
-0.474397644742724,-0.841920187040922,-0.257132793154696,-0.516088311210933,-0.813225051945463,-0.268919820615266,4.19926218029836,4.14690230273853,-0.260054058547155,-0.272271363311115,0.888115780684665,-0.0523598775598293,-0.0122173047639603,30
-0.997098984886273,0.0261099558149477,-0.0714974443326859,-0.997350647015231,-0.0505236042106745,-0.0523359562429438,3.11541271480988,3.19220720189763,-0.0715584993317675,-0.0523598775598299,0.888394099638185,0.0767944870877506,0.0191986217719376,22
-0.985178890664704,-0.154274897219757,-0.0749787268263277,-0.982094352894439,-0.169637150460441,-0.0819385086300409,3.29692695701729,3.31263492028524,-0.0750491578357562,-0.0820304748437335,0.888672418591706,0.0157079632679493,-0.00698131700797733,35
-0.740038699410638,0.652431876468692,-0.163325962241622,-0.79969529430179,0.570417109855323,-0.187381314585725,2.41902634326414,2.52200076913181,-0.164060949687467,-0.188495559215388,0.889229056498748,0.102974425867665,-0.0244346095279206,14
-0.615679146362231,0.77124794569546,0.161603821103361,-0.659054374969169,0.734528104185804,0.161603821103361,2.24449341806471,2.30208928338052,0.162315620435473,0.162315620435473,0.889229056498748,0.0575958653158133,0,17
0.305941608900922,0.947213452009075,0.095845752520224,0.279278972014316,0.955059601858171,0.099319749743639,1.25838239068791,1.28630765871982,0.0959931088596881,0.0994837673636768,0.889507375452268,0.0279252680319093,0.00349065850398866,4
-0.127069182763174,0.952339228350739,0.277314653302378,-0.0647593573982829,0.949924526556123,0.305695304963106,1.70344134994647,1.63886416762268,0.280998009571087,0.310668606854991,0.89006401335931,-0.0645771823237897,0.0296705972839036,13
0.402127003174632,0.898966174953621,0.17364817766693,0.354082590050763,0.917626480448854,0.18051914525056,1.15017197706426,1.20253185462409,0.174532925199433,0.18151424220741,0.89006401335931,0.0523598775598302,0.00698131700797733,8
0.857806357853264,0.495254731619154,0.137444546037147,0.800056654807578,0.585552954260024,0.130526192220052,0.523598775598299,0.631809189221947,0.137881010907552,0.130899693899575,0.890898970219872,0.108210413623648,-0.00698131700797736,35
0.862638702280523,0.49004698743293,-0.125333233564304,0.856090483844947,0.504275833113924,-0.113203213767907,0.516617458590322,0.53232542185827,-0.125663706143592,-0.113446401379631,0.890898970219872,0.0157079632679489,0.0122173047639603,148
0.903501571385534,0.404155784041129,0.142628933705512,0.894341803539907,0.415139643445103,0.166768746716102,0.420624349730633,0.434586983746588,0.143116998663535,0.167551608191456,0.890898970219872,0.0139626340159547,0.0244346095279206,35
0.943660972751067,0.24580527193099,0.221548497619467,0.936266096155082,0.257890648931151,0.238533457578581,0.254818070791172,0.268780704807127,0.223402144255274,0.240855436775218,0.891177289173393,0.0139626340159547,0.0174532925199433,15
0.545613375597953,0.762104698971529,0.348572047321815,0.530895324105941,0.77535306564296,0.342020143325669,0.949459113084915,0.970403064108847,0.356047167406843,0.349065850398866,0.892290564987476,0.020943951023932,-0.00698131700797733,11
0.858820580654868,0.481947632670387,-0.17364817766693,0.858008247321815,0.477561264099386,-0.189095442989891,0.511381470834338,0.50789081233035,-0.174532925199433,-0.190240888467382,0.892290564987476,-0.00349065850398844,-0.015707963267949,45
0.935924490411381,-0.291508017115219,-0.197657340379126,0.919248738349055,-0.336397267861661,-0.20449605184179,5.98124334658457,5.93237412752873,-0.198967534727354,-0.205948851735331,0.892290564987476,-0.0488692190558409,-0.00698131700797733,24
-0.0332101657603086,-0.951014718279815,-0.307356617799807,-0.0972505140511552,-0.941073771659072,-0.323917418198149,4.6774823953448,4.60941455451703,-0.312413936106985,-0.329867228626928,0.892847202894517,-0.0680678408277782,-0.0174532925199433,4
-0.356876635782389,-0.901367490686209,-0.245307385878803,-0.358607032622169,-0.901139679620434,-0.243615011786023,4.33539786195391,4.33365253270192,-0.247836753783195,-0.2460914245312,0.893125521848038,-0.00174532925199422,0.0017453292519943,13
-0.458994264398223,-0.838370176226955,-0.294040325232304,-0.399611037363385,-0.876866391857058,-0.267238376078257,4.21147948506232,4.28478331364608,-0.29845130209103,-0.270526034059121,0.893682159755079,0.0733038285837608,0.0279252680319093,126
-0.168225554055105,-0.934958320804093,-0.312334918512233,-0.190575301612544,-0.928410476797513,-0.31895930929807,4.53436539668127,4.50993078715335,-0.317649923862968,-0.324631240870945,0.8939604787086,-0.0244346095279209,-0.00698131700797733,97
-0.975925874585047,0.180877169519565,0.121869343405147,-0.98132888220217,0.167741617734488,0.0941083133185143,2.95833308213039,2.97229571614634,0.122173047639603,0.0942477796076938,0.894517116615641,0.0139626340159547,-0.0279252680319093,4
-0.883578197413169,0.458003435282631,-0.0975828997591495,-0.89419285787321,0.436126997247606,-0.101056297182946,2.66337243854335,2.68780704807127,-0.0977384381116825,-0.101229096615671,0.894795435569162,0.0244346095279204,-0.00349065850398866,9
-0.522151728651852,-0.794900037396751,-0.309016994374947,-0.502240738495754,-0.803753195705832,-0.31895930929807,4.13119433947058,4.1538836197465,-0.314159265358979,-0.324631240870945,0.895073754522683,0.0226892802759266,-0.010471975511966,13
-0.922876993524516,0.361671538912459,0.132256390257122,-0.903950537769866,0.40435661641023,0.139173100960065,2.76809219366301,2.72096830385916,0.132645023151569,0.139626340159546,0.896465349290287,-0.0471238898038466,0.00698131700797733,18
0.756729265930437,0.639485810228196,0.135715572434304,0.755647609079699,0.647668332224704,0.0975828997591495,0.701622359301721,0.708603676309698,0.136135681655558,0.0977384381116825,0.897300306150849,0.00698131700797733,-0.0383972435438752,8
0.791915443233806,0.581719725210576,0.185666615385577,0.784224926957135,0.601756951100039,0.151260820247219,0.633554518473942,0.654498469497874,0.186750229963393,0.151843644923507,0.897300306150849,0.020943951023932,-0.0349065850398866,62
0.840631400458262,0.53142511130966,-0.104528463267653,0.810777222936769,0.56771232330906,-0.142628933705512,0.563741348394168,0.610865238198015,-0.10471975511966,-0.143116998663535,0.897300306150849,0.0471238898038466,-0.0383972435438752,13
0.125925196541781,0.943765450416271,0.305695304963106,0.102596369503391,0.944415630769991,0.312334918512233,1.43815130364333,1.46258591317125,0.310668606854991,0.317649923862968,0.89785694405789,0.0244346095279209,0.00698131700797733,5
0.949921085434163,-0.308648070524501,-0.0488497697956133,0.961542424698711,-0.270277386208022,-0.0488497697956133,5.96902604182061,6.00916861461648,-0.0488692190558412,-0.0488692190558412,0.898413581964932,0.0401425727958697,0,139
0.972480521012118,-0.117683073887525,-0.201077921145965,0.972512567982524,-0.147078697689515,-0.18051914525056,6.16275758879198,6.13308699150807,-0.202458193231342,-0.18151424220741,0.898691900918453,-0.0296705972839044,0.020943951023932,5
0.847717633100106,-0.525607201230205,-0.0714974443326859,0.840674779456961,-0.535568901002928,-0.0801989243288589,5.72817060504539,5.71595330028143,-0.0715584993317675,-0.0802851455917391,0.899526857779015,-0.0122173047639604,-0.00872664625997165,23
0.6405705471424,-0.766113778637235,0.0523359562429438,0.628569068934688,-0.776218155913333,0.0488497697956133,5.40877535193043,5.39306738866248,0.0523598775598299,0.0488692190558412,0.899526857779015,-0.0157079632679489,-0.00349065850398866,26
0.203520073981055,-0.974195646244296,0.0975828997591495,-0.0242395231303811,-0.991818544937897,0.125333233564304,4.91833783212002,4.68795437085677,0.0977384381116825,0.125663706143592,0.900361814639577,-0.230383461263251,0.0279252680319093,89
0.235824974863567,-0.925178234448811,0.297374874077786,0.283611458134604,-0.910571558395747,0.300705799504273,4.96197106341988,5.01433094097971,0.301941960595019,0.305432619099008,0.900640133593098,0.0523598775598311,0.00349065850398861,67
-0.24821272466277,-0.946130631644904,-0.207911690817759,-0.227644095829713,-0.948205900021946,-0.221548497619467,4.45582558034152,4.47676953136546,-0.20943951023932,-0.223402144255274,0.901196771500139,0.0209439510239324,-0.0139626340159547,8
-0.353507683485745,-0.892858488489385,-0.278991106039229,-0.399611037363385,-0.876866391857058,-0.267238376078257,4.33539786195391,4.28478331364608,-0.282743338823081,-0.270526034059121,0.901196771500139,-0.050614548307836,0.0122173047639603,26
-0.1371343564152,-0.940021843878399,-0.312334918512233,-0.0904038854451132,-0.938880247934828,-0.332161131883703,4.56752665246916,4.616395871525,-0.317649923862968,-0.3385938748869,0.902031728360701,0.0488692190558426,-0.0209439510239319,24
-0.496360637354216,-0.794343066814775,-0.350207381259467,-0.488614812669571,-0.806798950981976,-0.332161131883703,4.1538836197465,4.16784625376246,-0.357792496658838,-0.3385938748869,0.902031728360701,0.0139626340159547,0.0191986217719377,8
-0.638469647233337,-0.752857566465255,0.159881187691835,-0.617460344938399,-0.767965786231523,0.170209499166033,4.00902129183097,4.03520123061089,0.160570291183478,0.171042266695444,0.902031728360701,0.0261799387799151,0.010471975511966,34
-0.876502171358621,-0.425606586830145,0.224951054343865,-0.883078916291552,-0.409911585248631,0.228350870110656,3.59363292985632,3.57617963733638,0.226892802759263,0.230383461263251,0.902310047314222,-0.0174532925199435,0.00349065850398866,2
-0.953848210807458,0.149368643684889,0.260504508642648,-0.967733549132936,0.0405600530633563,0.248689887164855,2.9862583501623,3.09970475154193,0.263544717051144,0.251327412287183,0.903423323128305,0.113446401379631,-0.0122173047639603,146
-0.863368831064814,0.478573157801423,0.159881187691835,-0.938207211335929,0.31209999945279,0.14953534344371,2.63544717051144,2.82045207122284,0.160570291183478,0.150098315671512,0.903423323128305,0.185004900711399,-0.010471975511966,42
-0.788566462190407,0.589923084055422,0.17364817766693,-0.828345453746295,0.529749018410083,0.182235525492147,2.49931148885588,2.57261531743964,0.174532925199433,0.183259571459405,0.903701642081826,0.0733038285837622,0.00872664625997166,2
-0.591484171743904,-0.790653211173365,-0.158158067254484,-0.595254679670481,-0.781383458536536,-0.187381314585725,4.07010781565078,4.06138116939081,-0.158824961931484,-0.188495559215388,0.904258279988867,-0.0087266462599711,-0.0296705972839036,84
-0.981070981184118,0.151877812182195,0.120136838834647,-0.981276696908377,0.117010161956383,0.152985836284038,2.98800367941429,3.02291026445418,0.120427718387609,0.153588974175501,0.904258279988867,0.0349065850398866,0.0331612557878922,80
-0.0345848149106816,0.99037951952504,0.133986185418292,-0.0415810797825083,0.992094508649954,0.118403968306501,1.60570291183478,1.61268422884276,0.134390352403563,0.118682389135614,0.904536598942388,0.00698131700797777,-0.015707963267949,8
0.263063851321418,0.899608213587349,0.348572047321815,0.161457629840209,0.92511050587684,0.343659694585616,1.28630765871982,1.39800873084746,0.356047167406843,0.35081117965086,0.904814917895909,0.111701072127637,-0.00523598775598294,6
0.677664518902459,0.716610136420325,-0.165047605860678,0.67996213720974,0.714030585535314,-0.166768746716102,0.813323431429358,0.809832772925369,-0.165806278939461,-0.167551608191456,0.905093236849429,-0.00349065850398844,-0.0017453292519943,8
0.465592365199645,0.871977014448167,0.151260820247219,0.412835898141959,0.897569617119692,0.154710386299468,1.08035880698449,1.1397000015523,0.151843644923507,0.155334303427495,0.906206512663512,0.0593411945678071,0.00349065850398866,49
0.949572427572667,0.069732240156661,0.305695304963106,0.944025175979989,0.0776129975175564,0.320612990585676,0.0733038285837618,0.0820304748437335,0.310668606854991,0.32637657012294,0.906206512663512,0.00872664625997155,0.015707963267949,1
0.974298512978009,-0.217781519897898,-0.0575640269595673,0.971051933558874,-0.222400581918476,-0.0871557427476582,6.0632738214283,6.05803783367232,-0.0575958653158129,-0.0872664625997165,0.906206512663512,-0.00523598775598177,-0.0296705972839036,57
0.38579577856257,-0.917771890290635,0.0941083133185143,0.407285454097362,-0.91049803642545,0.0714974443326859,5.1103240498394,5.13301333011532,0.0942477796076938,0.0715584993317675,0.906484831617033,0.0226892802759266,-0.0226892802759263,8
-0.3520489338881,-0.921925025776524,0.161603821103361,-0.374989346361274,-0.914318502499002,0.152985836284038,4.34761516671788,4.32318055718995,0.162315620435473,0.153588974175501,0.907319788477595,-0.0244346095279209,-0.00872664625997166,8
-0.376785766244318,-0.914150790305874,-0.14953534344371,-0.380270132390456,-0.913540318565257,-0.144356201000973,4.32143522793796,4.31794456943397,-0.150098315671512,-0.144862327915529,0.907319788477595,-0.00349065850398755,0.00523598775598297,139
-0.453309625601228,-0.859778209762799,-0.23514211310259,-0.361501541584438,-0.894747713065366,-0.262189178640865,4.22718744833027,4.32841654494594,-0.237364778271229,-0.265290046303138,0.907876426384637,0.101229096615672,-0.0279252680319093,49
0.831283895825137,-0.554397442066525,-0.0401317925325597,0.835011857959995,-0.548500269928894,-0.043619387365336,5.6950093492575,5.70199066626547,-0.0401425727958696,-0.0436332312998582,0.908433064291678,0.00698131700797688,-0.00349065850398866,22
-0.794421286345969,-0.577180849683071,0.189095442989891,-0.783153687988226,-0.590148633436468,0.195946144242518,3.76991118430775,3.78736447682769,0.190240888467382,0.197222205475359,0.908433064291678,0.0174532925199431,0.00698131700797733,78
0.371279064730022,-0.914350075790445,-0.161603821103361,0.357168555041201,-0.916089971857776,-0.182235525492147,5.09810674507544,5.08414411105948,-0.162315620435473,-0.183259571459405,0.908711383245199,-0.0139626340159547,-0.020943951023932,9
-0.499933724370823,0.815817691567106,0.290702193598252,-0.571302482486233,0.777734085731554,0.262189178640865,2.12057504117311,2.20435084526884,0.294960643587042,0.265290046303138,0.90898970219872,0.0837758040957279,-0.0296705972839036,29
-0.97024544199729,-0.18332977948443,0.158158067254484,-0.955182705228368,-0.252370156721603,0.154710386299468,3.32834288355319,3.39990138288495,0.158824961931484,0.155334303427495,0.90926802115224,0.0715584993317675,-0.00349065850398866,317
0.402034935927263,0.90724339911709,0.123601476740493,0.378065522612548,0.917255711988765,0.125333233564304,1.15366263556825,1.17984257434817,0.123918376891597,0.125663706143592,0.910102978012803,0.0261799387799151,0.00174532925199435,8
0.850583792962807,0.4851644298493,-0.202787295356512,0.865624622333607,0.462200503693794,-0.192521966525907,0.518362787842316,0.490437519810407,-0.204203522483337,-0.193731546971371,0.910381296966323,-0.0279252680319093,0.010471975511966,9
-0.0981769654609557,0.983606347941603,0.151260820247219,-0.15491205558001,0.978076225559713,0.139173100960065,1.67028009415857,1.72787595947439,0.151843644923507,0.139626340159546,0.911216253826886,0.0575958653158128,-0.0122173047639603,21
0.959178005419002,0.235596714892209,-0.156434465040231,0.95455371112284,0.250422478197157,-0.161603821103361,0.240855436775218,0.256563400043166,-0.15707963267949,-0.162315620435473,0.911216253826886,0.0157079632679489,-0.005235987755983,150
0.967772887493238,0.134289585435858,0.213030386274977,0.969445670599857,0.105315501982145,0.221548497619467,0.137881010907552,0.108210413623648,0.214675497995303,0.223402144255274,0.911216253826886,-0.0296705972839035,0.00872664625997163,53
0.983159832418245,0.0377691910002601,-0.17880221511635,0.978116017361927,0.0649663941918711,-0.197657340379126,0.0383972435438752,0.0663225115757845,-0.179768912955416,-0.198967534727354,0.911494572780406,0.0279252680319093,-0.0191986217719376,210
0.164383918908839,0.932267530745208,0.322265695230511,0.147630889847285,0.942751146872679,0.299040792256087,1.39626340159546,1.4154620233674,0.328121899374934,0.303687289847013,0.912329529640969,0.0191986217719373,-0.0244346095279206,10
0.601431859689037,0.783801259581825,0.154710386299468,0.565454252256634,0.801582500689135,0.194234351219972,0.916297857297023,0.956440430092892,0.155334303427495,0.195476876223365,0.912329529640969,0.0401425727958693,0.0401425727958696,9
0.975881176936215,-0.205650419360335,-0.0732381971276317,0.971657767301286,-0.227900271830287,-0.0627905195293134,6.07549112619226,6.05280184591633,-0.0733038285837618,-0.0628318530717959,0.912329529640969,-0.0226892802759266,0.010471975511966,23
-0.0944754907566161,-0.981165485848385,-0.168489379565003,-0.0704112374993889,-0.98228741620096,-0.17364817766693,4.616395871525,4.64083048105292,-0.16929693744345,-0.174532925199433,0.913442805455052,0.0244346095279191,-0.005235987755983,12
-0.237275166747989,-0.944632034223844,-0.226651307436855,-0.275934858212924,-0.931540469647569,-0.236838146065619,4.46629755585349,4.42440965380563,-0.228638132011257,-0.239110107523223,0.913442805455052,-0.041887902047864,-0.010471975511966,216
-0.331594642933434,-0.936394384975919,-0.114937150492867,-0.365301750748815,-0.922646902041848,-0.123601476740493,4.3720497762458,4.33539786195391,-0.115191730631626,-0.123918376891597,0.913442805455052,-0.0366519142918804,-0.00872664625997165,152
-0.669810398990541,-0.725866576962811,0.156434465040231,-0.599487558479369,-0.786939906215512,0.146083028562412,3.96713338978311,4.06138116939081,0.15707963267949,0.146607657167524,0.913999443362093,0.0942477796076941,-0.010471975511966,30
-0.783801259581825,-0.601431859689037,-0.154710386299468,-0.766827556669653,-0.625409294434147,-0.144356201000973,3.79609112308767,3.82576172037157,-0.155334303427495,-0.144862327915529,0.914556081269134,0.0296705972839035,0.010471975511966,11
0.14991467927243,-0.946524033328328,0.285688367404974,0.122766760710557,-0.945251697502946,0.302369890750444,4.86946861306418,4.84154334503227,0.289724655831059,0.307177948351002,0.915112719176176,-0.0279252680319102,0.0174532925199433,18
-0.765566086790635,-0.640112605677798,-0.064532308252958,-0.760350889730832,-0.647109329299022,-0.0558215049931638,3.83797902513553,3.8467056713955,-0.0645771823237902,-0.0558505360638185,0.915669357083217,0.00872664625997155,0.00872664625997165,7
-0.846082340106026,0.520513328549127,0.114937150492867,-0.885961595470734,0.451419980167027,0.106264071336233,2.59006860995959,2.67035375555132,0.115191730631626,0.106465084371654,0.916225994990259,0.080285145591739,-0.00872664625997166,21
-0.210007803240508,0.971324559419187,0.111468932206325,-0.220453066572792,0.970327796545844,0.099319749743639,1.7837264955382,1.79419847105017,0.111701072127637,0.0994837673636768,0.9167826328973,0.0104719755119662,-0.0122173047639603,5
-0.0216727188563299,0.955032482377705,0.295708050044047,-0.0200058405650516,0.955068853791408,0.295708050044047,1.59348560707082,1.59174027781883,0.300196631343025,0.300196631343025,0.9167826328973,-0.00174532925199422,0,44
0.248248677150706,0.901261138373441,0.355106962408137,0.264070789137154,0.891488043686053,0.368124552684678,1.30201562198777,1.28281700021583,0.363028484414821,0.376991118430775,0.917060951850821,-0.0191986217719373,0.0139626340159547,40
-0.161132847615256,0.973324630057848,0.163325962241622,-0.19837787931641,0.966421671453911,0.163325962241622,1.73485727648236,1.77325452002624,0.164060949687467,0.164060949687467,0.917339270804342,0.0383972435438746,0,149
-0.928270987896815,0.115622263618651,-0.353474843779257,-0.928999767209964,0.10420401994692,-0.355106962408137,3.0176742766982,3.02989158146216,-0.361283155162826,-0.363028484414821,0.917617589757863,0.01221730476396,-0.00174532925199439,30
-0.261612747418141,0.962894875110519,0.0662739004000001,-0.299737189575158,0.950644912531529,0.0801989243288589,1.83608637309803,1.8762289458939,0.0663225115757845,0.0802851455917391,0.918452546618425,0.0401425727958697,0.0139626340159546,57
0.983073705603157,0.0188759794521712,0.182235525492147,0.986695435313085,0.0638067315688046,0.14953534344371,0.0191986217719376,0.0645771823237902,0.183259571459405,0.150098315671512,0.918452546618425,0.0453785605518524,-0.0331612557878923,90
0.25721318373242,0.93380657426266,-0.248689887164855,0.237168918065046,0.937282438252454,-0.255445757935791,1.30201562198777,1.3229595730117,-0.251327412287183,-0.258308729295161,0.919009184525466,0.020943951023932,-0.00698131700797733,84
0.904608964024321,-0.38771589721443,0.177084740319583,0.883172340264632,-0.426942190697581,0.194234351219972,5.8782689207169,5.83289036016505,0.178023583703422,0.195476876223365,0.919009184525466,-0.0453785605518524,0.0174532925199433,88
0.30732416694678,0.945846529188203,0.104528463267653,0.35302992899133,0.92935784733517,0.107999355706023,1.25663706143592,1.20776784238008,0.10471975511966,0.108210413623648,0.919287503478987,-0.0488692190558409,0.00349065850398866,215
0.416414134436037,-0.901202756651745,0.120136838834647,0.40343981586461,-0.906140662489061,0.12706460860135,5.14523063487928,5.13126800086333,0.120427718387609,0.127409035395586,0.919565822432508,-0.0139626340159547,0.00698131700797729,37
-0.26464578135133,-0.935238363765405,-0.23514211310259,-0.264533634405012,-0.934842044859278,-0.236838146065619,4.43662695856959,4.43662695856959,-0.237364778271229,-0.239110107523223,0.919844141386028,0,-0.0017453292519943,16
-0.359803781316445,-0.922848977739603,-0.137444546037147,-0.358363873555454,-0.923917223698847,-0.133986185418292,4.3406338497099,4.34237917896189,-0.137881010907552,-0.134390352403563,0.920122460339549,0.00174532925199422,0.00349065850398869,9
-0.945127805916308,-0.319908112759893,-0.0662739004000001,-0.941833710125049,-0.32982547455227,-0.064532308252958,3.46796922371273,3.4784411992247,-0.0663225115757845,-0.0645771823237902,0.92040077929307,0.0104719755119662,0.00174532925199432,8
0.282504272287598,-0.935699292797821,-0.211324796455389,0.336519412029545,-0.919582512974926,-0.202787295356512,5.00560429471974,5.06320016003555,-0.212930168743308,-0.204203522483337,0.920957417200111,0.0575958653158128,0.0087266462599716,70
0.20219677615749,-0.967861376836936,-0.14953534344371,0.207261691657057,-0.966789414625867,-0.14953534344371,4.91833783212002,4.923573819876,-0.150098315671512,-0.150098315671512,0.920957417200111,0.00523598775598266,0,26
0.0119181063381989,-0.975461739471601,-0.219846204352837,0.0204219872268509,-0.97493548793767,-0.221548497619467,4.72460628514865,4.73333293140862,-0.22165681500328,-0.223402144255274,0.921235736153632,0.0087266462599711,-0.00174532925199436,55
-0.693369441443811,-0.715501758847343,-0.0854169231373675,-0.621505546489507,-0.778546551073783,-0.0871557427476582,3.94269878025519,4.03869188911488,-0.0855211333477222,-0.0872664625997165,0.921514055107153,0.0959931088596879,-0.00174532925199432,59
-0.815870743506337,-0.567044938504026,0.113203213767907,-0.778180572053321,-0.6167783212533,0.118403968306501,3.74896723328382,3.81179908635562,0.113446401379631,0.118682389135614,0.921792374060673,0.062831853071796,0.005235987755983,146
-0.692579593354181,-0.636859582841659,-0.338737920245291,-0.680930203224685,-0.648441069128992,-0.34037955021305,3.88510291493938,3.90255620745932,-0.345575191894877,-0.347320521146872,0.922070693014194,0.0174532925199431,-0.00174532925199433,35
-0.209003576016108,0.966679824551023,0.147809411129611,-0.187345901785226,0.97287347403612,0.135715572434304,1.7837264955382,1.76103721526228,0.148352986419518,0.136135681655558,0.922349011967715,-0.0226892802759262,-0.0122173047639603,8
0.225783379939547,0.96263235266858,0.14953534344371,0.353968628291399,0.917331141646301,0.182235525492147,1.34041286553164,1.20253185462409,0.150098315671512,0.183259571459405,0.922905649874756,-0.137881010907551,0.0331612557878923,91
0.139280006414113,0.97863233344879,0.151260820247219,0.0448529439761592,0.987738525358732,0.14953534344371,1.42942465738336,1.52541776624304,0.151843644923507,0.150098315671512,0.923183968828277,0.0959931088596884,-0.00174532925199433,62
0.193550576386071,0.959903894784582,-0.202787295356512,0.0906734795885745,0.977430430968207,-0.190808995376545,1.37182879206754,1.4782938764392,-0.204203522483337,-0.191986217719376,0.923462287781798,0.106465084371654,0.0122173047639603,80
-0.166439666689155,0.984050399120717,0.0627905195293134,-0.11638653304761,0.990751335752793,0.0697564737441253,1.73834793498635,1.68773338667852,0.0628318530717959,0.0698131700797732,0.924018925688839,-0.0506145483078355,0.00698131700797731,122
0.951146604381016,-0.145545882957874,0.272280247040574,0.952116437855652,-0.162748243177258,0.258819045102521,6.13134166225608,6.11388836973614,0.275762021815104,0.261799387799149,0.92429724464236,-0.0174532925199431,-0.0139626340159547,23
0.496380642373205,-0.866729460597758,0.0488497697956133,0.563522615744037,-0.826093261622255,0.00349065141522373,5.232497097479,5.31103691381874,0.0488692190558412,0.00349065850398866,0.924853882549402,0.0785398163397444,-0.0453785605518526,315
0.236883909618053,-0.943074374298363,0.233445363855905,0.211846379650786,-0.947746221857129,0.238533457578581,4.95848040491589,4.93230046613598,0.235619449019234,0.240855436775218,0.925410520456443,-0.0261799387799142,0.00523598775598302,11
-0.605186575927558,-0.731544903551816,-0.313992455967405,-0.62383725779705,-0.705119750491314,-0.337095258423082,4.02123859659494,3.98807734080704,-0.319395253114962,-0.343829862642883,0.925688839409964,-0.0331612557878929,-0.0244346095279206,21
0.14989693164008,-0.979580834848224,-0.133986185418292,0.180838132163203,-0.975715247858356,-0.123601476740493,4.8642326253082,4.89564855184409,-0.134390352403563,-0.123918376891597,0.926523796270526,0.0314159265358978,0.010471975511966,67
0.10549443700236,-0.98713629439727,-0.120136838834647,0.0310154171942701,-0.986926577643237,-0.158158067254484,4.81885406475634,4.74380490692059,-0.120427718387609,-0.158824961931484,0.926523796270526,-0.0750491578357568,-0.0383972435438752,47
-0.763036646157096,-0.635738166013359,0.116670737099333,-0.77499186806764,-0.616456366986495,0.139173100960065,3.83623369588354,3.81354441560761,0.11693705988362,0.139626340159546,0.926523796270526,-0.0226892802759271,0.0226892802759263,8
-0.9053007372351,-0.369446387514779,0.209618562903822,-0.897597645930144,-0.394017819159127,0.197657340379126,3.52905574753253,3.55523568631245,0.211184839491314,0.198967534727354,0.926802115224047,0.0261799387799146,-0.0122173047639603,3
-0.453954812439683,-0.832612024466677,-0.317304656405092,-0.4322556347007,-0.844701575554267,-0.315649036947102,4.21322481431431,4.23940475309423,-0.322885911618951,-0.321140582366957,0.927358753131088,0.0261799387799151,0.00174532925199439,28
-0.431697021790581,0.877324192908915,0.209618562903822,-0.446774779152394,0.86932969989321,0.211324796455389,2.02807259081741,2.04552588333735,0.211184839491314,0.212930168743308,0.927637072084609,0.0174532925199431,0.00174532925199428,119
-0.223718748931152,0.969032363620319,0.104528463267653,-0.257155318926954,0.959716715671971,0.113203213767907,1.79768912955416,1.83259571459405,0.10471975511966,0.113446401379631,0.92819370999165,0.0349065850398871,0.00872664625997165,264
-0.716556855542441,-0.696821093961187,-0.0314107590781283,-0.717810221740225,-0.695606497617103,-0.0296662440851108,3.91302818297129,3.91128285371929,-0.0314159265358979,-0.0296705972839036,0.928472028945171,-0.00174532925199467,0.00174532925199433,45
0.0588256623601647,0.99014853768961,0.12706460860135,0.00346157834640916,0.99166512078301,0.128795596577563,1.51145513222709,1.56730566829091,0.127409035395586,0.12915436464758,0.929028666852213,0.0558505360638186,0.00174532925199436,32
-0.78548252525143,0.600546737220183,0.14953534344371,-0.823296068398849,0.55114867972066,0.135715572434304,2.48883951334391,2.55167136641571,0.150098315671512,0.136135681655558,0.929306985805733,0.062831853071796,-0.0139626340159546,54
0.731103084971592,0.681764656257794,0.0261769483078731,0.609007120178669,0.790811863462066,0.0610485395348569,0.750491578357562,0.914552528045029,0.0261799387799149,0.0610865238198015,0.929585304759254,0.164060949687467,0.0349065850398866,3
0.242704390635006,-0.952167257732461,-0.185666615385577,0.29959657963609,-0.938760148208265,-0.170209499166033,4.96197106341988,5.02131225798769,-0.186750229963393,-0.171042266695444,0.930141942666296,0.0593411945678071,0.0157079632679489,66
0.423654230133907,-0.892213736409177,-0.156434465040231,0.439401103460119,-0.885167783064038,-0.152985836284038,5.15570261039125,5.17315590291119,-0.15707963267949,-0.153588974175501,0.930420261619816,0.0174532925199431,0.00349065850398866,21
0.187477705261532,-0.973557919784131,0.130526192220052,0.212748561663696,-0.967635950607902,0.135715572434304,4.90262986885207,4.92880980763199,0.130899693899575,0.136135681655558,0.930698580573337,0.0261799387799151,0.005235987755983,14
-0.966073964969968,-0.200064300326305,0.163325962241622,-0.959518931632269,-0.189989864625903,0.207911690817759,3.34579617607313,3.33706952981316,0.164060949687467,0.20943951023932,0.931255218480379,-0.00872664625997155,0.0453785605518525,13
-0.796858725491796,0.467514237431188,-0.38268343236509,-0.796054636790793,0.446725027694448,-0.408330460381385,2.61101256098352,2.63021118275545,-0.392699081698724,-0.420624349730633,0.932368494294461,0.0191986217719373,-0.0279252680319093,14
-0.991177797801023,0.132251354339038,-0.00872653549837393,-0.995860129615668,0.0906303715457323,-0.00698126029796155,3.00894763043822,3.05083553248609,-0.00872664625997165,-0.00698131700797732,0.932925132201503,0.041887902047864,0.00174532925199433,46
-0.993304100932679,0.0991449298935218,-0.0593063735759616,-0.993844140961565,0.0956963063898894,-0.0558215049931638,3.04210888622612,3.04559954473011,-0.0593411945678072,-0.0558505360638185,0.933203451155024,0.00349065850398889,0.00349065850398866,47
-0.84894920582874,0.526370808674162,-0.0471064507096427,-0.850636176163802,0.523314867184011,-0.0505929400767133,2.5865779514556,2.59006860995959,-0.0471238898038469,-0.0506145483078356,0.933481770108544,0.00349065850398889,-0.00349065850398866,57
0.96550049261402,0.177202500110687,-0.190808995376545,0.960203688730872,0.188384474075064,-0.20620418539663,0.18151424220741,0.193731546971371,-0.191986217719376,-0.207694180987325,0.933760089062065,0.0122173047639604,-0.015707963267949,95
0.950955307157597,0.0348699481425472,0.307356617799807,0.932119327199111,-0.0195251165123025,0.361624570082092,0.0366519142918809,6.26224135615565,0.312413936106985,0.370009801422798,0.934038408015586,-0.0575958653158128,0.0575958653158129,8
0.814656082260789,-0.533096002381568,-0.228350870110656,0.826878020651122,-0.51468623820853,-0.226651307436855,5.70373599551747,5.7264252757934,-0.230383461263251,-0.228638132011257,0.934316726969107,0.0226892802759258,0.00174532925199433,8
0.129171149996677,0.968092740017706,0.214735327167063,0.16397030447998,0.959265790940356,0.230049737188104,1.43815130364333,1.40149938935145,0.216420827247297,0.232128790515246,0.934873364876148,-0.0366519142918813,0.015707963267949,33
-0.901506908940588,0.420379575518637,-0.102792536787247,-0.913584639998754,0.39156287685086,-0.109734311091045,2.70526034059121,2.73667626712711,-0.102974425867665,-0.109955742875643,0.935151683829669,0.0314159265358982,-0.0069813170079773,5
0.929737846062159,0.327412379994246,-0.168489379565003,0.929850082065464,0.338437752201814,-0.144356201000973,0.3385938748869,0.349065850398866,-0.16929693744345,-0.144862327915529,0.93570832173671,0.0104719755119662,0.0244346095279206,56
0.95519257529368,0.194336125835944,-0.223250116010951,0.960005706909086,0.179660184705573,-0.214735327167063,0.200712863979348,0.185004900711399,-0.225147473507269,-0.216420827247297,0.93570832173671,-0.0157079632679489,0.00872664625997166,33
-0.496057350657239,-0.859196534806348,-0.125333233564304,-0.463710584577912,-0.875796891903292,-0.133986185418292,4.18879020478639,4.22544211907827,-0.125663706143592,-0.134390352403563,0.936543278597272,0.0366519142918813,-0.00872664625997163,29
-0.996207333452502,-0.0731568935712594,-0.0471064507096427,-0.99218681494951,-0.114799931320811,-0.0488497697956133,3.21489648217355,3.25678438422142,-0.0471238898038469,-0.0488692190558412,0.936543278597272,0.0418879020478644,-0.00174532925199433,10
-0.294260106921107,-0.944760433500126,0.144356201000973,-0.259700862602456,-0.955857969955884,0.137444546037147,4.41044701978967,4.44709893408155,0.144862327915529,0.137881010907552,0.936821597550793,0.0366519142918822,-0.0069813170079773,27
-0.715334456947798,-0.695632363270262,-0.0662739004000001,-0.632870617902146,-0.773216800272912,-0.0401317925325597,3.91302818297129,4.02647458435092,-0.0663225115757845,-0.0401425727958696,0.937378235457835,0.113446401379631,0.0261799387799149,43
-0.93477033638429,-0.156426906982463,-0.31895930929807,-0.92128499576235,-0.212695400482776,-0.325568154457157,3.30739893252925,3.36848545634906,-0.324631240870945,-0.331612557878923,0.937378235457835,0.0610865238198017,-0.00698131700797733,101
0.314675996308735,0.945950943571956,0.0784590957278449,0.417637337145436,0.908008694213934,0.0331551783885263,1.24965574442794,1.1397000015523,0.0785398163397448,0.0331612557878923,0.937934873364876,-0.109955742875643,-0.0453785605518526,26
-0.351506773117147,0.935168614474761,0.043619387365336,-0.336633281087015,0.940180292150781,0.0523359562429438,1.93033415270573,1.91462618943778,0.0436332312998582,0.0523598775598299,0.938491511271918,-0.0157079632679489,0.00872664625997165,12
0.439751245622661,-0.885873139876605,-0.147809411129611,0.497752908417611,-0.851802014683962,-0.163325962241622,5.17315590291119,5.24122374373897,-0.148352986419518,-0.164060949687467,0.939883106039521,0.0680678408277791,-0.015707963267949,22
-0.00173079180935063,-0.99166965198192,0.128795596577563,0.0743874971702415,-0.989322030902508,0.125333233564304,4.7106436511327,4.78743813822045,0.12915436464758,0.125663706143592,0.940161424993042,0.0767944870877502,-0.00349065850398866,35
-0.943748504735938,-0.319441245067738,-0.0854169231373675,-0.89239005963202,-0.450778655793936,-0.020942419883357,3.46796922371273,3.60934089312427,-0.0855211333477222,-0.020943951023932,0.940439743946563,0.14137166941154,0.0645771823237902,8
-0.436608569260712,-0.875701313903906,-0.20620418539663,-0.425561673082281,-0.880316602416168,-0.209618562903822,4.24987672860619,4.26209403337015,-0.207694180987325,-0.211184839491314,0.940996381853604,0.0122173047639604,-0.00349065850398869,11
-0.958701371763156,-0.0821897003946828,0.272280247040574,-0.962625794440146,-0.114786176483869,0.245307385878803,3.22711378693752,3.26027504272541,0.275762021815104,0.247836753783195,0.940996381853604,0.0331612557878929,-0.0279252680319093,51
-0.97344049081913,-0.0322923469412744,0.226651307436855,-0.974815194976741,-0.0255264342401122,0.221548497619467,3.17475390937769,3.16777259236971,0.228638132011257,0.223402144255274,0.941274700807125,-0.00698131700797777,-0.00523598775598297,17
-0.221278766459114,-0.950888847885313,-0.216439613938103,-0.281510024003395,-0.932406183603891,-0.226651307436855,4.48375084837343,4.41917366604964,-0.218166156499291,-0.228638132011257,0.941553019760646,-0.0645771823237906,-0.010471975511966,16
0.12654166132233,0.987812200449295,0.0906325801977802,0.124797396163315,0.987873111530845,0.0923705874465616,1.44338729139931,1.4451326206513,0.0907571211037051,0.0925024503556995,0.942109657667687,0.00174532925199422,0.00174532925199432,8
0.376873810227456,0.923501081005612,0.0714974443326859,0.367088331222744,0.927159289228989,0.0749787268263277,1.18333323285216,1.19380520836412,0.0715584993317675,0.0750491578357562,0.942387976621208,0.0104719755119662,0.00349065850398866,17
-0.571684949934619,0.819491157515672,-0.0401317925325597,-0.510390515633464,0.859595596907129,-0.0244321781526532,2.17991623574092,2.10661240715716,-0.0401425727958696,-0.0244346095279206,0.942944614528249,-0.0733038285837617,0.015707963267949,87
-0.304228213628278,0.936318164627988,-0.175366726091987,-0.296837599808435,0.941448588698404,-0.159881187691835,1.88495559215388,1.8762289458939,-0.176278254451427,-0.160570291183478,0.94322293348177,-0.00872664625997199,0.015707963267949,18
0.522668482444745,-0.83320495417209,-0.18051914525056,0.543042541730679,-0.820447783676798,-0.17880221511635,5.27263967027487,5.29707427980279,-0.18151424220741,-0.179768912955416,0.943501252435291,0.02443460952792,0.00174532925199433,8
-0.644069990383978,-0.748800444467255,-0.156434465040231,-0.599015829139629,-0.786320672943489,-0.151260820247219,4.002039974823,4.06138116939081,-0.15707963267949,-0.151843644923507,0.943779571388812,0.059341194567808,0.005235987755983,31
-0.682185447687522,-0.723917612262762,-0.102792536787247,-0.68056873750426,-0.727271611928087,-0.0888942968664415,3.95666141427114,3.96015207277513,-0.102974425867665,-0.0890117918517108,0.944057890342332,0.00349065850398889,0.0139626340159546,5
-0.844701575554267,-0.4322556347007,-0.315649036947102,-0.848629538565829,-0.430534337501913,-0.307356617799807,3.61457688088026,3.61108622237627,-0.321140582366957,-0.312413936106985,0.944336209295853,-0.00349065850398844,0.00872664625997166,9
-0.735504083710109,0.67633067509457,-0.0401317925325597,-0.73437290166228,0.677659809504432,-0.0383878090875199,2.39808239224021,2.39633706298821,-0.0401425727958696,-0.0383972435438752,0.944892847202895,-0.00174532925199422,0.00174532925199433,160
-0.977042249731889,-0.17227890991983,-0.125333233564304,-0.972885386916405,-0.199704689552385,-0.116670737099333,3.31612557878923,3.34405084682113,-0.125663706143592,-0.11693705988362,0.945171166156415,0.0279252680319084,0.00872664625997165,11
-0.946927525798753,-0.0231424102539152,-0.320612990585676,-0.934481056485435,-0.0424345364661167,-0.353474843779257,3.16602726311771,3.18697121414165,-0.32637657012294,-0.361283155162826,0.946006123016978,0.020943951023932,-0.0349065850398865,68
-0.974693700353037,0.152632960234516,0.163325962241622,-0.975242139420704,0.130125083545082,0.17880221511635,2.9862583501623,3.00894763043822,0.164060949687467,0.179768912955416,0.946006123016978,0.0226892802759266,0.015707963267949,41
-0.971408567209731,0.192344075865873,-0.139173100960065,-0.977889653522878,0.149638144531862,-0.146083028562412,2.94611577736643,2.98974900866629,-0.139626340159546,-0.146607657167524,0.946006123016978,0.0436332312998582,-0.00698131700797733,14
0.978642911017829,0.0427284722657695,0.201077921145965,0.969857758598553,0.124241644275694,0.209618562903822,0.0436332312998582,0.127409035395586,0.202458193231342,0.211184839491314,0.94711939883106,0.0837758040957279,0.00872664625997166,10
0.742218812493485,-0.652055159286261,-0.154710386299468,0.749075934923523,-0.642035726246055,-0.163325962241622,5.56236432610593,5.57458163086989,-0.155334303427495,-0.164060949687467,0.947397717784581,0.0122173047639604,-0.00872664625997166,8
0.493514655437947,0.858248290243818,-0.140901231937583,0.429116847863417,0.891638950535659,-0.144356201000973,1.04894288044859,1.12224670903235,-0.141371669411541,-0.144862327915529,0.947676036738102,0.0733038285837617,-0.00349065850398866,13
0.664662202656173,-0.727897991022125,-0.168489379565003,0.647022258863943,-0.739087572266458,-0.187381314585725,5.45240858323029,5.43146463220635,-0.16929693744345,-0.188495559215388,0.947954355691623,-0.0209439510239324,-0.0191986217719377,48
0.641632055143457,0.743337890365371,-0.189095442989891,0.612390087364299,0.778208987912056,-0.139173100960065,0.85870199198121,0.904080552533063,-0.190240888467382,-0.139626340159546,0.948510993598664,0.0453785605518524,0.0506145483078355,14
-0.0330134299941712,-0.995177264619122,-0.0923705874465616,0.0920858397525892,-0.992655211246397,-0.0784590957278449,4.6792277245968,4.80489143074039,-0.0925024503556995,-0.0785398163397448,0.948510993598664,0.125663706143592,0.0139626340159546,11
-0.104234229600731,-0.991722449026463,-0.0749787268263277,-0.0747475924344071,-0.994111144552172,-0.0784590957278449,4.60766922526503,4.63733982254893,-0.0750491578357562,-0.0785398163397448,0.948789312552185,0.0296705972839044,-0.00349065850398866,15
-0.00520230630023979,-0.993558236039426,0.113203213767907,0.0138856940543602,-0.994424953361254,0.104528463267653,4.70715299262871,4.72635161440064,0.113446401379631,0.10471975511966,0.949345950459226,0.0191986217719382,-0.00872664625997165,39
-0.81275642436157,-0.503930333415758,0.292371704722737,-0.768706231033156,-0.577160964072427,0.275637355816999,3.69660735572399,3.7856191475757,0.296705972839036,0.279252680319093,0.949345950459226,0.089011791851711,-0.0174532925199433,28
-0.928444030104445,0.123880882604229,-0.350207381259467,-0.917875747062526,0.163498572676801,-0.361624570082092,3.00894763043822,2.96531439913837,-0.357792496658838,-0.370009801422798,0.949624269412747,-0.0436332312998586,-0.0122173047639603,66
-0.780808084119782,-0.546727706395752,-0.302369890750444,-0.781555985876181,-0.535142552231477,-0.320612990585676,3.75245789178781,3.74198591627584,-0.307177948351002,-0.32637657012294,0.949902588366268,-0.0104719755119653,-0.0191986217719377,64
-0.712017272585007,0.666293979218757,0.221548497619467,-0.730859767843472,0.651172300185524,0.20449605184179,2.38935574598024,2.41379035550816,0.223402144255274,0.205948851735331,0.950180907319788,0.0244346095279209,-0.0174532925199433,4
-0.271313713306376,0.915939745895467,0.295708050044047,-0.289152623762349,0.906034909569617,0.309016994374947,1.85877565337396,1.87971960439789,0.300196631343025,0.314159265358979,0.95073754522683,0.020943951023932,0.0139626340159547,27
0.280895681350383,0.94828792788911,-0.147809411129611,0.30749472049235,0.93525050561286,-0.175366726091987,1.28281700021583,1.25314640293193,-0.148352986419518,-0.176278254451427,0.951015864180351,-0.0296705972839035,-0.0279252680319093,4
0.486671589919905,0.84634783457108,0.216439613938103,0.377891607115002,0.894594725497333,0.238533457578581,1.04894288044859,1.1711159280882,0.218166156499291,0.240855436775218,0.951294183133871,0.122173047639603,0.0226892802759263,6
0.826409861878938,0.542849814636062,-0.14953534344371,0.676803762003082,0.718206706139164,-0.161603821103361,0.581194640914112,0.815068760681352,-0.150098315671512,-0.162315620435473,0.951850821040913,0.23387411976724,-0.0122173047639603,16
0.239313902248809,0.967022612298467,-0.0871557427476582,0.258617763560712,0.958480042737288,-0.120136838834647,1.32819556076768,1.30725160974375,-0.0872664625997165,-0.120427718387609,0.952129139994434,-0.0209439510239315,-0.0331612557878923,222
0.150100942882072,-0.98091405428482,0.123601476740493,0.322632571429207,-0.936993023437225,0.133986185418292,4.8642326253082,5.04400153826361,0.123918376891597,0.134390352403563,0.952964096854996,0.179768912955415,0.010471975511966,8
-0.703708392722061,-0.686720256917717,0.182235525492147,-0.702780715473919,-0.68581497460935,0.189095442989891,3.91477351222328,3.91477351222328,0.183259571459405,0.190240888467382,0.953242415808517,0,0.0069813170079773,13
-0.759793378839139,-0.648924849809536,-0.0401317925325597,-0.751516628832245,-0.657903075368654,-0.0488497697956133,3.8484510006475,3.86066830541146,-0.0401425727958696,-0.0488692190558412,0.953520734762037,0.01221730476396,-0.00872664625997165,629
0.110916246053263,-0.95862110396396,-0.262189178640865,0.181265575256411,-0.959320949810483,-0.216439613938103,4.82758071101632,4.89913921034808,-0.265290046303138,-0.218166156499291,0.953799053715558,0.0715584993317666,0.0471238898038469,48
-0.807293616920767,-0.554837530910268,0.201077921145965,-0.799770572190805,-0.557927679058988,0.221548497619467,3.74373124552784,3.75071256253581,0.202458193231342,0.223402144255274,0.954077372669079,0.00698131700797777,0.020943951023932,17
-0.404778920833328,-0.884113842976791,-0.233445363855905,-0.425899101895287,-0.873222564741079,-0.236838146065619,4.28303798439408,4.25860337486616,-0.235619449019234,-0.239110107523223,0.954912329529641,-0.0244346095279209,-0.00349065850398864,34
-0.958096459050309,-0.256721172473648,-0.12706460860135,-0.969642448870853,-0.231001415329493,-0.0801989243288589,3.40339204138894,3.37546677335703,-0.127409035395586,-0.0802851455917391,0.954912329529641,-0.0279252680319089,0.0471238898038469,42
-0.96871412130211,-0.0473780246778673,0.243615011786023,-0.968594981613409,-0.0405961577815915,0.245307385878803,3.19046187264563,3.18348055563766,0.2460914245312,0.247836753783195,0.954912329529641,-0.00698131700797733,0.0017453292519943,14
0.267720889135371,0.946105564284011,-0.182235525492147,0.231053649340911,0.955061316909816,-0.185666615385577,1.29503430497979,1.33343154852367,-0.183259571459405,-0.186750229963393,0.955468967436682,0.0383972435438755,-0.00349065850398864,77
0.929552438201016,-0.334659470216541,-0.154710386299468,0.961904475011467,-0.209729092718897,-0.175366726091987,5.93761011528471,6.06850980918428,-0.155334303427495,-0.176278254451427,0.956025605343724,0.130899693899575,-0.020943951023932,94
0.335543338721937,-0.937136201180579,0.095845752520224,0.325484565925678,-0.939943344954905,0.102792536787247,5.05621884302757,5.04574686751561,0.0959931088596881,0.102974425867665,0.956582243250765,-0.0104719755119653,0.00698131700797733,22
0.402792603028785,-0.913253083633423,0.0610485395348569,0.461930586912078,-0.88359171770583,0.0767190281268186,5.12777734235934,5.19409985393512,0.0610865238198015,0.0767944870877505,0.957138881157807,0.0663225115757848,0.015707963267949,77
0.936210587715723,0.275541760323169,0.218143241396543,0.935558747006989,0.266500919557091,0.231747903494157,0.28623399732707,0.277507351067098,0.219911485751285,0.23387411976724,0.957417200111328,-0.00872664625997155,0.0139626340159547,68
-0.704746456109145,-0.694974402313948,0.142628933705512,-0.709569883153144,-0.692440245845494,0.130526192220052,3.92000949997926,3.91477351222328,0.143116998663535,0.130899693899575,0.95825215697189,-0.00523598775598222,-0.0122173047639603,54
-0.720836382598777,-0.688846209429352,-0.0767190281268186,-0.723236513012672,-0.686325824203451,-0.0767190281268186,3.90430153671132,3.90081087820733,-0.0767944870877505,-0.0767944870877505,0.95825215697189,-0.00349065850398844,0,14
-0.845345709549786,-0.518028517062819,-0.130526192220052,-0.802278823199478,-0.582889684372515,-0.128795596577563,3.69137136796801,3.76991118430775,-0.130899693899575,-0.12915436464758,0.95825215697189,0.0785398163397448,0.0017453292519943,16
-0.96260529149753,-0.155908036943299,0.221548497619467,-0.962968262345658,-0.131910243577337,0.23514211310259,3.30216294477327,3.27772833524535,0.223402144255274,0.237364778271229,0.958808794878931,-0.02443460952792,0.0139626340159546,30
-0.965924945033539,-0.228334981332151,-0.121869343405147,-0.970336805171057,-0.209794243212832,-0.120136838834647,3.37372144410504,3.3545228223331,-0.122173047639603,-0.120427718387609,0.959365432785973,-0.0191986217719382,0.00174532925199432,43
-0.930674838319717,-0.336899588287961,-0.142628933705512,-0.909948768904476,-0.391885852472449,-0.135715572434304,3.48891317473666,3.54825436930447,-0.143116998663535,-0.136135681655558,0.959643751739493,0.0593411945678075,0.0069813170079773,123
-0.807873043141072,0.528657305958062,0.260504508642648,-0.855597800371595,0.464551702309867,0.228350870110656,2.56214334192768,2.64417381677141,0.263544717051144,0.230383461263251,0.960200389646535,0.0820304748437333,-0.0331612557878923,43
0.224938776643251,0.951557988169073,-0.209618562903822,0.169790277216405,0.962928512325247,-0.209618562903822,1.33866753627965,1.39626340159546,-0.211184839491314,-0.211184839491314,0.960200389646535,0.0575958653158128,0,49
0.896411334380133,0.408518180834026,0.17192910027941,0.884384519027812,0.43325550532786,0.17364817766693,0.427605666738611,0.45553093477052,0.172787595947439,0.174532925199433,0.960757027553576,0.0279252680319093,0.00174532925199433,323
0.926582864226278,0.292150454886565,0.236838146065619,0.946102309744459,0.264156511258621,0.187381314585725,0.305432619099008,0.272271363311115,0.239110107523223,0.188495559215388,0.960757027553576,-0.0331612557878924,-0.0506145483078355,13
0.966421977047486,0.221340180320165,0.130526192220052,0.959376947811242,0.25527046825515,0.120136838834647,0.225147473507269,0.260054058547155,0.130899693899575,0.120427718387609,0.961591984414139,0.0349065850398866,-0.010471975511966,35
0.973628866504412,-0.0544343045504488,-0.221548497619467,0.966134485290512,-0.175576392982924,-0.189095442989891,6.22733477111577,6.10341639422417,-0.223402144255274,-0.190240888467382,0.961591984414139,-0.123918376891598,0.0331612557878923,140
0.194489750115218,0.915002334376995,-0.353474843779257,0.190068879635432,0.91780790409541,-0.348572047321815,1.36135681655558,1.36659280431156,-0.361283155162826,-0.356047167406843,0.962426941274701,0.00523598775598266,0.00523598775598294,6
0.467006461660528,-0.882021720494769,-0.0627905195293134,0.476053793619699,-0.876782017274542,-0.0680152906652482,5.19933584169111,5.20980781720307,-0.0628318530717959,-0.0680678408277788,0.962983579181742,0.0104719755119671,-0.00523598775598298,34
0.43471149321494,-0.899243914440211,0.0488497697956133,0.426316841110912,-0.901880250008835,0.0697564737441253,5.16268392739923,5.15395728113926,0.0488692190558412,0.0698131700797732,0.962983579181742,-0.0087266462599711,0.020943951023932,17
-0.16179141046555,-0.966827345131393,-0.197657340379126,-0.181335436259225,-0.959690678720561,-0.214735327167063,4.54658270144523,4.5256387504213,-0.198967534727354,-0.216420827247297,0.963540217088784,-0.0209439510239315,-0.0174532925199433,14
0.445475012295356,-0.885728472256022,0.130526192220052,0.470349881915496,-0.873534526590904,0.125333233564304,5.17839189066718,5.20631715869909,0.130899693899575,0.125663706143592,0.963818536042304,0.0279252680319102,-0.00523598775598297,25
-0.650660416037397,-0.751142929245043,-0.111468932206325,-0.663670568998166,-0.73967293650534,-0.111468932206325,3.99854931631901,3.98109602379907,-0.111701072127637,-0.111701072127637,0.964931811856387,-0.0174532925199431,0,7
-0.991318186075612,-0.0606316176632094,-0.116670737099333,-0.988447058594978,-0.0708527661562384,-0.133986185418292,3.20267917740959,3.21315115292156,-0.11693705988362,-0.134390352403563,0.964931811856387,0.0104719755119662,-0.0174532925199433,31
-0.964098012599721,-0.0420934282863262,0.262189178640865,-0.942921056782336,-0.198704632627269,0.267238376078257,3.18522588488965,3.34928683457712,0.265290046303138,0.270526034059121,0.964931811856387,0.164060949687467,0.005235987755983,4
0.901191102746522,0.395595236417798,0.177084740319583,0.912621364776197,0.353982498628325,0.20449605184179,0.413643032722656,0.370009801422798,0.178023583703422,0.205948851735331,0.965488449763429,-0.0436332312998582,0.0279252680319093,24
0.973430622090617,-0.016991294711707,-0.228350870110656,0.962985067611711,-0.0184902578976361,-0.268919820615266,6.26573201465964,6.26398668540765,-0.230383461263251,-0.272271363311115,0.96576676871695,-0.00174532925199511,-0.0418879020478639,19
0.770345088323339,-0.635023485940722,0.0575640269595673,0.774146737436989,-0.631378672607534,0.0453629881292538,5.59378025264183,5.59901624039781,0.0575958653158129,0.0453785605518526,0.966323406623991,0.00523598775598444,-0.0122173047639603,284
0.518433536166413,-0.84933047507366,-0.099319749743639,0.5201796975909,-0.848856117123853,-0.0941083133185143,5.26042236551091,5.2621676947629,-0.0994837673636768,-0.0942477796076938,0.966601725577512,0.00174532925199511,0.00523598775598298,20
-0.778712139844749,-0.606210861221742,-0.161603821103361,-0.793290738072931,-0.587004267354588,-0.161603821103361,3.80307244009564,3.77863783056772,-0.162315620435473,-0.162315620435473,0.967436682438074,-0.0244346095279209,0,29
-0.664194847061513,-0.742861510425858,-0.0836778433323155,-0.607437318066614,-0.788773433873367,-0.0941083133185143,3.98284135305106,4.05614518163482,-0.0837758040957278,-0.0942477796076938,0.968271639298636,0.0733038285837622,-0.010471975511966,52
-0.678634946838443,-0.720149912283651,-0.144356201000973,-0.64946519733713,-0.741878118403949,-0.166768746716102,3.95666141427114,3.99331332856303,-0.144862327915529,-0.167551608191456,0.968271639298636,0.0366519142918809,-0.0226892802759263,36
-0.817205347925923,0.5388476446106,0.20449605184179,-0.813724413894231,0.534517032798952,0.228350870110656,2.55865268342369,2.56039801267568,0.205948851735331,0.230383461263251,0.968271639298636,0.00174532925199422,0.0244346095279206,225
-0.734192084168226,0.609538012031709,0.299040792256087,-0.707965450225232,0.63745495460594,0.30403306092549,2.44869694054804,2.40855436775218,0.303687289847013,0.308923277602996,0.968549958252157,-0.0401425727958693,0.005235987755983,10
0.66057772646401,-0.749278352550759,0.0471064507096427,0.638982996266195,-0.766931212388663,0.0593063735759616,5.43495529071034,5.40703002267843,0.0471238898038469,0.0593411945678072,0.968828277205678,-0.0279252680319093,0.0122173047639603,60
-0.705332219399733,-0.669335283972712,0.233445363855905,-0.726311613477339,-0.647120042460444,0.231747903494157,3.90081087820733,3.86939495167143,0.235619449019234,0.23387411976724,0.969384915112719,-0.0314159265358982,-0.0017453292519943,17
-0.153916089611321,0.960930255418386,-0.230049737188104,-0.186884245972543,0.952556962189042,-0.240228042477264,1.72962128872638,1.76452787376627,-0.232128790515246,-0.242600766027212,0.969941553019761,0.0349065850398862,-0.0104719755119659,36
-0.788315410551543,0.57064518915578,0.230049737188104,-0.827991396415522,0.511377909066825,0.230049737188104,2.51501945212383,2.58832328070759,0.232128790515246,0.232128790515246,0.970219871973281,0.0733038285837622,0,164
-0.28676155083284,0.955826027138563,0.064532308252958,-0.333408339689358,0.941516106615549,0.0488497697956133,1.86226631187795,1.91113553093379,0.0645771823237902,0.0488692190558412,0.970498190926802,0.0488692190558409,-0.015707963267949,115
0.596164698478427,-0.796909800393195,0.0975828997591495,0.658795374020585,-0.747256670545792,0.0871557427476582,5.3546701451186,5.43495529071034,0.0977384381116825,0.0872664625997165,0.970776509880323,0.0802851455917395,-0.010471975511966,393
-0.61350621243939,-0.754919225165406,-0.231747903494157,-0.565360146516258,-0.79260569317336,-0.228350870110656,4.02996524285491,4.0927970959267,-0.23387411976724,-0.230383461263251,0.971333147787364,0.0628318530717964,0.00349065850398869,50
-0.431279821781428,0.900150426953651,0.0610485395348569,-0.433141355199907,0.900001259113843,0.0488497697956133,2.01760061530544,2.01934594455744,0.0610865238198015,0.0488692190558412,0.971889785694406,0.00174532925199467,-0.0122173047639603,40
0.540003180608532,0.822076275737645,0.18051914525056,0.470399887769467,0.869986392748755,0.147809411129611,0.989601685880785,1.07512281922851,0.18151424220741,0.148352986419518,0.972168104647927,0.0855211333477222,-0.0331612557878923,3
0.853726639412859,-0.490914590891104,-0.17364817766693,0.85755044945801,-0.491123773127344,-0.152985836284038,5.76133186083328,5.76307719008528,-0.174532925199433,-0.153588974175501,0.972446423601447,0.00174532925199333,0.020943951023932,50
0.743324575603717,-0.662278038793299,0.0941083133185143,0.729013343039453,-0.675073757498436,0.113203213767907,5.55538300909795,5.53618438732601,0.0942477796076938,0.113446401379631,0.972724742554968,-0.0191986217719382,0.0191986217719376,229
0.458107587502049,-0.880016487821318,-0.125333233564304,0.552154793524145,-0.818603145456109,-0.158158067254484,5.19235452468313,5.30580092606276,-0.125663706143592,-0.158824961931484,0.973003061508489,0.113446401379632,-0.0331612557878923,21
0.388193469254592,-0.90572322307741,-0.170209499166033,0.369436693117499,-0.909812861647308,-0.189095442989891,5.11730536684737,5.09810674507544,-0.171042266695444,-0.190240888467382,0.97328138046201,-0.0191986217719373,-0.0191986217719376,152
0.859799666631094,0.368510607820574,0.353474843779257,0.869224624141837,0.338896519499474,0.359996808120051,0.404916386462684,0.371755130674792,0.361283155162826,0.368264472170804,0.97355969941553,-0.0331612557878924,0.00698131700797738,69
-0.537171323210723,-0.805454420243467,-0.250380004054441,-0.543025489606042,-0.802045296513888,-0.248689887164855,4.1242130224626,4.11723170545462,-0.253072741539178,-0.251327412287183,0.973838018369051,-0.00698131700797688,0.00174532925199433,50
-0.289874077561777,0.936431842128384,0.197657340379126,-0.343501596476006,0.913871187168498,0.216439613938103,1.87099295813792,1.93033415270573,0.198967534727354,0.218166156499291,0.974116337322572,0.0593411945678071,0.0191986217719376,8
0.175212899678197,0.983639603417385,-0.0418756537291996,0.229812917039005,0.972177053046413,-0.0453629881292538,1.39451807234347,1.33866753627965,-0.0418879020478639,-0.0453785605518526,0.974394656276092,-0.0558505360638186,-0.00349065850398866,6
0.846104746077344,0.418171011518975,0.330514392713223,0.82293456630139,0.452412106274429,0.343659694585616,0.459021593274509,0.502654824574367,0.336848545634906,0.35081117965086,0.974951294183134,0.0436332312998582,0.0139626340159547,95
0.99216557024202,-0.118308581491165,0.0401317925325597,0.988461227163343,-0.149490705615618,0.0244321781526532,6.16450291804397,6.13308699150807,0.0401425727958696,0.0244346095279206,0.975229613136655,-0.0314159265358978,-0.015707963267949,81
0.774881906715714,-0.614163831323362,0.14953534344371,0.773603378815222,-0.615351912765216,0.151260820247219,5.61297887441376,5.61123354516177,0.150098315671512,0.151843644923507,0.975786251043696,-0.00174532925199511,0.00174532925199433,29
0.637858674369025,-0.760170366746666,-0.123601476740493,0.700564516443286,-0.700564516443286,-0.135715572434304,5.41052068118242,5.49778714378214,-0.123918376891597,-0.136135681655558,0.976064569997217,0.0872664625997164,-0.0122173047639603,104
0.36355531364535,-0.913574160738378,-0.182235525492147,0.338746553139058,-0.925668462091157,-0.168489379565003,5.09112542806746,5.06320016003555,-0.183259571459405,-0.16929693744345,0.976342888950738,-0.0279252680319084,0.0139626340159547,35
0.816486602412824,-0.575967939479696,0.0401317925325597,0.842712005543704,-0.536866757157334,0.0401317925325597,5.66882941047758,5.71595330028143,0.0401425727958696,0.0401425727958696,0.976899526857779,0.0471238898038466,0,21
0.2454210367612,-0.955851829375165,-0.161603821103361,0.297631452845453,-0.943966368864449,-0.142628933705512,4.96371639267187,5.0178215994837,-0.162315620435473,-0.143116998663535,0.976899526857779,0.0541052068118253,0.0191986217719377,23
-0.980849840646514,0.0531209285294857,0.187381314585725,-0.983847574606089,0.00858590770984606,0.17880221511635,3.08748744677797,3.13286600732982,0.188495559215388,0.179768912955416,0.9771778458113,0.0453785605518524,-0.00872664625997166,29
0.995216707828297,-0.0835706819034095,0.0505929400767133,0.993517259393993,-0.100917803039827,0.0523359562429438,6.19940950308386,6.18195621056391,0.0506145483078356,0.0523598775598299,0.97745616476482,-0.017453292519944,0.00174532925199433,16
0.905051029625115,-0.416276963427745,0.0871557427476582,0.890134147445619,-0.451590827377972,0.0610485395348569,5.85208898193699,5.81369173839311,0.0872664625997165,0.0610865238198015,0.978291121625383,-0.0383972435438746,-0.0261799387799149,3
-0.319461528231473,-0.922549849871722,-0.216439613938103,-0.369581180017257,-0.901132030400771,-0.226651307436855,4.37903109325377,4.32318055718995,-0.218166156499291,-0.228638132011257,0.979961035346507,-0.0558505360638186,-0.010471975511966,27
-0.629285715715394,0.731612139456551,-0.262189178640865,-0.655051939473238,0.709872987572121,-0.258819045102521,2.28114533235659,2.31605191739648,-0.265290046303138,-0.261799387799149,0.980239354300028,0.0349065850398866,0.00349065850398866,27
0.107133169762244,0.970400112044006,0.216439613938103,0.111474325779603,0.963444446101839,0.243615011786023,1.46084058391925,1.45560459616327,0.218166156499291,0.2460914245312,0.980795992207069,-0.00523598775598311,0.0279252680319093,27
0.946083405949782,0.276654148640972,0.168489379565003,0.921309180614269,0.353657459585766,0.161603821103361,0.284488668075076,0.366519142918809,0.16929693744345,0.162315620435473,0.980795992207069,0.0820304748437337,-0.0069813170079773,35
0.982914175149186,0.122428432381688,-0.137444546037147,0.978656702594929,0.146261224179848,-0.144356201000973,0.123918376891597,0.148352986419518,-0.137881010907552,-0.144862327915529,0.98107431116059,0.0244346095279204,-0.0069813170079773,6
0.981907390885744,-0.0514595858179266,-0.182235525492147,0.983566151095145,-0.0429434255697102,-0.175366726091987,6.23082542961976,6.23955207587973,-0.183259571459405,-0.176278254451427,0.981630949067631,0.0087266462599711,0.00698131700797733,15
0.96547116038069,-0.260504111871693,-0.00174532836589831,0.952864033157562,-0.302266276140741,0.0261769483078731,6.01964059012844,5.97600735882858,-0.00174532925199433,0.0261799387799149,0.981630949067631,-0.0436332312998582,0.0279252680319093,327
0.98426105995298,0.0533056735633003,-0.168489379565003,0.989438023214786,0.0553181736310232,-0.133986185418292,0.0541052068118242,0.0558505360638185,-0.16929693744345,-0.134390352403563,0.981909268021152,0.00174532925199422,0.0349065850398866,74
0.919728373577691,-0.386618208407023,0.0680152906652482,0.916658952706651,-0.396673750598223,0.0488497697956133,5.88525023772488,5.87477826221291,0.0680678408277788,0.0488692190558412,0.982187586974673,-0.0104719755119653,-0.0191986217719376,55
0.815310485597365,0.547865909707033,0.187381314585725,0.813492856920411,0.552849174673776,0.18051914525056,0.591666616426078,0.596902604182061,0.188495559215388,0.18151424220741,0.982744224881714,0.00523598775598311,-0.00698131700797733,147
0.958120487763474,0.244221849941923,-0.14953534344371,0.965013192826621,0.205119886233437,-0.163325962241622,0.249582083035189,0.20943951023932,-0.150098315671512,-0.164060949687467,0.983022543835235,-0.0401425727958697,-0.0139626340159547,17
0.987568607101212,0.0534848039137252,-0.147809411129611,0.987738525358732,0.0448529439761592,-0.14953534344371,0.0541052068118242,0.0453785605518526,-0.148352986419518,-0.150098315671512,0.983300862788756,-0.00872664625997155,-0.00174532925199433,16
0.952560701336006,-0.298514429003902,0.0593063735759616,0.96357287952349,-0.258188574916851,0.0697564737441253,5.97949801733257,6.02138591938044,0.0593411945678072,0.0698131700797732,0.983579181742277,0.041887902047864,0.010471975511966,93
0.940185734158491,0.310936702970265,-0.139173100960065,0.930557216528036,0.327700925884323,-0.163325962241622,0.319395253114962,0.3385938748869,-0.139626340159546,-0.164060949687467,0.983857500695797,0.0191986217719378,-0.0244346095279206,9
0.77686968769615,0.596113077512042,0.202787295356512,0.773516382716209,0.602166074653731,0.197657340379126,0.654498469497874,0.661479786505851,0.204203522483337,0.198967534727354,0.984414138602839,0.00698131700797733,-0.005235987755983,111
0.880664137904118,-0.470230857143377,-0.0575640269595673,0.887053113415568,-0.457842252345735,-0.0593063735759616,5.79274778736918,5.80671042138513,-0.0575958653158129,-0.0593411945678072,0.98497077650988,0.0139626340159547,-0.00174532925199433,41
0.961746916284661,-0.264909236131414,0.0697564737441253,0.966413417590318,-0.246335691248539,0.0732381971276317,6.01440460237246,6.0336032241444,0.0698131700797732,0.0733038285837618,0.985249095463401,0.0191986217719373,0.00349065850398866,45
0.799770572190806,-0.557927679058987,0.221548497619467,0.82292908822869,-0.520234174066643,0.228350870110656,5.67406539823357,5.71944395878542,0.223402144255274,0.230383461263251,0.985527414416922,0.0453785605518515,0.0069813170079773,13
-0.268680598119889,-0.937000598663115,-0.223250116010951,-0.340946782805494,-0.902289479489014,-0.263873049965373,4.4331363000656,4.35110582522186,-0.225147473507269,-0.267035375555132,0.985805733370443,-0.0820304748437337,-0.0418879020478639,17
-0.683331078864581,-0.683331078864581,0.257132793154696,-0.638991260950603,-0.71216739820489,0.290702193598252,3.92699081698724,3.98109602379907,0.260054058547155,0.294960643587042,0.986084052323963,0.0541052068118244,0.0349065850398865,17
-0.657525867821355,0.707582104803388,0.258819045102521,-0.65835723010398,0.701079242356559,0.273959218692432,2.31954257590046,2.32477856365645,0.261799387799149,0.277507351067098,0.986919009184525,0.00523598775598311,0.015707963267949,7
0.606640833461441,0.782076649982108,0.142628933705512,0.549032869881002,0.823240059170347,0.144356201000973,0.91106186954104,0.982620368872807,0.143116998663535,0.144862327915529,0.986919009184525,0.0715584993317675,0.00174532925199436,132
0.927943217403827,-0.310485457307016,0.20620418539663,0.908052498242959,-0.339506917260945,0.245307385878803,5.96029939556063,5.92539281052075,0.207694180987325,0.247836753783195,0.987475647091567,-0.0349065850398862,0.0401425727958696,49
0.57934473005934,0.809220156340081,0.0975828997591495,0.562459659865646,0.821451615366459,0.0941083133185143,0.949459113084915,0.970403064108847,0.0977384381116825,0.0942477796076938,0.987753966045088,0.020943951023932,-0.00349065850398865,4
-0.193276316938951,-0.949983448142031,-0.245307385878803,-0.196239125373733,-0.947602893783813,-0.252069358243114,4.51167611640534,4.50818545790135,-0.247836753783195,-0.254818070791172,0.988310603952129,-0.00349065850398844,-0.0069813170079773,8
0.254439530041909,0.956254052427815,-0.144356201000973,0.2458284331736,0.957438533641482,-0.151260820247219,1.31074226824774,1.31946891450771,-0.144862327915529,-0.151843644923507,0.989145560812691,0.00872664625997155,-0.0069813170079773,26
-0.681801256736115,0.713464260715172,-0.161603821103361,-0.648617156338081,0.733128330706856,-0.20449605184179,2.33350520991642,2.29510796637254,-0.162315620435473,-0.205948851735331,0.989423879766212,-0.0383972435438755,-0.0436332312998582,9
-0.509135382461793,0.814786932510129,0.277314653302378,-0.580987353789597,0.768202984123868,0.268919820615266,2.12930168743308,2.21831347928479,0.280998009571087,0.272271363311115,0.989980517673254,0.089011791851711,-0.00872664625997166,6
-0.581467944480034,0.766055726455717,0.273959218692432,-0.586621051731602,0.764499438859418,0.267238376078257,2.22005880853679,2.22529479629277,0.277507351067098,0.270526034059121,0.990258836626774,0.00523598775598311,-0.00698131700797733,17
0.801476240882842,0.573800631120347,0.168489379565003,0.788735316625132,0.581505827171554,0.199367934417197,0.621337213709981,0.635299847725936,0.16929693744345,0.200712863979348,0.990537155580295,0.0139626340159547,0.0314159265358979,68
-0.776587712576242,0.595896710392599,0.20449605184179,-0.794922081424962,0.571209461794993,0.20449605184179,2.48709418409192,2.51851011062782,0.205948851735331,0.205948851735331,0.990815474533816,0.0314159265358982,0,33
0.975346131566232,0.0870473232258025,0.202787295356512,0.959818604721691,0.186569837101936,0.209618562903822,0.0890117918517108,0.191986217719376,0.204203522483337,0.211184839491314,0.991372112440857,0.102974425867665,0.00698131700797733,119
0.994329452528155,0.0677865815522821,-0.0819385086300409,0.973912256881833,0.208788696724597,-0.0888942968664415,0.0680678408277788,0.211184839491314,-0.0820304748437335,-0.0890117918517108,0.991372112440857,0.143116998663535,-0.00698131700797731,60
-0.655463780738539,0.72796627790548,0.201077921145965,-0.708485416710348,0.681790750566012,0.182235525492147,2.30383461263251,2.37539311196428,0.202458193231342,0.183259571459405,0.992207069301419,0.0715584993317675,-0.0191986217719376,16
0.932560369071481,0.352385198802151,-0.0784590957278449,0.936450827167731,0.342692338432558,-0.0749787268263277,0.361283155162826,0.35081117965086,-0.0785398163397448,-0.0750491578357562,0.992763707208461,-0.0104719755119658,0.00349065850398866,4
0.947448142333098,0.218735638805717,0.233445363855905,0.954851940099621,0.196002954541729,0.223250116010951,0.226892802759263,0.202458193231342,0.235619449019234,0.225147473507269,0.992763707208461,-0.0244346095279204,-0.010471975511966,13
0.827242300193316,0.502971202297477,0.250380004054441,0.818152110021452,0.531314192638496,0.219846204352837,0.546288055874225,0.575958653158129,0.253072741539178,0.22165681500328,0.993320345115502,0.0296705972839035,-0.031415926535898,25
0.937106655514572,0.190656503869692,0.292371704722737,0.931890681159718,0.235804593776053,0.275637355816999,0.200712863979348,0.247836753783195,0.296705972839036,0.279252680319093,0.993320345115502,0.0471238898038471,-0.0174532925199433,5
0.554397975858573,-0.809677822821469,-0.192521966525907,0.52107334847915,-0.82425653088543,-0.221548497619467,5.31278224307074,5.27613032877886,-0.193731546971371,-0.223402144255274,0.994155301976065,-0.0366519142918804,-0.0296705972839036,27
0.149861331007872,-0.979348183674927,-0.135715572434304,0.200290647244449,-0.967166952895919,-0.156434465040231,4.8642326253082,4.91659250286803,-0.136135681655558,-0.15707963267949,0.994433620929585,0.0523598775598293,-0.020943951023932,9
-0.0987936348653698,-0.989784578628567,0.102792536787247,-0.0657799047962809,-0.990364007455335,0.121869343405147,4.61290521302101,4.6460664688089,0.102974425867665,0.122173047639603,0.994711939883106,0.0331612557878911,0.0191986217719376,57
-0.816105849206075,0.560894010362735,0.139173100960065,-0.796778913613762,0.593900698747909,0.111468932206325,2.53945406165175,2.50105681810787,0.139626340159546,0.111701072127637,0.995268577790148,-0.0383972435438751,-0.0279252680319093,4
0.877126871355679,0.472284160280548,-0.0871557427476582,0.88492152837119,0.450890039510628,-0.116670737099333,0.493928178314395,0.471238898038469,-0.0872664625997165,-0.11693705988362,0.995825215697189,-0.0226892802759262,-0.0296705972839036,116
0.830508683629711,0.539338645365603,-0.139173100960065,0.807586103326313,0.573921570524275,-0.135715572434304,0.575958653158129,0.617846555205993,-0.139626340159546,-0.136135681655558,0.99610353465071,0.041887902047864,0.00349065850398866,11
0.978076225559713,-0.15491205558001,-0.139173100960065,0.980260881740146,-0.127313659864798,-0.151260820247219,6.1261056745001,6.15403094253201,-0.139626340159546,-0.151843644923507,0.99638185360423,0.0279252680319102,-0.0122173047639603,74
-0.524689450724989,0.814158657953007,0.248689887164855,-0.51875944721028,0.817434088780119,0.250380004054441,2.14326432144904,2.13628300444106,0.251327412287183,0.253072741539178,0.996660172557751,-0.00698131700797688,0.00174532925199433,63
0.905187849229722,0.416339893414761,-0.0854169231373675,0.893587341239378,0.437763921409246,-0.099319749743639,0.431096325242599,0.45553093477052,-0.0855211333477222,-0.0994837673636768,0.996938491511272,0.0244346095279209,-0.0139626340159546,21
-0.476998237768118,0.832885874336745,0.280666708920788,-0.470416530517631,0.845171694613497,0.253757944584806,2.09090444388921,2.07868713912525,0.284488668075076,0.256563400043166,0.997216810464793,-0.0122173047639604,-0.0279252680319093,23
0.676958147538776,0.731048299172232,-0.0854169231373675,0.666584362385609,0.740316935054896,-0.0871557427476582,0.823795406941324,0.837758040957278,-0.0855211333477222,-0.0872664625997165,0.997495129418313,0.0139626340159547,-0.00174532925199432,3
0.881291371375329,0.472544287260091,0.00523596383141958,0.878795696508843,0.477147132237206,0.00698126029796155,0.492182849062401,0.497418836818384,0.00523598775598299,0.00698131700797732,0.997773448371834,0.00523598775598311,0.00174532925199433,51
0.385145636725724,0.911767418688103,-0.142628933705512,0.320996719529371,0.93755469609428,-0.133986185418292,1.1711159280882,1.24092909816797,-0.143116998663535,-0.134390352403563,0.998051767325355,0.0698131700797733,0.00872664625997163,37
-0.4753317008284,-0.710042017474674,0.519519111879509,-0.488478780603089,-0.705452949058296,0.51354125205817,4.12246769321061,4.10675972994266,0.546288055874225,0.539306738866248,0.999165043139438,-0.0157079632679489,-0.00698131700797733,33
0.866668024727336,-0.286623045200389,-0.408330460381385,0.873567623989112,-0.272086016013095,-0.40354529635239,5.96379005406462,5.98124334658457,-0.420624349730633,-0.41538836197465,0.999443362092958,0.0174532925199431,0.005235987755983,21
0.00517292212406262,0.987946323059997,-0.154710386299468,0.0309616941900254,0.985217083929569,-0.168489379565003,1.56556033903891,1.539380400259,-0.155334303427495,-0.16929693744345,0.999721681046479,-0.0261799387799151,-0.0139626340159546,34
0.869650445723542,0.474148815265299,0.137444546037147,0.885524187112596,0.449252061016808,0.118403968306501,0.499164166070378,0.469493568786475,0.137881010907552,0.118682389135614,1,-0.0296705972839035,-0.0191986217719377,8
