"","theta_pred","phi_pred","theta_resp","phi_resp"
"1",6.07549112619226,-0.0296705972839036,2.26718269834063,-0.413643032722656
"2",2.26718269834063,-0.413643032722656,2.6773350725593,-0.368264472170804
"3",2.6773350725593,-0.368264472170804,1.34564885328763,-0.460766922526503
"4",1.34564885328763,-0.460766922526503,3.16253660461372,0.251327412287183
"5",3.16253660461372,0.251327412287183,4.45233492183753,-0.459021593274509
"6",4.45233492183753,-0.459021593274509,2.96705972839036,0.490437519810407
"7",2.96705972839036,0.490437519810407,1.57952297305487,0.0959931088596881
"8",1.57952297305487,0.0959931088596881,1.7243853009704,-0.303687289847013
"9",1.7243853009704,-0.303687289847013,1.64235482612666,0.171042266695444
"10",1.64235482612666,0.171042266695444,4.5535640184532,0.2460914245312
"11",4.5535640184532,0.2460914245312,2.51327412287183,0.513126800086333
"12",2.51327412287183,0.513126800086333,2.24972940582069,0.511381470834338
"13",2.24972940582069,0.511381470834338,2.03505390782539,-0.408407044966673
"14",2.03505390782539,-0.408407044966673,5.36688744988256,0.296705972839036
"15",5.36688744988256,0.296705972839036,4.0631264986428,0.441568300754565
"16",4.0631264986428,0.441568300754565,4.55705467695719,-0.383972435438752
"17",4.55705467695719,-0.383972435438752,6.02487657788443,0.553269372882202
"18",6.02487657788443,0.553269372882202,5.36514212063057,0.308923277602996
"19",5.36514212063057,0.308923277602996,4.93404579538797,0.460766922526503
"20",4.93404579538797,0.460766922526503,4.68795437085677,-0.396189740202713
"21",4.68795437085677,-0.396189740202713,0.472984227290463,-0.212930168743308
"22",0.472984227290463,-0.212930168743308,1.94604211597368,0.528834763354282
"23",1.94604211597368,0.528834763354282,6.20813614934383,-0.363028484414821
"24",6.20813614934383,-0.363028484414821,6.10865238198015,-0.389208423194735
"25",6.10865238198015,-0.389208423194735,2.30034395412853,-0.329867228626928
"26",2.30034395412853,-0.329867228626928,4.18879020478639,0.352556508902855
"27",4.18879020478639,0.352556508902855,3.95491608501915,-0.328121899374934
"28",3.95491608501915,-0.328121899374934,4.4331363000656,0.301941960595019
"29",4.4331363000656,0.301941960595019,3.15555528760575,0.617846555205993
"30",3.15555528760575,0.617846555205993,4.1538836197465,-0.41538836197465
"31",4.1538836197465,-0.41538836197465,3.98109602379907,-0.300196631343025
"32",3.98109602379907,-0.300196631343025,2.03854456632938,-0.32637657012294
"33",2.03854456632938,-0.32637657012294,3.08225145902199,-0.22165681500328
"34",3.08225145902199,-0.22165681500328,3.02814625221016,-0.0820304748437335
"35",3.02814625221016,-0.0820304748437335,2.45393292830403,-0.418879020478639
"36",2.45393292830403,-0.418879020478639,1.31597825600372,0.310668606854991
"37",1.31597825600372,0.310668606854991,5.64963078870564,0.312413936106985
"38",5.64963078870564,0.312413936106985,4.08057979116274,0.3385938748869
"39",4.08057979116274,0.3385938748869,4.06836248639878,-0.268780704807127
"40",4.06836248639878,-0.268780704807127,3.28121899374934,0.481710873550435
"41",3.28121899374934,0.481710873550435,3.41037335839692,0.317649923862968
"42",3.41037335839692,0.317649923862968,5.30231026755877,-0.50789081233035
"43",5.30231026755877,-0.50789081233035,0.837758040957278,0.361283155162826
"44",0.837758040957278,0.361283155162826,5.16442925665122,0.268780704807127
"45",5.16442925665122,0.268780704807127,3.76816585505576,-0.312413936106985
"46",3.76816585505576,-0.312413936106985,2.8326693759868,0.35081117965086
"47",2.8326693759868,0.35081117965086,3.53603706454051,-0.406661715714679
"48",3.53603706454051,-0.406661715714679,1.94778744522567,0.354301838154849
"49",1.94778744522567,0.354301838154849,0.525344104850293,-0.315904594610974
"50",0.525344104850293,-0.315904594610974,5.01084028247572,-0.537561409614253
"51",5.01084028247572,-0.537561409614253,3.02291026445418,0.301941960595019
"52",3.02291026445418,0.301941960595019,4.94975375865592,-0.581194640914112
"53",4.94975375865592,-0.581194640914112,3.48367718698068,0.296705972839036
"54",3.48367718698068,0.296705972839036,1.66678943565458,-0.331612557878923
"55",1.66678943565458,-0.331612557878923,3.20267917740959,0.359537825910832
"56",3.20267917740959,0.359537825910832,1.59872159482681,0.453785605518526
"57",1.59872159482681,0.453785605518526,2.93738913110646,0.198967534727354
"58",2.93738913110646,0.198967534727354,1.40324471860344,-0.490437519810407
"59",1.40324471860344,-0.490437519810407,1.1711159280882,0.307177948351002
"60",1.1711159280882,0.307177948351002,0.945968454580927,0.401425727958696
"61",0.945968454580927,0.401425727958696,4.05090919387884,0.417133691226645
"62",4.05090919387884,0.417133691226645,5.07367213554752,0.343829862642883
"63",5.07367213554752,0.343829862642883,2.75238423039506,0.240855436775218
"64",2.75238423039506,0.240855436775218,1.4765485471872,0.436332312998582
"65",1.4765485471872,0.436332312998582,0.356047167406843,0.258308729295161
"66",0.356047167406843,0.258308729295161,5.52571241181405,-0.373500459926786
"67",5.52571241181405,-0.373500459926786,4.08581577891873,0.406661715714679
"68",4.08581577891873,0.406661715714679,3.95840674352314,0.420624349730633
"69",3.95840674352314,0.420624349730633,3.49414916249265,-0.321140582366957
"70",3.49414916249265,-0.321140582366957,1.39626340159546,-0.460766922526503
"71",1.39626340159546,-0.460766922526503,1.25140107367993,-0.651007810993885
"72",1.25140107367993,-0.651007810993885,2.31256125889249,-0.305432619099008
"73",2.31256125889249,-0.305432619099008,2.28638132011257,0.406661715714679
"74",2.28638132011257,0.406661715714679,0.235619449019234,-0.331612557878923
"75",0.235619449019234,-0.331612557878923,5.32849020633869,-0.593411945678072
"76",5.32849020633869,-0.593411945678072,3.1712632508737,0.359537825910832
"77",3.1712632508737,0.359537825910832,1.88146493364989,0.410152374218667
"78",1.88146493364989,0.410152374218667,1.02974425867665,0.44331363000656
"79",1.02974425867665,0.44331363000656,0.750491578357562,0.228638132011257
"80",0.750491578357562,0.228638132011257,5.64963078870564,0.202458193231342
"81",5.64963078870564,0.202458193231342,4.10326907143867,0.411897703470662
"82",4.10326907143867,0.411897703470662,0.153588974175501,-0.294960643587042
"83",0.153588974175501,-0.294960643587042,5.74387856831334,-0.382227106186758
"84",5.74387856831334,-0.382227106186758,3.93397213399522,-0.305432619099008
"85",3.93397213399522,-0.305432619099008,3.72627795300789,0.376991118430775
"86",3.72627795300789,0.376991118430775,3.78212848907171,-0.335103216382911
"87",3.78212848907171,-0.335103216382911,4.40870169053768,0.373500459926786
"88",4.40870169053768,0.373500459926786,3.2620203719774,0.397935069454707
"89",3.2620203719774,0.397935069454707,1.24267442741996,0.40317105721069
"90",1.24267442741996,0.40317105721069,1.0471975511966,-0.35081117965086
"91",1.0471975511966,-0.35081117965086,5.70199066626547,0.167551608191456
"92",5.70199066626547,0.167551608191456,0.528834763354282,-0.225147473507269
"93",0.528834763354282,-0.225147473507269,4.51865743341332,0.32637657012294
"94",4.51865743341332,0.32637657012294,4.01774793809095,0.436332312998582
"95",4.01774793809095,0.436332312998582,4.10850505919465,-0.312413936106985
"96",4.10850505919465,-0.312413936106985,3.88684824419137,0.422369678982628
"97",3.88684824419137,0.422369678982628,3.73325927001587,-0.308923277602996
"98",3.73325927001587,-0.308923277602996,3.61283155162826,0.401425727958696
"99",3.61283155162826,0.401425727958696,3.33008821280518,0.39095375244673
"100",3.33008821280518,0.39095375244673,4.33190720344993,0.216420827247297
"101",4.33190720344993,0.216420827247297,1.71042266695444,0.28623399732707
"102",1.71042266695444,0.28623399732707,1.58824961931484,0.314159265358979
"103",1.58824961931484,0.314159265358979,3.07177948351002,0.371755130674792
"104",3.07177948351002,0.371755130674792,1.56730566829091,0.439822971502571
"105",1.56730566829091,0.439822971502571,1.10304808726042,0.3385938748869
"106",1.10304808726042,0.3385938748869,0.930260491312978,0.413643032722656
"107",0.930260491312978,0.413643032722656,0.179768912955416,-0.340339204138894
"108",0.179768912955416,-0.340339204138894,5.87128760370892,-0.310668606854991
"109",5.87128760370892,-0.310668606854991,6.14879495477602,-0.364773813666815
"110",6.14879495477602,-0.364773813666815,5.7560958730773,-0.343829862642883
"111",5.7560958730773,-0.343829862642883,5.57283630161789,0.289724655831059
"112",5.57283630161789,0.289724655831059,5.0178215994837,0.375245789178781
"113",5.0178215994837,0.375245789178781,3.93746279249921,-0.280998009571087
"114",3.93746279249921,-0.280998009571087,4.49945881164138,-0.441568300754565
"115",4.49945881164138,-0.441568300754565,3.22536845768552,0.375245789178781
"116",3.22536845768552,0.375245789178781,4.96895238042786,-0.32637657012294
"117",4.96895238042786,-0.32637657012294,3.00022098417825,0.294960643587042
"118",3.00022098417825,0.294960643587042,2.68955237732326,0.488692190558412
"119",2.68955237732326,0.488692190558412,4.10850505919465,-0.474729556542458
"120",4.10850505919465,-0.474729556542458,3.70009801422798,-0.275762021815104
"121",3.70009801422798,-0.275762021815104,3.66868208769208,0.528834763354282
"122",3.66868208769208,0.528834763354282,1.62490153360672,0.40317105721069
"123",1.62490153360672,0.40317105721069,1.36659280431156,0.401425727958696
"124",1.36659280431156,0.401425727958696,1.11875605052837,0.370009801422798
"125",1.11875605052837,0.370009801422798,1.55508836352695,0.342084533390889
"126",1.55508836352695,0.342084533390889,1.89717289691784,0.424115008234622
"127",1.89717289691784,0.424115008234622,0.776671517137477,0.418879020478639
"128",0.776671517137477,0.418879020478639,6.23955207587973,-0.354301838154849
"129",6.23955207587973,-0.354301838154849,1.21474915938805,0.32637657012294
"130",1.21474915938805,0.32637657012294,5.71246264177744,0.280998009571087
"131",5.71246264177744,0.280998009571087,6.1243603452481,-0.225147473507269
"132",6.1243603452481,-0.225147473507269,5.27962098728285,0.202458193231342
"133",5.27962098728285,0.202458193231342,5.85208898193699,0.315904594610974
"134",5.85208898193699,0.315904594610974,4.11548637620263,-0.394444410950718
"135",4.11548637620263,-0.394444410950718,4.11897703470662,-0.296705972839036
"136",4.11897703470662,-0.296705972839036,5.69151869075351,0.376991118430775
"137",5.69151869075351,0.376991118430775,3.83972435438753,-0.158824961931484
"138",3.83972435438753,-0.158824961931484,5.26565835326689,0.284488668075076
"139",5.26565835326689,0.284488668075076,3.5081117965086,-0.333357887130917
"140",3.5081117965086,-0.333357887130917,3.23584043319749,-0.258308729295161
"141",3.23584043319749,-0.258308729295161,3.60759556387228,0.39095375244673
"142",3.60759556387228,0.39095375244673,4.26733002112614,-0.50789081233035
"143",4.26733002112614,-0.50789081233035,2.37539311196428,-0.22165681500328
"144",2.37539311196428,-0.22165681500328,2.03505390782539,0.158824961931484
"145",2.03505390782539,0.158824961931484,0.951204442336909,0.370009801422798
"146",0.951204442336909,0.370009801422798,0.558505360638185,-0.275762021815104
"147",0.558505360638185,-0.275762021815104,0.6771877497738,-0.230383461263251
"148",0.6771877497738,-0.230383461263251,0.918043186549017,-0.164060949687467
"149",0.918043186549017,-0.164060949687467,5.98124334658457,0.363028484414821
"150",5.98124334658457,0.363028484414821,4.61290521302101,-0.296705972839036
"151",4.61290521302101,-0.296705972839036,4.40521103203369,0.383972435438752
"152",4.40521103203369,0.383972435438752,4.08756110817072,-0.425860337486616
"153",4.08756110817072,-0.425860337486616,5.88874089622887,-0.382227106186758
"154",5.88874089622887,-0.382227106186758,2.35968514869633,-0.251327412287183
"155",2.35968514869633,-0.251327412287183,4.66351976132885,0.404916386462684
"156",4.66351976132885,0.404916386462684,2.71224165759919,0.319395253114962
"157",2.71224165759919,0.319395253114962,3.6634460999361,0.333357887130917
"158",3.6634460999361,0.333357887130917,1.96000474998963,-0.293215314335047
"159",1.96000474998963,-0.293215314335047,5.6618480934696,0.240855436775218
"160",5.6618480934696,0.240855436775218,5.54840169208997,0.396189740202713
"161",5.54840169208997,0.396189740202713,4.4017203735297,0.359537825910832
"162",4.4017203735297,0.359537825910832,3.31787090804122,-0.525344104850293
"163",3.31787090804122,-0.525344104850293,3.59886891761231,-0.321140582366957
"164",3.59886891761231,-0.321140582366957,3.6634460999361,-0.307177948351002
"165",3.6634460999361,-0.307177948351002,1.64759081388265,0.439822971502571
"166",1.64759081388265,0.439822971502571,1.36833813356355,0.406661715714679
"167",1.36833813356355,0.406661715714679,6.09992573572018,0.308923277602996
"168",6.09992573572018,0.308923277602996,6.12086968674411,-0.340339204138894
"169",6.12086968674411,-0.340339204138894,5.59727091114581,0.483456202802429
"170",5.59727091114581,0.483456202802429,5.46113522949026,-0.359537825910832
"171",5.46113522949026,-0.359537825910832,5.54491103358598,0.460766922526503
"172",5.54491103358598,0.460766922526503,4.09105176667471,0.261799387799149
"173",4.09105176667471,0.261799387799149,5.08414411105948,-0.287979326579064
"174",5.08414411105948,-0.287979326579064,4.04741853537485,-0.3385938748869
"175",4.04741853537485,-0.3385938748869,3.02989158146216,-0.438077642250577
"176",3.02989158146216,-0.438077642250577,3.98109602379907,0.251327412287183
"177",3.98109602379907,0.251327412287183,2.93389847260247,0.263544717051144
"178",2.93389847260247,0.263544717051144,1.97571271325758,-0.289724655831059
"179",1.97571271325758,-0.289724655831059,2.87804793653865,-0.226892802759263
"180",2.87804793653865,-0.226892802759263,1.89542756766584,-0.28623399732707
"181",1.89542756766584,-0.28623399732707,1.230457122656,0.328121899374934
"182",1.230457122656,0.328121899374934,1.93731546971371,-0.563741348394168
"183",1.93731546971371,-0.563741348394168,1.9704767255016,0.378736447682769
"184",1.9704767255016,0.378736447682769,0.738274273593601,0.314159265358979
"185",0.738274273593601,0.314159265358979,6.19591884457987,0.282743338823081
"186",6.19591884457987,0.282743338823081,0.575958653158129,0.361283155162826
"187",0.575958653158129,0.361283155162826,5.92190215201676,0.312413936106985
"188",5.92190215201676,0.312413936106985,5.57807228937388,-0.345575191894877
"189",5.57807228937388,-0.345575191894877,5.61821486216975,-0.354301838154849
"190",5.61821486216975,-0.354301838154849,4.3406338497099,0.343829862642883
"191",4.3406338497099,0.343829862642883,4.22893277758226,-0.35081117965086
"192",4.22893277758226,-0.35081117965086,5.87303293296092,-0.357792496658838
"193",5.87303293296092,-0.357792496658838,4.93579112463996,0.282743338823081
"194",4.93579112463996,0.282743338823081,3.46796922371273,-0.291469985083053
"195",3.46796922371273,-0.291469985083053,3.05607152024207,-0.2460914245312
"196",3.05607152024207,-0.2460914245312,3.85717764690747,0.314159265358979
"197",3.85717764690747,0.314159265358979,2.05599785884932,0.382227106186758
"198",2.05599785884932,0.382227106186758,3.7856191475757,0.27401669256311
"199",3.7856191475757,0.27401669256311,3.23409510394549,0.300196631343025
"200",3.23409510394549,0.300196631343025,0.663225115757845,0.356047167406843
"201",0.663225115757845,0.356047167406843,5.75784120232929,-0.312413936106985
"202",5.75784120232929,-0.312413936106985,5.47684319275821,0.240855436775218
"203",5.47684319275821,0.240855436775218,5.39481271791447,-0.375245789178781
"204",5.39481271791447,-0.375245789178781,0.776671517137477,-0.32637657012294
"205",0.776671517137477,-0.32637657012294,5.8782689207169,0.394444410950718
"206",5.8782689207169,0.394444410950718,4.83630735727629,0.314159265358979
"207",4.83630735727629,0.314159265358979,5.74038790980935,-0.300196631343025
"208",5.74038790980935,-0.300196631343025,4.62686784703697,-0.275762021815104
"209",4.62686784703697,-0.275762021815104,4.46629755585349,0.183259571459405
"210",4.46629755585349,0.183259571459405,4.96022573416788,0.167551608191456
"211",4.96022573416788,0.167551608191456,3.92175482923126,0.2460914245312
"212",3.92175482923126,0.2460914245312,2.87455727803466,-0.492182849062401
"213",2.87455727803466,-0.492182849062401,5.06494548928754,0.502654824574367
"214",5.06494548928754,0.502654824574367,3.06479816650204,-0.244346095279206
"215",3.06479816650204,-0.244346095279206,2.91295452157854,0.127409035395586
"216",2.91295452157854,0.127409035395586,2.9862583501623,0.214675497995303
"217",2.9862583501623,0.214675497995303,1.232202451908,-0.331612557878923
"218",1.232202451908,-0.331612557878923,1.22173047639603,0.301941960595019
"219",1.22173047639603,0.301941960595019,2.9845130209103,0.254818070791172
"220",2.9845130209103,0.254818070791172,1.40848070635942,-0.581194640914112
"221",1.40848070635942,-0.581194640914112,2.26892802759263,-0.436332312998582
"222",2.26892802759263,-0.436332312998582,0.10471975511966,0.261799387799149
"223",0.10471975511966,0.261799387799149,6.27271333166762,-0.375245789178781
"224",6.27271333166762,-0.375245789178781,1.68075206967054,0.293215314335047
"225",1.68075206967054,0.293215314335047,5.90444885949682,0.370009801422798
"226",5.90444885949682,0.370009801422798,0.888372589265114,-0.307177948351002
"227",0.888372589265114,-0.307177948351002,5.15046662263527,-0.406661715714679
"228",5.15046662263527,-0.406661715714679,4.72111562664466,-0.277507351067098
"229",4.72111562664466,-0.277507351067098,4.77347550420449,0.464257581030492
"230",4.77347550420449,0.464257581030492,4.79791011373241,-0.35081117965086
"231",4.79791011373241,-0.35081117965086,4.56403599396517,-0.431096325242599
"232",4.56403599396517,-0.431096325242599,3.8484510006475,0.228638132011257
"233",3.8484510006475,0.228638132011257,5.06145483078356,-0.305432619099008
"234",5.06145483078356,-0.305432619099008,4.79616478448042,-0.322885911618951
"235",4.79616478448042,-0.322885911618951,3.85194165915149,-0.40317105721069
"236",3.85194165915149,-0.40317105721069,3.72104196525191,-0.378736447682769
"237",3.72104196525191,-0.378736447682769,3.17998989713367,0.363028484414821
"238",3.17998989713367,0.363028484414821,2.79078147393893,-0.293215314335047
"239",2.79078147393893,-0.293215314335047,2.56039801267568,0.127409035395586
"240",2.56039801267568,0.127409035395586,2.48709418409192,-0.15707963267949
"241",2.48709418409192,-0.15707963267949,2.28987197861656,-0.464257581030492
"242",2.28987197861656,-0.464257581030492,3.23409510394549,-0.260054058547155
"243",3.23409510394549,-0.260054058547155,2.59879525621956,-0.178023583703422
"244",2.59879525621956,-0.178023583703422,3.09272343453395,0.354301838154849
"245",3.09272343453395,0.354301838154849,1.94429678672168,0.270526034059121
"246",1.94429678672168,0.270526034059121,6.14530429627203,0.373500459926786
"247",6.14530429627203,0.373500459926786,6.05978316292431,0.427605666738611
"248",6.05978316292431,0.427605666738611,5.11730536684737,-0.410152374218667
"249",5.11730536684737,-0.410152374218667,0.478220215046446,-0.205948851735331
"250",0.478220215046446,-0.205948851735331,6.08770843095622,-0.387463093942741
"251",6.08770843095622,-0.387463093942741,5.85208898193699,0.425860337486616
"252",5.85208898193699,0.425860337486616,4.71413430963668,-0.239110107523223
"253",4.71413430963668,-0.239110107523223,3.56047167406843,0.218166156499291
"254",3.56047167406843,0.218166156499291,5.02305758723968,0.352556508902855
"255",5.02305758723968,0.352556508902855,3.21140582366957,0.322885911618951
"256",3.21140582366957,0.322885911618951,2.89899188756258,0.0994837673636768
"257",2.89899188756258,0.0994837673636768,3.25329372571743,0.385717764690747
"258",3.25329372571743,0.385717764690747,3.76642052580376,0.432841654494594
"259",3.76642052580376,0.432841654494594,3.04210888622612,-0.535816080362259
"260",3.04210888622612,-0.535816080362259,3.08225145902199,0.366519142918809
"261",3.08225145902199,0.366519142918809,2.86583063177469,-0.284488668075076
"262",2.86583063177469,-0.284488668075076,2.75762021815104,-0.472984227290463
"263",2.75762021815104,-0.472984227290463,1.537635071007,-0.488692190558412
"264",1.537635071007,-0.488692190558412,0.869173967493176,0.340339204138894
"265",0.869173967493176,0.340339204138894,5.95157274930066,-0.186750229963393
"266",5.95157274930066,-0.186750229963393,6.14006830851605,-0.333357887130917
"267",6.14006830851605,-0.333357887130917,0.619591884457987,0.556760031386191
"268",0.619591884457987,0.556760031386191,5.6635934227216,-0.448549617762543
"269",5.6635934227216,-0.448549617762543,5.04574686751561,0.397935069454707
"270",5.04574686751561,0.397935069454707,4.06836248639878,0.294960643587042
"271",4.06836248639878,0.294960643587042,3.14333798284179,0.253072741539178
"272",3.14333798284179,0.253072741539178,3.01418361819421,-0.513126800086333
"273",3.01418361819421,-0.513126800086333,2.83616003449079,-0.165806278939461
"274",2.83616003449079,-0.165806278939461,3.67566340470006,0.277507351067098
"275",3.67566340470006,0.277507351067098,2.94437044811443,0.394444410950718
"276",2.94437044811443,0.394444410950718,2.11184839491314,-0.387463093942741
"277",2.11184839491314,-0.387463093942741,2.40506370924819,-0.321140582366957
"278",2.40506370924819,-0.321140582366957,1.53065375399903,0.0750491578357562
"279",1.53065375399903,0.0750491578357562,1.46956723017923,-0.471238898038469
"280",1.46956723017923,-0.471238898038469,1.22173047639603,0.282743338823081
"281",1.22173047639603,0.282743338823081,1.80641577581413,0.249582083035189
"282",1.80641577581413,0.249582083035189,0.733038285837618,-0.342084533390889
"283",0.733038285837618,-0.342084533390889,6.08072711394824,-0.174532925199433
"284",6.08072711394824,-0.174532925199433,5.78227581185721,0.450294947014537
"285",5.78227581185721,0.450294947014537,5.59901624039781,0.497418836818384
"286",5.59901624039781,0.497418836818384,6.2482787221397,-0.258308729295161
"287",6.2482787221397,-0.258308729295161,5.55363767984596,0.219911485751285
"288",5.55363767984596,0.219911485751285,5.40179403492245,0.249582083035189
"289",5.40179403492245,0.249582083035189,4.93055513688398,0.408407044966673
"290",4.93055513688398,0.408407044966673,4.06661715714679,0.401425727958696
"291",4.06661715714679,0.401425727958696,3.59886891761231,0.424115008234622
"292",3.59886891761231,0.424115008234622,3.53254640603652,0.361283155162826
"293",3.53254640603652,0.361283155162826,3.49414916249265,-0.343829862642883
"294",3.49414916249265,-0.343829862642883,3.36674012709706,0.291469985083053
"295",3.36674012709706,0.291469985083053,3.46971455296473,0.279252680319093
"296",3.46971455296473,0.279252680319093,4.24289541159821,-0.256563400043166
"297",4.24289541159821,-0.256563400043166,3.45924257745276,-0.450294947014537
"298",3.45924257745276,-0.450294947014537,4.14166631498254,0.265290046303138
"299",4.14166631498254,0.265290046303138,3.47145988221672,0.300196631343025
"300",3.47145988221672,0.300196631343025,2.48709418409192,-0.336848545634906
"301",2.48709418409192,-0.336848545634906,1.98094870101356,0.242600766027212
"302",1.98094870101356,0.242600766027212,2.07170582211727,-0.256563400043166
"303",2.07170582211727,-0.256563400043166,3.43306263867285,-0.321140582366957
"304",3.43306263867285,-0.321140582366957,2.35619449019234,-0.389208423194735
"305",2.35619449019234,-0.389208423194735,0.514872129338327,0.2460914245312
"306",0.514872129338327,0.2460914245312,0.167551608191456,0.322885911618951
"307",0.167551608191456,0.322885911618951,1.7243853009704,0.253072741539178
"308",1.7243853009704,0.253072741539178,5.55538300909795,0.424115008234622
"309",5.55538300909795,0.424115008234622,5.40877535193043,0.457276264022514
"310",5.40877535193043,0.457276264022514,0.895353906273091,0.308923277602996
"311",0.895353906273091,0.308923277602996,5.4471725954743,-0.239110107523223
"312",5.4471725954743,-0.239110107523223,5.31278224307074,-0.249582083035189
"313",5.31278224307074,-0.249582083035189,5.6339228254377,0.226892802759263
"314",5.6339228254377,0.226892802759263,5.55363767984596,0.239110107523223
"315",5.55363767984596,0.239110107523223,5.63043216693371,0.172787595947439
"316",5.63043216693371,0.172787595947439,5.18188254917116,0.310668606854991
"317",5.18188254917116,0.310668606854991,5.09985207432743,0.324631240870945
"318",5.09985207432743,0.324631240870945,4.29350995990605,0.308923277602996
"319",4.29350995990605,0.308923277602996,5.53792971657801,-0.32637657012294
"320",5.53792971657801,-0.32637657012294,4.07708913265875,-0.347320521146872
"321",4.07708913265875,-0.347320521146872,4.14515697348653,0.436332312998582
"322",4.14515697348653,0.436332312998582,3.44527994343681,0.265290046303138
"323",3.44527994343681,0.265290046303138,3.14857397059777,0.239110107523223
"324",3.14857397059777,0.239110107523223,3.37372144410504,-0.472984227290463
"325",3.37372144410504,-0.472984227290463,3.14508331209378,-0.32637657012294
"326",3.14508331209378,-0.32637657012294,3.86939495167143,0.424115008234622
"327",3.86939495167143,0.424115008234622,2.03330857857339,-0.324631240870945
"328",2.03330857857339,-0.324631240870945,3.12413936106985,-0.324631240870945
"329",3.12413936106985,-0.324631240870945,1.85703032412197,-0.418879020478639
"330",1.85703032412197,-0.418879020478639,2.28812664936457,-0.499164166070378
"331",2.28812664936457,-0.499164166070378,2.21133216227682,-0.511381470834338
"332",2.21133216227682,-0.511381470834338,0.710349005561692,0.293215314335047
"333",0.710349005561692,0.293215314335047,5.32674487708669,-0.244346095279206
"334",5.32674487708669,-0.244346095279206,5.15395728113926,0.500909495322373
"335",5.15395728113926,0.500909495322373,4.76474885794452,0.242600766027212
"336",4.76474885794452,0.242600766027212,4.66526509058084,0.314159265358979
"337",4.66526509058084,0.314159265358979,4.6478117980609,0.268780704807127
"338",4.6478117980609,0.268780704807127,4.57799862798113,0.343829862642883
"339",4.57799862798113,0.343829862642883,4.49073216538141,0.349065850398866
"340",4.49073216538141,0.349065850398866,5.40004870567045,-0.148352986419518
"341",5.40004870567045,-0.148352986419518,5.35990613287459,0.277507351067098
"342",5.35990613287459,0.277507351067098,4.82059939400834,0.418879020478639
"343",4.82059939400834,0.418879020478639,3.68788070946402,-0.303687289847013
"344",3.68788070946402,-0.303687289847013,4.45233492183753,-0.314159265358979
"345",4.45233492183753,-0.314159265358979,3.09272343453395,-0.445058959258554
"346",3.09272343453395,-0.445058959258554,4.53262006742927,0.280998009571087
"347",4.53262006742927,0.280998009571087,3.08748744677797,0.235619449019234
"348",3.08748744677797,0.235619449019234,2.94786110661842,-0.352556508902855
"349",2.94786110661842,-0.352556508902855,3.02291026445418,-0.18151424220741
"350",3.02291026445418,-0.18151424220741,3.83274303737955,0.368264472170804
"351",3.83274303737955,0.368264472170804,3.28121899374934,0.249582083035189
"352",3.28121899374934,0.249582083035189,1.74009326423835,0.235619449019234
"353",1.74009326423835,0.235619449019234,1.50447381521911,0.282743338823081
"354",1.50447381521911,0.282743338823081,0.474729556542458,0.308923277602996
"355",0.474729556542458,0.308923277602996,0.417133691226645,0.345575191894877
"356",0.417133691226645,0.345575191894877,1.52192710773906,-0.0523598775598299
"357",1.52192710773906,-0.0523598775598299,6.13308699150807,0.282743338823081
"358",6.13308699150807,0.282743338823081,6.09119908946021,0.357792496658838
"359",6.09119908946021,0.357792496658838,6.00742328536448,0.310668606854991
"360",6.00742328536448,0.310668606854991,0.96342174710087,0.191986217719376
"361",0.96342174710087,0.191986217719376,4.60941455451703,0.263544717051144
"362",4.60941455451703,0.263544717051144,4.49945881164138,0.373500459926786
"363",4.49945881164138,0.373500459926786,5.37212343763855,0.394444410950718
"364",5.37212343763855,0.394444410950718,2.9862583501623,0.263544717051144
"365",2.9862583501623,0.263544717051144,3.04036355697412,-0.439822971502571
"366",3.04036355697412,-0.439822971502571,3.95317075576716,-0.151843644923507
"367",3.95317075576716,-0.151843644923507,3.64948346592014,-0.291469985083053
"368",3.64948346592014,-0.291469985083053,3.40339204138894,0.272271363311115
"369",3.40339204138894,0.272271363311115,2.23576677180474,-0.364773813666815
"370",2.23576677180474,-0.364773813666815,1.78023583703422,0.211184839491314
"371",1.78023583703422,0.211184839491314,3.84321501289151,0.3385938748869
"372",3.84321501289151,0.3385938748869,1.68249739892253,0.247836753783195
"373",1.68249739892253,0.247836753783195,2.8937558998066,0.331612557878923
"374",2.8937558998066,0.331612557878923,0.666715774261834,0.254818070791172
"375",0.666715774261834,0.254818070791172,1.85004900711399,-0.478220215046446
"376",1.85004900711399,-0.478220215046446,0.5846852994181,-0.205948851735331
"377",0.5846852994181,-0.205948851735331,5.96728071256861,0.424115008234622
"378",5.96728071256861,0.424115008234622,5.05796417227957,0.280998009571087
"379",5.05796417227957,0.280998009571087,4.56229066471318,0.225147473507269
"380",4.56229066471318,0.225147473507269,4.57450796947714,0.364773813666815
"381",4.57450796947714,0.364773813666815,4.55007335994922,-0.331612557878923
"382",4.55007335994922,-0.331612557878923,3.74373124552784,0.354301838154849
"383",3.74373124552784,0.354301838154849,4.37728576400178,0.347320521146872
"384",4.37728576400178,0.347320521146872,2.32826922216044,-0.328121899374934
"385",2.32826922216044,-0.328121899374934,2.46964089157198,0.272271363311115
"386",2.46964089157198,0.272271363311115,3.31612557878923,-0.239110107523223
"387",3.31612557878923,-0.239110107523223,3.38942940737299,0.267035375555132
"388",3.38942940737299,0.267035375555132,0.713839664065681,0.247836753783195
"389",0.713839664065681,0.247836753783195,2.22180413778878,0.186750229963393
"390",2.22180413778878,0.186750229963393,6.12785100375209,0.282743338823081
"391",6.12785100375209,0.282743338823081,5.90270353024482,-0.211184839491314
"392",5.90270353024482,-0.211184839491314,0.448549617762543,0.427605666738611
"393",0.448549617762543,0.427605666738611,0.230383461263251,0.343829862642883
"394",0.230383461263251,0.343829862642883,5.00385896546774,0.287979326579064
"395",5.00385896546774,0.287979326579064,5.33372619409467,0.256563400043166
"396",5.33372619409467,0.256563400043166,0.504400153826361,-0.499164166070378
"397",0.504400153826361,-0.499164166070378,4.39124839801773,0.413643032722656
"398",4.39124839801773,0.413643032722656,3.92000949997926,0.284488668075076
"399",3.92000949997926,0.284488668075076,3.98982267005904,0.195476876223365
"400",3.98982267005904,0.195476876223365,3.15031929984976,-0.2460914245312
"401",3.15031929984976,-0.2460914245312,3.65122879517214,0.280998009571087
"402",3.65122879517214,0.280998009571087,3.46971455296473,0.383972435438752
"403",3.46971455296473,0.383972435438752,3.41910000465689,0.230383461263251
"404",3.41910000465689,0.230383461263251,1.22696646415201,-0.331612557878923
"405",1.22696646415201,-0.331612557878923,1.0768681484805,-0.342084533390889
"406",1.0768681484805,-0.342084533390889,3.46796922371273,-0.235619449019234
"407",3.46796922371273,-0.235619449019234,1.51494579073108,0.429350995990605
"408",1.51494579073108,0.429350995990605,1.51843644923507,0.188495559215388
"409",1.51843644923507,0.188495559215388,0.401425727958696,0.420624349730633
"410",0.401425727958696,0.420624349730633,2.26194671058465,-0.328121899374934
"411",2.26194671058465,-0.328121899374934,1.31074226824774,0.370009801422798
"412",1.31074226824774,0.370009801422798,4.75951287018854,0.479965544298441
"413",4.75951287018854,0.479965544298441,4.93404579538797,0.289724655831059
"414",4.93404579538797,0.289724655831059,6.10516172347617,0.275762021815104
"415",6.10516172347617,0.275762021815104,4.3406338497099,0.453785605518526
"416",4.3406338497099,0.453785605518526,4.58148928648512,-0.251327412287183
"417",4.58148928648512,-0.251327412287183,4.12944901021858,0.29845130209103
"418",4.12944901021858,0.29845130209103,3.85194165915149,0.186750229963393
"419",3.85194165915149,0.186750229963393,0.179768912955416,0.293215314335047
"420",0.179768912955416,0.293215314335047,5.49778714378214,0.249582083035189
"421",5.49778714378214,0.249582083035189,5.06669081853954,-0.254818070791172
"422",5.06669081853954,-0.254818070791172,4.62686784703697,0.277507351067098
"423",4.62686784703697,0.277507351067098,2.31954257590046,-0.345575191894877
"424",2.31954257590046,-0.345575191894877,3.27598300599336,-0.441568300754565
"425",3.27598300599336,-0.441568300754565,2.65115513377939,0.294960643587042
"426",2.65115513377939,0.294960643587042,2.59704992696756,0.195476876223365
"427",2.59704992696756,0.195476876223365,1.88321026290188,-0.472984227290463
"428",1.88321026290188,-0.472984227290463,3.11366738555788,0.29845130209103
"429",3.11366738555788,0.29845130209103,0.376991118430775,0.445058959258554
"430",0.376991118430775,0.445058959258554,1.43466064513934,0.439822971502571
"431",1.43466064513934,0.439822971502571,0.342084533390889,0.275762021815104
"432",0.342084533390889,0.275762021815104,5.94633676154468,-0.493928178314395
"433",5.94633676154468,-0.493928178314395,5.46986187575023,-0.232128790515246
"434",5.46986187575023,-0.232128790515246,0.877900613753148,-0.363028484414821
"435",0.877900613753148,-0.363028484414821,0.148352986419518,0.289724655831059
"436",0.148352986419518,0.289724655831059,5.52396708256205,0.322885911618951
"437",5.52396708256205,0.322885911618951,0.00174532925199433,-0.308923277602996
"438",0.00174532925199433,-0.308923277602996,4.13817565647856,0.497418836818384
"439",4.13817565647856,0.497418836818384,6.20813614934383,-0.493928178314395
"440",6.20813614934383,-0.493928178314395,5.0178215994837,0.396189740202713
"441",5.0178215994837,0.396189740202713,4.1259583517146,0.263544717051144
"442",4.1259583517146,0.263544717051144,4.09105176667471,0.499164166070378
"443",4.09105176667471,0.499164166070378,3.25154839646544,0.27401669256311
"444",3.25154839646544,0.27401669256311,2.8623399732707,0.411897703470662
"445",2.8623399732707,0.411897703470662,2.97927703315432,-0.366519142918809
"446",2.97927703315432,-0.366519142918809,1.69995069144248,-0.300196631343025
"447",1.69995069144248,-0.300196631343025,1.63362817986669,-0.466002910282486
"448",1.63362817986669,-0.466002910282486,2.49756615960389,0.277507351067098
"449",2.49756615960389,0.277507351067098,0.670206432765822,-0.439822971502571
"450",0.670206432765822,-0.439822971502571,0.397935069454707,0.294960643587042
"451",0.397935069454707,0.294960643587042,0.317649923862968,0.275762021815104
"452",0.317649923862968,0.275762021815104,1.00880030765272,0.188495559215388
"453",1.00880030765272,0.188495559215388,1.43640597439133,-0.354301838154849
"454",1.43640597439133,-0.354301838154849,0.111701072127637,-0.160570291183478
"455",0.111701072127637,-0.160570291183478,5.37735942539453,0.336848545634906
"456",5.37735942539453,0.336848545634906,5.21853446346305,0.218166156499291
"457",5.21853446346305,0.218166156499291,4.94102711239595,-0.23387411976724
"458",4.94102711239595,-0.23387411976724,6.10341639422417,-0.319395253114962
"459",6.10341639422417,-0.319395253114962,4.38252175175776,0.219911485751285
"460",4.38252175175776,0.219911485751285,4.21147948506232,0.244346095279206
"461",4.21147948506232,0.244346095279206,4.07010781565078,0.158824961931484
"462",4.07010781565078,0.158824961931484,4.3720497762458,-0.383972435438752
"463",4.3720497762458,-0.383972435438752,2.96531439913837,0.193731546971371
"464",2.96531439913837,0.193731546971371,3.61632221013225,-0.307177948351002
"465",3.61632221013225,-0.307177948351002,2.32826922216044,-0.336848545634906
"466",2.32826922216044,-0.336848545634906,4.09105176667471,0.277507351067098
"467",4.09105176667471,0.277507351067098,3.47320521146872,0.0890117918517108
"468",3.47320521146872,0.0890117918517108,2.7401669256311,0.401425727958696
"469",2.7401669256311,0.401425727958696,3.70533400198396,0.0314159265358979
"470",3.70533400198396,0.0314159265358979,1.81863308057809,-0.319395253114962
"471",1.81863308057809,-0.319395253114962,1.68249739892253,-0.35081117965086
"472",1.68249739892253,-0.35081117965086,3.43480796792484,0.364773813666815
"473",3.43480796792484,0.364773813666815,3.21664181142555,0.277507351067098
"474",3.21664181142555,0.277507351067098,2.86757596102668,-0.277507351067098
"475",2.86757596102668,-0.277507351067098,1.21649448864005,0.363028484414821
"476",1.21649448864005,0.363028484414821,0.890117918517108,-0.23387411976724
"477",0.890117918517108,-0.23387411976724,0.305432619099008,-0.260054058547155
"478",0.305432619099008,-0.260054058547155,0.0890117918517108,-0.226892802759263
"479",0.0890117918517108,-0.226892802759263,0.987856356628791,0.380481776934764
"480",0.987856356628791,0.380481776934764,5.10683339133541,-0.244346095279206
"481",5.10683339133541,-0.244346095279206,6.16973890579995,-0.319395253114962
"482",6.16973890579995,-0.319395253114962,5.232497097479,0.144862327915529
"483",5.232497097479,0.144862327915529,6.04931118741235,-0.172787595947439
"484",6.04931118741235,-0.172787595947439,4.19228086329038,0.343829862642883
"485",4.19228086329038,0.343829862642883,3.84321501289151,0.00174532925199433
"486",3.84321501289151,0.00174532925199433,4.84677933278825,-0.267035375555132
"487",4.84677933278825,-0.267035375555132,4.68097305384879,0.411897703470662
"488",4.68097305384879,0.411897703470662,3.31088959103324,-0.256563400043166
"489",3.31088959103324,-0.256563400043166,3.13112067807783,0.148352986419518
"490",3.13112067807783,0.148352986419518,4.72111562664466,-0.171042266695444
"491",4.72111562664466,-0.171042266695444,4.2481313993542,-0.300196631343025
"492",4.2481313993542,-0.300196631343025,3.82750704962357,-0.153588974175501
"493",3.82750704962357,-0.153588974175501,2.38237442897226,-0.294960643587042
"494",2.38237442897226,-0.294960643587042,2.72445896236315,0.204203522483337
"495",2.72445896236315,0.204203522483337,2.16420827247297,0.303687289847013
"496",2.16420827247297,0.303687289847013,1.33692220702766,-0.397935069454707
"497",1.33692220702766,-0.397935069454707,1.89019157990986,-0.0977384381116825
"498",1.89019157990986,-0.0977384381116825,2.70002435283523,0.359537825910832
"499",2.70002435283523,0.359537825910832,0.020943951023932,-0.179768912955416
"500",0.020943951023932,-0.179768912955416,1.33866753627965,-0.244346095279206
"501",1.33866753627965,-0.244346095279206,0.703367688553715,-0.35081117965086
"502",0.703367688553715,-0.35081117965086,1.6632987771506,-0.27401669256311
"503",1.6632987771506,-0.27401669256311,0.874409955249159,0.223402144255274
"504",0.874409955249159,0.223402144255274,0.352556508902855,0.359537825910832
"505",0.352556508902855,0.359537825910832,5.54491103358598,-0.218166156499291
"506",5.54491103358598,-0.218166156499291,0.340339204138894,0.185004900711399
"507",0.340339204138894,0.185004900711399,4.68795437085677,0.44331363000656
"508",4.68795437085677,0.44331363000656,5.73340659280137,0.277507351067098
"509",5.73340659280137,0.277507351067098,4.39473905652172,-0.251327412287183
"510",4.39473905652172,-0.251327412287183,4.08232512041474,-0.343829862642883
"511",4.08232512041474,-0.343829862642883,4.13119433947058,0.331612557878923
"512",4.13119433947058,0.331612557878923,3.9095375244673,0.00174532925199433
"513",3.9095375244673,0.00174532925199433,3.64599280741615,0.10471975511966
"514",3.64599280741615,0.10471975511966,3.48367718698068,-0.18151424220741
"515",3.48367718698068,-0.18151424220741,3.2620203719774,0.289724655831059
"516",3.2620203719774,0.289724655831059,2.8326693759868,0.35081117965086
"517",2.8326693759868,0.35081117965086,3.54999969855647,-0.279252680319093
"518",3.54999969855647,-0.279252680319093,3.06130750799805,-0.260054058547155
"519",3.06130750799805,-0.260054058547155,2.06646983436129,-0.151843644923507
"520",2.06646983436129,-0.151843644923507,1.73311194723037,-0.371755130674792
"521",1.73311194723037,-0.371755130674792,3.17998989713367,0.345575191894877
"522",3.17998989713367,0.345575191894877,2.48185819633594,-0.324631240870945
"523",2.48185819633594,-0.324631240870945,1.18333323285216,-0.485201532054424
"524",1.18333323285216,-0.485201532054424,3.12239403181786,0.363028484414821
"525",3.12239403181786,0.363028484414821,1.8762289458939,-0.382227106186758
"526",1.8762289458939,-0.382227106186758,1.26710903694788,-0.373500459926786
"527",1.26710903694788,-0.373500459926786,1.03847090493663,-0.237364778271229
"528",1.03847090493663,-0.237364778271229,0.366519142918809,0.186750229963393
"529",0.366519142918809,0.186750229963393,0.0767944870877505,-0.202458193231342
"530",0.0767944870877505,-0.202458193231342,0.628318530717959,0.263544717051144
"531",0.628318530717959,0.263544717051144,5.60774288665778,0.123918376891597
"532",5.60774288665778,0.123918376891597,0.684169066781777,0.265290046303138
"533",0.684169066781777,0.265290046303138,0.287979326579064,0.188495559215388
"534",0.287979326579064,0.188495559215388,6.01789526087645,0.253072741539178
"535",6.01789526087645,0.253072741539178,4.70017167562073,0.20943951023932
"536",4.70017167562073,0.20943951023932,4.91484717361603,0.343829862642883
"537",4.91484717361603,0.343829862642883,3.98109602379907,0.260054058547155
"538",3.98109602379907,0.260054058547155,3.06479816650204,0.410152374218667
"539",3.06479816650204,0.410152374218667,3.69660735572399,0.268780704807127
"540",3.69660735572399,0.268780704807127,2.9548424236264,0.383972435438752
"541",2.9548424236264,0.383972435438752,4.08407044966673,0.32637657012294
"542",4.08407044966673,0.32637657012294,3.8152897448596,0.0959931088596881
"543",3.8152897448596,0.0959931088596881,2.71049632834719,0.356047167406843
"544",2.71049632834719,0.356047167406843,2.59355926846357,-0.336848545634906
"545",2.59355926846357,-0.336848545634906,4.83805268652828,-0.279252680319093
"546",4.83805268652828,-0.279252680319093,2.35968514869633,-0.0837758040957278
"547",2.35968514869633,-0.0837758040957278,3.46796922371273,-0.11693705988362
"548",3.46796922371273,-0.11693705988362,1.90066355542182,0.235619449019234
"549",1.90066355542182,0.235619449019234,2.42426233102012,-0.2460914245312
"550",2.42426233102012,-0.2460914245312,1.75231056900231,-0.239110107523223
"551",1.75231056900231,-0.239110107523223,3.88510291493938,0.247836753783195
"552",3.88510291493938,0.247836753783195,3.14682864134578,-0.287979326579064
"553",3.14682864134578,-0.287979326579064,1.05766952670856,-0.490437519810407
"554",1.05766952670856,-0.490437519810407,0.605629250442032,0.171042266695444
"555",0.605629250442032,0.171042266695444,1.74358392274234,-0.356047167406843
"556",1.74358392274234,-0.356047167406843,0.284488668075076,-0.28623399732707
"557",0.284488668075076,-0.28623399732707,1.07337748997651,0.333357887130917
"558",1.07337748997651,0.333357887130917,0.00872664625997165,0.198967534727354
"559",0.00872664625997165,0.198967534727354,4.01425727958696,0.239110107523223
"560",4.01425727958696,0.239110107523223,3.3562681515851,-0.254818070791172
"561",3.3562681515851,-0.254818070791172,2.95309709437441,0.373500459926786
"562",2.95309709437441,0.373500459926786,4.83979801578028,0.448549617762543
"563",4.83979801578028,0.448549617762543,3.30914426178125,-0.289724655831059
"564",3.30914426178125,-0.289724655831059,2.26194671058465,0.289724655831059
"565",2.26194671058465,0.289724655831059,2.08392312688123,0.284488668075076
"566",2.08392312688123,0.284488668075076,2.04028989558137,0.260054058547155
"567",2.04028989558137,0.260054058547155,2.18340689424491,0.29845130209103
"568",2.18340689424491,0.29845130209103,2.66162710929135,-0.150098315671512
"569",2.66162710929135,-0.150098315671512,2.17468024798493,-0.226892802759263
"570",2.17468024798493,-0.226892802759263,1.63886416762268,-0.284488668075076
"571",1.63886416762268,-0.284488668075076,0.635299847725936,-0.223402144255274
"572",0.635299847725936,-0.223402144255274,1.46084058391925,0.453785605518526
"573",1.46084058391925,0.453785605518526,0.282743338823081,-0.230383461263251
"574",0.282743338823081,-0.230383461263251,5.85732496969297,0.375245789178781
"575",5.85732496969297,0.375245789178781,5.10508806208341,0.272271363311115
"576",5.10508806208341,0.272271363311115,4.00902129183097,0.244346095279206
"577",4.00902129183097,0.244346095279206,3.68089939245604,0.254818070791172
"578",3.68089939245604,0.254818070791172,3.52207443052456,0.282743338823081
"579",3.52207443052456,0.282743338823081,3.3545228223331,0.185004900711399
"580",3.3545228223331,0.185004900711399,4.3703044469938,0.434586983746588
"581",4.3703044469938,0.434586983746588,4.31968989868597,-0.336848545634906
"582",4.31968989868597,-0.336848545634906,2.92691715559449,-0.263544717051144
"583",2.92691715559449,-0.263544717051144,2.44695161129605,-0.0820304748437335
"584",2.44695161129605,-0.0820304748437335,2.37539311196428,0.261799387799149
"585",2.37539311196428,0.261799387799149,2.03854456632938,-0.396189740202713
"586",2.03854456632938,-0.396189740202713,2.42426233102012,-0.0959931088596881
"587",2.42426233102012,-0.0959931088596881,2.23053078404875,0.315904594610974
"588",2.23053078404875,0.315904594610974,0.959931088596881,0.282743338823081
"589",0.959931088596881,0.282743338823081,5.85732496969297,0.197222205475359
"590",5.85732496969297,0.197222205475359,0.136135681655558,0.151843644923507
"591",0.136135681655558,0.151843644923507,5.05272818452358,0.2460914245312
"592",5.05272818452358,0.2460914245312,4.84154334503227,0.324631240870945
"593",4.84154334503227,0.324631240870945,4.93753645389196,-0.193731546971371
"594",4.93753645389196,-0.193731546971371,4.56054533546118,-0.205948851735331
"595",4.56054533546118,-0.205948851735331,0.310668606854991,-0.354301838154849
"596",0.310668606854991,-0.354301838154849,4.40870169053768,-0.329867228626928
"597",4.40870169053768,-0.329867228626928,4.06138116939081,-0.305432619099008
"598",4.06138116939081,-0.305432619099008,3.76991118430775,0.321140582366957
"599",3.76991118430775,0.321140582366957,4.57625329872913,0.132645023151569
"600",4.57625329872913,0.132645023151569,3.38942940737299,0.186750229963393
"601",3.38942940737299,0.186750229963393,3.56396233257242,0.284488668075076
"602",3.56396233257242,0.284488668075076,2.06472450510929,-0.197222205475359
"603",2.06472450510929,-0.197222205475359,1.01054563690472,0.289724655831059
"604",1.01054563690472,0.289724655831059,5.46637121724624,0.378736447682769
"605",5.46637121724624,0.378736447682769,0.176278254451427,0.361283155162826
"606",0.176278254451427,0.361283155162826,5.18711853692715,0.263544717051144
"607",5.18711853692715,0.263544717051144,5.32849020633869,-0.303687289847013
"608",5.32849020633869,-0.303687289847013,4.21846080207029,-0.364773813666815
"609",4.21846080207029,-0.364773813666815,3.54650904005248,-0.115191730631626
"610",3.54650904005248,-0.115191730631626,3.24456707945746,0.226892802759263
"611",3.24456707945746,0.226892802759263,4.50294947014537,-0.364773813666815
"612",4.50294947014537,-0.364773813666815,4.27431133813411,-0.303687289847013
"613",4.27431133813411,-0.303687289847013,3.56221700332043,0.190240888467382
"614",3.56221700332043,0.190240888467382,3.49589449174464,0.20943951023932
"615",3.49589449174464,0.20943951023932,2.21307749152881,-0.193731546971371
"616",2.21307749152881,-0.193731546971371,2.43647963578408,0.193731546971371
"617",2.43647963578408,0.193731546971371,2.11882971192112,-0.525344104850293
"618",2.11882971192112,-0.525344104850293,1.7226399717184,0.289724655831059
"619",1.7226399717184,0.289724655831059,1.86401164112994,0.300196631343025
"620",1.86401164112994,0.300196631343025,0.322885911618951,-0.202458193231342
"621",0.322885911618951,-0.202458193231342,0.0750491578357562,0.359537825910832
"622",0.0750491578357562,0.359537825910832,2.05250720034533,-0.20943951023932
"623",2.05250720034533,-0.20943951023932,1.13097335529233,0.0942477796076938
"624",1.13097335529233,0.0942477796076938,1.13097335529233,0.363028484414821
"625",1.13097335529233,0.363028484414821,1.10304808726042,-0.401425727958696
"626",1.10304808726042,-0.401425727958696,0.696386371545737,-0.439822971502571
"627",0.696386371545737,-0.439822971502571,6.11912435749212,0.125663706143592
"628",6.11912435749212,0.125663706143592,0.876155284501153,-0.22165681500328
"629",0.876155284501153,-0.22165681500328,4.41568300754565,0.188495559215388
"630",4.41568300754565,0.188495559215388,4.28478331364608,0.329867228626928
"631",4.28478331364608,0.329867228626928,5.65137611795764,0.387463093942741
"632",5.65137611795764,0.387463093942741,3.42433599241287,0.197222205475359
"633",3.42433599241287,0.197222205475359,5.24820506074695,-0.235619449019234
"634",5.24820506074695,-0.235619449019234,5.50302313153812,0.328121899374934
"635",5.50302313153812,0.328121899374934,3.83972435438753,-0.364773813666815
"636",3.83972435438753,-0.364773813666815,3.7559485502918,-0.404916386462684
"637",3.7559485502918,-0.404916386462684,2.65639112153537,0.200712863979348
"638",2.65639112153537,0.200712863979348,3.16428193386572,0.20943951023932
"639",3.16428193386572,0.20943951023932,1.18856922060814,0.370009801422798
"640",1.18856922060814,0.370009801422798,0.888372589265114,-0.373500459926786
"641",0.888372589265114,-0.373500459926786,0.699877030049726,0.321140582366957
"642",0.699877030049726,0.321140582366957,0.649262481741891,-0.404916386462684
"643",0.649262481741891,-0.404916386462684,0.549778714378214,0.11693705988362
"644",0.549778714378214,0.11693705988362,6.00044196835651,0.115191730631626
"645",6.00044196835651,0.115191730631626,5.63741348394168,0.396189740202713
"646",5.63741348394168,0.396189740202713,0.172787595947439,-0.303687289847013
"647",0.172787595947439,-0.303687289847013,5.92015682276477,0.12915436464758
"648",5.92015682276477,0.12915436464758,4.98466034369581,0.146607657167524
"649",4.98466034369581,0.146607657167524,5.55712833834995,0.29845130209103
"650",5.55712833834995,0.29845130209103,3.55349035706046,0.218166156499291
"651",3.55349035706046,0.218166156499291,2.81696141271885,0.305432619099008
"652",2.81696141271885,0.305432619099008,3.39292006587698,0.211184839491314
"653",3.39292006587698,0.211184839491314,3.37895743186102,0.265290046303138
"654",3.37895743186102,0.265290046303138,3.70009801422798,-0.375245789178781
"655",3.70009801422798,-0.375245789178781,3.49938515024863,0.267035375555132
"656",3.49938515024863,0.267035375555132,2.91993583858651,0.190240888467382
"657",2.91993583858651,0.190240888467382,2.56737932968366,-0.486946861306418
"658",2.56737932968366,-0.486946861306418,2.1223203704251,0.356047167406843
"659",2.1223203704251,0.356047167406843,3.38244809036501,0.16929693744345
"660",3.38244809036501,0.16929693744345,2.34572251468038,-0.132645023151569
"661",2.34572251468038,-0.132645023151569,2.33350520991642,0.230383461263251
"662",2.33350520991642,0.230383461263251,1.26536370769589,0.329867228626928
"663",1.26536370769589,0.329867228626928,0.760963553869528,-0.39095375244673
"664",0.760963553869528,-0.39095375244673,1.91811684794177,0.254818070791172
"665",1.91811684794177,0.254818070791172,5.83289036016505,0.284488668075076
"666",5.83289036016505,0.284488668075076,0.139626340159546,-0.237364778271229
"667",0.139626340159546,-0.237364778271229,0.0890117918517108,-0.35081117965086
"668",0.0890117918517108,-0.35081117965086,5.81194640914112,-0.376991118430775
"669",5.81194640914112,-0.376991118430775,0.0349065850398866,0.331612557878923
"670",0.0349065850398866,0.331612557878923,6.00742328536448,-0.172787595947439
"671",6.00742328536448,-0.172787595947439,4.10675972994266,-0.342084533390889
"672",4.10675972994266,-0.342084533390889,3.75769387954379,-0.401425727958696
"673",3.75769387954379,-0.401425727958696,3.64075681966017,0.263544717051144
"674",3.64075681966017,0.263544717051144,4.06661715714679,0.356047167406843
"675",4.06661715714679,0.356047167406843,3.22362312843353,-0.179768912955416
"676",3.22362312843353,-0.179768912955416,4.28129265514209,0.383972435438752
"677",4.28129265514209,0.383972435438752,3.02116493520218,0.319395253114962
"678",3.02116493520218,0.319395253114962,3.99505865781502,-0.370009801422798
"679",3.99505865781502,-0.370009801422798,2.58308729295161,-0.122173047639603
"680",2.58308729295161,-0.122173047639603,2.13977366294505,0.356047167406843
"681",2.13977366294505,0.356047167406843,3.38244809036501,0.185004900711399
"682",3.38244809036501,0.185004900711399,3.04559954473011,0.328121899374934
"683",3.04559954473011,0.328121899374934,1.55334303427495,-0.10471975511966
"684",1.55334303427495,-0.10471975511966,1.4451326206513,0.195476876223365
"685",1.4451326206513,0.195476876223365,0.6771877497738,-0.396189740202713
"686",0.6771877497738,-0.396189740202713,0.0890117918517108,-0.335103216382911
"687",0.0890117918517108,-0.335103216382911,0.0174532925199433,0.240855436775218
"688",0.0174532925199433,0.240855436775218,1.12573736753634,0.424115008234622
"689",1.12573736753634,0.424115008234622,6.09643507721619,-0.16929693744345
"690",6.09643507721619,-0.16929693744345,5.77529449484924,0.270526034059121
"691",5.77529449484924,0.270526034059121,1.15715329407224,0.190240888467382
"692",1.15715329407224,0.190240888467382,5.99346065134853,0.171042266695444
"693",5.99346065134853,0.171042266695444,0.431096325242599,-0.305432619099008
"694",0.431096325242599,-0.305432619099008,5.25169571925094,-0.300196631343025
"695",5.25169571925094,-0.300196631343025,0.45553093477052,-0.453785605518526
"696",0.45553093477052,-0.453785605518526,5.82067305540109,0.200712863979348
"697",5.82067305540109,0.200712863979348,4.07708913265875,0.349065850398866
"698",4.07708913265875,0.349065850398866,4.46978821435748,-0.256563400043166
"699",4.46978821435748,-0.256563400043166,3.14333798284179,0.32637657012294
"700",3.14333798284179,0.32637657012294,3.74722190403183,0.130899693899575
"701",3.74722190403183,0.130899693899575,3.80830842785163,-0.123918376891597
"702",3.80830842785163,-0.123918376891597,2.85361332701073,0.178023583703422
"703",2.85361332701073,0.178023583703422,2.07868713912525,0.328121899374934
"704",2.07868713912525,0.328121899374934,3.87114028092342,0.432841654494594
"705",3.87114028092342,0.432841654494594,3.02814625221016,0.151843644923507
"706",3.02814625221016,0.151843644923507,3.65297412442413,-0.413643032722656
"707",3.65297412442413,-0.413643032722656,3.14508331209378,0.0471238898038469
"708",3.14508331209378,0.0471238898038469,1.26012771993991,0.176278254451427
"709",1.26012771993991,0.176278254451427,0.0488692190558412,-0.267035375555132
"710",0.0488692190558412,-0.267035375555132,0.333357887130917,0.120427718387609
"711",0.333357887130917,0.120427718387609,0.144862327915529,-0.256563400043166
"712",0.144862327915529,-0.256563400043166,6.28143997792759,0.211184839491314
"713",6.28143997792759,0.211184839491314,6.14530429627203,0.115191730631626
"714",6.14530429627203,0.115191730631626,6.2796946486756,-0.198967534727354
"715",6.2796946486756,-0.198967534727354,4.69319035861275,-0.240855436775218
"716",4.69319035861275,-0.240855436775218,4.6478117980609,0.178023583703422
"717",4.6478117980609,0.178023583703422,5.73166126354938,-0.223402144255274
"718",5.73166126354938,-0.223402144255274,6.22908010036776,0.122173047639603
"719",6.22908010036776,0.122173047639603,5.74038790980935,-0.29845130209103
"720",5.74038790980935,-0.29845130209103,4.95848040491589,-0.506145483078356
"721",4.95848040491589,-0.506145483078356,4.03869188911488,-0.165806278939461
"722",4.03869188911488,-0.165806278939461,3.74896723328382,-0.321140582366957
"723",3.74896723328382,-0.321140582366957,5.9393554445367,0.242600766027212
"724",5.9393554445367,0.242600766027212,3.57443430808439,-0.364773813666815
"725",3.57443430808439,-0.364773813666815,3.35103216382911,0.0907571211037051
"726",3.35103216382911,0.0907571211037051,2.66511776779534,0.178023583703422
"727",2.66511776779534,0.178023583703422,1.88670092140587,0.445058959258554
"728",1.88670092140587,0.445058959258554,1.33517687777566,-0.144862327915529
"729",1.33517687777566,-0.144862327915529,0.849975345721238,0.240855436775218
"730",0.849975345721238,0.240855436775218,1.97571271325758,0.429350995990605
"731",1.97571271325758,0.429350995990605,1.27409035395586,0.151843644923507
"732",1.27409035395586,0.151843644923507,1.74881991049832,0.0558505360638185
"733",1.74881991049832,0.0558505360638185,0.115191730631626,-0.178023583703422
"734",0.115191730631626,-0.178023583703422,6.19591884457987,0.319395253114962
"735",6.19591884457987,0.319395253114962,0.724311639577647,-0.20943951023932
"736",0.724311639577647,-0.20943951023932,4.8328166987723,-0.485201532054424
"737",4.8328166987723,-0.485201532054424,4.68795437085677,-0.2460914245312
"738",4.68795437085677,-0.2460914245312,6.04582052890836,-0.232128790515246
"739",6.04582052890836,-0.232128790515246,4.48724150687742,0.18151424220741
"740",4.48724150687742,0.18151424220741,4.20449816805434,-0.160570291183478
"741",4.20449816805434,-0.160570291183478,3.70184334347997,-0.336848545634906
"742",3.70184334347997,-0.336848545634906,4.65479311506888,-0.253072741539178
"743",4.65479311506888,-0.253072741539178,4.79791011373241,0.198967534727354
"744",4.79791011373241,0.198967534727354,4.59894257900506,0.261799387799149
"745",4.59894257900506,0.261799387799149,5.42971930295436,-0.284488668075076
"746",5.42971930295436,-0.284488668075076,4.66177443207685,-0.228638132011257
"747",4.66177443207685,-0.228638132011257,3.55523568631245,-0.0680678408277788
"748",3.55523568631245,-0.0680678408277788,3.45051593119279,-0.143116998663535
"749",3.45051593119279,-0.143116998663535,2.71922297460717,0.205948851735331
"750",2.71922297460717,0.205948851735331,3.06130750799805,-0.406661715714679
"751",3.06130750799805,-0.406661715714679,4.6792277245968,-0.366519142918809
"752",4.6792277245968,-0.366519142918809,3.51334778426459,-0.0925024503556995
"753",3.51334778426459,-0.0925024503556995,1.76627320301826,0.0837758040957278
"754",1.76627320301826,0.0837758040957278,1.56730566829091,0.0925024503556995
"755",1.56730566829091,0.0925024503556995,1.36310214580757,-0.146607657167524
"756",1.36310214580757,-0.146607657167524,1.15540796482025,-0.301941960595019
"757",1.15540796482025,-0.301941960595019,3.18522588488965,0.0418879020478639
"758",3.18522588488965,0.0418879020478639,1.7226399717184,-0.0907571211037051
"759",1.7226399717184,-0.0907571211037051,0.279252680319093,0.130899693899575
"760",0.279252680319093,0.130899693899575,1.58999494856683,-0.308923277602996
"761",1.58999494856683,-0.308923277602996,0.757472895365539,0.270526034059121
"762",0.757472895365539,0.270526034059121,6.04407519965636,-0.27401669256311
"763",6.04407519965636,-0.27401669256311,0.453785605518526,0.263544717051144
"764",0.453785605518526,0.263544717051144,5.39655804716647,-0.308923277602996
"765",5.39655804716647,-0.308923277602996,0.691150383789754,0.300196631343025
"766",0.691150383789754,0.300196631343025,4.26034870411816,-0.225147473507269
"767",4.26034870411816,-0.225147473507269,3.27423767674136,0.0820304748437335
"768",3.27423767674136,0.0820304748437335,1.05417886820457,-0.230383461263251
"769",1.05417886820457,-0.230383461263251,1.75231056900231,-0.305432619099008
"770",1.75231056900231,-0.305432619099008,1.50621914447111,0.205948851735331
"771",1.50621914447111,0.205948851735331,0.829031394697307,0.268780704807127
"772",0.829031394697307,0.268780704807127,1.38753675533549,-0.373500459926786
"773",1.38753675533549,-0.373500459926786,0.258308729295161,-0.219911485751285
"774",0.258308729295161,-0.219911485751285,1.05243353895258,-0.340339204138894
"775",1.05243353895258,-0.340339204138894,6.23955207587973,0.239110107523223
"776",6.23955207587973,0.239110107523223,5.19235452468313,-0.139626340159546
"777",5.19235452468313,-0.139626340159546,5.05621884302757,-0.333357887130917
"778",5.05621884302757,-0.333357887130917,5.82765437240907,0.310668606854991
"779",5.82765437240907,0.310668606854991,4.34936049596987,-0.422369678982628
"780",4.34936049596987,-0.422369678982628,2.99323966717028,-0.137881010907552
"781",2.99323966717028,-0.137881010907552,4.74729556542458,-0.32637657012294
"782",4.74729556542458,-0.32637657012294,2.33175988066442,0.23387411976724
"783",2.33175988066442,0.23387411976724,2.14151899219704,-0.225147473507269
"784",2.14151899219704,-0.225147473507269,2.155481626213,0.235619449019234
"785",2.155481626213,0.235619449019234,1.99840199353351,0.127409035395586
"786",1.99840199353351,0.127409035395586,1.75056523975031,0.0366519142918809
"787",1.75056523975031,0.0366519142918809,1.55508836352695,-0.315904594610974
"788",1.55508836352695,-0.315904594610974,2.21307749152881,0.155334303427495
"789",2.21307749152881,0.155334303427495,2.69827902358323,0.130899693899575
"790",2.69827902358323,0.130899693899575,1.13271868454432,-0.150098315671512
"791",1.13271868454432,-0.150098315671512,0.598647933434055,-0.2460914245312
"792",0.598647933434055,-0.2460914245312,0.485201532054424,0.521853446346304
"793",0.485201532054424,0.521853446346304,6.12959633300409,0.200712863979348
"794",6.12959633300409,0.200712863979348,5.29707427980279,-0.265290046303138
"795",5.29707427980279,-0.265290046303138,5.32674487708669,-0.396189740202713
"796",5.32674487708669,-0.396189740202713,4.90262986885207,-0.28623399732707
"797",4.90262986885207,-0.28623399732707,4.43837228782158,-0.431096325242599
"798",4.43837228782158,-0.431096325242599,5.21678913421105,0.144862327915529
"799",5.21678913421105,0.144862327915529,4.64083048105292,-0.106465084371654
"800",4.64083048105292,-0.106465084371654,5.22027979271504,0.136135681655558
"801",5.22027979271504,0.136135681655558,3.30565360327726,0.0959931088596881
"802",3.30565360327726,0.0959931088596881,3.17649923862968,-0.277507351067098
"803",3.17649923862968,-0.277507351067098,2.99323966717028,0.127409035395586
"804",2.99323966717028,0.127409035395586,2.69827902358323,0.0733038285837618
"805",2.69827902358323,0.0733038285837618,3.6634460999361,0.108210413623648
"806",3.6634460999361,0.108210413623648,2.48185819633594,0.22165681500328
"807",2.48185819633594,0.22165681500328,3.55872634481644,-0.310668606854991
"808",3.55872634481644,-0.310668606854991,3.64424747816416,-0.263544717051144
"809",3.64424747816416,-0.263544717051144,1.72787595947439,-0.272271363311115
"810",1.72787595947439,-0.272271363311115,1.81165176357011,0.237364778271229
"811",1.81165176357011,0.237364778271229,1.8779742751459,0.10471975511966
"812",1.8779742751459,0.10471975511966,1.91113553093379,0.235619449019234
"813",1.91113553093379,0.235619449019234,2.65115513377939,0.186750229963393
"814",2.65115513377939,0.186750229963393,2.02981792006941,-0.3385938748869
"815",2.02981792006941,-0.3385938748869,0.546288055874225,-0.284488668075076
"816",0.546288055874225,-0.284488668075076,0.174532925199433,-0.319395253114962
"817",0.174532925199433,-0.319395253114962,0.432841654494594,0.191986217719376
"818",0.432841654494594,0.191986217719376,6.26573201465964,-0.280998009571087
"819",6.26573201465964,-0.280998009571087,1.95302343298165,0.23387411976724
"820",1.95302343298165,0.23387411976724,0.66497044500984,0.260054058547155
"821",0.66497044500984,0.260054058547155,5.28834763354282,-0.27401669256311
"822",5.28834763354282,-0.27401669256311,5.28136631653484,-0.389208423194735
"823",5.28136631653484,-0.389208423194735,5.1103240498394,0.191986217719376
"824",5.1103240498394,0.191986217719376,4.98989633145179,0.20943951023932
"825",4.98989633145179,0.20943951023932,5.5082591192941,-0.261799387799149
"826",5.5082591192941,-0.261799387799149,5.55189235059396,-0.0942477796076938
"827",5.55189235059396,-0.0942477796076938,3.91826417072727,0.354301838154849
"828",3.91826417072727,0.354301838154849,4.91833783212002,-0.389208423194735
"829",4.91833783212002,-0.389208423194735,3.97411470679109,0.279252680319093
"830",3.97411470679109,0.279252680319093,3.91128285371929,-0.102974425867665
"831",3.91128285371929,-0.102974425867665,3.71580597749593,0.188495559215388
"832",3.71580597749593,0.188495559215388,2.04378055408536,0.223402144255274
"833",2.04378055408536,0.223402144255274,0.85870199198121,0.160570291183478
"834",0.85870199198121,0.160570291183478,0.331612557878923,0.253072741539178
"835",0.331612557878923,0.253072741539178,1.22871179340401,-0.111701072127637
"836",1.22871179340401,-0.111701072127637,6.06676447993229,-0.186750229963393
"837",6.06676447993229,-0.186750229963393,6.17497489355594,-0.144862327915529
"838",6.17497489355594,-0.144862327915529,5.71420797102943,-0.287979326579064
"839",5.71420797102943,-0.287979326579064,1.70867733770245,0.27401669256311
"840",1.70867733770245,0.27401669256311,0.249582083035189,-0.204203522483337
"841",0.249582083035189,-0.204203522483337,5.14173997637529,-0.40317105721069
"842",5.14173997637529,-0.40317105721069,1.12050137978036,0.303687289847013
"843",1.12050137978036,0.303687289847013,6.14704962552403,0.127409035395586
"844",6.14704962552403,0.127409035395586,4.20449816805434,-0.422369678982628
"845",4.20449816805434,-0.422369678982628,4.48375084837343,-0.143116998663535
"846",4.48375084837343,-0.143116998663535,3.48891317473666,0.364773813666815
"847",3.48891317473666,0.364773813666815,3.70533400198396,-0.446804288510548
"848",3.70533400198396,-0.446804288510548,2.93564380185446,0.0820304748437335
"849",2.93564380185446,0.0820304748437335,2.56214334192768,-0.282743338823081
"850",2.56214334192768,-0.282743338823081,4.52738407967329,-0.268780704807127
"851",4.52738407967329,-0.268780704807127,2.94611577736643,-0.185004900711399
"852",2.94611577736643,-0.185004900711399,2.90073721681458,-0.336848545634906
"853",2.90073721681458,-0.336848545634906,1.46782190092723,-0.148352986419518
"854",1.46782190092723,-0.148352986419518,2.0943951023932,0.178023583703422
"855",2.0943951023932,0.178023583703422,1.9076448724298,0.240855436775218
"856",1.9076448724298,0.240855436775218,0.947713783832921,0.108210413623648
"857",0.947713783832921,0.108210413623648,0.630063859969953,0.167551608191456
"858",0.630063859969953,0.167551608191456,2.80474410795489,-0.282743338823081
"859",2.80474410795489,-0.282743338823081,2.18166156499291,-0.188495559215388
"860",2.18166156499291,-0.188495559215388,1.32819556076768,0.0872664625997165
"861",1.32819556076768,0.0872664625997165,5.0789081233035,-0.39095375244673
"862",5.0789081233035,-0.39095375244673,3.73849525777185,-0.457276264022514
"863",3.73849525777185,-0.457276264022514,3.77165651355975,-0.191986217719376
"864",3.77165651355975,-0.191986217719376,5.33372619409467,-0.237364778271229
"865",5.33372619409467,-0.237364778271229,3.42782665091686,0.207694180987325
"866",3.42782665091686,0.207694180987325,3.06479816650204,-0.191986217719376
"867",3.06479816650204,-0.191986217719376,4.02996524285491,0.343829862642883
"868",4.02996524285491,0.343829862642883,2.95309709437441,0.143116998663535
"869",2.95309709437441,0.143116998663535,2.34572251468038,-0.261799387799149
"870",2.34572251468038,-0.261799387799149,2.65988178003936,-0.178023583703422
"871",2.65988178003936,-0.178023583703422,3.44353461418481,-0.204203522483337
"872",3.44353461418481,-0.204203522483337,3.37721210260903,-0.251327412287183
"873",3.37721210260903,-0.251327412287183,2.99673032567426,0.0890117918517108
"874",2.99673032567426,0.0890117918517108,1.9093902016818,-0.27401669256311
"875",1.9093902016818,-0.27401669256311,1.32121424375971,-0.162315620435473
"876",1.32121424375971,-0.162315620435473,3.8170350741116,-0.0488692190558412
"877",3.8170350741116,-0.0488692190558412,3.25154839646544,0.0907571211037051
"878",3.25154839646544,0.0907571211037051,1.66853476490658,0.0994837673636768
"879",1.66853476490658,0.0994837673636768,1.19729586686811,0.143116998663535
"880",1.19729586686811,0.143116998663535,1.13446401379631,0.32637657012294
"881",1.13446401379631,0.32637657012294,0.731292956585624,0.162315620435473
"882",0.731292956585624,0.162315620435473,0.452040276266531,-0.174532925199433
"883",0.452040276266531,-0.174532925199433,0.11693705988362,0.0977384381116825
"884",0.11693705988362,0.0977384381116825,5.99346065134853,-0.235619449019234
"885",5.99346065134853,-0.235619449019234,5.2028265001951,-0.256563400043166
"886",5.2028265001951,-0.256563400043166,4.02123859659494,0.272271363311115
"887",4.02123859659494,0.272271363311115,3.46273323595675,-0.287979326579064
"888",3.46273323595675,-0.287979326579064,3.28470965225333,0.18151424220741
"889",3.28470965225333,0.18151424220741,3.10494073929791,-0.198967534727354
"890",3.10494073929791,-0.198967534727354,2.96531439913837,0.193731546971371
"891",2.96531439913837,0.193731546971371,2.58308729295161,-0.226892802759263
"892",2.58308729295161,-0.226892802759263,4.42266432455363,-0.287979326579064
"893",4.42266432455363,-0.287979326579064,1.55683369277894,-0.287979326579064
"894",1.55683369277894,-0.287979326579064,1.38928208458749,-0.27401669256311
"895",1.38928208458749,-0.27401669256311,1.2915436464758,-0.188495559215388
"896",1.2915436464758,-0.188495559215388,1.2007865253721,-0.00174532925199433
"897",1.2007865253721,-0.00174532925199433,0.970403064108847,0.185004900711399
"898",0.970403064108847,0.185004900711399,0.328121899374934,-0.258308729295161
"899",0.328121899374934,-0.258308729295161,0.961676417848876,0.18151424220741
"900",0.961676417848876,0.18151424220741,0.230383461263251,0.370009801422798
"901",0.230383461263251,0.370009801422798,5.38957673015849,-0.155334303427495
"902",5.38957673015849,-0.155334303427495,5.92364748126875,-0.101229096615671
"903",5.92364748126875,-0.101229096615671,4.78220215046446,-0.258308729295161
"904",4.78220215046446,-0.258308729295161,4.4628068973495,-0.321140582366957
"905",4.4628068973495,-0.321140582366957,3.8170350741116,0.186750229963393
"906",3.8170350741116,0.186750229963393,3.80307244009564,-0.0855211333477222
"907",3.80307244009564,-0.0855211333477222,3.51160245501259,-0.282743338823081
"908",3.51160245501259,-0.282743338823081,3.31787090804122,0.28623399732707
"909",3.31787090804122,0.28623399732707,2.3404865269244,-0.368264472170804
"910",2.3404865269244,-0.368264472170804,3.81179908635562,-0.139626340159546
"911",3.81179908635562,-0.139626340159546,3.76816585505576,0.322885911618951
"912",3.76816585505576,0.322885911618951,1.71740398396242,0.185004900711399
"913",1.71740398396242,0.185004900711399,3.44527994343681,-0.312413936106985
"914",3.44527994343681,-0.312413936106985,1.29677963423179,0.185004900711399
"915",1.29677963423179,0.185004900711399,3.19569786040162,0.10471975511966
"916",3.19569786040162,0.10471975511966,2.20086018676485,0.0750491578357562
"917",2.20086018676485,0.0750491578357562,2.24972940582069,-0.167551608191456
"918",2.24972940582069,-0.167551608191456,0.424115008234622,0.324631240870945
"919",0.424115008234622,0.324631240870945,5.53967504583,-0.12915436464758
"920",5.53967504583,-0.12915436464758,5.48906049752217,0.321140582366957
"921",5.48906049752217,0.321140582366957,4.37379510549779,-0.331612557878923
"922",4.37379510549779,-0.331612557878923,5.2935836212988,-0.253072741539178
"923",5.2935836212988,-0.253072741539178,4.43837228782158,-0.363028484414821
"924",4.43837228782158,-0.363028484414821,3.92350015848325,0.228638132011257
"925",3.92350015848325,0.228638132011257,3.07527014201401,-0.10471975511966
"926",3.07527014201401,-0.10471975511966,4.36506845923782,-0.207694180987325
"927",4.36506845923782,-0.207694180987325,2.52549142763579,-0.102974425867665
"928",2.52549142763579,-0.102974425867665,2.28638132011257,-0.39095375244673
"929",2.28638132011257,-0.39095375244673,1.92160750644576,0.195476876223365
"930",1.92160750644576,0.195476876223365,3.59712358836031,-0.193731546971371
"931",3.59712358836031,-0.193731546971371,2.12057504117311,-0.310668606854991
"932",2.12057504117311,-0.310668606854991,1.94080612821769,-0.228638132011257
"933",1.94080612821769,-0.228638132011257,2.11533905341713,0.219911485751285
"934",2.11533905341713,0.219911485751285,2.11533905341713,0.310668606854991
"935",2.11533905341713,0.310668606854991,1.40499004785544,0.263544717051144
"936",1.40499004785544,0.263544717051144,3.11192205630589,-0.310668606854991
"937",3.11192205630589,-0.310668606854991,2.24972940582069,-0.160570291183478
"938",2.24972940582069,-0.160570291183478,3.20616983591358,0.251327412287183
"939",3.20616983591358,0.251327412287183,0.638790506229925,-0.178023583703422
"940",0.638790506229925,-0.178023583703422,2.91469985083053,0.0977384381116825
"941",2.91469985083053,0.0977384381116825,2.92866248484649,-0.232128790515246
"942",2.92866248484649,-0.232128790515246,0.336848545634906,0.211184839491314
"943",0.336848545634906,0.211184839491314,1.02625360017267,-0.111701072127637
"944",1.02625360017267,-0.111701072127637,0.420624349730633,0.364773813666815
"945",0.420624349730633,0.364773813666815,5.59552558189382,-0.185004900711399
"946",5.59552558189382,-0.185004900711399,0.436332312998582,0.315904594610974
"947",0.436332312998582,0.315904594610974,6.2186081248558,0.239110107523223
"948",6.2186081248558,0.239110107523223,4.92008316137201,0.249582083035189
"949",4.92008316137201,0.249582083035189,6.22733477111577,0.240855436775218
"950",6.22733477111577,0.240855436775218,4.42440965380563,-0.113446401379631
"951",4.42440965380563,-0.113446401379631,4.11897703470662,-0.12915436464758
"952",4.11897703470662,-0.12915436464758,3.89732021970334,-0.158824961931484
"953",3.89732021970334,-0.158824961931484,5.44368193697031,-0.12915436464758
"954",5.44368193697031,-0.12915436464758,4.01949326734294,0.389208423194735
"955",4.01949326734294,0.389208423194735,3.68089939245604,-0.22165681500328
"956",3.68089939245604,-0.22165681500328,3.37895743186102,0.247836753783195
"957",3.37895743186102,0.247836753783195,3.20442450666159,0.0453785605518526
"958",3.20442450666159,0.0453785605518526,4.51342144565734,-0.492182849062401
"959",4.51342144565734,-0.492182849062401,3.55698101556444,-0.198967534727354
"960",3.55698101556444,-0.198967534727354,2.8012534494509,0.185004900711399
"961",2.8012534494509,0.185004900711399,2.32128790515246,-0.191986217719376
"962",2.32128790515246,-0.191986217719376,2.29336263712055,0.18151424220741
"963",2.29336263712055,0.18151424220741,3.60410490536829,0.125663706143592
"964",3.60410490536829,0.125663706143592,2.26892802759263,-0.293215314335047
"965",2.26892802759263,-0.293215314335047,2.07868713912525,-0.408407044966673
"966",2.07868713912525,-0.408407044966673,3.40164671213695,0.253072741539178
"967",3.40164671213695,0.253072741539178,1.77150919077424,0.11693705988362
"968",1.77150919077424,0.11693705988362,0.853466004225227,-0.247836753783195
"969",0.853466004225227,-0.247836753783195,0.654498469497874,-0.155334303427495
"970",0.654498469497874,-0.155334303427495,1.11875605052837,0.237364778271229
"971",1.11875605052837,0.237364778271229,1.88495559215388,0.32637657012294
"972",1.88495559215388,0.32637657012294,0.986111027376796,0.176278254451427
"973",0.986111027376796,0.176278254451427,5.78925712886519,-0.237364778271229
"974",5.78925712886519,-0.237364778271229,1.68947871593051,0.329867228626928
"975",1.68947871593051,0.329867228626928,1.15889862332423,-0.183259571459405
"976",1.15889862332423,-0.183259571459405,6.25875069765167,-0.212930168743308
"977",6.25875069765167,-0.212930168743308,5.73864258055736,0.310668606854991
"978",5.73864258055736,0.310668606854991,4.82932604026831,0.0715584993317675
"979",4.82932604026831,0.0715584993317675,5.46811654649823,-0.148352986419518
"980",5.46811654649823,-0.148352986419518,4.41568300754565,-0.216420827247297
"981",4.41568300754565,-0.216420827247297,4.20973415581032,-0.305432619099008
"982",4.20973415581032,-0.305432619099008,4.04043721836687,0.261799387799149
"983",4.04043721836687,0.261799387799149,3.94793476801117,-0.18151424220741
"984",3.94793476801117,-0.18151424220741,3.77863783056772,-0.183259571459405
"985",3.77863783056772,-0.183259571459405,3.57268897883239,-0.188495559215388
"986",3.57268897883239,-0.188495559215388,2.97753170390233,-0.136135681655558
"987",2.97753170390233,-0.136135681655558,3.6006142468643,0.160570291183478
"988",3.6006142468643,0.160570291183478,2.25147473507268,-0.139626340159546
"989",2.25147473507268,-0.139626340159546,2.14151899219704,-0.212930168743308
"990",2.14151899219704,-0.212930168743308,1.89891822616983,-0.422369678982628
"991",1.89891822616983,-0.422369678982628,1.83608637309803,0.139626340159546
"992",1.83608637309803,0.139626340159546,0.856956662729216,0.134390352403563
"993",0.856956662729216,0.134390352403563,0.80634211442138,-0.225147473507269
"994",0.80634211442138,-0.225147473507269,0.602138591938044,-0.167551608191456
"995",0.602138591938044,-0.167551608191456,1.44862327915529,0.183259571459405
"996",1.44862327915529,0.183259571459405,0.0994837673636768,-0.20943951023932
"997",0.0994837673636768,-0.20943951023932,0.546288055874225,0.195476876223365
"998",0.546288055874225,0.195476876223365,6.22384411261178,0.212930168743308
"999",6.22384411261178,0.212930168743308,1.91288086018578,-0.439822971502571
"1000",1.91288086018578,-0.439822971502571,6.02836723638841,0.267035375555132
"1001",6.02836723638841,0.267035375555132,5.81020107988912,0.356047167406843
"1002",5.81020107988912,0.356047167406843,5.78925712886519,-0.284488668075076
"1003",5.78925712886519,-0.284488668075076,1.39451807234347,0.151843644923507
"1004",1.39451807234347,0.151843644923507,0.144862327915529,0.279252680319093
"1005",0.144862327915529,0.279252680319093,6.02313124863243,-0.198967534727354
"1006",6.02313124863243,-0.198967534727354,5.48033385126219,-0.294960643587042
"1007",5.48033385126219,-0.294960643587042,4.923573819876,-0.109955742875643
"1008",4.923573819876,-0.109955742875643,3.94968009726317,-0.151843644923507
"1009",3.94968009726317,-0.151843644923507,3.82750704962357,-0.22165681500328
"1010",3.82750704962357,-0.22165681500328,4.72635161440064,-0.307177948351002
"1011",4.72635161440064,-0.307177948351002,3.694862026472,0.144862327915529
"1012",3.694862026472,0.144862327915529,3.59188760060433,-0.150098315671512
"1013",3.59188760060433,-0.150098315671512,3.45749724820077,0.0436332312998582
"1014",3.45749724820077,0.0436332312998582,3.39117473662498,-0.29845130209103
"1015",3.39117473662498,-0.29845130209103,4.52912940892528,-0.23387411976724
"1016",4.52912940892528,-0.23387411976724,3.09970475154193,-0.406661715714679
"1017",3.09970475154193,-0.406661715714679,2.65115513377939,-0.219911485751285
"1018",2.65115513377939,-0.219911485751285,4.37554043474978,-0.120427718387609
"1019",4.37554043474978,-0.120427718387609,3.15904594610974,-0.23387411976724
"1020",3.15904594610974,-0.23387411976724,3.29867228626928,-0.144862327915529
"1021",3.29867228626928,-0.144862327915529,1.98443935951755,-0.261799387799149
"1022",1.98443935951755,-0.261799387799149,2.90597320457056,-0.158824961931484
"1023",2.90597320457056,-0.158824961931484,2.65115513377939,0.139626340159546
"1024",2.65115513377939,0.139626340159546,2.25671072282867,0.150098315671512
"1025",2.25671072282867,0.150098315671512,1.72962128872638,0.188495559215388
"1026",1.72962128872638,0.188495559215388,1.20776784238008,0.207694180987325
"1027",1.20776784238008,0.207694180987325,0.74176493209759,-0.232128790515246
"1028",0.74176493209759,-0.232128790515246,0.647517152489896,0.193731546971371
"1029",0.647517152489896,0.193731546971371,0.546288055874225,-0.186750229963393
"1030",0.546288055874225,-0.186750229963393,1.39626340159546,-0.361283155162826
"1031",1.39626340159546,-0.361283155162826,0.137881010907552,0.270526034059121
"1032",0.137881010907552,0.270526034059121,2.36666646570431,-0.300196631343025
"1033",2.36666646570431,-0.300196631343025,6.19766417383186,-0.190240888467382
"1034",6.19766417383186,-0.190240888467382,0.956440430092892,-0.109955742875643
"1035",0.956440430092892,-0.109955742875643,0.556760031386191,-0.237364778271229
"1036",0.556760031386191,-0.237364778271229,6.01265927312047,-0.223402144255274
"1037",6.01265927312047,-0.223402144255274,5.96902604182061,-0.162315620435473
"1038",5.96902604182061,-0.162315620435473,2.23576677180474,0.139626340159546
"1039",2.23576677180474,0.139626340159546,5.9707713710726,0.228638132011257
"1040",5.9707713710726,0.228638132011257,5.96902604182061,-0.422369678982628
"1041",5.96902604182061,-0.422369678982628,5.8800142499689,-0.483456202802429
"1042",5.8800142499689,-0.483456202802429,5.64788545945365,0.188495559215388
"1043",5.64788545945365,0.188495559215388,6.11039771123215,0.197222205475359
"1044",6.11039771123215,0.197222205475359,1.12748269678834,0.179768912955416
"1045",1.12748269678834,0.179768912955416,0.691150383789754,-0.109955742875643
"1046",0.691150383789754,-0.109955742875643,6.07025513843628,-0.174532925199433
"1047",6.07025513843628,-0.174532925199433,4.49073216538141,-0.308923277602996
"1048",4.49073216538141,-0.308923277602996,5.18711853692715,0.315904594610974
"1049",5.18711853692715,0.315904594610974,5.09112542806746,-0.228638132011257
"1050",5.09112542806746,-0.228638132011257,3.81878040336359,-0.0122173047639603
"1051",3.81878040336359,-0.0122173047639603,3.62330352714023,-0.141371669411541
"1052",3.62330352714023,-0.141371669411541,3.5395277230445,0.0191986217719376
"1053",3.5395277230445,0.0191986217719376,5.16093859814723,-0.211184839491314
"1054",5.16093859814723,-0.211184839491314,4.73333293140862,0.382227106186758
"1055",4.73333293140862,0.382227106186758,2.42077167251613,-0.287979326579064
"1056",2.42077167251613,-0.287979326579064,2.38237442897226,0.120427718387609
"1057",2.38237442897226,0.120427718387609,1.87273828738992,0.18151424220741
"1058",1.87273828738992,0.18151424220741,3.71406064824393,-0.296705972839036
"1059",3.71406064824393,-0.296705972839036,3.48716784548467,-0.191986217719376
"1060",3.48716784548467,-0.191986217719376,1.28979831722381,0.172787595947439
"1061",1.28979831722381,0.172787595947439,2.7995081201989,-0.101229096615671
"1062",2.7995081201989,-0.101229096615671,0.717330322569669,0.165806278939461
"1063",0.717330322569669,0.165806278939461,0.485201532054424,-0.436332312998582
"1064",0.485201532054424,-0.436332312998582,0.420624349730633,0.232128790515246
"1065",0.420624349730633,0.232128790515246,0.12915436464758,0.223402144255274
"1066",0.12915436464758,0.223402144255274,0.232128790515246,0.303687289847013
"1067",0.232128790515246,0.303687289847013,5.74213323906134,0.197222205475359
"1068",5.74213323906134,0.197222205475359,5.95506340780465,-0.0767944870877505
"1069",5.95506340780465,-0.0767944870877505,5.60948821590977,0.223402144255274
"1070",5.60948821590977,0.223402144255274,0.656243798749868,0.211184839491314
"1071",0.656243798749868,0.211184839491314,0.0331612557878923,-0.178023583703422
"1072",0.0331612557878923,-0.178023583703422,0.66497044500984,0.190240888467382
"1073",0.66497044500984,0.190240888467382,4.44884426333355,0.146607657167524
"1074",4.44884426333355,0.146607657167524,5.94459143229269,0.120427718387609
"1075",5.94459143229269,0.120427718387609,5.82590904315707,0.20943951023932
"1076",5.82590904315707,0.20943951023932,4.30747259392201,-0.335103216382911
"1077",4.30747259392201,-0.335103216382911,4.1538836197465,-0.171042266695444
"1078",4.1538836197465,-0.171042266695444,5.96902604182061,0.356047167406843
"1079",5.96902604182061,0.356047167406843,3.84321501289151,-0.275762021815104
"1080",3.84321501289151,-0.275762021815104,3.64075681966017,-0.195476876223365
"1081",3.64075681966017,-0.195476876223365,4.98291501444381,-0.204203522483337
"1082",4.98291501444381,-0.204203522483337,4.34761516671788,-0.176278254451427
"1083",4.34761516671788,-0.176278254451427,3.57792496658838,-0.270526034059121
"1084",3.57792496658838,-0.270526034059121,3.01941960595019,0.244346095279206
"1085",3.01941960595019,0.244346095279206,4.52912940892528,-0.232128790515246
"1086",4.52912940892528,-0.232128790515246,3.72802328225989,-0.382227106186758
"1087",3.72802328225989,-0.382227106186758,2.61799387799149,0.127409035395586
"1088",2.61799387799149,0.127409035395586,3.7245326237559,-0.282743338823081
"1089",3.7245326237559,-0.282743338823081,1.7837264955382,-0.123918376891597
"1090",1.7837264955382,-0.123918376891597,1.71042266695444,-0.11693705988362
"1091",1.71042266695444,-0.11693705988362,1.30027029273578,0.204203522483337
"1092",1.30027029273578,0.204203522483337,1.3229595730117,-0.2460914245312
"1093",1.3229595730117,-0.2460914245312,1.0768681484805,0.162315620435473
"1094",1.0768681484805,0.162315620435473,3.03687289847013,0.151843644923507
"1095",3.03687289847013,0.151843644923507,2.19213354050488,0.185004900711399
"1096",2.19213354050488,0.185004900711399,1.02625360017267,0.176278254451427
"1097",1.02625360017267,0.176278254451427,0.727802298081635,0.185004900711399
"1098",0.727802298081635,0.185004900711399,0.923279174305,-0.146607657167524
"1099",0.923279174305,-0.146607657167524,0.35081117965086,-0.459021593274509
"1100",0.35081117965086,-0.459021593274509,0.706858347057703,-0.120427718387609
"1101",0.706858347057703,-0.120427718387609,0.408407044966673,0.308923277602996
"1102",0.408407044966673,0.308923277602996,5.79972910437716,0.191986217719376
"1103",5.79972910437716,0.191986217719376,5.6339228254377,0.178023583703422
"1104",5.6339228254377,0.178023583703422,5.53269372882202,-0.179768912955416
"1105",5.53269372882202,-0.179768912955416,4.93055513688398,-0.0837758040957278
"1106",4.93055513688398,-0.0837758040957278,4.63035850554096,-0.282743338823081
"1107",4.63035850554096,-0.282743338823081,4.63384916404495,-0.146607657167524
"1108",4.63384916404495,-0.146607657167524,4.86772328381219,-0.130899693899575
"1109",4.86772328381219,-0.130899693899575,4.54832803069722,0.176278254451427
"1110",4.54832803069722,0.176278254451427,4.12944901021858,0.228638132011257
"1111",4.12944901021858,0.228638132011257,0.118682389135614,-0.214675497995303
"1112",0.118682389135614,-0.214675497995303,5.00734962397173,-0.172787595947439
"1113",5.00734962397173,-0.172787595947439,4.45582558034152,-0.23387411976724
"1114",4.45582558034152,-0.23387411976724,4.96022573416788,-0.15707963267949
"1115",4.96022573416788,-0.15707963267949,4.4645522266015,-0.296705972839036
"1116",4.4645522266015,-0.296705972839036,3.62330352714023,-0.171042266695444
"1117",3.62330352714023,-0.171042266695444,5.44542726622231,-0.22165681500328
"1118",5.44542726622231,-0.22165681500328,3.46971455296473,-0.2460914245312
"1119",3.46971455296473,-0.2460914245312,3.28470965225333,0.211184839491314
"1120",3.28470965225333,0.211184839491314,3.13635666583381,0.120427718387609
"1121",3.13635666583381,0.120427718387609,3.61806753938425,-0.308923277602996
"1122",3.61806753938425,-0.308923277602996,2.90248254606657,0.0733038285837618
"1123",2.90248254606657,0.0733038285837618,2.27067335684462,0.256563400043166
"1124",2.27067335684462,0.256563400043166,4.19751685104636,0.240855436775218
"1125",4.19751685104636,0.240855436775218,3.28296432300133,0.160570291183478
"1126",3.28296432300133,0.160570291183478,2.09614043164519,-0.143116998663535
"1127",2.09614043164519,-0.143116998663535,3.09097810528196,0.18151424220741
"1128",3.09097810528196,0.18151424220741,3.56570766182442,-0.232128790515246
"1129",3.56570766182442,-0.232128790515246,2.71573231610318,-0.272271363311115
"1130",2.71573231610318,-0.272271363311115,3.07177948351002,0.115191730631626
"1131",3.07177948351002,0.115191730631626,2.49582083035189,-0.32637657012294
"1132",2.49582083035189,-0.32637657012294,1.13446401379631,-0.212930168743308
"1133",1.13446401379631,-0.212930168743308,2.50803813511585,0.216420827247297
"1134",2.50803813511585,0.216420827247297,2.19562419900887,0.172787595947439
"1135",2.19562419900887,0.172787595947439,0.788888821901437,0.165806278939461
"1136",0.788888821901437,0.165806278939461,0.657989128001862,0.23387411976724
"1137",0.657989128001862,0.23387411976724,0.764454212373516,-0.125663706143592
"1138",0.764454212373516,-0.125663706143592,5.79972910437716,-0.153588974175501
"1139",5.79972910437716,-0.153588974175501,0.305432619099008,-0.172787595947439
"1140",0.305432619099008,-0.172787595947439,0.773180858633488,-0.212930168743308
"1141",0.773180858633488,-0.212930168743308,0.79412480965742,-0.315904594610974
"1142",0.79412480965742,-0.315904594610974,4.99164166070378,-0.254818070791172
"1143",4.99164166070378,-0.254818070791172,4.96197106341988,-0.191986217719376
"1144",4.96197106341988,-0.191986217719376,4.87994058857615,-0.251327412287183
"1145",4.87994058857615,-0.251327412287183,5.71769862953342,-0.417133691226645
"1146",5.71769862953342,-0.417133691226645,4.68620904160477,-0.308923277602996
"1147",4.68620904160477,-0.308923277602996,4.65130245656489,-0.230383461263251
"1148",4.65130245656489,-0.230383461263251,4.50294947014537,-0.247836753783195
"1149",4.50294947014537,-0.247836753783195,4.66177443207685,0.190240888467382
"1150",4.66177443207685,0.190240888467382,4.25511271636218,0.179768912955416
"1151",4.25511271636218,0.179768912955416,4.11025038844665,-0.315904594610974
"1152",4.11025038844665,-0.315904594610974,4.56403599396517,-0.347320521146872
"1153",4.56403599396517,-0.347320521146872,3.63377550265219,-0.167551608191456
"1154",3.63377550265219,-0.167551608191456,3.17824456788167,0.146607657167524
"1155",3.17824456788167,0.146607657167524,3.34230551756914,0.162315620435473
"1156",3.34230551756914,0.162315620435473,2.23576677180474,-0.164060949687467
"1157",2.23576677180474,-0.164060949687467,2.52025543987981,-0.130899693899575
"1158",2.52025543987981,-0.130899693899575,3.96887871903511,0.0680678408277788
"1159",3.96887871903511,0.0680678408277788,2.02981792006941,-0.178023583703422
"1160",2.02981792006941,-0.178023583703422,3.04385421547811,-0.397935069454707
"1161",3.04385421547811,-0.397935069454707,2.65813645078736,0.282743338823081
"1162",2.65813645078736,0.282743338823081,2.38761041672824,0.162315620435473
"1163",2.38761041672824,0.162315620435473,3.57967029584037,-0.162315620435473
"1164",3.57967029584037,-0.162315620435473,1.14493598930828,-0.357792496658838
"1165",1.14493598930828,-0.357792496658838,0.952949771588904,-0.251327412287183
"1166",0.952949771588904,-0.251327412287183,2.49756615960389,-0.151843644923507
"1167",2.49756615960389,-0.151843644923507,0.457276264022514,-0.167551608191456
"1168",0.457276264022514,-0.167551608191456,1.39277274309147,-0.359537825910832
"1169",1.39277274309147,-0.359537825910832,5.73166126354938,-0.258308729295161
"1170",5.73166126354938,-0.258308729295161,4.616395871525,-0.212930168743308
"1171",4.616395871525,-0.212930168743308,4.27256600888212,-0.22165681500328
"1172",4.27256600888212,-0.22165681500328,3.99505865781502,0.195476876223365
"1173",3.99505865781502,0.195476876223365,3.55523568631245,0.244346095279206
"1174",3.55523568631245,0.244346095279206,5.07192680629552,-0.0733038285837618
"1175",5.07192680629552,-0.0733038285837618,3.34754150532512,0.158824961931484
"1176",3.34754150532512,0.158824961931484,3.19569786040162,0.15707963267949
"1177",3.19569786040162,0.15707963267949,2.69478836507925,-0.10471975511966
"1178",2.69478836507925,-0.10471975511966,3.85368698840348,0.200712863979348
"1179",3.85368698840348,0.200712863979348,2.81347075421486,0.214675497995303
"1180",2.81347075421486,0.214675497995303,2.31081592964049,0.111701072127637
"1181",2.31081592964049,0.111701072127637,2.15897228471699,-0.148352986419518
"1182",2.15897228471699,-0.148352986419518,4.44709893408155,0.174532925199433
"1183",4.44709893408155,0.174532925199433,3.03163691071415,0.115191730631626
"1184",3.03163691071415,0.115191730631626,1.28281700021583,-0.0383972435438752
"1185",1.28281700021583,-0.0383972435438752,1.07163216072452,-0.251327412287183
"1186",1.07163216072452,-0.251327412287183,0.973893722612836,-0.0680678408277788
"1187",0.973893722612836,-0.0680678408277788,2.76111087665503,0.239110107523223
"1188",2.76111087665503,0.239110107523223,0.862192650485199,-0.0750491578357562
"1189",0.862192650485199,-0.0750491578357562,0.499164166070378,-0.172787595947439
"1190",0.499164166070378,-0.172787595947439,5.89572221323685,0.310668606854991
"1191",5.89572221323685,0.310668606854991,5.83114503091306,-0.268780704807127
"1192",5.83114503091306,-0.268780704807127,5.74038790980935,-0.212930168743308
"1193",5.74038790980935,-0.212930168743308,5.65835743496562,-0.425860337486616
"1194",5.65835743496562,-0.425860337486616,5.5082591192941,-0.413643032722656
"1195",5.5082591192941,-0.413643032722656,1.09432144100044,-0.0698131700797732
"1196",1.09432144100044,-0.0698131700797732,5.76133186083328,0.260054058547155
"1197",5.76133186083328,0.260054058547155,5.05621884302757,-0.291469985083053
"1198",5.05621884302757,-0.291469985083053,4.52738407967329,-0.136135681655558
"1199",4.52738407967329,-0.136135681655558,4.17657290002243,0.164060949687467
"1200",4.17657290002243,0.164060949687467,4.11374104695063,-0.249582083035189
"1201",4.11374104695063,-0.249582083035189,3.85543231765547,-0.308923277602996
"1202",3.85543231765547,-0.308923277602996,3.69660735572399,-0.331612557878923
"1203",3.69660735572399,-0.331612557878923,3.43131730942085,0.164060949687467
"1204",3.43131730942085,0.164060949687467,4.39473905652172,0.319395253114962
"1205",4.39473905652172,0.319395253114962,2.67209908480332,-0.12915436464758
"1206",2.67209908480332,-0.12915436464758,1.38753675533549,-0.0366519142918809
"1207",1.38753675533549,-0.0366519142918809,1.31946891450771,0.109955742875643
"1208",1.31946891450771,0.109955742875643,1.69995069144248,0.0855211333477222
"1209",1.69995069144248,0.0855211333477222,1.88321026290188,0.130899693899575
"1210",1.88321026290188,0.130899693899575,0.535816080362259,-0.139626340159546
"1211",0.535816080362259,-0.139626340159546,0.579449311662117,-0.0610865238198015
"1212",0.579449311662117,-0.0610865238198015,0.0349065850398866,0.228638132011257
"1213",0.0349065850398866,0.228638132011257,1.00530964914873,-0.183259571459405
"1214",1.00530964914873,-0.183259571459405,5.81369173839311,-0.272271363311115
"1215",5.81369173839311,-0.272271363311115,4.1538836197465,-0.191986217719376
"1216",4.1538836197465,-0.191986217719376,4.18006355852642,0.179768912955416
"1217",4.18006355852642,0.179768912955416,3.87637626867941,0.232128790515246
"1218",3.87637626867941,0.232128790515246,4.61115988376902,0.174532925199433
"1219",4.61115988376902,0.174532925199433,4.11897703470662,0.305432619099008
"1220",4.11897703470662,0.305432619099008,3.06654349575404,-0.0855211333477222
"1221",3.06654349575404,-0.0855211333477222,2.64068315826742,-0.12915436464758
"1222",2.64068315826742,-0.12915436464758,2.46440490381599,0.144862327915529
"1223",2.46440490381599,0.144862327915529,1.45909525466726,0.191986217719376
"1224",1.45909525466726,0.191986217719376,3.44527994343681,0.277507351067098
"1225",3.44527994343681,0.277507351067098,3.37372144410504,0.106465084371654
"1226",3.37372144410504,0.106465084371654,0.75398223686155,-0.141371669411541
"1227",0.75398223686155,-0.141371669411541,2.97055038689435,0.16929693744345
"1228",2.97055038689435,0.16929693744345,2.53596340314776,-0.185004900711399
"1229",2.53596340314776,-0.185004900711399,0.570722665402146,-0.179768912955416
"1230",0.570722665402146,-0.179768912955416,1.29503430497979,0.11693705988362
"1231",1.29503430497979,0.11693705988362,0.825540736193318,0.171042266695444
"1232",0.825540736193318,0.171042266695444,5.59378025264183,-0.115191730631626
"1233",5.59378025264183,-0.115191730631626,5.1085787205874,-0.160570291183478
"1234",5.1085787205874,-0.160570291183478,5.4175019981904,-0.0610865238198015
"1235",5.4175019981904,-0.0610865238198015,4.76125819944053,0.174532925199433
"1236",4.76125819944053,0.174532925199433,4.21147948506232,-0.23387411976724
"1237",4.21147948506232,-0.23387411976724,3.7559485502918,0.0820304748437335
"1238",3.7559485502918,0.0820304748437335,3.71755130674792,-0.151843644923507
"1239",3.71755130674792,-0.151843644923507,4.57101731097315,-0.270526034059121
"1240",4.57101731097315,-0.270526034059121,3.88510291493938,-0.202458193231342
"1241",3.88510291493938,-0.202458193231342,3.76467519655177,-0.0872664625997165
"1242",3.76467519655177,-0.0872664625997165,2.68606171881927,0.18151424220741
"1243",2.68606171881927,0.18151424220741,3.63901149040818,0.303687289847013
"1244",3.63901149040818,0.303687289847013,1.64410015537866,0.212930168743308
"1245",1.64410015537866,0.212930168743308,3.11890337331387,-0.146607657167524
"1246",3.11890337331387,-0.146607657167524,1.21474915938805,0.212930168743308
"1247",1.21474915938805,0.212930168743308,0.979129710368819,-0.109955742875643
"1248",0.979129710368819,-0.109955742875643,1.51145513222709,0.0959931088596881
"1249",1.51145513222709,0.0959931088596881,0.481710873550435,-0.10471975511966
"1250",0.481710873550435,-0.10471975511966,0.408407044966673,-0.190240888467382
"1251",0.408407044966673,-0.190240888467382,5.64264947169767,-0.0558505360638185
"1252",5.64264947169767,-0.0558505360638185,4.76125819944053,0.244346095279206
"1253",4.76125819944053,0.244346095279206,5.32849020633869,-0.216420827247297
"1254",5.32849020633869,-0.216420827247297,4.80838208924438,0.0383972435438752
"1255",4.80838208924438,0.0383972435438752,4.50818545790135,-0.340339204138894
"1256",4.50818545790135,-0.340339204138894,4.47851486061745,-0.27401669256311
"1257",4.47851486061745,-0.27401669256311,4.4331363000656,-0.261799387799149
"1258",4.4331363000656,-0.261799387799149,4.37728576400178,-0.331612557878923
"1259",4.37728576400178,-0.331612557878923,3.92873614623924,-0.132645023151569
"1260",3.92873614623924,-0.132645023151569,4.23591409459024,-0.347320521146872
"1261",4.23591409459024,-0.347320521146872,3.87637626867941,0.282743338823081
"1262",3.87637626867941,0.282743338823081,4.38950306876574,-0.329867228626928
"1263",4.38950306876574,-0.329867228626928,2.9845130209103,-0.167551608191456
"1264",2.9845130209103,-0.167551608191456,2.84663201000275,-0.315904594610974
"1265",2.84663201000275,-0.315904594610974,2.78903614468694,0.12915436464758
"1266",2.78903614468694,0.12915436464758,2.70351501133922,-0.190240888467382
"1267",2.70351501133922,-0.190240888467382,3.21140582366957,-0.150098315671512
"1268",3.21140582366957,-0.150098315671512,2.16246294322097,-0.331612557878923
"1269",2.16246294322097,-0.331612557878923,3.28820031075732,-0.349065850398866
"1270",3.28820031075732,-0.349065850398866,0.881391272257136,-0.315904594610974
"1271",0.881391272257136,-0.315904594610974,1.71391332545843,0.310668606854991
"1272",1.71391332545843,0.310668606854991,0.5846852994181,-0.16929693744345
"1273",0.5846852994181,-0.16929693744345,0.431096325242599,-0.191986217719376
"1274",0.431096325242599,-0.191986217719376,2.16769893097696,-0.244346095279206
"1275",2.16769893097696,-0.244346095279206,1.39451807234347,0.324631240870945
"1276",1.39451807234347,0.324631240870945,0.356047167406843,-0.249582083035189
"1277",0.356047167406843,-0.249582083035189,0.216420827247297,0.258308729295161
"1278",0.216420827247297,0.258308729295161,0.406661715714679,-0.401425727958696
"1279",0.406661715714679,-0.401425727958696,5.86430628670095,0.102974425867665
"1280",5.86430628670095,0.102974425867665,0.164060949687467,0.158824961931484
"1281",0.164060949687467,0.158824961931484,5.00211363621575,0.0959931088596881
"1282",5.00211363621575,0.0959931088596881,4.48724150687742,0.239110107523223
"1283",4.48724150687742,0.239110107523223,3.95840674352314,0.282743338823081
"1284",3.95840674352314,0.282743338823081,4.78569280896845,0.270526034059121
"1285",4.78569280896845,0.270526034059121,5.86256095744895,-0.202458193231342
"1286",5.86256095744895,-0.202458193231342,4.1556289489985,0.0994837673636768
"1287",4.1556289489985,0.0994837673636768,3.96887871903511,0.331612557878923
"1288",3.96887871903511,0.331612557878923,3.4487706019408,-0.125663706143592
"1289",3.4487706019408,-0.125663706143592,3.42957198016886,-0.291469985083053
"1290",3.42957198016886,-0.291469985083053,3.20616983591358,-0.0610865238198015
"1291",3.20616983591358,-0.0610865238198015,3.58316095434436,0.0977384381116825
"1292",3.58316095434436,0.0977384381116825,2.3387411976724,-0.214675497995303
"1293",2.3387411976724,-0.214675497995303,2.85012266850674,0.111701072127637
"1294",2.85012266850674,0.111701072127637,2.0926497731412,-0.242600766027212
"1295",2.0926497731412,-0.242600766027212,1.67028009415857,-0.2460914245312
"1296",1.67028009415857,-0.2460914245312,1.17809724509617,0.158824961931484
"1297",1.17809724509617,0.158824961931484,1.25838239068791,-0.125663706143592
"1298",1.25838239068791,-0.125663706143592,0.354301838154849,0.251327412287183
"1299",0.354301838154849,0.251327412287183,0.553269372882202,-0.197222205475359
"1300",0.553269372882202,-0.197222205475359,6.10516172347617,-0.158824961931484
"1301",6.10516172347617,-0.158824961931484,1.18507856210415,-0.399680398706701
"1302",1.18507856210415,-0.399680398706701,5.96553538331662,-0.284488668075076
"1303",5.96553538331662,-0.284488668075076,4.94800842940392,0.247836753783195
"1304",4.94800842940392,0.247836753783195,5.43320996145835,-0.0296705972839036
"1305",5.43320996145835,-0.0296705972839036,3.76467519655177,-0.146607657167524
"1306",3.76467519655177,-0.146607657167524,3.61806753938425,-0.143116998663535
"1307",3.61806753938425,-0.143116998663535,6.06676447993229,-0.158824961931484
"1308",6.06676447993229,-0.158824961931484,5.4175019981904,-0.12915436464758
"1309",5.4175019981904,-0.12915436464758,5.08763476956347,-0.171042266695444
"1310",5.08763476956347,-0.171042266695444,4.89913921034808,0.230383461263251
"1311",4.89913921034808,0.230383461263251,4.18879020478639,-0.434586983746588
"1312",4.18879020478639,-0.434586983746588,4.14864763199052,-0.46774823953448
"1313",4.14864763199052,-0.46774823953448,3.46447856520874,-0.143116998663535
"1314",3.46447856520874,-0.143116998663535,3.79609112308767,0.328121899374934
"1315",3.79609112308767,0.328121899374934,2.31081592964049,-0.242600766027212
"1316",2.31081592964049,-0.242600766027212,3.70707933123596,-0.0698131700797732
"1317",3.70707933123596,-0.0698131700797732,2.07694180987325,-0.2460914245312
"1318",2.07694180987325,-0.2460914245312,2.94437044811443,-0.361283155162826
"1319",2.94437044811443,-0.361283155162826,1.90589954317781,-0.122173047639603
"1320",1.90589954317781,-0.122173047639603,1.78721715404219,-0.239110107523223
"1321",1.78721715404219,-0.239110107523223,2.48534885483993,0.193731546971371
"1322",2.48534885483993,0.193731546971371,1.26361837844389,0.146607657167524
"1323",1.26361837844389,0.146607657167524,0.841248699461267,0.164060949687467
"1324",0.841248699461267,0.164060949687467,1.79768912955416,0.0994837673636768
"1325",1.79768912955416,0.0994837673636768,1.2618730491919,-0.165806278939461
"1326",1.2618730491919,-0.165806278939461,1.02450827092067,-0.422369678982628
"1327",1.02450827092067,-0.422369678982628,0.207694180987325,0.176278254451427
"1328",0.207694180987325,0.176278254451427,2.28638132011257,-0.109955742875643
"1329",2.28638132011257,-0.109955742875643,5.1696652444072,-0.178023583703422
"1330",5.1696652444072,-0.178023583703422,5.87303293296092,-0.109955742875643
"1331",5.87303293296092,-0.109955742875643,5.04225620901162,0.0715584993317675
"1332",5.04225620901162,0.0715584993317675,4.36681378848981,0.0645771823237902
"1333",4.36681378848981,0.0645771823237902,3.92175482923126,-0.0645771823237902
"1334",3.92175482923126,-0.0645771823237902,3.79434579383567,0.319395253114962
"1335",3.79434579383567,0.319395253114962,3.62330352714023,-0.150098315671512
"1336",3.62330352714023,-0.150098315671512,3.54301838154849,0.134390352403563
"1337",3.54301838154849,0.134390352403563,3.98982267005904,-0.155334303427495
"1338",3.98982267005904,-0.155334303427495,2.72969495011913,0.137881010907552
"1339",2.72969495011913,0.137881010907552,2.48709418409192,-0.130899693899575
"1340",2.48709418409192,-0.130899693899575,4.1852995462824,-0.293215314335047
"1341",4.1852995462824,-0.293215314335047,2.17817090648892,-0.277507351067098
"1342",2.17817090648892,-0.277507351067098,1.24791041517595,-0.277507351067098
"1343",1.24791041517595,-0.277507351067098,6.07025513843628,0.0680678408277788
"1344",6.07025513843628,0.0680678408277788,0.20943951023932,0.244346095279206
"1345",0.20943951023932,0.244346095279206,5.34768882811063,-0.11693705988362
"1346",5.34768882811063,-0.11693705988362,4.50469479939736,0.0767944870877505
"1347",4.50469479939736,0.0767944870877505,6.00393262686049,-0.122173047639603
"1348",6.00393262686049,-0.122173047639603,5.50476846079011,-0.214675497995303
"1349",5.50476846079011,-0.214675497995303,4.69668101711674,-0.185004900711399
"1350",4.69668101711674,-0.185004900711399,3.73674992851986,-0.216420827247297
"1351",3.73674992851986,-0.216420827247297,5.73515192205337,-0.162315620435473
"1352",5.73515192205337,-0.162315620435473,2.67384441405531,0.272271363311115
"1353",2.67384441405531,0.272271363311115,2.52200076913181,-0.130899693899575
"1354",2.52200076913181,-0.130899693899575,2.97055038689435,-0.314159265358979
"1355",2.97055038689435,-0.314159265358979,1.77325452002624,-0.242600766027212
"1356",1.77325452002624,-0.242600766027212,1.86401164112994,0.12915436464758
"1357",1.86401164112994,0.12915436464758,2.71049632834719,-0.3385938748869
"1358",2.71049632834719,-0.3385938748869,1.04196156344061,0.134390352403563
"1359",1.04196156344061,0.134390352403563,1.56032435128293,-0.23387411976724
"1360",1.56032435128293,-0.23387411976724,6.20988147859582,0.0261799387799149
"1361",6.20988147859582,0.0261799387799149,0.141371669411541,-0.15707963267949
"1362",0.141371669411541,-0.15707963267949,5.27089434102288,-0.0488692190558412
"1363",5.27089434102288,-0.0488692190558412,4.925319149128,-0.235619449019234
"1364",4.925319149128,-0.235619449019234,4.76823951644851,0.198967534727354
"1365",4.76823951644851,0.198967534727354,5.38434074240251,-0.0575958653158129
"1366",5.38434074240251,-0.0575958653158129,5.08588944031148,-0.0698131700797732
"1367",5.08588944031148,-0.0698131700797732,3.00545697193423,-0.329867228626928
"1368",3.00545697193423,-0.329867228626928,2.56039801267568,-0.352556508902855
"1369",2.56039801267568,-0.352556508902855,1.39277274309147,-0.378736447682769
"1370",1.39277274309147,-0.378736447682769,1.9390607989657,-0.10471975511966
"1371",1.9390607989657,-0.10471975511966,1.26536370769589,0.141371669411541
"1372",1.26536370769589,0.141371669411541,0.328121899374934,-0.174532925199433
"1373",0.328121899374934,-0.174532925199433,1.57254165604689,0.185004900711399
"1374",1.57254165604689,0.185004900711399,6.26398668540765,0.015707963267949
"1375",6.26398668540765,0.015707963267949,5.67057473972958,0.198967534727354
"1376",5.67057473972958,0.198967534727354,0.200712863979348,0.0785398163397448
"1377",0.200712863979348,0.0785398163397448,5.23773308523498,-0.228638132011257
"1378",5.23773308523498,-0.228638132011257,0.945968454580927,0.174532925199433
"1379",0.945968454580927,0.174532925199433,0.574213323906134,-0.0244346095279206
"1380",0.574213323906134,-0.0244346095279206,5.04051087975962,-0.223402144255274
"1381",5.04051087975962,-0.223402144255274,6.05105651666434,-0.0471238898038469
"1382",6.05105651666434,-0.0471238898038469,0.15707963267949,-0.211184839491314
"1383",0.15707963267949,-0.211184839491314,4.27605666738611,0.0122173047639603
"1384",4.27605666738611,0.0122173047639603,3.88335758568738,-0.256563400043166
"1385",3.88335758568738,-0.256563400043166,4.60592389601304,-0.417133691226645
"1386",4.60592389601304,-0.417133691226645,4.1870448755344,-0.0802851455917391
"1387",4.1870448755344,-0.0802851455917391,4.000294645571,-0.366519142918809
"1388",4.000294645571,-0.366519142918809,3.24282175020546,0.176278254451427
"1389",3.24282175020546,0.176278254451427,2.00712863979348,-0.0767944870877505
"1390",2.00712863979348,-0.0767944870877505,1.56730566829091,0.0680678408277788
"1391",1.56730566829091,0.0680678408277788,1.49400183970715,-0.359537825910832
"1392",1.49400183970715,-0.359537825910832,1.62664686285872,-0.275762021815104
"1393",1.62664686285872,-0.275762021815104,1.30201562198777,0.155334303427495
"1394",1.30201562198777,0.155334303427495,2.65988178003936,-0.268780704807127
"1395",2.65988178003936,-0.268780704807127,1.4782938764392,0.0698131700797732
"1396",1.4782938764392,0.0698131700797732,2.38411975822425,-0.280998009571087
"1397",2.38411975822425,-0.280998009571087,0.696386371545737,-0.0663225115757845
"1398",0.696386371545737,-0.0663225115757845,1.20427718387609,-0.190240888467382
"1399",1.20427718387609,-0.190240888467382,0.586430628670095,-0.0453785605518526
"1400",0.586430628670095,-0.0453785605518526,1.75056523975031,0.188495559215388
"1401",1.75056523975031,0.188495559215388,1.87971960439789,0.10471975511966
"1402",1.87971960439789,0.10471975511966,1.79070781254618,-0.294960643587042
"1403",1.79070781254618,-0.294960643587042,0.474729556542458,-0.172787595947439
"1404",0.474729556542458,-0.172787595947439,6.22733477111577,-0.00349065850398866
"1405",6.22733477111577,-0.00349065850398866,5.86954227445693,-0.167551608191456
"1406",5.86954227445693,-0.167551608191456,5.13824931787131,-0.101229096615671
"1407",5.13824931787131,-0.101229096615671,4.86597795456019,0.287979326579064
"1408",4.86597795456019,0.287979326579064,0.254818070791172,-0.00349065850398866
"1409",0.254818070791172,-0.00349065850398866,4.2778019966381,-0.0506145483078356
"1410",4.2778019966381,-0.0506145483078356,4.09105176667471,0.284488668075076
"1411",4.09105176667471,0.284488668075076,4.01076662108297,-0.328121899374934
"1412",4.01076662108297,-0.328121899374934,4.01600260883895,0.305432619099008
"1413",4.01600260883895,0.305432619099008,4.39473905652172,0.310668606854991
"1414",4.39473905652172,0.310668606854991,4.48898683612942,-0.2460914245312
"1415",4.48898683612942,-0.2460914245312,2.78030949842697,-0.277507351067098
"1416",2.78030949842697,-0.277507351067098,4.10326907143867,-0.0855211333477222
"1417",4.10326907143867,-0.0855211333477222,3.078760800518,-0.319395253114962
"1418",3.078760800518,-0.319395253114962,2.08043246837724,-0.329867228626928
"1419",2.08043246837724,-0.329867228626928,1.48527519344717,0.0890117918517108
"1420",1.48527519344717,0.0890117918517108,1.46258591317125,-0.279252680319093
"1421",1.46258591317125,-0.279252680319093,1.27758101245985,0.16929693744345
"1422",1.27758101245985,0.16929693744345,0.773180858633488,-0.212930168743308
"1423",0.773180858633488,-0.212930168743308,1.88844625065786,-0.300196631343025
"1424",1.88844625065786,-0.300196631343025,0.488692190558412,-0.267035375555132
"1425",0.488692190558412,-0.267035375555132,5.87303293296092,0.0750491578357562
"1426",5.87303293296092,0.0750491578357562,5.43495529071034,-0.0959931088596881
"1427",5.43495529071034,-0.0959931088596881,5.1714105736592,-0.20943951023932
"1428",5.1714105736592,-0.20943951023932,4.16784625376246,-0.352556508902855
"1429",4.16784625376246,-0.352556508902855,4.08581577891873,-0.287979326579064
"1430",4.08581577891873,-0.287979326579064,4.31794456943397,-0.287979326579064
"1431",4.31794456943397,-0.287979326579064,4.21147948506232,-0.244346095279206
"1432",4.21147948506232,-0.244346095279206,3.74024058702385,0.162315620435473
"1433",3.74024058702385,0.162315620435473,2.771582852167,-0.23387411976724
"1434",2.771582852167,-0.23387411976724,3.86590429316744,-0.111701072127637
"1435",3.86590429316744,-0.111701072127637,2.11708438266912,0.198967534727354
"1436",2.11708438266912,0.198967534727354,1.40149938935145,0.155334303427495
"1437",1.40149938935145,0.155334303427495,2.83790536374278,-0.185004900711399
"1438",2.83790536374278,-0.185004900711399,0.829031394697307,-0.165806278939461
"1439",0.829031394697307,-0.165806278939461,2.45218759905203,0.178023583703422
"1440",2.45218759905203,0.178023583703422,5.60948821590977,-0.0837758040957278
"1441",5.60948821590977,-0.0837758040957278,5.85907029894496,0.136135681655558
"1442",5.85907029894496,0.136135681655558,4.72809694365264,-0.270526034059121
"1443",4.72809694365264,-0.270526034059121,5.47509786350621,-0.205948851735331
"1444",5.47509786350621,-0.205948851735331,4.24115008234622,-0.293215314335047
"1445",4.24115008234622,-0.293215314335047,4.23940475309423,-0.378736447682769
"1446",4.23940475309423,-0.378736447682769,4.39299372726973,-0.291469985083053
"1447",4.39299372726973,-0.291469985083053,4.33016187419793,0.256563400043166
"1448",4.33016187419793,0.256563400043166,4.86597795456019,-0.174532925199433
"1449",4.86597795456019,-0.174532925199433,4.78394747971646,-0.0959931088596881
"1450",4.78394747971646,-0.0959931088596881,2.99323966717028,-0.174532925199433
"1451",2.99323966717028,-0.174532925199433,4.28129265514209,-0.20943951023932
"1452",4.28129265514209,-0.20943951023932,4.04741853537485,-0.218166156499291
"1453",4.04741853537485,-0.218166156499291,2.69827902358323,-0.275762021815104
"1454",2.69827902358323,-0.275762021815104,2.30383461263251,0.198967534727354
"1455",2.30383461263251,0.198967534727354,2.70351501133922,-0.240855436775218
"1456",2.70351501133922,-0.240855436775218,4.08581577891873,-0.102974425867665
"1457",4.08581577891873,-0.102974425867665,4.08930643742271,-0.310668606854991
"1458",4.08930643742271,-0.310668606854991,2.10137641940117,0.242600766027212
"1459",2.10137641940117,0.242600766027212,1.58475896081085,0.0820304748437335
"1460",1.58475896081085,0.0820304748437335,1.34564885328763,0.260054058547155
"1461",1.34564885328763,0.260054058547155,0.991347015132779,-0.15707963267949
"1462",0.991347015132779,-0.15707963267949,2.78380015693096,-0.214675497995303
"1463",2.78380015693096,-0.214675497995303,2.13977366294505,-0.0593411945678072
"1464",2.13977366294505,-0.0593411945678072,1.92509816494975,0.284488668075076
"1465",1.92509816494975,0.284488668075076,1.59523093632282,-0.431096325242599
"1466",1.59523093632282,-0.431096325242599,5.49604181453014,-0.146607657167524
"1467",5.49604181453014,-0.146607657167524,5.13126800086333,0.230383461263251
"1468",5.13126800086333,0.230383461263251,4.47676953136546,-0.219911485751285
"1469",4.47676953136546,-0.219911485751285,4.44360827557756,0.237364778271229
"1470",4.44360827557756,0.237364778271229,4.4331363000656,-0.146607657167524
"1471",4.4331363000656,-0.146607657167524,4.97418836818384,0.282743338823081
"1472",4.97418836818384,0.282743338823081,4.39648438577372,-0.294960643587042
"1473",4.39648438577372,-0.294960643587042,4.30398193541802,-0.162315620435473
"1474",4.30398193541802,-0.162315620435473,4.11548637620263,0.155334303427495
"1475",4.11548637620263,0.155334303427495,3.94269878025519,-0.301941960595019
"1476",3.94269878025519,-0.301941960595019,6.17672022280793,-0.0523598775598299
"1477",6.17672022280793,-0.0523598775598299,5.30580092606276,-0.113446401379631
"1478",5.30580092606276,-0.113446401379631,4.84852466204025,-0.178023583703422
"1479",4.84852466204025,-0.178023583703422,3.23933109170148,-0.153588974175501
"1480",3.23933109170148,-0.153588974175501,4.68969970010876,-0.0558505360638185
"1481",4.68969970010876,-0.0558505360638185,2.39110107523223,0.197222205475359
"1482",2.39110107523223,0.197222205475359,2.19911485751286,-0.401425727958696
"1483",2.19911485751286,-0.401425727958696,2.16420827247297,0.247836753783195
"1484",2.16420827247297,0.247836753783195,2.0315632493214,-0.207694180987325
"1485",2.0315632493214,-0.207694180987325,2.38411975822425,-0.223402144255274
"1486",2.38411975822425,-0.223402144255274,1.9704767255016,0.12915436464758
"1487",1.9704767255016,0.12915436464758,1.15366263556825,-0.179768912955416
"1488",1.15366263556825,-0.179768912955416,1.65282680163863,-0.218166156499291
"1489",1.65282680163863,-0.218166156499291,0.450294947014537,-0.0349065850398866
"1490",0.450294947014537,-0.0349065850398866,1.64060949687467,-0.235619449019234
"1491",1.64060949687467,-0.235619449019234,6.22035345410779,-0.256563400043166
"1492",6.22035345410779,-0.256563400043166,6.00916861461648,-0.267035375555132
"1493",6.00916861461648,-0.267035375555132,5.76831317784126,0.153588974175501
"1494",5.76831317784126,0.153588974175501,0.52010811709431,0.0802851455917391
"1495",0.52010811709431,0.0802851455917391,5.43670061996234,0.263544717051144
"1496",5.43670061996234,0.263544717051144,5.00734962397173,-0.143116998663535
"1497",5.00734962397173,-0.143116998663535,4.93753645389196,-0.0226892802759263
"1498",4.93753645389196,-0.0226892802759263,4.71587963888868,-0.186750229963393
"1499",4.71587963888868,-0.186750229963393,4.54134671368925,0.150098315671512
"1500",4.54134671368925,0.150098315671512,4.45408025108953,-0.380481776934764
"1501",4.45408025108953,-0.380481776934764,5.22726110972302,-0.0610865238198015
"1502",5.22726110972302,-0.0610865238198015,4.58847060349309,-0.249582083035189
"1503",4.58847060349309,-0.249582083035189,4.2481313993542,0.178023583703422
"1504",4.2481313993542,0.178023583703422,5.7857664703612,-0.249582083035189
"1505",5.7857664703612,-0.249582083035189,5.06669081853954,-0.186750229963393
"1506",5.06669081853954,-0.186750229963393,3.51160245501259,-0.165806278939461
"1507",3.51160245501259,-0.165806278939461,2.74540291338708,-0.253072741539178
"1508",2.74540291338708,-0.253072741539178,2.51152879361984,-0.28623399732707
"1509",2.51152879361984,-0.28623399732707,4.42440965380563,-0.359537825910832
"1510",4.42440965380563,-0.359537825910832,2.51152879361984,-0.108210413623648
"1511",2.51152879361984,-0.108210413623648,1.14144533080429,-0.146607657167524
"1512",1.14144533080429,-0.146607657167524,0.877900613753148,-0.342084533390889
"1513",0.877900613753148,-0.342084533390889,6.1854468690679,-0.263544717051144
"1514",6.1854468690679,-0.263544717051144,1.43815130364333,-0.301941960595019
"1515",1.43815130364333,-0.301941960595019,5.06320016003555,-0.130899693899575
"1516",5.06320016003555,-0.130899693899575,4.97244303893184,0.251327412287183
"1517",4.97244303893184,0.251327412287183,4.29874594766203,0.165806278939461
"1518",4.29874594766203,0.165806278939461,4.47851486061745,0.0453785605518526
"1519",4.47851486061745,0.0453785605518526,3.79085513533168,-0.134390352403563
"1520",3.79085513533168,-0.134390352403563,4.27431133813411,-0.363028484414821
"1521",4.27431133813411,-0.363028484414821,3.71406064824393,-0.225147473507269
"1522",3.71406064824393,-0.225147473507269,3.65471945367613,-0.120427718387609
"1523",3.65471945367613,-0.120427718387609,3.83797902513553,-0.239110107523223
"1524",3.83797902513553,-0.239110107523223,5.03352956275165,-0.186750229963393
"1525",5.03352956275165,-0.186750229963393,4.76649418719651,-0.268780704807127
"1526",4.76649418719651,-0.268780704807127,3.08574211752597,-0.174532925199433
"1527",3.08574211752597,-0.174532925199433,4.2167154728183,0.261799387799149
"1528",4.2167154728183,0.261799387799149,2.64940980452739,-0.293215314335047
"1529",2.64940980452739,-0.293215314335047,2.06646983436129,-0.20943951023932
"1530",2.06646983436129,-0.20943951023932,1.61093889959077,-0.23387411976724
"1531",1.61093889959077,-0.23387411976724,0.900589894029074,-0.373500459926786
"1532",0.900589894029074,-0.373500459926786,1.02101761241668,-0.216420827247297
"1533",1.02101761241668,-0.216420827247297,2.08566845613322,-0.2460914245312
"1534",2.08566845613322,-0.2460914245312,0.151843644923507,0.139626340159546
"1535",0.151843644923507,0.139626340159546,5.19584518318712,-0.186750229963393
"1536",5.19584518318712,-0.186750229963393,5.00036830696375,-0.211184839491314
"1537",5.00036830696375,-0.211184839491314,0.631809189221947,-0.195476876223365
"1538",0.631809189221947,-0.195476876223365,5.80321976288115,0.366519142918809
"1539",5.80321976288115,0.366519142918809,0.228638132011257,0.272271363311115
"1540",0.228638132011257,0.272271363311115,4.34761516671788,0.211184839491314
"1541",4.34761516671788,0.211184839491314,4.76300352869252,0.223402144255274
"1542",4.76300352869252,0.223402144255274,3.91826417072727,0.118682389135614
"1543",3.91826417072727,0.118682389135614,4.05439985238283,-0.340339204138894
"1544",4.05439985238283,-0.340339204138894,3.94968009726317,-0.151843644923507
"1545",3.94968009726317,-0.151843644923507,3.04210888622612,-0.240855436775218
"1546",3.04210888622612,-0.240855436775218,4.04741853537485,-0.15707963267949
"1547",4.04741853537485,-0.15707963267949,3.27772833524535,0.10471975511966
"1548",3.27772833524535,0.10471975511966,2.90073721681458,0.354301838154849
"1549",2.90073721681458,0.354301838154849,4.08232512041474,-0.171042266695444
"1550",4.08232512041474,-0.171042266695444,3.89732021970334,-0.240855436775218
"1551",3.89732021970334,-0.240855436775218,0.994837673636768,-0.191986217719376
"1552",0.994837673636768,-0.191986217719376,1.93557014046171,-0.254818070791172
"1553",1.93557014046171,-0.254818070791172,0.214675497995303,-0.0890117918517108
"1554",0.214675497995303,-0.0890117918517108,0.143116998663535,0.106465084371654
"1555",0.143116998663535,0.106465084371654,5.94982742004867,0.186750229963393
"1556",5.94982742004867,0.186750229963393,0.787143492649443,-0.118682389135614
"1557",0.787143492649443,-0.118682389135614,5.12603201310735,-0.211184839491314
"1558",5.12603201310735,-0.211184839491314,5.72118928803741,-0.204203522483337
"1559",5.72118928803741,-0.204203522483337,5.32150888933071,-0.212930168743308
"1560",5.32150888933071,-0.212930168743308,4.99338698995578,-0.195476876223365
"1561",4.99338698995578,-0.195476876223365,3.55698101556444,-0.23387411976724
"1562",3.55698101556444,-0.23387411976724,4.47851486061745,-0.284488668075076
"1563",4.47851486061745,-0.284488668075076,2.13628300444106,-0.267035375555132
"1564",2.13628300444106,-0.267035375555132,1.49225651045515,0.284488668075076
"1565",1.49225651045515,0.284488668075076,0.500909495322373,-0.0506145483078356
"1566",0.500909495322373,-0.0506145483078356,0.417133691226645,0.127409035395586
"1567",0.417133691226645,0.127409035395586,0.134390352403563,0.289724655831059
"1568",0.134390352403563,0.289724655831059,6.01091394386847,0.211184839491314
"1569",6.01091394386847,0.211184839491314,0.277507351067098,-0.141371669411541
"1570",0.277507351067098,-0.141371669411541,0.448549617762543,0.23387411976724
"1571",0.448549617762543,0.23387411976724,4.58148928648512,-0.294960643587042
"1572",4.58148928648512,-0.294960643587042,4.5849799449891,-0.020943951023932
"1573",4.5849799449891,-0.020943951023932,3.50287580875262,-0.232128790515246
"1574",3.50287580875262,-0.232128790515246,3.33532420056116,-0.202458193231342
"1575",3.33532420056116,-0.202458193231342,0.968657734856853,0.113446401379631
"1576",0.968657734856853,0.113446401379631,0.954695100840898,0.260054058547155
"1577",0.954695100840898,0.260054058547155,0.712094334813686,0.118682389135614
"1578",0.712094334813686,0.118682389135614,2.63719249976343,-0.151843644923507
"1579",2.63719249976343,-0.151843644923507,1.46258591317125,0.23387411976724
"1580",1.46258591317125,0.23387411976724,2.43473430653209,-0.185004900711399
"1581",2.43473430653209,-0.185004900711399,0.0645771823237902,-0.0541052068118242
"1582",0.0645771823237902,-0.0541052068118242,6.20813614934383,-0.303687289847013
"1583",6.20813614934383,-0.303687289847013,1.88670092140587,0.244346095279206
"1584",1.88670092140587,0.244346095279206,5.29009296279481,-0.150098315671512
"1585",5.29009296279481,-0.150098315671512,4.89215789334011,-0.18151424220741
"1586",4.89215789334011,-0.18151424220741,4.5867252742411,-0.27401669256311
"1587",4.5867252742411,-0.27401669256311,4.72635161440064,-0.0244346095279206
"1588",4.72635161440064,-0.0244346095279206,3.35975881008908,-0.251327412287183
"1589",3.35975881008908,-0.251327412287183,3.19569786040162,-0.0488692190558412
"1590",3.19569786040162,-0.0488692190558412,2.18166156499291,0.106465084371654
"1591",2.18166156499291,0.106465084371654,1.54985237577096,0.2460914245312
"1592",1.54985237577096,0.2460914245312,2.45916891606001,-0.20943951023932
"1593",2.45916891606001,-0.20943951023932,0.916297857297023,0.270526034059121
"1594",0.916297857297023,0.270526034059121,1.29852496348378,-0.307177948351002
"1595",1.29852496348378,-0.307177948351002,0.0488692190558412,-0.0628318530717959
"1596",0.0488692190558412,-0.0628318530717959,1.87273828738992,0.228638132011257
"1597",1.87273828738992,0.228638132011257,5.93411945678072,-0.198967534727354
"1598",5.93411945678072,-0.198967534727354,5.45764457098627,-0.219911485751285
"1599",5.45764457098627,-0.219911485751285,5.60425222815379,-0.375245789178781
"1600",5.60425222815379,-0.375245789178781,5.09287075731945,-0.22165681500328
"1601",5.09287075731945,-0.22165681500328,4.85026999129224,0.237364778271229
"1602",4.85026999129224,0.237364778271229,3.41037335839692,-0.204203522483337
"1603",3.41037335839692,-0.204203522483337,1.67028009415857,-0.228638132011257
"1604",1.67028009415857,-0.228638132011257,0.930260491312978,0.272271363311115
"1605",0.930260491312978,0.272271363311115,1.35961148730358,-0.335103216382911
"1606",1.35961148730358,-0.335103216382911,0.952949771588904,-0.139626340159546
"1607",0.952949771588904,-0.139626340159546,0.417133691226645,-0.0610865238198015
"1608",0.417133691226645,-0.0610865238198015,0.485201532054424,-0.204203522483337
"1609",0.485201532054424,-0.204203522483337,1.18333323285216,0.188495559215388
"1610",1.18333323285216,0.188495559215388,0.439822971502571,-0.0733038285837618
"1611",0.439822971502571,-0.0733038285837618,5.0178215994837,0.291469985083053
"1612",5.0178215994837,0.291469985083053,4.95848040491589,-0.118682389135614
"1613",4.95848040491589,-0.118682389135614,0.195476876223365,-0.0767944870877505
"1614",0.195476876223365,-0.0767944870877505,4.29874594766203,-0.282743338823081
"1615",4.29874594766203,-0.282743338823081,4.71413430963668,-0.0314159265358979
"1616",4.71413430963668,-0.0314159265358979,4.24987672860619,-0.141371669411541
"1617",4.24987672860619,-0.141371669411541,6.20290016158785,-0.0593411945678072
"1618",6.20290016158785,-0.0593411945678072,4.2481313993542,0.137881010907552
"1619",4.2481313993542,0.137881010907552,2.460914245312,0.160570291183478
"1620",2.460914245312,0.160570291183478,1.85703032412197,-0.226892802759263
"1621",1.85703032412197,-0.226892802759263,1.94778744522567,-0.123918376891597
"1622",1.94778744522567,-0.123918376891597,2.17468024798493,-0.106465084371654
"1623",2.17468024798493,-0.106465084371654,1.67202542341057,0.219911485751285
"1624",1.67202542341057,0.219911485751285,0.951204442336909,-0.16929693744345
"1625",0.951204442336909,-0.16929693744345,0.56025068989018,-0.0715584993317675
"1626",0.56025068989018,-0.0715584993317675,2.00363798128949,-0.195476876223365
"1627",2.00363798128949,-0.195476876223365,0.460766922526503,-0.16929693744345
"1628",0.460766922526503,-0.16929693744345,5.75784120232929,0.164060949687467
"1629",5.75784120232929,0.164060949687467,4.99862297771176,-0.0471238898038469
"1630",4.99862297771176,-0.0471238898038469,4.87470460082016,-0.101229096615671
"1631",4.87470460082016,-0.101229096615671,4.92008316137201,-0.144862327915529
"1632",4.92008316137201,-0.144862327915529,1.85528499486997,-0.256563400043166
"1633",1.85528499486997,-0.256563400043166,2.01410995680146,-0.122173047639603
"1634",2.01410995680146,-0.122173047639603,0.616101225953998,-0.174532925199433
"1635",0.616101225953998,-0.174532925199433,0.984365698124802,0.122173047639603
"1636",0.984365698124802,0.122173047639603,2.02981792006941,-0.115191730631626
"1637",2.02981792006941,-0.115191730631626,0.61261056745001,-0.0715584993317675
"1638",0.61261056745001,-0.0715584993317675,1.18158790360016,-0.160570291183478
"1639",1.18158790360016,-0.160570291183478,0.394444410950718,-0.10471975511966
"1640",0.394444410950718,-0.10471975511966,5.541420375082,-0.195476876223365
"1641",5.541420375082,-0.195476876223365,3.92873614623924,-0.27401669256311
"1642",3.92873614623924,-0.27401669256311,4.38426708100976,-0.251327412287183
"1643",4.38426708100976,-0.251327412287183,2.3684117949563,-0.158824961931484
"1644",2.3684117949563,-0.158824961931484,3.27598300599336,0.115191730631626
"1645",3.27598300599336,0.115191730631626,3.04909020323409,-0.244346095279206
"1646",3.04909020323409,-0.244346095279206,1.43989663289532,-0.291469985083053
"1647",1.43989663289532,-0.291469985083053,1.34913951179162,-0.0907571211037051
"1648",1.34913951179162,-0.0907571211037051,2.16246294322097,-0.0261799387799149
"1649",2.16246294322097,-0.0261799387799149,2.27241868609662,0.178023583703422
"1650",2.27241868609662,0.178023583703422,0.696386371545737,-0.0593411945678072
"1651",0.696386371545737,-0.0593411945678072,0.617846555205993,-0.153588974175501
"1652",0.617846555205993,-0.153588974175501,0.41538836197465,-0.0872664625997165
"1653",0.41538836197465,-0.0872664625997165,5.78053048260522,-0.176278254451427
"1654",5.78053048260522,-0.176278254451427,3.68439005096003,-0.214675497995303
"1655",3.68439005096003,-0.214675497995303,3.49414916249265,0.0872664625997165
"1656",3.49414916249265,0.0872664625997165,5.43495529071034,-0.226892802759263
"1657",5.43495529071034,-0.226892802759263,4.26383936262215,0.0436332312998582
"1658",4.26383936262215,0.0436332312998582,2.39459173373622,-0.0174532925199433
"1659",2.39459173373622,-0.0174532925199433,1.97571271325758,-0.275762021815104
"1660",1.97571271325758,-0.275762021815104,1.00007366139275,-0.205948851735331
"1661",1.00007366139275,-0.205948851735331,0.979129710368819,-0.151843644923507
"1662",0.979129710368819,-0.151843644923507,0.659734457253856,-0.186750229963393
"1663",0.659734457253856,-0.186750229963393,0.445058959258554,-0.0802851455917391
"1664",0.445058959258554,-0.0802851455917391,1.56730566829091,0.130899693899575
"1665",1.56730566829091,0.130899693899575,0.417133691226645,0.268780704807127
"1666",0.417133691226645,0.268780704807127,5.11730536684737,-0.424115008234622
"1667",5.11730536684737,-0.424115008234622,4.24464074085021,-0.151843644923507
"1668",4.24464074085021,-0.151843644923507,3.51509311351658,0.0820304748437335
"1669",3.51509311351658,0.0820304748437335,4.61290521302101,0.204203522483337
"1670",4.61290521302101,0.204203522483337,2.57959663444762,0.155334303427495
"1671",2.57959663444762,0.155334303427495,2.40680903850018,-0.0279252680319093
"1672",2.40680903850018,-0.0279252680319093,2.20609617452083,0.176278254451427
"1673",2.20609617452083,0.176278254451427,2.07519648062126,-0.307177948351002
"1674",2.07519648062126,-0.307177948351002,2.84488668075076,-0.113446401379631
"1675",2.84488668075076,-0.113446401379631,0.546288055874225,-0.115191730631626
"1676",0.546288055874225,-0.115191730631626,0.97563905186483,-0.0575958653158129
"1677",0.97563905186483,-0.0575958653158129,1.20253185462409,-0.197222205475359
"1678",1.20253185462409,-0.197222205475359,0.0122173047639603,-0.200712863979348
"1679",0.0122173047639603,-0.200712863979348,5.74038790980935,0.151843644923507
"1680",5.74038790980935,0.151843644923507,4.8328166987723,-0.397935069454707
"1681",4.8328166987723,-0.397935069454707,5.46637121724624,-0.101229096615671
"1682",5.46637121724624,-0.101229096615671,3.58316095434436,-0.178023583703422
"1683",3.58316095434436,-0.178023583703422,1.29677963423179,-0.191986217719376
"1684",1.29677963423179,-0.191986217719376,3.20616983591358,0.188495559215388
"1685",3.20616983591358,0.188495559215388,0.596902604182061,-0.102974425867665
"1686",0.596902604182061,-0.102974425867665,0.0959931088596881,0.198967534727354
"1687",0.0959931088596881,0.198967534727354,1.58475896081085,-0.218166156499291
"1688",1.58475896081085,-0.218166156499291,0.705113017805709,0.244346095279206
"1689",0.705113017805709,0.244346095279206,5.90619418874881,0.176278254451427
"1690",5.90619418874881,0.176278254451427,5.19759051243911,-0.251327412287183
"1691",5.19759051243911,-0.251327412287183,0.136135681655558,-0.232128790515246
"1692",0.136135681655558,-0.232128790515246,5.88699556697687,-0.0872664625997165
"1693",5.88699556697687,-0.0872664625997165,5.81194640914112,0.0890117918517108
"1694",5.81194640914112,0.0890117918517108,3.39641072438097,0.0890117918517108
"1695",3.39641072438097,0.0890117918517108,1.71391332545843,-0.254818070791172
"1696",1.71391332545843,-0.254818070791172,1.30027029273578,-0.202458193231342
"1697",1.30027029273578,-0.202458193231342,0.74176493209759,-0.0610865238198015
"1698",0.74176493209759,-0.0610865238198015,2.20609617452083,0.151843644923507
"1699",2.20609617452083,0.151843644923507,5.99869663910451,0.191986217719376
"1700",5.99869663910451,0.191986217719376,5.2935836212988,-0.263544717051144
"1701",5.2935836212988,-0.263544717051144,5.24122374373897,0.322885911618951
"1702",5.24122374373897,0.322885911618951,5.08763476956347,-0.347320521146872
"1703",5.08763476956347,-0.347320521146872,3.69660735572399,-0.176278254451427
"1704",3.69660735572399,-0.176278254451427,3.24980306721344,-0.216420827247297
"1705",3.24980306721344,-0.216420827247297,1.23743843966398,-0.178023583703422
"1706",1.23743843966398,-0.178023583703422,1.08559479474047,-0.329867228626928
"1707",1.08559479474047,-0.329867228626928,6.20464549083984,-0.0453785605518526
"1708",6.20464549083984,-0.0453785605518526,6.22384411261178,0.12915436464758
"1709",6.22384411261178,0.12915436464758,5.25169571925094,-0.228638132011257
"1710",5.25169571925094,-0.228638132011257,5.80496509213314,-0.0122173047639603
"1711",5.80496509213314,-0.0122173047639603,5.19409985393512,0.294960643587042
"1712",5.19409985393512,0.294960643587042,3.71056998973994,-0.0994837673636768
"1713",3.71056998973994,-0.0994837673636768,3.49065850398866,0.150098315671512
"1714",3.49065850398866,0.150098315671512,1.35263017029561,-0.150098315671512
"1715",1.35263017029561,-0.150098315671512,2.4923301718479,0.268780704807127
"1716",2.4923301718479,0.268780704807127,6.00916861461648,0.0191986217719376
"1717",6.00916861461648,0.0191986217719376,4.94800842940392,-0.244346095279206
"1718",4.94800842940392,-0.244346095279206,4.78743813822045,-0.328121899374934
"1719",4.78743813822045,-0.328121899374934,3.23409510394549,0.205948851735331
"1720",3.23409510394549,0.205948851735331,2.52723675688779,-0.148352986419518
"1721",2.52723675688779,-0.148352986419518,3.04385421547811,-0.195476876223365
"1722",3.04385421547811,-0.195476876223365,0.738274273593601,0.214675497995303
"1723",0.738274273593601,0.214675497995303,1.26536370769589,-0.193731546971371
"1724",1.26536370769589,-0.193731546971371,1.19205987911213,-0.00698131700797732
"1725",1.19205987911213,-0.00698131700797732,0.563741348394168,-0.0610865238198015
"1726",0.563741348394168,-0.0610865238198015,0.788888821901437,-0.0802851455917391
"1727",0.788888821901437,-0.0802851455917391,5.3546701451186,0.162315620435473
"1728",5.3546701451186,0.162315620435473,3.86939495167143,-0.0767944870877505
"1729",3.86939495167143,-0.0767944870877505,2.43647963578408,-0.293215314335047
"1730",2.43647963578408,-0.293215314335047,2.73493093787511,-0.171042266695444
"1731",2.73493093787511,-0.171042266695444,1.50447381521911,-0.130899693899575
"1732",1.50447381521911,-0.130899693899575,1.01054563690472,0.188495559215388
"1733",1.01054563690472,0.188495559215388,0.80634211442138,0.0541052068118242
"1734",0.80634211442138,0.0541052068118242,5.95855406630864,-0.195476876223365
"1735",5.95855406630864,-0.195476876223365,3.23584043319749,0.287979326579064
"1736",3.23584043319749,0.287979326579064,4.4331363000656,-0.109955742875643
"1737",4.4331363000656,-0.109955742875643,5.78925712886519,-0.253072741539178
"1738",5.78925712886519,-0.253072741539178,4.58847060349309,-0.0872664625997165
"1739",4.58847060349309,-0.0872664625997165,3.39641072438097,-0.101229096615671
"1740",3.39641072438097,-0.101229096615671,5.06494548928754,0.328121899374934
"1741",5.06494548928754,0.328121899374934,5.14173997637529,0.23387411976724
"1742",5.14173997637529,0.23387411976724,2.27241868609662,-0.176278254451427
"1743",2.27241868609662,-0.176278254451427,1.88844625065786,-0.151843644923507
"1744",1.88844625065786,-0.151843644923507,2.98800367941429,0.219911485751285
"1745",2.98800367941429,0.219911485751285,0.698131700797732,-0.294960643587042
"1746",0.698131700797732,-0.294960643587042,3.72104196525191,-0.321140582366957
"1747",3.72104196525191,-0.321140582366957,2.56912465893565,-0.293215314335047
"1748",2.56912465893565,-0.293215314335047,0.738274273593601,-0.0523598775598299
"1749",0.738274273593601,-0.0523598775598299,0.865683308989187,-0.0314159265358979
"1750",0.865683308989187,-0.0314159265358979,0.551524043630208,-0.0506145483078356
"1751",0.551524043630208,-0.0506145483078356,1.32645023151569,-0.333357887130917
"1752",1.32645023151569,-0.333357887130917,5.13126800086333,-0.219911485751285
"1753",5.13126800086333,-0.219911485751285,5.3546701451186,0.223402144255274
"1754",5.3546701451186,0.223402144255274,3.15904594610974,-0.207694180987325
"1755",3.15904594610974,-0.207694180987325,1.42244334037538,0.167551608191456
"1756",1.42244334037538,0.167551608191456,1.41022603561142,-0.0541052068118242
"1757",1.41022603561142,-0.0541052068118242,1.21474915938805,0.202458193231342
"1758",1.21474915938805,0.202458193231342,0.649262481741891,-0.150098315671512
"1759",0.649262481741891,-0.150098315671512,1.33866753627965,0.148352986419518
"1760",1.33866753627965,0.148352986419518,4.95324441715991,-0.186750229963393
"1761",4.95324441715991,-0.186750229963393,1.40848070635942,0.218166156499291
"1762",1.40848070635942,0.218166156499291,0.890117918517108,0.0401425727958696
"1763",0.890117918517108,0.0401425727958696,0.497418836818384,0.174532925199433
"1764",0.497418836818384,0.174532925199433,0.183259571459405,-0.237364778271229
"1765",0.183259571459405,-0.237364778271229,6.05629250442032,0.0523598775598299
"1766",6.05629250442032,0.0523598775598299,5.77703982410123,0.23387411976724
"1767",5.77703982410123,0.23387411976724,1.64060949687467,0.282743338823081
"1768",1.64060949687467,0.282743338823081,0.904080552533063,-0.0802851455917391
"1769",0.904080552533063,-0.0802851455917391,0.736528944341607,0.228638132011257
"1770",0.736528944341607,0.228638132011257,4.59545192050107,0.205948851735331
"1771",4.59545192050107,0.205948851735331,4.04043721836687,-0.102974425867665
"1772",4.04043721836687,-0.102974425867665,3.33183354205718,0.219911485751285
"1773",3.33183354205718,0.219911485751285,3.34579617607313,-0.193731546971371
"1774",3.34579617607313,-0.193731546971371,2.29510796637254,-0.0558505360638185
"1775",2.29510796637254,-0.0558505360638185,1.78198116628621,0.132645023151569
"1776",1.78198116628621,0.132645023151569,1.20253185462409,-0.0383972435438752
"1777",1.20253185462409,-0.0383972435438752,1.34564885328763,-0.153588974175501
"1778",1.34564885328763,-0.153588974175501,0.352556508902855,-0.136135681655558
"1779",0.352556508902855,-0.136135681655558,1.21649448864005,0.0349065850398866
"1780",1.21649448864005,0.0349065850398866,0.310668606854991,0.010471975511966
"1781",0.310668606854991,0.010471975511966,5.24122374373897,0.109955742875643
"1782",5.24122374373897,0.109955742875643,4.91659250286803,0.35081117965086
"1783",4.91659250286803,0.35081117965086,3.37546677335703,0.198967534727354
"1784",3.37546677335703,0.198967534727354,4.30223660616602,-0.143116998663535
"1785",4.30223660616602,-0.143116998663535,2.94087978961045,-0.193731546971371
"1786",2.94087978961045,-0.193731546971371,1.66678943565458,-0.174532925199433
"1787",1.66678943565458,-0.174532925199433,0.869173967493176,0.0122173047639603
"1788",0.869173967493176,0.0122173047639603,0.448549617762543,0.00523598775598299
"1789",0.448549617762543,0.00523598775598299,5.11905069609937,-0.101229096615671
"1790",5.11905069609937,-0.101229096615671,3.09446876378595,-0.188495559215388
"1791",3.09446876378595,-0.188495559215388,1.69646003293849,-0.130899693899575
"1792",1.69646003293849,-0.130899693899575,2.44520628204406,-0.331612557878923
"1793",2.44520628204406,-0.331612557878923,1.00356431989674,0.120427718387609
"1794",1.00356431989674,0.120427718387609,4.45931623884551,-0.160570291183478
"1795",4.45931623884551,-0.160570291183478,3.17649923862968,-0.23387411976724
"1796",3.17649923862968,-0.23387411976724,1.79594380030217,-0.195476876223365
"1797",1.79594380030217,-0.195476876223365,1.70344134994647,-0.137881010907552
"1798",1.70344134994647,-0.137881010907552,1.5097098029751,-0.0942477796076938
"1799",1.5097098029751,-0.0942477796076938,1.51145513222709,0.197222205475359
"1800",1.51145513222709,0.197222205475359,4.7403142484166,-0.165806278939461
"1801",4.7403142484166,-0.165806278939461,4.56229066471318,0.162315620435473
"1802",4.56229066471318,0.162315620435473,4.58323461573711,-0.294960643587042
"1803",4.58323461573711,-0.294960643587042,3.11541271480988,-0.261799387799149
"1804",3.11541271480988,-0.261799387799149,3.94269878025519,0.0767944870877505
"1805",3.94269878025519,0.0767944870877505,1.49749249821113,-0.102974425867665
"1806",1.49749249821113,-0.102974425867665,4.29350995990605,-0.120427718387609
"1807",4.29350995990605,-0.120427718387609,4.01949326734294,0.0942477796076938
"1808",4.01949326734294,0.0942477796076938,3.31612557878923,-0.263544717051144
"1809",3.31612557878923,-0.263544717051144,1.50447381521911,-0.0872664625997165
"1810",1.50447381521911,-0.0872664625997165,0.785398163397448,-0.191986217719376
"1811",0.785398163397448,-0.191986217719376,2.34746784393237,-0.0331612557878923
"1812",2.34746784393237,-0.0331612557878923,2.60752190247953,-0.15707963267949
"1813",2.60752190247953,-0.15707963267949,1.85004900711399,-0.0541052068118242
"1814",1.85004900711399,-0.0541052068118242,2.24972940582069,-0.214675497995303
"1815",2.24972940582069,-0.214675497995303,1.14319066005629,0.0349065850398866
"1816",1.14319066005629,0.0349065850398866,4.12246769321061,-0.12915436464758
"1817",4.12246769321061,-0.12915436464758,4.7088983218807,0.0959931088596881
"1818",4.7088983218807,0.0959931088596881,2.79601746169492,-0.308923277602996
"1819",2.79601746169492,-0.308923277602996,2.69653369433124,-0.308923277602996
"1820",2.69653369433124,-0.308923277602996,3.93222680474322,-0.139626340159546
"1821",3.93222680474322,-0.139626340159546,3.55349035706046,-0.251327412287183
"1822",3.55349035706046,-0.251327412287183,4.17308224151844,-0.120427718387609
"1823",4.17308224151844,-0.120427718387609,1.45036860840729,-0.130899693899575
"1824",1.45036860840729,-0.130899693899575,0.926769832808989,-0.223402144255274
"1825",0.926769832808989,-0.223402144255274,3.96189740202713,-0.134390352403563
"1826",3.96189740202713,-0.134390352403563,3.56047167406843,0.172787595947439
"1827",3.56047167406843,0.172787595947439,1.63711883837068,0.015707963267949
"1828",1.63711883837068,0.015707963267949,1.47305788868321,-0.137881010907552
"1829",1.47305788868321,-0.137881010907552,2.5551620249197,-0.244346095279206
"1830",2.5551620249197,-0.244346095279206,0.00698131700797732,-0.150098315671512
"1831",0.00698131700797732,-0.150098315671512,5.24471440224296,-0.0541052068118242
"1832",5.24471440224296,-0.0541052068118242,5.09112542806746,-0.106465084371654
"1833",5.09112542806746,-0.106465084371654,3.55349035706046,-0.139626340159546
"1834",3.55349035706046,-0.139626340159546,5.19409985393512,-0.0680678408277788
"1835",5.19409985393512,-0.0680678408277788,4.36681378848981,-0.16929693744345
"1836",4.36681378848981,-0.16929693744345,0.640535835481919,0.0366519142918809
"1837",0.640535835481919,0.0366519142918809,1.13271868454432,0.204203522483337
"1838",1.13271868454432,0.204203522483337,5.35117948661461,-0.0785398163397448
"1839",5.35117948661461,-0.0785398163397448,5.18188254917116,-0.0436332312998582
"1840",5.18188254917116,-0.0436332312998582,4.15737427825049,-0.176278254451427
"1841",4.15737427825049,-0.176278254451427,5.21853446346305,-0.0802851455917391
"1842",5.21853446346305,-0.0802851455917391,2.48185819633594,-0.0174532925199433
"1843",2.48185819633594,-0.0174532925199433,2.53945406165175,0.127409035395586
"1844",2.53945406165175,0.127409035395586,2.17642557723693,0.0488692190558412
"1845",2.17642557723693,0.0488692190558412,4.43488162931759,-0.0959931088596881
"1846",4.43488162931759,-0.0959931088596881,4.24987672860619,-0.11693705988362
"1847",4.24987672860619,-0.11693705988362,3.2306044454415,-0.0523598775598299
"1848",3.2306044454415,-0.0523598775598299,2.65115513377939,-0.232128790515246
"1849",2.65115513377939,-0.232128790515246,2.50978346436785,-0.0418879020478639
"1850",2.50978346436785,-0.0418879020478639,4.31794456943397,-0.130899693899575
"1851",4.31794456943397,-0.130899693899575,4.78918346747244,-0.130899693899575
"1852",4.78918346747244,-0.130899693899575,5.18886386617914,-0.0802851455917391
"1853",5.18886386617914,-0.0802851455917391,4.48200551912144,-0.183259571459405
"1854",4.48200551912144,-0.183259571459405,2.85186799775873,-0.22165681500328
"1855",2.85186799775873,-0.22165681500328,2.38411975822425,0.0698131700797732
"1856",2.38411975822425,0.0698131700797732,0.267035375555132,-0.207694180987325
"1857",0.267035375555132,-0.207694180987325,4.74555023617258,-0.123918376891597
"1858",4.74555023617258,-0.123918376891597,4.66875574908483,-0.171042266695444
"1859",4.66875574908483,-0.171042266695444,2.62148453649548,0.0977384381116825
"1860",2.62148453649548,0.0977384381116825,5.57458163086989,-0.0785398163397448
"1861",5.57458163086989,-0.0785398163397448,5.32325421858271,-0.0890117918517108
"1862",5.32325421858271,-0.0890117918517108,4.78569280896845,-0.144862327915529
"1863",4.78569280896845,-0.144862327915529,2.46964089157198,-0.0523598775598299
"1864",2.46964089157198,-0.0523598775598299,0.575958653158129,0.130899693899575
"1865",0.575958653158129,0.130899693899575,4.84852466204025,-0.0959931088596881
"1866",4.84852466204025,-0.0959931088596881,0.319395253114962,-0.185004900711399
"1867",0.319395253114962,-0.185004900711399,5.26565835326689,-0.0575958653158129
"1868",5.26565835326689,-0.0575958653158129,3.26900168898538,-0.0174532925199433
"1869",3.26900168898538,-0.0174532925199433,2.85186799775873,-0.251327412287183
"1870",2.85186799775873,-0.251327412287183,6.2465333928877,-0.0994837673636768
"1871",6.2465333928877,-0.0994837673636768,2.91120919232654,-0.253072741539178
"1872",2.91120919232654,-0.253072741539178,6.18893752757189,-0.11693705988362
"1873",6.18893752757189,-0.11693705988362,1.67202542341057,0.190240888467382
"1874",1.67202542341057,0.190240888467382,0.240855436775218,-0.0575958653158129
"1875",0.240855436775218,-0.0575958653158129,2.80823476645888,-0.212930168743308
"1876",2.80823476645888,-0.212930168743308,0.343829862642883,-0.0645771823237902
"1877",0.343829862642883,-0.0645771823237902,6.01789526087645,-0.11693705988362
"1878",6.01789526087645,-0.11693705988362,3.42782665091686,-0.619591884457987
"1879",3.42782665091686,-0.619591884457987,4.74205957766859,0.171042266695444
"1880",4.74205957766859,0.171042266695444,0.553269372882202,-0.0401425727958696
"1881",0.553269372882202,-0.0401425727958696,1.91637151868977,-0.12915436464758
"1882",1.91637151868977,-0.12915436464758,5.45938990023826,-0.132645023151569
"1883",5.45938990023826,-0.132645023151569,0.146607657167524,-0.0820304748437335
"1884",0.146607657167524,-0.0820304748437335,5.34943415736262,0.102974425867665
"1885",5.34943415736262,0.102974425867665,5.49429648527815,0.0855211333477222
"1886",5.49429648527815,0.0855211333477222,3.54650904005248,-0.0226892802759263
"1887",3.54650904005248,-0.0226892802759263,3.79434579383567,-0.0331612557878923
"1888",3.79434579383567,-0.0331612557878923,0.376991118430775,-0.123918376891597
"1889",0.376991118430775,-0.123918376891597,0.516617458590322,-0.101229096615671
"1890",0.516617458590322,-0.101229096615671,4.35634181297785,-0.703367688553715
"1891",4.35634181297785,-0.703367688553715,0.642281164733913,-0.12915436464758
"1892",0.642281164733913,-0.12915436464758,1.4154620233674,-0.11693705988362
"1893",1.4154620233674,-0.11693705988362,5.95331807855266,-0.427605666738611
"1894",5.95331807855266,-0.427605666738611,5.14523063487928,0.0855211333477222
"1895",5.14523063487928,0.0855211333477222,3.50462113800461,-0.020943951023932
"1896",3.50462113800461,-0.020943951023932,2.74889357189107,-0.371755130674792
"1897",2.74889357189107,-0.371755130674792,1.33168621927167,-0.137881010907552
"1898",1.33168621927167,-0.137881010907552,0.656243798749868,-0.137881010907552
"1899",0.656243798749868,-0.137881010907552,2.8309240467348,-0.331612557878923
"1900",2.8309240467348,-0.331612557878923,1.45909525466726,-0.162315620435473
"1901",1.45909525466726,-0.162315620435473,2.56388867117967,-0.387463093942741
"1902",2.56388867117967,-0.387463093942741,2.6790804018113,-0.354301838154849
"1903",2.6790804018113,-0.354301838154849,0.211184839491314,-0.502654824574367
"1904",0.211184839491314,-0.502654824574367,0.436332312998582,-0.434586983746588
"1905",0.436332312998582,-0.434586983746588,5.73340659280137,0.394444410950718
"1906",5.73340659280137,0.394444410950718,2.68955237732326,-0.392699081698724
"1907",2.68955237732326,-0.392699081698724,5.83812634792103,-0.123918376891597
"1908",5.83812634792103,-0.123918376891597,2.95135176512241,0.422369678982628
"1909",2.95135176512241,0.422369678982628,1.77499984927823,-0.466002910282486
"1910",1.77499984927823,-0.466002910282486,5.95506340780465,-0.155334303427495
"1911",5.95506340780465,-0.155334303427495,4.01949326734294,0.10471975511966
"1912",4.01949326734294,0.10471975511966,4.98116968519182,-0.502654824574367
"1913",4.98116968519182,-0.502654824574367,2.69304303582725,0.417133691226645
"1914",2.69304303582725,0.417133691226645,5.12603201310735,0.434586983746588
"1915",5.12603201310735,0.434586983746588,0.424115008234622,-0.53232542185827
