"","theta_pred","phi_pred","theta_resp","phi_resp"
"1",0.537735942539453,0.303338223996614,6.13099259640568,-0.660432588954654
"2",6.13099259640568,-0.660432588954654,0.470540766337671,0.158999494856683
"3",0.470540766337671,0.158999494856683,0.686088928958971,-0.0506145483078356
"4",0.686088928958971,-0.0506145483078356,0.682598270454982,-0.133866753627965
"5",0.682598270454982,-0.133866753627965,5.09967754140223,-0.603709388264839
"6",5.09967754140223,-0.603709388264839,5.16791991515521,-0.130201562198777
"7",5.16791991515521,-0.130201562198777,5.24209640836497,-0.291120919232654
"8",5.24209640836497,-0.291120919232654,5.1410418446745,-0.197222205475359
"9",5.1410418446745,-0.197222205475359,3.40199577798735,0.079412480965742
"10",3.40199577798735,0.079412480965742,3.30652626790326,-0.137357412131954
"11",3.30652626790326,-0.137357412131954,4.08721204232032,0.519759051243911
"12",4.08721204232032,0.519759051243911,0.744382925975582,-0.129852496348378
"13",0.744382925975582,-0.129852496348378,2.16089214689418,0.11397000015523
"14",2.16089214689418,0.11397000015523,2.16717533220136,-0.154810704651897
"15",2.16717533220136,-0.154810704651897,0.369137136796801,0.102276294166868
"16",0.369137136796801,0.102276294166868,3.61003902482507,0.0628318530717959
"17",3.61003902482507,0.0628318530717959,3.78195395614651,-0.227241868609662
"18",3.78195395614651,-0.227241868609662,3.64791266959335,0.0460766922526503
"19",3.64791266959335,0.0460766922526503,3.62819044904581,0.158301363155886
"20",3.62819044904581,0.158301363155886,3.49886155147303,0.103148958792865
"21",3.49886155147303,0.103148958792865,2.40977609822857,0.0802851455917391
"22",2.40977609822857,0.0802851455917391,2.96147467478398,-0.51085787205874
"23",2.96147467478398,-0.51085787205874,2.15862321886659,-0.16004669240788
"24",2.15862321886659,-0.16004669240788,3.569721919104,-0.0848230016469244
"25",3.569721919104,-0.0848230016469244,3.37092891730185,-0.0509636141582344
"26",3.37092891730185,-0.0509636141582344,2.25915418378146,0.12915436464758
"27",2.25915418378146,0.12915436464758,3.03600023384414,-0.107512281922851
"28",3.03600023384414,-0.107512281922851,0.72343897495165,-0.172613063022239
"29",0.72343897495165,-0.172613063022239,2.04447868578616,-0.105941485596056
"30",2.04447868578616,-0.105941485596056,2.36614286692871,-0.108035880698449
"31",2.36614286692871,-0.108035880698449,2.10050375477518,0.074176493209759
"32",2.10050375477518,0.074176493209759,0.880693140556339,-0.259704992696756
"33",0.880693140556339,-0.259704992696756,1.08925998616966,-0.0136135681655558
"34",1.08925998616966,-0.0136135681655558,6.23012729791896,0.0417133691226645
"35",6.23012729791896,0.0417133691226645,1.09187798004765,0.134739418253962
"36",1.09187798004765,0.134739418253962,0.924849970631795,0.011693705988362
"37",0.924849970631795,0.011693705988362,5.08815836833907,0.162141087510273
"38",5.08815836833907,0.162141087510273,3.67915406320405,0.00872664625997165
"39",3.67915406320405,0.00872664625997165,3.0771900041912,-0.172962128872638
"40",3.0771900041912,-0.172962128872638,3.54982516563127,0.135786615805159
"41",3.54982516563127,0.135786615805159,2.44991867102444,0.105068820970059
"42",2.44991867102444,0.105068820970059,1.90380514807541,-0.17226399717184
"43",1.90380514807541,-0.17226399717184,3.41194415472371,0.0441568300754565
"44",3.41194415472371,0.0441568300754565,2.82516446020322,0.177325452002624
"45",2.82516446020322,0.177325452002624,2.90160988144057,0.389208423194735
"46",2.90160988144057,0.389208423194735,1.79751459662896,-0.263370184125944
"47",1.79751459662896,-0.263370184125944,0.943874059478533,-0.117460658659218
"48",0.943874059478533,-0.117460658659218,1.20567344727768,-0.343480796792484
"49",1.20567344727768,-0.343480796792484,0.693593844742547,-0.153239908325102
"50",0.693593844742547,-0.153239908325102,1.47043989480522,-0.053232542185827
"51",1.47043989480522,-0.053232542185827,0.733212818762818,-0.339292006587698
"52",0.733212818762818,-0.339292006587698,0.284314135149876,-0.250280214735987
"53",0.284314135149876,-0.250280214735987,0.342433599241287,-0.0141371669411541
"54",0.342433599241287,-0.0141371669411541,4.07185314490277,-0.426558469187414
"55",4.07185314490277,-0.426558469187414,3.29116737048571,-0.0972148393360842
"56",3.29116737048571,-0.0972148393360842,2.25007847167109,-0.76637407455071
"57",2.25007847167109,-0.76637407455071,1.62210900680353,0.0265290046303138
"58",1.62210900680353,0.0265290046303138,3.11192205630589,-0.599520598060052
"59",3.11192205630589,-0.599520598060052,0.899193630627479,0.0561996019142174
"60",0.899193630627479,0.0561996019142174,1.48789318732517,-0.291295452157854
"61",1.48789318732517,-0.291295452157854,1.19502693884052,0.0282743338823081
"62",1.19502693884052,0.0282743338823081,6.22873103451736,0.348716784548467
"63",6.22873103451736,0.348716784548467,5.45397937955708,-0.464955712731289
"64",5.45397937955708,-0.464955712731289,0.426907535037813,-0.00488692190558412
"65",0.426907535037813,-0.00488692190558412,5.62659244257932,-0.51714105736592
"66",5.62659244257932,-0.51714105736592,5.07192680629552,0.483805268652828
"67",5.07192680629552,0.483805268652828,5.1394710483477,-0.0938987137572949
"68",5.1394710483477,-0.0938987137572949,4.47258074116067,0.0190240888467382
"69",4.47258074116067,0.0190240888467382,3.95735954597194,0.375943920879579
"70",3.95735954597194,0.375943920879579,4.85969476925301,0.631460123371548
"71",4.85969476925301,0.631460123371548,3.92262749385726,-0.31381019950858
"72",3.92262749385726,-0.31381019950858,3.77898689641812,0.318697121414165
"73",3.77898689641812,0.318697121414165,2.9555405553272,-0.213802833369305
"74",2.9555405553272,-0.213802833369305,1.0758209509293,0.0869173967493176
"75",1.0758209509293,0.0869173967493176,2.0017181191123,0.0804596785169386
"76",2.0017181191123,0.0804596785169386,2.20243098309164,0.237888377046827
"77",2.20243098309164,0.237888377046827,1.66539317225299,-0.134564885328763
"78",1.66539317225299,-0.134564885328763,5.92818533732394,0.140149938935145
"79",5.92818533732394,0.140149938935145,5.50267406568772,0.0631809189221947
"80",5.50267406568772,0.0631809189221947,4.96109839879388,-0.0827286065445312
"81",4.96109839879388,-0.0827286065445312,4.30136394154002,-0.238586508747625
"82",4.30136394154002,-0.238586508747625,3.06793975915563,0.085870199198121
"83",3.06793975915563,0.085870199198121,4.88727097143452,0.0260054058547155
"84",4.88727097143452,0.0260054058547155,2.24885674119469,0.291120919232654
"85",2.24885674119469,0.291120919232654,3.4777430675239,-0.0935496479068961
"86",3.4777430675239,-0.0935496479068961,2.42705485782331,0.327423767674136
"87",2.42705485782331,0.327423767674136,1.5388568014834,0.41556289489985
"88",1.5388568014834,0.41556289489985,0.992045146833577,-0.0466002910282486
"89",0.992045146833577,-0.0466002910282486,1.11683618835117,-0.393397213399522
"90",1.11683618835117,-0.393397213399522,1.31719998648012,0.433539786195391
"91",1.31719998648012,0.433539786195391,1.84882727663759,0.253945406165175
"92",1.84882727663759,0.253945406165175,0.3385938748869,-0.0530580092606276
"93",0.3385938748869,-0.0530580092606276,5.82172025295229,-0.00872664625997165
"94",5.82172025295229,-0.00872664625997165,4.59178672907188,-0.192335283569775
"95",4.59178672907188,-0.192335283569775,4.35599274712745,-0.216944426022895
"96",4.35599274712745,-0.216944426022895,3.54999969855647,0.0429350995990605
"97",3.54999969855647,0.0429350995990605,5.08868196711467,-0.252723675688779
"98",5.08868196711467,-0.252723675688779,3.83605916295834,-0.145909525466726
"99",3.83605916295834,-0.145909525466726,2.24379528636391,0.285884931476671
"100",2.24379528636391,0.285884931476671,2.80352237747849,0.329518162776529
"101",2.80352237747849,0.329518162776529,3.85979564078546,0.333706952981316
"102",3.85979564078546,0.333706952981316,0.444709893408155,0.210661240715716
"103",0.444709893408155,0.210661240715716,0.916472390222222,0.155683369277894
"104",0.916472390222222,0.155683369277894,0.745953722302376,0.029845130209103
"105",0.745953722302376,0.029845130209103,2.20539804282003,0.423242343608625
"106",2.20539804282003,0.423242343608625,1.99665666428151,0.397760536529508
"107",1.99665666428151,0.397760536529508,0.462163185928098,-0.355698101556444
"108",0.462163185928098,-0.355698101556444,0.794648408433018,0.556236432610593
"109",0.794648408433018,0.556236432610593,0.808436509523774,-0.363901149040818
"110",0.808436509523774,-0.363901149040818,0.582765437240907,-0.162839219211071
"111",0.582765437240907,-0.162839219211071,0.570897198327345,-0.413468499797457
"112",0.570897198327345,-0.413468499797457,5.65050345333164,0.150098315671512
"113",5.65050345333164,0.150098315671512,5.86535348425214,0.252723675688779
"114",5.86535348425214,0.252723675688779,4.53139833695288,-0.224449341806471
"115",4.53139833695288,-0.224449341806471,5.97304029910019,0.357967029584037
"116",5.97304029910019,0.357967029584037,5.42884663832836,0.0986111027376796
"117",5.42884663832836,0.0986111027376796,4.83892535115428,0.340688269989293
"118",4.83892535115428,0.340688269989293,4.52790767844889,-0.36634460999361
"119",4.52790767844889,-0.36634460999361,3.70987185803915,-0.130027029273578
"120",3.70987185803915,-0.130027029273578,4.1538836197465,-0.324805773796145
"121",4.1538836197465,-0.324805773796145,4.08913190449751,0.208566845613322
"122",4.08913190449751,0.208566845613322,3.94618943875918,0.71418872991608
"123",3.94618943875918,0.71418872991608,4.39438999067132,-0.18762289458939
"124",4.39438999067132,-0.18762289458939,5.39585991546567,0.463384916404494
"125",5.39585991546567,0.463384916404494,3.82523812159597,0.291469985083053
"126",3.82523812159597,0.291469985083053,3.39902871825896,0.519235452468313
"127",3.39902871825896,0.519235452468313,3.1714377837989,0.200538331054148
"128",3.1714377837989,0.200538331054148,2.25566352527747,0.262322986574748
"129",2.25566352527747,0.262322986574748,2.2767820092266,-0.46792277245968
"130",2.2767820092266,-0.46792277245968,4.00832316013018,-0.452214809191731
"131",4.00832316013018,-0.452214809191731,2.94105432253564,-0.432143522793796
"132",2.94105432253564,-0.432143522793796,3.4777430675239,0.64315382935991
"133",3.4777430675239,0.64315382935991,3.78771354267809,0.488866723483612
"134",3.78771354267809,0.488866723483612,3.95683594719634,0.430398193541802
"135",3.95683594719634,0.430398193541802,2.94576671151603,0.495149908790791
"136",2.94576671151603,0.495149908790791,2.29790049317573,0.531976356007872
"137",2.29790049317573,0.531976356007872,2.13471220811426,0.0623082542961976
"138",2.13471220811426,0.0623082542961976,0.921533845053006,0.451691210416132
"139",0.921533845053006,0.451691210416132,1.62717046163431,0.581892772614909
"140",1.62717046163431,0.581892772614909,0.721170046924057,0.31084313978019
"141",0.721170046924057,0.31084313978019,0.549953247303413,-0.385717764690747
"142",0.549953247303413,-0.385717764690747,1.14615771978468,-0.714712328691678
"143",1.14615771978468,-0.714712328691678,1.4467034169781,0.331088959103324
"144",1.4467034169781,0.331088959103324,1.49661983358514,0.0370009801422798
"145",1.49661983358514,0.0370009801422798,5.50127780228613,0.44313909708136
"146",5.50127780228613,0.44313909708136,0.562345084992573,-0.266162710929135
"147",0.562345084992573,-0.266162710929135,6.05925956414871,0.605629250442032
"148",6.05925956414871,0.605629250442032,0.732863752912419,-0.219213354050488
"149",0.732863752912419,-0.219213354050488,4.5851544779143,-0.1539380400259
"150",4.5851544779143,-0.1539380400259,5.03614755662964,-0.457101731097315
"151",5.03614755662964,-0.457101731097315,5.58836973196064,0.486772328381218
"152",5.58836973196064,0.486772328381218,5.28887123231842,0.526740368251889
"153",5.28887123231842,0.526740368251889,3.70044708007838,-0.440870169053768
"154",3.70044708007838,-0.440870169053768,4.31672283895757,-0.197222205475359
"155",4.31672283895757,-0.197222205475359,3.02483012663137,0.117286125734019
"156",3.02483012663137,0.117286125734019,3.63569536482939,0.0530580092606276
"157",3.63569536482939,0.0530580092606276,5.29096562742081,-0.560425222815379
"158",5.29096562742081,-0.560425222815379,3.34038565539195,0.354825436930447
"159",3.34038565539195,0.354825436930447,4.08511764721793,0.174358392274234
"160",4.08511764721793,0.174358392274234,3.31560198001363,0.509636141582344
"161",3.31560198001363,0.509636141582344,3.17231044842489,-0.404043721836687
"162",3.17231044842489,-0.404043721836687,3.96451539590512,0.470191700487272
"163",3.96451539590512,0.470191700487272,2.14186805804744,-0.486772328381218
"164",2.14186805804744,-0.486772328381218,3.44021848860602,0.533372619409467
"165",3.44021848860602,0.533372619409467,3.74111325164985,-0.269478836507924
"166",3.74111325164985,-0.269478836507924,3.97865256284627,-0.647691685415096
"167",3.97865256284627,-0.647691685415096,3.99383692733862,-0.0722566310325652
"168",3.99383692733862,-0.0722566310325652,1.76173534696308,0.057246799465414
"169",1.76173534696308,0.057246799465414,0.778416846389471,0.525169571925094
"170",0.778416846389471,0.525169571925094,1.13149695406792,-0.0530580092606276
"171",1.13149695406792,-0.0530580092606276,1.07529735215371,0.294960643587042
"172",1.07529735215371,0.294960643587042,0.958360292270086,-0.17243853009704
"173",0.958360292270086,-0.17243853009704,1.57306525482249,-0.280823476645888
"174",1.57306525482249,-0.280823476645888,0.262322986574748,0.313635666583381
"175",0.262322986574748,0.313635666583381,6.12662927327569,0.171042266695444
"176",6.12662927327569,0.171042266695444,5.90113273391803,0.221133216227682
"177",5.90113273391803,0.221133216227682,0.585383431118898,0.369311669722
"178",0.585383431118898,0.369311669722,5.29951774075558,0.408930643742271
"179",5.29951774075558,0.408930643742271,5.0157272043813,-0.489739388109609
"180",5.0157272043813,-0.489739388109609,6.22366957968658,-0.398109602379907
"181",6.22366957968658,-0.398109602379907,5.59622371359462,0.264068315826742
"182",5.59622371359462,0.264068315826742,5.65783383619002,-0.169122404518251
"183",5.65783383619002,-0.169122404518251,4.94032898069515,-0.207519648062126
"184",4.94032898069515,-0.207519648062126,5.55241594936956,-0.481361807700036
"185",5.55241594936956,-0.481361807700036,4.23312156778705,0.592190215201676
"186",4.23312156778705,0.592190215201676,2.5549874919945,0.192684349420174
"187",2.5549874919945,0.192684349420174,3.40478830479054,0.365646478292812
"188",3.40478830479054,0.365646478292812,4.29665155255964,0.0144862327915529
"189",4.29665155255964,0.0144862327915529,4.53209646865368,-0.626922267316363
"190",4.53209646865368,-0.626922267316363,5.18467507597436,0.389382956119935
"191",5.18467507597436,0.389382956119935,2.29877315780173,0.528136631653484
"192",2.29877315780173,0.528136631653484,4.185823145058,-0.394968009726317
"193",4.185823145058,-0.394968009726317,3.25695891714662,-0.160570291183478
"194",3.25695891714662,-0.160570291183478,3.10197367956952,-0.507541746479951
"195",3.10197367956952,-0.507541746479951,1.69070044640691,0.318697121414165
"196",1.69070044640691,0.318697121414165,2.38394522529905,-0.348542251623268
"197",2.38394522529905,-0.348542251623268,3.13059707930223,-0.0684169066781777
"198",3.13059707930223,-0.0684169066781777,1.83730810357443,-0.200712863979348
"199",1.83730810357443,-0.200712863979348,1.57236712312169,0.0378736447682769
"200",1.57236712312169,0.0378736447682769,1.94429678672168,0.00541052068118242
"201",1.94429678672168,0.00541052068118242,0.579100245811718,-0.154985237577096
"202",0.579100245811718,-0.154985237577096,1.65544479551662,-0.330390827402527
"203",1.65544479551662,-0.330390827402527,6.05315091176673,0.347145988221672
"204",6.05315091176673,0.347145988221672,6.28109091207719,-0.225845605208066
"205",6.28109091207719,-0.225845605208066,0.808261976598574,0.0713839664065681
"206",0.808261976598574,0.0713839664065681,5.54892529086557,0.389906554895533
"207",5.54892529086557,0.389906554895533,5.9700732393718,-0.207868713912525
"208",5.9700732393718,-0.207868713912525,4.63716528962373,0.112050137978036
"209",4.63716528962373,0.112050137978036,5.18729306985235,0.39706240482871
"210",5.18729306985235,0.39706240482871,4.81850499890594,-0.283616003449079
"211",4.81850499890594,-0.283616003449079,4.54344110879164,0.494975375865592
"212",4.54344110879164,0.494975375865592,3.96521352760592,-0.182386906833407
"213",3.96521352760592,-0.182386906833407,4.66020363575006,0.324282175020546
"214",4.66020363575006,0.324282175020546,3.70254147518077,0.318348055563766
"215",3.70254147518077,0.318348055563766,4.0627774327924,-0.261101256098352
"216",4.0627774327924,-0.261101256098352,4.22334772397588,0.0404916386462684
"217",4.22334772397588,0.0404916386462684,2.5848326222036,0.194255145746969
"218",2.5848326222036,0.194255145746969,2.57854943689642,-0.463210383479295
"219",2.57854943689642,-0.463210383479295,2.86548156592429,0.185353966561798
"220",2.86548156592429,0.185353966561798,0.290422787531856,-0.352731041828054
"221",0.290422787531856,-0.352731041828054,0.25237460983838,0.184306769010601
"222",0.25237460983838,0.184306769010601,4.73595092528661,0.0621337213709981
"223",4.73595092528661,0.0621337213709981,0.331263492028524,0.565312144720963
"224",0.331263492028524,0.565312144720963,4.06871155224918,0.362679418564422
"225",4.06871155224918,0.362679418564422,3.64756360374295,-0.500036830696375
"226",3.64756360374295,-0.500036830696375,2.59373380138877,0.22776546738526
"227",2.59373380138877,0.22776546738526,2.42286606761853,0.386939495167143
"228",2.42286606761853,0.386939495167143,3.27999726327294,0.289724655831059
"229",3.27999726327294,0.289724655831059,1.51581845535708,0.431968989868597
"230",1.51581845535708,0.431968989868597,0.342782665091686,0.517490123216319
"231",0.342782665091686,0.517490123216319,0.11990411961201,0.441393767829366
"232",0.11990411961201,0.441393767829366,0.737401608967604,-0.476823951644851
"233",0.737401608967604,-0.476823951644851,0.893957642871496,-0.33545228223331
"234",0.893957642871496,-0.33545228223331,5.14976849093447,-0.124441975667196
"235",5.14976849093447,-0.124441975667196,5.32220702103151,-0.434412450821389
"236",5.32220702103151,-0.434412450821389,4.49125576415701,0.453611072593326
"237",4.49125576415701,0.453611072593326,5.01153841417652,-0.353080107678453
"238",5.01153841417652,-0.353080107678453,3.50636646725661,-0.502480291649168
"239",3.50636646725661,-0.502480291649168,2.96915412349275,-0.693768377667746
"240",2.96915412349275,-0.693768377667746,4.02856897945331,0.309621409303794
"241",4.02856897945331,0.309621409303794,3.3546973552583,0.390081087820733
"242",3.3546973552583,0.390081087820733,2.83877802836878,0.201410995680146
"243",2.83877802836878,0.201410995680146,2.62637145840107,0.218864288200089
"244",2.62637145840107,0.218864288200089,2.41064876285457,0.03385938748869
"245",2.41064876285457,0.03385938748869,3.41997266928289,0.280474410795489
"246",3.41997266928289,0.280474410795489,2.44555534789445,0.410850505919465
"247",2.44555534789445,0.410850505919465,2.79601746169492,0.393222680474322
"248",2.79601746169492,0.393222680474322,0.97878064451842,-0.346447856520874
"249",0.97878064451842,-0.346447856520874,2.51501945212383,0.192160750644576
"250",2.51501945212383,0.192160750644576,3.54266931569809,0.297578637465033
"251",3.54266931569809,0.297578637465033,4.63576902622214,0.456578132321717
"252",4.63576902622214,0.456578132321717,3.49694168929584,0.378212848907171
"253",3.49694168929584,0.378212848907171,2.33106174896363,-0.796219204759813
"254",2.33106174896363,-0.796219204759813,0.96045468737248,-0.355174502780846
"255",0.96045468737248,-0.355174502780846,2.57366251499084,0.389033890269536
"256",2.57366251499084,0.389033890269536,0.896924702599886,-0.522900643897501
"257",0.896924702599886,-0.522900643897501,0.745604656451978,0.434412450821389
"258",0.745604656451978,0.434412450821389,4.62826411043856,0.439124839801773
"259",4.62826411043856,0.439124839801773,5.45066325397829,0.362679418564422
"260",5.45066325397829,0.362679418564422,4.26331576384655,0.314333798284179
"261",4.26331576384655,0.314333798284179,2.64277755336981,0.603709388264839
"262",2.64277755336981,0.603709388264839,0.523598775598299,-0.362330352714023
"263",0.523598775598299,-0.362330352714023,2.49878789008028,0.443662695856959
"264",2.49878789008028,0.443662695856959,1.08838732154366,-0.427082067963012
"265",1.08838732154366,-0.427082067963012,0.817861287484543,0.396713338978311
"266",0.817861287484543,0.396713338978311,1.28386419776703,-0.452040276266531
"267",1.28386419776703,-0.452040276266531,3.49537089296904,-0.381179908635562
"268",3.49537089296904,-0.381179908635562,4.42074446237644,0.514523063487928
"269",4.42074446237644,0.514523063487928,2.29126824201816,0.556760031386191
"270",2.29126824201816,0.556760031386191,3.49205476739025,-0.468795437085677
"271",3.49205476739025,-0.468795437085677,1.13062428944193,-0.423416876533824
"272",1.13062428944193,-0.423416876533824,0.383099770812755,-0.365297412442413
"273",0.383099770812755,-0.365297412442413,2.22285133533998,0.36006142468643
"274",2.22285133533998,0.36006142468643,0.340513737064094,0.54471725954743
"275",0.340513737064094,0.54471725954743,0.0886627260013119,-0.37542032210398
"276",0.0886627260013119,-0.37542032210398,5.47335253425422,0.359363292985632
"277",5.47335253425422,0.359363292985632,5.78820993131399,-0.466875574908483
"278",5.78820993131399,-0.466875574908483,0.0567232006898157,0.611039771123215
"279",0.0567232006898157,0.611039771123215,4.17953995975082,-0.416086493675448
"280",4.17953995975082,-0.416086493675448,4.83002417196911,0.681551072903786
"281",4.83002417196911,0.681551072903786,3.16079127536173,0.31398473243378
"282",3.16079127536173,0.31398473243378,3.49345103079185,-0.382052573261559
"283",3.49345103079185,-0.382052573261559,3.63744069408138,0.376118453804778
"284",3.63744069408138,0.376118453804778,2.13349047763787,0.359188760060433
"285",2.13349047763787,0.359188760060433,1.18525309502935,-0.425860337486616
"286",1.18525309502935,-0.425860337486616,2.51920824232862,0.332136156654521
"287",2.51920824232862,0.332136156654521,1.93679187093811,0.520806248795108
"288",1.93679187093811,0.520806248795108,0.116413461108022,-0.376467519655177
"289",0.116413461108022,-0.376467519655177,6.08194884442464,0.596902604182061
"290",6.08194884442464,0.596902604182061,3.94653850460958,0.449771348238939
"291",3.94653850460958,0.449771348238939,4.03031430870531,-0.160570291183478
"292",4.03031430870531,-0.160570291183478,3.67479074007406,0.329692695701729
"293",3.67479074007406,0.329692695701729,4.06993328272558,-0.572817060504539
"294",4.06993328272558,-0.572817060504539,4.43819775489638,0.531452757232273
"295",4.43819775489638,0.531452757232273,3.58403361897036,-0.369660735572399
"296",3.58403361897036,-0.369660735572399,2.57750223934523,0.250454747661186
"297",2.57750223934523,0.250454747661186,2.74592651216268,0.442964564156161
"298",2.74592651216268,0.442964564156161,3.74216044920104,0.0488692190558412
"299",3.74216044920104,0.0488692190558412,2.39389360203542,0.535117948661461
"300",2.39389360203542,0.535117948661461,2.49774069252909,0.0481710873550435
"301",2.49774069252909,0.0481710873550435,2.6471408764998,-0.31712632508737
"302",2.6471408764998,-0.31712632508737,4.05143279265444,0.568802803224952
"303",4.05143279265444,0.568802803224952,2.34956223903477,0.278554548618295
"304",2.34956223903477,0.278554548618295,1.64113309565027,0.38484510006475
"305",1.64113309565027,0.38484510006475,1.43867490241893,-0.349589449174464
"306",1.43867490241893,-0.349589449174464,2.34432625127878,0.69254664719135
"307",2.34432625127878,0.69254664719135,0.544193660771832,0.305432619099008
"308",0.544193660771832,0.305432619099008,2.73301107569792,-0.447153354360947
"309",2.73301107569792,-0.447153354360947,0.0267035375555132,-0.351509311351658
"310",0.0267035375555132,-0.351509311351658,5.70164160041508,0.426907535037813
"311",5.70164160041508,0.426907535037813,1.34617245206323,0.393571746324721
"312",1.34617245206323,0.393571746324721,3.71964570185032,0.439822971502571
"313",3.71964570185032,0.439822971502571,3.65855917803051,-0.327772833524535
"314",3.65855917803051,-0.327772833524535,3.40880256207013,0.280474410795489
"315",3.40880256207013,0.280474410795489,2.56127067730168,0.26790804018113
"316",2.56127067730168,0.26790804018113,3.23985469047707,0.34470252726888
"317",3.23985469047707,0.34470252726888,2.26526283616344,-0.412595835171459
"318",2.26526283616344,-0.412595835171459,4.27012254792933,0.355174502780846
"319",4.27012254792933,0.355174502780846,2.80509317380529,-0.524296907299097
"320",2.80509317380529,-0.524296907299097,2.25130020214749,0.309272343453395
"321",2.25130020214749,0.309272343453395,1.91043739923299,0.641408500107916
"322",1.91043739923299,0.641408500107916,0.97878064451842,0.0926769832808989
"323",0.97878064451842,0.0926769832808989,2.29144277494336,-0.324980306721344
"324",2.29144277494336,-0.324980306721344,1.10566608113841,-0.181165176357011
"325",1.10566608113841,-0.181165176357011,1.99840199353351,0.48642326253082
"326",1.99840199353351,0.48642326253082,2.01253916047466,0.376118453804778
"327",2.01253916047466,0.376118453804778,0.740543201621194,0.349589449174464
"328",0.740543201621194,0.349589449174464,1.5992451936024,0.215024563845701
"329",1.5992451936024,0.215024563845701,0.675093354671407,0.333881485906515
"330",0.675093354671407,0.333881485906515,5.79763470927476,0.416086493675448
"331",5.79763470927476,0.416086493675448,0.131074226824774,-0.279601746169492
"332",0.131074226824774,-0.279601746169492,4.89931374327328,-0.363726616115618
"333",4.89931374327328,-0.363726616115618,4.16767172083726,0.314159265358979
"334",4.16767172083726,0.314159265358979,3.74774550280742,0.531278224307074
"335",3.74774550280742,0.531278224307074,3.86380989806505,0.605454717516833
"336",3.86380989806505,0.605454717516833,3.71545691164553,0.463733982254893
"337",3.71545691164553,0.463733982254893,3.37075438437665,0.33545228223331
"338",3.37075438437665,0.33545228223331,4.60540029723744,0.388510291493938
"339",4.60540029723744,0.388510291493938,3.36691466002226,0.57246799465414
"340",3.36691466002226,0.57246799465414,3.07963346514399,0.391302818297129
"341",3.07963346514399,0.391302818297129,2.87211381708187,0.428303798439408
"342",2.87211381708187,0.428303798439408,2.68902877854766,-0.482059939400834
"343",2.68902877854766,-0.482059939400834,3.46639842738594,0.348542251623268
"344",3.46639842738594,0.348542251623268,1.73520634233276,-0.454483737219323
"345",1.73520634233276,-0.454483737219323,3.62592152101822,-0.374024058702385
"346",3.62592152101822,-0.374024058702385,2.83005138210881,0.365646478292812
"347",2.83005138210881,0.365646478292812,2.68763251514607,0.353429173528852
"348",2.68763251514607,0.353429173528852,1.3847442285323,0.747175452778773
"349",1.3847442285323,0.747175452778773,2.04081349435697,0.472635161440064
"350",2.04081349435697,0.472635161440064,0.719773783522462,-0.544193660771832
"351",0.719773783522462,-0.544193660771832,0.943175927777736,0.381179908635562
"352",0.943175927777736,0.381179908635562,6.1569980022604,-0.303512756921814
"353",6.1569980022604,-0.303512756921814,1.79123141132178,0.494102711239595
"354",1.79123141132178,0.494102711239595,5.53042480079443,0.423067810683425
"355",5.53042480079443,0.423067810683425,1.21090943503367,0.366868208769208
"356",1.21090943503367,0.366868208769208,1.16308741352902,0.487994058857615
"357",1.16308741352902,0.487994058857615,5.99101719039574,0.275412955964705
"358",5.99101719039574,0.275412955964705,4.26366482969695,0.345400658969678
"359",4.26366482969695,0.345400658969678,5.74649656219133,-0.608945376020822
"360",5.74649656219133,-0.608945376020822,3.43812409350363,0.140149938935145
"361",3.43812409350363,0.140149938935145,3.59851985176191,0.2769837522915
"362",3.59851985176191,0.2769837522915,4.50015694334218,0.403520123061089
"363",4.50015694334218,0.403520123061089,1.97449098278118,0.420449816805434
"364",1.97449098278118,0.420449816805434,1.6943656378361,-0.42167154728183
"365",1.6943656378361,-0.42167154728183,2.57924756859722,0.404043721836687
"366",2.57924756859722,0.404043721836687,0.376642052580376,-0.349938515024863
"367",0.376642052580376,-0.349938515024863,0.884183799060327,-0.739146938219599
"368",0.884183799060327,-0.739146938219599,1.07267935827571,0.497418836818384
"369",1.07267935827571,0.497418836818384,0.100181899064475,-0.348193185772869
"370",0.100181899064475,-0.348193185772869,6.06589181530629,0.243473430653209
"371",6.06589181530629,0.243473430653209,0.522900643897501,-0.431445391092998
"372",0.522900643897501,-0.431445391092998,5.95157274930066,0.577529449484924
"373",5.95157274930066,0.577529449484924,0.0696386371545737,-0.535816080362259
"374",0.0696386371545737,-0.535816080362259,2.06926236116448,-0.377165651355975
"375",2.06926236116448,-0.377165651355975,0.776496984212277,0.305781684949406
"376",0.776496984212277,0.305781684949406,5.39062392770969,-0.356570766182442
"377",5.39062392770969,-0.356570766182442,5.25902610210931,0.361632221013225
"378",5.25902610210931,0.361632221013225,0.882263936883134,0.733212818762818
"379",0.882263936883134,0.733212818762818,4.51813383463772,0.317649923862968
"380",4.51813383463772,0.317649923862968,4.65165152241529,0.488168591782814
"381",4.65165152241529,0.488168591782814,3.59468012740752,0.122347580564802
"382",3.59468012740752,0.122347580564802,4.50260040429497,-0.592713813977274
"383",4.50260040429497,-0.592713813977274,3.57338711053319,0.280648943720688
"384",3.57338711053319,0.280648943720688,3.58734974454915,0.40945424251787
"385",3.58734974454915,0.40945424251787,2.81120182618727,0.325503905496942
"386",2.81120182618727,0.325503905496942,3.4780921333743,0.497593369743583
"387",3.4780921333743,0.497593369743583,4.58986686689469,0.346273323595675
"388",4.58986686689469,0.346273323595675,1.93312667950892,0.387637626867941
"389",1.93312667950892,0.387637626867941,3.01331095356821,0.326027504272541
"390",3.01331095356821,0.326027504272541,2.83476377108919,0.401076662108297
"391",2.83476377108919,0.401076662108297,4.10902865797025,-0.0336848545634906
"392",4.10902865797025,-0.0336848545634906,3.66623862673929,-0.294087978961045
"393",3.66623862673929,-0.294087978961045,2.65831098371256,-0.229161730786855
"394",2.65831098371256,-0.229161730786855,2.54067579212815,0.413817565647856
"395",2.54067579212815,0.413817565647856,2.44136655768967,0.671602696167418
"396",2.44136655768967,0.671602696167418,1.55020144162136,-0.468446371235278
"397",1.55020144162136,-0.468446371235278,2.59478099893997,0.0506145483078356
"398",2.59478099893997,0.0506145483078356,1.46834549970283,-0.422020613132229
"399",1.46834549970283,-0.422020613132229,2.24065369371032,0.395317075576716
"400",2.24065369371032,0.395317075576716,1.5379841368574,0.496895238042786
"401",1.5379841368574,0.496895238042786,2.8948030973578,0.398807734080704
"402",2.8948030973578,0.398807734080704,0.719948316447661,-0.448200551912144
"403",0.719948316447661,-0.448200551912144,6.11109584293295,0.291993583858651
"404",6.11109584293295,0.291993583858651,5.76552065103807,0.356745299107641
"405",5.76552065103807,0.356745299107641,5.98525760386415,-0.29845130209103
"406",5.98525760386415,-0.29845130209103,5.73410472450217,0.534245284035464
"407",5.73410472450217,0.534245284035464,5.14278717392649,0.355523568631245
"408",5.14278717392649,0.355523568631245,0.746302788152775,0.337372144410504
"409",0.746302788152775,0.337372144410504,4.75968740311374,-0.402472925509892
"410",4.75968740311374,-0.402472925509892,4.42528231843162,0.342782665091686
"411",4.42528231843162,0.342782665091686,2.92848795192129,-0.427082067963012
"412",2.92848795192129,-0.427082067963012,3.6636206328613,0.349938515024863
"413",3.6636206328613,0.349938515024863,3.64110588551057,0.0860447321233204
"414",3.64110588551057,0.0860447321233204,2.44014482721327,0.411897703470662
"415",2.44014482721327,0.411897703470662,2.8930577681058,0.407185314490277
"416",2.8930577681058,0.407185314490277,2.55132230056531,-0.423940475309423
"417",2.55132230056531,-0.423940475309423,1.84010063037762,0.471587963888868
"418",1.84010063037762,0.471587963888868,2.65988178003936,0.389033890269536
"419",2.65988178003936,0.389033890269536,1.45420833276168,0.647691685415096
"420",1.45420833276168,0.647691685415096,3.33183354205718,-0.430398193541802
"421",3.33183354205718,-0.430398193541802,1.11229833229599,0.512079602535136
"422",1.11229833229599,0.512079602535136,0.88016954178074,-0.334056018831715
"423",0.88016954178074,-0.334056018831715,2.38656321917705,-0.441917366604964
"424",2.38656321917705,-0.441917366604964,1.13516214549711,0.413293966872257
"425",1.13516214549711,0.413293966872257,0.694466509368544,0.346098790670476
"426",0.694466509368544,0.346098790670476,0.532849020633869,0.248709418409192
"427",0.532849020633869,0.248709418409192,0.650135146367888,-0.445931623884551
"428",0.650135146367888,-0.445931623884551,0.417831822927443,0.505970950153156
"429",0.417831822927443,0.505970950153156,1.82561439758607,0.238237442897226
"430",1.82561439758607,0.238237442897226,1.45630272786407,-0.42795473258901
"431",1.45630272786407,-0.42795473258901,1.54147479536139,0.236492113645232
"432",1.54147479536139,0.236492113645232,1.14720491733587,-0.449073216538141
"433",1.14720491733587,-0.449073216538141,0.471937029739267,0.436855911774181
"434",0.471937029739267,0.436855911774181,5.64160227414647,0.350287580875262
"435",5.64160227414647,0.350287580875262,4.36384672876142,0.309795942228993
"436",4.36384672876142,0.309795942228993,3.50287580875262,-0.388684824419137
"437",3.50287580875262,-0.388684824419137,5.0172980007081,0.286408530252269
"438",5.0172980007081,0.286408530252269,3.9388590559008,0.290597320457056
"439",3.9388590559008,0.290597320457056,3.017499743773,0.519235452468313
"440",3.017499743773,0.519235452468313,3.06916148963203,0.0230383461263252
"441",3.06916148963203,0.0230383461263252,2.38970481183064,-0.452040276266531
"442",2.38970481183064,-0.452040276266531,3.92158029630606,-0.290422787531856
"443",3.92158029630606,-0.290422787531856,2.81765954441965,0.115715329407224
"444",2.81765954441965,0.115715329407224,1.60308491795679,0.408057979116274
"445",1.60308491795679,0.408057979116274,3.33968752369115,-0.298800367941429
"446",3.33968752369115,-0.298800367941429,2.82621165775442,0.0160570291183478
"447",2.82621165775442,0.0160570291183478,1.21823981789204,-0.383099770812755
"448",1.21823981789204,-0.383099770812755,2.85588225503832,0.271922297460716
"449",2.85588225503832,0.271922297460716,0.894830307497493,0.258832328070759
"450",0.894830307497493,0.258832328070759,1.9694295279504,0.454832803069722
"451",1.9694295279504,0.454832803069722,1.49522357018354,-0.40927970959267
"452",1.49522357018354,-0.40927970959267,1.02555546847187,-0.410326907143867
"453",1.02555546847187,-0.410326907143867,0.925897168182992,-0.460592389601304
"454",0.925897168182992,-0.460592389601304,0.62796946486756,0.234397718542838
"455",0.62796946486756,0.234397718542838,0.37227872945039,-0.222354946704078
"456",0.37227872945039,-0.222354946704078,6.21459386757621,-0.45553093477052
"457",6.21459386757621,-0.45553093477052,5.68942429565112,0.386241363466345
"458",5.68942429565112,0.386241363466345,1.83521370847204,0.408930643742271
"459",1.83521370847204,0.408930643742271,0.322711378693751,0.333706952981316
"460",0.322711378693751,0.333706952981316,4.45128772428634,0.275063890114306
"461",4.45128772428634,0.275063890114306,5.110847648615,-0.497942435593982
"462",5.110847648615,-0.497942435593982,4.12142049565941,0.355523568631245
"463",4.12142049565941,0.355523568631245,3.54895250100527,-0.326551103048139
"464",3.54895250100527,-0.326551103048139,3.16742352651931,-0.339990138288495
"465",3.16742352651931,-0.339990138288495,4.83665642312669,-0.362155819788823
"466",4.83665642312669,-0.362155819788823,3.1093040624279,-0.470191700487272
"467",3.1093040624279,-0.470191700487272,3.45802084697636,-0.396189740202713
"468",3.45802084697636,-0.396189740202713,2.87822246946385,0.630761991670751
"469",2.87822246946385,0.630761991670751,2.71765217828037,0.275587488889905
"470",2.71765217828037,0.275587488889905,2.57610597594363,-0.462512251778497
"471",2.57610597594363,-0.462512251778497,2.42513499564612,0.41556289489985
"472",2.42513499564612,0.41556289489985,4.0329323025833,-0.443488162931759
"473",4.0329323025833,-0.443488162931759,2.75762021815104,0.508763476956347
"474",2.75762021815104,0.508763476956347,2.44468268326846,0.311541271480988
"475",2.44468268326846,0.311541271480988,2.05861585272731,0.26773350725593
"476",2.05861585272731,0.26773350725593,3.18924014216924,0.297753170390233
"477",3.18924014216924,0.297753170390233,2.07816354034965,-0.419402619254237
"478",2.07816354034965,-0.419402619254237,2.20976136595002,-0.512079602535136
"479",2.20976136595002,-0.512079602535136,2.11830611314552,-0.343480796792484
"480",2.11830611314552,-0.343480796792484,1.20375358510049,-0.714537795766478
"481",1.20375358510049,-0.714537795766478,1.13533667842231,0.325852971347341
"482",1.13533667842231,0.325852971347341,0.948411915533719,0.268431638956728
"483",0.948411915533719,0.268431638956728,0.028623399732707,-0.428129265514209
"484",0.028623399732707,-0.428129265514209,1.37113066036675,-0.485899663755221
"485",1.37113066036675,-0.485899663755221,1.2006119924469,-0.370533400198396
"486",1.2006119924469,-0.370533400198396,6.15350734375641,0.25534166956677
"487",6.15350734375641,0.25534166956677,4.16540279280967,0.349938515024863
"488",4.16540279280967,0.349938515024863,4.45442931693993,0.371580597749593
"489",4.45442931693993,0.371580597749593,3.71214078606674,-0.311541271480988
"490",3.71214078606674,-0.311541271480988,4.3097415219496,0.449771348238939
"491",4.3097415219496,0.449771348238939,2.91696877885812,-0.489564855184409
"492",2.91696877885812,-0.489564855184409,3.84967273112389,0.675791486372204
"493",3.84967273112389,0.675791486372204,2.92098303613771,-0.312763001957384
"494",2.92098303613771,-0.312763001957384,2.53543980437216,0.325329372571743
"495",2.53543980437216,0.325329372571743,2.78135669597816,0.252025543987981
"496",2.78135669597816,0.252025543987981,2.54678444451013,0.400902129183097
"497",2.54678444451013,0.400902129183097,2.19352980390647,0.232128790515246
"498",2.19352980390647,0.232128790515246,2.47487687932796,0.208741378538522
"499",2.47487687932796,0.208741378538522,2.46405583796559,-0.470017167562073
"500",2.46405583796559,-0.470017167562073,1.56468767441292,-0.48310713695203
"501",1.56468767441292,-0.48310713695203,1.89176237623665,0.432841654494594
"502",1.89176237623665,0.432841654494594,1.42471226840297,0.344004395568082
"503",1.42471226840297,0.344004395568082,1.37846104322512,0.455007335994922
"504",1.37846104322512,0.455007335994922,1.30812427436975,0.301243828894221
"505",1.30812427436975,0.301243828894221,2.72114283678436,0.553618438732601
"506",2.72114283678436,0.553618438732601,0.522726110972302,0.27384215963791
"507",0.522726110972302,0.27384215963791,2.72655335746554,-0.41242130224626
"508",2.72655335746554,-0.41242130224626,6.15106388280362,-0.410675972994266
"509",6.15106388280362,-0.410675972994266,6.28161451085279,-0.527263967027487
"510",6.28161451085279,-0.527263967027487,0.545066325397829,-0.455880000620919
"511",0.545066325397829,-0.455880000620919,5.03230783227525,0.516093859814723
"512",5.03230783227525,0.516093859814723,4.55373855137841,0.330565360327726
"513",4.55373855137841,0.330565360327726,6.19155552144988,0.464083048105292
"514",6.19155552144988,0.464083048105292,3.97987429332267,0.365821011218011
"515",3.97987429332267,0.365821011218011,5.83201769553905,-0.449945881164138
"516",5.83201769553905,-0.449945881164138,4.1547562843725,-0.447851486061745
"517",4.1547562843725,-0.447851486061745,3.30739893252925,-0.362330352714023
"518",3.30739893252925,-0.362330352714023,3.51683844276857,0.67404615712021
"519",3.51683844276857,0.67404615712021,3.20372637496079,0.292168116783851
"520",3.20372637496079,0.292168116783851,2.87804793653865,-0.417133691226645
"521",2.87804793653865,-0.417133691226645,2.48116006463514,-0.433714319120591
"522",2.48116006463514,-0.433714319120591,2.57209171866404,0.317998989713367
"523",2.57209171866404,0.317998989713367,3.07177948351002,-0.53878314009065
"524",3.07177948351002,-0.53878314009065,2.92150663491331,0.262846585350346
"525",2.92150663491331,0.262846585350346,3.26079864150101,-0.25848326222036
"526",3.26079864150101,-0.25848326222036,2.52968021784058,-0.69882983249853
"527",2.52968021784058,-0.69882983249853,2.94908283709482,-0.303338223996614
"528",2.94908283709482,-0.303338223996614,1.43343891466294,0.31381019950858
"529",1.43343891466294,0.31381019950858,1.32016704620851,0.22479840765687
"530",1.32016704620851,0.22479840765687,1.20340451925009,0.474729556542458
"531",1.20340451925009,0.474729556542458,1.65963358572141,-0.43703044469938
"532",1.65963358572141,-0.43703044469938,1.28299153314103,-0.596379005406462
"533",1.28299153314103,-0.596379005406462,0.687485192360566,0.259006860995958
"534",0.687485192360566,0.259006860995958,0.00837758040957278,0.241204502625616
"535",0.00837758040957278,0.241204502625616,2.56249240777807,-0.450818545790135
"536",2.56249240777807,-0.450818545790135,2.04639854796335,-0.351683844276857
"537",2.04639854796335,-0.351683844276857,6.16485198389437,-0.0570722665402146
"538",6.16485198389437,-0.0570722665402146,5.70391052844267,-0.538085008389852
"539",5.70391052844267,-0.538085008389852,5.89170795595726,-0.535990613287459
"540",5.89170795595726,-0.535990613287459,4.73734718868821,0.534245284035464
"541",4.73734718868821,0.534245284035464,5.87233480126012,0.486074196680421
"542",5.87233480126012,0.486074196680421,4.66351976132885,0.3078760800518
"543",4.66351976132885,0.3078760800518,4.04410240979606,0.339990138288495
"544",4.04410240979606,0.339990138288495,4.8626618289814,-0.598647933434055
"545",4.8626618289814,-0.598647933434055,4.43837228782158,-0.588699556697687
"546",4.43837228782158,-0.588699556697687,5.48696610241977,-0.294087978961045
"547",5.48696610241977,-0.294087978961045,3.20424997373639,-0.399680398706701
"548",3.20424997373639,-0.399680398706701,3.12501202569585,0.260926723173152
"549",3.12501202569585,0.260926723173152,4.53907778566165,0.185179433636598
"550",4.53907778566165,0.185179433636598,3.0784117346676,0.638092374529127
"551",3.0784117346676,0.638092374529127,4.86754875088698,-0.715584993317675
"552",4.86754875088698,-0.715584993317675,3.90185807575852,-0.55100044485461
"553",3.90185807575852,-0.55100044485461,4.96528718899867,0.300894763043822
"554",4.96528718899867,0.300894763043822,3.39798152070776,-0.529881960905478
"555",3.39798152070776,-0.529881960905478,2.56458680288047,-0.429874594766203
"556",2.56458680288047,-0.429874594766203,3.53725879501691,-0.529009296279481
"557",3.53725879501691,-0.529009296279481,2.5530676298173,-0.552222175331006
"558",2.5530676298173,-0.552222175331006,3.43393530329884,-0.262148453649548
"559",3.43393530329884,-0.262148453649548,2.81626328101805,-0.357443430808439
"560",2.81626328101805,-0.357443430808439,2.73650173420191,-0.479965544298441
"561",2.73650173420191,-0.479965544298441,1.79192954302258,-0.517315590291119
"562",1.79192954302258,-0.517315590291119,1.48195906786839,0.378212848907171
"563",1.48195906786839,0.378212848907171,1.14825211488707,-0.270351501133922
"564",1.14825211488707,-0.270351501133922,1.3545500324728,-0.312588469032184
"565",1.3545500324728,-0.312588469032184,2.42530952857132,0.230383461263251
"566",2.42530952857132,0.230383461263251,2.62061187186949,0.374198591627584
"567",2.62061187186949,0.374198591627584,1.10252448848482,0.533547152334667
"568",1.10252448848482,0.533547152334667,0.591666616426078,0.349589449174464
"569",0.591666616426078,0.349589449174464,2.5549874919945,0.461988653002899
"570",2.5549874919945,0.461988653002899,0.634427183099939,0.259006860995958
"571",0.634427183099939,0.259006860995958,1.65876092109541,0.184655834861
"572",1.65876092109541,0.184655834861,2.26596096786424,0.228463599086058
"573",2.26596096786424,0.228463599086058,0.0842994028713261,-0.494451777089994
"574",0.0842994028713261,-0.494451777089994,6.19661697628067,0.277507351067098
"575",6.19661697628067,0.277507351067098,1.27601021613305,0.378212848907171
"576",1.27601021613305,0.378212848907171,5.87495279513811,-0.51085787205874
"577",5.87495279513811,-0.51085787205874,5.92678907392234,0.291469985083053
"578",5.92678907392234,0.291469985083053,0.0937241808320955,0.254469004940773
"579",0.0937241808320955,0.254469004940773,5.40214310077285,-0.588699556697687
"580",5.40214310077285,-0.588699556697687,0.799884396189001,0.597949801733257
"581",0.799884396189001,0.597949801733257,5.11887616317417,0.261275789023551
"582",5.11887616317417,0.261275789023551,6.12139328551971,-0.471238898038469
"583",6.12139328551971,-0.471238898038469,4.81169821482317,0.31695179216217
"584",4.81169821482317,0.31695179216217,4.4615851668731,-0.771784595231893
"585",4.4615851668731,-0.771784595231893,5.2637384910897,0.333881485906515
"586",5.2637384910897,0.333881485906515,4.63943421765133,0.336150413934108
"587",4.63943421765133,0.336150413934108,4.59073953152068,-0.431794456943397
"588",4.59073953152068,-0.431794456943397,5.06651628561434,-0.358665161284835
"589",5.06651628561434,-0.358665161284835,4.27553306861051,-0.429001930140206
"590",4.27553306861051,-0.429001930140206,5.24296907299097,0.504574686751561
"591",5.24296907299097,0.504574686751561,3.82244559479278,0.525518637775493
"592",3.82244559479278,0.525518637775493,3.69102230211761,0.26773350725593
"593",3.69102230211761,0.26773350725593,5.79588938002277,0.319918851890561
"594",5.79588938002277,0.319918851890561,3.35818801376229,-0.515570261039125
"595",3.35818801376229,-0.515570261039125,3.5397022559697,-0.545240858323028
"596",3.5397022559697,-0.545240858323028,3.31472931538763,0.281521608346685
"597",3.31472931538763,0.281521608346685,2.92953514947248,-0.340688269989293
"598",2.92953514947248,-0.340688269989293,3.29814868749368,0.371755130674792
"599",3.29814868749368,0.371755130674792,4.56263973056358,0.329169096926131
"600",4.56263973056358,0.329169096926131,3.48996037228786,0.29251718263425
"601",3.48996037228786,0.29251718263425,4.31078871950079,0.710698071412091
"602",4.31078871950079,0.710698071412091,3.75106162838621,0.303512756921814
"603",3.75106162838621,0.303512756921814,3.72261276157871,0.433714319120591
"604",3.72261276157871,0.433714319120591,3.55366488998565,0.115191730631626
"605",3.55366488998565,0.115191730631626,2.87211381708187,0.409628775443069
"606",2.87211381708187,0.409628775443069,3.27703020354455,-0.241553568476015
"607",3.27703020354455,-0.241553568476015,2.58046929907362,0.163886416762268
"608",2.58046929907362,0.163886416762268,2.96583799791396,-0.604232987040437
"609",2.96583799791396,-0.604232987040437,1.7530087007031,0.0363028484414821
"610",1.7530087007031,0.0363028484414821,3.67583793762526,0.384146968363952
"611",3.67583793762526,0.384146968363952,3.54807983637927,-0.421322481431431
"612",3.54807983637927,-0.421322481431431,1.2939871074286,0.392524548773525
"613",1.2939871074286,0.392524548773525,2.340137461074,0.509810674507544
"614",2.340137461074,0.509810674507544,1.85249246806678,-0.438252175175776
"615",1.85249246806678,-0.438252175175776,2.0020671849627,-0.400727596257898
"616",2.0020671849627,-0.400727596257898,1.65963358572141,-0.676315085147803
"617",1.65963358572141,-0.676315085147803,0.980002374994816,0.368788070946402
"618",0.980002374994816,0.368788070946402,2.25391819602548,-0.557283630161789
"619",2.25391819602548,-0.557283630161789,1.07198122657492,0.487470460082016
"620",1.07198122657492,0.487470460082016,2.54870430668732,0.596553538331662
"621",2.54870430668732,0.596553538331662,2.4630086404144,-0.490786585660806
"622",2.4630086404144,-0.490786585660806,1.64322749075266,0.556236432610593
"623",1.64322749075266,0.556236432610593,6.14879495477602,-0.485376064979623
"624",6.14879495477602,-0.485376064979623,1.58493349373605,0.446978821435748
"625",1.58493349373605,0.446978821435748,0.455880000620919,-0.422544211907827
"626",0.455880000620919,-0.422544211907827,1.97867977298597,0.186750229963393
"627",1.97867977298597,0.186750229963393,6.08351964075143,0.281347075421486
"628",6.08351964075143,0.281347075421486,1.18280963407656,0.305781684949406
"629",1.18280963407656,0.305781684949406,0.55100044485461,0.419053553403839
"630",0.55100044485461,0.419053553403839,5.16408019080082,0.289026524130261
"631",5.16408019080082,0.289026524130261,0.420798882655833,-0.330041761552128
"632",0.420798882655833,-0.330041761552128,4.99617951675897,0.275587488889905
"633",4.99617951675897,0.275587488889905,4.6162213385998,0.319046187264563
"634",4.6162213385998,0.319046187264563,4.53541259423247,-0.313635666583381
"635",4.53541259423247,-0.313635666583381,5.41261507628481,-0.231256125889249
"636",5.41261507628481,-0.231256125889249,5.77930875212882,0.381878040336359
"637",5.77930875212882,0.381878040336359,5.10107380480383,-0.55710909723659
"638",5.10107380480383,-0.55710909723659,0.0219911485751286,-0.45238934211693
"639",0.0219911485751286,-0.45238934211693,0.478220215046446,-0.373500459926786
"640",0.478220215046446,-0.373500459926786,4.6467646005097,-0.584336233567701
"641",4.6467646005097,-0.584336233567701,5.08711117078787,-0.264068315826742
"642",5.08711117078787,-0.264068315826742,3.71772583967312,0.374198591627584
"643",3.71772583967312,0.374198591627584,3.4772194687483,-0.474555023617258
"644",3.4772194687483,-0.474555023617258,3.36482026491987,0.212930168743308
"645",3.36482026491987,0.212930168743308,5.46829107942343,-0.24940755010999
"646",5.46829107942343,-0.24940755010999,5.22673751094742,-0.444186294632557
"647",5.22673751094742,-0.444186294632557,3.30547907035206,-0.523075176822701
"648",3.30547907035206,-0.523075176822701,3.35277749308111,0.330565360327726
"649",3.35277749308111,0.330565360327726,3.16567819726732,0.370358867273197
"650",3.16567819726732,0.370358867273197,4.01792247101615,0.259704992696756
"651",4.01792247101615,0.259704992696756,2.96496533328797,-0.312763001957384
"652",2.96496533328797,-0.312763001957384,2.44799880884725,-0.526042236551091
"653",2.44799880884725,-0.526042236551091,3.95421795331835,0.265988178003936
"654",3.95421795331835,0.265988178003936,3.02552825833217,0.271747764535517
"655",3.02552825833217,0.271747764535517,4.64344847493091,0.294437044811443
"656",4.64344847493091,0.294437044811443,4.01268648326016,0.679282144876193
"657",4.01268648326016,0.679282144876193,3.568849254478,0.280299877870289
"658",3.568849254478,0.280299877870289,2.57017185648685,-0.399854931631901
"659",2.57017185648685,-0.399854931631901,2.84698107585315,-0.388684824419137
"660",2.84698107585315,-0.388684824419137,1.94202785869409,-0.324107642095347
"661",1.94202785869409,-0.324107642095347,2.62741865595226,-0.560599755740579
"662",2.62741865595226,-0.560599755740579,1.54688531604257,0.29845130209103
"663",1.54688531604257,0.29845130209103,2.96793239301636,0.643502895210309
"664",2.96793239301636,0.643502895210309,1.14947384536347,0.426383936262215
"665",1.14947384536347,0.426383936262215,3.53167374141053,0.311366738555788
"666",3.53167374141053,0.311366738555788,2.48377805851313,-0.271224165759919
"667",2.48377805851313,-0.271224165759919,3.10686060147511,0.395840674352314
"668",3.10686060147511,0.395840674352314,2.28760305058897,0.47699848457005
"669",2.28760305058897,0.47699848457005,1.61373142639396,0.386241363466345
"670",1.61373142639396,0.386241363466345,2.05669599055012,0.479616478448042
"671",2.05669599055012,0.479616478448042,0.664272313309042,0.341037335839692
"672",0.664272313309042,0.341037335839692,1.70972453525364,0.335975881008908
"673",1.70972453525364,0.335975881008908,1.37654118104793,-0.300894763043822
"674",1.37654118104793,-0.300894763043822,1.50220488719152,-0.274889357189107
"675",1.50220488719152,-0.274889357189107,3.00074458295385,-0.3385938748869
"676",3.00074458295385,-0.3385938748869,0.380481776934764,-0.417831822927443
"677",0.380481776934764,-0.417831822927443,2.00625597516748,-0.400553063332699
"678",2.00625597516748,-0.400553063332699,1.06499990956694,-0.287106661953067
"679",1.06499990956694,-0.287106661953067,0.857654794430014,-0.330041761552128
"680",0.857654794430014,-0.330041761552128,1.53257361617622,0.591841149351277
"681",1.53257361617622,0.591841149351277,1.20741877652968,0.642281164733913
"682",1.20741877652968,0.642281164733913,0.872315560146766,-0.469144502936076
"683",0.872315560146766,-0.469144502936076,0.158999494856683,-0.461290521302101
"684",0.158999494856683,-0.461290521302101,5.83131956383825,0.279078147393893
"685",5.83131956383825,0.279078147393893,0.124441975667196,0.38170350741116
"686",0.124441975667196,0.38170350741116,0.00244346095279206,-0.503003890424766
"687",0.00244346095279206,-0.503003890424766,6.17619662403233,0.242949831877611
"688",6.17619662403233,0.242949831877611,5.93813371406031,-0.381005375710362
"689",5.93813371406031,-0.381005375710362,4.99949564233776,0.307527014201401
"690",4.99949564233776,0.307527014201401,0.67090456446662,-0.281347075421486
"691",0.67090456446662,-0.281347075421486,6.23536328567494,0.598822466359255
"692",6.23536328567494,0.598822466359255,5.35240121709101,0.586256095744895
"693",5.35240121709101,0.586256095744895,5.70373599551747,0.256563400043166
"694",5.70373599551747,0.256563400043166,5.86570255010254,-0.267558974330731
"695",5.86570255010254,-0.267558974330731,4.16121400260488,-0.206996049286527
"696",4.16121400260488,-0.206996049286527,4.48462351299943,-0.396713338978311
"697",4.48462351299943,-0.396713338978311,5.36653838403216,0.219562419900887
"698",5.36653838403216,0.219562419900887,5.74475123293934,0.243647963578408
"699",5.74475123293934,0.243647963578408,3.73308473709067,0.310494073929791
"700",3.73308473709067,0.310494073929791,4.62023559587939,0.314857397059777
"701",4.62023559587939,0.314857397059777,4.2167154728183,0.282568805897882
"702",4.2167154728183,0.282568805897882,3.89313142949855,0.284139602224677
"703",3.89313142949855,0.284139602224677,3.40845349621973,-0.574387856831334
"704",3.40845349621973,-0.574387856831334,3.6311575087742,0.398284135305106
"705",3.6311575087742,0.398284135305106,3.15642795223175,0.35691983203284
"706",3.15642795223175,0.35691983203284,3.61702034183305,0.277681883992298
"707",3.61702034183305,0.277681883992298,2.8948030973578,0.257959663444762
"708",2.8948030973578,0.257959663444762,2.68536358711848,0.320966049441757
"709",2.68536358711848,0.320966049441757,3.28034632912334,0.426558469187414
"710",3.28034632912334,0.426558469187414,3.45191219459439,0.232303323440445
"711",3.45191219459439,0.232303323440445,4.09524055687949,0.372802328225989
"712",4.09524055687949,0.372802328225989,3.32642302137599,0.220609617452083
"713",3.32642302137599,0.220609617452083,2.04343148823496,-0.419228086329038
"714",2.04343148823496,-0.419228086329038,3.43166637527125,0.311192205630589
"715",3.43166637527125,0.311192205630589,2.58849781363279,0.192858882345373
"716",2.58849781363279,0.192858882345373,3.28854937660772,0.331438024953723
"717",3.28854937660772,0.331438024953723,1.71862571443882,-0.253945406165175
"718",1.71862571443882,-0.253945406165175,1.83503917554684,-0.312763001957384
"719",1.83503917554684,-0.312763001957384,2.34380265250318,0.177325452002624
"720",2.34380265250318,0.177325452002624,1.55753182447974,0.535117948661461
"721",1.55753182447974,0.535117948661461,1.48475159467158,0.317824456788167
"722",1.48475159467158,0.317824456788167,2.4637067721152,0.191113553093379
"723",2.4637067721152,0.191113553093379,2.73196387814672,-0.549429648527815
"724",2.73196387814672,-0.549429648527815,1.19851759734451,0.275936554740303
"725",1.19851759734451,0.275936554740303,1.01298909785751,0.430398193541802
"726",1.01298909785751,0.430398193541802,0.88348566735953,-0.332659755430119
"727",0.88348566735953,-0.332659755430119,1.55980075250733,0.284663201000275
"728",1.55980075250733,0.284663201000275,2.50821266804105,-0.232652389290844
"729",2.50821266804105,-0.232652389290844,2.90126081559017,-0.37856191475757
"730",2.90126081559017,-0.37856191475757,0.685914396033771,0.344178928493282
"731",0.685914396033771,0.344178928493282,1.17914444264737,-0.333706952981316
"732",1.17914444264737,-0.333706952981316,1.49312917508115,0.666541241336634
"733",1.49312917508115,0.666541241336634,1.64427468830386,0.243822496503608
"734",1.64427468830386,0.243822496503608,1.54915424407017,-0.410675972994266
"735",1.54915424407017,-0.410675972994266,0.755029434412747,-0.178896248329419
"736",0.755029434412747,-0.178896248329419,5.83882447962183,0.241553568476015
"737",5.83882447962183,0.241553568476015,5.78070501553042,0.322536845768552
"738",5.78070501553042,0.322536845768552,6.07776005421985,0.562170552067374
"739",6.07776005421985,0.562170552067374,5.51890562773127,0.392175482923126
"740",5.51890562773127,0.392175482923126,5.4798102524866,-0.285012266850674
"741",5.4798102524866,-0.285012266850674,4.91711610164363,0.327772833524535
"742",4.91711610164363,0.327772833524535,5.09985207432743,-0.34173546754049
"743",5.09985207432743,-0.34173546754049,5.71036824667505,0.460592389601304
"744",5.71036824667505,0.460592389601304,5.63095576570931,-0.43720497762458
"745",5.63095576570931,-0.43720497762458,5.26094596428651,0.368439005096003
"746",5.26094596428651,0.368439005096003,0.461988653002899,-0.328296432300133
"747",0.461988653002899,-0.328296432300133,4.2181117362199,0.296182374063438
"748",4.2181117362199,0.296182374063438,5.86395722085055,0.17243853009704
"749",5.86395722085055,0.17243853009704,4.62198092513138,0.346971455296473
"750",4.62198092513138,0.346971455296473,4.47834032769225,0.202632726156542
"751",4.47834032769225,0.202632726156542,3.53010294508373,-0.323409510394549
"752",3.53010294508373,-0.323409510394549,3.45749724820077,0.449596815313739
"753",3.45749724820077,0.449596815313739,4.53331819913007,-0.209788576089718
"754",4.53331819913007,-0.209788576089718,4.48636884225142,-0.439124839801773
"755",4.48636884225142,-0.439124839801773,4.20362550342834,-0.346273323595675
"756",4.20362550342834,-0.346273323595675,5.24227094129017,0.300545697193424
"757",5.24227094129017,0.300545697193424,3.91651884147528,0.311890337331387
"758",3.91651884147528,0.311890337331387,2.95239896267361,0.295658775287839
"759",2.95239896267361,0.295658775287839,3.14473424624338,-0.470540766337671
"760",3.14473424624338,-0.470540766337671,4.48409991422383,-0.53546701451186
"761",4.48409991422383,-0.53546701451186,4.41638113924645,-0.364599280741615
"762",4.41638113924645,-0.364599280741615,3.17998989713367,-0.569151869075351
"763",3.17998989713367,-0.569151869075351,2.95676228580359,0.430049127691403
"764",2.95676228580359,0.430049127691403,5.09775767922504,0.591666616426078
"765",5.09775767922504,0.591666616426078,2.47470234640276,0.258832328070759
"766",2.47470234640276,0.258832328070759,2.66145257636615,-0.214151899219704
"767",2.66145257636615,-0.214151899219704,1.89944182494543,0.34487706019408
"768",1.89944182494543,0.34487706019408,2.12022597532271,-0.419926218029836
"769",2.12022597532271,-0.419926218029836,3.09656315888834,-0.460417856676104
"770",3.09656315888834,-0.460417856676104,2.13453767518907,0.218864288200089
"771",2.13453767518907,0.218864288200089,2.3382175988968,0.166678943565458
"772",2.3382175988968,0.166678943565458,2.37347324978709,0.0439822971502571
"773",2.37347324978709,0.0439822971502571,1.82893052316486,0.229859862487653
"774",1.82893052316486,0.229859862487653,1.82980318779085,-0.483979801578028
"775",1.82980318779085,-0.483979801578028,1.66452050762699,-0.387288561017542
"776",1.66452050762699,-0.387288561017542,2.2764329433762,-0.117460658659218
"777",2.2764329433762,-0.117460658659218,1.23447137993559,-0.480838208924438
"778",1.23447137993559,-0.480838208924438,1.27601021613305,0.578227581185721
"779",1.27601021613305,0.578227581185721,1.95372156468245,0.198443935951755
"780",1.95372156468245,0.198443935951755,1.231329787282,-0.278903614468694
"781",1.231329787282,-0.278903614468694,1.06412724494094,0.354825436930447
"782",1.06412724494094,0.354825436930447,1.15069557583986,-0.35691983203284
"783",1.15069557583986,-0.35691983203284,1.39992859302465,0.486946861306418
"784",1.39992859302465,0.486946861306418,2.12738182525589,-0.673348025419412
"785",2.12738182525589,-0.673348025419412,1.28473686239303,-0.411025038844665
"786",1.28473686239303,-0.411025038844665,0.440521103203369,0.312413936106985
"787",0.440521103203369,0.312413936106985,0.238411975822425,0.475776754093654
"788",0.238411975822425,0.475776754093654,0.635648913576335,-0.331263492028524
"789",0.635648913576335,-0.331263492028524,0.717504855494869,0.396538806053112
"790",0.717504855494869,0.396538806053112,5.88420304017368,0.287281194878267
"791",5.88420304017368,0.287281194878267,5.84266420397622,-0.247313155007596
"792",5.84266420397622,-0.247313155007596,1.2611749174911,0.249582083035189
"793",1.2611749174911,0.249582083035189,4.85166625469384,0.619591884457987
"794",4.85166625469384,0.619591884457987,5.43460622485994,-0.294437044811443
"795",5.43460622485994,-0.294437044811443,5.70408506136787,-0.423591409459024
"796",5.70408506136787,-0.423591409459024,4.79319772475203,0.330041761552128
"797",4.79319772475203,0.330041761552128,5.09705954752424,0.305432619099008
"798",5.09705954752424,0.305432619099008,4.6781805270456,-0.373500459926786
"799",4.6781805270456,-0.373500459926786,5.31609836864953,-0.535292481586661
"800",5.31609836864953,-0.535292481586661,5.41104427995802,0.435110582522186
"801",5.41104427995802,0.435110582522186,5.848598323433,-0.435285115447386
"802",5.848598323433,-0.435285115447386,3.58089202631677,-0.304210888622612
"803",3.58089202631677,-0.304210888622612,3.31490384831283,-0.377165651355975
"804",3.31490384831283,-0.377165651355975,3.09691222473874,-0.455181868920121
"805",3.09691222473874,-0.455181868920121,3.63848789163258,-0.536339679137857
"806",3.63848789163258,-0.536339679137857,2.94838470539402,0.321664181142555
"807",2.94838470539402,0.321664181142555,2.87595354143626,0.309446876378595
"808",2.87595354143626,0.309446876378595,2.77961136672617,0.276111087665503
"809",2.77961136672617,0.276111087665503,3.49938515024863,-0.419053553403839
"810",3.49938515024863,-0.419053553403839,2.35444916094035,-0.340688269989293
"811",2.35444916094035,-0.340688269989293,2.01742608238025,0.186924762888593
"812",2.01742608238025,0.186924762888593,2.15722695546499,0.311890337331387
"813",2.15722695546499,0.311890337331387,3.27825193402095,-0.558505360638185
"814",3.27825193402095,-0.558505360638185,2.32477856365645,0.241379035550816
"815",2.32477856365645,0.241379035550816,3.54773077052887,-0.347145988221672
"816",3.54773077052887,-0.347145988221672,3.33410247008477,0.371231531899194
"817",3.33410247008477,0.371231531899194,1.83102491826725,-0.340339204138894
"818",1.83102491826725,-0.340339204138894,1.27286862347946,0.760090889243531
"819",1.27286862347946,0.760090889243531,0.935321946143761,0.655894732899469
"820",0.935321946143761,0.655894732899469,2.02423286646302,0.0616101225953998
"821",2.02423286646302,0.0616101225953998,2.16159027859498,0.45238934211693
"822",2.16159027859498,0.45238934211693,3.02901891683616,-0.557807228937388
"823",3.02901891683616,-0.557807228937388,0.619417351532788,-0.322013246992954
"824",0.619417351532788,-0.322013246992954,2.52217530205701,0.187099295813792
"825",2.52217530205701,0.187099295813792,2.09753669504679,0.393397213399522
"826",2.09753669504679,0.393397213399522,1.03759824031063,0.379085513533168
"827",1.03759824031063,0.379085513533168,0.747349985703972,0.560948821590977
"828",0.747349985703972,0.560948821590977,0.137881010907552,0.183085038534205
"829",0.137881010907552,0.183085038534205,1.1391764027767,-0.250629280586386
"830",1.1391764027767,-0.250629280586386,0.562345084992573,0.391128285371929
"831",0.562345084992573,0.391128285371929,1.54252199291259,-0.555014702134197
"832",1.54252199291259,-0.555014702134197,6.07706192251906,-0.423591409459024
"833",6.07706192251906,-0.423591409459024,5.63654081931569,-0.422369678982628
"834",5.63654081931569,-0.422369678982628,0.380307244009564,0.36617007706841
"835",0.380307244009564,0.36617007706841,5.82172025295229,-0.294960643587042
"836",5.82172025295229,-0.294960643587042,5.42186532132038,-0.314682864134578
"837",5.42186532132038,-0.314682864134578,5.06756348316554,0.172613063022239
"838",5.06756348316554,0.172613063022239,0.151843644923507,0.460243323750905
"839",0.151843644923507,0.460243323750905,4.38793227243894,0.333357887130917
"840",4.38793227243894,0.333357887130917,5.95157274930066,-0.404741853537485
"841",5.95157274930066,-0.404741853537485,4.13101980654538,0.61871921983199
"842",4.13101980654538,0.61871921983199,6.07671285666866,-0.352905574753253
"843",6.07671285666866,-0.352905574753253,5.94755849202108,0.197396738400559
"844",5.94755849202108,0.197396738400559,3.83379023493074,-0.3694862026472
"845",3.83379023493074,-0.3694862026472,4.7399651825662,0.208566845613322
"846",4.7399651825662,0.208566845613322,3.55523568631245,0.275762021815104
"847",3.55523568631245,0.275762021815104,4.85131718884344,0.276111087665503
"848",4.85131718884344,0.276111087665503,3.75664668199259,-0.122871179340401
"849",3.75664668199259,-0.122871179340401,3.51823470617017,-0.528834763354282
"850",3.51823470617017,-0.528834763354282,5.45572470880907,0.345051593119279
"851",5.45572470880907,0.345051593119279,3.0780626688172,-0.349240383324065
"852",3.0780626688172,-0.349240383324065,3.36150413934108,0.346273323595675
"853",3.36150413934108,0.346273323595675,3.7255798213071,0.282743338823081
"854",3.7255798213071,0.282743338823081,3.15922047903494,-0.605105651666434
"855",3.15922047903494,-0.605105651666434,3.95788314474754,0.635823446501534
"856",3.95788314474754,0.635823446501534,5.30265933340917,0.393222680474322
"857",5.30265933340917,0.393222680474322,3.16201300583813,0.257959663444762
"858",3.16201300583813,0.257959663444762,3.68351738633403,0.415911960750249
"859",3.68351738633403,0.415911960750249,2.75290782917066,-0.251327412287183
"860",2.75290782917066,-0.251327412287183,3.0476939398325,-0.462163185928098
"861",3.0476939398325,-0.462163185928098,3.57495790685999,-0.340688269989293
"862",3.57495790685999,-0.340688269989293,3.39361819757777,-0.385194165915149
"863",3.39361819757777,-0.385194165915149,2.35305289753876,-0.320966049441757
"864",2.35305289753876,-0.320966049441757,1.90031448957143,0.551174977779809
"865",1.90031448957143,0.551174977779809,1.96593886944641,0.423067810683425
"866",1.96593886944641,0.423067810683425,3.28785124490692,0.345575191894877
"867",3.28785124490692,0.345575191894877,1.28159526973944,0.272969495011913
"868",1.28159526973944,0.272969495011913,3.27039795238697,-0.265988178003936
"869",3.27039795238697,-0.265988178003936,0.674569755895808,0.669159235214626
"870",0.674569755895808,0.669159235214626,0.419926218029836,0.485725130830022
"871",0.419926218029836,0.485725130830022,1.98304309611596,0.309272343453395
"872",1.98304309611596,0.309272343453395,1.44408542310011,-0.39688787190351
"873",1.44408542310011,-0.39688787190351,0.642979296434711,0.346971455296473
"874",0.642979296434711,0.346971455296473,0.245044226980004,0.605978316292431
"875",0.245044226980004,0.605978316292431,0.179943445880615,-0.491310184436404
"876",0.179943445880615,-0.491310184436404,0.62186081248558,-0.378387381832371
"877",0.62186081248558,-0.378387381832371,0.908269342737849,-0.278554548618295
"878",0.908269342737849,-0.278554548618295,5.92940706780034,-0.386590429316744
"879",5.92940706780034,-0.386590429316744,0.865334243138789,0.276634686441101
"880",0.865334243138789,0.276634686441101,5.82625810900747,0.24940755010999
"881",5.82625810900747,0.24940755010999,5.39917604104446,0.424115008234622
"882",5.39917604104446,0.424115008234622,5.58802066611025,-0.388684824419137
"883",5.58802066611025,-0.388684824419137,5.35763720484699,-0.222180413778878
"884",5.35763720484699,-0.222180413778878,4.8331657646227,0.490786585660806
"885",4.8331657646227,0.490786585660806,6.13553045246087,-0.265813645078736
"886",6.13553045246087,-0.265813645078736,4.24167368112182,-0.323409510394549
"887",4.24167368112182,-0.323409510394549,4.19018646818799,-0.214500965070103
"888",4.19018646818799,-0.214500965070103,5.39585991546567,-0.312763001957384
"889",5.39585991546567,-0.312763001957384,3.90011274650653,0.610167106497218
"890",3.90011274650653,0.610167106497218,3.80167617669405,0.302116493520218
"891",3.80167617669405,0.302116493520218,5.60495035985459,0.550476846079011
"892",5.60495035985459,0.550476846079011,4.39805518210051,-0.211708438266912
"893",4.39805518210051,-0.211708438266912,5.1408673117493,0.356570766182442
"894",5.1408673117493,0.356570766182442,3.96154833617673,-0.306305283725005
"895",3.96154833617673,-0.306305283725005,3.49484729419345,-0.389033890269536
"896",3.49484729419345,-0.389033890269536,5.37194890471335,0.234921317318437
"897",5.37194890471335,0.234921317318437,3.05816591534446,-0.311192205630589
"898",3.05816591534446,-0.311192205630589,2.73196387814672,-0.229161730786855
"899",2.73196387814672,-0.229161730786855,2.6164230816647,0.250978346436785
"900",2.6164230816647,0.250978346436785,3.29867228626928,-0.232477856365645
"901",3.29867228626928,-0.232477856365645,3.24840680381185,0.320791516516558
"902",3.24840680381185,0.320791516516558,4.78377294679126,-0.380656309859963
"903",4.78377294679126,-0.380656309859963,4.19332806084158,-0.314159265358979
"904",4.19332806084158,-0.314159265358979,3.26551103048139,-0.320442450666159
"905",3.26551103048139,-0.320442450666159,3.01924507302499,-0.568628270299752
"906",3.01924507302499,-0.568628270299752,3.46116243962995,0.268257106031528
"907",3.46116243962995,0.268257106031528,2.80631490428168,0.272271363311115
"908",2.80631490428168,0.272271363311115,2.50018415348188,0.478569280896845
"909",2.50018415348188,0.478569280896845,2.77437537897019,0.532674487708669
"910",2.77437537897019,0.532674487708669,2.43595603700849,-0.363726616115618
"911",2.43595603700849,-0.363726616115618,2.94419591518923,0.52935836212988
"912",2.94419591518923,0.52935836212988,2.36579380107831,0.275412955964705
"913",2.36579380107831,0.275412955964705,2.03645017122698,-0.388859357344337
"914",2.03645017122698,-0.388859357344337,1.19764493271851,0.288502925354663
"915",1.19764493271851,0.288502925354663,3.52504149025295,0.257785130519562
"916",3.52504149025295,0.257785130519562,1.10008102753203,-0.346796922371273
"917",1.10008102753203,-0.346796922371273,1.28491139531823,-0.522027979271504
"918",1.28491139531823,-0.522027979271504,1.79699099785336,0.385368698840348
"919",1.79699099785336,0.385368698840348,1.15767689284784,-0.256214334192768
"920",1.15767689284784,-0.256214334192768,0.675791486372204,0.370009801422798
"921",0.675791486372204,0.370009801422798,1.51145513222709,0.635299847725936
"922",1.51145513222709,0.635299847725936,0.441393767829366,-0.307352481276201
"923",0.441393767829366,-0.307352481276201,0.237888377046827,0.494800842940392
"924",0.237888377046827,0.494800842940392,0.88627819416272,-0.418355421703041
"925",0.88627819416272,-0.418355421703041,0.655022068273472,-0.342259066316088
"926",0.655022068273472,-0.342259066316088,0.831649388575298,-0.336150413934108
"927",0.831649388575298,-0.336150413934108,0.0396189740202713,-0.386764962241943
"928",0.0396189740202713,-0.386764962241943,6.19714057505627,0.561123354516177
"929",6.19714057505627,0.561123354516177,5.71700049783263,0.294087978961045
"930",5.71700049783263,0.294087978961045,5.61786579631935,0.528485697503883
"931",5.61786579631935,0.528485697503883,6.24356633315932,-0.26476644752754
"932",6.24356633315932,-0.26476644752754,6.14827135600042,0.632507320922745
"933",6.14827135600042,0.632507320922745,1.39102741383948,-0.352381975977655
"934",1.39102741383948,-0.352381975977655,0.0780162175641465,0.223576677180474
"935",0.0780162175641465,0.223576677180474,0.489564855184409,0.561996019142174
"936",0.489564855184409,0.561996019142174,6.13326152443327,-0.534943415736262
"937",6.13326152443327,-0.534943415736262,0.24940755010999,-0.519060919543114
"938",0.24940755010999,-0.519060919543114,5.66987660802878,-0.330565360327726
"939",5.66987660802878,-0.330565360327726,5.53600985440081,0.188146493364989
"940",5.53600985440081,0.188146493364989,4.74537570324738,0.502131225798769
"941",4.74537570324738,0.502131225798769,4.82409005251233,-0.367217274619607
"942",4.82409005251233,-0.367217274619607,5.41017161533202,-0.453087473817728
"943",5.41017161533202,-0.453087473817728,4.96197106341988,0.571944395878542
"944",4.96197106341988,0.571944395878542,5.34629256470903,-0.330216294477327
"945",5.34629256470903,-0.330216294477327,5.26897447884568,0.320267917740959
"946",5.26897447884568,0.320267917740959,5.12533388140655,0.275587488889905
"947",5.12533388140655,0.275587488889905,5.37509049736694,-0.288328392429463
"948",5.37509049736694,-0.288328392429463,4.18285608532961,0.228463599086058
"949",4.18285608532961,0.228463599086058,5.89956193759123,0.247836753783195
"950",5.89956193759123,0.247836753783195,3.69084776919241,0.328470965225333
"951",3.69084776919241,0.328470965225333,5.20561902699829,-0.308399678827398
"952",5.20561902699829,-0.308399678827398,4.34360090943829,-0.303163691071415
"953",4.34360090943829,-0.303163691071415,3.54685810590288,-0.299498499642227
"954",3.54685810590288,-0.299498499642227,3.6308084429238,-0.419053553403839
"955",3.6308084429238,-0.419053553403839,5.1087532535126,-0.132645023151569
"956",5.1087532535126,-0.132645023151569,4.08668844354472,0.334754150532512
"957",4.08668844354472,0.334754150532512,3.77130744770935,-0.659559924328657
"958",3.77130744770935,-0.659559924328657,3.86049377248626,0.36023595761163
"959",3.86049377248626,0.36023595761163,3.82471452282037,-0.587303293296092
"960",3.82471452282037,-0.587303293296092,3.71632957627153,0.380132711084365
"961",3.71632957627153,0.380132711084365,2.7391197280799,-0.252200076913181
"962",2.7391197280799,-0.252200076913181,2.7099727295716,0.494277244164794
"963",2.7099727295716,0.494277244164794,2.88468018769623,-0.232128790515246
"964",2.88468018769623,-0.232128790515246,2.67558974330731,0.266686309704734
"965",2.67558974330731,0.266686309704734,2.54748257621092,-0.211533905341713
"966",2.54748257621092,-0.211533905341713,2.19649686363486,-0.382750704962356
"967",2.19649686363486,-0.382750704962356,4.31096325242599,-0.505970950153156
"968",4.31096325242599,-0.505970950153156,3.25137386354024,0.290771853382255
"969",3.25137386354024,0.290771853382255,3.03652383261973,0.568802803224952
"970",3.03652383261973,0.568802803224952,3.02186306690298,-0.386415896391545
"971",3.02186306690298,-0.386415896391545,3.33235714083277,0.638266907454326
"972",3.33235714083277,0.638266907454326,2.13401407641347,0.101752695391269
"973",2.13401407641347,0.101752695391269,2.80858383230927,0.233001455141243
"974",2.80858383230927,0.233001455141243,2.2146482878556,-0.330041761552128
"975",2.2146482878556,-0.330041761552128,2.4614378440876,0.474205957766859
"976",2.4614378440876,0.474205957766859,1.37776291152432,-0.220784150377283
"977",1.37776291152432,-0.220784150377283,1.88565372385467,0.410675972994266
"978",1.88565372385467,0.410675972994266,0.87423542232396,0.294437044811443
"979",0.87423542232396,0.294437044811443,2.16804799682736,0.345051593119279
"980",2.16804799682736,0.345051593119279,1.62053821047673,-0.402996524285491
"981",1.62053821047673,-0.402996524285491,0.657465529226264,0.329867228626928
"982",0.657465529226264,0.329867228626928,2.62951305105466,0.237539311196428
"983",2.62951305105466,0.237539311196428,0.188844625065786,-0.362330352714023
"984",0.188844625065786,-0.362330352714023,6.2159901309778,0.526914901177088
"985",6.2159901309778,0.526914901177088,0.770039265979898,-0.389208423194735
"986",0.770039265979898,-0.389208423194735,1.0478956828974,0.645248224462304
"987",1.0478956828974,0.645248224462304,1.43204265126135,0.414864763199052
"988",1.43204265126135,0.414864763199052,6.07653832374346,0.416261026600648
"989",6.07653832374346,0.416261026600648,5.85226351486219,-0.345400658969678
"990",5.85226351486219,-0.345400658969678,0.129852496348378,0.41242130224626
"991",0.129852496348378,0.41242130224626,5.6941366846315,0.679631210726592
"992",5.6941366846315,0.679631210726592,4.79895731128361,0.246789556231998
"993",4.79895731128361,0.246789556231998,6.01318287189606,-0.313461133658182
"994",6.01318287189606,-0.313461133658182,5.74911455606932,0.194429678672168
"995",5.74911455606932,0.194429678672168,4.34150651433589,-0.297753170390233
"996",4.34150651433589,-0.297753170390233,4.61150894961942,-0.381005375710362
"997",4.61150894961942,-0.381005375710362,4.22247505934988,-0.479616478448042
"998",4.22247505934988,-0.479616478448042,5.25029945584934,0.279427213244292
"999",5.25029945584934,0.279427213244292,5.95035101882427,0.40945424251787
"1000",5.95035101882427,0.40945424251787,3.77724156716613,0.242775298952411
"1001",3.77724156716613,0.242775298952411,4.5252896845709,-0.533198086484268
"1002",4.5252896845709,-0.533198086484268,3.49327649786665,-0.300894763043822
"1003",3.49327649786665,-0.300894763043822,4.29333542698085,0.419053553403839
"1004",4.29333542698085,0.419053553403839,2.96025294430758,0.247836753783195
"1005",2.96025294430758,0.247836753783195,4.39229559556893,-0.219562419900887
"1006",4.39229559556893,-0.219562419900887,2.63335277540904,0.438775773951374
"1007",2.63335277540904,0.438775773951374,2.54748257621092,0.155857902203094
"1008",2.54748257621092,0.155857902203094,3.57425977515919,0.240855436775218
"1009",3.57425977515919,0.240855436775218,2.214997353706,0.226194671058465
"1010",2.214997353706,0.226194671058465,2.05529972714852,0.236666646570431
"1011",2.05529972714852,0.236666646570431,2.87385914633386,-0.229336263712055
"1012",2.87385914633386,-0.229336263712055,1.88146493364989,0.395142542651516
"1013",1.88146493364989,0.395142542651516,1.88513012507908,0.475078622392856
"1014",1.88513012507908,0.475078622392856,2.92831341899609,-0.444360827557756
"1015",2.92831341899609,-0.444360827557756,1.64724174803225,-0.313286600732982
"1016",1.64724174803225,-0.313286600732982,1.98164683271436,-0.492706447837999
"1017",1.98164683271436,-0.492706447837999,1.49661983358514,-0.324107642095347
"1018",1.49661983358514,-0.324107642095347,0.889070720965911,0.268082573106329
"1019",0.889070720965911,0.268082573106329,2.09579136579479,-0.496720705117586
"1020",2.09579136579479,-0.496720705117586,2.71101992712279,-0.461290521302101
"1021",2.71101992712279,-0.461290521302101,0.811229036326964,0.419577152179437
"1022",0.811229036326964,0.419577152179437,1.81409522452291,-0.52935836212988
"1023",1.81409522452291,-0.52935836212988,1.18490402917895,0.496371639267187
"1024",1.18490402917895,0.496371639267187,0.613483232076007,-0.400727596257898
"1025",0.613483232076007,-0.400727596257898,0.923977306005798,-0.344178928493282
"1026",0.923977306005798,-0.344178928493282,0.359712358836031,-0.685914396033771
"1027",0.359712358836031,-0.685914396033771,5.88908996207927,-0.277856416917497
"1028",5.88908996207927,-0.277856416917497,0.627620399017161,-0.30176742766982
"1029",0.627620399017161,-0.30176742766982,0.96342174710087,-0.207345115136926
"1030",0.96342174710087,-0.207345115136926,0.0966912405604859,-0.319569786040162
"1031",0.0966912405604859,-0.319569786040162,5.92591640929635,0.362504885639222
"1032",5.92591640929635,0.362504885639222,5.49673994623094,0.446106156809751
"1033",5.49673994623094,0.446106156809751,6.04320253503037,-0.321140582366957
"1034",6.04320253503037,-0.321140582366957,4.79040519794884,-0.41852995462824
"1035",4.79040519794884,-0.41852995462824,5.29742334565319,-0.198094870101356
"1036",5.29742334565319,-0.198094870101356,5.50511752664051,-0.295658775287839
"1037",5.50511752664051,-0.295658775287839,4.85480784734743,-0.486074196680421
"1038",4.85480784734743,-0.486074196680421,4.10082561048588,0.354476371080048
"1039",4.10082561048588,0.354476371080048,4.26139590166935,0.420100750955035
"1040",4.26139590166935,0.420100750955035,5.4176765311156,0.202807259081741
"1041",5.4176765311156,0.202807259081741,4.44517907190436,-0.383797902513553
"1042",4.44517907190436,-0.383797902513553,3.78963340485529,0.193382481120972
"1043",3.78963340485529,0.193382481120972,4.10292000558827,-0.122871179340401
"1044",4.10292000558827,-0.122871179340401,5.05325178329918,0.328121899374934
"1045",5.05325178329918,0.328121899374934,5.34070751110265,0.310319541004592
"1046",5.34070751110265,0.310319541004592,3.39571259268017,0.278554548618295
"1047",3.39571259268017,0.278554548618295,4.20327643757794,-0.4000294645571
"1048",4.20327643757794,-0.4000294645571,2.86670329640069,0.192160750644576
"1049",2.86670329640069,0.192160750644576,4.8005281076104,0.37245326237559
"1050",4.8005281076104,0.37245326237559,4.13939738695495,0.441393767829366
"1051",4.13939738695495,0.441393767829366,2.37417138148789,-0.30176742766982
"1052",2.37417138148789,-0.30176742766982,4.50574199694856,-0.4923573819876
"1053",4.50574199694856,-0.4923573819876,4.34796423256827,0.299673032567426
"1054",4.34796423256827,0.299673032567426,3.07369934568721,0.341037335839692
"1055",3.07369934568721,0.341037335839692,2.11149932906274,0.477696616270848
"1056",2.11149932906274,0.477696616270848,2.74156318903269,-0.447327887286147
"1057",2.74156318903269,-0.447327887286147,2.16543000294936,0.201760061530544
"1058",2.16543000294936,0.201760061530544,1.76086268233708,-0.515395728113926
"1059",1.76086268233708,-0.515395728113926,1.68895511715491,-0.260054058547155
"1060",1.68895511715491,-0.260054058547155,2.28341426038418,0.281521608346685
"1061",2.28341426038418,0.281521608346685,2.7406905244067,-0.197222205475359
"1062",2.7406905244067,-0.197222205475359,1.56817833291691,-0.311366738555788
"1063",1.56817833291691,-0.311366738555788,3.32781928477759,-0.39409534510032
"1064",3.32781928477759,-0.39409534510032,1.30184108906257,-0.562694150842972
"1065",1.30184108906257,-0.562694150842972,1.99683119720671,0.345924257745276
"1066",1.99683119720671,0.345924257745276,1.89752196276823,-0.32306044454415
"1067",1.89752196276823,-0.32306044454415,1.39556526989467,-0.3694862026472
"1068",1.39556526989467,-0.3694862026472,0.74176493209759,-0.598473400508856
"1069",0.74176493209759,-0.598473400508856,2.99411233179627,-0.637743308678728
"1070",2.99411233179627,-0.637743308678728,0.773529924483887,0.313112067807783
"1071",0.773529924483887,0.313112067807783,0.748920782030767,-0.183608637309803
"1072",0.748920782030767,-0.183608637309803,0.683994533856578,-0.319220720189763
"1073",0.683994533856578,-0.319220720189763,0.538434074240251,0.245044226980004
"1074",0.538434074240251,0.245044226980004,1.12661003216234,-0.478220215046446
"1075",1.12661003216234,-0.478220215046446,1.0786134777325,-0.352556508902855
"1076",1.0786134777325,-0.352556508902855,5.76028466328209,-0.293040781409848
"1077",5.76028466328209,-0.293040781409848,6.00463075856129,0.42463860701022
"1078",6.00463075856129,0.42463860701022,1.24337255912076,0.461988653002899
"1079",1.24337255912076,0.461988653002899,5.98421040631296,0.200712863979348
"1080",5.98421040631296,0.200712863979348,0.905127750084259,0.277856416917497
"1081",0.905127750084259,0.277856416917497,5.3256976795355,0.294611577736643
"1082",5.3256976795355,0.294611577736643,0.93270395226577,0.450818545790135
"1083",0.93270395226577,0.450818545790135,5.02550104819247,-0.159872159482681
"1084",5.02550104819247,-0.159872159482681,6.07147686891267,-0.324980306721344
"1085",6.07147686891267,-0.324980306721344,0.781034840267463,0.56950093492575
"1086",0.781034840267463,0.56950093492575,5.03457676030284,0.267384441405531
"1087",5.03457676030284,0.267384441405531,4.9869292717234,0.366519142918809
"1088",4.9869292717234,0.366519142918809,4.92025769429721,-0.398633201155505
"1089",4.92025769429721,-0.398633201155505,5.5415949080072,0.297578637465033
"1090",5.5415949080072,0.297578637465033,0.0593411945678072,0.13840460968315
"1091",0.0593411945678072,0.13840460968315,4.58044208893392,-0.473507826066062
"1092",4.58044208893392,-0.473507826066062,5.50284859861292,-0.473158760215663
"1093",5.50284859861292,-0.473158760215663,4.65845830649807,0.467399173684081
"1094",4.65845830649807,0.467399173684081,4.26087230289376,-0.425162205785819
"1095",4.26087230289376,-0.425162205785819,4.42301339040403,-0.341211868764891
"1096",4.42301339040403,-0.341211868764891,5.55957179930274,-0.393397213399522
"1097",5.55957179930274,-0.393397213399522,4.21392294601511,0.266860842629933
"1098",4.21392294601511,0.266860842629933,4.66753401860844,-0.336848545634906
"1099",4.66753401860844,-0.336848545634906,5.64997985455604,-0.535292481586661
"1100",5.64997985455604,-0.535292481586661,6.27201519996682,0.398109602379907
"1101",6.27201519996682,0.398109602379907,4.76143273236573,-0.521853446346304
"1102",4.76143273236573,-0.521853446346304,3.76711865750456,0.164759081388265
"1103",3.76711865750456,0.164759081388265,5.3869587362805,0.153414441250302
"1104",5.3869587362805,0.153414441250302,4.69545928664034,0.251851011062782
"1105",4.69545928664034,0.251851011062782,4.51150158348014,-0.257436064669164
"1106",4.51150158348014,-0.257436064669164,3.33933845784075,-0.273667626712711
"1107",3.33933845784075,-0.273667626712711,3.05135913126169,0.304909020323409
"1108",3.05135913126169,0.304909020323409,4.82897697441791,0.195476876223365
"1109",4.82897697441791,0.195476876223365,3.00283897805624,-0.257261531743964
"1110",3.00283897805624,-0.257261531743964,3.96538806053112,0.36023595761163
"1111",3.96538806053112,0.36023595761163,3.67688513517645,0.382925237887556
"1112",3.67688513517645,0.382925237887556,2.5537657615181,-0.191113553093379
"1113",2.5537657615181,-0.191113553093379,3.78998247070569,-0.485550597904822
"1114",3.78998247070569,-0.485550597904822,2.7089255320204,-0.336499479784507
"1115",2.7089255320204,-0.336499479784507,2.91016199477535,-0.397411470679109
"1116",2.91016199477535,-0.397411470679109,2.43874856381168,0.208392312688123
"1117",2.43874856381168,0.208392312688123,2.51659024845062,-0.460941455451702
"1118",2.51659024845062,-0.460941455451702,3.56762752400161,-0.540353936417444
"1119",3.56762752400161,-0.540353936417444,2.26002684840746,0.161792021659874
"1120",2.26002684840746,0.161792021659874,2.02510553108902,0.326725635973338
"1121",2.02510553108902,0.326725635973338,2.52217530205701,-0.32306044454415
"1122",2.52217530205701,-0.32306044454415,4.00710142965378,0.209090444388921
"1123",4.00710142965378,0.209090444388921,3.08748744677797,-0.601614993162445
"1124",3.08748744677797,-0.601614993162445,1.82037840983009,-0.235968514869633
"1125",1.82037840983009,-0.235968514869633,1.68773338667852,-0.43703044469938
"1126",1.68773338667852,-0.43703044469938,2.95065363342161,0.1230457122656
"1127",2.95065363342161,0.1230457122656,2.69653369433124,0.104021623418862
"1128",2.69653369433124,0.104021623418862,1.39539073696947,-0.37245326237559
"1129",1.39539073696947,-0.37245326237559,2.36125594502313,0.325503905496942
"1130",2.36125594502313,0.325503905496942,2.62602239255067,-0.49549897464119
"1131",2.62602239255067,-0.49549897464119,1.4470524828285,0.408407044966673
"1132",1.4470524828285,0.408407044966673,1.31336026212573,-0.527787565803085
"1133",1.31336026212573,-0.527787565803085,0.63704517697793,-0.320966049441757
"1134",0.63704517697793,-0.320966049441757,0.125838239068791,0.320791516516558
"1135",0.125838239068791,0.320791516516558,0.661130720655452,0.326027504272541
"1136",0.661130720655452,0.326027504272541,0.0429350995990605,0.1232202451908
"1137",0.0429350995990605,0.1232202451908,6.22576397478897,0.379434579383567
"1138",6.22576397478897,0.379434579383567,0.0240855436775217,-0.613483232076007
"1139",0.0240855436775217,-0.613483232076007,0.773529924483887,-0.52010811709431
"1140",0.773529924483887,-0.52010811709431,5.90078366806763,-0.205076187109334
"1141",5.90078366806763,-0.205076187109334,6.16764451069756,0.250978346436785
"1142",6.16764451069756,0.250978346436785,5.6943112175567,-0.337721210260903
"1143",5.6943112175567,-0.337721210260903,0.422369678982628,-0.645248224462304
"1144",0.422369678982628,-0.645248224462304,6.14792229015003,-0.379434579383567
"1145",6.14792229015003,-0.379434579383567,1.25227373830593,0.509287075731945
"1146",1.25227373830593,0.509287075731945,5.79938003852676,-0.535990613287459
"1147",5.79938003852676,-0.535990613287459,5.20963328427787,0.243647963578408
"1148",5.20963328427787,0.243647963578408,5.27473406537726,0.61261056745001
"1149",5.27473406537726,0.61261056745001,5.04295434071242,-0.369137136796801
"1150",5.04295434071242,-0.369137136796801,5.02829357499566,0.23404865269244
"1151",5.02829357499566,0.23404865269244,5.01118934832612,-0.301069295969022
"1152",5.01118934832612,-0.301069295969022,5.32831567341349,0.34470252726888
"1153",5.32831567341349,0.34470252726888,4.78586734189365,-0.343131730942085
"1154",4.78586734189365,-0.343131730942085,4.18390328288081,-0.300371164268224
"1155",4.18390328288081,-0.300371164268224,4.57939489138272,-0.597949801733257
"1156",4.57939489138272,-0.597949801733257,3.92262749385726,-0.594808209079667
"1157",3.92262749385726,-0.594808209079667,3.72051836647631,0.193207948195772
"1158",3.72051836647631,0.193207948195772,3.51998003542216,0.305781684949406
"1159",3.51998003542216,0.305781684949406,3.84478580921831,-0.394444410950718
"1160",3.84478580921831,-0.394444410950718,4.20921055703472,-0.229161730786855
"1161",4.20921055703472,-0.229161730786855,4.33522332902871,-0.361806753938424
"1162",4.33522332902871,-0.361806753938424,3.77427450743774,-0.179594380030216
"1163",3.77427450743774,-0.179594380030216,3.79294953043408,-0.442440965380563
"1164",3.79294953043408,-0.442440965380563,4.02507832094932,-0.225496539357667
"1165",4.02507832094932,-0.225496539357667,2.99969738540265,0.327074701823737
"1166",2.99969738540265,0.327074701823737,2.91661971300772,0.0429350995990605
"1167",2.91661971300772,0.0429350995990605,3.64930893299494,0.382227106186758
"1168",3.64930893299494,0.382227106186758,3.21995793700434,0.294437044811443
"1169",3.21995793700434,0.294437044811443,3.05450072391528,-0.26476644752754
"1170",3.05450072391528,-0.26476644752754,2.53439260682097,0.267209908480332
"1171",2.53439260682097,0.267209908480332,4.32178429378836,-0.0698131700797732
"1172",4.32178429378836,-0.0698131700797732,3.49973421609903,-0.390604686596331
"1173",3.49973421609903,-0.390604686596331,2.3396138622984,-0.48642326253082
"1174",2.3396138622984,-0.48642326253082,3.14281438406619,0.130201562198777
"1175",3.14281438406619,0.130201562198777,1.94831104400127,0.347320521146872
"1176",1.94831104400127,0.347320521146872,1.52297430529025,-0.450644012864936
"1177",1.52297430529025,-0.450644012864936,1.93138135025693,-0.253247274464377
"1178",1.93138135025693,-0.253247274464377,1.71146986450564,0.442964564156161
"1179",1.71146986450564,0.442964564156161,2.85640585381392,0.304036355697412
"1180",2.85640585381392,0.304036355697412,2.92586995804329,-0.373151394076388
"1181",2.92586995804329,-0.373151394076388,1.28194433558984,-0.444011761707357
"1182",1.28194433558984,-0.444011761707357,1.21876341666764,0.616973890579996
"1183",1.21876341666764,0.616973890579996,2.90056268388938,-0.286932129027868
"1184",2.90056268388938,-0.286932129027868,1.00391338574714,-0.274191225488309
"1185",1.00391338574714,-0.274191225488309,1.65841185524501,-0.346447856520874
"1186",1.65841185524501,-0.346447856520874,1.65474666381582,-0.558330827712986
"1187",1.65474666381582,-0.558330827712986,2.16420827247297,-0.377863783056772
"1188",2.16420827247297,-0.377863783056772,0.30159289474462,-0.356047167406843
"1189",0.30159289474462,-0.356047167406843,1.28334059899143,-0.545415391248228
"1190",1.28334059899143,-0.545415391248228,0.39392081217512,0.204727121258935
"1191",0.39392081217512,0.204727121258935,1.29468523912939,0.201934594455744
"1192",1.29468523912939,0.201934594455744,2.02615272864022,-0.263544717051144
"1193",2.02615272864022,-0.263544717051144,6.10673251980296,-0.428478331364608
"1194",6.10673251980296,-0.428478331364608,0.479441945522842,0.442091899530164
"1195",0.479441945522842,0.442091899530164,1.03114052207825,0.264068315826742
"1196",1.03114052207825,0.264068315826742,0.260228591472354,-0.449073216538141
"1197",0.260228591472354,-0.449073216538141,6.16851717532356,-0.289026524130261
"1198",6.16851717532356,-0.289026524130261,5.7543505438253,0.140673537710743
"1199",5.7543505438253,0.140673537710743,0.0574213323906134,0.231430658814448
"1200",0.0574213323906134,0.231430658814448,5.58191201372826,-0.381354441560761
"1201",5.58191201372826,-0.381354441560761,0.791855881629827,-0.578227581185721
"1202",0.791855881629827,-0.578227581185721,0.20926497731412,0.070162235930172
"1203",0.20926497731412,0.070162235930172,5.22778470849862,0.213802833369305
"1204",5.22778470849862,0.213802833369305,6.11999702211812,0.621337213709981
"1205",6.11999702211812,0.621337213709981,5.16058953229683,0.292866248484649
"1206",5.16058953229683,0.292866248484649,5.03632208955484,-0.270351501133922
"1207",5.03632208955484,-0.270351501133922,5.81247000791672,-0.259704992696756
"1208",5.81247000791672,-0.259704992696756,5.00368443254254,0.188844625065786
"1209",5.00368443254254,0.188844625065786,4.99897204356216,0.276111087665503
"1210",4.99897204356216,0.276111087665503,0.00279252680319093,-0.249582083035189
"1211",0.00279252680319093,-0.249582083035189,4.90873852123405,-0.309970475154193
"1212",4.90873852123405,-0.309970475154193,5.55189235059396,0.268606171881927
"1213",5.55189235059396,0.268606171881927,5.3560664085202,0.252723675688779
"1214",5.3560664085202,0.252723675688779,4.29159009772886,-0.239808239224021
"1215",4.29159009772886,-0.239808239224021,4.0327577696581,-0.484154334503227
"1216",4.0327577696581,-0.484154334503227,5.51454230460128,0.171391332545843
"1217",5.51454230460128,0.171391332545843,5.42745037492677,0.39077921952153
"1218",5.42745037492677,0.39077921952153,4.71186538160909,0.476125819944053
"1219",4.71186538160909,0.476125819944053,4.3401102509343,0.309272343453395
"1220",4.3401102509343,0.309272343453395,4.28600504412247,0.428129265514209
"1221",4.28600504412247,0.428129265514209,4.44395734142796,0.220958683302482
"1222",4.44395734142796,0.220958683302482,3.90395247086092,-0.571944395878542
"1223",3.90395247086092,-0.571944395878542,3.48332812113028,0.262497519499947
"1224",3.48332812113028,0.262497519499947,3.7854446146505,0.198967534727354
"1225",3.7854446146505,0.198967534727354,5.6625462251704,-0.582416371390508
"1226",5.6625462251704,-0.582416371390508,3.19709412380321,0.145385926691128
"1227",3.19709412380321,0.145385926691128,3.76484972947697,-0.402123859659494
"1228",3.76484972947697,-0.402123859659494,3.71214078606674,0.408756110817072
"1229",3.71214078606674,0.408756110817072,3.49903608439823,-0.367915406320405
"1230",3.49903608439823,-0.367915406320405,3.04978833493489,0.284488668075076
"1231",3.04978833493489,0.284488668075076,3.19412706407482,0.298102236240631
"1232",3.19412706407482,0.298102236240631,3.14613050964498,0.375071256253581
"1233",3.14613050964498,0.375071256253581,2.92045943736211,0.0856956662729216
"1234",2.92045943736211,0.0856956662729216,2.80596583843128,0.359537825910832
"1235",2.80596583843128,0.359537825910832,2.78205482767896,0.271747764535517
"1236",2.78205482767896,0.271747764535517,4.77626803100768,-0.376467519655177
"1237",4.77626803100768,-0.376467519655177,3.34963590042752,-0.5846852994181
"1238",3.34963590042752,-0.5846852994181,3.13548400120781,0.480663675999238
"1239",3.13548400120781,0.480663675999238,2.72620429161514,0.168424272817453
"1240",2.72620429161514,0.168424272817453,4.5848054120639,-0.228987197861656
"1241",4.5848054120639,-0.228987197861656,3.78998247070569,-0.550651379004211
"1242",3.78998247070569,-0.550651379004211,2.37783657291707,-0.199665666428151
"1243",2.37783657291707,-0.199665666428151,2.45358386245363,0.252898208613978
"1244",2.45358386245363,0.252898208613978,2.42042260666574,-0.27384215963791
"1245",2.42042260666574,-0.27384215963791,2.16822252975256,0.0841248699461267
"1246",2.16822252975256,0.0841248699461267,3.27825193402095,0.570897198327345
"1247",3.27825193402095,0.570897198327345,3.00755136703663,0.726056968829641
"1248",3.00755136703663,0.726056968829641,4.22858371173186,-0.468271838310079
"1249",4.22858371173186,-0.468271838310079,3.80377057179644,-0.638965039155124
"1250",3.80377057179644,-0.638965039155124,1.95249983420606,-0.246440490381599
"1251",1.95249983420606,-0.246440490381599,1.88687545433107,0.442964564156161
"1252",1.88687545433107,0.442964564156161,1.6631242442254,-0.508938009881546
"1253",1.6631242442254,-0.508938009881546,3.41910000465689,-0.497767902668783
"1254",3.41910000465689,-0.497767902668783,2.04482775163656,0.114668131856027
"1255",2.04482775163656,0.114668131856027,1.11910511637876,-0.544193660771832
"1256",1.11910511637876,-0.544193660771832,1.86453523990554,0.123743843966398
"1257",1.86453523990554,0.123743843966398,1.46363311072244,-0.493055513688398
"1258",1.46363311072244,-0.493055513688398,0.641059434257517,0.119380520836412
"1259",0.641059434257517,0.119380520836412,2.39389360203542,-0.434237917896189
"1260",2.39389360203542,-0.434237917896189,2.00817583734468,0.237539311196428
"1261",2.00817583734468,0.237539311196428,1.30760067559415,0.0937241808320955
"1262",1.30760067559415,0.0937241808320955,2.32233510270365,0.439822971502571
"1263",2.32233510270365,0.439822971502571,1.03358398303104,-0.333881485906515
"1264",1.03358398303104,-0.333881485906515,0.946492053356525,-0.275238423039506
"1265",0.946492053356525,-0.275238423039506,0.302989158146216,-0.354999969855647
"1266",0.302989158146216,-0.354999969855647,6.25386377574608,0.459196126199708
"1267",6.25386377574608,0.459196126199708,0.759218224617533,-0.399156799931103
"1268",0.759218224617533,-0.399156799931103,0.122347580564802,0.39706240482871
"1269",0.122347580564802,0.39706240482871,5.71333530640344,-0.420624349730633
"1270",5.71333530640344,-0.420624349730633,5.98525760386415,0.567057473972958
"1271",5.98525760386415,0.567057473972958,5.93621385188311,-0.376292986729977
"1272",5.93621385188311,-0.376292986729977,5.96710617964341,-0.273667626712711
"1273",5.96710617964341,-0.273667626712711,0.168249739892253,-0.350287580875262
"1274",0.168249739892253,-0.350287580875262,5.25815343748332,-0.280474410795489
"1275",5.25815343748332,-0.280474410795489,5.47073454037623,-0.645073691537104
"1276",5.47073454037623,-0.645073691537104,6.04110813992797,-0.446804288510548
"1277",6.04110813992797,-0.446804288510548,0.138753675533549,-0.53564154743706
"1278",0.138753675533549,-0.53564154743706,0.0291469985083053,-0.23404865269244
"1279",0.0291469985083053,-0.23404865269244,6.23571235152534,0.237364778271229
"1280",6.23571235152534,0.237364778271229,4.94539043552593,-0.150098315671512
"1281",4.94539043552593,-0.150098315671512,5.56288792488153,-0.548382450976618
"1282",5.56288792488153,-0.548382450976618,5.53740611780241,0.0452040276266531
"1283",5.53740611780241,0.0452040276266531,4.93893271729355,0.454832803069722
"1284",4.93893271729355,0.454832803069722,0.168075206967054,-0.078190750489346
"1285",0.168075206967054,-0.078190750489346,4.50207680551937,-0.526565835326689
"1286",4.50207680551937,-0.526565835326689,5.11817803147337,0.454309204294124
"1287",5.11817803147337,0.454309204294124,5.15779700549364,0.372802328225989
"1288",5.15779700549364,0.372802328225989,5.60355409645299,-0.684867198482575
"1289",5.60355409645299,-0.684867198482575,5.10212100235502,0.224972940582069
"1290",5.10212100235502,0.224972940582069,5.29916867490518,0.225322006432468
"1291",5.29916867490518,0.225322006432468,4.94347057334874,-0.30176742766982
"1292",4.94347057334874,-0.30176742766982,4.89931374327328,0.288153859504264
"1293",4.89931374327328,0.288153859504264,3.61510047965585,-0.457276264022514
"1294",3.61510047965585,-0.457276264022514,5.38224634730011,0.27087509990952
"1295",5.38224634730011,0.27087509990952,5.88612290235088,-0.444186294632557
"1296",5.88612290235088,-0.444186294632557,5.50180140106173,0.209614043164519
"1297",5.50180140106173,0.209614043164519,5.86762241227974,0.194429678672168
"1298",5.86762241227974,0.194429678672168,3.87201294554942,-0.00715584993317675
"1299",3.87201294554942,-0.00715584993317675,4.72757334487704,-0.22165681500328
"1300",4.72757334487704,-0.22165681500328,3.31054052518284,-0.484328867428426
"1301",3.31054052518284,-0.484328867428426,3.20407544081119,0.336324946859307
"1302",3.20407544081119,0.336324946859307,4.19734231812116,-0.462512251778497
"1303",4.19734231812116,-0.462512251778497,3.95002916311357,-0.201410995680146
"1304",3.95002916311357,-0.201410995680146,2.54067579212815,0.056025068989018
"1305",2.54067579212815,0.056025068989018,3.3871604793454,0.571769862953342
"1306",3.3871604793454,0.571769862953342,3.49083303691386,0.124965574442794
"1307",3.49083303691386,0.124965574442794,2.27468761412421,0.327947366449734
"1308",2.27468761412421,0.327947366449734,2.24885674119469,0.481536340625236
"1309",2.24885674119469,0.481536340625236,2.29737689440014,0.133517687777566
"1310",2.29737689440014,0.133517687777566,2.38411975822425,0.285884931476671
"1311",2.38411975822425,0.285884931476671,2.98189502703231,0.420624349730633
"1312",2.98189502703231,0.420624349730633,2.08462125858203,0.252898208613978
"1313",2.08462125858203,0.252898208613978,2.23192704745035,-0.408756110817072
"1314",2.23192704745035,-0.408756110817072,2.07118222334167,-0.160570291183478
"1315",2.07118222334167,-0.160570291183478,2.17310945165814,0.167900674041854
"1316",2.17310945165814,0.167900674041854,2.47924020245794,-0.371056998973995
"1317",2.47924020245794,-0.371056998973995,2.91784144348412,0.202283660306143
"1318",2.91784144348412,0.202283660306143,2.73440733909952,0.161093889959077
"1319",2.73440733909952,0.161093889959077,1.88408292752788,-0.309970475154193
"1320",1.88408292752788,-0.309970475154193,2.11848064607072,0.0986111027376796
"1321",2.11848064607072,0.0986111027376796,2.3081979357625,0.194255145746969
"1322",2.3081979357625,0.194255145746969,3.01802334254859,0.596029939556064
"1323",3.01802334254859,0.596029939556064,0.823795406941324,0.0942477796076938
"1324",0.823795406941324,0.0942477796076938,1.98251949734036,-0.290946386307455
"1325",1.98251949734036,-0.290946386307455,2.25007847167109,-0.243997029428807
"1326",2.25007847167109,-0.243997029428807,1.67726141116655,-0.531976356007872
"1327",1.67726141116655,-0.531976356007872,1.95005637325326,0.420449816805434
"1328",1.95005637325326,0.420449816805434,1.79803819540456,-0.626049602690366
"1329",1.79803819540456,-0.626049602690366,2.08217779762924,-0.0191986217719376
"1330",2.08217779762924,-0.0191986217719376,1.07494828630331,0.419577152179437
"1331",1.07494828630331,0.419577152179437,0.144862327915529,0.381005375710362
"1332",0.144862327915529,0.381005375710362,1.80624124288893,0.29862583501623
"1333",1.80624124288893,0.29862583501623,5.86116469404736,0.308574211752597
"1334",5.86116469404736,0.308574211752597,5.83079596506266,-0.455356401845321
"1335",5.83079596506266,-0.455356401845321,0.672998959569013,-0.14468779499033
"1336",0.672998959569013,-0.14468779499033,0.711570736038088,0.212755635818109
"1337",0.711570736038088,0.212755635818109,5.60739382080738,-0.423765942384223
"1338",5.60739382080738,-0.423765942384223,0.353254640603652,-0.331787090804122
"1339",0.353254640603652,-0.331787090804122,0.595855406630864,0.0767944870877505
"1340",0.595855406630864,0.0767944870877505,0.327947366449734,0.185877565337396
"1341",0.327947366449734,0.185877565337396,0.264068315826742,-0.182037840983009
"1342",0.264068315826742,-0.182037840983009,5.19409985393512,0.430572726467001
"1343",5.19409985393512,0.430572726467001,5.03544942492884,0.253770873239975
"1344",5.03544942492884,0.253770873239975,5.37159983886295,-0.525867703625892
"1345",5.37159983886295,-0.525867703625892,5.78053048260522,0.190066355542183
"1346",5.78053048260522,0.190066355542183,6.14390803287044,0.398458668230305
"1347",6.14390803287044,0.398458668230305,6.1856214019931,-0.523424242673099
"1348",6.1856214019931,-0.523424242673099,4.78743813822045,0.189368223841385
"1349",4.78743813822045,0.189368223841385,0.129677963423179,-0.687834258210965
"1350",0.129677963423179,-0.687834258210965,5.23738401938458,-0.610341639422417
"1351",5.23738401938458,-0.610341639422417,4.69022329888436,0.204028989558137
"1352",4.69022329888436,0.204028989558137,3.9694023178107,-0.449596815313739
"1353",3.9694023178107,-0.449596815313739,5.62781417305572,0.637394242828329
"1354",5.62781417305572,0.637394242828329,5.37072717423695,-0.336848545634906
"1355",5.37072717423695,-0.336848545634906,5.02794450914526,0.387637626867941
"1356",5.02794450914526,0.387637626867941,5.9088121826268,-0.350287580875262
"1357",5.9088121826268,-0.350287580875262,4.864058092383,0.0736528944341607
"1358",4.864058092383,0.0736528944341607,3.73744806022066,0.35395277230445
"1359",3.73744806022066,0.35395277230445,3.34056018831715,-0.462337718853298
"1360",3.34056018831715,-0.462337718853298,4.11705717252942,-0.530056493830678
"1361",4.11705717252942,-0.530056493830678,3.16498006556652,0.3694862026472
"1362",3.16498006556652,0.3694862026472,3.62068553326224,0.057246799465414
"1363",3.62068553326224,0.057246799465414,3.05240632881288,-0.509810674507544
"1364",3.05240632881288,-0.509810674507544,3.50182861120142,0.320791516516558
"1365",3.50182861120142,0.320791516516558,3.32083796776961,0.431794456943397
"1366",3.32083796776961,0.431794456943397,2.79828638972251,0.327249234748937
"1367",2.79828638972251,0.327249234748937,2.68641078466967,-0.365471945367613
"1368",2.68641078466967,-0.365471945367613,2.58256369417601,0.0506145483078356
"1369",2.58256369417601,0.0506145483078356,4.90001187497408,0.447153354360947
"1370",4.90001187497408,0.447153354360947,2.5237460983838,-0.560948821590977
"1371",2.5237460983838,-0.560948821590977,2.39249733863383,-0.264068315826742
"1372",2.39249733863383,-0.264068315826742,2.69059957487446,0.120776784238008
"1373",2.69059957487446,0.120776784238008,2.23541770595434,0.491833783212002
"1374",2.23541770595434,0.491833783212002,4.79616478448042,-0.543320996145835
"1375",4.79616478448042,-0.543320996145835,2.07153128919207,-0.267384441405531
"1376",2.07153128919207,-0.267384441405531,3.34823963702592,0.328121899374934
"1377",3.34823963702592,0.328121899374934,3.1698669874721,0.287804793653865
"1378",3.1698669874721,0.287804793653865,2.1549580274374,0.61854468690679
"1379",2.1549580274374,0.61854468690679,1.45455739861207,0.213802833369305
"1380",1.45455739861207,0.213802833369305,1.82770879268846,0.260926723173152
"1381",1.82770879268846,0.260926723173152,1.47218522405722,-0.265115513377939
"1382",1.47218522405722,-0.265115513377939,1.14441239053268,0.422718744833027
"1383",1.14441239053268,0.422718744833027,2.00293984958869,0.0609119908946021
"1384",2.00293984958869,0.0609119908946021,2.29196637371895,0.274191225488309
"1385",2.29196637371895,0.274191225488309,1.76993839444745,0.657116463375865
"1386",1.76993839444745,0.657116463375865,0.914377995119829,0.238411975822425
"1387",0.914377995119829,0.238411975822425,2.20225645016645,0.151843644923507
"1388",2.20225645016645,0.151843644923507,1.83137398411765,-0.524820506074695
"1389",1.83137398411765,-0.524820506074695,0.944746724104531,0.429874594766203
"1390",0.944746724104531,0.429874594766203,1.82055294275529,-0.616799357654796
"1391",1.82055294275529,-0.616799357654796,1.2007865253721,-0.524296907299097
"1392",1.2007865253721,-0.524296907299097,0.595157274930066,-0.286757596102668
"1393",0.595157274930066,-0.286757596102668,2.2790509372542,0.407534380340676
"1394",2.2790509372542,0.407534380340676,1.77046199322305,0.410675972994266
"1395",1.77046199322305,0.410675972994266,0.388161225643539,-0.183957703160202
"1396",0.388161225643539,-0.183957703160202,0.45553093477052,0.261101256098352
"1397",0.45553093477052,0.261101256098352,0.914727060970228,0.0959931088596881
"1398",0.914727060970228,0.0959931088596881,0.492706447837999,-0.23701571242083
"1399",0.492706447837999,-0.23701571242083,6.26276495493125,-0.478394747971646
"1400",6.26276495493125,-0.478394747971646,6.11249210633454,-0.347320521146872
"1401",6.11249210633454,-0.347320521146872,0.789237887751836,0.604931118741235
"1402",0.789237887751836,0.604931118741235,0.434936049596987,-0.352731041828054
"1403",0.434936049596987,-0.352731041828054,1.64671814925665,0.138928208458749
"1404",1.64671814925665,0.138928208458749,5.79204965566838,0.296705972839036
"1405",5.79204965566838,0.296705972839036,0.0954695100840898,0.227067335684462
"1406",0.0954695100840898,0.227067335684462,0.354301838154849,0.445058959258554
"1407",0.354301838154849,0.445058959258554,1.60413211550799,-0.219038821125288
"1408",1.60413211550799,-0.219038821125288,6.25944882935246,-0.357443430808439
"1409",6.25944882935246,-0.357443430808439,5.43163916513155,-0.588350490847289
"1410",5.43163916513155,-0.588350490847289,1.34180912893324,0.056025068989018
"1411",1.34180912893324,0.056025068989018,0.800931593740198,-0.0675442420521806
"1412",0.800931593740198,-0.0675442420521806,5.90427432657162,0.310319541004592
"1413",5.90427432657162,0.310319541004592,6.2175609273046,-0.684867198482575
"1414",6.2175609273046,-0.684867198482575,0.214850030920502,-0.305607152024207
"1415",0.214850030920502,-0.305607152024207,5.05272818452358,0.260403124397554
"1416",5.05272818452358,0.260403124397554,6.21232493954862,0.127583568320785
"1417",6.21232493954862,0.127583568320785,5.36549118648097,-0.150621914447111
"1418",5.36549118648097,-0.150621914447111,0.64943701466709,0.216595360172496
"1419",0.64943701466709,0.216595360172496,5.27822472388125,0.410501440069066
"1420",5.27822472388125,0.410501440069066,4.79354679060243,-0.561297887441376
"1421",4.79354679060243,-0.561297887441376,5.03736928710603,-0.248883951334391
"1422",5.03736928710603,-0.248883951334391,5.47474879765581,-0.415737427825049
"1423",5.47474879765581,-0.415737427825049,0.500385896546774,0.705985682431706
"1424",0.500385896546774,0.705985682431706,0.166853476490658,0.225845605208066
"1425",0.166853476490658,0.225845605208066,4.96389092559707,-0.13840460968315
"1426",4.96389092559707,-0.13840460968315,5.96728071256861,0.514348530562729
"1427",5.96728071256861,0.514348530562729,5.80740855308593,-0.233001455141243
"1428",5.80740855308593,-0.233001455141243,4.70366233412472,-0.368788070946402
"1429",4.70366233412472,-0.368788070946402,5.13318786304052,-0.429176463065406
"1430",5.13318786304052,-0.429176463065406,4.74450303862139,0.394618943875918
"1431",4.74450303862139,0.394618943875918,5.62589431087852,-0.340862802914493
"1432",5.62589431087852,-0.340862802914493,3.77497263913853,0.227241868609662
"1433",3.77497263913853,0.227241868609662,3.83361570200554,0.335277749308111
"1434",3.83361570200554,0.335277749308111,5.54368930310959,0.184481301935801
"1435",5.54368930310959,0.184481301935801,4.77487176760609,0.253596340314776
"1436",4.77487176760609,0.253596340314776,4.67573706609281,-0.58782689207169
"1437",4.67573706609281,-0.58782689207169,3.91512257807368,-0.470017167562073
"1438",3.91512257807368,-0.470017167562073,3.14822490474737,0.331612557878923
"1439",3.14822490474737,0.331612557878923,3.01034389383982,-0.386415896391545
"1440",3.01034389383982,-0.386415896391545,2.95728588457919,0.129852496348378
"1441",2.95728588457919,0.129852496348378,3.47337974439391,0.325154839646544
"1442",3.47337974439391,0.325154839646544,2.78502188740735,-0.261450321948751
"1443",2.78502188740735,-0.261450321948751,3.62749231734501,0.125314640293193
"1444",3.62749231734501,0.125314640293193,4.52057729559051,-0.216071761396898
"1445",4.52057729559051,-0.216071761396898,4.30468006711881,0.321489648217356
"1446",4.30468006711881,0.321489648217356,2.76145994250543,-0.36023595761163
"1447",2.76145994250543,-0.36023595761163,2.61136162683392,0.0818559419185341
"1448",2.61136162683392,0.0818559419185341,4.40974888808887,0.231954257590046
"1449",4.40974888808887,0.231954257590046,3.17911723250767,0.487644993007216
"1450",3.17911723250767,0.487644993007216,2.52915661906498,0.277507351067098
"1451",2.52915661906498,0.277507351067098,3.46325683473235,-0.467050107833683
"1452",3.46325683473235,-0.467050107833683,3.29099283756051,0.616450291804397
"1453",3.29099283756051,0.616450291804397,3.81860587043839,-0.297927703315432
"1454",3.81860587043839,-0.297927703315432,2.91574704838173,-0.144164196214732
"1455",2.91574704838173,-0.144164196214732,3.24264721728026,0.184132236085402
"1456",3.24264721728026,0.184132236085402,2.16525547002417,0.302116493520218
"1457",2.16525547002417,0.302116493520218,2.75500222427305,-0.633030919698343
"1458",2.75500222427305,-0.633030919698343,2.60368217812514,-0.0479965544298441
"1459",2.60368217812514,-0.0479965544298441,3.97463830556669,-0.253945406165175
"1460",3.97463830556669,-0.253945406165175,3.3560936186599,0.509287075731945
"1461",3.3560936186599,0.509287075731945,1.79786366247936,0.268955237732326
"1462",1.79786366247936,0.268955237732326,1.73869700083675,-0.293389847260247
"1463",1.73869700083675,-0.293389847260247,2.0301669859198,0.288328392429463
"1464",2.0301669859198,0.288328392429463,2.68780704807127,-0.776846050062676
"1465",2.68780704807127,-0.776846050062676,1.91672058454017,0.516791991515521
"1466",1.91672058454017,0.516791991515521,2.27276775194702,0.408756110817072
"1467",2.27276775194702,0.408756110817072,2.32652389290844,0.184132236085402
"1468",2.32652389290844,0.184132236085402,2.28184346405739,-0.250803813511585
"1469",2.28184346405739,-0.250803813511585,1.71251706205684,-0.513301333011532
"1470",1.71251706205684,-0.513301333011532,2.49145750722191,-0.719250184746863
"1471",2.49145750722191,-0.719250184746863,1.06761790344493,0.410675972994266
"1472",1.06761790344493,0.410675972994266,0.642979296434711,-0.261101256098352
"1473",0.642979296434711,-0.261101256098352,1.6626006454498,-0.213279234593707
"1474",1.6626006454498,-0.213279234593707,1.33796940457885,0.169995069144248
"1475",1.33796940457885,0.169995069144248,0.531452757232273,0.397760536529508
"1476",0.531452757232273,0.397760536529508,1.06430177786614,-0.0404916386462684
"1477",1.06430177786614,-0.0404916386462684,0.323758576244948,0.408057979116274
"1478",0.323758576244948,0.408057979116274,2.47487687932796,-0.258308729295161
"1479",2.47487687932796,-0.258308729295161,0.179419847105017,0.462861317628896
"1480",0.179419847105017,0.462861317628896,0.204203522483337,0.226020138133266
"1481",0.204203522483337,0.226020138133266,0.00296705972839036,0.255865268342369
"1482",0.00296705972839036,0.255865268342369,1.0161306905111,0.108384946548848
"1483",1.0161306905111,0.108384946548848,0.269653369433124,-0.299323966717027
"1484",0.269653369433124,-0.299323966717027,0.939161670498149,-0.478394747971646
"1485",0.939161670498149,-0.478394747971646,0.4923573819876,0.147480321793521
"1486",0.4923573819876,0.147480321793521,0.694990108144142,0.265290046303138
"1487",0.694990108144142,0.265290046303138,5.54875075794037,0.327598300599336
"1488",5.54875075794037,0.327598300599336,5.76709144736486,0.328296432300133
"1489",5.76709144736486,0.328296432300133,5.36915637791016,-0.137706477982353
"1490",5.36915637791016,-0.137706477982353,5.12254135460336,-0.494626310015193
"1491",5.12254135460336,-0.494626310015193,5.77459636314844,-0.434761516671787
"1492",5.77459636314844,-0.434761516671787,5.88298130969729,-0.489913921034808
"1493",5.88298130969729,-0.489913921034808,5.9103829789536,0.343829862642883
"1494",5.9103829789536,0.343829862642883,4.96284372804588,-0.404916386462684
"1495",4.96284372804588,-0.404916386462684,4.62616971533617,-0.205599785884932
"1496",4.62616971533617,-0.205599785884932,5.55608114079875,-0.342957198016886
"1497",5.55608114079875,-0.342957198016886,5.73253392817537,-0.356745299107641
"1498",5.73253392817537,-0.356745299107641,4.41987179775044,0.425162205785819
"1499",4.41987179775044,0.425162205785819,5.13056986916253,0.361632221013225
"1500",5.13056986916253,0.361632221013225,5.86116469404736,0.194953277447767
"1501",5.86116469404736,0.194953277447767,5.1412163775997,-0.300371164268224
"1502",5.1412163775997,-0.300371164268224,3.75298149056341,0.240855436775218
"1503",3.75298149056341,0.240855436775218,4.42283885747883,-0.301418361819421
"1504",4.42283885747883,-0.301418361819421,3.66449329748729,0.298102236240631
"1505",3.66449329748729,0.298102236240631,4.95062642328192,0.293564380185446
"1506",4.95062642328192,0.293564380185446,3.80848296077683,-0.324805773796145
"1507",3.80848296077683,-0.324805773796145,4.65601484554527,0.242077167251614
"1508",4.65601484554527,0.242077167251614,4.81955219645714,-0.132121424375971
"1509",4.81955219645714,-0.132121424375971,3.35155576260471,0.285012266850674
"1510",3.35155576260471,0.285012266850674,3.01819787547379,-0.413992098573055
"1511",3.01819787547379,-0.413992098573055,3.08225145902199,0.0698131700797732
"1512",3.08225145902199,0.0698131700797732,3.02291026445418,0.313635666583381
"1513",3.02291026445418,0.313635666583381,2.92761528729529,-0.38467056713955
"1514",2.92761528729529,-0.38467056713955,4.00448343577579,-0.266511776779534
"1515",4.00448343577579,-0.266511776779534,3.85892297615946,0.284488668075076
"1516",3.85892297615946,0.284488668075076,5.16163672984803,0.182910505609006
"1517",5.16163672984803,0.182910505609006,2.59268660383758,0.0863937979737193
"1518",2.59268660383758,0.0863937979737193,3.33375340423437,0.380307244009564
"1519",3.33375340423437,0.380307244009564,3.13670573168421,0.591666616426078
"1520",3.13670573168421,0.591666616426078,3.80551590104844,0.125663706143592
"1521",3.80551590104844,0.125663706143592,2.54800617498652,-0.503527489200364
"1522",2.54800617498652,-0.503527489200364,2.65324952888178,-0.230383461263251
"1523",2.65324952888178,-0.230383461263251,2.81696141271885,0.558156294787787
"1524",2.81696141271885,0.558156294787787,2.29179184079375,0.390604686596331
"1525",2.29179184079375,0.390604686596331,2.18794475030009,0.174009326423835
"1526",2.18794475030009,0.174009326423835,3.21733994312635,-0.366519142918809
"1527",3.21733994312635,-0.366519142918809,2.03540297367579,0.161966554585074
"1528",2.03540297367579,0.161966554585074,2.41989900789014,0.212581102892909
"1529",2.41989900789014,0.212581102892909,2.1235421009015,0.321489648217356
"1530",2.1235421009015,0.321489648217356,1.75772108968349,0.218340689424491
"1531",1.75772108968349,0.218340689424491,1.6913985781077,-0.469668101711674
"1532",1.6913985781077,-0.469668101711674,2.59233753798718,0.346971455296473
"1533",2.59233753798718,0.346971455296473,2.66284883976775,-0.655196601198671
"1534",2.66284883976775,-0.655196601198671,3.25486452204423,-0.579798377512516
"1535",3.25486452204423,-0.579798377512516,1.57341432067289,-0.257436064669164
"1536",1.57341432067289,-0.257436064669164,1.62594873115792,-0.315904594610974
"1537",1.62594873115792,-0.315904594610974,2.81312168836446,0.252898208613978
"1538",2.81312168836446,0.252898208613978,1.98007603638757,0.311715804406187
"1539",1.98007603638757,0.311715804406187,1.34983764349241,0.474904089467657
"1540",1.34983764349241,0.474904089467657,1.67551608191456,0.370882466048795
"1541",1.67551608191456,0.370882466048795,2.51030706314344,-0.489913921034808
"1542",2.51030706314344,-0.489913921034808,2.25409272895068,0.146956723017923
"1543",2.25409272895068,0.146956723017923,2.83860349544358,-0.13543754995476
"1544",2.83860349544358,-0.13543754995476,2.42094620544133,0.660607121879854
"1545",2.42094620544133,0.660607121879854,0.760439955093929,0.180641577581413
"1546",0.760439955093929,0.180641577581413,0.883136601509131,-0.479267412597643
"1547",0.883136601509131,-0.479267412597643,1.28299153314103,0.589223155473286
"1548",1.28299153314103,0.589223155473286,6.26590654758484,-0.473682358991261
"1549",6.26590654758484,-0.473682358991261,5.91963322398917,0.504051087975962
"1550",5.91963322398917,0.504051087975962,1.3233086388621,-0.570897198327345
"1551",1.3233086388621,-0.570897198327345,0.687834258210965,0.498815100219979
"1552",0.687834258210965,0.498815100219979,1.75946641893548,-0.210486707790516
"1553",1.75946641893548,-0.210486707790516,6.08386870660183,-0.199665666428151
"1554",6.08386870660183,-0.199665666428151,5.74963815484492,-0.248709418409192
"1555",5.74963815484492,-0.248709418409192,0.638441440379526,-0.464257581030492
"1556",0.638441440379526,-0.464257581030492,5.3874823350561,-0.0633554518473942
"1557",5.3874823350561,-0.0633554518473942,6.04966025326275,0.431619924018198
"1558",6.04966025326275,0.431619924018198,0.416435559525847,0.475602221168455
"1559",0.416435559525847,0.475602221168455,5.86378268792535,-0.48624872960562
"1560",5.86378268792535,-0.48624872960562,0.50178215994837,-0.327249234748937
"1561",0.50178215994837,-0.327249234748937,5.57894495399987,-0.357443430808439
"1562",5.57894495399987,-0.357443430808439,4.80803302339398,0.178023583703422
"1563",4.80803302339398,0.178023583703422,5.1399946471233,0.527613032877886
"1564",5.1399946471233,0.527613032877886,1.0168288222119,-0.188670092140587
"1565",1.0168288222119,-0.188670092140587,6.13029446470488,-0.36617007706841
"1566",6.13029446470488,-0.36617007706841,6.1571725351856,0.265639112153537
"1567",6.1571725351856,0.265639112153537,4.74223411059379,0.531627290157473
"1568",4.74223411059379,0.531627290157473,4.64344847493091,0.182735972683806
"1569",4.64344847493091,0.182735972683806,0.0942477796076938,0.504574686751561
"1570",0.0942477796076938,0.504574686751561,4.88360578000533,-0.0888372589265114
"1571",4.88360578000533,-0.0888372589265114,4.18879020478639,-0.21851522234969
"1572",4.18879020478639,-0.21851522234969,5.93673745065871,0.22776546738526
"1573",5.93673745065871,0.22776546738526,3.71248985191714,0.243822496503608
"1574",3.71248985191714,0.243822496503608,4.07569286925716,-0.287804793653865
"1575",4.07569286925716,-0.287804793653865,3.8489745994231,-0.258134196369961
"1576",3.8489745994231,-0.258134196369961,3.23671309782348,0.232128790515246
"1577",3.23671309782348,0.232128790515246,4.73769625453861,0.409977841293468
"1578",4.73769625453861,0.409977841293468,3.06375096895085,-0.345575191894877
"1579",3.06375096895085,-0.345575191894877,2.78118216305296,-0.374198591627584
"1580",2.78118216305296,-0.374198591627584,2.63090931445625,0.0762708883121522
"1581",2.63090931445625,0.0762708883121522,2.62305533282228,-0.291644518008252
"1582",2.62305533282228,-0.291644518008252,3.8788197296322,0.161093889959077
"1583",3.8788197296322,0.161093889959077,3.43288810574765,0.388335758568738
"1584",3.43288810574765,0.388335758568738,3.03687289847013,0.479092879672443
"1585",3.03687289847013,0.479092879672443,2.19056274417808,0.200887396904547
"1586",2.19056274417808,0.200887396904547,2.60490390860154,-0.350287580875262
"1587",2.60490390860154,-0.350287580875262,3.71580597749593,-0.400902129183097
"1588",3.71580597749593,-0.400902129183097,3.18993827387004,0.0685914396033771
"1589",3.18993827387004,0.0685914396033771,3.83256850445435,0.497767902668783
"1590",3.83256850445435,0.497767902668783,2.36701553155471,0.365821011218011
"1591",2.36701553155471,0.365821011218011,2.87490634388506,0.594808209079667
"1592",2.87490634388506,0.594808209079667,2.99079620621748,0.398633201155505
"1593",2.99079620621748,0.398633201155505,2.74487931461148,0.283790536374278
"1594",2.74487931461148,0.283790536374278,3.40269390968815,-0.1232202451908
"1595",3.40269390968815,-0.1232202451908,2.51257599117104,-0.466875574908483
"1596",2.51257599117104,-0.466875574908483,2.56772839553406,0.257785130519562
"1597",2.56772839553406,0.257785130519562,1.76679680179386,-0.219562419900887
"1598",1.76679680179386,-0.219562419900887,1.43047185493455,-0.182386906833407
"1599",1.43047185493455,-0.182386906833407,1.69698363171409,0.395491608501915
"1600",1.69698363171409,0.395491608501915,3.56151887161963,0.463035850554096
"1601",3.56151887161963,0.463035850554096,2.46073971238681,0.148702052269917
"1602",2.46073971238681,0.148702052269917,3.11366738555788,0.212755635818109
"1603",3.11366738555788,0.212755635818109,1.27461395273146,0.444011761707357
"1604",1.27461395273146,0.444011761707357,0.90163709158027,0.195825942073764
"1605",0.90163709158027,0.195825942073764,2.30139115167972,0.718202987195667
"1606",2.30139115167972,0.718202987195667,1.11648712250077,0.380830842785163
"1607",1.11648712250077,0.380830842785163,2.05163453571933,-0.321838714067754
"1608",2.05163453571933,-0.321838714067754,0.587303293296092,-0.467399173684081
"1609",0.587303293296092,-0.467399173684081,0.516442925665122,-0.259530459771557
"1610",0.516442925665122,-0.259530459771557,2.19457700145767,0.441044701978967
"1611",2.19457700145767,0.441044701978967,2.01288822632506,0.20001473227855
"1612",2.01288822632506,0.20001473227855,0.0647517152489896,0.460592389601304
"1613",0.0647517152489896,0.460592389601304,6.17532395940634,0.246440490381599
"1614",6.17532395940634,0.246440490381599,0.724137106652447,-0.211184839491314
"1615",0.724137106652447,-0.211184839491314,0.782256570743858,-0.475427688243255
"1616",0.782256570743858,-0.475427688243255,6.13779938048846,-0.434237917896189
"1617",6.13779938048846,-0.434237917896189,0.102625360017267,0.26476644752754
"1618",0.102625360017267,0.26476644752754,0.561297887441376,0.259006860995958
"1619",0.561297887441376,0.259006860995958,0.290073721681458,0.472111562664466
"1620",0.290073721681458,0.472111562664466,5.19846317706511,0.282394272972683
"1621",5.19846317706511,0.282394272972683,5.2328461633294,-0.386939495167143
"1622",5.2328461633294,-0.386939495167143,5.82503637853107,0.790808684078631
"1623",5.82503637853107,0.790808684078631,5.5395005129048,-0.214850030920502
"1624",5.5395005129048,-0.214850030920502,6.12907273422849,-0.253770873239975
"1625",6.12907273422849,-0.253770873239975,5.7236327489902,0.622558944186377
"1626",5.7236327489902,0.622558944186377,6.22174971750939,-0.399331332856303
"1627",6.22174971750939,-0.399331332856303,5.09391795487065,-0.418355421703041
"1628",5.09391795487065,-0.418355421703041,5.13423506059172,-0.118333323285216
"1629",5.13423506059172,-0.118333323285216,4.76457432501932,-0.451691210416132
"1630",4.76457432501932,-0.451691210416132,5.61350247318936,-0.1232202451908
"1631",5.61350247318936,-0.1232202451908,6.01597539869925,0.359886891761231
"1632",6.01597539869925,0.359886891761231,5.41052068118242,0.309446876378595
"1633",5.41052068118242,0.309446876378595,4.56997011342195,-0.260577657322753
"1634",4.56997011342195,-0.260577657322753,4.43837228782158,0.295135176512241
"1635",4.43837228782158,0.295135176512241,5.94302063596589,0.234746784393237
"1636",5.94302063596589,0.234746784393237,4.35546914835185,-0.279078147393893
"1637",4.35546914835185,-0.279078147393893,5.2009066380179,0.438426708100976
"1638",5.2009066380179,0.438426708100976,4.85812397292622,0.450294947014537
"1639",4.85812397292622,0.450294947014537,5.23511509135699,-0.154985237577096
"1640",5.23511509135699,-0.154985237577096,4.79232506012603,0.227590934460061
"1641",4.79232506012603,0.227590934460061,4.14271351253374,0.133517687777566
"1642",4.14271351253374,0.133517687777566,4.12089689688381,-0.279078147393893
"1643",4.12089689688381,-0.279078147393893,3.88161225643539,-0.242949831877611
"1644",3.88161225643539,-0.242949831877611,3.74687283818143,-0.328994564000931
"1645",3.74687283818143,-0.328994564000931,3.66920568646768,0.42167154728183
"1646",3.66920568646768,0.42167154728183,3.49362556371705,-0.562694150842972
"1647",3.49362556371705,-0.562694150842972,3.42241613023568,0.0767944870877505
"1648",3.42241613023568,0.0767944870877505,4.1240384895374,0.352731041828054
"1649",4.1240384895374,0.352731041828054,4.41271594781726,0.39392081217512
"1650",4.41271594781726,0.39392081217512,4.67032654541163,0.198618468876955
"1651",4.67032654541163,0.198618468876955,4.99041993022739,-0.258134196369961
"1652",4.99041993022739,-0.258134196369961,4.61115988376902,0.464257581030492
"1653",4.61115988376902,0.464257581030492,3.58333548726956,0.436332312998582
"1654",3.58333548726956,0.436332312998582,4.10030201171028,0.213279234593707
"1655",4.10030201171028,0.213279234593707,2.87281194878267,-0.364599280741615
"1656",2.87281194878267,-0.364599280741615,3.16812165822011,0.312064870256586
"1657",3.16812165822011,0.312064870256586,2.64452288262181,-0.368613538021202
"1658",2.64452288262181,-0.368613538021202,2.57017185648685,0.0938987137572949
"1659",2.57017185648685,0.0938987137572949,3.75280695763821,0.278380015693096
"1660",3.75280695763821,0.278380015693096,2.35444916094035,-0.472635161440064
"1661",2.35444916094035,-0.472635161440064,3.34370178097074,-0.315730061685774
"1662",3.34370178097074,-0.315730061685774,3.32083796776961,-0.167028009415857
"1663",3.32083796776961,-0.167028009415857,3.36098054056548,0.339990138288495
"1664",3.36098054056548,0.339990138288495,1.82927958901526,0.303861822772213
"1665",1.82927958901526,0.303861822772213,1.81287349404651,0.409628775443069
"1666",1.81287349404651,0.409628775443069,1.62717046163431,0.332834288355319
"1667",1.62717046163431,0.332834288355319,2.35951061577113,0.524471440224296
"1668",2.35951061577113,0.524471440224296,1.46206231439565,0.202981792006941
"1669",1.46206231439565,0.202981792006941,3.0792843992936,-0.604582052890836
"1670",3.0792843992936,-0.604582052890836,2.71451058562678,0.291644518008252
"1671",2.71451058562678,0.291644518008252,2.52147717035621,0.287281194878267
"1672",2.52147717035621,0.287281194878267,1.09379784222485,0.346971455296473
"1673",1.09379784222485,0.346971455296473,1.10392075188641,0.205599785884932
"1674",1.10392075188641,0.205599785884932,1.02136667826708,0.228289066160858
"1675",1.02136667826708,0.228289066160858,3.30024308259608,0.455356401845321
"1676",3.30024308259608,0.455356401845321,1.76749493349466,0.215024563845701
"1677",1.76749493349466,0.215024563845701,1.74829631172272,-0.403694655986288
"1678",1.74829631172272,-0.403694655986288,2.47574954395396,0.266860842629933
"1679",2.47574954395396,0.266860842629933,0.625526003914768,-0.324805773796145
"1680",0.625526003914768,-0.324805773796145,0.825366203268118,0.239284640448423
"1681",0.825366203268118,0.239284640448423,2.01306275925026,0.27384215963791
"1682",2.01306275925026,0.27384215963791,1.76557507131746,-0.251851011062782
"1683",1.76557507131746,-0.251851011062782,1.48352986419518,-0.11711159280882
"1684",1.48352986419518,-0.11711159280882,2.0624555770817,0.390430153671132
"1685",2.0624555770817,0.390430153671132,1.59296200829522,-0.342433599241287
"1686",1.59296200829522,-0.342433599241287,6.2786474511244,0.48642326253082
"1687",6.2786474511244,0.48642326253082,6.10097293327138,0.247487687932796
"1688",6.10097293327138,0.247487687932796,0.10157816246607,-0.193033415270573
"1689",0.10157816246607,-0.193033415270573,0.531103691381874,-0.463384916404494
"1690",0.531103691381874,-0.463384916404494,1.51442219195548,0.605105651666434
"1691",1.51442219195548,0.605105651666434,0.1537635071007,0.208915911463721
"1692",0.1537635071007,0.208915911463721,0.805120383944984,-0.431445391092998
"1693",0.805120383944984,-0.431445391092998,0.33231068957972,-0.533721685259866
"1694",0.33231068957972,-0.533721685259866,5.94389330059189,0.258308729295161
"1695",5.94389330059189,0.258308729295161,6.25334017697048,-0.269478836507924
"1696",6.25334017697048,-0.269478836507924,0.252025543987981,0.60650191506803
"1697",0.252025543987981,0.60650191506803,0.0268780704807127,0.353778239379251
"1698",0.0268780704807127,0.353778239379251,5.64805999237885,0.458148928648512
"1699",5.64805999237885,0.458148928648512,5.35711360607139,0.217293491873294
"1700",5.35711360607139,0.217293491873294,5.78105408138082,-0.329692695701729
"1701",5.78105408138082,-0.329692695701729,5.25117212047534,0.27087509990952
"1702",5.25117212047534,0.27087509990952,6.15839426566199,-0.532674487708669
"1703",6.15839426566199,-0.532674487708669,5.28049365190884,0.162490153360672
"1704",5.28049365190884,0.162490153360672,4.87034127769018,0.457799862798113
"1705",4.87034127769018,0.457799862798113,0.189368223841385,-0.457799862798113
"1706",0.189368223841385,-0.457799862798113,4.71971936324307,-0.436332312998582
"1707",4.71971936324307,-0.436332312998582,4.90454973102926,0.145385926691128
"1708",4.90454973102926,0.145385926691128,6.02557470958522,0.62796946486756
"1709",6.02557470958522,0.62796946486756,5.16739631637961,0.227590934460061
"1710",5.16739631637961,0.227590934460061,4.41114515149047,0.360759556387228
"1711",4.41114515149047,0.360759556387228,5.72310915021461,0.251152879361984
"1712",5.72310915021461,0.251152879361984,4.40974888808887,-0.200887396904547
"1713",4.40974888808887,-0.200887396904547,4.96301826097108,-0.228463599086058
"1714",4.96301826097108,-0.228463599086058,4.0009927772718,-0.20612338466053
"1715",4.0009927772718,-0.20612338466053,5.39132205941048,-0.413468499797457
"1716",5.39132205941048,-0.413468499797457,4.14655323688813,0.567406539823357
"1717",4.14655323688813,0.567406539823357,4.57869675968192,-0.206821516361328
"1718",4.57869675968192,-0.206821516361328,5.75225614872291,-0.0980875039620813
"1719",5.75225614872291,-0.0980875039620813,5.69710374435989,-0.53878314009065
"1720",5.69710374435989,-0.53878314009065,3.85892297615946,0.310494073929791
"1721",3.85892297615946,0.310494073929791,5.73881711348255,-0.286757596102668
"1722",5.73881711348255,-0.286757596102668,3.31438024953723,0.101752695391269
"1723",3.31438024953723,0.101752695391269,3.42032173513329,-0.382401639111958
"1724",3.42032173513329,-0.382401639111958,4.1256092858642,-0.475078622392856
"1725",4.1256092858642,-0.475078622392856,3.00894763043822,-0.219911485751285
"1726",3.00894763043822,-0.219911485751285,2.91347812035413,-0.335975881008908
"1727",2.91347812035413,-0.335975881008908,2.87700073898745,0.472286095589665
"1728",2.87700073898745,0.472286095589665,3.6618753036093,0.0734783615089613
"1729",3.6618753036093,0.0734783615089613,3.4786157321499,0.257086998818765
"1730",3.4786157321499,0.257086998818765,3.63953508918378,-0.376991118430775
"1731",3.63953508918378,-0.376991118430775,3.39937778410936,-0.158824961931484
"1732",3.39937778410936,-0.158824961931484,2.87473181095986,0.206472450510929
"1733",2.87473181095986,0.206472450510929,2.22320040119038,0.297753170390233
"1734",2.22320040119038,0.297753170390233,4.02647458435092,-0.300545697193424
"1735",4.02647458435092,-0.300545697193424,4.11775530423022,-0.421497014356631
"1736",4.11775530423022,-0.421497014356631,4.16103946967968,0.367915406320405
"1737",4.16103946967968,0.367915406320405,2.62480066207427,-0.237364778271229
"1738",2.62480066207427,-0.237364778271229,2.5542893602937,0.293389847260247
"1739",2.5542893602937,0.293389847260247,1.92631989542614,0.248709418409192
"1740",1.92631989542614,0.248709418409192,3.33933845784075,0.432143522793796
"1741",3.33933845784075,0.432143522793796,2.84698107585315,-0.663574181608244
"1742",2.84698107585315,-0.663574181608244,3.34405084682113,-0.218166156499291
"1743",3.34405084682113,-0.218166156499291,2.35846341821994,0.173136661797837
"1744",2.35846341821994,0.173136661797837,2.38254896189746,-0.222529479629277
"1745",2.38254896189746,-0.222529479629277,1.75161243730151,0.348367718698068
"1746",1.75161243730151,0.348367718698068,1.73363554600597,0.279427213244292
"1747",1.73363554600597,0.279427213244292,1.71042266695444,0.238411975822425
"1748",1.71042266695444,0.238411975822425,1.95494329515885,-0.449073216538141
"1749",1.95494329515885,-0.449073216538141,1.61285876176796,-0.35691983203284
"1750",1.61285876176796,-0.35691983203284,3.10686060147511,0.290771853382255
"1751",3.10686060147511,0.290771853382255,2.12982528620868,0.388510291493938
"1752",2.12982528620868,0.388510291493938,1.92911242222933,-0.589048622548086
"1753",1.92911242222933,-0.589048622548086,1.13114788821752,0.401774793809095
"1754",1.13114788821752,0.401774793809095,1.86209177895275,0.44017203735297
"1755",1.86209177895275,0.44017203735297,0.712792466514484,-0.489913921034808
"1756",0.712792466514484,-0.489913921034808,0.208566845613322,0.199840199353351
"1757",0.208566845613322,0.199840199353351,1.13428948087111,-0.614879495477602
"1758",1.13428948087111,-0.614879495477602,0.582067305540109,0.254119939090374
"1759",0.582067305540109,0.254119939090374,0.966214273904061,-0.258308729295161
"1760",0.966214273904061,-0.258308729295161,0.654498469497874,-0.436855911774181
"1761",0.654498469497874,-0.436855911774181,1.46153871562005,0.432492588644195
"1762",1.46153871562005,0.432492588644195,1.3849187614575,-0.274191225488309
"1763",1.3849187614575,-0.274191225488309,6.24548619533651,0.20612338466053
"1764",6.24548619533651,0.20612338466053,1.09711396780364,-0.403694655986288
"1765",1.09711396780364,-0.403694655986288,5.91317550575679,0.208915911463721
"1766",5.91317550575679,0.208915911463721,5.87041493908293,0.422544211907827
"1767",5.87041493908293,0.422544211907827,5.81473893594431,-0.303687289847013
"1768",5.81473893594431,-0.303687289847013,5.57266176869269,0.285361332701073
"1769",5.57266176869269,0.285361332701073,5.48173011466379,-0.576482251933727
"1770",5.48173011466379,-0.576482251933727,0.918566785324616,0.325852971347341
"1771",0.918566785324616,0.325852971347341,1.50412474936871,0.287979326579064
"1772",1.50412474936871,0.287979326579064,5.92870893609954,0.304210888622612
"1773",5.92870893609954,0.304210888622612,1.46782190092723,0.17226399717184
"1774",1.46782190092723,0.17226399717184,5.1696652444072,0.17226399717184
"1775",5.1696652444072,0.17226399717184,1.12975162481593,0.234746784393237
"1776",1.12975162481593,0.234746784393237,0.310319541004592,0.205076187109334
"1777",0.310319541004592,0.205076187109334,5.39446365206407,0.369660735572399
"1778",5.39446365206407,0.369660735572399,5.92975613365073,0.522551578047102
"1779",5.92975613365073,0.522551578047102,0.44313909708136,-0.201236462754946
"1780",0.44313909708136,-0.201236462754946,4.51394504443293,0.401076662108297
"1781",4.51394504443293,0.401076662108297,6.09818040646819,0.297229571614634
"1782",6.09818040646819,0.297229571614634,6.22209878335978,-0.577180383634525
"1783",6.22209878335978,-0.577180383634525,5.46724388187224,0.20926497731412
"1784",5.46724388187224,0.20926497731412,5.92556734344595,-0.089884456477708
"1785",5.92556734344595,-0.089884456477708,4.54064858198845,-0.590444885949682
"1786",4.54064858198845,-0.590444885949682,4.29089196602806,0.487994058857615
"1787",4.29089196602806,0.487994058857615,5.01433094097971,-0.149749249821113
"1788",5.01433094097971,-0.149749249821113,5.51960375943207,-0.60021872976085
"1789",5.51960375943207,-0.60021872976085,4.11531184327743,0.207345115136926
"1790",4.11531184327743,0.207345115136926,4.84852466204025,-0.464257581030492
"1791",4.84852466204025,-0.464257581030492,3.9076176622901,0.553443905807402
"1792",3.9076176622901,0.553443905807402,3.56012260821803,-0.112050137978036
"1793",3.56012260821803,-0.112050137978036,4.08215058748954,-0.244346095279206
"1794",4.08215058748954,-0.244346095279206,6.16607371437077,0.52935836212988
"1795",6.16607371437077,0.52935836212988,5.85907029894496,-0.400378530407499
"1796",5.85907029894496,-0.400378530407499,5.1710615078088,-0.319220720189763
"1797",5.1710615078088,-0.319220720189763,3.31682371049002,0.111875605052837
"1798",3.31682371049002,0.111875605052837,3.19534879455122,0.44313909708136
"1799",3.19534879455122,0.44313909708136,3.59520372618312,0.113620934304831
"1800",3.59520372618312,0.113620934304831,3.47547413949631,0.32323497746935
"1801",3.47547413949631,0.32323497746935,3.52486695732775,-0.340339204138894
"1802",3.52486695732775,-0.340339204138894,3.88702277711657,0.256388867117967
"1803",3.88702277711657,0.256388867117967,3.70812652878715,-0.29862583501623
"1804",3.70812652878715,-0.29862583501623,3.00318804390664,-0.451865743341332
"1805",3.00318804390664,-0.451865743341332,3.78387381832371,0.0865683308989187
"1806",3.78387381832371,0.0865683308989187,2.77420084604499,-0.229859862487653
"1807",2.77420084604499,-0.229859862487653,3.20407544081119,-0.23701571242083
"1808",3.20407544081119,-0.23701571242083,3.25695891714662,0.458148928648512
"1809",3.25695891714662,0.458148928648512,3.61265701870306,0.177499984927823
"1810",3.61265701870306,0.177499984927823,4.26785361990173,-0.546288055874225
"1811",4.26785361990173,-0.546288055874225,2.62549879377507,-0.147305788868321
"1812",2.62549879377507,-0.147305788868321,2.85675491966432,-0.336674012709706
"1813",2.85675491966432,-0.336674012709706,2.42810205537451,-0.202283660306143
"1814",2.42810205537451,-0.202283660306143,2.16630266757536,0.409628775443069
"1815",2.16630266757536,0.409628775443069,3.03844369479693,-0.26162485487395
"1816",3.03844369479693,-0.26162485487395,2.31116499549089,0.205599785884932
"1817",2.31116499549089,0.205599785884932,1.70797920600165,0.188146493364989
"1818",1.70797920600165,0.188146493364989,1.60256131918119,-0.249582083035189
"1819",1.60256131918119,-0.249582083035189,1.63467537741789,-0.392000949997926
"1820",1.63467537741789,-0.392000949997926,2.29824955902613,0.35098571257606
"1821",2.29824955902613,0.35098571257606,1.77185825662464,0.279078147393893
"1822",1.77185825662464,0.279078147393893,0.950157244785713,0.450120414089338
"1823",0.950157244785713,0.450120414089338,1.61093889959077,-0.320442450666159
"1824",1.61093889959077,-0.320442450666159,3.25224652816623,0.25534166956677
"1825",3.25224652816623,0.25534166956677,2.24239902296231,-0.331088959103324
"1826",2.24239902296231,-0.331088959103324,2.16001948226818,-0.268955237732326
"1827",2.16001948226818,-0.268955237732326,1.01106923568032,-0.282219740047483
"1828",1.01106923568032,-0.282219740047483,0.329692695701729,0.31695179216217
"1829",0.329692695701729,0.31695179216217,1.47096349358082,0.254992603716372
"1830",1.47096349358082,0.254992603716372,1.50342661766792,0.176452787376627
"1831",1.50342661766792,0.176452787376627,0.895877505048689,-0.300894763043822
"1832",0.895877505048689,-0.300894763043822,0.571769862953342,-0.203854456632938
"1833",0.571769862953342,-0.203854456632938,1.3840460968315,0.623431608812374
"1834",1.3840460968315,0.623431608812374,0.0172787595947439,0.447327887286147
"1835",0.0172787595947439,0.447327887286147,6.10289279544857,-0.207170582211727
"1836",6.10289279544857,-0.207170582211727,6.05507077394393,0.193382481120972
"1837",6.05507077394393,0.193382481120972,5.84580579662981,-0.251851011062782
"1838",5.84580579662981,-0.251851011062782,0.317300858012569,-0.48624872960562
"1839",0.317300858012569,-0.48624872960562,5.74544936464013,0.437379510549779
"1840",5.74544936464013,0.437379510549779,5.66882941047758,0.234746784393237
"1841",5.66882941047758,0.234746784393237,6.2479296562893,0.250280214735987
"1842",6.2479296562893,0.250280214735987,5.50249953276252,0.30159289474462
"1843",5.50249953276252,0.30159289474462,4.79825917958281,-0.226369203983665
"1844",4.79825917958281,-0.226369203983665,5.36234959382738,-0.412072236395861
"1845",5.36234959382738,-0.412072236395861,0.67107909739182,0.598298867583656
"1846",0.67107909739182,0.598298867583656,4.55845094035879,0.419228086329038
"1847",4.55845094035879,0.419228086329038,5.37788302417013,0.334230551756914
"1848",5.37788302417013,0.334230551756914,5.19759051243911,0.376118453804778
"1849",5.19759051243911,0.376118453804778,4.42056992945124,-0.533547152334667
"1850",4.42056992945124,-0.533547152334667,4.52284622361811,-0.171565865471043
"1851",4.52284622361811,-0.171565865471043,4.26383936262215,-0.272794962086714
"1852",4.26383936262215,-0.272794962086714,4.5544366830792,-0.280299877870289
"1853",4.5544366830792,-0.280299877870289,5.30004133953118,-0.435983247148183
"1854",5.30004133953118,-0.435983247148183,5.21277487693146,-0.402472925509892
"1855",5.21277487693146,-0.402472925509892,3.99924744801981,0.543146463220635
"1856",3.99924744801981,0.543146463220635,5.28293711286164,0.195476876223365
"1857",5.28293711286164,0.195476876223365,3.61544954550625,0.177150919077424
"1858",3.61544954550625,0.177150919077424,3.80115257791845,0.268780704807127
"1859",3.80115257791845,0.268780704807127,5.62938496938251,-0.313635666583381
"1860",5.62938496938251,-0.313635666583381,3.386811413495,0.248360352558793
"1861",3.386811413495,0.248360352558793,3.99261519686223,0.147480321793521
"1862",3.99261519686223,0.147480321793521,5.30161213585798,0.468620904160477
"1863",5.30161213585798,0.468620904160477,3.75263242471301,-0.0932005820564972
"1864",3.75263242471301,-0.0932005820564972,3.17510297522808,0.564090414244567
"1865",3.17510297522808,0.564090414244567,3.37389597703024,0.419053553403839
"1866",3.37389597703024,0.419053553403839,2.80980556278567,0.654673002423073
"1867",2.80980556278567,0.654673002423073,3.55785368019044,-0.306305283725005
"1868",3.55785368019044,-0.306305283725005,3.55959900944243,-0.0211184839491314
"1869",3.55959900944243,-0.0211184839491314,3.51945643664657,-0.141895268187139
"1870",3.51945643664657,-0.141895268187139,3.20372637496079,-0.571595330028143
"1871",3.20372637496079,-0.571595330028143,2.99254153546948,0.219038821125288
"1872",2.99254153546948,0.219038821125288,3.46465309813394,0.383623369588354
"1873",3.46465309813394,0.383623369588354,3.09813395521513,0.442266432455363
"1874",3.09813395521513,0.442266432455363,2.3689353937319,-0.306479816650204
"1875",2.3689353937319,-0.306479816650204,2.14413698607503,0.411374104695063
"1876",2.14413698607503,0.411374104695063,3.64407294523896,0.613657765001206
"1877",3.64407294523896,0.613657765001206,3.02081586935179,0.54175019981904
"1878",3.02081586935179,0.54175019981904,1.73939513253755,-0.322013246992954
"1879",1.73939513253755,-0.322013246992954,1.61844381537434,-0.435459648372585
"1880",1.61844381537434,-0.435459648372585,1.24145269694357,-0.260228591472354
"1881",1.24145269694357,-0.260228591472354,1.65631746014262,0.430398193541802
"1882",1.65631746014262,0.430398193541802,2.95065363342161,-0.262846585350346
"1883",2.95065363342161,-0.262846585350346,2.51397225457263,-0.198967534727354
"1884",2.51397225457263,-0.198967534727354,1.26833076742428,0.290422787531856
"1885",1.26833076742428,0.290422787531856,0.2769837522915,0.349240383324065
"1886",0.2769837522915,0.349240383324065,2.0622810441565,0.231256125889249
"1887",2.0622810441565,0.231256125889249,1.61722208489795,-0.239808239224021
"1888",1.61722208489795,-0.239808239224021,0.538957673015849,0.200712863979348
"1889",0.538957673015849,0.200712863979348,0.788365223125839,0.412072236395861
"1890",0.788365223125839,0.412072236395861,6.10010026864538,-0.20315632493214
"1891",6.10010026864538,-0.20315632493214,5.83742821622023,-0.283965069299477
"1892",5.83742821622023,-0.283965069299477,0.0439822971502571,0.192335283569775
"1893",0.0439822971502571,0.192335283569775,0.056025068989018,0.372627795300789
"1894",0.056025068989018,0.372627795300789,1.43064638785975,-0.322187779918153
"1895",1.43064638785975,-0.322187779918153,5.99084265747054,0.322187779918153
"1896",5.99084265747054,0.322187779918153,0.77579885251148,-0.559552558189382
"1897",0.77579885251148,-0.559552558189382,5.52169815453446,-0.371580597749593
"1898",5.52169815453446,-0.371580597749593,5.63688988516609,-0.320442450666159
"1899",5.63688988516609,-0.320442450666159,0.333532420056116,0.185703032412197
"1900",0.333532420056116,0.185703032412197,6.07095327013708,0.199665666428151
"1901",6.07095327013708,0.199665666428151,5.16303299324963,-0.44628068973495
"1902",5.16303299324963,-0.44628068973495,4.94032898069515,-0.235270383168836
"1903",4.94032898069515,-0.235270383168836,0.315904594610974,-0.179245314179818
"1904",0.315904594610974,-0.179245314179818,5.83376302479105,0.488866723483612
"1905",5.83376302479105,0.488866723483612,5.5703928406651,0.380830842785163
"1906",5.5703928406651,0.380830842785163,4.63454729574574,-0.435634181297785
"1907",4.63454729574574,-0.435634181297785,5.60809195250818,-0.233525053916841
"1908",5.60809195250818,-0.233525053916841,4.96179653049468,0.287804793653865
"1909",4.96179653049468,0.287804793653865,5.11852709732377,-0.363377550265219
"1910",5.11852709732377,-0.363377550265219,4.28373611609488,-0.174358392274234
"1911",4.28373611609488,-0.174358392274234,4.38950306876574,0.394793476801117
"1912",4.38950306876574,0.394793476801117,4.3401102509343,-0.251152879361984
"1913",4.3401102509343,-0.251152879361984,4.08284871919034,-0.23998277214922
"1914",4.08284871919034,-0.23998277214922,5.06965787826793,0.151145513222709
"1915",5.06965787826793,0.151145513222709,4.07098048027677,0.185179433636598
"1916",4.07098048027677,0.185179433636598,5.18066081869477,0.349938515024863
"1917",5.18066081869477,0.349938515024863,5.89310421935885,0.229336263712055
"1918",5.89310421935885,0.229336263712055,3.93432119984562,0.392000949997926
"1919",3.93432119984562,0.392000949997926,4.70453499875072,0.228638132011257
"1920",4.70453499875072,0.228638132011257,3.38140089281381,0.231605191739647
"1921",3.38140089281381,0.231605191739647,3.36412213321907,0.327598300599336
"1922",3.36412213321907,0.327598300599336,4.21217761676311,-0.354999969855647
"1923",4.21217761676311,-0.354999969855647,4.26314123092135,0.274540291338708
"1924",4.26314123092135,0.274540291338708,4.06993328272558,0.440521103203369
"1925",4.06993328272558,0.440521103203369,3.86433349684064,-0.256912465893565
"1926",3.86433349684064,-0.256912465893565,3.64948346592014,0.195651409148564
"1927",3.64948346592014,0.195651409148564,3.57617963733638,-0.280474410795489
"1928",3.57617963733638,-0.280474410795489,3.12815361834944,-0.189193690916185
"1929",3.12815361834944,-0.189193690916185,3.11698351113667,-0.550302313153812
"1930",3.11698351113667,-0.550302313153812,3.12832815127464,0.383797902513553
"1931",3.12832815127464,0.383797902513553,3.93379760107002,0.221831347928479
"1932",3.93379760107002,0.221831347928479,3.77933596226852,-0.363028484414821
"1933",3.77933596226852,-0.363028484414821,3.67740873395205,-0.146433124242324
"1934",3.67740873395205,-0.146433124242324,3.9411279839284,-0.615228561328001
"1935",3.9411279839284,-0.615228561328001,3.42119439975928,-0.223227611330075
"1936",3.42119439975928,-0.223227611330075,4.2798963917405,-0.515395728113926
"1937",4.2798963917405,-0.515395728113926,3.35242842723071,-0.462337718853298
"1938",3.35242842723071,-0.462337718853298,4.26802815282693,-0.108559479474047
"1939",4.26802815282693,-0.108559479474047,2.52025543987981,-0.322536845768552
"1940",2.52025543987981,-0.322536845768552,3.879517861333,-0.104196156344061
"1941",3.879517861333,-0.104196156344061,4.60522576431224,-0.206996049286527
"1942",4.60522576431224,-0.206996049286527,3.32677208722639,-0.100880030765272
"1943",3.32677208722639,-0.100880030765272,3.51282418548899,0.339292006587698
"1944",3.51282418548899,0.339292006587698,3.07317574691162,-0.427082067963012
"1945",3.07317574691162,-0.427082067963012,3.06724162745483,0.296007841138238
"1946",3.06724162745483,0.296007841138238,3.00004645125305,0.0582939970166106
"1947",3.00004645125305,0.0582939970166106,2.31256125889249,-0.217642557723693
"1948",2.31256125889249,-0.217642557723693,4.19437525839277,-0.533547152334667
"1949",4.19437525839277,-0.533547152334667,2.34170825740079,-0.402123859659494
"1950",2.34170825740079,-0.402123859659494,2.03889363217978,-0.116238928182822
"1951",2.03889363217978,-0.116238928182822,2.87804793653865,0.57875117996132
"1952",2.87804793653865,0.57875117996132,2.78537095325775,0.156381500978692
"1953",2.78537095325775,0.156381500978692,1.92003671011896,0.546288055874225
"1954",1.92003671011896,0.546288055874225,2.76285620590702,-0.370184334347997
"1955",2.76285620590702,-0.370184334347997,3.43550609962564,-0.318697121414165
"1956",3.43550609962564,-0.318697121414165,1.25925505531391,-0.300545697193424
"1957",1.25925505531391,-0.300545697193424,1.83852983405083,-0.334579617607313
"1958",1.83852983405083,-0.334579617607313,1.75231056900231,-0.52010811709431
"1959",1.75231056900231,-0.52010811709431,1.40987696976102,0.376991118430775
"1960",1.40987696976102,0.376991118430775,2.39302093740943,0.665319510860238
"1961",2.39302093740943,0.665319510860238,2.08165419885364,0.171391332545843
"1962",2.08165419885364,0.171391332545843,1.94185332576889,0.169820536219048
"1963",1.94185332576889,0.169820536219048,2.04831841014055,0.340513737064094
"1964",2.04831841014055,0.340513737064094,2.23524317302914,0.010471975511966
"1965",2.23524317302914,0.010471975511966,0.336324946859307,-0.232303323440445
"1966",0.336324946859307,-0.232303323440445,0.448898683612941,-0.222529479629277
"1967",0.448898683612941,-0.222529479629277,0.182212373908208,0.352556508902855
"1968",0.182212373908208,0.352556508902855,1.89158784331145,0.518886386617914
"1969",1.89158784331145,0.518886386617914,5.61489873659096,-0.26476644752754
"1970",5.61489873659096,-0.26476644752754,0.140848070635942,0.225845605208066
"1971",0.140848070635942,0.225845605208066,5.62763964013052,-0.416435559525847
"1972",5.62763964013052,-0.416435559525847,5.69134415782831,0.328470965225333
"1973",5.69134415782831,0.328470965225333,4.99914657648736,0.202109127380943
"1974",4.99914657648736,0.202109127380943,4.81588700502795,-0.249931148885588
"1975",4.81588700502795,-0.249931148885588,0.0973893722612836,-0.1539380400259
"1976",0.0973893722612836,-0.1539380400259,0.210312174865317,0.220260551601684
"1977",0.210312174865317,0.220260551601684,5.16320752617482,-0.362679418564422
"1978",5.16320752617482,-0.362679418564422,4.49876067994058,-0.420449816805434
"1979",4.49876067994058,-0.420449816805434,4.14184084790774,0.220086018676485
"1980",4.14184084790774,0.220086018676485,4.98116968519182,0.441044701978967
"1981",4.98116968519182,0.441044701978967,3.94968009726317,0.330390827402527
"1982",3.94968009726317,0.330390827402527,5.23110083407741,-0.495848040491589
"1983",5.23110083407741,-0.495848040491589,3.76991118430775,-0.240680903850018
"1984",3.76991118430775,-0.240680903850018,5.94476596521789,0.0724311639577647
"1985",5.94476596521789,0.0724311639577647,4.88203498367854,0.376467519655177
"1986",4.88203498367854,0.376467519655177,6.02470204495923,0.472286095589665
"1987",6.02470204495923,0.472286095589665,5.19200545883273,0.386764962241943
"1988",5.19200545883273,0.386764962241943,4.33243080222552,0.367217274619607
"1989",4.33243080222552,0.367217274619607,3.64424747816416,-0.325678438422142
"1990",3.64424747816416,-0.325678438422142,4.2179372032947,-0.474380490692059
"1991",4.2179372032947,-0.474380490692059,5.15465541284005,0.491659250286803
"1992",5.15465541284005,0.491659250286803,4.55845094035879,0.565835743496562
"1993",4.55845094035879,0.565835743496562,5.39341645451288,-0.37559485502918
"1994",5.39341645451288,-0.37559485502918,5.09636141582344,-0.411199571769864
"1995",5.09636141582344,-0.411199571769864,4.21950799962149,-0.0553269372882202
"1996",4.21950799962149,-0.0553269372882202,3.96085020447593,-0.194429678672168
"1997",3.96085020447593,-0.194429678672168,3.19517426162602,0.289724655831059
"1998",3.19517426162602,0.289724655831059,3.49380009664225,0.341910000465689
"1999",3.49380009664225,0.341910000465689,3.33165900913198,0.208043246837724
"2000",3.33165900913198,0.208043246837724,4.77539536638169,0.265115513377939
"2001",4.77539536638169,0.265115513377939,4.52075182851571,-0.145560459616327
"2002",4.52075182851571,-0.145560459616327,4.89634668354489,-0.535117948661461
"2003",4.89634668354489,-0.535117948661461,4.07499473755636,-0.25551620249197
"2004",4.07499473755636,-0.25551620249197,3.11122392460509,-0.187273828738992
"2005",3.11122392460509,-0.187273828738992,3.03896729357253,0.333706952981316
"2006",3.03896729357253,0.333706952981316,2.81451795176606,0.184830367786199
"2007",2.81451795176606,0.184830367786199,4.11950063348222,-0.41870448755344
"2008",4.11950063348222,-0.41870448755344,4.78883440162204,0.191637151868977
"2009",4.78883440162204,0.191637151868977,2.36527020230272,0.391651884147528
"2010",2.36527020230272,0.391651884147528,2.32320776732965,-0.115017197706426
"2011",2.32320776732965,-0.115017197706426,3.80830842785163,0.247313155007596
"2012",3.80830842785163,0.247313155007596,2.0011945203367,-0.276285620590702
"2013",2.0011945203367,-0.276285620590702,3.12850268419984,0.445408025108953
"2014",3.12850268419984,0.445408025108953,2.42112073836653,0.293738913110646
"2015",2.42112073836653,0.293738913110646,2.16089214689418,0.174532925199433
"2016",2.16089214689418,0.174532925199433,3.00563150485943,-0.433365253270192
"2017",3.00563150485943,-0.433365253270192,2.19248260635528,-0.634950781875537
"2018",2.19248260635528,-0.634950781875537,2.15042017138221,-0.149923782746313
"2019",2.15042017138221,-0.149923782746313,1.78756621989259,0.525518637775493
"2020",1.78756621989259,0.525518637775493,1.906946740729,0.158301363155886
"2021",1.906946740729,0.158301363155886,2.75709661937544,-0.431968989868597
"2022",2.75709661937544,-0.431968989868597,2.3396138622984,-0.198618468876955
"2023",2.3396138622984,-0.198618468876955,1.15453530019425,-0.234572251468038
"2024",1.15453530019425,-0.234572251468038,1.82107654153088,0.268780704807127
"2025",1.82107654153088,0.268780704807127,1.45577912908847,-0.311715804406187
"2026",1.45577912908847,-0.311715804406187,2.33385427576682,-0.298800367941429
"2027",2.33385427576682,-0.298800367941429,1.58004657183047,0.708952742160097
"2028",1.58004657183047,0.708952742160097,2.42112073836653,0.176452787376627
"2029",2.42112073836653,0.176452787376627,2.43613056993369,-0.485550597904822
"2030",2.43613056993369,-0.485550597904822,2.45166400027643,-0.145385926691128
"2031",2.45166400027643,-0.145385926691128,1.74340938981714,0.730769357810026
"2032",1.74340938981714,0.730769357810026,2.23890836445833,-0.159697626557481
"2033",2.23890836445833,-0.159697626557481,0.623082542961976,0.241728101401215
"2034",0.623082542961976,0.241728101401215,0.649262481741891,-0.338070276111302
"2035",0.649262481741891,-0.338070276111302,0.519933584169111,-0.212930168743308
"2036",0.519933584169111,-0.212930168743308,2.33298161114082,0.127932634171184
"2037",2.33298161114082,0.127932634171184,2.1855012893473,0.0305432619099008
"2038",2.1855012893473,0.0305432619099008,1.80624124288893,-0.46478117980609
"2039",1.80624124288893,-0.46478117980609,1.38020637247712,-0.337372144410504
"2040",1.38020637247712,-0.337372144410504,0.258134196369961,-0.127059969545187
"2041",0.258134196369961,-0.127059969545187,1.20811690823047,-0.339292006587698
"2042",1.20811690823047,-0.339292006587698,1.25122654075473,-0.111352006277238
"2043",1.25122654075473,-0.111352006277238,0.216420827247297,0.249058484259591
"2044",0.216420827247297,0.249058484259591,0.412770368096659,0.315380995835375
"2045",0.412770368096659,0.315380995835375,5.90235446439442,-0.0956440430092893
"2046",5.90235446439442,-0.0956440430092893,0.923977306005798,0.261450321948751
"2047",0.923977306005798,0.261450321948751,5.43373356023395,-0.460766922526503
"2048",5.43373356023395,-0.460766922526503,5.36601478525657,-0.191811684794177
"2049",5.36601478525657,-0.191811684794177,6.02330578155763,0.155683369277894
"2050",6.02330578155763,0.155683369277894,4.85899663755221,-0.337546677335703
"2051",4.85899663755221,-0.337546677335703,5.88472663894928,0.468446371235278
"2052",5.88472663894928,0.468446371235278,5.85941936479536,-0.276111087665503
"2053",5.85941936479536,-0.276111087665503,4.38426708100976,0.0855211333477222
"2054",4.38426708100976,0.0855211333477222,4.4615851668731,0.288153859504264
"2055",4.4615851668731,0.288153859504264,5.16216032862363,0.284139602224677
"2056",5.16216032862363,0.284139602224677,5.17996268699397,0.468620904160477
"2057",5.17996268699397,0.468620904160477,5.53339186052282,-0.56321774961857
"2058",5.53339186052282,-0.56321774961857,0.154112572951099,0.181165176357011
"2059",0.154112572951099,0.181165176357011,5.11730536684737,-0.344353461418481
"2060",5.11730536684737,-0.344353461418481,4.16034133797888,0.287979326579064
"2061",4.16034133797888,0.287979326579064,4.24027741772022,-0.250280214735987
"2062",4.24027741772022,-0.250280214735987,4.99565591798337,0.436332312998582
"2063",4.99565591798337,0.436332312998582,4.50888358960215,-0.211708438266912
"2064",4.50888358960215,-0.211708438266912,3.65419585490053,-0.256737932968366
"2065",3.65419585490053,-0.256737932968366,3.57705230196238,0.31695179216217
"2066",3.57705230196238,0.31695179216217,3.82314372649358,0.204378055408536
"2067",3.82314372649358,0.204378055408536,3.22187779918153,-0.179594380030216
"2068",3.22187779918153,-0.179594380030216,4.06050850476481,-0.41852995462824
"2069",4.06050850476481,-0.41852995462824,3.97498737141709,-0.326900168898538
"2070",3.97498737141709,-0.326900168898538,3.68299378755843,0.333008821280518
"2071",3.68299378755843,0.333008821280518,3.79329859628448,-0.660083523104255
"2072",3.79329859628448,-0.660083523104255,4.01844606979174,-0.0488692190558412
"2073",4.01844606979174,-0.0488692190558412,3.40025044873535,0.302465559370617
"2074",3.40025044873535,0.302465559370617,5.14610329950528,-0.208043246837724
"2075",5.14610329950528,-0.208043246837724,2.65394766058258,0.452738407967329
"2076",2.65394766058258,0.452738407967329,4.52057729559051,-0.26459191460234
"2077",4.52057729559051,-0.26459191460234,3.35225389430551,0.0432841654494594
"2078",3.35225389430551,0.0432841654494594,2.49512269865109,0.146607657167524
"2079",2.49512269865109,0.146607657167524,2.19091181002848,-0.216944426022895
"2080",2.19091181002848,-0.216944426022895,2.95920574675639,-0.382227106186758
"2081",2.95920574675639,-0.382227106186758,2.31954257590046,0.102974425867665
"2082",2.31954257590046,0.102974425867665,2.95815854920519,0.399331332856303
"2083",2.95815854920519,0.399331332856303,1.94848557692647,-0.207868713912525
"2084",1.94848557692647,-0.207868713912525,1.86418617405514,-0.30176742766982
"2085",1.86418617405514,-0.30176742766982,2.35113303536156,0.148352986419518
"2086",2.35113303536156,0.148352986419518,2.82952778333321,0.436855911774181
"2087",2.82952778333321,0.436855911774181,0.903382420832265,0.148352986419518
"2088",0.903382420832265,0.148352986419518,2.7399923927059,0.354301838154849
"2089",2.7399923927059,0.354301838154849,1.2610003845659,-0.148702052269917
"2090",1.2610003845659,-0.148702052269917,1.7854718247902,0.620464549083984
"2091",1.7854718247902,0.620464549083984,0.521853446346304,-0.321489648217356
"2092",0.521853446346304,-0.321489648217356,0.748920782030767,0.448549617762543
"2093",0.748920782030767,0.448549617762543,0.631634656296748,-0.285710398551472
"2094",0.631634656296748,-0.285710398551472,1.81863308057809,0.447327887286147
"2095",1.81863308057809,0.447327887286147,1.69855442804088,-0.325852971347341
"2096",1.69855442804088,-0.325852971347341,0.113271868454432,-0.469144502936076
"2097",0.113271868454432,-0.469144502936076,1.24948121150274,-0.382750704962356
"2098",1.24948121150274,-0.382750704962356,1.05540059868097,-0.28326693759868
"2099",1.05540059868097,-0.28326693759868,1.58109376938166,0.468097305384879
"2100",1.58109376938166,0.468097305384879,1.41232043071381,0.290771853382255
"2101",1.41232043071381,0.290771853382255,6.11598276483853,-0.414515697348653
"2102",6.11598276483853,-0.414515697348653,0.512254135460336,-0.431270858167799
"2103",0.512254135460336,-0.431270858167799,1.20305545339969,0.195476876223365
"2104",1.20305545339969,0.195476876223365,5.71211357592704,-0.173485727648236
"2105",5.71211357592704,-0.173485727648236,0.029845130209103,-0.319395253114962
"2106",0.029845130209103,-0.319395253114962,5.88228317799649,-0.403520123061089
"2107",5.88228317799649,-0.403520123061089,5.40720455560363,0.149574716895914
"2108",5.40720455560363,0.149574716895914,0.192509816494975,-0.153239908325102
"2109",0.192509816494975,-0.153239908325102,0.664621379159441,0.265813645078736
"2110",0.664621379159441,0.265813645078736,4.74240864351899,-0.189193690916185
"2111",4.74240864351899,-0.189193690916185,5.3848643411781,-0.163537350911869
"2112",5.3848643411781,-0.163537350911869,5.98246507706096,-0.137881010907552
"2113",5.98246507706096,-0.137881010907552,4.20641803023153,0.268082573106329
"2114",4.20641803023153,0.268082573106329,5.60721928788218,0.091106186954104
"2115",5.60721928788218,0.091106186954104,3.96503899468072,-0.455181868920121
"2116",3.96503899468072,-0.455181868920121,4.87714806177295,-0.270176968208722
"2117",4.87714806177295,-0.270176968208722,5.81316813961751,0.0748746249105567
"2118",5.81316813961751,0.0748746249105567,3.85438512010428,-0.230383461263251
"2119",3.85438512010428,-0.230383461263251,4.17028971471525,-0.51085787205874
"2120",4.17028971471525,-0.51085787205874,5.02602464696807,0.466002910282486
"2121",5.02602464696807,0.466002910282486,3.56291513502122,-0.350636646725661
"2122",3.56291513502122,-0.350636646725661,4.42039539652604,0.0581194640914112
"2123",4.42039539652604,0.0581194640914112,5.34664163055943,-0.568802803224952
"2124",5.34664163055943,-0.568802803224952,3.55733008141484,-0.0158824961931484
"2125",3.55733008141484,-0.0158824961931484,4.5848054120639,0.179245314179818
"2126",4.5848054120639,0.179245314179818,4.4015458406045,0.439822971502571
"2127",4.4015458406045,0.439822971502571,3.31560198001363,0.265988178003936
"2128",3.31560198001363,0.265988178003936,5.02445385064128,0.30455995447301
"2129",5.02445385064128,0.30455995447301,3.42590678873967,0.204901654184134
"2130",3.42590678873967,0.204901654184134,3.32973914695478,-0.368613538021202
"2131",3.32973914695478,-0.368613538021202,3.70323960688157,-0.296356906988637
"2132",3.70323960688157,-0.296356906988637,5.5719636369919,-0.105417886820457
"2133",5.5719636369919,-0.105417886820457,5.63758801686688,-0.0610865238198015
"2134",5.63758801686688,-0.0610865238198015,4.12124596273421,0.318871654339364
"2135",4.12124596273421,0.318871654339364,5.06075669908276,-0.029845130209103
"2136",5.06075669908276,-0.029845130209103,5.05063378942119,-0.453436539668127
"2137",5.05063378942119,-0.453436539668127,4.1229912919862,-0.179419847105017
"2138",4.1229912919862,-0.179419847105017,3.74216044920104,0.429001930140206
"2139",3.74216044920104,0.429001930140206,4.1544072185221,0.145909525466726
"2140",4.1544072185221,0.145909525466726,4.06609355837119,-0.5848598323433
"2141",4.06609355837119,-0.5848598323433,3.39588712560537,-0.591841149351277
"2142",3.39588712560537,-0.591841149351277,4.27361320643331,0.188670092140587
"2143",4.27361320643331,0.188670092140587,4.18233248655401,-0.397411470679109
"2144",4.18233248655401,-0.397411470679109,3.57809949951357,0.238761041672824
"2145",3.57809949951357,0.238761041672824,2.707703801544,0.13247049022637
"2146",2.707703801544,0.13247049022637,2.50838720096625,-0.200538331054148
"2147",2.50838720096625,-0.200538331054148,3.45016686534239,0.337023078560105
"2148",3.45016686534239,0.337023078560105,3.28907297538331,-0.515744793964324
"2149",3.28907297538331,-0.515744793964324,3.48193185772869,-0.177849050778222
"2150",3.48193185772869,-0.177849050778222,2.37923283631867,-0.213279234593707
"2151",2.37923283631867,-0.213279234593707,2.29650422977414,0.164759081388265
"2152",2.29650422977414,0.164759081388265,3.93013240964083,0.320791516516558
"2153",3.93013240964083,0.320791516516558,3.22659018816192,-0.262672052425147
"2154",3.22659018816192,-0.262672052425147,3.39990138288495,-0.398458668230305
"2155",3.39990138288495,-0.398458668230305,1.9713493901276,0.158999494856683
"2156",1.9713493901276,0.158999494856683,3.12902628297543,0.321489648217356
"2157",3.12902628297543,0.321489648217356,2.34450078420398,0.468446371235278
"2158",2.34450078420398,0.468446371235278,2.01271369339986,0.304909020323409
"2159",2.01271369339986,0.304909020323409,3.23025537959111,-0.413643032722656
"2160",3.23025537959111,-0.413643032722656,3.1998866506064,0.488866723483612
"2161",3.1998866506064,0.488866723483612,2.98311675750871,0.128107167096384
"2162",2.98311675750871,0.128107167096384,1.42401413670217,0.232477856365645
"2163",1.42401413670217,0.232477856365645,3.07945893221879,-0.322362312843353
"2164",3.07945893221879,-0.322362312843353,1.17233765856459,-0.270526034059121
"2165",1.17233765856459,-0.270526034059121,2.01463355557705,-0.330041761552128
"2166",2.01463355557705,-0.330041761552128,2.08846098293641,0.359712358836031
"2167",2.08846098293641,0.359712358836031,2.39406813496062,0.298102236240631
"2168",2.39406813496062,0.298102236240631,1.22766459585281,-0.511905069609937
"2169",1.22766459585281,-0.511905069609937,2.65255139718098,-0.693419311817347
"2170",2.65255139718098,-0.693419311817347,3.27022341946178,0.499164166070378
"2171",3.27022341946178,0.499164166070378,1.61024076788997,0.131423292675173
"2172",1.61024076788997,0.131423292675173,2.11010306566114,0.445757090959352
"2173",2.11010306566114,0.445757090959352,0.766723140401109,-0.232826922216044
"2174",0.766723140401109,-0.232826922216044,1.58022110475567,0.294611577736643
"2175",1.58022110475567,0.294611577736643,1.12573736753634,-0.102799892942466
"2176",1.12573736753634,-0.102799892942466,0.565486677646163,-0.20943951023932
"2177",0.565486677646163,-0.20943951023932,0.923977306005798,0.293564380185446
"2178",0.923977306005798,0.293564380185446,0.390255620745932,0.220086018676485
"2179",0.390255620745932,0.220086018676485,1.11613805665037,0.272620429161514
"2180",1.11613805665037,0.272620429161514,1.99700573013191,-0.75398223686155
"2181",1.99700573013191,-0.75398223686155,0.903033354981866,0.0724311639577647
"2182",0.903033354981866,0.0724311639577647,0.490262986885207,0.362155819788823
"2183",0.490262986885207,0.362155819788823,2.44607894667005,0.311890337331387
"2184",2.44607894667005,0.311890337331387,0.790110552377833,0.173136661797837
"2185",0.790110552377833,0.173136661797837,6.01806979380165,-0.368439005096003
"2186",6.01806979380165,-0.368439005096003,0.683470935080979,-0.324456707945746
"2187",0.683470935080979,-0.324456707945746,0.9848892969004,-0.472286095589665
"2188",0.9848892969004,-0.472286095589665,1.67516701606416,0.802851455917391
"2189",1.67516701606416,0.802851455917391,0.318697121414165,-0.385368698840348
"2190",0.318697121414165,-0.385368698840348,0.679107611950994,0.415039296124252
"2191",0.679107611950994,0.415039296124252,1.25820785776271,-0.104894288044859
"2192",1.25820785776271,-0.104894288044859,1.59016948149203,-0.444360827557756
"2193",1.59016948149203,-0.444360827557756,5.82084758832629,-0.0568977336150151
"2194",5.82084758832629,-0.0568977336150151,5.79431858369597,-0.39392081217512
"2195",5.79431858369597,-0.39392081217512,0.407010781565078,-0.35395277230445
"2196",0.407010781565078,-0.35395277230445,1.68912965008011,-0.191986217719376
"2197",1.68912965008011,-0.191986217719376,5.70460866014347,-0.122696646415201
"2198",5.70460866014347,-0.122696646415201,6.03639575094759,-0.463733982254893
"2199",6.03639575094759,-0.463733982254893,1.71897478028922,-0.285186799775873
"2200",1.71897478028922,-0.285186799775873,0.0223402144255274,-0.408057979116274
"2201",0.0223402144255274,-0.408057979116274,5.22603937924662,-0.447153354360947
"2202",5.22603937924662,-0.447153354360947,0.177674517853023,-0.28920105705546
"2203",0.177674517853023,-0.28920105705546,5.2026519672699,0.245916891606001
"2204",5.2026519672699,0.245916891606001,5.11870163024897,0.432492588644195
"2205",5.11870163024897,0.432492588644195,5.41139334580842,0.354825436930447
"2206",5.41139334580842,0.354825436930447,5.70862291742305,-0.534594349885863
"2207",5.70862291742305,-0.534594349885863,4.77731522855888,0.0797615468161409
"2208",4.77731522855888,0.0797615468161409,4.84625573401266,-0.49864056729478
"2209",4.84625573401266,-0.49864056729478,5.93202506167833,-0.201934594455744
"2210",5.93202506167833,-0.201934594455744,5.54665636283798,-0.197920337176157
"2211",5.54665636283798,-0.197920337176157,5.38992579600889,-0.559552558189382
"2212",5.38992579600889,-0.559552558189382,0.010471975511966,-0.544019127846633
"2213",0.010471975511966,-0.544019127846633,4.8928560250409,-0.393222680474322
"2214",4.8928560250409,-0.393222680474322,5.02654824574367,-0.459370659124908
"2215",5.02654824574367,-0.459370659124908,4.28007092466569,0.41242130224626
"2216",4.28007092466569,0.41242130224626,4.64519380418291,-0.495149908790791
"2217",4.64519380418291,-0.495149908790791,5.67703245796196,-0.677711348549398
"2218",5.67703245796196,-0.677711348549398,5.19165639298233,-0.116064395257623
"2219",5.19165639298233,-0.116064395257623,4.4615851668731,-0.0987856356628791
"2220",4.4615851668731,-0.0987856356628791,3.83745542635993,-0.479092879672443
"2221",3.83745542635993,-0.479092879672443,3.90639593181371,0.17540558982543
"2222",3.90639593181371,0.17540558982543,3.85543231765547,0.41852995462824
"2223",3.85543231765547,0.41852995462824,4.90158267130087,-0.913679863419032
"2224",4.90158267130087,-0.913679863419032,3.71022092388955,0.266686309704734
"2225",3.71022092388955,0.266686309704734,3.74460391015383,0.176801853227026
"2226",3.74460391015383,0.176801853227026,5.79117699104239,-0.288502925354663
"2227",5.79117699104239,-0.288502925354663,5.43146463220635,0.501258561172771
"2228",5.43146463220635,0.501258561172771,5.35205215124061,-0.0654498469497874
"2229",5.35205215124061,-0.0654498469497874,4.71710136936507,0.194953277447767
"2230",4.71710136936507,0.194953277447767,3.99820025046861,0.238586508747625
"2231",3.99820025046861,0.238586508747625,4.03799375741408,-0.453960138443725
"2232",4.03799375741408,-0.453960138443725,5.29026749572001,0.424289541159821
"2233",5.29026749572001,0.424289541159821,4.93788551974236,-0.127234502470387
"2234",4.93788551974236,-0.127234502470387,4.49736441653899,-0.0366519142918809
"2235",4.49736441653899,-0.0366519142918809,4.22107879594829,0.31101767270539
"2236",4.22107879594829,0.31101767270539,3.23880749292588,-0.226369203983665
"2237",3.23880749292588,-0.226369203983665,3.48193185772869,-0.333183354205717
"2238",3.48193185772869,-0.333183354205717,3.18417868733845,0.433190720344993
"2239",3.18417868733845,0.433190720344993,3.11227112215629,-0.14765485471872
"2240",3.11227112215629,-0.14765485471872,4.42406058795523,0.325503905496942
"2241",4.42406058795523,0.325503905496942,3.89609848922694,-0.28309240467348
"2242",3.89609848922694,-0.28309240467348,4.43959401829798,0.201236462754946
"2243",4.43959401829798,0.201236462754946,3.47250707976792,-0.691324916714954
"2244",3.47250707976792,-0.691324916714954,3.19081093849603,-0.392873614623924
"2245",3.19081093849603,-0.392873614623924,4.02647458435092,-0.220435084526884
"2246",4.02647458435092,-0.220435084526884,3.65402132197533,0.488168591782814
"2247",3.65402132197533,0.488168591782814,3.51264965256379,0.164584548463065
"2248",3.51264965256379,0.164584548463065,3.74547657477983,-0.17837264955382
"2249",3.74547657477983,-0.17837264955382,2.4012239848938,-0.197222205475359
"2250",2.4012239848938,-0.197222205475359,2.63771609853903,0.128107167096384
"2251",2.63771609853903,0.128107167096384,3.5384805254933,0.250803813511585
"2252",3.5384805254933,0.250803813511585,3.51736204154417,-0.029845130209103
"2253",3.51736204154417,-0.029845130209103,3.36935812097505,0.173311194723037
"2254",3.36935812097505,0.173311194723037,3.27406314381616,0.25848326222036
"2255",3.27406314381616,0.25848326222036,2.07973433667644,-0.238062909972027
"2256",2.07973433667644,-0.238062909972027,3.69189496674361,0.11693705988362
"2257",3.69189496674361,0.11693705988362,3.25992597687501,0.311192205630589
"2258",3.25992597687501,0.311192205630589,2.59338473553837,-0.232652389290844
"2259",2.59338473553837,-0.232652389290844,2.60595110615273,0.295833308213039
"2260",2.60595110615273,0.295833308213039,2.88764724742462,-0.685216264332974
"2261",2.88764724742462,-0.685216264332974,2.68553812004367,-0.220260551601684
"2262",2.68553812004367,-0.220260551601684,1.55927715373173,0.387114028092342
"2263",1.55927715373173,0.387114028092342,2.15862321886659,-0.095120444233691
"2264",2.15862321886659,-0.095120444233691,3.98685561033065,0.395840674352314
"2265",3.98685561033065,0.395840674352314,3.50060688072503,-0.410675972994266
"2266",3.50060688072503,-0.410675972994266,1.64200576027626,0.237190245346029
"2267",1.64200576027626,0.237190245346029,3.83762995928513,0.24940755010999
"2268",3.83762995928513,0.24940755010999,2.80544223965569,-0.217468024798493
"2269",2.80544223965569,-0.217468024798493,1.2016591899981,-0.202632726156542
"2270",1.2016591899981,-0.202632726156542,2.68745798222087,0.451167611640534
"2271",2.68745798222087,0.451167611640534,2.1556561591382,0.343480796792484
"2272",2.1556561591382,0.343480796792484,2.4916320401471,0.337372144410504
"2273",2.4916320401471,0.337372144410504,1.79891086003056,0.212581102892909
"2274",1.79891086003056,0.212581102892909,1.99683119720671,0.167726141116655
"2275",1.99683119720671,0.167726141116655,2.19963845628845,0.255690735417169
"2276",2.19963845628845,0.255690735417169,0.710174472636493,-0.337546677335703
"2277",0.710174472636493,-0.337546677335703,0.989427152955585,0.329867228626928
"2278",0.989427152955585,0.329867228626928,1.75807015553389,-0.334754150532512
"2279",1.75807015553389,-0.334754150532512,0.476125819944053,-0.505970950153156
"2280",0.476125819944053,-0.505970950153156,0.770039265979898,0.623431608812374
"2281",0.770039265979898,0.623431608812374,0.276460153515902,-0.148702052269917
"2282",0.276460153515902,-0.148702052269917,1.51686565290827,-0.252723675688779
"2283",1.51686565290827,-0.252723675688779,0.872315560146766,0.373325927001587
"2284",0.872315560146766,0.373325927001587,1.2622221150423,-0.402472925509892
"2285",1.2622221150423,-0.402472925509892,0.855211333477221,-0.17854718247902
"2286",0.855211333477221,-0.17854718247902,2.7398178597807,-0.121125850088406
"2287",2.7398178597807,-0.121125850088406,0.56321774961857,-0.848928148170042
"2288",0.56321774961857,-0.848928148170042,0.0685914396033771,0.153414441250302
"2289",0.0685914396033771,0.153414441250302,2.0943951023932,-0.653451271946677
"2290",2.0943951023932,-0.653451271946677,1.01386176248351,-0.464955712731289
"2291",1.01386176248351,-0.464955712731289,0.863239848036395,-0.519060919543114
"2292",0.863239848036395,-0.519060919543114,0.553967504583,-0.161966554585074
"2293",0.553967504583,-0.161966554585074,1.72787595947439,-0.478394747971646
"2294",1.72787595947439,-0.478394747971646,1.20340451925009,0.412944901021858
"2295",1.20340451925009,0.412944901021858,0.864112512662393,0.309795942228993
"2296",0.864112512662393,0.309795942228993,0.923802773080599,-0.346098790670476
"2297",0.923802773080599,-0.346098790670476,6.01423006944726,-0.3077015471266
"2298",6.01423006944726,-0.3077015471266,6.25246751234449,-0.406487182789479
"2299",6.25246751234449,-0.406487182789479,6.27725118772281,-0.275936554740303
"2300",6.27725118772281,-0.275936554740303,2.19108634295368,-0.544542726622231
"2301",2.19108634295368,-0.544542726622231,0.987856356628791,-0.165282680163863
"2302",0.987856356628791,-0.165282680163863,5.91352457160719,0.335103216382911
"2303",5.91352457160719,0.335103216382911,5.84283873690142,0.243822496503608
"2304",5.84283873690142,0.243822496503608,0.283616003449079,-0.355872634481644
"2305",0.283616003449079,-0.355872634481644,0.927118898659388,-0.61854468690679
"2306",0.927118898659388,-0.61854468690679,1.04126343173982,-0.365646478292812
"2307",1.04126343173982,-0.365646478292812,5.85959389772056,-0.528311164578684
"2308",5.85959389772056,-0.528311164578684,0.92048664750181,0.309446876378595
"2309",0.92048664750181,0.309446876378595,0.385194165915149,-0.368089939245604
"2310",0.385194165915149,-0.368089939245604,5.73218486232498,-0.277507351067098
"2311",5.73218486232498,-0.277507351067098,0.873362757697962,-0.136484747505957
"2312",0.873362757697962,-0.136484747505957,4.67050107833683,-0.268606171881927
"2313",4.67050107833683,-0.268606171881927,5.33494792457107,-0.441219234904167
"2314",5.33494792457107,-0.441219234904167,5.39917604104446,-0.370707933123596
"2315",5.39917604104446,-0.370707933123596,5.22289778659303,-0.383448836663154
"2316",5.22289778659303,-0.383448836663154,5.29689974687759,0.213802833369305
"2317",5.29689974687759,0.213802833369305,4.22334772397588,-0.214850030920502
"2318",4.22334772397588,-0.214850030920502,5.23389336088059,0.269129770657526
"2319",5.23389336088059,0.269129770657526,5.71647689905703,0.361457688088026
"2320",5.71647689905703,0.361457688088026,4.22840917880666,0.390430153671132
"2321",4.22840917880666,0.390430153671132,4.0318851050321,0.165108147238664
"2322",4.0318851050321,0.165108147238664,0.020943951023932,-0.29251718263425
"2323",0.020943951023932,-0.29251718263425,4.44674986823115,-0.455880000620919
"2324",4.44674986823115,-0.455880000620919,3.85927204200986,0.231081592964049
"2325",3.85927204200986,0.231081592964049,4.99059446315259,-0.389557489045134
"2326",4.99059446315259,-0.389557489045134,4.92950793933278,-0.193557014046171
"2327",4.92950793933278,-0.193557014046171,5.12533388140655,0.24015730507442
"2328",5.12533388140655,0.24015730507442,5.24488893516816,-0.195651409148564
"2329",5.24488893516816,-0.195651409148564,5.05011019064559,-0.574736922681733
"2330",5.05011019064559,-0.574736922681733,4.83595829142589,-0.441393767829366
"2331",4.83595829142589,-0.441393767829366,3.77636890254013,-0.607898178469625
"2332",3.77636890254013,-0.607898178469625,4.82967510611871,0.112050137978036
"2333",4.82967510611871,0.112050137978036,3.88475384908898,-0.439822971502571
"2334",3.88475384908898,-0.439822971502571,4.36140326780863,0.392350015848325
"2335",4.36140326780863,0.392350015848325,4.65374591751768,0.461290521302101
"2336",4.65374591751768,0.461290521302101,4.25615991391337,0.691324916714954
"2337",4.25615991391337,0.691324916714954,4.65479311506888,0.2769837522915
"2338",4.65479311506888,0.2769837522915,3.83605916295834,0.05846852994181
"2339",3.83605916295834,0.05846852994181,5.24244547421537,-0.476474885794452
"2340",5.24244547421537,-0.476474885794452,4.19612058764477,-0.518188254917116
"2341",4.19612058764477,-0.518188254917116,4.69580835249074,-0.479267412597643
"2342",4.69580835249074,-0.479267412597643,3.20966049441757,-0.426558469187414
"2343",3.20966049441757,-0.426558469187414,3.50392300630382,-0.194604211597368
"2344",3.50392300630382,-0.194604211597368,4.55373855137841,-0.0713839664065681
"2345",4.55373855137841,-0.0713839664065681,4.44674986823115,0.299149433791828
"2346",4.44674986823115,0.299149433791828,3.64721453789255,0.648738882966292
"2347",3.64721453789255,0.648738882966292,4.00326170529939,0.254818070791172
"2348",4.00326170529939,0.254818070791172,3.67409260837326,-0.393571746324721
"2349",3.67409260837326,-0.393571746324721,3.89016436977016,-0.204378055408536
"2350",3.89016436977016,-0.204378055408536,2.81748501149445,-0.139277274309147
"2351",2.81748501149445,-0.139277274309147,4.64048141520252,0.365821011218011
"2352",4.64048141520252,0.365821011218011,3.54773077052887,-0.549604181453014
"2353",3.54773077052887,-0.549604181453014,3.51753657446937,-0.27070056698432
"2354",3.51753657446937,-0.27070056698432,3.42328879486168,-0.17854718247902
"2355",3.42328879486168,-0.17854718247902,2.55114776764011,-0.302465559370617
"2356",2.55114776764011,-0.302465559370617,2.47871660368235,0.160744824108678
"2357",2.47871660368235,0.160744824108678,2.80701303598248,0.131946891450771
"2358",2.80701303598248,0.131946891450771,2.82307006510083,0.481885406475634
"2359",2.82307006510083,0.481885406475634,3.20582077006318,-0.324107642095347
"2360",3.20582077006318,-0.324107642095347,3.48297905527988,-0.405439985238283
"2361",3.48297905527988,-0.405439985238283,3.85909750908466,-0.348891317473666
"2362",3.85909750908466,-0.348891317473666,2.94663937614203,-0.16318828506147
"2363",2.94663937614203,-0.16318828506147,3.61422781502986,-0.0214675497995303
"2364",3.61422781502986,-0.0214675497995303,2.23803569983233,0.0991347015132779
"2365",2.23803569983233,0.0991347015132779,3.42520865703887,-0.328296432300133
"2366",3.42520865703887,-0.328296432300133,4.0332813684337,-0.706160215356906
"2367",4.0332813684337,-0.706160215356906,2.94349778348844,0.492706447837999
"2368",2.94349778348844,0.492706447837999,2.0626301100069,0.359537825910832
"2369",2.0626301100069,0.359537825910832,3.21856167360274,-0.028623399732707
"2370",3.21856167360274,-0.028623399732707,1.90397968100061,0.185877565337396
"2371",1.90397968100061,0.185877565337396,2.54608631280933,-0.233001455141243
"2372",2.54608631280933,-0.233001455141243,3.09185076990796,0.515395728113926
"2373",3.09185076990796,0.515395728113926,3.10494073929791,-0.349065850398866
"2374",3.10494073929791,-0.349065850398866,2.91365265327933,0.0970403064108847
"2375",2.91365265327933,0.0970403064108847,1.51756378460907,-0.362679418564422
"2376",1.51756378460907,-0.362679418564422,3.47128534929152,-0.0640535835481919
"2377",3.47128534929152,-0.0640535835481919,2.70491127474081,0.466002910282486
"2378",2.70491127474081,0.466002910282486,1.83015225364125,-0.27995081201989
"2379",1.83015225364125,-0.27995081201989,2.36404847182632,-0.57560958730773
"2380",2.36404847182632,-0.57560958730773,2.68344372494128,-0.412770368096659
"2381",2.68344372494128,-0.412770368096659,2.29336263712055,0.23998277214922
"2382",2.29336263712055,0.23998277214922,3.08277505779758,-0.697782634947333
"2383",3.08277505779758,-0.697782634947333,2.83458923816399,0.570199066626548
"2384",2.83458923816399,0.570199066626548,2.05477612837292,-0.231779724664847
"2385",2.05477612837292,-0.231779724664847,1.99107161067513,0.400727596257898
"2386",1.99107161067513,0.400727596257898,2.74697370971387,-0.771959128157092
"2387",2.74697370971387,-0.771959128157092,1.8783233409963,-0.154287105876299
"2388",1.8783233409963,-0.154287105876299,1.2610003845659,0.408930643742271
"2389",1.2610003845659,0.408930643742271,3.10267181127032,0.0453785605518526
"2390",3.10267181127032,0.0453785605518526,1.68302099769813,-0.118507856210415
"2391",1.68302099769813,-0.118507856210415,3.65297412442413,0.431270858167799
"2392",3.65297412442413,0.431270858167799,2.5233970325334,-0.633030919698343
"2393",2.5233970325334,-0.633030919698343,2.12825448988189,-0.410152374218667
"2394",2.12825448988189,-0.410152374218667,1.49819062991193,-0.194429678672168
"2395",1.49819062991193,-0.194429678672168,2.66023084588976,-0.577703982410123
"2396",2.66023084588976,-0.577703982410123,1.67289808803656,0.353080107678453
"2397",1.67289808803656,0.353080107678453,0.938638071722551,0.475253155318056
"2398",0.938638071722551,0.475253155318056,0.60632738214283,-0.348891317473666
"2399",0.60632738214283,-0.348891317473666,1.49941236038833,0.387463093942741
"2400",1.49941236038833,0.387463093942741,2.99795205615066,-0.327423767674136
"2401",2.99795205615066,-0.327423767674136,2.31273579181769,-0.0797615468161409
"2402",2.31273579181769,-0.0797615468161409,1.94516945134768,-0.558505360638185
"2403",1.94516945134768,-0.558505360638185,1.49661983358514,0.183085038534205
"2404",1.49661983358514,0.183085038534205,1.34146006308284,-0.138055543832751
"2405",1.34146006308284,-0.138055543832751,1.76400427499067,-0.445757090959352
"2406",1.76400427499067,-0.445757090959352,0.167377075266256,-0.557458163086989
"2407",0.167377075266256,-0.557458163086989,1.08629292644127,0.113446401379631
"2408",1.08629292644127,0.113446401379631,1.19275801081292,0.612261501599611
"2409",1.19275801081292,0.612261501599611,0.84351762748886,0.198443935951755
"2410",0.84351762748886,0.198443935951755,0.800931593740198,-0.233175988066442
"2411",0.800931593740198,-0.233175988066442,1.16553087448181,0.119555053761612
"2412",1.16553087448181,0.119555053761612,2.44922053932364,0.343480796792484
"2413",2.44922053932364,0.343480796792484,0.57246799465414,-0.0982620368872808
"2414",0.57246799465414,-0.0982620368872808,1.29730323300739,0.182910505609006
"2415",1.29730323300739,0.182910505609006,6.06554274945589,-0.295135176512241
"2416",6.06554274945589,-0.295135176512241,1.21195663258486,-0.198443935951755
"2417",1.21195663258486,-0.198443935951755,0.419053553403839,0.156206968053492
"2418",0.419053553403839,0.156206968053492,6.21389573587541,-0.385892297615946
"2419",6.21389573587541,-0.385892297615946,0.941605131450941,0.341037335839692
"2420",0.941605131450941,0.341037335839692,1.34198366185844,-0.226194671058465
"2421",1.34198366185844,-0.226194671058465,1.00094632601875,-0.360759556387228
"2422",1.00094632601875,-0.360759556387228,0.167900674041854,-0.15097098029751
"2423",0.167900674041854,-0.15097098029751,0.982445835947608,-0.229685329562454
"2424",0.982445835947608,-0.229685329562454,1.22574473367562,-0.27087509990952
"2425",1.22574473367562,-0.27087509990952,5.6635934227216,-0.36634460999361
"2426",5.6635934227216,-0.36634460999361,0.439124839801773,-0.121474915938805
"2427",0.439124839801773,-0.121474915938805,0.284663201000275,0.487994058857615
"2428",0.284663201000275,0.487994058857615,0.680852941202988,0.469668101711674
"2429",0.680852941202988,0.469668101711674,5.39010032893409,-0.367740873395205
"2430",5.39010032893409,-0.367740873395205,6.06135395925111,0.314857397059777
"2431",6.06135395925111,0.314857397059777,0.392873614623924,-0.224100275956072
"2432",0.392873614623924,-0.224100275956072,0.248534885483993,-0.202109127380943
"2433",0.248534885483993,-0.202109127380943,5.04435060411401,-0.14154620233674
"2434",5.04435060411401,-0.14154620233674,6.08491590415303,0.70476395195531
"2435",6.08491590415303,0.70476395195531,5.83934807839743,0.296356906988637
"2436",5.83934807839743,0.296356906988637,5.60913915005938,0.515221195188726
"2437",5.60913915005938,0.515221195188726,6.07828365299545,-0.443837228782158
"2438",6.07828365299545,-0.443837228782158,0.0682423737529783,-0.309272343453395
"2439",0.0682423737529783,-0.309272343453395,0.412944901021858,-0.475776754093654
"2440",0.412944901021858,-0.475776754093654,5.39097299356008,0.0696386371545737
"2441",5.39097299356008,0.0696386371545737,5.82311651635388,0.343655329717683
"2442",5.82311651635388,0.343655329717683,5.74387856831334,-0.435634181297785
"2443",5.74387856831334,-0.435634181297785,6.02958896686481,0.183957703160202
"2444",6.02958896686481,0.183957703160202,5.06512002221274,0.061261056745001
"2445",5.06512002221274,0.061261056745001,4.64275034323012,0.27070056698432
"2446",4.64275034323012,0.27070056698432,4.46996274728268,0.401774793809095
"2447",4.46996274728268,0.401774793809095,4.35738901052904,-0.211708438266912
"2448",4.35738901052904,-0.211708438266912,4.6773078624196,-0.142069801112338
"2449",4.6773078624196,-0.142069801112338,4.14323711130934,0.162141087510273
"2450",4.14323711130934,0.162141087510273,4.96249466219548,0.0916297857297023
"2451",4.96249466219548,0.0916297857297023,4.06609355837119,-0.545415391248228
"2452",4.06609355837119,-0.545415391248228,4.90524786273006,0.45238934211693
"2453",4.90524786273006,0.45238934211693,3.75769387954379,0.437728576400178
"2454",3.75769387954379,0.437728576400178,5.19375078808473,-0.513824931787131
"2455",5.19375078808473,-0.513824931787131,4.53087473817728,0.155159770502296
"2456",4.53087473817728,0.155159770502296,3.55593381801325,-0.437903109325377
"2457",3.55593381801325,-0.437903109325377,3.76153360389818,0.283790536374278
"2458",3.76153360389818,0.283790536374278,3.4786157321499,-0.360585023462028
"2459",3.4786157321499,-0.360585023462028,4.14515697348653,-0.237888377046827
"2460",4.14515697348653,-0.237888377046827,4.61238161424541,-0.297927703315432
"2461",4.61238161424541,-0.297927703315432,3.32659755430119,-0.132994089001968
"2462",3.32659755430119,-0.132994089001968,3.14438518039298,-0.2153736296961
"2463",3.14438518039298,-0.2153736296961,4.40433836740769,0.464606646880891
"2464",4.40433836740769,0.464606646880891,4.2163664069679,0.380132711084365
"2465",4.2163664069679,0.380132711084365,3.11384191848308,-0.352381975977655
"2466",3.11384191848308,-0.352381975977655,5.18362787842316,0.149923782746313
"2467",5.18362787842316,0.149923782746313,3.70341413980677,-0.213628300444106
"2468",3.70341413980677,-0.213628300444106,4.6781805270456,0.463035850554096
"2469",4.6781805270456,0.463035850554096,2.69531196385484,-0.305258086173808
"2470",2.69531196385484,-0.305258086173808,4.26733002112614,0.285186799775873
"2471",4.26733002112614,0.285186799775873,3.74739643695702,-0.378910980607969
"2472",3.74739643695702,-0.378910980607969,3.26568556340659,0.100530964914873
"2473",3.26568556340659,0.100530964914873,4.24568793840141,0.0113446401379631
"2474",4.24568793840141,0.0113446401379631,3.64197855013657,-0.159872159482681
"2475",3.64197855013657,-0.159872159482681,2.62881491935386,0.155683369277894
"2476",2.62881491935386,0.155683369277894,3.94880743263717,0.620464549083984
"2477",3.94880743263717,0.620464549083984,3.87532907112821,0.153414441250302
"2478",3.87532907112821,0.153414441250302,3.52416882562695,0.466351976132885
"2479",3.52416882562695,0.466351976132885,4.18756847430999,0.298800367941429
"2480",4.18756847430999,0.298800367941429,4.32702028154434,-0.381179908635562
"2481",4.32702028154434,-0.381179908635562,3.78910980607969,0.518886386617914
"2482",3.78910980607969,0.518886386617914,4.14445884178573,0.371580597749593
"2483",4.14445884178573,0.371580597749593,4.17622383417203,-0.422544211907827
"2484",4.17622383417203,-0.422544211907827,1.99683119720671,-0.177849050778222
"2485",1.99683119720671,-0.177849050778222,1.89420583718945,0.182561439758607
"2486",1.89420583718945,0.182561439758607,2.76407793638342,-0.368788070946402
"2487",2.76407793638342,-0.368788070946402,3.24229815142987,0.500211363621575
"2488",3.24229815142987,0.500211363621575,3.14578144379458,0.731991088286422
"2489",3.14578144379458,0.731991088286422,1.65509572966622,-0.556236432610593
"2490",1.65509572966622,-0.556236432610593,2.48360352558793,0.0635299847725936
"2491",2.48360352558793,0.0635299847725936,1.37200332499274,-0.354825436930447
"2492",1.37200332499274,-0.354825436930447,1.99194427530113,0.295309709437441
"2493",1.99194427530113,0.295309709437441,1.48789318732517,-0.614530429627204
"2494",1.48789318732517,-0.614530429627204,3.21489648217355,0.633379985548742
"2495",3.21489648217355,0.633379985548742,1.87308735324031,-0.0825540736193318
"2496",1.87308735324031,-0.0825540736193318,1.0164797563615,0.211882971192112
"2497",1.0164797563615,0.211882971192112,1.86069551555115,-0.654323936572674
"2498",1.86069551555115,-0.654323936572674,1.65980811864661,-0.248360352558793
"2499",1.65980811864661,-0.248360352558793,0.934274748592565,-0.211708438266912
"2500",0.934274748592565,-0.211708438266912,1.50307755181752,0.32306044454415
"2501",1.50307755181752,0.32306044454415,1.54356919046379,-0.210137641940117
"2502",1.54356919046379,-0.210137641940117,1.44216556092291,-0.453436539668127
"2503",1.44216556092291,-0.453436539668127,1.45141580595848,0.408930643742271
"2504",1.45141580595848,0.408930643742271,1.64811441265825,0.327074701823737
"2505",1.64811441265825,0.327074701823737,1.73014488750198,0.149923782746313
"2506",1.73014488750198,0.149923782746313,1.33779487165365,-0.16004669240788
"2507",1.33779487165365,-0.16004669240788,0.72954762733363,-0.192335283569775
"2508",0.72954762733363,-0.192335283569775,1.20567344727768,0.479092879672443
"2509",1.20567344727768,0.479092879672443,2.092475240216,0.35395277230445
"2510",2.092475240216,0.35395277230445,1.11229833229599,0.338942940737299
"2511",1.11229833229599,0.338942940737299,0.584161700642502,-0.126012771993991
"2512",0.584161700642502,-0.126012771993991,6.25595817084847,-0.23701571242083
"2513",6.25595817084847,-0.23701571242083,1.25401906755793,-0.0448549617762543
"2514",1.25401906755793,-0.0448549617762543,0.632856386773144,0.340688269989293
"2515",0.632856386773144,0.340688269989293,1.39329634186707,-0.2462659574564
"2516",1.39329634186707,-0.2462659574564,0.826936999594913,0.308923277602996
"2517",0.826936999594913,0.308923277602996,0.921359312127806,-0.37245326237559
"2518",0.921359312127806,-0.37245326237559,0.821526478913731,0.457625329872913
"2519",0.821526478913731,0.457625329872913,1.0464994194958,0.499338698995578
"2520",1.0464994194958,0.499338698995578,0.47403142484166,-0.420973415581032
"2521",0.47403142484166,-0.420973415581032,1.56556033903891,0.21851522234969
"2522",1.56556033903891,0.21851522234969,6.12209141722051,0.307527014201401
"2523",6.12209141722051,0.307527014201401,1.52698856256984,-0.424464074085021
"2524",1.52698856256984,-0.424464074085021,0.224449341806471,-0.158301363155886
"2525",0.224449341806471,-0.158301363155886,5.87285840003572,-0.419751685104636
"2526",5.87285840003572,-0.419751685104636,6.00986674631727,0.106116018521255
"2527",6.00986674631727,0.106116018521255,5.99293705257293,-0.13247049022637
"2528",5.99293705257293,-0.13247049022637,5.94546409691868,0.223402144255274
"2529",5.94546409691868,0.223402144255274,0.46792277245968,0.411723170545462
"2530",0.46792277245968,0.411723170545462,0.919264917025413,0.565137611795764
"2531",0.919264917025413,0.565137611795764,5.5707419065155,0.454134671368924
"2532",5.5707419065155,0.454134671368924,5.46637121724624,-0.408581577891873
"2533",5.46637121724624,-0.408581577891873,5.79484218247157,0.16318828506147
"2534",5.79484218247157,0.16318828506147,6.0929444187122,-0.430398193541802
"2535",6.0929444187122,-0.430398193541802,0.127758101245985,-0.524820506074695
"2536",0.127758101245985,-0.524820506074695,5.89100982425646,-0.29234264970905
"2537",5.89100982425646,-0.29234264970905,5.76569518396327,-0.0315904594610974
"2538",5.76569518396327,-0.0315904594610974,6.03046163149081,0.43703044469938
"2539",6.03046163149081,0.43703044469938,0.0228638132011257,-0.632332787997545
"2540",0.0228638132011257,-0.632332787997545,0.594284610304069,0.183259571459405
"2541",0.594284610304069,0.183259571459405,4.88238404952894,0.314159265358979
"2542",4.88238404952894,0.314159265358979,5.60564849155539,0.239110107523223
"2543",5.60564849155539,0.239110107523223,6.11545916606293,0.123394778115999
"2544",6.11545916606293,0.123394778115999,0.505098285527159,-0.220260551601684
"2545",0.505098285527159,-0.220260551601684,5.2944562859248,-0.334230551756914
"2546",5.2944562859248,-0.334230551756914,5.59308212094103,0.495149908790791
"2547",5.59308212094103,0.495149908790791,6.06816074333388,-0.669682833990224
"2548",6.06816074333388,-0.669682833990224,4.70418593290032,-0.220260551601684
"2549",4.70418593290032,-0.220260551601684,4.80977835264597,-0.392873614623924
"2550",4.80977835264597,-0.392873614623924,5.83463568941704,-0.635474380651135
"2551",5.83463568941704,-0.635474380651135,5.42046905791879,0.168773338667852
"2552",5.42046905791879,0.168773338667852,6.17864008498513,-0.563043216693371
"2553",6.17864008498513,-0.563043216693371,6.25979789520286,-0.0183259571459405
"2554",6.25979789520286,-0.0183259571459405,6.02766910468762,-0.628667596568358
"2555",6.02766910468762,-0.628667596568358,6.26293948785645,0.185877565337396
"2556",6.26293948785645,0.185877565337396,4.86772328381219,0.222354946704078
"2557",4.86772328381219,0.222354946704078,5.19828864413991,-0.25254914276358
"2558",5.19828864413991,-0.25254914276358,4.99530685213297,0.564788545945365
"2559",4.99530685213297,0.564788545945365,5.73742085008096,0.439997504427771
"2560",5.73742085008096,0.439997504427771,5.69588201388349,0.127583568320785
"2561",5.69588201388349,0.127583568320785,3.86398443099025,0.29251718263425
"2562",3.86398443099025,0.29251718263425,3.90098541113253,-0.186226631187795
"2563",3.90098541113253,-0.186226631187795,4.64920806146249,0.337546677335703
"2564",4.64920806146249,0.337546677335703,4.36297406413542,0.428652864289807
"2565",4.36297406413542,0.428652864289807,4.74781916420017,-0.0987856356628791
"2566",4.74781916420017,-0.0987856356628791,4.02455472217372,0.318348055563766
"2567",4.02455472217372,0.318348055563766,3.75699574784299,0.320791516516558
"2568",3.75699574784299,0.320791516516558,4.39980051135251,0.166504410640259
"2569",4.39980051135251,0.166504410640259,3.39449086220377,-0.139800873084746
"2570",3.39449086220377,-0.139800873084746,3.89505129167575,-0.0164060949687467
"2571",3.89505129167575,-0.0164060949687467,4.15091656001811,-0.25865779514556
"2572",4.15091656001811,-0.25865779514556,3.1698669874721,-0.218689755274889
"2573",3.1698669874721,-0.218689755274889,3.01435815111941,-0.360410490536829
"2574",3.01435815111941,-0.360410490536829,4.11740623837982,0.194604211597368
"2575",4.11740623837982,0.194604211597368,2.84122148932157,-0.488168591782814
"2576",2.84122148932157,-0.488168591782814,2.80893289815967,0.423067810683425
"2577",2.80893289815967,0.423067810683425,3.11977603793986,-0.297229571614634
"2578",3.11977603793986,-0.297229571614634,3.64651640619175,-0.439648438577372
"2579",3.64651640619175,-0.439648438577372,3.76013734049658,-0.426907535037813
"2580",3.76013734049658,-0.426907535037813,3.19901398598041,-0.6462954220135
"2581",3.19901398598041,-0.6462954220135,2.68326919201608,-0.213453767518907
"2582",2.68326919201608,-0.213453767518907,3.52748495120574,-0.318348055563766
"2583",3.52748495120574,-0.318348055563766,3.48926224058706,-0.442964564156161
"2584",3.48926224058706,-0.442964564156161,2.79270133611613,0.216769893097696
"2585",2.79270133611613,0.216769893097696,2.96740879424076,0.0733038285837618
"2586",2.96740879424076,0.0733038285837618,2.64958433745259,0.183783170235003
"2587",2.64958433745259,0.183783170235003,2.19195900757968,-0.233525053916841
"2588",2.19195900757968,-0.233525053916841,2.54975150423852,-0.317649923862968
"2589",2.54975150423852,-0.317649923862968,2.12650916062989,-0.352905574753253
"2590",2.12650916062989,-0.352905574753253,2.07763994157405,-0.180467044656214
"2591",2.07763994157405,-0.180467044656214,2.56249240777807,-0.225845605208066
"2592",2.56249240777807,-0.225845605208066,2.74906810481627,-0.368613538021202
"2593",2.74906810481627,-0.368613538021202,3.89452769290015,-0.293564380185446
"2594",3.89452769290015,-0.293564380185446,4.07272580952877,-0.507018147704353
"2595",4.07272580952877,-0.507018147704353,1.86401164112994,0.225322006432468
"2596",1.86401164112994,0.225322006432468,2.90649680334616,-0.145734992541527
"2597",2.90649680334616,-0.145734992541527,3.39466539512897,-0.619940950308386
"2598",3.39466539512897,-0.619940950308386,2.84645747707755,0.134215819478364
"2599",2.84645747707755,0.134215819478364,2.56022347975048,0.230557994188451
"2600",2.56022347975048,0.230557994188451,2.92028490443691,0.187273828738992
"2601",2.92028490443691,0.187273828738992,2.832843908912,-0.207868713912525
"2602",2.832843908912,-0.207868713912525,1.24476882252236,0.316428193386572
"2603",1.24476882252236,0.316428193386572,1.21998514714404,-0.319569786040162
"2604",1.21998514714404,-0.319569786040162,1.18769655598214,-0.404567320612286
"2605",1.18769655598214,-0.404567320612286,2.69356663460285,-0.593761011528471
"2606",2.69356663460285,-0.593761011528471,1.64863801143384,0.26773350725593
"2607",1.64863801143384,0.26773350725593,1.70134695484407,-0.262846585350346
"2608",1.70134695484407,-0.262846585350346,2.39441720081102,-0.36320301734002
"2609",2.39441720081102,-0.36320301734002,0.573864258055736,0.154461638801498
"2610",0.573864258055736,0.154461638801498,1.29869949640898,-0.194778744522567
"2611",1.29869949640898,-0.194778744522567,0.706334748282105,-0.419751685104636
"2612",0.706334748282105,-0.419751685104636,0.691673982565353,-0.16301375213627
"2613",0.691673982565353,-0.16301375213627,1.11072753596919,-0.35098571257606
"2614",1.11072753596919,-0.35098571257606,2.34519891590478,-0.263544717051144
"2615",2.34519891590478,-0.263544717051144,1.43413704636374,0.374198591627584
"2616",1.43413704636374,0.374198591627584,1.95965568413923,0.353603706454051
"2617",1.95965568413923,0.353603706454051,0.265115513377939,0.54471725954743
"2618",0.265115513377939,0.54471725954743,2.25897965085626,-0.505621884302757
"2619",2.25897965085626,-0.505621884302757,6.19207912022548,-0.253596340314776
"2620",6.19207912022548,-0.253596340314776,1.91375352481178,-0.361283155162826
"2621",1.91375352481178,-0.361283155162826,5.9082885838512,-0.0605629250442032
"2622",5.9082885838512,-0.0605629250442032,0.196349540849362,-0.152890842474703
"2623",0.196349540849362,-0.152890842474703,0.739496004069997,-0.287455727803466
"2624",0.739496004069997,-0.287455727803466,1.24372162497116,-0.405789051088682
"2625",1.24372162497116,-0.405789051088682,0.515221195188726,0.486946861306418
"2626",0.515221195188726,0.486946861306418,1.33395514729927,0.462163185928098
"2627",1.33395514729927,0.462163185928098,6.07549112619226,-0.55082591192941
"2628",6.07549112619226,-0.55082591192941,0.44942228238854,-0.0883136601509131
"2629",0.44942228238854,-0.0883136601509131,0.139626340159546,0.540179403492245
"2630",0.139626340159546,0.540179403492245,6.20255109573745,-0.488168591782814
"2631",6.20255109573745,-0.488168591782814,5.30667359068876,-0.215722695546499
"2632",5.30667359068876,-0.215722695546499,5.79379498492038,-0.0849975345721238
"2633",5.79379498492038,-0.0849975345721238,0.128281700021583,0.729198561483231
"2634",0.128281700021583,0.729198561483231,5.14400890440289,0.358141562509236
"2635",5.14400890440289,0.358141562509236,4.94155071117155,0.401949326734294
"2636",4.94155071117155,0.401949326734294,4.92776261008079,0.293564380185446
"2637",4.92776261008079,0.293564380185446,4.85096812299304,-0.223227611330075
"2638",4.85096812299304,-0.223227611330075,5.06738895024034,-0.120776784238008
"2639",5.06738895024034,-0.120776784238008,4.96162199756948,0.349414916249265
"2640",4.96162199756948,0.349414916249265,5.7862900691368,0.233525053916841
"2641",5.7862900691368,0.233525053916841,5.11206937909139,0.241204502625616
"2642",5.11206937909139,0.241204502625616,0.862716249260797,-0.384146968363952
"2643",0.862716249260797,-0.384146968363952,5.65155065088284,-0.227940000310459
"2644",5.65155065088284,-0.227940000310459,6.17218236675275,-0.43406338497099
"2645",6.17218236675275,-0.43406338497099,4.94189977702194,-0.341037335839692
"2646",4.94189977702194,-0.341037335839692,6.09975120279498,0.363377550265219
"2647",6.09975120279498,0.363377550265219,4.08599031184392,0.319918851890561
"2648",4.08599031184392,0.319918851890561,5.84074434179902,-0.238761041672824
"2649",5.84074434179902,-0.238761041672824,4.42859844401041,-0.239110107523223
"2650",4.42859844401041,-0.239110107523223,4.64414660663171,-0.0619591884457987
"2651",4.64414660663171,-0.0619591884457987,3.91058472201849,0.363726616115618
"2652",3.91058472201849,0.363726616115618,4.3710025786946,-0.352381975977655
"2653",4.3710025786946,-0.352381975977655,3.6936402959956,-0.20943951023932
"2654",3.6936402959956,-0.20943951023932,4.78185308461406,-0.346447856520874
"2655",4.78185308461406,-0.346447856520874,3.70725386416116,0.419926218029836
"2656",3.70725386416116,0.419926218029836,4.40486196618329,0.14451326206513
"2657",4.40486196618329,0.14451326206513,4.36908271651741,0.363726616115618
"2658",4.36908271651741,0.363726616115618,4.25738164438977,0.540877535193043
"2659",4.25738164438977,0.540877535193043,3.31036599225764,-0.201934594455744
"2660",3.31036599225764,-0.201934594455744,3.02465559370617,0.30176742766982
"2661",3.02465559370617,0.30176742766982,3.03355677289134,-0.428827397215007
"2662",3.03355677289134,-0.428827397215007,3.40304297553854,-0.299149433791828
"2663",3.40304297553854,-0.299149433791828,3.53062654385933,0.325678438422142
"2664",3.53062654385933,0.325678438422142,3.85438512010428,0.219213354050488
"2665",3.85438512010428,0.219213354050488,2.769837522915,-0.358316095434436
"2666",2.769837522915,-0.358316095434436,2.77228098386779,0.216071761396898
"2667",2.77228098386779,0.216071761396898,3.45470472139758,-0.459894257900506
"2668",3.45470472139758,-0.459894257900506,3.71824943844872,0.134390352403563
"2669",3.71824943844872,0.134390352403563,2.79706465924611,0.0851720674973233
"2670",2.79706465924611,0.0851720674973233,3.80883202662722,0.426907535037813
"2671",3.80883202662722,0.426907535037813,3.44440727881081,-0.100705497840073
"2672",3.44440727881081,-0.100705497840073,3.385938748869,0.214500965070103
"2673",3.385938748869,0.214500965070103,3.10179914664432,-0.127409035395586
"2674",3.10179914664432,-0.127409035395586,3.1096531282783,0.230208928338052
"2675",3.1096531282783,0.230208928338052,4.18756847430999,0.179419847105017
"2676",4.18756847430999,0.179419847105017,3.89313142949855,0.0589921287174083
"2677",3.89313142949855,0.0589921287174083,2.80945649693527,-0.539655804716647
"2678",2.80945649693527,-0.539655804716647,2.38254896189746,0.273144027937113
"2679",2.38254896189746,0.273144027937113,2.1839304930205,-0.232652389290844
"2680",2.1839304930205,-0.232652389290844,2.62741865595226,0.477696616270848
"2681",2.62741865595226,0.477696616270848,2.57820037104602,0.384321501289151
"2682",2.57820037104602,0.384321501289151,2.92168116783851,0.131074226824774
"2683",2.92168116783851,0.131074226824774,2.04238429068376,-0.345924257745276
"2684",2.04238429068376,-0.345924257745276,2.6467918106494,-0.489739388109609
"2685",2.6467918106494,-0.489739388109609,3.22501939183512,0.115540796482025
"2686",3.22501939183512,0.115540796482025,1.89333317256345,-0.143815130364333
"2687",1.89333317256345,-0.143815130364333,1.72770142654919,0.196175007924163
"2688",1.72770142654919,0.196175007924163,3.00301351098144,-0.105417886820457
"2689",3.00301351098144,-0.105417886820457,3.04978833493489,-0.262846585350346
"2690",3.04978833493489,-0.262846585350346,2.41291769088216,-0.160744824108678
"2691",2.41291769088216,-0.160744824108678,2.85012266850674,-0.0342084533390889
"2692",2.85012266850674,-0.0342084533390889,3.36691466002226,-0.108559479474047
"2693",3.36691466002226,-0.108559479474047,2.35235476583796,0.195825942073764
"2694",2.35235476583796,0.195825942073764,1.88739905310667,-0.419926218029836
"2695",1.88739905310667,-0.419926218029836,3.32939008110438,-0.519060919543114
"2696",3.32939008110438,-0.519060919543114,3.20442450666159,-0.457276264022514
"2697",3.20442450666159,-0.457276264022514,2.76390340345822,-0.226543736908864
"2698",2.76390340345822,-0.226543736908864,1.6632987771506,-0.276809219366301
"2699",1.6632987771506,-0.276809219366301,2.40663450557498,-0.296182374063438
"2700",2.40663450557498,-0.296182374063438,0.929736892537379,0.34784411992247
"2701",0.929736892537379,0.34784411992247,0.759567290467932,-0.122696646415201
"2702",0.759567290467932,-0.122696646415201,1.55875355495614,-0.146782190092723
"2703",1.55875355495614,-0.146782190092723,1.7842500943138,0.34487706019408
"2704",1.7842500943138,0.34487706019408,1.46747283507683,-0.654673002423073
"2705",1.46747283507683,-0.654673002423073,2.65237686425578,0.0228638132011257
"2706",2.65237686425578,0.0228638132011257,0.488866723483612,0.468271838310079
"2707",0.488866723483612,0.468271838310079,0.645946356163101,0.478918346747244
"2708",0.645946356163101,0.478918346747244,2.33018908433763,0.365821011218011
"2709",2.33018908433763,0.365821011218011,2.3713788546847,-0.497593369743583
"2710",2.3713788546847,-0.497593369743583,1.32610116566529,0.511556003759538
"2711",1.32610116566529,0.511556003759538,1.60413211550799,-0.583812634792103
"2712",1.60413211550799,-0.583812634792103,0.458323461573711,0.299323966717027
"2713",0.458323461573711,0.299323966717027,2.45253666490243,-0.367915406320405
"2714",2.45253666490243,-0.367915406320405,1.64898707728424,-0.420624349730633
"2715",1.64898707728424,-0.420624349730633,1.09606677025244,-0.411548637620263
"2716",1.09606677025244,-0.411548637620263,0.985063829825599,0.219736952826086
"2717",0.985063829825599,0.219736952826086,1.23394778115999,-0.217468024798493
"2718",1.23394778115999,-0.217468024798493,0.609643507721619,-0.161966554585074
"2719",0.609643507721619,-0.161966554585074,1.71705491811202,0.416610092451047
"2720",1.71705491811202,0.416610092451047,1.16099301842663,-0.3694862026472
"2721",1.16099301842663,-0.3694862026472,0.300894763043822,0.193557014046171
"2722",0.300894763043822,0.193557014046171,0.0706858347057703,-0.625700536839967
"2723",0.0706858347057703,-0.625700536839967,5.92958160072553,0.321315115292156
"2724",5.92958160072553,0.321315115292156,1.46502937412404,-0.47385689191646
"2725",1.46502937412404,-0.47385689191646,5.86360815500015,-0.534419816960664
"2726",5.86360815500015,-0.534419816960664,0.256563400043166,-0.234572251468038
"2727",0.256563400043166,-0.234572251468038,5.28799856769242,-0.126536370769589
"2728",5.28799856769242,-0.126536370769589,0.605454717516833,-0.580321976288115
"2729",0.605454717516833,-0.580321976288115,0.312763001957384,-0.631809189221947
"2730",0.312763001957384,-0.631809189221947,6.01684806332525,-0.562170552067374
"2731",6.01684806332525,-0.562170552067374,5.26775274836929,0.23387411976724
"2732",5.26775274836929,0.23387411976724,5.40476109465084,0.131423292675173
"2733",5.40476109465084,0.131423292675173,0.355523568631245,-0.108384946548848
"2734",0.355523568631245,-0.108384946548848,4.80838208924438,-0.210661240715716
"2735",4.80838208924438,-0.210661240715716,5.416280267714,-0.371755130674792
"2736",5.416280267714,-0.371755130674792,0.0174532925199433,-0.0373500459926787
"2737",0.0174532925199433,-0.0373500459926787,0.0949459113084915,0.252200076913181
"2738",0.0949459113084915,0.252200076913181,0.00575958653158129,-0.533372619409467
"2739",0.00575958653158129,-0.533372619409467,6.10167106497218,-0.503178423349965
"2740",6.10167106497218,-0.503178423349965,5.09007823051626,0.630761991670751
"2741",5.09007823051626,0.630761991670751,5.06703988438994,-0.0787143492649442
"2742",5.06703988438994,-0.0787143492649442,6.16223399001638,-0.297927703315432
"2743",6.16223399001638,-0.297927703315432,6.15211108035481,0.416959158301445
"2744",6.15211108035481,0.416959158301445,6.09783134061779,-0.571769862953342
"2745",6.09783134061779,-0.571769862953342,5.81578613349551,0.55100044485461
"2746",5.81578613349551,0.55100044485461,5.43879501506473,0.308574211752597
"2747",5.43879501506473,0.308574211752597,4.82304285496113,-0.351683844276857
"2748",4.82304285496113,-0.351683844276857,4.92078129307281,-0.347145988221672
"2749",4.92078129307281,-0.347145988221672,4.19489885716837,-0.470540766337671
"2750",4.19489885716837,-0.470540766337671,4.07761273143435,0.319744318965361
"2751",4.07761273143435,0.319744318965361,6.217909993155,0.47088983218807
"2752",6.217909993155,0.47088983218807,4.71971936324307,0.325678438422142
"2753",4.71971936324307,0.325678438422142,3.8488000664979,-0.186226631187795
"2754",3.8488000664979,-0.186226631187795,4.54221937831524,0.215024563845701
"2755",4.54221937831524,0.215024563845701,4.56298879641397,0.314508331209378
"2756",4.56298879641397,0.314508331209378,4.39089933216733,-0.412770368096659
"2757",4.39089933216733,-0.412770368096659,5.37735942539453,-0.238586508747625
"2758",5.37735942539453,-0.238586508747625,4.14009551865575,0.439997504427771
"2759",4.14009551865575,0.439997504427771,3.19360346529922,0.240855436775218
"2760",3.19360346529922,0.240855436775218,4.38985213461614,-0.500734962397173
"2761",4.38985213461614,-0.500734962397173,3.28872390953291,-0.450993078715335
"2762",3.28872390953291,-0.450993078715335,3.92053309875486,0.530580092606276
"2763",3.92053309875486,0.530580092606276,4.70505859752631,0.640012236706321
"2764",4.70505859752631,0.640012236706321,3.58926960672634,-0.108035880698449
"2765",3.58926960672634,-0.108035880698449,4.41795193557325,0.447502420211346
"2766",4.41795193557325,0.447502420211346,4.22142786179869,0.61261056745001
"2767",4.22142786179869,0.61261056745001,3.23549136734709,0.0795870138909414
"2768",3.23549136734709,0.0795870138909414,3.11558724773508,-0.195651409148564
"2769",3.11558724773508,-0.195651409148564,4.2486549981298,0.325503905496942
"2770",4.2486549981298,0.325503905496942,3.55104689610766,-0.383797902513553
"2771",3.55104689610766,-0.383797902513553,3.67775779980245,0.432667121569394
"2772",3.67775779980245,0.432667121569394,2.85082080020754,-0.45867252742411
"2773",2.85082080020754,-0.45867252742411,3.55575928508805,-0.216071761396898
"2774",3.55575928508805,-0.216071761396898,2.6476644752754,0.238935574598024
"2775",2.6476644752754,0.238935574598024,2.71520871732758,-0.380656309859963
"2776",2.71520871732758,-0.380656309859963,4.57956942430792,-0.515744793964324
"2777",4.57956942430792,-0.515744793964324,4.28199078684289,0.256388867117967
"2778",4.28199078684289,0.256388867117967,3.33741859566356,-0.437903109325377
"2779",3.33741859566356,-0.437903109325377,3.68037579368044,0.289724655831059
"2780",3.68037579368044,0.289724655831059,2.60333311227474,-0.123394778115999
"2781",2.60333311227474,-0.123394778115999,2.39040294353143,0.287281194878267
"2782",2.39040294353143,0.287281194878267,2.34921317318437,-0.201061929829747
"2783",2.34921317318437,-0.201061929829747,2.15705242253979,-0.237364778271229
"2784",2.15705242253979,-0.237364778271229,2.84872640510514,-0.223402144255274
"2785",2.84872640510514,-0.223402144255274,2.79793732387211,0.112922802604033
"2786",2.79793732387211,0.112922802604033,4.09576415565509,0.20001473227855
"2787",4.09576415565509,0.20001473227855,2.68100026398849,-0.0486946861306418
"2788",2.68100026398849,-0.0486946861306418,3.39571259268017,-0.317649923862968
"2789",3.39571259268017,-0.317649923862968,2.22738919139516,0.174009326423835
"2790",2.22738919139516,0.174009326423835,1.87273828738992,0.303338223996614
"2791",1.87273828738992,0.303338223996614,2.76006367910383,-0.616101225953998
"2792",2.76006367910383,-0.616101225953998,2.93791272988206,0.325503905496942
"2793",2.93791272988206,0.325503905496942,2.40349291292139,-0.525169571925094
"2794",2.40349291292139,-0.525169571925094,1.25995318701471,0.243822496503608
"2795",1.25995318701471,0.243822496503608,2.10364534742877,0.347145988221672
"2796",2.10364534742877,0.347145988221672,1.85772845582276,-0.365122879517214
"2797",1.85772845582276,-0.365122879517214,1.43291531588734,-0.306654349575404
"2798",1.43291531588734,-0.306654349575404,2.02911978836861,-0.292691715559449
"2799",2.02911978836861,-0.292691715559449,2.51117972776944,0.373325927001587
"2800",2.51117972776944,0.373325927001587,1.55142317209776,0.414864763199052
"2801",1.55142317209776,0.414864763199052,0.616275758879198,0.164060949687467
"2802",0.616275758879198,0.164060949687467,2.42722939074851,-0.400378530407499
"2803",2.42722939074851,-0.400378530407499,1.11142566766999,-0.513650398861931
"2804",1.11142566766999,-0.513650398861931,1.43535877684014,0.357443430808439
"2805",1.43535877684014,0.357443430808439,1.71059719987964,-0.393397213399522
"2806",1.71059719987964,-0.393397213399522,1.18734749013174,0.345575191894877
"2807",1.18734749013174,0.345575191894877,1.13167148699312,-0.125314640293193
"2808",1.13167148699312,-0.125314640293193,1.26885436619988,-0.176801853227026
"2809",1.26885436619988,-0.176801853227026,0.8002334620394,0.412595835171459
"2810",0.8002334620394,0.412595835171459,0.34766958699727,0.328470965225333
"2811",0.34766958699727,0.328470965225333,0.890990583143105,0.672998959569013
"2812",0.890990583143105,0.672998959569013,0.297578637465033,-0.299498499642227
"2813",0.297578637465033,-0.299498499642227,1.34355445818524,-0.141895268187139
"2814",1.34355445818524,-0.141895268187139,1.09885929705563,0.394968009726317
"2815",1.09885929705563,0.394968009726317,1.4451326206513,-0.179768912955416
"2816",1.4451326206513,-0.179768912955416,1.00530964914873,-0.125314640293193
"2817",1.00530964914873,-0.125314640293193,0.875108086949957,-0.239808239224021
"2818",0.875108086949957,-0.239808239224021,1.09467050685084,0.295135176512241
"2819",1.09467050685084,0.295135176512241,1.00880030765272,-0.532849020633869
"2820",1.00880030765272,-0.532849020633869,0.745779189377177,-0.0816814089933346
"2821",0.745779189377177,-0.0816814089933346,1.39521620404427,-0.457276264022514
"2822",1.39521620404427,-0.457276264022514,0.155508836352695,0.177674517853023
"2823",0.155508836352695,0.177674517853023,0.0460766922526503,-0.186226631187795
"2824",0.0460766922526503,-0.186226631187795,0.525867703625892,0.0436332312998582
"2825",0.525867703625892,0.0436332312998582,1.03655104275943,-0.448200551912144
"2826",1.03655104275943,-0.448200551912144,0.481187274774837,-0.217293491873294
"2827",0.481187274774837,-0.217293491873294,0.0628318530717959,-0.461115988376902
"2828",0.0628318530717959,-0.461115988376902,0.245393292830403,0.545240858323028
"2829",0.245393292830403,0.545240858323028,1.23324964945919,-0.331961623729321
"2830",1.23324964945919,-0.331961623729321,5.27071980809768,-0.115540796482025
"2831",5.27071980809768,-0.115540796482025,5.73096313184858,0.30176742766982
"2832",5.73096313184858,0.30176742766982,0.32323497746935,0.207345115136926
"2833",0.32323497746935,0.207345115136926,0.0225147473507269,-0.2462659574564
"2834",0.0225147473507269,-0.2462659574564,5.26984714347168,0.204028989558137
"2835",5.26984714347168,0.204028989558137,5.85435790996458,0.396538806053112
"2836",5.85435790996458,0.396538806053112,5.00071737281415,-0.0823795406941323
"2837",5.00071737281415,-0.0823795406941323,0.147305788868321,0.38467056713955
"2838",0.147305788868321,0.38467056713955,5.58138841495267,-0.0574213323906134
"2839",5.58138841495267,-0.0574213323906134,6.13849751218926,0.385892297615946
"2840",6.13849751218926,0.385892297615946,5.96815337719461,-0.136484747505957
"2841",5.96815337719461,-0.136484747505957,5.45851723561227,-0.172089464246641
"2842",5.45851723561227,-0.172089464246641,5.36898184498496,0.0804596785169386
"2843",5.36898184498496,0.0804596785169386,0.600916861461648,0.476300352869253
"2844",0.600916861461648,0.476300352869253,4.69057236473476,0.183608637309803
"2845",4.69057236473476,0.183608637309803,4.59423019002467,-0.191462618943778
"2846",4.59423019002467,-0.191462618943778,5.58156294787787,0.622733477111577
"2847",5.58156294787787,0.622733477111577,5.61612046706735,-0.194953277447767
"2848",5.61612046706735,-0.194953277447767,4.4324381683648,0.243473430653209
"2849",4.4324381683648,0.243473430653209,4.68341651480158,0.379783645233966
"2850",4.68341651480158,0.379783645233966,4.08564124599353,0.447676953136545
"2851",4.08564124599353,0.447676953136545,3.92646721821164,0.263370184125944
"2852",3.92646721821164,0.263370184125944,5.99188985502173,-0.263544717051144
"2853",5.99188985502173,-0.263544717051144,4.03624842816209,-0.439473905652172
"2854",4.03624842816209,-0.439473905652172,5.98525760386415,0.146956723017923
"2855",5.98525760386415,0.146956723017923,4.28478331364608,0.320267917740959
"2856",4.28478331364608,0.320267917740959,5.30213573463357,0.0171042266695444
"2857",5.30213573463357,0.0171042266695444,5.24541253394376,-0.345400658969678
"2858",5.24541253394376,-0.345400658969678,4.96825424872706,0.0345575191894877
"2859",4.96825424872706,0.0345575191894877,4.76649418719651,-0.277856416917497
"2860",4.76649418719651,-0.277856416917497,4.33452519732792,0.192335283569775
"2861",4.33452519732792,0.192335283569775,3.2328733734691,-0.455705467695719
"2862",3.2328733734691,-0.455705467695719,2.98765461356389,0.128979831722381
"2863",2.98765461356389,0.128979831722381,3.22065606870514,-0.359712358836031
"2864",3.22065606870514,-0.359712358836031,3.49205476739025,-0.419577152179437
"2865",3.49205476739025,-0.419577152179437,2.92150663491331,0.254643537865973
"2866",2.92150663491331,0.254643537865973,2.57645504179403,0.237364778271229
"2867",2.57645504179403,0.237364778271229,4.20921055703472,-0.210486707790516
"2868",4.20921055703472,-0.210486707790516,3.4765213370475,0.097563905186483
"2869",3.4765213370475,0.097563905186483,2.60472937567634,0.310145008079392
"2870",2.60472937567634,0.310145008079392,4.06679169007199,0.595506340780465
"2871",4.06679169007199,0.595506340780465,3.27441220966656,-0.286757596102668
"2872",3.27441220966656,-0.286757596102668,3.18365508856286,-0.386939495167143
"2873",3.18365508856286,-0.386939495167143,3.42835024969246,-0.0877900613753148
"2874",3.42835024969246,-0.0877900613753148,2.71276525637479,-0.362155819788823
"2875",2.71276525637479,-0.362155819788823,3.49222930031545,-0.304036355697412
"2876",3.49222930031545,-0.304036355697412,3.62417619176623,-0.401251195033496
"2877",3.62417619176623,-0.401251195033496,2.07310208551886,-0.164933614313464
"2878",2.07310208551886,-0.164933614313464,4.20188017417635,0.132994089001968
"2879",4.20188017417635,0.132994089001968,3.44144021908242,0.423591409459024
"2880",3.44144021908242,0.423591409459024,3.11995057086506,0.389557489045134
"2881",3.11995057086506,0.389557489045134,3.23496776857149,0.725533370054043
"2882",3.23496776857149,0.725533370054043,2.57069545526245,-0.157254165604689
"2883",2.57069545526245,-0.157254165604689,1.96070288169043,-0.210486707790516
"2884",1.96070288169043,-0.210486707790516,2.78013496550177,-0.111177473352039
"2885",2.78013496550177,-0.111177473352039,3.07980799806919,-0.198618468876955
"2886",3.07980799806919,-0.198618468876955,3.08958184188036,0.768468469653103
"2887",3.08958184188036,0.768468469653103,2.24431888513951,0.175056523975031
"2888",2.24431888513951,0.175056523975031,2.5558601566205,-0.583289036016505
"2889",2.5558601566205,-0.583289036016505,3.19150907019683,0.405789051088682
"2890",3.19150907019683,0.405789051088682,1.83975156452722,0.403520123061089
"2891",1.83975156452722,0.403520123061089,2.97980063192992,-0.231779724664847
"2892",2.97980063192992,-0.231779724664847,2.87368461340866,-0.577703982410123
"2893",2.87368461340866,-0.577703982410123,2.35863795114514,0.147305788868321
"2894",2.35863795114514,0.147305788868321,3.39675979023136,0.0314159265358979
"2895",3.39675979023136,0.0314159265358979,1.67691234531615,0.104021623418862
"2896",1.67691234531615,0.104021623418862,2.0327849797978,0.265464579228338
"2897",2.0327849797978,0.265464579228338,2.41745554693735,-0.638441440379526
"2898",2.41745554693735,-0.638441440379526,0.989427152955585,-0.541575666893841
"2899",0.989427152955585,-0.541575666893841,2.08985724633801,-0.500211363621575
"2900",2.08985724633801,-0.500211363621575,1.28735485627102,0.297055038689435
"2901",1.28735485627102,0.297055038689435,2.40436557754739,0.657640062151463
"2902",2.40436557754739,0.657640062151463,1.30829880729495,-0.183085038534205
"2903",1.30829880729495,-0.183085038534205,2.09945655722398,0.379783645233966
"2904",2.09945655722398,0.379783645233966,2.37312418393669,-0.308050612976999
"2905",2.37312418393669,-0.308050612976999,0.749444380806365,-0.0450294947014537
"2906",0.749444380806365,-0.0450294947014537,0.744557458900781,0.323933109170148
"2907",0.744557458900781,0.323933109170148,1.52035631141226,0.29845130209103
"2908",1.52035631141226,0.29845130209103,0.742113997947989,0.183783170235003
"2909",0.742113997947989,0.183783170235003,0.00994837673636768,-0.482059939400834
"2910",0.00994837673636768,-0.482059939400834,0.255690735417169,-0.0830776723949301
"2911",0.255690735417169,-0.0830776723949301,6.26869907438803,-0.276111087665503
"2912",6.26869907438803,-0.276111087665503,6.08683576633022,-0.100181899064475
"2913",6.08683576633022,-0.100181899064475,0.810879970476566,0.124441975667196
"2914",0.810879970476566,0.124441975667196,0.0712094334813687,0.157603231455088
"2915",0.0712094334813687,0.157603231455088,0.170344134994647,0.287630260728665
"2916",0.170344134994647,0.287630260728665,1.03131505500345,-0.605454717516833
"2917",1.03131505500345,-0.605454717516833,0.397935069454707,0.343655329717683
"2918",0.397935069454707,0.343655329717683,5.79850737390076,0.316428193386572
"2919",5.79850737390076,0.316428193386572,0.029845130209103,-0.100705497840073
"2920",0.029845130209103,-0.100705497840073,5.3237778173583,0.208915911463721
"2921",5.3237778173583,0.208915911463721,5.37299610226454,-0.106988683147252
"2922",5.37299610226454,-0.106988683147252,6.08613763462943,0.4618141200777
"2923",6.08613763462943,0.4618141200777,5.63706441809129,-0.545589924173427
"2924",5.63706441809129,-0.545589924173427,5.26705461666849,-0.306479816650204
"2925",5.26705461666849,-0.306479816650204,5.58086481617707,-0.133517687777566
"2926",5.58086481617707,-0.133517687777566,5.74824189144332,0.149749249821113
"2927",5.74824189144332,0.149749249821113,5.2021283684943,-0.67422069004541
"2928",5.2021283684943,-0.67422069004541,5.46305509166745,-0.346796922371273
"2929",5.46305509166745,-0.346796922371273,4.69231769398676,0.488517657633213
"2930",4.69231769398676,0.488517657633213,4.56909744879596,0.345051593119279
"2931",4.56909744879596,0.345051593119279,6.09137362238541,0.153239908325102
"2932",6.09137362238541,0.153239908325102,5.08082798548069,-0.312588469032184
"2933",5.08082798548069,-0.312588469032184,5.87146213663412,-0.241379035550816
"2934",5.87146213663412,-0.241379035550816,4.77382457005489,0.370882466048795
"2935",4.77382457005489,0.370882466048795,6.04424973258156,0.328820031075732
"2936",6.04424973258156,0.328820031075732,5.10159740357942,-0.179245314179818
"2937",5.10159740357942,-0.179245314179818,4.44465547312876,0.239284640448423
"2938",4.44465547312876,0.239284640448423,4.84660479986305,-0.22165681500328
"2939",4.84660479986305,-0.22165681500328,5.32936287096468,0.113446401379631
"2940",5.32936287096468,0.113446401379631,5.2005575721675,0.255865268342369
"2941",5.2005575721675,0.255865268342369,3.87288561017542,0.264417381677141
"2942",3.87288561017542,0.264417381677141,4.96581078777427,0.364948346592014
"2943",4.96581078777427,0.364948346592014,3.93641559494801,0.288502925354663
"2944",3.93641559494801,0.288502925354663,4.96563625484907,-0.257261531743964
"2945",4.96563625484907,-0.257261531743964,3.4159584120033,-0.431794456943397
"2946",3.4159584120033,-0.431794456943397,4.14707683566373,-0.40945424251787
"2947",4.14707683566373,-0.40945424251787,5.70024533701348,-0.0979129710368819
"2948",5.70024533701348,-0.0979129710368819,3.40566096941654,-0.134390352403563
"2949",3.40566096941654,-0.134390352403563,2.97055038689435,-0.269827902358323
"2950",2.97055038689435,-0.269827902358323,4.36018153733223,-0.305781684949406
"2951",4.36018153733223,-0.305781684949406,4.1247366212382,0.177849050778222
"2952",4.1247366212382,0.177849050778222,2.62375346452308,0.249058484259591
"2953",2.62375346452308,0.249058484259591,4.79005613209844,0.285884931476671
"2954",4.79005613209844,0.285884931476671,2.79584292876972,-0.562868683768171
"2955",2.79584292876972,-0.562868683768171,2.57994570029802,-0.508414411105948
"2956",2.57994570029802,-0.508414411105948,2.57313891621524,-0.163362817986669
"2957",2.57313891621524,-0.163362817986669,2.86862315857788,-0.409803308368269
"2958",2.86862315857788,-0.409803308368269,3.18993827387004,0.203330857857339
"2959",3.18993827387004,0.203330857857339,2.76198354128103,0.199142067652553
"2960",2.76198354128103,0.199142067652553,4.9544661476363,0.24312436480281
"2961",4.9544661476363,0.24312436480281,3.47268161269312,-0.0373500459926787
"2962",3.47268161269312,-0.0373500459926787,3.26725635973339,0.241553568476015
"2963",3.26725635973339,0.241553568476015,2.09753669504679,-0.170169602069447
"2964",2.09753669504679,-0.170169602069447,2.34956223903477,-0.185353966561798
"2965",2.34956223903477,-0.185353966561798,2.50384934491107,-0.142593399887937
"2966",2.50384934491107,-0.142593399887937,3.24718507333545,0.457799862798113
"2967",3.24718507333545,0.457799862798113,3.13146974392823,0.350636646725661
"2968",3.13146974392823,0.350636646725661,2.79025787516333,-0.0148352986419518
"2969",2.79025787516333,-0.0148352986419518,3.26481289878059,-0.288851991205062
"2970",3.26481289878059,-0.288851991205062,3.58787334332474,-0.0802851455917391
"2971",3.58787334332474,-0.0802851455917391,3.50549380263061,0.0621337213709981
"2972",3.50549380263061,0.0621337213709981,3.08364772242358,0.125838239068791
"2973",3.08364772242358,0.125838239068791,1.80519404533774,-0.365297412442413
"2974",1.80519404533774,-0.365297412442413,1.71513505593483,0.28920105705546
"2975",1.71513505593483,0.28920105705546,2.09055537803881,0.454134671368924
"2976",2.09055537803881,0.454134671368924,2.9239500958661,-0.15079644737231
"2977",2.9239500958661,-0.15079644737231,2.81224902373846,-0.231256125889249
"2978",2.81224902373846,-0.231256125889249,1.39731059914666,-0.503178423349965
"2979",1.39731059914666,-0.503178423349965,2.09683856334599,0.372802328225989
"2980",2.09683856334599,0.372802328225989,2.38446882407465,-0.105417886820457
"2981",2.38446882407465,-0.105417886820457,1.65230320286303,-0.363028484414821
"2982",1.65230320286303,-0.363028484414821,1.04946647922419,0.122173047639603
"2983",1.04946647922419,0.122173047639603,1.93714093678851,-0.0874409955249159
"2984",1.93714093678851,-0.0874409955249159,2.27259321902182,0.425162205785819
"2985",2.27259321902182,0.425162205785819,0.786794426799044,-0.596379005406462
"2986",0.786794426799044,-0.596379005406462,0.872664625997165,0.296182374063438
"2987",0.872664625997165,0.296182374063438,0.825540736193318,0.348542251623268
"2988",0.825540736193318,0.348542251623268,1.61408049224436,0.0879645943005142
"2989",1.61408049224436,0.0879645943005142,0.658338193852261,-0.360759556387228
"2990",0.658338193852261,-0.360759556387228,1.92928695515453,-0.205250720034533
"2991",1.92928695515453,-0.205250720034533,2.14221712389784,0.183085038534205
"2992",2.14221712389784,0.183085038534205,1.0459758207202,-0.126361837844389
"2993",1.0459758207202,-0.126361837844389,1.90048902249663,0.165806278939461
"2994",1.90048902249663,0.165806278939461,0.283616003449079,-0.355872634481644
"2995",0.283616003449079,-0.355872634481644,0.53232542185827,-0.537561409614253
"2996",0.53232542185827,-0.537561409614253,2.01428448972666,0.417308224151844
"2997",2.01428448972666,0.417308224151844,1.2301080568056,0.0694641042293743
"2998",1.2301080568056,0.0694641042293743,0.781383906117861,0.484503400353626
"2999",0.781383906117861,0.484503400353626,6.16275758879198,-0.290248254606657
"3000",6.16275758879198,-0.290248254606657,0.511730536684737,-0.361283155162826
"3001",0.511730536684737,-0.361283155162826,0.458323461573711,-0.0486946861306418
"3002",0.458323461573711,-0.0486946861306418,0.53564154743706,0.249058484259591
"3003",0.53564154743706,0.249058484259591,5.9705968381474,-0.219038821125288
"3004",5.9705968381474,-0.219038821125288,0.0818559419185341,0.293040781409848
"3005",0.0818559419185341,0.293040781409848,0.800582527889799,0.234223185617639
"3006",0.800582527889799,0.234223185617639,1.19799399856891,0.363726616115618
"3007",1.19799399856891,0.363726616115618,0.510334273283142,0.351683844276857
"3008",0.510334273283142,0.351683844276857,0.175231056900231,-0.399680398706701
"3009",0.175231056900231,-0.399680398706701,0.284314135149876,0.215897228471699
"3010",0.284314135149876,0.215897228471699,5.92975613365073,0.276111087665503
"3011",5.92975613365073,0.276111087665503,5.62135645482334,0.1232202451908
"3012",5.62135645482334,0.1232202451908,5.59273305509063,-0.151494579073108
"3013",5.59273305509063,-0.151494579073108,0.0829031394697307,-0.462861317628896
"3014",0.0829031394697307,-0.462861317628896,0.875980751575954,-0.11082840750164
"3015",0.875980751575954,-0.11082840750164,5.76307719008528,0.297753170390233
"3016",5.76307719008528,0.297753170390233,5.24000201326258,-0.1232202451908
"3017",5.24000201326258,-0.1232202451908,4.66194896500205,0.337197611485304
"3018",4.66194896500205,0.337197611485304,5.05848777105517,0.26459191460234
"3019",5.05848777105517,0.26459191460234,4.89076162993851,-0.220260551601684
"3020",4.89076162993851,-0.220260551601684,4.77242830665329,-0.271398698685118
"3021",4.77242830665329,-0.271398698685118,0.438950306876574,-0.206472450510929
"3022",0.438950306876574,-0.206472450510929,5.55032155426717,0.300371164268224
"3023",5.55032155426717,0.300371164268224,4.62931130798976,-0.068940505453776
"3024",4.62931130798976,-0.068940505453776,4.21968253254669,0.125314640293193
"3025",4.21968253254669,0.125314640293193,4.47135901068427,0.243997029428807
"3026",4.47135901068427,0.243997029428807,5.14994302385967,-0.216769893097696
"3027",5.14994302385967,-0.216769893097696,6.02121138645524,0.0472984227290463
"3028",6.02121138645524,0.0472984227290463,3.75647214906739,0.513475865936732
"3029",3.75647214906739,0.513475865936732,4.37501683597419,0.322187779918153
"3030",4.37501683597419,0.322187779918153,4.23381969948784,0.272620429161514
"3031",4.23381969948784,0.272620429161514,4.740663314267,0.438252175175776
"3032",4.740663314267,0.438252175175776,3.5693728532536,-0.131248759749974
"3033",3.5693728532536,-0.131248759749974,3.67566340470006,0.324631240870945
"3034",3.67566340470006,0.324631240870945,3.44196381785802,0.404567320612286
"3035",3.44196381785802,0.404567320612286,3.30635173497806,0.0472984227290463
"3036",3.30635173497806,0.0472984227290463,4.87557726544616,-0.432841654494594
"3037",4.87557726544616,-0.432841654494594,4.77417363590529,-0.558330827712986
"3038",4.77417363590529,-0.558330827712986,3.37023078560105,0.210137641940117
"3039",3.37023078560105,0.210137641940117,4.9553388122623,-0.29251718263425
"3040",4.9553388122623,-0.29251718263425,3.0459486105805,0.0923279174305
"3041",3.0459486105805,0.0923279174305,4.22334772397588,0.347145988221672
"3042",4.22334772397588,0.347145988221672,2.95362069315,0.194429678672168
"3043",2.95362069315,0.194429678672168,4.51761023586212,-0.491484717361603
"3044",4.51761023586212,-0.491484717361603,3.76205720267378,-0.150447381521911
"3045",3.76205720267378,-0.150447381521911,3.03861822772213,0.577703982410123
"3046",3.03861822772213,0.577703982410123,3.28662951443052,0.266337243854335
"3047",3.28662951443052,0.266337243854335,2.81102729326207,-0.216595360172496
"3048",2.81102729326207,-0.216595360172496,2.76006367910383,-0.432841654494594
"3049",2.76006367910383,-0.432841654494594,3.81232268513121,-0.207868713912525
"3050",3.81232268513121,-0.207868713912525,4.31759550358357,-0.354999969855647
"3051",4.31759550358357,-0.354999969855647,4.45669824496752,0.315206462910176
"3052",4.45669824496752,0.315206462910176,2.71555778317798,0.0600393262686049
"3053",2.71555778317798,0.0600393262686049,2.28550865548657,-0.361806753938424
"3054",2.28550865548657,-0.361806753938424,2.87734980483785,-0.448898683612941
"3055",2.87734980483785,-0.448898683612941,1.7547540299551,-0.196175007924163
"3056",1.7547540299551,-0.196175007924163,2.20696883914683,-0.173834793498635
"3057",2.20696883914683,-0.173834793498635,2.62392799744827,-0.24923301718479
"3058",2.62392799744827,-0.24923301718479,1.86697870085833,-0.172962128872638
"3059",1.86697870085833,-0.172962128872638,2.39406813496062,-0.480314610148839
"3060",2.39406813496062,-0.480314610148839,1.99334053870272,-0.266686309704734
"3061",1.99334053870272,-0.266686309704734,0.577180383634525,0.324980306721344
"3062",0.577180383634525,0.324980306721344,2.05948851735331,0.301069295969022
"3063",2.05948851735331,0.301069295969022,1.82770879268846,0.419402619254237
"3064",1.82770879268846,0.419402619254237,1.38753675533549,0.259355926846357
"3065",1.38753675533549,0.259355926846357,0.0827286065445312,0.270526034059121
"3066",0.0827286065445312,0.270526034059121,6.12750193790169,-0.295135176512241
"3067",6.12750193790169,-0.295135176512241,2.09998015599958,0.417831822927443
"3068",2.09998015599958,0.417831822927443,1.07913707650809,-0.51103240498394
"3069",1.07913707650809,-0.51103240498394,1.5091862041995,0.505796417227957
"3070",1.5091862041995,0.505796417227957,5.54473650066079,0.188321026290188
"3071",5.54473650066079,0.188321026290188,0.967610537305656,0.2460914245312
"3072",0.967610537305656,0.2460914245312,5.75801573525449,0.16615534478986
"3073",5.75801573525449,0.16615534478986,0.133692220702766,-0.257436064669164
"3074",0.133692220702766,-0.257436064669164,4.93491846001397,-0.314682864134578
"3075",4.93491846001397,-0.314682864134578,5.94546409691868,-0.392175482923126
"3076",5.94546409691868,-0.392175482923126,4.90821492245845,-0.198793001802154
"3077",4.90821492245845,-0.198793001802154,5.98386134046256,0.222354946704078
"3078",5.98386134046256,0.222354946704078,5.96169565896223,-0.203330857857339
"3079",5.96169565896223,-0.203330857857339,4.62669331411177,0.253596340314776
"3080",4.62669331411177,0.253596340314776,4.76282899576733,0.371056998973995
"3081",4.76282899576733,0.371056998973995,5.88594836942568,-0.134564885328763
"3082",5.88594836942568,-0.134564885328763,4.05963584013881,0.371406064824393
"3083",4.05963584013881,0.371406064824393,4.43889588659718,-0.0907571211037051
"3084",4.43889588659718,-0.0907571211037051,4.26872628452773,-0.559378025264183
"3085",4.26872628452773,-0.559378025264183,4.34377544236349,-0.341211868764891
"3086",4.34377544236349,-0.341211868764891,4.37414417134819,0.356570766182442
"3087",4.37414417134819,0.356570766182442,5.09444155364625,-0.363377550265219
"3088",5.09444155364625,-0.363377550265219,6.05297637884153,0.158650429006285
"3089",6.05297637884153,0.158650429006285,3.63586989775459,-0.079412480965742
"3090",3.63586989775459,-0.079412480965742,4.91205464681284,0.333183354205717
"3091",4.91205464681284,0.333183354205717,3.66746035721568,0.25534166956677
"3092",3.66746035721568,0.25534166956677,3.22449579305952,0.384496034214351
"3093",3.22449579305952,0.384496034214351,3.15328635957815,-0.196524073774562
"3094",3.15328635957815,-0.196524073774562,4.55286588675241,-0.174881991049832
"3095",4.55286588675241,-0.174881991049832,4.09698588613149,0.272969495011913
"3096",4.09698588613149,0.272969495011913,2.98241862580791,0.21851522234969
"3097",2.98241862580791,0.21851522234969,3.39449086220377,-0.118333323285216
"3098",3.39449086220377,-0.118333323285216,3.37372144410504,0.318348055563766
"3099",3.37372144410504,0.318348055563766,2.85972197939271,-0.175231056900231
"3100",2.85972197939271,-0.175231056900231,2.36527020230272,-0.367740873395205
"3101",2.36527020230272,-0.367740873395205,2.26037591425786,0.405090919387884
"3102",2.26037591425786,0.405090919387884,3.42590678873967,0.421322481431431
"3103",3.42590678873967,0.421322481431431,2.26229577643505,-0.111002940426839
"3104",2.26229577643505,-0.111002940426839,2.67506614453171,-0.203505390782539
"3105",2.67506614453171,-0.203505390782539,1.80833563799132,-0.228114533235659
"3106",1.80833563799132,-0.228114533235659,2.79479573121852,0.227416401534861
"3107",2.79479573121852,0.227416401534861,2.78676721665935,-0.105417886820457
"3108",2.78676721665935,-0.105417886820457,2.46423037089079,0.263544717051144
"3109",2.46423037089079,0.263544717051144,2.33717040134561,-0.500036830696375
"3110",2.33717040134561,-0.500036830696375,3.35207936138031,0.206646983436129
"3111",3.35207936138031,0.206646983436129,2.37661484244068,0.305956217874606
"3112",2.37661484244068,0.305956217874606,2.20155831846565,-0.147305788868321
"3113",2.20155831846565,-0.147305788868321,1.22906085925441,-0.553967504583
"3114",1.22906085925441,-0.553967504583,0.854338668851224,0.266337243854335
"3115",0.854338668851224,0.266337243854335,0.69568823984494,-0.290422787531856
"3116",0.69568823984494,-0.290422787531856,1.11962871515436,-0.150272848596712
"3117",1.11962871515436,-0.150272848596712,1.2606513187155,-0.10471975511966
"3118",1.2606513187155,-0.10471975511966,1.24302349327036,-0.236666646570431
"3119",1.24302349327036,-0.236666646570431,1.91864044671737,0.168075206967054
"3120",1.91864044671737,0.168075206967054,0.235270383168836,-0.585208898193699
"3121",0.235270383168836,-0.585208898193699,1.40970243683582,-0.585907029894496
"3122",1.40970243683582,-0.585907029894496,1.59104214611803,-0.219038821125288
"3123",1.59104214611803,-0.219038821125288,1.52524323331784,-0.356570766182442
"3124",1.52524323331784,-0.356570766182442,0.810879970476566,0.170518667919846
"3125",0.810879970476566,0.170518667919846,0.63390358432434,0.39095375244673
"3126",0.63390358432434,0.39095375244673,0.296531439913837,-0.213802833369305
"3127",0.296531439913837,-0.213802833369305,0.709999939711293,0.249058484259591
"3128",0.709999939711293,0.249058484259591,1.04475409024381,0.415911960750249
"3129",1.04475409024381,0.415911960750249,6.14896948770122,0.253770873239975
"3130",6.14896948770122,0.253770873239975,6.11563369898813,-0.288851991205062
"3131",6.11563369898813,-0.288851991205062,0.792030414555027,0.387463093942741
"3132",0.792030414555027,0.387463093942741,0.992045146833577,-0.0385717764690747
"3133",0.992045146833577,-0.0385717764690747,5.92277481664276,0.116762526958421
"3134",5.92277481664276,0.116762526958421,5.84440953322821,0.250978346436785
"3135",5.84440953322821,0.250978346436785,5.77424729729804,-0.137531945057153
"3136",5.77424729729804,-0.137531945057153,1.12626096631194,0.336848545634906
"3137",1.12626096631194,0.336848545634906,1.76941479567185,-0.518537320767515
"3138",1.76941479567185,-0.518537320767515,0.505970950153156,0.407185314490277
"3139",0.505970950153156,0.407185314490277,5.59273305509063,0.106290551446455
"3140",5.59273305509063,0.106290551446455,0.74473199182598,-0.210835773640915
"3141",0.74473199182598,-0.210835773640915,0.310668606854991,-0.0972148393360842
"3142",0.310668606854991,-0.0972148393360842,0.701971425152119,0.383099770812755
"3143",0.701971425152119,0.383099770812755,0.0476474885794452,0.324107642095347
"3144",0.0476474885794452,0.324107642095347,0.158126830230686,0.20001473227855
"3145",0.158126830230686,0.20001473227855,0.10471975511966,-0.284314135149876
"3146",0.10471975511966,-0.284314135149876,5.15517901161565,-0.263544717051144
"3147",5.15517901161565,-0.263544717051144,5.95576153950545,-0.0959931088596881
"3148",5.95576153950545,-0.0959931088596881,5.8780943877917,-0.479616478448042
"3149",5.8780943877917,-0.479616478448042,4.88639830680852,0.0649262481741891
"3150",4.88639830680852,0.0649262481741891,4.87749712762335,0.176801853227026
"3151",4.87749712762335,0.176801853227026,6.24182100390732,0.427431133813411
"3152",6.24182100390732,0.427431133813411,0.0523598775598299,-0.592888346902474
"3153",0.0523598775598299,-0.592888346902474,0.845786555516452,-0.281696141271885
"3154",0.845786555516452,-0.281696141271885,4.66788308445883,-0.103148958792865
"3155",4.66788308445883,-0.103148958792865,6.0028854293093,-0.122522113490002
"3156",6.0028854293093,-0.122522113490002,5.12463574970575,0.26773350725593
"3157",5.12463574970575,0.26773350725593,4.22072973009789,0.306828882500603
"3158",4.22072973009789,0.306828882500603,4.85533144612303,-0.389382956119935
"3159",4.85533144612303,-0.389382956119935,4.79982997590961,-0.289550122905859
"3160",4.79982997590961,-0.289550122905859,4.63681622377334,0.0687659725285766
"3161",4.63681622377334,0.0687659725285766,4.5875979388671,0.332659755430119
"3162",4.5875979388671,0.332659755430119,4.85899663755221,0.334405084682113
"3163",4.85899663755221,0.334405084682113,4.31916629991037,-0.274365758413509
"3164",4.31916629991037,-0.274365758413509,3.85106899452549,0.524471440224296
"3165",3.85106899452549,0.524471440224296,3.48821504303587,-0.41538836197465
"3166",3.48821504303587,-0.41538836197465,3.34754150532512,0.441917366604964
"3167",3.34754150532512,0.441917366604964,3.23584043319749,-0.128107167096384
"3168",3.23584043319749,-0.128107167096384,3.24282175020546,-0.486772328381218
"3169",3.24282175020546,-0.486772328381218,4.32684574861914,-0.386939495167143
"3170",4.32684574861914,-0.386939495167143,5.05848777105517,0.268431638956728
"3171",5.05848777105517,0.268431638956728,5.30091400415718,-0.164060949687467
"3172",5.30091400415718,-0.164060949687467,3.68264472170804,-0.292691715559449
"3173",3.68264472170804,-0.292691715559449,2.97055038689435,0.414166631498254
"3174",2.97055038689435,0.414166631498254,4.2778019966381,-0.170518667919846
"3175",4.2778019966381,-0.170518667919846,3.15887141318454,0.426907535037813
"3176",3.15887141318454,0.426907535037813,2.76250714005662,0.384496034214351
"3177",2.76250714005662,0.384496034214351,3.36080600764028,0.263370184125944
"3178",3.36080600764028,0.263370184125944,2.64138128996822,-0.133168621927167
"3179",2.64138128996822,-0.133168621927167,2.15740148839019,0.194953277447767
"3180",2.15740148839019,0.194953277447767,3.20721703346478,-0.314508331209378
"3181",3.20721703346478,-0.314508331209378,1.93574467338691,0.18779742751459
"3182",1.93574467338691,0.18779742751459,2.8630381049715,-0.316079127536173
"3183",2.8630381049715,-0.316079127536173,3.18679668121645,0.21223203704251
"3184",3.18679668121645,0.21223203704251,3.72784874933469,0.219038821125288
"3185",3.72784874933469,0.219038821125288,2.74435571583588,0.378910980607969
"3186",2.74435571583588,0.378910980607969,1.34495072158683,0.283965069299477
"3187",1.34495072158683,0.283965069299477,2.44154109061487,0.143466064513934
"3188",2.44154109061487,0.143466064513934,1.18979095108453,-0.24940755010999
"3189",1.18979095108453,-0.24940755010999,2.27084788976982,-0.226020138133266
"3190",2.27084788976982,-0.226020138133266,2.04779481136495,0.0980875039620813
"3191",2.04779481136495,0.0980875039620813,1.58301363155886,-0.36634460999361
"3192",1.58301363155886,-0.36634460999361,0.837932573882478,-0.271049632834719
"3193",0.837932573882478,-0.271049632834719,1.79960899173135,0.177674517853023
"3194",1.79960899173135,0.177674517853023,0.848404549394444,0.102276294166868
"3195",0.848404549394444,0.102276294166868,2.60926723173152,0.238586508747625
"3196",2.60926723173152,0.238586508747625,2.02737445911661,-0.25534166956677
"3197",2.02737445911661,-0.25534166956677,0.0788888821901437,0.111002940426839
"3198",0.0788888821901437,0.111002940426839,0.937416341246154,-0.175056523975031
"3199",0.937416341246154,-0.175056523975031,6.04093360700277,0.0827286065445312
"3200",6.04093360700277,0.0827286065445312,6.07915631762145,0.168598805742652
"3201",6.07915631762145,0.168598805742652,0.705636616581307,0.297404104539834
"3202",0.705636616581307,0.297404104539834,0.941430598525741,0.31101767270539
"3203",0.941430598525741,0.31101767270539,0.748222650329969,-0.318173522638566
"3204",0.748222650329969,-0.318173522638566,6.03412682292,-0.112050137978036
"3205",6.03412682292,-0.112050137978036,0.965516142203263,0.196175007924163
"3206",0.965516142203263,0.196175007924163,6.06693901285749,-0.241902634326414
"3207",6.06693901285749,-0.241902634326414,5.85837216724417,-0.312937534882583
"3208",5.85837216724417,-0.312937534882583,5.49900887425853,-0.375245789178781
"3209",5.49900887425853,-0.375245789178781,0.500385896546774,-0.158999494856683
"3210",0.500385896546774,-0.158999494856683,5.05098285527159,-0.300545697193424
"3211",5.05098285527159,-0.300545697193424,5.71909489293502,0.238237442897226
"3212",5.71909489293502,0.238237442897226,6.03674481679799,0.267558974330731
"3213",6.03674481679799,0.267558974330731,4.88482751048173,0.0759218224617533
"3214",4.88482751048173,0.0759218224617533,5.38468980825291,0.397586003604308
"3215",5.38468980825291,0.397586003604308,5.88908996207927,0.371580597749593
"3216",5.88908996207927,0.371580597749593,0.419402619254237,0.277332818141899
"3217",0.419402619254237,0.277332818141899,5.4469980625491,-0.23701571242083
"3218",5.4469980625491,-0.23701571242083,4.36367219583622,-0.374547657477983
"3219",4.36367219583622,-0.374547657477983,4.17796916342403,0.33562681515851
"3220",4.17796916342403,0.33562681515851,0.130550628049176,-0.0958185759344887
"3221",0.130550628049176,-0.0958185759344887,5.0178215994837,0.227590934460061
"3222",5.0178215994837,0.227590934460061,3.39536352682977,0.139102741383948
"3223",3.39536352682977,0.139102741383948,3.45592645187397,-0.391302818297129
"3224",3.45592645187397,-0.391302818297129,3.26446383293019,-0.137706477982353
"3225",3.26446383293019,-0.137706477982353,4.42929657571121,0.336324946859307
"3226",4.42929657571121,0.336324946859307,3.98755374203144,0.489564855184409
"3227",3.98755374203144,0.489564855184409,3.25503905496943,-0.063704517697793
"3228",3.25503905496943,-0.063704517697793,3.08399678827398,-0.463035850554096
"3229",3.08399678827398,-0.463035850554096,4.36611565678901,-0.674569755895808
"3230",4.36611565678901,-0.674569755895808,4.90699319198206,-0.927118898659388
"3231",4.90699319198206,-0.927118898659388,3.89470222582535,0.290771853382255
"3232",3.89470222582535,0.290771853382255,2.82865511870721,0.383797902513553
"3233",2.82865511870721,0.383797902513553,3.58211375679316,0.247313155007596
"3234",3.58211375679316,0.247313155007596,3.19534879455122,-0.367217274619607
"3235",3.19534879455122,-0.367217274619607,2.87822246946385,0.128630765871982
"3236",2.87822246946385,0.128630765871982,2.25007847167109,-0.211708438266912
"3237",2.25007847167109,-0.211708438266912,3.36551839662067,-0.465653844432087
"3238",3.36551839662067,-0.465653844432087,2.47382968177676,-0.334230551756914
"3239",2.47382968177676,-0.334230551756914,3.140021857263,0.422195146057428
"3240",3.140021857263,0.422195146057428,1.77203278954984,-0.205774318810131
"3241",1.77203278954984,-0.205774318810131,4.20554536560554,0.141197136486341
"3242",4.20554536560554,0.141197136486341,3.22414672720912,0.109955742875643
"3243",3.22414672720912,0.109955742875643,1.9710003242772,-0.296007841138238
"3244",1.9710003242772,-0.296007841138238,1.59278747537003,0.271922297460716
"3245",1.59278747537003,0.271922297460716,2.96217280648478,0.348716784548467
"3246",2.96217280648478,0.348716784548467,1.45560459616327,-0.188146493364989
"3247",1.45560459616327,-0.188146493364989,1.53100281984943,-0.300371164268224
"3248",1.53100281984943,-0.300371164268224,1.51215326392789,-0.0972148393360842
"3249",1.51215326392789,-0.0972148393360842,1.2014846570729,0.285361332701073
"3250",1.2014846570729,0.285361332701073,2.10172548525157,-0.321315115292156
"3251",2.10172548525157,-0.321315115292156,1.10531701528801,0.325154839646544
"3252",1.10531701528801,0.325154839646544,1.73922059961235,-0.505621884302757
"3253",1.73922059961235,-0.505621884302757,1.00880030765272,-0.144338729139931
"3254",1.00880030765272,-0.144338729139931,0.930435024238177,0.244869694054804
"3255",0.930435024238177,0.244869694054804,2.10155095232637,0.239110107523223
"3256",2.10155095232637,0.239110107523223,1.1372565405995,-0.280474410795489
"3257",1.1372565405995,-0.280474410795489,2.4930283035487,-0.461115988376902
"3258",2.4930283035487,-0.461115988376902,2.30121661875452,-0.257959663444762
"3259",2.30121661875452,-0.257959663444762,0.138055543832751,0.272794962086714
"3260",0.138055543832751,0.272794962086714,0.00436332312998582,0.0614355896702004
"3261",0.00436332312998582,0.0614355896702004,0.740368668695995,-0.23387411976724
"3262",0.740368668695995,-0.23387411976724,0.969181333632451,-0.252898208613978
"3263",0.969181333632451,-0.252898208613978,1.91706965039057,0.101927228316469
"3264",1.91706965039057,0.101927228316469,0.751887841759157,0.35709436495804
"3265",0.751887841759157,0.35709436495804,5.9700732393718,0.204901654184134
"3266",5.9700732393718,0.204901654184134,1.95948115121403,0.269827902358323
"3267",1.95948115121403,0.269827902358323,0.562170552067374,-0.285186799775873
"3268",0.562170552067374,-0.285186799775873,6.19050832389869,0.509810674507544
"3269",6.19050832389869,0.509810674507544,0.654149403647475,-0.0424115008234622
"3270",0.654149403647475,-0.0424115008234622,6.2474060575137,-0.00401425727958696
"3271",6.2474060575137,-0.00401425727958696,0.306654349575404,0.0287979326579064
"3272",0.306654349575404,0.0287979326579064,6.18317794104031,-0.206996049286527
"3273",6.18317794104031,-0.206996049286527,0.176801853227026,0.0925024503556995
"3274",0.176801853227026,0.0925024503556995,0.00366519142918809,0.173834793498635
"3275",0.00366519142918809,0.173834793498635,5.84615486248021,0.383623369588354
"3276",5.84615486248021,0.383623369588354,5.88088691459489,-0.321838714067754
"3277",5.88088691459489,-0.321838714067754,0.665319510860238,0.134739418253962
"3278",0.665319510860238,0.134739418253962,1.2918927123262,-0.364599280741615
"3279",1.2918927123262,-0.364599280741615,6.11127037585814,0.29234264970905
"3280",6.11127037585814,0.29234264970905,5.6328756278865,-0.507367213554752
"3281",5.6328756278865,-0.507367213554752,6.02679644006162,-0.0675442420521806
"3282",6.02679644006162,-0.0675442420521806,0.162315620435473,-0.192509816494975
"3283",0.162315620435473,-0.192509816494975,5.54334023725919,0.189891822616983
"3284",5.54334023725919,0.189891822616983,0.21223203704251,-0.03385938748869
"3285",0.21223203704251,-0.03385938748869,5.6002379708742,-0.127758101245985
"3286",5.6002379708742,-0.127758101245985,4.5553093477052,0.308050612976999
"3287",4.5553093477052,0.308050612976999,4.46891554973148,-0.338768407812099
"3288",4.46891554973148,-0.338768407812099,4.50958172130295,0.192160750644576
"3289",4.50958172130295,0.192160750644576,4.80017904176,-0.126361837844389
"3290",4.80017904176,-0.126361837844389,5.77895968627842,-0.379609112308767
"3291",5.77895968627842,-0.379609112308767,4.95219721960871,0.14451326206513
"3292",4.95219721960871,0.14451326206513,4.17744556464843,0.24940755010999
"3293",4.17744556464843,0.24940755010999,5.81473893594431,-0.583114503091305
"3294",5.81473893594431,-0.583114503091305,5.1398201141981,-0.242426233102012
"3295",5.1398201141981,-0.242426233102012,4.23888115431863,0.122347580564802
"3296",4.23888115431863,0.122347580564802,4.65688751017127,0.344527994343681
"3297",4.65688751017127,0.344527994343681,4.29228822942965,0.199665666428151
"3298",4.29228822942965,0.199665666428151,3.16864525699571,0.219562419900887
"3299",3.16864525699571,0.219562419900887,3.05484978976568,0.172089464246641
"3300",3.05484978976568,0.172089464246641,4.5865507413159,-0.219038821125288
"3301",4.5865507413159,-0.219038821125288,3.48280452235469,0.132994089001968
"3302",3.48280452235469,0.132994089001968,3.34387631389594,0.273318560862312
"3303",3.34387631389594,0.273318560862312,3.7238344920551,0.262497519499947
"3304",3.7238344920551,0.262497519499947,3.13059707930223,0.340513737064094
"3305",3.13059707930223,0.340513737064094,2.46039064653641,0.399680398706701
"3306",2.46039064653641,0.399680398706701,2.32373136610525,-0.304036355697412
"3307",2.32373136610525,-0.304036355697412,3.52504149025295,-0.44924774946334
"3308",3.52504149025295,-0.44924774946334,3.22973178081551,-0.155857902203094
"3309",3.22973178081551,-0.155857902203094,3.26551103048139,-0.325678438422142
"3310",3.26551103048139,-0.325678438422142,1.7858208906406,-0.279427213244292
"3311",1.7858208906406,-0.279427213244292,1.6933184402849,-0.139975406009945
"3312",1.6933184402849,-0.139975406009945,1.76068814941188,0.278205482767896
"3313",1.76068814941188,0.278205482767896,1.9088666029062,-0.116413461108022
"3314",1.9088666029062,-0.116413461108022,1.32819556076768,-0.219562419900887
"3315",1.32819556076768,-0.219562419900887,1.03742370738543,0.328121899374934
"3316",1.03742370738543,0.328121899374934,0.893434044095897,-0.215024563845701
"3317",0.893434044095897,-0.215024563845701,3.3253758238248,-0.348193185772869
"3318",3.3253758238248,-0.348193185772869,3.49746528807144,-0.224100275956072
"3319",3.49746528807144,-0.224100275956072,0.641757565958315,-0.0691150383789754
"3320",0.641757565958315,-0.0691150383789754,2.00381251421469,0.0200712863979348
"3321",2.00381251421469,0.0200712863979348,1.09222704589805,0.419751685104636
"3322",1.09222704589805,0.419751685104636,1.12992615774113,-0.44628068973495
"3323",1.12992615774113,-0.44628068973495,2.16263747614617,0.357967029584037
"3324",2.16263747614617,0.357967029584037,0.288851991205062,0.0614355896702004
"3325",0.288851991205062,0.0614355896702004,1.56398954271212,0.149051118120316
"3326",1.56398954271212,0.149051118120316,0.0623082542961976,0.130725160974375
"3327",0.0623082542961976,0.130725160974375,0.0249582083035189,-0.0942477796076938
"3328",0.0249582083035189,-0.0942477796076938,1.03899450371222,-0.471064365113269
"3329",1.03899450371222,-0.471064365113269,6.01265927312047,0.203505390782539
"3330",6.01265927312047,0.203505390782539,5.94319516889109,0.422369678982628
"3331",5.94319516889109,0.422369678982628,1.2634438455187,0.145734992541527
"3332",1.2634438455187,0.145734992541527,6.07165140183787,0.479791011373241
"3333",6.07165140183787,0.479791011373241,6.26119415860446,-0.442266432455363
"3334",6.26119415860446,-0.442266432455363,5.42762490785197,0.154636171726698
"3335",5.42762490785197,0.154636171726698,6.0311597631916,0.0698131700797732
"3336",6.0311597631916,0.0698131700797732,0.442440965380563,0.165457213089062
"3337",0.442440965380563,0.165457213089062,0.0195476876223365,-0.159523093632282
"3338",0.0195476876223365,-0.159523093632282,5.32168342225591,0.193207948195772
"3339",5.32168342225591,0.193207948195772,0.154461638801498,-0.349065850398866
"3340",0.154461638801498,-0.349065850398866,4.79651385033082,-0.104370689269261
"3341",4.79651385033082,-0.104370689269261,5.71036824667505,0.156556033903891
"3342",5.71036824667505,0.156556033903891,5.70181613334027,0.467224640758882
"3343",5.70181613334027,0.467224640758882,5.55049608719237,0.299149433791828
"3344",5.55049608719237,0.299149433791828,4.8005281076104,-0.493928178314395
"3345",4.8005281076104,-0.493928178314395,6.22489131016298,-0.358665161284835
"3346",6.22489131016298,-0.358665161284835,4.55775280865799,0.180117978805815
"3347",4.55775280865799,0.180117978805815,4.53907778566165,-0.364773813666815
"3348",4.53907778566165,-0.364773813666815,4.53803058811046,-0.101403629540871
"3349",4.53803058811046,-0.101403629540871,4.15737427825049,0.294786110661842
"3350",4.15737427825049,0.294786110661842,5.74614749634093,-0.284488668075076
"3351",5.74614749634093,-0.284488668075076,5.09636141582344,0.289899188756258
"3352",5.09636141582344,0.289899188756258,5.97338936495059,0.345051593119279
"3353",5.97338936495059,0.345051593119279,3.6308084429238,0.142593399887937
"3354",3.6308084429238,0.142593399887937,4.96877784750266,-0.279776279094691
"3355",4.96877784750266,-0.279776279094691,4.68865250255757,0.130027029273578
"3356",4.68865250255757,0.130027029273578,3.31595104586403,0.236143047794833
"3357",3.31595104586403,0.236143047794833,4.89983734204888,0.100181899064475
"3358",4.89983734204888,0.100181899064475,3.73186300661428,-0.000698131700797732
"3359",3.73186300661428,-0.000698131700797732,3.13077161222743,0.319918851890561
"3360",3.13077161222743,0.319918851890561,3.54197118399729,-0.453960138443725
"3361",3.54197118399729,-0.453960138443725,3.32013983606881,-0.326900168898538
"3362",3.32013983606881,-0.326900168898538,2.85762758429032,0.182910505609006
"3363",2.85762758429032,0.182910505609006,4.21200308383792,0.152018177848706
"3364",4.21200308383792,0.152018177848706,2.46597570014279,0.248534885483993
"3365",2.46597570014279,0.248534885483993,3.51212605378819,-0.138928208458749
"3366",3.51212605378819,-0.138928208458749,3.57548150563558,-0.191113553093379
"3367",3.57548150563558,-0.191113553093379,2.276258410451,0.328994564000931
"3368",2.276258410451,0.328994564000931,3.28854937660772,-0.0778416846389471
"3369",3.28854937660772,-0.0778416846389471,2.42880018707531,-0.316253660461372
"3370",2.42880018707531,-0.316253660461372,3.54493824372568,0.339117473662498
"3371",3.54493824372568,0.339117473662498,2.12144770579911,-0.481536340625236
"3372",2.12144770579911,-0.481536340625236,1.94237692454449,-0.767944870877505
"3373",1.94237692454449,-0.767944870877505,2.98102236240632,-0.116413461108022
"3374",2.98102236240632,-0.116413461108022,2.28638132011257,-0.498989633145179
"3375",2.28638132011257,-0.498989633145179,1.69035138055651,0.384321501289151
"3376",1.69035138055651,0.384321501289151,1.80275058438494,-0.299323966717027
"3377",1.80275058438494,-0.299323966717027,1.12818082848913,-0.211708438266912
"3378",1.12818082848913,-0.211708438266912,2.02213847136063,-0.278205482767896
"3379",2.02213847136063,-0.278205482767896,0.893259511170698,-0.234921317318437
"3380",0.893259511170698,-0.234921317318437,0.980525973770414,0.230383461263251
"3381",0.980525973770414,0.230383461263251,1.36781453478796,-0.294960643587042
"3382",1.36781453478796,-0.294960643587042,0.764454212373516,0.298974900866629
"3383",0.764454212373516,0.298974900866629,2.14221712389784,0.329692695701729
"3384",2.14221712389784,0.329692695701729,0.422020613132229,0.459370659124908
"3385",0.422020613132229,0.459370659124908,0.342084533390889,0.0733038285837618
"3386",0.342084533390889,0.0733038285837618,1.60448118135839,0.195651409148564
"3387",1.60448118135839,0.195651409148564,0.204901654184134,-0.0616101225953998
"3388",0.204901654184134,-0.0616101225953998,0.329169096926131,0.26790804018113
"3389",0.329169096926131,0.26790804018113,0.194255145746969,0.17854718247902
"3390",0.194255145746969,0.17854718247902,0.51714105736592,0.266860842629933
"3391",0.51714105736592,0.266860842629933,1.44094383044652,-0.115366263556825
"3392",1.44094383044652,-0.115366263556825,2.10992853273595,-0.12915436464758
"3393",2.10992853273595,-0.12915436464758,1.08611839351607,-0.425336738711018
"3394",1.08611839351607,-0.425336738711018,6.0624011568023,0.308574211752597
"3395",6.0624011568023,0.308574211752597,1.21858888374244,0.39077921952153
"3396",1.21858888374244,0.39077921952153,1.4451326206513,0.450644012864936
"3397",1.4451326206513,0.450644012864936,0.742812129648787,-0.27384215963791
"3398",0.742812129648787,-0.27384215963791,5.86709881350414,-0.269653369433124
"3399",5.86709881350414,-0.269653369433124,5.75853933403009,0.114319066005629
"3400",5.75853933403009,0.114319066005629,0.492182849062401,-0.173485727648236
"3401",0.492182849062401,-0.173485727648236,1.51215326392789,0.239459173373622
"3402",1.51215326392789,0.239459173373622,5.785591937436,0.0822050077689329
"3403",5.785591937436,0.0822050077689329,0.968483201931653,0.411897703470662
"3404",0.968483201931653,0.411897703470662,6.17462582770554,0.705636616581307
"3405",6.17462582770554,0.705636616581307,5.48853689874657,0.150621914447111
"3406",5.48853689874657,0.150621914447111,5.31051331504315,0.13247049022637
"3407",5.31051331504315,0.13247049022637,5.71281170762784,0.174532925199433
"3408",5.71281170762784,0.174532925199433,5.7862900691368,0.472286095589665
"3409",5.7862900691368,0.472286095589665,5.06826161486633,0.32009338481576
"3410",5.06826161486633,0.32009338481576,5.71542970150583,0.294960643587042
"3411",5.71542970150583,0.294960643587042,6.11266663925974,-0.225322006432468
"3412",6.11266663925974,-0.225322006432468,5.77529449484924,-0.1537635071007
"3413",5.77529449484924,-0.1537635071007,6.2791710499,-0.25237460983838
"3414",6.2791710499,-0.25237460983838,4.79581571863002,-0.142244334037538
"3415",4.79581571863002,-0.142244334037538,4.33801585583191,0.35691983203284
"3416",4.33801585583191,0.35691983203284,5.52780680691644,0.734260016314014
"3417",5.52780680691644,0.734260016314014,4.10815599334425,0.245218759905203
"3418",4.10815599334425,0.245218759905203,4.97628276328623,0.156206968053492
"3419",4.97628276328623,0.156206968053492,3.79033153655609,0.141895268187139
"3420",3.79033153655609,0.141895268187139,3.75874107709499,-0.135961148730358
"3421",3.75874107709499,-0.135961148730358,4.36122873488343,-0.361457688088026
"3422",4.36122873488343,-0.361457688088026,5.25169571925094,0.341211868764891
"3423",5.25169571925094,0.341211868764891,4.37641309937578,-0.150272848596712
"3424",4.37641309937578,-0.150272848596712,3.39658525730617,-0.308923277602996
"3425",3.39658525730617,-0.308923277602996,4.09611322150549,-0.0654498469497874
"3426",4.09611322150549,-0.0654498469497874,4.78045682121247,0.557283630161789
"3427",4.78045682121247,0.557283630161789,3.07492107616361,0.409977841293468
"3428",3.07492107616361,0.409977841293468,3.33898939199035,-0.13229595730117
"3429",3.33898939199035,-0.13229595730117,3.06427456772644,0.293564380185446
"3430",3.06427456772644,0.293564380185446,3.84478580921831,-0.527438499952686
"3431",3.84478580921831,-0.527438499952686,2.6768114737837,0.23073252711365
"3432",2.6768114737837,0.23073252711365,2.55778001879769,-0.179070781254618
"3433",2.55778001879769,-0.179070781254618,2.59739899281796,0.436332312998582
"3434",2.59739899281796,0.436332312998582,4.7385689191646,0.108035880698449
"3435",4.7385689191646,0.108035880698449,3.6025341090415,0.247138622082397
"3436",3.6025341090415,0.247138622082397,3.50636646725661,0.212057504117311
"3437",3.50636646725661,0.212057504117311,3.6004397139391,0.417657290002243
"3438",3.6004397139391,0.417657290002243,2.97543730879993,-0.111177473352039
"3439",2.97543730879993,-0.111177473352039,3.12204496596746,0.0497418836818384
"3440",3.12204496596746,0.0497418836818384,3.510206191611,-0.457625329872913
"3441",3.510206191611,-0.457625329872913,2.90108628266497,0.184132236085402
"3442",2.90108628266497,0.184132236085402,4.22596571785387,0.483456202802429
"3443",4.22596571785387,0.483456202802429,3.80516683519804,0.315031929984976
"3444",3.80516683519804,0.315031929984976,2.7384215963791,0.140673537710743
"3445",2.7384215963791,0.140673537710743,3.60602476754548,-0.432318055718995
"3446",3.60602476754548,-0.432318055718995,3.40269390968815,-0.377340184281174
"3447",3.40269390968815,-0.377340184281174,1.38718768948509,-0.72029738229806
"3448",1.38718768948509,-0.72029738229806,2.06751703191248,-0.457276264022514
"3449",2.06751703191248,-0.457276264022514,1.82823239146406,-0.337197611485304
"3450",1.82823239146406,-0.337197611485304,2.26264484228545,0.40613811693908
"3451",2.26264484228545,0.40613811693908,2.17520384676053,-0.262846585350346
"3452",2.17520384676053,-0.262846585350346,1.62367980313032,0.291120919232654
"3453",1.62367980313032,0.291120919232654,1.14301612713109,0.363377550265219
"3454",1.14301612713109,0.363377550265219,1.9074703395046,0.204378055408536
"3455",1.9074703395046,0.204378055408536,2.04133709313257,-0.0726056968829641
"3456",2.04133709313257,-0.0726056968829641,1.21108396795887,-0.174532925199433
"3457",1.21108396795887,-0.174532925199433,2.34973677195997,0.249582083035189
"3458",2.34973677195997,0.249582083035189,1.93434840998532,-0.471064365113269
"3459",1.93434840998532,-0.471064365113269,2.99306513424508,0.154112572951099
"3460",2.99306513424508,0.154112572951099,0.591317550575679,0.262672052425147
"3461",0.591317550575679,0.262672052425147,0.392699081698724,0.0321140582366957
"3462",0.392699081698724,0.0321140582366957,0.896750169674686,-0.121649448864005
"3463",0.896750169674686,-0.121649448864005,1.26710903694788,0.127059969545187
"3464",1.26710903694788,0.127059969545187,1.12486470291035,0.203679923707738
"3465",1.12486470291035,0.203679923707738,1.24948121150274,0.411897703470662
"3466",1.24948121150274,0.411897703470662,0.794648408433018,0.327772833524535
"3467",0.794648408433018,0.327772833524535,1.31248759749974,-0.276634686441101
"3468",1.31248759749974,-0.276634686441101,0.643502895210309,0.195651409148564
"3469",0.643502895210309,0.195651409148564,5.99154078917133,0.35395277230445
"3470",5.99154078917133,0.35395277230445,6.01108847679367,0.0609119908946021
"3471",6.01108847679367,0.0609119908946021,1.36205494825637,-0.418355421703041
"3472",1.36205494825637,-0.418355421703041,0.961327351998477,0.0987856356628791
"3473",0.961327351998477,0.0987856356628791,0.292866248484649,-0.262672052425147
"3474",0.292866248484649,-0.262672052425147,1.69698363171409,0.0769690200129499
"3475",1.69698363171409,0.0769690200129499,0.465828377357287,0.456752665246916
"3476",0.465828377357287,0.456752665246916,5.82346558220428,-0.138753675533549
"3477",5.82346558220428,-0.138753675533549,5.59517651604342,0.134215819478364
"3478",5.59517651604342,0.134215819478364,5.45607377465947,0.274540291338708
"3479",5.45607377465947,0.274540291338708,6.0021872976085,-0.385194165915149
"3480",6.0021872976085,-0.385194165915149,5.3569390731462,0.0816814089933346
"3481",5.3569390731462,0.0816814089933346,5.971993101549,0.211882971192112
"3482",5.971993101549,0.211882971192112,0.451516677490933,-0.474555023617258
"3483",0.451516677490933,-0.474555023617258,0.60336032241444,-0.187099295813792
"3484",0.60336032241444,-0.187099295813792,0.0446804288510548,0.200363798128949
"3485",0.0446804288510548,0.200363798128949,0.0802851455917391,-0.40613811693908
"3486",0.0802851455917391,-0.40613811693908,5.04958659186999,-0.183259571459405
"3487",5.04958659186999,-0.183259571459405,5.06930881241753,0.282219740047483
"3488",5.06930881241753,0.282219740047483,5.32901380511429,0.142418866962737
"3489",5.32901380511429,0.142418866962737,5.07506839894911,0.185353966561798
"3490",5.07506839894911,0.185353966561798,5.67720699088715,-0.0872664625997165
"3491",5.67720699088715,-0.0872664625997165,5.75749213647889,0.140149938935145
"3492",5.75749213647889,0.140149938935145,4.69004876595916,-0.362155819788823
"3493",4.69004876595916,-0.362155819788823,5.27997005313324,0.337372144410504
"3494",5.27997005313324,0.337372144410504,5.87146213663412,-0.0418879020478639
"3495",5.87146213663412,-0.0418879020478639,4.77399910298009,-0.111352006277238
"3496",4.77399910298009,-0.111352006277238,4.91048385048605,-0.337895743186102
"3497",4.91048385048605,-0.337895743186102,0.13857914260835,0.072954762733363
"3498",0.13857914260835,0.072954762733363,5.17525029801359,-0.102450827092067
"3499",5.17525029801359,-0.102450827092067,4.22282412520028,-0.091106186954104
"3500",4.22282412520028,-0.091106186954104,4.14114271620695,0.23404865269244
"3501",4.14114271620695,0.23404865269244,4.06696622299719,0.149225651045515
"3502",4.06696622299719,0.149225651045515,4.10326907143867,-0.0591666616426078
"3503",4.10326907143867,-0.0591666616426078,4.67695879656921,0.335975881008908
"3504",4.67695879656921,0.335975881008908,3.65262505857373,0.20018926520375
"3505",3.65262505857373,0.20018926520375,3.46255870303155,-0.115715329407224
"3506",3.46255870303155,-0.115715329407224,4.35075675937146,-0.11082840750164
"3507",4.35075675937146,-0.11082840750164,4.17762009757363,0.416086493675448
"3508",4.17762009757363,0.416086493675448,4.38147455420656,0.129503430497979
"3509",4.38147455420656,0.129503430497979,4.16819531961286,-0.302989158146216
"3510",4.16819531961286,-0.302989158146216,2.8009043836005,0.187448361664191
"3511",2.8009043836005,0.187448361664191,3.82087479846599,0.2155481626213
"3512",3.82087479846599,0.2155481626213,4.41830100142364,-0.398633201155505
"3513",4.41830100142364,-0.398633201155505,2.77838963624977,0.101927228316469
"3514",2.77838963624977,0.101927228316469,3.69660735572399,-0.20612338466053
"3515",3.69660735572399,-0.20612338466053,3.64459654401456,0.334230551756914
"3516",3.64459654401456,0.334230551756914,3.4770449358231,-0.522900643897501
"3517",3.4770449358231,-0.522900643897501,2.57558237716803,0.26162485487395
"3518",2.57558237716803,0.26162485487395,4.31497750970558,-0.0973893722612836
"3519",4.31497750970558,-0.0973893722612836,2.9560641541028,0.524820506074695
"3520",2.9560641541028,0.524820506074695,3.78195395614651,0.383623369588354
"3521",3.78195395614651,0.383623369588354,3.2937853643637,-0.27070056698432
"3522",3.2937853643637,-0.27070056698432,2.10870680225955,-0.445931623884551
"3523",2.10870680225955,-0.445931623884551,2.72742602209154,-0.156032435128293
"3524",2.72742602209154,-0.156032435128293,2.92674262266929,-0.429874594766203
"3525",2.92674262266929,-0.429874594766203,2.78170576182856,0.330739893252925
"3526",2.78170576182856,0.330739893252925,2.34519891590478,0.444011761707357
"3527",2.34519891590478,0.444011761707357,2.63143291323185,-0.208217779762924
"3528",2.63143291323185,-0.208217779762924,2.54364285185654,0.471064365113269
"3529",2.54364285185654,0.471064365113269,0.613134166225608,-0.145734992541527
"3530",0.613134166225608,-0.145734992541527,2.31901897712487,-0.161792021659874
"3531",2.31901897712487,-0.161792021659874,1.67167635756017,0.230383461263251
"3532",1.67167635756017,0.230383461263251,2.53753419947456,-0.511730536684737
"3533",2.53753419947456,-0.511730536684737,1.07931160943329,0.609992573572018
"3534",1.07931160943329,0.609992573572018,2.5865779514556,-0.156032435128293
"3535",2.5865779514556,-0.156032435128293,0.740892267471593,-0.219387886975687
"3536",0.740892267471593,-0.219387886975687,0.367217274619607,0.0603883921190038
"3537",0.367217274619607,0.0603883921190038,0.969006800707252,0.330914426178125
"3538",0.969006800707252,0.330914426178125,0.614006830851605,0.367391807544806
"3539",0.614006830851605,0.367391807544806,0.624653339288771,0.278030949842697
"3540",0.624653339288771,0.278030949842697,0.270002435283523,0.22165681500328
"3541",0.270002435283523,0.22165681500328,1.6299629884375,-0.635648913576335
"3542",1.6299629884375,-0.635648913576335,1.41092416731222,0.475951287018854
"3543",1.41092416731222,0.475951287018854,0.488692190558412,-0.123394778115999
"3544",0.488692190558412,-0.123394778115999,0.804422252244187,-0.0652753140245879
"3545",0.804422252244187,-0.0652753140245879,1.57847577550367,-0.136310214580757
"3546",1.57847577550367,-0.136310214580757,0.529532895055079,0.16615534478986
"3547",0.529532895055079,0.16615534478986,2.38481788992505,-0.368613538021202
"3548",2.38481788992505,-0.368613538021202,0.656243798749868,0.0340339204138894
"3549",0.656243798749868,0.0340339204138894,5.97670549052938,-0.105068820970059
"3550",5.97670549052938,-0.105068820970059,0.477347550420449,-0.311366738555788
"3551",0.477347550420449,-0.311366738555788,0.298974900866629,-0.392175482923126
"3552",0.298974900866629,-0.392175482923126,1.54356919046379,-0.0474729556542458
"3553",1.54356919046379,-0.0474729556542458,5.88559930357528,0.342084533390889
"3554",5.88559930357528,0.342084533390889,0.585034365268499,-0.237713844121628
"3555",0.585034365268499,-0.237713844121628,5.43076650050556,0.253945406165175
"3556",5.43076650050556,0.253945406165175,5.72729794041939,0.16301375213627
"3557",5.72729794041939,0.16301375213627,6.20045670063505,0.340164671213695
"3558",6.20045670063505,0.340164671213695,0.400727596257898,0.279601746169492
"3559",0.400727596257898,0.279601746169492,0.342957198016886,-0.105243353895258
"3560",0.342957198016886,-0.105243353895258,0.0968657734856853,-0.227067335684462
"3561",0.0968657734856853,-0.227067335684462,5.55555754202315,0.0947713783832921
"3562",5.55555754202315,0.0947713783832921,5.56044446392873,-0.0926769832808989
"3563",5.56044446392873,-0.0926769832808989,4.74834276297577,0.413468499797457
"3564",4.74834276297577,0.413468499797457,5.08554037446108,-0.0886627260013119
"3565",5.08554037446108,-0.0886627260013119,4.31968989868597,0.339990138288495
"3566",4.31968989868597,0.339990138288495,5.37159983886295,0.0417133691226645
"3567",5.37159983886295,0.0417133691226645,5.10142287065423,0.136833813356355
"3568",5.10142287065423,0.136833813356355,4.37554043474978,0.18779742751459
"3569",4.37554043474978,0.18779742751459,5.01485453975531,0.362155819788823
"3570",5.01485453975531,0.362155819788823,3.96783152148391,-0.175231056900231
"3571",3.96783152148391,-0.175231056900231,3.88231038813619,-0.131423292675173
"3572",3.88231038813619,-0.131423292675173,4.56613038906757,-0.472286095589665
"3573",4.56613038906757,-0.472286095589665,3.52207443052456,0.240506370924819
"3574",3.52207443052456,0.240506370924819,4.30293473786682,-0.0425860337486616
"3575",4.30293473786682,-0.0425860337486616,4.00902129183097,0.229161730786855
"3576",4.00902129183097,0.229161730786855,5.06826161486633,0.485550597904822
"3577",5.06826161486633,0.485550597904822,5.1098004510638,0.266511776779534
"3578",5.1098004510638,0.266511776779534,4.07831086313515,-0.0172787595947439
"3579",4.07831086313515,-0.0172787595947439,4.42179165992763,-0.155857902203094
"3580",4.42179165992763,-0.155857902203094,3.05799138241927,0.209614043164519
"3581",3.05799138241927,0.209614043164519,3.85490871887988,0.1232202451908
"3582",3.85490871887988,0.1232202451908,3.57757590073798,0.246615023306799
"3583",3.57757590073798,0.246615023306799,2.58832328070759,-0.455181868920121
"3584",2.58832328070759,-0.455181868920121,2.32844375508563,-0.397411470679109
"3585",2.32844375508563,-0.397411470679109,3.57809949951357,0.15079644737231
"3586",3.57809949951357,0.15079644737231,2.02370926768742,-0.415911960750249
"3587",2.02370926768742,-0.415911960750249,2.65150419962979,0.105941485596056
"3588",2.65150419962979,0.105941485596056,2.82097566999843,0.279776279094691
"3589",2.82097566999843,0.279776279094691,2.65551845690937,0.27087509990952
"3590",2.65551845690937,0.27087509990952,3.63988415503417,-0.0472984227290463
"3591",3.63988415503417,-0.0472984227290463,1.65090693946144,-0.346098790670476
"3592",1.65090693946144,-0.346098790670476,1.71129533158044,0.12618730491919
"3593",1.71129533158044,0.12618730491919,2.31779724664847,0.328121899374934
"3594",2.31779724664847,0.328121899374934,1.95197623543046,-0.582765437240907
"3595",1.95197623543046,-0.582765437240907,2.78589455203335,0.384146968363952
"3596",2.78589455203335,0.384146968363952,1.29067098184981,0.326551103048139
"3597",1.29067098184981,0.326551103048139,1.74131499471474,-0.51417399763753
"3598",1.74131499471474,-0.51417399763753,0.950506310636112,-0.456752665246916
"3599",0.950506310636112,-0.456752665246916,1.73939513253755,-0.182910505609006
"3600",1.73939513253755,-0.182910505609006,1.46415670949804,0.312413936106985
"3601",1.46415670949804,0.312413936106985,1.57673044625168,0.457276264022514
"3602",1.57673044625168,0.457276264022514,1.26361837844389,0.124791041517595
"3603",1.26361837844389,0.124791041517595,1.99560946673032,-0.291469985083053
"3604",1.99560946673032,-0.291469985083053,1.55770635740494,-0.0961676417848876
"3605",1.55770635740494,-0.0961676417848876,0.895004840422692,0.340164671213695
"3606",0.895004840422692,0.340164671213695,0.888372589265114,0.589223155473286
"3607",0.888372589265114,0.589223155473286,6.26032149397846,0.245742358680802
"3608",6.26032149397846,0.245742358680802,1.30794974144455,0.44628068973495
"3609",1.30794974144455,0.44628068973495,6.12715287205129,-0.279252680319093
"3610",6.12715287205129,-0.279252680319093,0.531103691381874,0.103672557568463
"3611",0.531103691381874,0.103672557568463,6.15839426566199,-0.138753675533549
"3612",6.15839426566199,-0.138753675533549,5.89729300956364,-0.151145513222709
"3613",5.89729300956364,-0.151145513222709,0.185703032412197,-0.217468024798493
"3614",0.185703032412197,-0.217468024798493,0.611214304048414,0.503876555050763
"3615",0.611214304048414,0.503876555050763,6.27480772677001,0.38484510006475
"3616",6.27480772677001,0.38484510006475,0.730245759034427,0.242077167251614
"3617",0.730245759034427,0.242077167251614,5.61070994638617,0.419926218029836
"3618",5.61070994638617,0.419926218029836,0.212755635818109,0.342608132166487
"3619",0.212755635818109,0.342608132166487,5.25832797040852,0.312937534882583
"3620",5.25832797040852,0.312937534882583,1.20968770455727,-0.354127305229649
"3621",1.20968770455727,-0.354127305229649,6.25613270377367,-0.398109602379907
"3622",6.25613270377367,-0.398109602379907,0.0928515162060983,-0.361632221013225
"3623",0.0928515162060983,-0.361632221013225,4.81169821482317,-0.291469985083053
"3624",4.81169821482317,-0.291469985083053,4.64467020540731,0.310319541004592
"3625",4.64467020540731,0.310319541004592,0.361981286863624,0.509461608657145
"3626",0.361981286863624,0.509461608657145,5.1389474495721,-0.107512281922851
"3627",5.1389474495721,-0.107512281922851,5.7560958730773,-0.229336263712055
"3628",5.7560958730773,-0.229336263712055,4.99862297771176,0.302989158146216
"3629",4.99862297771176,0.302989158146216,4.57258810729994,-0.288328392429463
"3630",4.57258810729994,-0.288328392429463,4.50905812252735,-0.0811578102177363
"3631",4.50905812252735,-0.0811578102177363,4.8925069591905,-0.175056523975031
"3632",4.8925069591905,-0.175056523975031,4.84328867428426,-0.41538836197465
"3633",4.84328867428426,-0.41538836197465,4.40765449298648,0.148702052269917
"3634",4.40765449298648,0.148702052269917,3.89225876487255,0.206996049286527
"3635",3.89225876487255,0.206996049286527,5.60355409645299,0.195127810372966
"3636",5.60355409645299,0.195127810372966,3.52853214875694,0.311366738555788
"3637",3.52853214875694,0.311366738555788,4.23364516656264,-0.162315620435473
"3638",4.23364516656264,-0.162315620435473,3.89522582460094,-0.44924774946334
"3639",3.89522582460094,-0.44924774946334,3.72837234811029,-0.0661479786505851
"3640",3.72837234811029,-0.0661479786505851,3.39920325118416,-0.134215819478364
"3641",3.39920325118416,-0.134215819478364,2.98032423070552,-0.13229595730117
"3642",2.98032423070552,-0.13229595730117,2.11464092171633,0.362504885639222
"3643",2.11464092171633,0.362504885639222,2.15094377015781,-0.188146493364989
"3644",2.15094377015781,-0.188146493364989,4.10082561048588,0.305432619099008
"3645",4.10082561048588,0.305432619099008,3.94409504365679,-0.0792379480405426
"3646",3.94409504365679,-0.0792379480405426,3.68351738633403,-0.393222680474322
"3647",3.68351738633403,-0.393222680474322,3.05066099956089,0.165457213089062
"3648",3.05066099956089,0.165457213089062,2.5549874919945,-0.450120414089338
"3649",2.5549874919945,-0.450120414089338,1.72927222287598,-0.146433124242324
"3650",1.72927222287598,-0.146433124242324,1.79105687839658,-0.478918346747244
"3651",1.79105687839658,-0.478918346747244,2.51467038627343,0.368788070946402
"3652",2.51467038627343,0.368788070946402,2.17101505655575,-0.28012534494509
"3653",2.17101505655575,-0.28012534494509,1.84254409133041,0.233699586842041
"3654",1.84254409133041,0.233699586842041,2.81416888591566,0.203679923707738
"3655",2.81416888591566,0.203679923707738,3.02378292908018,0.371406064824393
"3656",3.02378292908018,0.371406064824393,1.9071212736542,0.39688787190351
"3657",1.9071212736542,0.39688787190351,1.19537600469092,0.238237442897226
"3658",1.19537600469092,0.238237442897226,3.30896972885605,0.297578637465033
"3659",3.30896972885605,0.297578637465033,1.70029975729288,-0.264417381677141
"3660",1.70029975729288,-0.264417381677141,0.83723444218168,-0.178198116628621
"3661",0.83723444218168,-0.178198116628621,1.3220869083857,-0.286059464401871
"3662",1.3220869083857,-0.286059464401871,0.823795406941324,0.263195651200745
"3663",0.823795406941324,0.263195651200745,0.631460123371548,-0.331263492028524
"3664",0.631460123371548,-0.331263492028524,1.5990706606772,-0.156032435128293
"3665",1.5990706606772,-0.156032435128293,2.6148522853379,-0.0581194640914112
"3666",2.6148522853379,-0.0581194640914112,0.322362312843353,0.261275789023551
"3667",0.322362312843353,0.261275789023551,0.131946891450771,0.179768912955416
"3668",0.131946891450771,0.179768912955416,1.23534404456159,0.0853466004225227
"3669",1.23534404456159,0.0853466004225227,0.791855881629827,-0.239284640448423
"3670",0.791855881629827,-0.239284640448423,0.0973893722612836,0.274889357189107
"3671",0.0973893722612836,0.274889357189107,5.92225121786716,-0.130725160974375
"3672",5.92225121786716,-0.130725160974375,1.0451031560942,-0.217642557723693
"3673",1.0451031560942,-0.217642557723693,1.04004170126342,0.0644026493985908
"3674",1.04004170126342,0.0644026493985908,5.94214797133989,-0.241204502625616
"3675",5.94214797133989,-0.241204502625616,5.86308455622455,0.185353966561798
"3676",5.86308455622455,0.185353966561798,0.371755130674792,0.187971960439789
"3677",0.371755130674792,0.187971960439789,1.31388386090133,-0.422544211907827
"3678",1.31388386090133,-0.422544211907827,5.93010519950113,-0.328994564000931
"3679",5.93010519950113,-0.328994564000931,5.71281170762784,-0.137182879206754
"3680",5.71281170762784,-0.137182879206754,5.64387120217406,0.192335283569775
"3681",5.64387120217406,0.192335283569775,1.10636421283921,-0.402996524285491
"3682",1.10636421283921,-0.402996524285491,6.26049602690366,0.0364773813666815
"3683",6.26049602690366,0.0364773813666815,5.12638107895775,-0.184481301935801
"3684",5.12638107895775,-0.184481301935801,5.63497002298889,-0.331961623729321
"3685",5.63497002298889,-0.331961623729321,0.303163691071415,-0.279427213244292
"3686",0.303163691071415,-0.279427213244292,4.96144746464428,-0.323933109170148
"3687",4.96144746464428,-0.323933109170148,5.36304772552818,0.277856416917497
"3688",5.36304772552818,0.277856416917497,5.96082299433623,0.291469985083053
"3689",5.96082299433623,0.291469985083053,4.76474885794452,-0.0481710873550435
"3690",4.76474885794452,-0.0481710873550435,5.2335442950302,0.400727596257898
"3691",5.2335442950302,0.400727596257898,4.78639094066925,0.200363798128949
"3692",4.78639094066925,0.200363798128949,4.97104677553025,0.345051593119279
"3693",4.97104677553025,0.345051593119279,6.25176938064369,-0.272969495011913
"3694",6.25176938064369,-0.272969495011913,5.70600492354506,-0.460592389601304
"3695",5.70600492354506,-0.460592389601304,5.2935836212988,0.1539380400259
"3696",5.2935836212988,0.1539380400259,4.34325184358789,-0.100880030765272
"3697",4.34325184358789,-0.100880030765272,5.09164902684306,0.419751685104636
"3698",5.09164902684306,0.419751685104636,5.40301576539885,-0.111701072127637
"3699",5.40301576539885,-0.111701072127637,3.84146968363952,0.254818070791172
"3700",3.84146968363952,0.254818070791172,4.35773807637944,0.342957198016886
"3701",4.35773807637944,0.342957198016886,4.30433100126842,0.00645771823237902
"3702",4.30433100126842,0.00645771823237902,3.7243580908307,-0.366693675844009
"3703",3.7243580908307,-0.366693675844009,5.19951037461631,-0.0832522053201295
"3704",5.19951037461631,-0.0832522053201295,4.44116481462477,0.179070781254618
"3705",4.44116481462477,0.179070781254618,4.21252668261351,0.315206462910176
"3706",4.21252668261351,0.315206462910176,3.23915655877628,0.164584548463065
"3707",3.23915655877628,0.164584548463065,5.48906049752217,-0.0980875039620813
"3708",5.48906049752217,-0.0980875039620813,4.4628068973495,-0.325678438422142
"3709",4.4628068973495,-0.325678438422142,3.08120426147079,0.25848326222036
"3710",3.08120426147079,0.25848326222036,4.6183157337022,0.140848070635942
"3711",4.6183157337022,0.140848070635942,3.31717277634042,-0.315031929984976
"3712",3.31717277634042,-0.315031929984976,4.14323711130934,-0.151669111998307
"3713",4.14323711130934,-0.151669111998307,3.15607888638135,-0.244869694054804
"3714",3.15607888638135,-0.244869694054804,2.91906317396052,-0.300022098417825
"3715",2.91906317396052,-0.300022098417825,2.20853963547362,0.18779742751459
"3716",2.20853963547362,0.18779742751459,2.60664923785353,-0.369311669722
"3717",2.60664923785353,-0.369311669722,3.60515210291949,-0.432667121569394
"3718",3.60515210291949,-0.432667121569394,2.03959176388057,-0.14468779499033
"3719",2.03959176388057,-0.14468779499033,1.59558000217322,0.427431133813411
"3720",1.59558000217322,0.427431133813411,1.45071767425769,-0.198269403026556
"3721",1.45071767425769,-0.198269403026556,2.74400664998548,0.247313155007596
"3722",2.74400664998548,0.247313155007596,1.55055050747176,-0.437554043474978
"3723",1.55055050747176,-0.437554043474978,1.71042266695444,-0.47088983218807
"3724",1.71042266695444,-0.47088983218807,0.962025483699274,-0.143116998663535
"3725",0.962025483699274,-0.143116998663535,1.75056523975031,-0.0996583002888762
"3726",1.75056523975031,-0.0996583002888762,0.715584993317675,-0.533372619409467
"3727",0.715584993317675,-0.533372619409467,0.641583033033115,-0.249931148885588
"3728",0.641583033033115,-0.249931148885588,1.31196399872414,0.0600393262686049
"3729",1.31196399872414,0.0600393262686049,1.47323242160841,0.052010811709431
"3730",1.47323242160841,0.052010811709431,0.205250720034533,-0.265290046303138
"3731",0.205250720034533,-0.265290046303138,0.956614963018092,0.214326432144904
"3732",0.956614963018092,0.214326432144904,0.348193185772869,0.244520628204406
"3733",0.348193185772869,0.244520628204406,2.08584298905842,-0.0952949771588904
"3734",2.08584298905842,-0.0952949771588904,1.82718519391286,-0.0972148393360842
"3735",1.82718519391286,-0.0972148393360842,1.7545794970299,0.431270858167799
"3736",1.7545794970299,0.431270858167799,0.410326907143867,-0.346273323595675
"3737",0.410326907143867,-0.346273323595675,1.30533174756656,0.217118958948095
"3738",1.30533174756656,0.217118958948095,1.99316600577752,-0.303861822772213
"3739",1.99316600577752,-0.303861822772213,0.67090456446662,-0.0909316540289046
"3740",0.67090456446662,-0.0909316540289046,0.0752236907609556,0.271224165759919
"3741",0.0752236907609556,0.271224165759919,5.98141787950977,-0.136833813356355
"3742",5.98141787950977,-0.136833813356355,6.16188492416598,0.265115513377939
"3743",6.16188492416598,0.265115513377939,2.00363798128949,0.511381470834338
"3744",2.00363798128949,0.511381470834338,5.68628270299753,-0.0312413936106985
"3745",5.68628270299753,-0.0312413936106985,5.69692921143469,-0.305956217874606
"3746",5.69692921143469,-0.305956217874606,0.984714763975201,0.119031454986013
"3747",0.984714763975201,0.119031454986013,5.72188741973821,-0.109257611174845
"3748",5.72188741973821,-0.109257611174845,5.56358605658232,-0.111875605052837
"3749",5.56358605658232,-0.111875605052837,5.15989140059604,-0.095120444233691
"3750",5.15989140059604,-0.095120444233691,5.92504374467035,-0.210137641940117
"3751",5.92504374467035,-0.210137641940117,6.1870176653947,-0.253596340314776
"3752",6.1870176653947,-0.253596340314776,5.35973159994939,0.219736952826086
"3753",5.35973159994939,0.219736952826086,5.36688744988256,0.179419847105017
"3754",5.36688744988256,0.179419847105017,5.03300596397605,-0.270002435283523
"3755",5.03300596397605,-0.270002435283523,6.08177431149944,-0.313112067807783
"3756",6.08177431149944,-0.313112067807783,4.66229803085245,-0.133692220702766
"3757",4.66229803085245,-0.133692220702766,4.8312459024455,-0.0579449311662117
"3758",4.8312459024455,-0.0579449311662117,5.31470210524793,-0.117809724509617
"3759",5.31470210524793,-0.117809724509617,4.92008316137201,-0.356047167406843
"3760",4.92008316137201,-0.356047167406843,4.3086943243984,0.367391807544806
"3761",4.3086943243984,0.367391807544806,4.34360090943829,-0.0860447321233204
"3762",4.34360090943829,-0.0860447321233204,4.75514954705855,0.205599785884932
"3763",4.75514954705855,0.205599785884932,5.74667109511653,0.329518162776529
"3764",5.74667109511653,0.329518162776529,4.01286101618536,0.299149433791828
"3765",4.01286101618536,0.299149433791828,0.17540558982543,0.11711159280882
"3766",0.17540558982543,0.11711159280882,4.23381969948784,-0.40613811693908
"3767",4.23381969948784,-0.40613811693908,3.61195888700226,0.266162710929135
"3768",3.61195888700226,0.266162710929135,4.51185064933054,0.272794962086714
"3769",4.51185064933054,0.272794962086714,4.2797218588153,-0.266686309704734
"3770",4.2797218588153,-0.266686309704734,5.28363524456243,-0.394269878025519
"3771",5.28363524456243,-0.394269878025519,3.1073842002507,-0.193382481120972
"3772",3.1073842002507,-0.193382481120972,3.76484972947697,-0.207519648062126
"3773",3.76484972947697,-0.207519648062126,4.81134914897277,0.566882941047758
"3774",4.81134914897277,0.566882941047758,3.37791023430982,-0.17837264955382
"3775",3.37791023430982,-0.17837264955382,2.87630260728666,0.259006860995958
"3776",2.87630260728666,0.259006860995958,2.70316594548882,0.336848545634906
"3777",2.70316594548882,0.336848545634906,2.72201550141036,-0.126012771993991
"3778",2.72201550141036,-0.126012771993991,2.60141325009755,-0.422544211907827
"3779",2.60141325009755,-0.422544211907827,3.36569292954586,-0.382401639111958
"3780",3.36569292954586,-0.382401639111958,3.72627795300789,0.44017203735297
"3781",3.72627795300789,0.44017203735297,2.26177217765945,-0.176103721526228
"3782",2.26177217765945,-0.176103721526228,2.23489410717874,0.191113553093379
"3783",2.23489410717874,0.191113553093379,4.16610092451046,-0.114842664781227
"3784",4.16610092451046,-0.114842664781227,2.29859862487653,0.112050137978036
"3785",2.29859862487653,0.112050137978036,2.14343885437424,-0.281347075421486
"3786",2.14343885437424,-0.281347075421486,2.34432625127878,0.300894763043822
"3787",2.34432625127878,0.300894763043822,2.91923770688572,0.194080612821769
"3788",2.91923770688572,0.194080612821769,2.28847571521497,-0.0183259571459405
"3789",2.28847571521497,-0.0183259571459405,1.94447131964688,-0.340513737064094
"3790",1.94447131964688,-0.340513737064094,3.60829369557308,-0.126536370769589
"3791",3.60829369557308,-0.126536370769589,1.02206480996788,0.166504410640259
"3792",1.02206480996788,0.166504410640259,1.58702788883844,0.493055513688398
"3793",1.58702788883844,0.493055513688398,1.82840692438926,-0.0872664625997165
"3794",1.82840692438926,-0.0872664625997165,0.978606111593221,0.238237442897226
"3795",0.978606111593221,0.238237442897226,0.990474350506782,0.0109955742875643
"3796",0.990474350506782,0.0109955742875643,0.803025988842591,-0.1232202451908
"3797",0.803025988842591,-0.1232202451908,3.0164525462218,0.410501440069066
"3798",3.0164525462218,0.410501440069066,1.79629286615256,0.34766958699727
"3799",1.79629286615256,0.34766958699727,1.62804312626031,0.305083553248609
"3800",1.62804312626031,0.305083553248609,1.28229340144023,0.345226126044478
"3801",1.28229340144023,0.345226126044478,0.985063829825599,-0.196175007924163
"3802",0.985063829825599,-0.196175007924163,1.5692255304681,0.0633554518473942
"3803",1.5692255304681,0.0633554518473942,0.339641072438097,-0.229336263712055
"3804",0.339641072438097,-0.229336263712055,0.54785885220102,-0.171042266695444
"3805",0.54785885220102,-0.171042266695444,0.134390352403563,-0.244695161129605
"3806",0.134390352403563,-0.244695161129605,0.619417351532788,0.210137641940117
"3807",0.619417351532788,0.210137641940117,5.93691198358391,0.325329372571743
"3808",5.93691198358391,0.325329372571743,0.66776297181303,-0.535292481586661
"3809",0.66776297181303,-0.535292481586661,0.171391332545843,-0.321315115292156
"3810",0.171391332545843,-0.321315115292156,0.830427658098902,0.160744824108678
"3811",0.830427658098902,0.160744824108678,6.10620892102736,0.277681883992298
"3812",6.10620892102736,0.277681883992298,5.6314793644849,-0.297404104539834
"3813",5.6314793644849,-0.297404104539834,5.45729550513587,-0.0856956662729216
"3814",5.45729550513587,-0.0856956662729216,0.359188760060433,-0.101054563690472
"3815",0.359188760060433,-0.101054563690472,6.05803783367232,-0.370184334347997
"3816",6.05803783367232,-0.370184334347997,0.483630735727629,0.177150919077424
"3817",0.483630735727629,0.177150919077424,0.780162175641465,-0.195302343298165
"3818",0.780162175641465,-0.195302343298165,0.379085513533168,0.294437044811443
"3819",0.379085513533168,0.294437044811443,5.36514212063057,-0.304210888622612
"3820",5.36514212063057,-0.304210888622612,5.08972916466586,0.168598805742652
"3821",5.08972916466586,0.168598805742652,5.40127043614685,0.34784411992247
"3822",5.40127043614685,0.34784411992247,6.17602209110713,-0.151494579073108
"3823",6.17602209110713,-0.151494579073108,5.01118934832612,-0.124267442741996
"3824",5.01118934832612,-0.124267442741996,0.534245284035464,-0.28920105705546
"3825",0.534245284035464,-0.28920105705546,4.56106893423678,0.119729586686811
"3826",4.56106893423678,0.119729586686811,5.66778221292639,-0.102799892942466
"3827",5.66778221292639,-0.102799892942466,5.40964801655642,0.201760061530544
"3828",5.40964801655642,0.201760061530544,6.06728807870789,-0.334405084682113
"3829",6.06728807870789,-0.334405084682113,4.41638113924645,-0.205948851735331
"3830",4.41638113924645,-0.205948851735331,5.65800836911522,0.356570766182442
"3831",5.65800836911522,0.356570766182442,4.26645735650014,0.351160245501259
"3832",4.26645735650014,0.351160245501259,4.99844844478656,0.326551103048139
"3833",4.99844844478656,0.326551103048139,5.51681123262888,0.539132205941048
"3834",5.51681123262888,0.539132205941048,3.67112554864487,-0.136659280431156
"3835",3.67112554864487,-0.136659280431156,4.02821991360291,0.515221195188726
"3836",4.02821991360291,0.515221195188726,3.58577894822235,0.294262511886244
"3837",3.58577894822235,0.294262511886244,4.78586734189365,-0.395491608501915
"3838",4.78586734189365,-0.395491608501915,3.45679911649997,-0.174707458124632
"3839",3.45679911649997,-0.174707458124632,3.75298149056341,0.349589449174464
"3840",3.75298149056341,0.349589449174464,3.98127055672427,0.349763982099664
"3841",3.98127055672427,0.349763982099664,3.23549136734709,-0.248883951334391
"3842",3.23549136734709,-0.248883951334391,3.25713345007182,-0.151494579073108
"3843",3.25713345007182,-0.151494579073108,5.29759787857839,0.663225115757845
"3844",5.29759787857839,0.663225115757845,4.00832316013018,-0.14765485471872
"3845",4.00832316013018,-0.14765485471872,3.02186306690298,-0.256912465893565
"3846",3.02186306690298,-0.256912465893565,4.90856398830885,0.419751685104636
"3847",4.90856398830885,0.419751685104636,4.1844268816564,-0.414341164423454
"3848",4.1844268816564,-0.414341164423454,2.6762878750081,0.137531945057153
"3849",2.6762878750081,0.137531945057153,2.60926723173152,0.0644026493985908
"3850",2.60926723173152,0.0644026493985908,2.41082329577977,0.176103721526228
"3851",2.41082329577977,0.176103721526228,3.28244072422574,0.137531945057153
"3852",3.28244072422574,0.137531945057153,3.28191712545014,0.654323936572674
"3853",3.28191712545014,0.654323936572674,2.29266450541975,0.260403124397554
"3854",2.29266450541975,0.260403124397554,2.17607651138653,-0.294087978961045
"3855",2.17607651138653,-0.294087978961045,4.12718008219099,-0.100007366139275
"3856",4.12718008219099,-0.100007366139275,2.69129770657526,-0.109606677025244
"3857",2.69129770657526,-0.109606677025244,2.48063646585954,0.272794962086714
"3858",2.48063646585954,0.272794962086714,1.88390839460268,-0.305258086173808
"3859",1.88390839460268,-0.305258086173808,1.91253179433539,0.240855436775218
"3860",1.91253179433539,0.240855436775218,2.47784393905635,-0.135961148730358
"3861",2.47784393905635,-0.135961148730358,1.24843401395154,-0.112748269678834
"3862",1.24843401395154,-0.112748269678834,1.20706971067928,0.137706477982353
"3863",1.20706971067928,0.137706477982353,1.15453530019425,0.157952297305487
"3864",1.15453530019425,0.157952297305487,1.64811441265825,-0.111352006277238
"3865",1.64811441265825,-0.111352006277238,2.50838720096625,-0.308399678827398
"3866",2.50838720096625,-0.308399678827398,2.49808975837948,0.468795437085677
"3867",2.49808975837948,0.468795437085677,1.16343647937942,0.275936554740303
"3868",1.16343647937942,0.275936554740303,1.73450821063196,-0.441219234904167
"3869",1.73450821063196,-0.441219234904167,1.57795217672807,-0.194429678672168
"3870",1.57795217672807,-0.194429678672168,1.68755885375332,0.116238928182822
"3871",1.68755885375332,0.116238928182822,2.30034395412853,-0.429350995990605
"3872",2.30034395412853,-0.429350995990605,0.961850950774075,0.199316600577752
"3873",0.961850950774075,0.199316600577752,0.891165116068305,-0.183434104384604
"3874",0.891165116068305,-0.183434104384604,1.57201805727129,0.434586983746588
"3875",1.57201805727129,0.434586983746588,1.31615278892892,0.656592864600267
"3876",1.31615278892892,0.656592864600267,0.708254610459299,-0.165631746014262
"3877",0.708254610459299,-0.165631746014262,1.49016211535276,-0.385543231765547
"3878",1.49016211535276,-0.385543231765547,5.89816567418964,0.365297412442413
"3879",5.89816567418964,0.365297412442413,6.09189722116101,0.291120919232654
"3880",6.09189722116101,0.291120919232654,5.80496509213314,-0.321140582366957
"3881",5.80496509213314,-0.321140582366957,0.35098571257606,-0.17854718247902
"3882",0.35098571257606,-0.17854718247902,0.783827367070653,0.266860842629933
"3883",0.783827367070653,0.266860842629933,0.410501440069066,0.319918851890561
"3884",0.410501440069066,0.319918851890561,0.0158824961931484,-0.280299877870289
"3885",0.0158824961931484,-0.280299877870289,1.3236577047125,0.0251327412287183
"3886",1.3236577047125,0.0251327412287183,6.02557470958522,0.397411470679109
"3887",6.02557470958522,0.397411470679109,5.7569685377033,0.40927970959267
"3888",5.7569685377033,0.40927970959267,5.46340415751785,-0.0694641042293743
"3889",5.46340415751785,-0.0694641042293743,0.177849050778222,0.281870674197084
"3890",0.177849050778222,0.281870674197084,5.55468487739715,-0.3385938748869
"3891",5.55468487739715,-0.3385938748869,5.5100044485461,-0.132994089001968
"3892",5.5100044485461,-0.132994089001968,5.80287069703075,0.529881960905478
"3893",5.80287069703075,0.529881960905478,4.84189241088267,-0.187971960439789
"3894",4.84189241088267,-0.187971960439789,0.638266907454326,-0.227590934460061
"3895",0.638266907454326,-0.227590934460061,4.36768645311581,-0.145909525466726
"3896",4.36768645311581,-0.145909525466726,4.43854682074678,0.281521608346685
"3897",4.43854682074678,0.281521608346685,5.73218486232498,0.233525053916841
"3898",5.73218486232498,0.233525053916841,4.72617708147544,0.160221225333079
"3899",4.72617708147544,0.160221225333079,4.09716041905669,-0.159348560707082
"3900",4.09716041905669,-0.159348560707082,5.29183829204681,-0.347145988221672
"3901",5.29183829204681,-0.347145988221672,5.09653594874864,-0.20943951023932
"3902",5.09653594874864,-0.20943951023932,4.37955469202937,-0.325852971347341
"3903",4.37955469202937,-0.325852971347341,4.67434080269121,0.351509311351658
"3904",4.67434080269121,0.351509311351658,5.00787322274733,0.168424272817453
"3905",5.00787322274733,0.168424272817453,5.14680143120608,-0.380307244009564
"3906",5.14680143120608,-0.380307244009564,4.62878770921416,-0.296182374063438
"3907",4.62878770921416,-0.296182374063438,3.45470472139758,0.0881391272257136
"3908",3.45470472139758,0.0881391272257136,3.46360590058275,-0.135786615805159
"3909",3.46360590058275,-0.135786615805159,2.93878539450805,0.259181393921158
"3910",2.93878539450805,0.259181393921158,5.08362051228388,0.0256563400043166
"3911",5.08362051228388,0.0256563400043166,3.93746279249921,0.0373500459926787
"3912",3.93746279249921,0.0373500459926787,3.21856167360274,-0.465653844432087
"3913",3.21856167360274,-0.465653844432087,2.91819050933452,-0.531627290157473
"3914",2.91819050933452,-0.531627290157473,3.80289790717044,-0.249582083035189
"3915",3.80289790717044,-0.249582083035189,4.73542732651101,0.154112572951099
"3916",4.73542732651101,0.154112572951099,2.67384441405531,-0.225671072282867
"3917",2.67384441405531,-0.225671072282867,3.37686303675863,-0.193033415270573
"3918",3.37686303675863,-0.193033415270573,3.8477528689467,-0.0631809189221947
"3919",3.8477528689467,-0.0631809189221947,2.72480802821355,-0.333183354205717
"3920",2.72480802821355,-0.333183354205717,2.0608847807549,0.25237460983838
"3921",2.0608847807549,0.25237460983838,2.52200076913181,-0.0591666616426078
"3922",2.52200076913181,-0.0591666616426078,1.82823239146406,0.126536370769589
"3923",1.82823239146406,0.126536370769589,2.39511533251182,-0.191811684794177
"3924",2.39511533251182,-0.191811684794177,2.53596340314776,0.146433124242324
"3925",2.53596340314776,0.146433124242324,1.40289565275304,0.259006860995958
"3926",1.40289565275304,0.259006860995958,1.93242854780812,-0.167028009415857
"3927",1.93242854780812,-0.167028009415857,2.4631831733396,0.219911485751285
"3928",2.4631831733396,0.219911485751285,1.40429191615464,-0.374722190403183
"3929",1.40429191615464,-0.374722190403183,1.16046941965103,-0.122696646415201
"3930",1.16046941965103,-0.122696646415201,2.14815124335462,0.210661240715716
"3931",2.14815124335462,0.210661240715716,1.80659030873933,0.251676478137582
"3932",1.80659030873933,0.251676478137582,2.5546384261441,-0.283441470523879
"3933",2.5546384261441,-0.283441470523879,1.28718032334582,0.4923573819876
"3934",1.28718032334582,0.4923573819876,0.933576616891767,-0.176278254451427
"3935",0.933576616891767,-0.176278254451427,2.19562419900887,-0.2769837522915
"3936",2.19562419900887,-0.2769837522915,1.02695173187346,-0.233175988066442
"3937",1.02695173187346,-0.233175988066442,2.42914925292571,-0.437728576400178
"3938",2.42914925292571,-0.437728576400178,0.562519617917772,0.336848545634906
"3939",0.562519617917772,0.336848545634906,1.55159770502296,-0.199142067652553
"3940",1.55159770502296,-0.199142067652553,1.67656327946575,-0.0492182849062401
"3941",1.67656327946575,-0.0492182849062401,0.661305253580651,0.242251700176813
"3942",0.661305253580651,0.242251700176813,0.244520628204406,0.0635299847725936
"3943",0.244520628204406,0.0635299847725936,0.0996583002888762,-0.0649262481741891
"3944",0.0996583002888762,-0.0649262481741891,1.09519410562644,0.188844625065786
"3945",1.09519410562644,0.188844625065786,0.0413643032722656,-0.265290046303138
"3946",0.0413643032722656,-0.265290046303138,2.24990393874589,-0.0240855436775217
"3947",2.24990393874589,-0.0240855436775217,0.0279252680319093,0.0698131700797732
"3948",0.0279252680319093,0.0698131700797732,0.999724595542352,0.328820031075732
"3949",0.999724595542352,0.328820031075732,5.8789670524177,-0.355174502780846
"3950",5.8789670524177,-0.355174502780846,5.64614013020166,0.297229571614634
"3951",5.64614013020166,0.297229571614634,5.61385153903976,-0.319918851890561
"3952",5.61385153903976,-0.319918851890561,5.49778714378214,0.401949326734294
"3953",5.49778714378214,0.401949326734294,0.195651409148564,-0.447851486061745
"3954",0.195651409148564,-0.447851486061745,5.66568781782399,0.0479965544298441
"3955",5.66568781782399,0.0479965544298441,5.43722421873793,0.294786110661842
"3956",5.43722421873793,0.294786110661842,4.91886143089562,0.307177948351002
"3957",4.91886143089562,0.307177948351002,4.80558956244119,-0.189891822616983
"3958",4.80558956244119,-0.189891822616983,5.23930388156178,0.226892802759263
"3959",5.23930388156178,0.226892802759263,5.34245284035464,0.169122404518251
"3960",5.34245284035464,0.169122404518251,6.03622121802239,0.314508331209378
"3961",6.03622121802239,0.314508331209378,5.88367944139808,0.183608637309803
"3962",5.88367944139808,0.183608637309803,3.88178678936059,-0.0635299847725936
"3963",3.88178678936059,-0.0635299847725936,4.55984720376038,0.248011286708394
"3964",4.55984720376038,0.248011286708394,5.48539530609298,-0.611912435749212
"3965",5.48539530609298,-0.611912435749212,5.23546415720739,-0.284837733925475
"3966",5.23546415720739,-0.284837733925475,4.59754631560346,-0.375769387954379
"3967",4.59754631560346,-0.375769387954379,4.22893277758226,0.423940475309423
"3968",4.22893277758226,0.423940475309423,3.7245326237559,-0.0748746249105567
"3969",3.7245326237559,-0.0748746249105567,4.49788801531459,-0.284314135149876
"3970",4.49788801531459,-0.284314135149876,4.39491358944692,-0.865334243138789
"3971",4.39491358944692,-0.865334243138789,3.29570522654089,-0.309272343453395
"3972",3.29570522654089,-0.309272343453395,3.20756609931518,0.176801853227026
"3973",3.20756609931518,0.176801853227026,3.74338217967744,-0.330565360327726
"3974",3.74338217967744,-0.330565360327726,4.25511271636218,0.0521853446346305
"3975",4.25511271636218,0.0521853446346305,3.48315358820508,0.237539311196428
"3976",3.48315358820508,0.237539311196428,3.59520372618312,0.357617963733638
"3977",3.59520372618312,0.357617963733638,4.04200801469367,-0.320267917740959
"3978",4.04200801469367,-0.320267917740959,4.35058222644627,-0.118682389135614
"3979",4.35058222644627,-0.118682389135614,2.96095107600838,-0.19704767255016
"3980",2.96095107600838,-0.19704767255016,2.35968514869633,0.182386906833407
"3981",2.35968514869633,0.182386906833407,2.02126580673463,0.27384215963791
"3982",2.02126580673463,0.27384215963791,2.83389110646319,0.328296432300133
"3983",2.83389110646319,0.328296432300133,3.66117717190851,0.0881391272257136
"3984",3.66117717190851,0.0881391272257136,1.86628056915754,0.114319066005629
"3985",1.86628056915754,0.114319066005629,1.18071523897416,-0.128805298797182
"3986",1.18071523897416,-0.128805298797182,1.85650672534637,0.220435084526884
"3987",1.85650672534637,0.220435084526884,2.80875836523447,-0.518537320767515
"3988",2.80875836523447,-0.518537320767515,2.66110351051575,-0.11065387457644
"3989",2.66110351051575,-0.11065387457644,1.94499491842248,0.442440965380563
"3990",1.94499491842248,0.442440965380563,2.06943689408968,-0.235793981944434
"3991",2.06943689408968,-0.235793981944434,1.79646739907776,-0.36006142468643
"3992",1.79646739907776,-0.36006142468643,0.638790506229925,-0.244171562354007
"3993",0.638790506229925,-0.244171562354007,2.28411239208498,0.512428668385535
"3994",2.28411239208498,0.512428668385535,2.2774801409274,-0.0930260491312978
"3995",2.2774801409274,-0.0930260491312978,1.29922309518458,0.241902634326414
"3996",1.29922309518458,0.241902634326414,0.480838208924438,0.0972148393360842
"3997",0.480838208924438,0.0972148393360842,0.920835713352208,0.228114533235659
"3998",0.920835713352208,0.228114533235659,0.0448549617762543,0.339292006587698
"3999",0.0448549617762543,0.339292006587698,0.160395758258279,-0.342433599241287
"4000",0.160395758258279,-0.342433599241287,6.16851717532356,0.0966912405604859
"4001",6.16851717532356,0.0966912405604859,0.169471470368649,-0.054803338512622
"4002",0.169471470368649,-0.054803338512622,1.26623637232189,0.492706447837999
"4003",1.26623637232189,0.492706447837999,5.88053784874449,-0.00767944870877505
"4004",5.88053784874449,-0.00767944870877505,5.77808702165243,-0.352207443052456
"4005",5.77808702165243,-0.352207443052456,6.12348768062211,-0.329867228626928
"4006",6.12348768062211,-0.329867228626928,1.59749986435041,-0.277332818141899
"4007",1.59749986435041,-0.277332818141899,5.64980532163084,0.286757596102668
"4008",5.64980532163084,0.286757596102668,5.71490610273023,-0.59096848472528
"4009",5.71490610273023,-0.59096848472528,5.56323699073192,-0.383623369588354
"4010",5.56323699073192,-0.383623369588354,5.61402607196496,0.136135681655558
"4011",5.61402607196496,0.136135681655558,5.3859115387293,-0.257436064669164
"4012",5.3859115387293,-0.257436064669164,5.37351970104014,0.217991623574092
"4013",5.37351970104014,0.217991623574092,5.22202512196703,0.151494579073108
"4014",5.22202512196703,0.151494579073108,6.20464549083984,0.23073252711365
"4015",6.20464549083984,0.23073252711365,4.92950793933278,0.311715804406187
"4016",4.92950793933278,0.311715804406187,4.93090420273438,0.180292511731014
"4017",4.93090420273438,0.180292511731014,4.81693420257915,-0.249931148885588
"4018",4.81693420257915,-0.249931148885588,4.50521839817296,-0.116762526958421
"4019",4.50521839817296,-0.116762526958421,4.62564611656057,-0.346796922371273
"4020",4.62564611656057,-0.346796922371273,0.0541052068118242,-0.110304808726042
"4021",0.0541052068118242,-0.110304808726042,4.99286339118018,-0.137008346281555
"4022",4.99286339118018,-0.137008346281555,5.98822466359255,0.330565360327726
"4023",5.98822466359255,0.330565360327726,3.49048397106346,0.183259571459405
"4024",3.49048397106346,0.183259571459405,4.72739881195184,0.193382481120972
"4025",4.72739881195184,0.193382481120972,3.72016930062591,0.208741378538522
"4026",3.72016930062591,0.208741378538522,3.97777989822028,0.165806278939461
"4027",3.97777989822028,0.165806278939461,4.2474332676534,-0.145909525466726
"4028",4.2474332676534,-0.145909525466726,3.19499972870082,-0.170344134994647
"4029",3.19499972870082,-0.170344134994647,2.00712863979348,0.210835773640915
"4030",2.00712863979348,0.210835773640915,2.73737439882791,0.274714824263907
"4031",2.73737439882791,0.274714824263907,3.05380259221448,-0.384496034214351
"4032",3.05380259221448,-0.384496034214351,3.49903608439823,-0.217642557723693
"4033",3.49903608439823,-0.217642557723693,2.15652882376419,0.174881991049832
"4034",2.15652882376419,0.174881991049832,2.96007841138238,-0.161792021659874
"4035",2.96007841138238,-0.161792021659874,2.69461383215405,0.779114978090269
"4036",2.69461383215405,0.779114978090269,1.38334796513071,-0.397411470679109
"4037",1.38334796513071,-0.397411470679109,1.40027765887505,0.391128285371929
"4038",1.40027765887505,0.391128285371929,2.6164230816647,-0.749967979581963
"4039",2.6164230816647,-0.749967979581963,1.8472564803108,-0.421497014356631
"4040",1.8472564803108,-0.421497014356631,1.23359871530959,-0.146258591317125
"4041",1.23359871530959,-0.146258591317125,2.0938715036176,-0.217991623574092
"4042",2.0938715036176,-0.217991623574092,0.626398668540765,-0.20612338466053
"4043",0.626398668540765,-0.20612338466053,2.29057011031736,0.32620203719774
"4044",2.29057011031736,0.32620203719774,1.11002940426839,-0.354650904005248
"4045",1.11002940426839,-0.354650904005248,0.625351470989568,-0.289724655831059
"4046",0.625351470989568,-0.289724655831059,0.369660735572399,-0.185353966561798
"4047",0.369660735572399,-0.185353966561798,0.595331807855266,0.322711378693751
"4048",0.595331807855266,0.322711378693751,2.29510796637254,-0.441568300754565
"4049",2.29510796637254,-0.441568300754565,0.52621676947629,0.213453767518907
"4050",0.52621676947629,0.213453767518907,6.11807715994092,0.42463860701022
"4051",6.11807715994092,0.42463860701022,1.34023833260645,-0.303163691071415
"4052",1.34023833260645,-0.303163691071415,0.0310668606854991,0.0932005820564972
"4053",0.0310668606854991,0.0932005820564972,5.71298624055304,0.301418361819421
"4054",5.71298624055304,0.301418361819421,0.0577703982410123,0.327947366449734
"4055",0.0577703982410123,0.327947366449734,5.35816080362259,-0.25237460983838
"4056",5.35816080362259,-0.25237460983838,5.61210620978777,0.174707458124632
"4057",5.61210620978777,0.174707458124632,6.05891049829831,-0.422195146057428
"4058",6.05891049829831,-0.422195146057428,5.82992330043666,0.366519142918809
"4059",5.82992330043666,0.366519142918809,4.8324676329219,-0.623606141737574
"4060",4.8324676329219,-0.623606141737574,5.52867947154244,0.173485727648236
"4061",5.52867947154244,0.173485727648236,5.14453250317849,-0.303861822772213
"4062",5.14453250317849,-0.303861822772213,5.46706934894704,-0.260752190247953
"4063",5.46706934894704,-0.260752190247953,4.77766429440928,-0.280648943720688
"4064",4.77766429440928,-0.280648943720688,5.09164902684306,0.126536370769589
"4065",5.09164902684306,0.126536370769589,4.55234228797681,-0.0933751149816966
"4066",4.55234228797681,-0.0933751149816966,5.72886873674619,-0.393397213399522
"4067",5.72886873674619,-0.393397213399522,5.39655804716647,0.537561409614253
"4068",5.39655804716647,0.537561409614253,5.17490123216319,0.185179433636598
"4069",5.17490123216319,0.185179433636598,5.54403836895999,-0.271049632834719
"4070",5.54403836895999,-0.271049632834719,4.90734225783246,-0.272969495011913
"4071",4.90734225783246,-0.272969495011913,4.84398680598506,0.271398698685118
"4072",4.84398680598506,0.271398698685118,3.97638363481868,-0.297055038689435
"4073",3.97638363481868,-0.297055038689435,5.538802381204,0.423416876533824
"4074",5.538802381204,0.423416876533824,3.9097120573925,-0.160395758258279
"4075",3.9097120573925,-0.160395758258279,4.39247012849413,-0.233699586842041
"4076",4.39247012849413,-0.233699586842041,4.46664662170389,-0.394444410950718
"4077",4.46664662170389,-0.394444410950718,4.60557483016264,-0.602487657788443
"4078",4.60557483016264,-0.602487657788443,2.90387880946817,-0.137357412131954
"4079",2.90387880946817,-0.137357412131954,4.31096325242599,-0.0764454212373516
"4080",4.31096325242599,-0.0764454212373516,3.56518406304882,-0.24015730507442
"4081",3.56518406304882,-0.24015730507442,4.03589936231169,0.360410490536829
"4082",4.03589936231169,0.360410490536829,3.13181880977862,0.0654498469497874
"4083",3.13181880977862,0.0654498469497874,2.64120675704302,-0.171740398396242
"4084",2.64120675704302,-0.171740398396242,2.50140588395827,-0.283616003449079
"4085",2.50140588395827,-0.283616003449079,2.84925000388074,-0.226892802759263
"4086",2.84925000388074,-0.226892802759263,2.00328891543909,0.175231056900231
"4087",2.00328891543909,0.175231056900231,3.34719243947473,-0.152018177848706
"4088",3.34719243947473,-0.152018177848706,3.15206462910176,-0.259530459771557
"4089",3.15206462910176,-0.259530459771557,2.13436314226387,0.0849975345721238
"4090",2.13436314226387,0.0849975345721238,3.22571752353592,-0.338070276111302
"4091",3.22571752353592,-0.338070276111302,1.81898214642849,-0.274889357189107
"4092",1.81898214642849,-0.274889357189107,1.61757115074834,0.0621337213709981
"4093",1.61757115074834,0.0621337213709981,2.71067086127239,-0.389033890269536
"4094",2.71067086127239,-0.389033890269536,1.28124620388904,-0.435110582522186
"4095",1.28124620388904,-0.435110582522186,2.90475147409416,0.0678933079025794
"4096",2.90475147409416,0.0678933079025794,1.87169108983872,-0.445757090959352
"4097",1.87169108983872,-0.445757090959352,2.14047179464585,-0.433539786195391
"4098",2.14047179464585,-0.433539786195391,1.56538580611371,-0.149225651045515
"4099",1.56538580611371,-0.149225651045515,1.59191481074403,-0.0966912405604859
"4100",1.59191481074403,-0.0966912405604859,2.33507600624321,0.523598775598299
"4101",2.33507600624321,0.523598775598299,1.47270882283282,-0.17243853009704
"4102",1.47270882283282,-0.17243853009704,2.10748507178315,0.201934594455744
"4103",2.10748507178315,0.201934594455744,0.883834733209928,-0.134739418253962
"4104",0.883834733209928,-0.134739418253962,1.02119214534188,-0.00506145483078355
"4105",1.02119214534188,-0.00506145483078355,0.737925207743203,0.32306044454415
"4106",0.737925207743203,0.32306044454415,1.00269165527074,-0.253945406165175
"4107",1.00269165527074,-0.253945406165175,1.29957216103498,-0.168249739892253
"4108",1.29957216103498,-0.168249739892253,1.93173041610732,-0.451865743341332
"4109",1.93173041610732,-0.451865743341332,1.00845124180232,-0.183957703160202
"4110",1.00845124180232,-0.183957703160202,0.448375084837343,0.352731041828054
"4111",0.448375084837343,0.352731041828054,5.86674974765374,0.158301363155886
"4112",5.86674974765374,0.158301363155886,6.19818777260746,0.345226126044478
"4113",6.19818777260746,0.345226126044478,1.17443205366698,-0.481361807700036
"4114",1.17443205366698,-0.481361807700036,6.07950538347185,0.172613063022239
"4115",6.07950538347185,0.172613063022239,5.61699313169335,-0.245916891606001
"4116",5.61699313169335,-0.245916891606001,0.0731292956585624,-0.239110107523223
"4117",0.0731292956585624,-0.239110107523223,5.87617452561451,-0.15097098029751
"4118",5.87617452561451,-0.15097098029751,1.22749006292761,-0.512079602535136
"4119",1.22749006292761,-0.512079602535136,0.115017197706426,0.192684349420174
"4120",0.115017197706426,0.192684349420174,0.803025988842591,0.415737427825049
"4121",0.803025988842591,0.415737427825049,5.28677683721602,0.219213354050488
"4122",5.28677683721602,0.219213354050488,5.26862541299528,0.273318560862312
"4123",5.26862541299528,0.273318560862312,5.15308461651326,-0.309446876378595
"4124",5.15308461651326,-0.309446876378595,6.19993310185946,0.110479341651241
"4125",6.19993310185946,0.110479341651241,0.371056998973995,-0.282219740047483
"4126",0.371056998973995,-0.282219740047483,4.88744550435972,-0.260054058547155
"4127",4.88744550435972,-0.260054058547155,5.11398924126858,0.292168116783851
"4128",5.11398924126858,0.292168116783851,4.7404887813418,-0.337721210260903
"4129",4.7404887813418,-0.337721210260903,4.68097305384879,-0.266686309704734
"4130",4.68097305384879,-0.266686309704734,4.42929657571121,-0.112399203828435
"4131",4.42929657571121,-0.112399203828435,5.37753395831973,-0.289550122905859
"4132",5.37753395831973,-0.289550122905859,5.00159003744015,0.235793981944434
"4133",5.00159003744015,0.235793981944434,4.99687764845977,-0.13543754995476
"4134",4.99687764845977,-0.13543754995476,3.9694023178107,-0.294611577736643
"4135",3.9694023178107,-0.294611577736643,3.65384678905013,-0.171391332545843
"4136",3.65384678905013,-0.171391332545843,4.23434329826344,0.370009801422798
"4137",4.23434329826344,0.370009801422798,5.67528712870996,0.367740873395205
"4138",5.67528712870996,0.367740873395205,5.50616472419171,0.401949326734294
"4139",5.50616472419171,0.401949326734294,4.29124103187846,-0.631809189221947
"4140",4.29124103187846,-0.631809189221947,5.0481903284684,0.108734012399247
"4141",5.0481903284684,0.108734012399247,4.02141312952013,0.28012534494509
"4142",4.02141312952013,0.28012534494509,3.2918655021865,-0.247662220857995
"4143",3.2918655021865,-0.247662220857995,3.23339697224469,0.0108210413623648
"4144",3.23339697224469,0.0108210413623648,3.36237680396708,-0.154810704651897
"4145",3.36237680396708,-0.154810704651897,4.45303305353833,-0.445058959258554
"4146",4.45303305353833,-0.445058959258554,3.67601247055046,-0.340862802914493
"4147",3.67601247055046,-0.340862802914493,3.05781684949407,-0.142069801112338
"4148",3.05781684949407,-0.142069801112338,2.88171312796784,-0.222354946704078
"4149",2.88171312796784,-0.222354946704078,3.1079077990263,-0.214151899219704
"4150",3.1079077990263,-0.214151899219704,2.76250714005662,0.251152879361984
"4151",2.76250714005662,0.251152879361984,3.7241835579055,0.395666141427114
"4152",3.7241835579055,0.395666141427114,3.17527750815328,0.287630260728665
"4153",3.17527750815328,0.287630260728665,2.62846585350346,0.153065375399903
"4154",2.62846585350346,0.153065375399903,1.87989413732309,0.0368264472170803
"4155",1.87989413732309,0.0368264472170803,1.67708687824135,0.096342174710087
"4156",1.67708687824135,0.096342174710087,2.72428442943795,-0.272096830385916
"4157",2.72428442943795,-0.272096830385916,3.85857391030906,-0.264940980452739
"4158",3.85857391030906,-0.264940980452739,1.55089957332216,0.0668461103513828
"4159",1.55089957332216,0.0668461103513828,1.89071517868546,0.20001473227855
"4160",1.89071517868546,0.20001473227855,1.13062428944193,0.211708438266912
"4161",1.13062428944193,0.211708438266912,1.47567588256121,-0.186226631187795
"4162",1.47567588256121,-0.186226631187795,0.794299342582619,0.285535865626272
"4163",0.794299342582619,0.285535865626272,1.07494828630331,-0.493753645389196
"4164",1.07494828630331,-0.493753645389196,1.63834056884708,-0.39392081217512
"4165",1.63834056884708,-0.39392081217512,1.9387117331153,-0.218340689424491
"4166",1.9387117331153,-0.218340689424491,1.54828157944417,-0.0335103216382911
"4167",1.54828157944417,-0.0335103216382911,0.32637657012294,0.0993092344384773
"4168",0.32637657012294,0.0993092344384773,0.130550628049176,-0.209963109014918
"4169",0.130550628049176,-0.209963109014918,1.58057017060607,0.2153736296961
"4170",1.58057017060607,0.2153736296961,0.814719694830953,-0.306130750799805
"4171",0.814719694830953,-0.306130750799805,6.24251913560812,0.156206968053492
"4172",6.24251913560812,0.156206968053492,6.08247244320024,-0.133866753627965
"4173",6.08247244320024,-0.133866753627965,1.10549154821321,-0.305083553248609
"4174",1.10549154821321,-0.305083553248609,5.86832054398054,-0.206472450510929
"4175",5.86832054398054,-0.206472450510929,2.00817583734468,-0.219038821125288
"4176",2.00817583734468,-0.219038821125288,5.72694887456899,-0.239284640448423
"4177",5.72694887456899,-0.239284640448423,0.693419311817347,0.287630260728665
"4178",0.693419311817347,0.287630260728665,6.06135395925111,-0.236841179495631
"4179",6.06135395925111,-0.236841179495631,5.7878608654636,0.193731546971371
"4180",5.7878608654636,0.193731546971371,5.46497495384464,0.0813323431429357
"4181",5.46497495384464,0.0813323431429357,5.33861311600026,0.264242848751941
"4182",5.33861311600026,0.264242848751941,5.77686529117603,0.415911960750249
"4183",5.77686529117603,0.415911960750249,5.26792728129448,-0.0919788515801011
"4184",5.26792728129448,-0.0919788515801011,0.00802851455917392,0.105941485596056
"4185",0.00802851455917392,0.105941485596056,5.20526996114789,0.141895268187139
"4186",5.20526996114789,0.141895268187139,5.11765443269777,0.285535865626272
"4187",5.11765443269777,0.285535865626272,5.98124334658457,0.164933614313464
"4188",5.98124334658457,0.164933614313464,0.691499449640153,0.404567320612286
"4189",0.691499449640153,0.404567320612286,1.19397974128932,0.529009296279481
"4190",1.19397974128932,0.529009296279481,4.71081818405789,-0.356570766182442
"4191",4.71081818405789,-0.356570766182442,5.55730287127515,-0.313286600732982
"4192",5.55730287127515,-0.313286600732982,5.42797397370236,0.388161225643539
"4193",5.42797397370236,0.388161225643539,5.33774045137426,-0.273318560862312
"4194",5.33774045137426,-0.273318560862312,5.15186288603686,-0.373325927001587
"4195",5.15186288603686,-0.373325927001587,5.02096319213729,-0.22479840765687
"4196",5.02096319213729,-0.22479840765687,4.92008316137201,-0.482059939400834
"4197",4.92008316137201,-0.482059939400834,4.63768888839933,-0.24015730507442
"4198",4.63768888839933,-0.24015730507442,6.12244048307091,0.097563905186483
"4199",6.12244048307091,0.097563905186483,5.8170078639719,-0.373500459926786
"4200",5.8170078639719,-0.373500459926786,4.79197599427563,-0.413643032722656
"4201",4.79197599427563,-0.413643032722656,4.91240371266324,-0.336848545634906
"4202",4.91240371266324,-0.336848545634906,3.62365259299063,-0.146084058391925
"4203",3.62365259299063,-0.146084058391925,4.54029951613805,-0.0553269372882202
"4204",4.54029951613805,-0.0553269372882202,3.34946136750232,-0.220784150377283
"4205",3.34946136750232,-0.220784150377283,3.22292499673273,0.0813323431429357
"4206",3.22292499673273,0.0813323431429357,3.94374597780639,-0.158999494856683
"4207",3.94374597780639,-0.158999494856683,5.16512738835202,0.5541420375082
"4208",5.16512738835202,0.5541420375082,2.84523574660116,-0.244346095279206
"4209",2.84523574660116,-0.244346095279206,3.79923271574126,-0.138055543832751
"4210",3.79923271574126,-0.138055543832751,3.64040775380977,-0.316602726311771
"4211",3.64040775380977,-0.316602726311771,3.71475877994473,-0.0577703982410123
"4212",3.71475877994473,-0.0577703982410123,3.93536839739681,-0.60021872976085
"4213",3.93536839739681,-0.60021872976085,3.23863296000068,0.135961148730358
"4214",3.23863296000068,0.135961148730358,4.57974395723312,-0.488517657633213
"4215",4.57974395723312,-0.488517657633213,3.43620423132644,0.520457182944709
"4216",3.43620423132644,0.520457182944709,3.5098571257606,0.341386401690091
"4217",3.5098571257606,0.341386401690091,3.71493331286993,-0.216071761396898
"4218",3.71493331286993,-0.216071761396898,3.07108135180922,0.198618468876955
"4219",3.07108135180922,0.198618468876955,3.58577894822235,0.37542032210398
"4220",3.58577894822235,0.37542032210398,2.13471220811426,0.218340689424491
"4221",2.13471220811426,0.218340689424491,2.09683856334599,0.0230383461263252
"4222",2.09683856334599,0.0230383461263252,4.47118447775907,0.234397718542838
"4223",4.47118447775907,0.234397718542838,1.82578893051127,-0.0904080552533063
"4224",1.82578893051127,-0.0904080552533063,3.77130744770935,0.149051118120316
"4225",3.77130744770935,0.149051118120316,2.77210645094259,-0.342259066316088
"4226",2.77210645094259,-0.342259066316088,2.84506121367596,-0.545066325397829
"4227",2.84506121367596,-0.545066325397829,1.68092660259574,0.11693705988362
"4228",1.68092660259574,0.11693705988362,2.95815854920519,0.414864763199052
"4229",2.95815854920519,0.414864763199052,1.80100525513295,0.0752236907609556
"4230",1.80100525513295,0.0752236907609556,1.59610360094881,-0.144164196214732
"4231",1.59610360094881,-0.144164196214732,1.36030961900438,-0.194778744522567
"4232",1.36030961900438,-0.194778744522567,1.38125357002831,0.211708438266912
"4233",1.38125357002831,0.211708438266912,2.12720729233069,-0.261973920724349
"4234",2.12720729233069,-0.261973920724349,0.67090456446662,0.308923277602996
"4235",0.67090456446662,0.308923277602996,0.410326907143867,0.0513126800086333
"4236",0.410326907143867,0.0513126800086333,0.066497044500984,-0.238935574598024
"4237",0.066497044500984,-0.238935574598024,0.688706922836962,0.10157816246607
"4238",0.688706922836962,0.10157816246607,6.20185296403665,0.241204502625616
"4239",6.20185296403665,0.241204502625616,0.780162175641465,-0.406487182789479
"4240",0.780162175641465,-0.406487182789479,5.82817797118466,-0.242251700176813
"4241",5.82817797118466,-0.242251700176813,6.06641541408189,-0.137881010907552
"4242",6.06641541408189,-0.137881010907552,5.55485941032235,-0.225845605208066
"4243",5.55485941032235,-0.225845605208066,5.49028222799856,0.17226399717184
"4244",5.49028222799856,0.17226399717184,6.0325560265932,-0.00349065850398866
"4245",6.0325560265932,-0.00349065850398866,0.585557964044098,-0.193382481120972
"4246",0.585557964044098,-0.193382481120972,0.00925024503556995,0.0411897703470662
"4247",0.00925024503556995,0.0411897703470662,5.33006100266548,-0.309446876378595
"4248",5.33006100266548,-0.309446876378595,5.6943112175567,0.372976861151188
"4249",5.6943112175567,0.372976861151188,5.37090170716215,-0.0973893722612836
"4250",5.37090170716215,-0.0973893722612836,5.80688495431033,0.11065387457644
"4251",5.80688495431033,0.11065387457644,5.53304279467242,0.415039296124252
"4252",5.53304279467242,0.415039296124252,4.89582308476929,-0.368439005096003
"4253",4.89582308476929,-0.368439005096003,4.80558956244119,-0.263719249976343
"4254",4.80558956244119,-0.263719249976343,5.97757815515538,0.37542032210398
"4255",5.97757815515538,0.37542032210398,5.40947348363123,0.0661479786505851
"4256",5.40947348363123,0.0661479786505851,5.8775707890161,0.183434104384604
"4257",5.8775707890161,0.183434104384604,6.18317794104031,-0.439124839801773
"4258",6.18317794104031,-0.439124839801773,6.21180134077302,0.134564885328763
"4259",6.21180134077302,0.134564885328763,4.56333786226437,0.315031929984976
"4260",4.56333786226437,0.315031929984976,5.06599268683874,0.31398473243378
"4261",5.06599268683874,0.31398473243378,5.07681372820111,0.434586983746588
"4262",5.07681372820111,0.434586983746588,5.06302562711035,-0.175231056900231
"4263",5.06302562711035,-0.175231056900231,5.00019377403855,0.381878040336359
"4264",5.00019377403855,0.381878040336359,4.99338698995578,-0.294611577736643
"4265",4.99338698995578,-0.294611577736643,5.81124827744032,0.443837228782158
"4266",5.81124827744032,0.443837228782158,4.54518643804363,-0.317649923862968
"4267",4.54518643804363,-0.317649923862968,4.57293717315034,0.223751210105673
"4268",4.57293717315034,0.223751210105673,5.67947591891475,0.273318560862312
"4269",5.67947591891475,0.273318560862312,5.92382201419395,-0.394269878025519
"4270",5.92382201419395,-0.394269878025519,5.44158754186792,-0.268780704807127
"4271",5.44158754186792,-0.268780704807127,4.493001093409,-0.465130245656489
"4272",4.493001093409,-0.465130245656489,3.77322730988654,-0.318348055563766
"4273",3.77322730988654,-0.318348055563766,4.54187031246484,-0.48328166987723
"4274",4.54187031246484,-0.48328166987723,3.31769637511602,0.0424115008234622
"4275",3.31769637511602,0.0424115008234622,3.43707689595243,0.152192710773906
"4276",3.43707689595243,0.152192710773906,3.98929907128344,-0.169471470368649
"4277",3.98929907128344,-0.169471470368649,4.18163435485321,-0.269478836507924
"4278",4.18163435485321,-0.269478836507924,4.68044945507319,0.111352006277238
"4279",4.68044945507319,0.111352006277238,4.09593868858029,-0.0767944870877505
"4280",4.09593868858029,-0.0767944870877505,2.88642551694822,0.112573736753634
"4281",2.88642551694822,0.112573736753634,2.81539061639205,-0.234746784393237
"4282",2.81539061639205,-0.234746784393237,4.4614106339479,-0.259006860995958
"4283",4.4614106339479,-0.259006860995958,4.56909744879596,0.174881991049832
"4284",4.56909744879596,0.174881991049832,3.59380746278152,-0.195651409148564
"4285",3.59380746278152,-0.195651409148564,4.52930394185048,-0.23090706003885
"4286",4.52930394185048,-0.23090706003885,4.40398930155729,0.0190240888467382
"4287",4.40398930155729,0.0190240888467382,4.40852715761248,-0.343480796792484
"4288",4.40852715761248,-0.343480796792484,3.04053808989932,0.03385938748869
"4289",3.04053808989932,0.03385938748869,2.10085282062557,0.220435084526884
"4290",2.10085282062557,0.220435084526884,2.09090444388921,-0.0719075651821664
"4291",2.09090444388921,-0.0719075651821664,3.37040531852625,-0.332136156654521
"4292",3.37040531852625,-0.332136156654521,1.88268666412628,-0.140324471860344
"4293",1.88268666412628,-0.140324471860344,1.86750229963393,0.0715584993317675
"4294",1.86750229963393,0.0715584993317675,3.87515453820301,-0.175929188601028
"4295",3.87515453820301,-0.175929188601028,2.65604205568497,-0.405963584013881
"4296",2.65604205568497,-0.405963584013881,1.73764980328555,-0.475427688243255
"4297",1.73764980328555,-0.475427688243255,2.57331344914044,-0.115889862332423
"4298",2.57331344914044,-0.115889862332423,2.45585279048122,-0.154461638801498
"4299",2.45585279048122,-0.154461638801498,1.44949594378129,0.280299877870289
"4300",1.44949594378129,0.280299877870289,1.35699349342559,-0.15690509975429
"4301",1.35699349342559,-0.15690509975429,2.11481545464153,0.274191225488309
"4302",2.11481545464153,0.274191225488309,3.31682371049002,-0.215024563845701
"4303",3.31682371049002,-0.215024563845701,1.04388142561781,0.242775298952411
"4304",1.04388142561781,0.242775298952411,2.19230807343008,0.0570722665402146
"4305",2.19230807343008,0.0570722665402146,0.78801615727544,-0.408057979116274
"4306",0.78801615727544,-0.408057979116274,2.4310691151029,-0.0952949771588904
"4307",2.4310691151029,-0.0952949771588904,1.44234009384811,0.401949326734294
"4308",1.44234009384811,0.401949326734294,0.487644993007216,0.0586430628670095
"4309",0.487644993007216,0.0586430628670095,2.25583805820267,0.623606141737574
"4310",2.25583805820267,0.623606141737574,1.80152885390855,-0.578053048260522
"4311",1.80152885390855,-0.578053048260522,0.921184779202607,-0.301418361819421
"4312",0.921184779202607,-0.301418361819421,5.83411209064144,-0.227940000310459
"4313",5.83411209064144,-0.227940000310459,5.71508063565543,-0.297753170390233
"4314",5.71508063565543,-0.297753170390233,5.43129009928115,0.0848230016469244
"4315",5.43129009928115,0.0848230016469244,5.38137368267412,0.221133216227682
"4316",5.38137368267412,0.221133216227682,5.41505853723761,0.158475896081085
"4317",5.41505853723761,0.158475896081085,5.52274535208566,0.307352481276201
"4318",5.52274535208566,0.307352481276201,6.0027108963841,0.389033890269536
"4319",6.0027108963841,0.389033890269536,5.67895232013915,0.124616508592395
"4320",5.67895232013915,0.124616508592395,0.0823795406941323,-0.24923301718479
"4321",0.0823795406941323,-0.24923301718479,5.86011749649616,0.0867428638241182
"4322",5.86011749649616,0.0867428638241182,5.08833290126427,0.380132711084365
"4323",5.08833290126427,0.380132711084365,4.6160468056746,0.229510796637254
"4324",4.6160468056746,0.229510796637254,6.08020351517265,0.0191986217719376
"4325",6.08020351517265,0.0191986217719376,0.0586430628670095,-0.0588175957922089
"4326",0.0586430628670095,-0.0588175957922089,5.25239385095174,0.424987672860619
"4327",5.25239385095174,0.424987672860619,4.86632702041059,-0.136310214580757
"4328",4.86632702041059,-0.136310214580757,3.89574942337654,0.298102236240631
"4329",3.89574942337654,0.298102236240631,4.41254141489206,0.269478836507924
"4330",4.41254141489206,0.269478836507924,3.74390577845304,-0.315031929984976
"4331",3.74390577845304,-0.315031929984976,6.05960862999911,-0.309795942228993
"4332",6.05960862999911,-0.309795942228993,4.34691703501708,-0.437554043474978
"4333",4.34691703501708,-0.437554043474978,4.48444898007423,-0.285535865626272
"4334",4.48444898007423,-0.285535865626272,4.02891804530371,-0.171216799620644
"4335",4.02891804530371,-0.171216799620644,5.29969227368078,-0.219736952826086
"4336",5.29969227368078,-0.219736952826086,4.71622870473908,-0.445058959258554
"4337",4.71622870473908,-0.445058959258554,3.4780921333743,0.165457213089062
"4338",3.4780921333743,0.165457213089062,4.12718008219099,-0.0134390352403563
"4339",4.12718008219099,-0.0134390352403563,2.51065612899384,-0.103148958792865
"4340",2.51065612899384,-0.103148958792865,3.17562657400368,0.260926723173152
"4341",3.17562657400368,0.260926723173152,2.93669099940566,-0.252200076913181
"4342",2.93669099940566,-0.252200076913181,2.64365021799581,-0.0555014702134197
"4343",2.64365021799581,-0.0555014702134197,2.14099539342144,-0.369835268497598
"4344",2.14099539342144,-0.369835268497598,2.01131742999827,0.221831347928479
"4345",2.01131742999827,0.221831347928479,2.22372399996598,-0.163537350911869
"4346",2.22372399996598,-0.163537350911869,2.28899931399056,-0.273493093787511
"4347",2.28899931399056,-0.273493093787511,3.16847072407051,0.0738274273593602
"4348",3.16847072407051,0.0738274273593602,2.25130020214749,0.226892802759263
"4349",2.25130020214749,0.226892802759263,2.75081343406826,-0.439822971502571
"4350",2.75081343406826,-0.439822971502571,2.47225888544997,-0.531278224307074
"4351",2.47225888544997,-0.531278224307074,1.70326681702127,-0.137881010907552
"4352",1.70326681702127,-0.137881010907552,1.48736958854957,0.249058484259591
"4353",1.48736958854957,0.249058484259591,2.13628300444106,-0.044331363000656
"4354",2.13628300444106,-0.044331363000656,1.79437300397537,-0.381878040336359
"4355",1.79437300397537,-0.381878040336359,2.16281200907137,-0.134390352403563
"4356",2.16281200907137,-0.134390352403563,3.47128534929152,-0.0144862327915529
"4357",3.47128534929152,-0.0144862327915529,2.71503418440238,0.00593411945678072
"4358",2.71503418440238,0.00593411945678072,1.94429678672168,-0.785921762173047
"4359",1.94429678672168,-0.785921762173047,2.84017429177037,-0.389208423194735
"4360",2.84017429177037,-0.389208423194735,0.523947841448698,0.0736528944341607
"4361",0.523947841448698,0.0736528944341607,1.42366507085177,0.289899188756258
"4362",1.42366507085177,0.289899188756258,1.91392805773698,-0.131597825600372
"4363",1.91392805773698,-0.131597825600372,0.199316600577752,-0.0581194640914112
"4364",0.199316600577752,-0.0581194640914112,1.43082092078495,-0.075398223686155
"4365",1.43082092078495,-0.075398223686155,0.302989158146216,-0.309970475154193
"4366",0.302989158146216,-0.309970475154193,0.234397718542838,-0.328820031075732
"4367",0.234397718542838,-0.328820031075732,6.23536328567494,-0.453262006742927
"4368",6.23536328567494,-0.453262006742927,6.28143997792759,0.149574716895914
"4369",6.28143997792759,0.149574716895914,0.0225147473507269,-0.296007841138238
"4370",0.0225147473507269,-0.296007841138238,0.171740398396242,-0.124791041517595
"4371",0.171740398396242,-0.124791041517595,0.235444916094035,0.180292511731014
"4372",0.235444916094035,0.180292511731014,0.507716279405151,-0.177150919077424
"4373",0.507716279405151,-0.177150919077424,5.87320746588612,-0.196175007924163
"4374",5.87320746588612,-0.196175007924163,1.65579386136702,-0.248011286708394
"4375",1.65579386136702,-0.248011286708394,6.16642278022117,0.369835268497598
"4376",6.16642278022117,0.369835268497598,0.587303293296092,-0.361806753938424
"4377",0.587303293296092,-0.361806753938424,6.04424973258156,-0.216769893097696
"4378",6.04424973258156,-0.216769893097696,5.40196856784765,0.234921317318437
"4379",5.40196856784765,0.234921317318437,0.820479281362534,-0.303687289847013
"4380",0.820479281362534,-0.303687289847013,5.3869587362805,0.374024058702385
"4381",5.3869587362805,0.374024058702385,5.16146219692283,0.410675972994266
"4382",5.16146219692283,0.410675972994266,5.28450790918843,-0.2153736296961
"4383",5.28450790918843,-0.2153736296961,5.58854426488584,0.238411975822425
"4384",5.58854426488584,0.238411975822425,6.07042967136148,-0.293738913110646
"4385",6.07042967136148,-0.293738913110646,5.03579849077924,-0.124791041517595
"4386",5.03579849077924,-0.124791041517595,5.79449311662117,0.196698606699761
"4387",5.79449311662117,0.196698606699761,4.96092386586868,0.392524548773525
"4388",4.96092386586868,0.392524548773525,0.338942940737299,-0.13247049022637
"4389",0.338942940737299,-0.13247049022637,5.40545922635164,-0.0153588974175501
"4390",5.40545922635164,-0.0153588974175501,4.68987423303396,-0.394968009726317
"4391",4.68987423303396,-0.394968009726317,4.4027675710809,-0.354825436930447
"4392",4.4027675710809,-0.354825436930447,6.00602702196289,-0.31695179216217
"4393",6.00602702196289,-0.31695179216217,5.79047885934159,-0.356745299107641
"4394",5.79047885934159,-0.356745299107641,5.70129253456468,0.400378530407499
"4395",5.70129253456468,0.400378530407499,4.11950063348222,0.249931148885588
"4396",4.11950063348222,0.249931148885588,3.79836005111526,-0.274889357189107
"4397",3.79836005111526,-0.274889357189107,4.77993322243687,-0.391128285371929
"4398",4.77993322243687,-0.391128285371929,3.41229322057411,-0.265813645078736
"4399",3.41229322057411,-0.265813645078736,3.52155083174896,-0.0551524043630208
"4400",3.52155083174896,-0.0551524043630208,3.98336495182666,-0.177325452002624
"4401",3.98336495182666,-0.177325452002624,5.06616721976394,0.498989633145179
"4402",5.06616721976394,0.498989633145179,3.51718750861897,0.157603231455088
"4403",3.51718750861897,0.157603231455088,3.83413930078114,-0.364773813666815
"4404",3.83413930078114,-0.364773813666815,2.76460153515902,-0.0769690200129499
"4405",2.76460153515902,-0.0769690200129499,4.34778969964307,-0.227241868609662
"4406",4.34778969964307,-0.227241868609662,4.14969482954172,-0.247836753783195
"4407",4.14969482954172,-0.247836753783195,3.30547907035206,0.112748269678834
"4408",3.30547907035206,0.112748269678834,2.62270626697188,-0.0808087443673375
"4409",2.62270626697188,-0.0808087443673375,4.09524055687949,0.107512281922851
"4410",4.09524055687949,0.107512281922851,2.93040781409848,-0.287106661953067
"4411",2.93040781409848,-0.287106661953067,3.3857642159438,-0.384146968363952
"4412",3.3857642159438,-0.384146968363952,2.69670822725644,-0.0740019602845596
"4413",2.69670822725644,-0.0740019602845596,2.35130756828676,0.320267917740959
"4414",2.35130756828676,0.320267917740959,1.99316600577752,0.154112572951099
"4415",1.99316600577752,0.154112572951099,1.91864044671737,0.241029969700417
"4416",1.91864044671737,0.241029969700417,2.74487931461148,-0.00750491578357562
"4417",2.74487931461148,-0.00750491578357562,1.86191724602755,0.340862802914493
"4418",1.86191724602755,0.340862802914493,2.45044226980004,-0.0654498469497874
"4419",2.45044226980004,-0.0654498469497874,2.56860106016005,-0.237364778271229
"4420",2.56860106016005,-0.237364778271229,2.11115026321234,0.25534166956677
"4421",2.11115026321234,0.25534166956677,1.4768976130376,-0.155334303427495
"4422",1.4768976130376,-0.155334303427495,2.5539402944433,-0.136833813356355
"4423",2.5539402944433,-0.136833813356355,2.25479086065147,-0.00872664625997165
"4424",2.25479086065147,-0.00872664625997165,2.26124857888385,0.322536845768552
"4425",2.26124857888385,0.322536845768552,2.22180413778878,0.202283660306143
"4426",2.22180413778878,0.202283660306143,2.032959512723,-0.253945406165175
"4427",2.032959512723,-0.253945406165175,2.31186312719169,-0.219213354050488
"4428",2.31186312719169,-0.219213354050488,1.88163946657509,-0.367740873395205
"4429",1.88163946657509,-0.367740873395205,0.566708408122559,0.0305432619099008
"4430",0.566708408122559,0.0305432619099008,0.662003385281449,0.167900674041854
"4431",0.662003385281449,0.167900674041854,0.597600735882858,-0.328645498150532
"4432",0.597600735882858,-0.328645498150532,0.24015730507442,-0.0411897703470662
"4433",0.24015730507442,-0.0411897703470662,1.69890349389128,0.134041286553164
"4434",1.69890349389128,0.134041286553164,0.0623082542961976,0.326551103048139
"4435",0.0623082542961976,0.326551103048139,0.908443875663048,-0.200887396904547
"4436",0.908443875663048,-0.200887396904547,6.14059190729165,-0.238237442897226
"4437",6.14059190729165,-0.238237442897226,6.00986674631727,0.127583568320785
"4438",6.00986674631727,0.127583568320785,0.773704457409086,0.238586508747625
"4439",0.773704457409086,0.238586508747625,0.906698546411054,-0.468097305384879
"4440",0.906698546411054,-0.468097305384879,0.88034407470594,-0.309970475154193
"4441",0.88034407470594,-0.309970475154193,5.5080845863689,0.20629791758573
"4442",5.5080845863689,0.20629791758573,0.36023595761163,-0.271398698685118
"4443",0.36023595761163,-0.271398698685118,5.93813371406031,-0.401774793809095
"4444",5.93813371406031,-0.401774793809095,4.96162199756948,-0.321664181142555
"4445",4.96162199756948,-0.321664181142555,5.74562389756533,0.261799387799149
"4446",5.74562389756533,0.261799387799149,4.76247992991693,0.274365758413509
"4447",4.76247992991693,0.274365758413509,5.75068535239612,0.440346570278169
"4448",5.75068535239612,0.440346570278169,6.25875069765167,-0.0661479786505851
"4449",6.25875069765167,-0.0661479786505851,4.28949570262646,0.270002435283523
"4450",4.28949570262646,0.270002435283523,5.82643264193267,-0.231779724664847
"4451",5.82643264193267,-0.231779724664847,6.16258305586678,0.0139626340159546
"4452",6.16258305586678,0.0139626340159546,5.15744793964324,0.0802851455917391
"4453",5.15744793964324,0.0802851455917391,4.65618937847047,0.435459648372585
"4454",4.65618937847047,0.435459648372585,4.16802078668766,-0.142593399887937
"4455",4.16802078668766,-0.142593399887937,5.0167744019325,0.387114028092342
"4456",5.0167744019325,0.387114028092342,4.66020363575006,-0.0366519142918809
"4457",4.66020363575006,-0.0366519142918809,3.54301838154849,-0.109257611174845
"4458",3.54301838154849,-0.109257611174845,4.55216775505161,-0.291819050933452
"4459",4.55216775505161,-0.291819050933452,3.12745548664864,0.106639617296854
"4460",3.12745548664864,0.106639617296854,4.48444898007423,0.24329889772801
"4461",4.48444898007423,0.24329889772801,3.27825193402095,0.138753675533549
"4462",3.27825193402095,0.138753675533549,3.11174752338069,-0.249582083035189
"4463",3.11174752338069,-0.249582083035189,3.95317075576716,-0.201585528605345
"4464",3.95317075576716,-0.201585528605345,3.32764475185239,0.169646003293849
"4465",3.32764475185239,0.169646003293849,3.18156069346046,0.258308729295161
"4466",3.18156069346046,0.258308729295161,1.89315863963825,0.108734012399247
"4467",1.89315863963825,0.108734012399247,2.59896978914476,-0.211010306566114
"4468",2.59896978914476,-0.211010306566114,1.49051118120316,-0.15707963267949
"4469",1.49051118120316,-0.15707963267949,1.49225651045515,-0.200363798128949
"4470",1.49225651045515,-0.200363798128949,2.23087984989915,-0.17226399717184
"4471",2.23087984989915,-0.17226399717184,2.09666403042079,0.245742358680802
"4472",2.09666403042079,0.245742358680802,1.7530087007031,-0.143815130364333
"4473",1.7530087007031,-0.143815130364333,1.59558000217322,-0.345226126044478
"4474",1.59558000217322,-0.345226126044478,0.792030414555027,0.296182374063438
"4475",0.792030414555027,0.296182374063438,2.10713600593275,-0.244695161129605
"4476",2.10713600593275,-0.244695161129605,2.13191968131107,0.348193185772869
"4477",2.13191968131107,0.348193185772869,0.59096848472528,-0.331961623729321
"4478",0.59096848472528,-0.331961623729321,0.469842634636873,-0.286059464401871
"4479",0.469842634636873,-0.286059464401871,1.65265226871343,-0.264068315826742
"4480",1.65265226871343,-0.264068315826742,1.47270882283282,-0.304036355697412
"4481",1.47270882283282,-0.304036355697412,6.17654568988273,0.173485727648236
"4482",6.17654568988273,0.173485727648236,1.36554560676036,0.16615534478986
"4483",1.36554560676036,0.16615534478986,1.11683618835117,0.125489173218392
"4484",1.11683618835117,0.125489173218392,6.23344342349775,0.271747764535517
"4485",6.23344342349775,0.271747764535517,5.64910718993005,0.188495559215388
"4486",5.64910718993005,0.188495559215388,1.07128309487412,-0.25865779514556
"4487",1.07128309487412,-0.25865779514556,5.87704719024051,-0.464955712731289
"4488",5.87704719024051,-0.464955712731289,0.299149433791828,-0.0659734457253856
"4489",0.299149433791828,-0.0659734457253856,1.10426981773681,-0.176976386152225
"4490",1.10426981773681,-0.176976386152225,5.45293218200588,-0.13247049022637
"4491",5.45293218200588,-0.13247049022637,6.02784363761282,0.0986111027376796
"4492",6.02784363761282,0.0986111027376796,0.64943701466709,0.309446876378595
"4493",0.64943701466709,0.309446876378595,0.84351762748886,0.390255620745932
"4494",0.84351762748886,0.390255620745932,5.24052561203817,-0.21223203704251
"4495",5.24052561203817,-0.21223203704251,5.05674244180317,0.206472450510929
"4496",5.05674244180317,0.206472450510929,5.37317063518974,0.375769387954379
"4497",5.37317063518974,0.375769387954379,0.0378736447682769,0.551873109480607
"4498",0.0378736447682769,0.551873109480607,0.0678933079025794,0.366693675844009
"4499",0.0678933079025794,0.366693675844009,5.89659487786284,0.170518667919846
"4500",5.89659487786284,0.170518667919846,0.488692190558412,0.183957703160202
"4501",0.488692190558412,0.183957703160202,4.87627539714696,0.368613538021202
"4502",4.87627539714696,0.368613538021202,4.87086487646577,-0.0740019602845596
"4503",4.87086487646577,-0.0740019602845596,5.92190215201676,-0.28920105705546
"4504",5.92190215201676,-0.28920105705546,4.86807234966258,-0.340164671213695
"4505",4.86807234966258,-0.340164671213695,4.80873115509478,0.2769837522915
"4506",4.80873115509478,0.2769837522915,5.13039533623733,-0.120602251312808
"4507",5.13039533623733,-0.120602251312808,4.67381720391562,0.111352006277238
"4508",4.67381720391562,0.111352006277238,4.91170558096244,-0.269827902358323
"4509",4.91170558096244,-0.269827902358323,6.24548619533651,-0.25551620249197
"4510",6.24548619533651,-0.25551620249197,4.22701291540507,0.317824456788167
"4511",4.22701291540507,0.317824456788167,5.46672028309664,-0.349938515024863
"4512",5.46672028309664,-0.349938515024863,4.48008565694424,0.312763001957384
"4513",4.48008565694424,0.312763001957384,4.62512251778497,-0.371755130674792
"4514",4.62512251778497,-0.371755130674792,5.44525273329711,0.559203492338983
"4515",5.44525273329711,0.559203492338983,4.30206207324082,-0.231256125889249
"4516",4.30206207324082,-0.231256125889249,5.41959639329279,0.493753645389196
"4517",5.41959639329279,0.493753645389196,4.57538063410313,-0.03385938748869
"4518",4.57538063410313,-0.03385938748869,3.4156093461529,0.191462618943778
"4519",3.4156093461529,0.191462618943778,4.00378530407499,0.168947871593051
"4520",4.00378530407499,0.168947871593051,4.60644749478863,0.264417381677141
"4521",4.60644749478863,0.264417381677141,4.45896717299511,0.499687764845977
"4522",4.45896717299511,0.499687764845977,2.9855602184615,-0.320267917740959
"4523",2.9855602184615,-0.320267917740959,4.22456945445227,0.358490628359635
"4524",4.22456945445227,0.358490628359635,3.35312655893151,-0.0855211333477222
"4525",3.35312655893151,-0.0855211333477222,3.40409017308974,-0.25865779514556
"4526",3.40409017308974,-0.25865779514556,2.10783413763355,0.231605191739647
"4527",2.10783413763355,0.231605191739647,2.68675985052007,-0.158824961931484
"4528",2.68675985052007,-0.158824961931484,2.4621359757884,-0.223053078404875
"4529",2.4621359757884,-0.223053078404875,1.93033415270573,0.103323491718064
"4530",1.93033415270573,0.103323491718064,1.78041036995942,-0.215897228471699
"4531",1.78041036995942,-0.215897228471699,3.53743332794211,0.120427718387609
"4532",3.53743332794211,0.120427718387609,1.0768681484805,-0.196175007924163
"4533",1.0768681484805,-0.196175007924163,0.799360797413403,0.280299877870289
"4534",0.799360797413403,0.280299877870289,1.66678943565458,-0.0961676417848876
"4535",1.66678943565458,-0.0961676417848876,2.98939994281589,-0.204378055408536
"4536",2.98939994281589,-0.204378055408536,2.55114776764011,0.395840674352314
"4537",2.55114776764011,0.395840674352314,1.37689024689833,-0.0211184839491314
"4538",1.37689024689833,-0.0211184839491314,2.38429429114945,-0.128281700021583
"4539",2.38429429114945,-0.128281700021583,1.64462375415426,-0.261799387799149
"4540",1.64462375415426,-0.261799387799149,0.103148958792865,-0.2769837522915
"4541",0.103148958792865,-0.2769837522915,6.0028854293093,0.142418866962737
"4542",6.0028854293093,0.142418866962737,0.108559479474047,0.151669111998307
"4543",0.108559479474047,0.151669111998307,1.26030225286511,-0.379085513533168
"4544",1.26030225286511,-0.379085513533168,0.282917871748281,0.162490153360672
"4545",0.282917871748281,0.162490153360672,5.67144740435557,0.197920337176157
"4546",5.67144740435557,0.197920337176157,6.22855650159216,-0.181863308057809
"4547",6.22855650159216,-0.181863308057809,0.578925712886519,-0.179943445880615
"4548",0.578925712886519,-0.179943445880615,0.421497014356631,0.511206937909139
"4549",0.421497014356631,0.511206937909139,0.278205482767896,-0.254643537865973
"4550",0.278205482767896,-0.254643537865973,5.50668832296731,0.34156093461529
"4551",5.50668832296731,0.34156093461529,0.105766952670856,-0.0284488668075076
"4552",0.105766952670856,-0.0284488668075076,0.480314610148839,-0.273493093787511
"4553",0.480314610148839,-0.273493093787511,0.23090706003885,-0.322711378693751
"4554",0.23090706003885,-0.322711378693751,5.15622620916685,-0.117984257434817
"4555",5.15622620916685,-0.117984257434817,5.51698576555408,-0.135961148730358
"4556",5.51698576555408,-0.135961148730358,5.60425222815379,0.0705113017805709
"4557",5.60425222815379,0.0705113017805709,5.00996761784972,0.285884931476671
"4558",5.00996761784972,0.285884931476671,5.94895475542267,0.300371164268224
"4559",5.94895475542267,0.300371164268224,0.723788040802049,0.497069770967985
"4560",0.723788040802049,0.497069770967985,5.08850743418947,-0.155683369277894
"4561",5.08850743418947,-0.155683369277894,5.87024040615773,-0.422893277758226
"4562",5.87024040615773,-0.422893277758226,5.4492669905767,-0.195476876223365
"4563",5.4492669905767,-0.195476876223365,4.95935306954189,0.371406064824393
"4564",4.95935306954189,0.371406064824393,0.248883951334391,-0.471587963888868
"4565",0.248883951334391,-0.471587963888868,5.40249216662325,0.444709893408155
"4566",5.40249216662325,0.444709893408155,5.29061656157041,0.473333293140862
"4567",5.29061656157041,0.473333293140862,5.26530928741649,0.205948851735331
"4568",5.26530928741649,0.205948851735331,5.08920556589027,-0.38170350741116
"4569",5.08920556589027,-0.38170350741116,5.08135158425629,0.346796922371273
"4570",5.08135158425629,0.346796922371273,4.57922035845752,-0.218166156499291
"4571",4.57922035845752,-0.218166156499291,4.93439486123837,0.194778744522567
"4572",4.93439486123837,0.194778744522567,4.60313136920984,0.513126800086333
"4573",4.60313136920984,0.513126800086333,5.63933334611888,-0.440346570278169
"4574",5.63933334611888,-0.440346570278169,0.0193731546971371,-0.0375245789178781
"4575",0.0193731546971371,-0.0375245789178781,5.08711117078787,0.188844625065786
"4576",5.08711117078787,0.188844625065786,4.81134914897277,-0.0516617458590322
"4577",4.81134914897277,-0.0516617458590322,4.54326657586644,0.403520123061089
"4578",4.54326657586644,0.403520123061089,3.64354934646336,-0.0863937979737193
"4579",3.64354934646336,-0.0863937979737193,4.30206207324082,0.263544717051144
"4580",4.30206207324082,0.263544717051144,4.93160233443518,-0.0385717764690747
"4581",4.93160233443518,-0.0385717764690747,4.59632458512707,-0.257610597594363
"4582",4.59632458512707,-0.257610597594363,4.84835012911505,0.131423292675173
"4583",4.84835012911505,0.131423292675173,4.84346320720946,0.254643537865973
"4584",4.84346320720946,0.254643537865973,4.00814862720498,0.417308224151844
"4585",4.00814862720498,0.417308224151844,3.89121156732136,0.280998009571087
"4586",3.89121156732136,0.280998009571087,3.3871604793454,0.441568300754565
"4587",3.3871604793454,0.441568300754565,4.67695879656921,0.42463860701022
"4588",4.67695879656921,0.42463860701022,4.52651141504729,0.2771582852167
"4589",4.52651141504729,0.2771582852167,4.65653844432087,-0.265639112153537
"4590",4.65653844432087,-0.265639112153537,3.82820518132436,-0.0743510261349584
"4591",3.82820518132436,-0.0743510261349584,3.55104689610766,0.345924257745276
"4592",3.55104689610766,0.345924257745276,2.81731047856925,-0.21240656996771
"4593",2.81731047856925,-0.21240656996771,4.48619430932623,0.471762496814067
"4594",4.48619430932623,0.471762496814067,2.99620672689867,-0.109606677025244
"4595",2.99620672689867,-0.109606677025244,3.16410740094052,-0.0340339204138894
"4596",3.16410740094052,-0.0340339204138894,2.22232773656438,0.239284640448423
"4597",2.22232773656438,0.239284640448423,3.22536845768552,0.410326907143867
"4598",3.22536845768552,0.410326907143867,3.2936108314385,-0.122347580564802
"4599",3.2936108314385,-0.122347580564802,2.45323479660323,0.256388867117967
"4600",2.45323479660323,0.256388867117967,3.5404003876705,-0.15690509975429
"4601",3.5404003876705,-0.15690509975429,2.1558306920634,-0.155683369277894
"4602",2.1558306920634,-0.155683369277894,3.11995057086506,-0.248709418409192
"4603",3.11995057086506,-0.248709418409192,1.53152641862502,0.137881010907552
"4604",1.53152641862502,0.137881010907552,1.6936675061353,-0.341910000465689
"4605",1.6936675061353,-0.341910000465689,1.10601514698881,0.126536370769589
"4606",1.10601514698881,0.126536370769589,2.44625347959525,0.392350015848325
"4607",2.44625347959525,0.392350015848325,1.11177473352039,-0.376118453804778
"4608",1.11177473352039,-0.376118453804778,1.80065618928255,-0.334928683457712
"4609",1.80065618928255,-0.334928683457712,0.630587458745551,-0.253421807389577
"4610",0.630587458745551,-0.253421807389577,1.42122160989898,-0.196175007924163
"4611",1.42122160989898,-0.196175007924163,0.577354916559724,0.192335283569775
"4612",0.577354916559724,0.192335283569775,1.77360358587664,0.114842664781227
"4613",1.77360358587664,0.114842664781227,1.76487693961667,-0.124267442741996
"4614",1.76487693961667,-0.124267442741996,0.214675497995303,-0.0331612557878923
"4615",0.214675497995303,-0.0331612557878923,1.06255644861415,-0.190240888467382
"4616",1.06255644861415,-0.190240888467382,1.41057510146182,0.42463860701022
"4617",1.41057510146182,0.42463860701022,0.187099295813792,-0.348018652847669
"4618",0.187099295813792,-0.348018652847669,1.95703769026124,0.156730566829091
"4619",1.95703769026124,0.156730566829091,6.06624088115669,0.188495559215388
"4620",6.06624088115669,0.188495559215388,1.61896741414994,-0.121649448864005
"4621",1.61896741414994,-0.121649448864005,0.996757535813962,-0.256214334192768
"4622",0.996757535813962,-0.256214334192768,0.554840169208997,-0.116413461108022
"4623",0.554840169208997,-0.116413461108022,0.450294947014537,0.169995069144248
"4624",0.450294947014537,0.169995069144248,1.79227860887298,-0.0240855436775217
"4625",1.79227860887298,-0.0240855436775217,5.71193904300184,0.251152879361984
"4626",5.71193904300184,0.251152879361984,0.620115483233585,0.267558974330731
"4627",0.620115483233585,0.267558974330731,0.115540796482025,0.218864288200089
"4628",0.115540796482025,0.218864288200089,6.03098523026641,-0.288677458279862
"4629",6.03098523026641,-0.288677458279862,6.22140065165899,0.15707963267949
"4630",6.22140065165899,0.15707963267949,0.338070276111302,0.455705467695719
"4631",0.338070276111302,0.455705467695719,5.27682846047966,-0.169820536219048
"4632",5.27682846047966,-0.169820536219048,5.048713927244,0.0973893722612836
"4633",5.048713927244,0.0973893722612836,6.04582052890836,0.328121899374934
"4634",6.04582052890836,0.328121899374934,0.0167551608191456,-0.133866753627965
"4635",0.0167551608191456,-0.133866753627965,5.59639824651982,0.350462113800461
"4636",5.59639824651982,0.350462113800461,5.53408999222362,0.429176463065406
"4637",5.53408999222362,0.429176463065406,5.62833777183131,-0.11397000015523
"4638",5.62833777183131,-0.11397000015523,0.800757060814998,0.22165681500328
"4639",0.800757060814998,0.22165681500328,6.13902111096485,0.449771348238939
"4640",6.13902111096485,0.449771348238939,5.72188741973821,0.0912807198793034
"4641",5.72188741973821,0.0912807198793034,4.81047648434677,-0.175929188601028
"4642",4.81047648434677,-0.175929188601028,4.88098778612734,0.280299877870289
"4643",4.88098778612734,0.280299877870289,4.68551090990398,-0.172787595947439
"4644",4.68551090990398,-0.172787595947439,5.78367207525881,-0.144862327915529
"4645",5.78367207525881,-0.144862327915529,5.10386633160702,-0.191462618943778
"4646",5.10386633160702,-0.191462618943778,0.607025513843628,0.052010811709431
"4647",0.607025513843628,0.052010811709431,5.67930138598955,-0.24940755010999
"4648",5.67930138598955,-0.24940755010999,5.96361552113942,-0.00279252680319093
"4649",5.96361552113942,-0.00279252680319093,4.87924245687535,0.182386906833407
"4650",4.87924245687535,0.182386906833407,4.57049371219755,-0.225496539357667
"4651",4.57049371219755,-0.225496539357667,4.79494305400402,-0.113097335529233
"4652",4.79494305400402,-0.113097335529233,4.45949077177071,-0.155683369277894
"4653",4.45949077177071,-0.155683369277894,5.97792722100578,-0.251152879361984
"4654",5.97792722100578,-0.251152879361984,3.73989152117345,-0.213279234593707
"4655",3.73989152117345,-0.213279234593707,5.17402856753719,0.0663225115757845
"4656",5.17402856753719,0.0663225115757845,4.55932360498479,-0.365122879517214
"4657",4.55932360498479,-0.365122879517214,4.39613531992332,0.484677933278825
"4658",4.39613531992332,0.484677933278825,5.0159017373065,-0.0900589894029074
"4659",5.0159017373065,-0.0900589894029074,5.64474386680006,0.105766952670856
"4660",5.64474386680006,0.105766952670856,4.54745536607123,0.431794456943397
"4661",4.54745536607123,0.431794456943397,4.4943973568106,0.321315115292156
"4662",4.4943973568106,0.321315115292156,3.13688026460941,-0.268082573106329
"4663",3.13688026460941,-0.268082573106329,3.24596334285905,-0.150447381521911
"4664",3.24596334285905,-0.150447381521911,3.14787583889697,0.0282743338823081
"4665",3.14787583889697,0.0282743338823081,3.37616490505783,0.00907571211037051
"4666",3.37616490505783,0.00907571211037051,2.77612070822218,-0.175231056900231
"4667",2.77612070822218,-0.175231056900231,4.48113285449544,0.426558469187414
"4668",4.48113285449544,0.426558469187414,2.63143291323185,0.323758576244948
"4669",2.63143291323185,0.323758576244948,2.97404104539834,-0.262846585350346
"4670",2.97404104539834,-0.262846585350346,3.77724156716613,0.293389847260247
"4671",3.77724156716613,0.293389847260247,2.4303709834021,0.22479840765687
"4672",2.4303709834021,0.22479840765687,2.27364041657301,0.260228591472354
"4673",2.27364041657301,0.260228591472354,2.17380758335894,0.419053553403839
"4674",2.17380758335894,0.419053553403839,2.33664680257001,-0.195302343298165
"4675",2.33664680257001,-0.195302343298165,2.15652882376419,-0.154287105876299
"4676",2.15652882376419,-0.154287105876299,2.17851997233932,0.364075681966017
"4677",2.17851997233932,0.364075681966017,2.38394522529905,0.348193185772869
"4678",2.38394522529905,0.348193185772869,2.08497032443243,0.29234264970905
"4679",2.08497032443243,0.29234264970905,3.19307986652363,0.257086998818765
"4680",3.19307986652363,0.257086998818765,1.05924032303536,-0.326725635973338
"4681",1.05924032303536,-0.326725635973338,0.731467489510823,0.250105681810787
"4682",0.731467489510823,0.250105681810787,1.66015718449701,0.304385421547811
"4683",1.66015718449701,0.304385421547811,1.65945905279621,0.186052098262596
"4684",1.65945905279621,0.186052098262596,0.74787358447957,-0.173485727648236
"4685",0.74787358447957,-0.173485727648236,1.50290301889232,-0.189019157990986
"4686",1.50290301889232,-0.189019157990986,0.6462954220135,-0.1230457122656
"4687",0.6462954220135,-0.1230457122656,1.95040543910366,-0.105766952670856
"4688",1.95040543910366,-0.105766952670856,0.351858377202057,-0.36006142468643
"4689",0.351858377202057,-0.36006142468643,0.41870448755344,0.24940755010999
"4690",0.41870448755344,0.24940755010999,1.50220488719152,0.345924257745276
"4691",1.50220488719152,0.345924257745276,1.08332586671288,0.101054563690472
"4692",1.08332586671288,0.101054563690472,0.213977366294505,-0.0506145483078356
"4693",0.213977366294505,-0.0506145483078356,0.105068820970059,-0.341037335839692
"4694",0.105068820970059,-0.341037335839692,6.25002405139169,0.164759081388265
"4695",6.25002405139169,0.164759081388265,0.804771318094585,-0.172613063022239
"4696",0.804771318094585,-0.172613063022239,1.0452776890194,0.0989601685880785
"4697",1.0452776890194,0.0989601685880785,1.0157816246607,-0.195127810372966
"4698",1.0157816246607,-0.195127810372966,1.14999744413906,0.145036860840729
"4699",1.14999744413906,0.145036860840729,0.721693645699655,-0.0919788515801011
"4700",0.721693645699655,-0.0919788515801011,0.66793750473823,0.0937241808320955
"4701",0.66793750473823,0.0937241808320955,0.414166631498254,0.443662695856959
"4702",0.414166631498254,0.443662695856959,5.87442919636251,-0.101054563690472
"4703",5.87442919636251,-0.101054563690472,6.00759781828968,0.396713338978311
"4704",6.00759781828968,0.396713338978311,0.490786585660806,0.103672557568463
"4705",0.490786585660806,0.103672557568463,0.0708603676309698,0.400902129183097
"4706",0.0708603676309698,0.400902129183097,6.19487164702867,0.289899188756258
"4707",6.19487164702867,0.289899188756258,5.64788545945365,0.245742358680802
"4708",5.64788545945365,0.245742358680802,5.84545673077941,0.420100750955035
"4709",5.84545673077941,0.420100750955035,0.369137136796801,0.381179908635562
"4710",0.369137136796801,0.381179908635562,0.219213354050488,0.22462387473167
"4711",0.219213354050488,0.22462387473167,0.138928208458749,0.149051118120316
"4712",0.138928208458749,0.149051118120316,4.71814856691627,-0.168598805742652
"4713",4.71814856691627,-0.168598805742652,5.57440709794469,0.38484510006475
"4714",5.57440709794469,0.38484510006475,5.78943166179039,0.144338729139931
"4715",5.78943166179039,0.144338729139931,4.32771841324514,0.131248759749974
"4716",4.32771841324514,0.131248759749974,6.02679644006162,0.164060949687467
"4717",6.02679644006162,0.164060949687467,4.86737421796179,0.167900674041854
"4718",4.86737421796179,0.167900674041854,5.97321483202539,0.25848326222036
"4719",5.97321483202539,0.25848326222036,4.80419329903959,-0.358839694210034
"4720",4.80419329903959,-0.358839694210034,4.47991112401904,0.436332312998582
"4721",4.47991112401904,0.436332312998582,4.25528724928737,0.381354441560761
"4722",4.25528724928737,0.381354441560761,4.79948091005921,-0.208741378538522
"4723",4.79948091005921,-0.208741378538522,4.35389835202505,0.268780704807127
"4724",4.35389835202505,0.268780704807127,4.78220215046446,0.148352986419518
"4725",4.78220215046446,0.148352986419518,5.31540023694873,0.215199096770901
"4726",5.31540023694873,0.215199096770901,4.2168900057435,0.232477856365645
"4727",4.2168900057435,0.232477856365645,3.88754637589217,0.32009338481576
"4728",3.88754637589217,0.32009338481576,4.91240371266324,0.2769837522915
"4729",4.91240371266324,0.2769837522915,3.14473424624338,-0.222354946704078
"4730",3.14473424624338,-0.222354946704078,3.99628038829142,0.149225651045515
"4731",3.99628038829142,0.149225651045515,3.04874113738369,0.28326693759868
"4732",3.04874113738369,0.28326693759868,3.80394510472164,-0.212755635818109
"4733",3.80394510472164,-0.212755635818109,3.59817078591151,-0.225147473507269
"4734",3.59817078591151,-0.225147473507269,4.47607139966466,-0.344004395568082
"4735",4.47607139966466,-0.344004395568082,4.56106893423678,0.423591409459024
"4736",4.56106893423678,0.423591409459024,3.37616490505783,0.116762526958421
"4737",3.37616490505783,0.116762526958421,3.62976124537261,0.0472984227290463
"4738",3.62976124537261,0.0472984227290463,3.51544217936698,0.173136661797837
"4739",3.51544217936698,0.173136661797837,3.62923764659701,-0.29862583501623
"4740",3.62923764659701,-0.29862583501623,2.37469498026348,-0.136833813356355
"4741",2.37469498026348,-0.136833813356355,3.26673276095779,0.19390607989657
"4742",3.26673276095779,0.19390607989657,3.75298149056341,0.306479816650204
"4743",3.75298149056341,0.306479816650204,2.68047666521289,0.411025038844665
"4744",2.68047666521289,0.411025038844665,2.5855307539044,0.330739893252925
"4745",2.5855307539044,0.330739893252925,2.48395259143833,0.164933614313464
"4746",2.48395259143833,0.164933614313464,2.29859862487653,0.345400658969678
"4747",2.29859862487653,0.345400658969678,2.23018171819835,0.159872159482681
"4748",2.23018171819835,0.159872159482681,2.02283660306143,0.387637626867941
"4749",2.02283660306143,0.387637626867941,1.9397589306665,0.255865268342369
"4750",1.9397589306665,0.255865268342369,1.23604217626238,-0.119031454986013
"4751",1.23604217626238,-0.119031454986013,2.88851991205062,0.156556033903891
"4752",2.88851991205062,0.156556033903891,0.876329817426353,-0.160744824108678
"4753",0.876329817426353,-0.160744824108678,1.78756621989259,-0.244171562354007
"4754",1.78756621989259,-0.244171562354007,2.39441720081102,-0.0118682389135614
"4755",2.39441720081102,-0.0118682389135614,3.04874113738369,0.115017197706426
"4756",3.04874113738369,0.115017197706426,1.78337742968781,0.182037840983009
"4757",1.78337742968781,0.182037840983009,1.80397231486134,0.107337748997651
"4758",1.80397231486134,0.107337748997651,0.825540736193318,0.191462618943778
"4759",0.825540736193318,0.191462618943778,1.31981798035811,0.0588175957922089
"4760",1.31981798035811,0.0588175957922089,0.979304243294018,-0.344178928493282
"4761",0.979304243294018,-0.344178928493282,0.36006142468643,0.190589954317781
"4762",0.36006142468643,0.190589954317781,2.02475646523862,0.341910000465689
"4763",2.02475646523862,0.341910000465689,1.47096349358082,-0.252723675688779
"4764",1.47096349358082,-0.252723675688779,0.242600766027212,-0.113271868454432
"4765",0.242600766027212,-0.113271868454432,0.12915436464758,0.117809724509617
"4766",0.12915436464758,0.117809724509617,0.785049097547049,-0.249756615960389
"4767",0.785049097547049,-0.249756615960389,0.957836693494488,0.228463599086058
"4768",0.957836693494488,0.228463599086058,0.579798377512516,-0.244171562354007
"4769",0.579798377512516,-0.244171562354007,0.243647963578408,0.25551620249197
"4770",0.243647963578408,0.25551620249197,0.691848515490552,0.436681378848981
"4771",0.691848515490552,0.436681378848981,6.12069515381891,0.0933751149816966
"4772",6.12069515381891,0.0933751149816966,0.561996019142174,0.184830367786199
"4773",0.561996019142174,0.184830367786199,0.585208898193699,0.328820031075732
"4774",0.585208898193699,0.328820031075732,0.369835268497598,0.372802328225989
"4775",0.369835268497598,0.372802328225989,0.341386401690091,-0.331787090804122
"4776",0.341386401690091,-0.331787090804122,0.0410152374218667,0.233699586842041
"4777",0.0410152374218667,0.233699586842041,6.1873667312451,0.182735972683806
"4778",6.1873667312451,0.182735972683806,1.26518917477069,0.186226631187795
"4779",1.26518917477069,0.186226631187795,0.216944426022895,-0.355523568631245
"4780",0.216944426022895,-0.355523568631245,0.0553269372882202,-0.416086493675448
"4781",0.0553269372882202,-0.416086493675448,5.88280677677209,-0.180117978805815
"4782",5.88280677677209,-0.180117978805815,4.34447357406428,0.340688269989293
"4783",4.34447357406428,0.340688269989293,4.17151144519165,0.152541776624304
"4784",4.17151144519165,0.152541776624304,4.17133691226645,0.3694862026472
"4785",4.17133691226645,0.3694862026472,4.05213092435523,0.41538836197465
"4786",4.05213092435523,0.41538836197465,3.99820025046861,0.0696386371545737
"4787",3.99820025046861,0.0696386371545737,3.98179415549986,-0.166853476490658
"4788",3.98179415549986,-0.166853476490658,5.32011262592911,-0.162141087510273
"4789",5.32011262592911,-0.162141087510273,3.48751691133507,0.222005880853679
"4790",3.48751691133507,0.222005880853679,4.82374098666193,-0.365297412442413
"4791",4.82374098666193,-0.365297412442413,3.86084283833666,-0.0616101225953998
"4792",3.86084283833666,-0.0616101225953998,3.36516933077027,0.454134671368924
"4793",3.36516933077027,0.454134671368924,4.70313873534912,-0.161617488734675
"4794",4.70313873534912,-0.161617488734675,4.20048391077475,0.222529479629277
"4795",4.20048391077475,0.222529479629277,3.63586989775459,0.19687313962496
"4796",3.63586989775459,0.19687313962496,4.28094358929169,-0.181339709282211
"4797",4.28094358929169,-0.181339709282211,3.88178678936059,0.0626573201465964
"4798",3.88178678936059,0.0626573201465964,5.2005575721675,0.53232542185827
"4799",5.2005575721675,0.53232542185827,4.92287568817521,-0.179768912955416
"4800",4.92287568817521,-0.179768912955416,4.79633931740562,-0.211708438266912
"4801",4.79633931740562,-0.211708438266912,2.66703762997254,-0.257785130519562
"4802",2.66703762997254,-0.257785130519562,2.85361332701073,0.0874409955249159
"4803",2.85361332701073,0.0874409955249159,2.45864531728441,-0.124441975667196
"4804",2.45864531728441,-0.124441975667196,2.58238916125081,0.11082840750164
"4805",2.58238916125081,0.11082840750164,2.36073234624753,-0.217817090648892
"4806",2.36073234624753,-0.217817090648892,4.50853452375175,0.31101767270539
"4807",4.50853452375175,0.31101767270539,2.81661234686845,-0.222354946704078
"4808",2.81661234686845,-0.222354946704078,3.74844363450822,0.1537635071007
"4809",3.74844363450822,0.1537635071007,3.23426963687069,-0.294087978961045
"4810",3.23426963687069,-0.294087978961045,2.44730067714645,-0.291993583858651
"4811",2.44730067714645,-0.291993583858651,3.73936792239785,0.39706240482871
"4812",3.73936792239785,0.39706240482871,1.662775178375,-0.115366263556825
"4813",1.662775178375,-0.115366263556825,1.92509816494975,-0.239459173373622
"4814",1.92509816494975,-0.239459173373622,3.1075587331759,0.104196156344061
"4815",3.1075587331759,0.104196156344061,2.54294472015574,0.265988178003936
"4816",2.54294472015574,0.265988178003936,2.51397225457263,0.319744318965361
"4817",2.51397225457263,0.319744318965361,2.65132966670459,0.333706952981316
"4818",2.65132966670459,0.333706952981316,2.91714331178332,-0.492182849062401
"4819",2.91714331178332,-0.492182849062401,1.34215819478364,-0.229685329562454
"4820",1.34215819478364,-0.229685329562454,1.21492369231325,-0.268082573106329
"4821",1.21492369231325,-0.268082573106329,2.31535378569568,0.0284488668075076
"4822",2.31535378569568,0.0284488668075076,0.40945424251787,-0.147131255943122
"4823",0.40945424251787,-0.147131255943122,0.288502925354663,0.199665666428151
"4824",0.288502925354663,0.199665666428151,0.832522053201295,0.246615023306799
"4825",0.832522053201295,0.246615023306799,1.51250232977829,-0.10454522219446
"4826",1.51250232977829,-0.10454522219446,1.17739911339537,0.172962128872638
"4827",1.17739911339537,0.172962128872638,6.02557470958522,-0.409977841293468
"4828",6.02557470958522,-0.409977841293468,0.845786555516452,-0.286932129027868
"4829",0.845786555516452,-0.286932129027868,0.584336233567701,-0.108384946548848
"4830",0.584336233567701,-0.108384946548848,1.60483024720879,-0.120253185462409
"4831",1.60483024720879,-0.120253185462409,1.74306032396674,-0.169646003293849
"4832",1.74306032396674,-0.169646003293849,1.39399447356787,-0.423242343608625
"4833",1.39399447356787,-0.423242343608625,1.96628793529681,0.216595360172496
"4834",1.96628793529681,0.216595360172496,1.46101511684445,0.279601746169492
"4835",1.46101511684445,0.279601746169492,1.23988190061677,0.327947366449734
"4836",1.23988190061677,0.327947366449734,6.00550342318729,0.275936554740303
"4837",6.00550342318729,0.275936554740303,0.562170552067374,0.041538836197465
"4838",0.562170552067374,0.041538836197465,6.20656535301704,0.152367243699105
"4839",6.20656535301704,0.152367243699105,5.94581316276908,-0.00977384381116825
"4840",5.94581316276908,-0.00977384381116825,4.69737914881754,-0.187273828738992
"4841",4.69737914881754,-0.187273828738992,4.96999957797905,-0.226892802759263
"4842",4.96999957797905,-0.226892802759263,4.70226607072312,-0.367740873395205
"4843",4.70226607072312,-0.367740873395205,0.586256095744895,-0.234921317318437
"4844",0.586256095744895,-0.234921317318437,6.15368187668161,-0.217118958948095
"4845",6.15368187668161,-0.217118958948095,6.08701029925542,-0.377514717206373
"4846",6.08701029925542,-0.377514717206373,5.85313617948818,-0.486946861306418
"4847",5.85313617948818,-0.486946861306418,5.45083778690349,-0.185004900711399
"4848",5.45083778690349,-0.185004900711399,4.90245533592687,-0.439997504427771
"4849",4.90245533592687,-0.439997504427771,5.66813127877678,-0.496371639267187
"4850",5.66813127877678,-0.496371639267187,3.88021599303379,0.12915436464758
"4851",3.88021599303379,0.12915436464758,4.1561525477741,0.100880030765272
"4852",4.1561525477741,0.100880030765272,4.78377294679126,-0.327772833524535
"4853",4.78377294679126,-0.327772833524535,5.08449317690988,-0.300022098417825
"4854",5.08449317690988,-0.300022098417825,3.68212112293244,0.126885436619988
"4855",3.68212112293244,0.126885436619988,3.67199821327087,0.176278254451427
"4856",3.67199821327087,0.176278254451427,4.50085507504298,0.237190245346029
"4857",4.50085507504298,0.237190245346029,3.49781435392184,0.120951317163207
"4858",3.49781435392184,0.120951317163207,3.91180645249489,0.0474729556542458
"4859",3.91180645249489,0.0474729556542458,4.3085197914732,0.244520628204406
"4860",4.3085197914732,0.244520628204406,4.60505123138704,-0.653625804871876
"4861",4.60505123138704,-0.653625804871876,4.13398686627377,0.448375084837343
"4862",4.13398686627377,0.448375084837343,3.49153116861466,-0.315555528760575
"4863",3.49153116861466,-0.315555528760575,3.02116493520218,-0.164235482612666
"4864",3.02116493520218,-0.164235482612666,2.65150419962979,-0.182386906833407
"4865",2.65150419962979,-0.182386906833407,4.15964320627809,-0.151843644923507
"4866",4.15964320627809,-0.151843644923507,4.25179659078339,-0.386590429316744
"4867",4.25179659078339,-0.386590429316744,2.41623381646095,-0.103323491718064
"4868",2.41623381646095,-0.103323491718064,4.06085757061521,0.163362817986669
"4869",4.06085757061521,0.163362817986669,2.31936804297526,-0.301069295969022
"4870",2.31936804297526,-0.301069295969022,2.09090444388921,0.187971960439789
"4871",2.09090444388921,0.187971960439789,3.48681877963427,-0.0602138591938044
"4872",3.48681877963427,-0.0602138591938044,1.80414684778654,-0.134913951179162
"4873",1.80414684778654,-0.134913951179162,2.31273579181769,-0.106988683147252
"4874",2.31273579181769,-0.106988683147252,1.55037597454656,-0.124267442741996
"4875",1.55037597454656,-0.124267442741996,1.37060706159115,-0.159523093632282
"4876",1.37060706159115,-0.159523093632282,2.4328144443549,-0.22148228207808
"4877",2.4328144443549,-0.22148228207808,1.42541040010377,-0.24312436480281
"4878",1.42541040010377,-0.24312436480281,2.06507357095969,0.31084313978019
"4879",2.06507357095969,0.31084313978019,1.76330614328987,-0.314857397059777
"4880",1.76330614328987,-0.314857397059777,0.404218254761887,-0.104021623418862
"4881",0.404218254761887,-0.104021623418862,1.34826684716562,0.11990411961201
"4882",1.34826684716562,0.11990411961201,0.287979326579064,0.142593399887937
"4883",0.287979326579064,0.142593399887937,6.14146457191765,-0.294786110661842
"4884",6.14146457191765,-0.294786110661842,0.40927970959267,0.322885911618951
"4885",0.40927970959267,0.322885911618951,6.25089671601769,-0.459894257900506
"4886",6.25089671601769,-0.459894257900506,6.03465042169559,0.141197136486341
"4887",6.03465042169559,0.141197136486341,1.00548418207393,0.31101767270539
"4888",1.00548418207393,0.31101767270539,0.0380481776934764,0.110479341651241
"4889",0.0380481776934764,0.110479341651241,5.13056986916253,-0.235968514869633
"4890",5.13056986916253,-0.235968514869633,1.27932634171184,0.27087509990952
"4891",1.27932634171184,0.27087509990952,0.654323936572674,-0.0506145483078356
"4892",0.654323936572674,-0.0506145483078356,0.0188495559215388,-0.319744318965361
"4893",0.0188495559215388,-0.319744318965361,5.1387729166469,-0.281696141271885
"4894",5.1387729166469,-0.281696141271885,6.07915631762145,-0.471064365113269
"4895",6.07915631762145,-0.471064365113269,4.69737914881754,-0.300022098417825
"4896",4.69737914881754,-0.300022098417825,4.25912697364176,-0.358490628359635
"4897",4.25912697364176,-0.358490628359635,4.58253648403631,0.32323497746935
"4898",4.58253648403631,0.32323497746935,3.69189496674361,0.0888372589265114
"4899",3.69189496674361,0.0888372589265114,4.78813626992124,-0.344527994343681
"4900",4.78813626992124,-0.344527994343681,3.68491364973563,0.165457213089062
"4901",3.68491364973563,0.165457213089062,4.7404887813418,-0.154287105876299
"4902",4.7404887813418,-0.154287105876299,4.70750205847911,-0.0502654824574367
"4903",4.70750205847911,-0.0502654824574367,3.74722190403183,-0.47385689191646
"4904",3.74722190403183,-0.47385689191646,3.37476864165624,0.305956217874606
"4905",3.37476864165624,0.305956217874606,4.06015943891441,0.169820536219048
"4906",4.06015943891441,0.169820536219048,3.36639106124666,-0.270526034059121
"4907",3.36639106124666,-0.270526034059121,3.01191469016661,-0.27995081201989
"4908",3.01191469016661,-0.27995081201989,3.83187037275355,-0.771260996456294
"4909",3.83187037275355,-0.771260996456294,3.84164421656472,0.405614518163482
"4910",3.84164421656472,0.405614518163482,2.33682133549521,-0.146433124242324
"4911",2.33682133549521,-0.146433124242324,3.06305283725005,-0.123394778115999
"4912",3.06305283725005,-0.123394778115999,2.32355683318005,-0.301243828894221
"4913",2.32355683318005,-0.301243828894221,3.28610591565492,-0.00855211333477222
"4914",3.28610591565492,-0.00855211333477222,2.23646490350553,-0.227067335684462
"4915",2.23646490350553,-0.227067335684462,2.79497026414372,-0.287281194878267
"4916",2.79497026414372,-0.287281194878267,2.84523574660116,-0.0623082542961976
"4917",2.84523574660116,-0.0623082542961976,2.02789805789221,0.171042266695444
"4918",2.02789805789221,0.171042266695444,1.94848557692647,-0.135088484104361
"4919",1.94848557692647,-0.135088484104361,1.68371912939893,-0.155334303427495
"4920",1.68371912939893,-0.155334303427495,2.50123135103307,-0.354127305229649
"4921",2.50123135103307,-0.354127305229649,3.59502919325792,-0.386939495167143
"4922",3.59502919325792,-0.386939495167143,2.54469004940773,-0.200712863979348
"4923",2.54469004940773,-0.200712863979348,2.79078147393893,-0.518886386617914
"4924",2.79078147393893,-0.518886386617914,2.35671808896794,0.245916891606001
"4925",2.35671808896794,0.245916891606001,2.79898452142331,0.297055038689435
"4926",2.79898452142331,0.297055038689435,2.94995550172082,-0.145385926691128
"4927",2.94995550172082,-0.145385926691128,2.08863551586161,0.30159289474462
"4928",2.08863551586161,0.30159289474462,2.29440983467175,0.14154620233674
"4929",2.29440983467175,0.14154620233674,1.7856463577154,-0.253596340314776
"4930",1.7856463577154,-0.253596340314776,2.22145507193838,0.28326693759868
"4931",2.22145507193838,0.28326693759868,2.88241125966864,-0.206472450510929
"4932",2.88241125966864,-0.206472450510929,1.70832827185205,-0.219038821125288
"4933",1.70832827185205,-0.219038821125288,1.56189514760973,-0.0849975345721238
"4934",1.56189514760973,-0.0849975345721238,1.45071767425769,0.368788070946402
"4935",1.45071767425769,0.368788070946402,2.8612927757195,-0.0153588974175501
"4936",2.8612927757195,-0.0153588974175501,1.5706217938697,-0.185703032412197
"4937",1.5706217938697,-0.185703032412197,2.78694174958455,-0.435110582522186
"4938",2.78694174958455,-0.435110582522186,1.92248017107175,0.0713839664065681
"4939",1.92248017107175,0.0713839664065681,0.541401133968641,-0.319395253114962
"4940",0.541401133968641,-0.319395253114962,1.20864050700607,0.240680903850018
"4941",1.20864050700607,0.240680903850018,2.15234003355941,0.263719249976343
"4942",2.15234003355941,0.263719249976343,1.65073240653624,-0.287281194878267
"4943",1.65073240653624,-0.287281194878267,1.18699842428134,0.68940505453776
"4944",1.18699842428134,0.68940505453776,0.089884456477708,0.0603883921190038
"4945",0.089884456477708,0.0603883921190038,0.257086998818765,0.173485727648236
"4946",0.257086998818765,0.173485727648236,0.427082067963012,0.0982620368872808
"4947",0.427082067963012,0.0982620368872808,6.22052798703299,0.127583568320785
"4948",6.22052798703299,0.127583568320785,6.11685542946453,-0.208915911463721
"4949",6.11685542946453,-0.208915911463721,0.650833278068686,0.0935496479068961
"4950",0.650833278068686,0.0935496479068961,0.874409955249159,0.121125850088406
"4951",0.874409955249159,0.121125850088406,0.695339173994541,0.00296705972839036
"4952",0.695339173994541,0.00296705972839036,0.112224670903235,-0.356570766182442
"4953",0.112224670903235,-0.356570766182442,5.82852703703506,0.276285620590702
"4954",5.82852703703506,0.276285620590702,0.32306044454415,-0.236841179495631
"4955",0.32306044454415,-0.236841179495631,0.342957198016886,0.158824961931484
"4956",0.342957198016886,0.158824961931484,5.49080582677416,-0.19687313962496
"4957",5.49080582677416,-0.19687313962496,0.275762021815104,-0.452214809191731
"4958",0.275762021815104,-0.452214809191731,0.954346034990499,-0.105592419745657
"4959",0.954346034990499,-0.105592419745657,6.00428169271089,0.0392699081698724
"4960",6.00428169271089,0.0392699081698724,5.9716440356986,-0.429700061841004
"4961",5.9716440356986,-0.429700061841004,0.237539311196428,-0.326725635973338
"4962",0.237539311196428,-0.326725635973338,0.039095375244673,-0.411548637620263
"4963",0.039095375244673,-0.411548637620263,0.344178928493282,-0.308050612976999
"4964",0.344178928493282,-0.308050612976999,6.26747734391164,-0.145385926691128
"4965",6.26747734391164,-0.145385926691128,5.20422276359669,-0.306130750799805
"4966",5.20422276359669,-0.306130750799805,5.39498725083967,-0.345051593119279
"4967",5.39498725083967,-0.345051593119279,5.17420310046239,-0.39095375244673
"4968",5.17420310046239,-0.39095375244673,5.53775518365281,-0.0682423737529783
"4969",5.53775518365281,-0.0682423737529783,5.59953983917341,0.260752190247953
"4970",5.59953983917341,0.260752190247953,5.34262737327984,0.224100275956072
"4971",5.34262737327984,0.224100275956072,4.74223411059379,0.102625360017267
"4972",4.74223411059379,0.102625360017267,5.74702016096693,0.110130275800842
"4973",5.74702016096693,0.110130275800842,5.01956692873569,0.333183354205717
"4974",5.01956692873569,0.333183354205717,5.2319734987034,-0.36006142468643
"4975",5.2319734987034,-0.36006142468643,4.57031917927235,-0.228114533235659
"4976",4.57031917927235,-0.228114533235659,3.73797165899626,0.0567232006898157
"4977",3.73797165899626,0.0567232006898157,4.13032167484458,-0.157603231455088
"4978",4.13032167484458,-0.157603231455088,4.14236444668334,0.0780162175641465
"4979",4.14236444668334,0.0780162175641465,3.43358623744844,-0.28326693759868
"4980",3.43358623744844,-0.28326693759868,4.80436783196479,-0.238935574598024
"4981",4.80436783196479,-0.238935574598024,3.89330596242375,0.227590934460061
"4982",3.89330596242375,0.227590934460061,3.12675735494784,-0.245393292830403
"4983",3.12675735494784,-0.245393292830403,4.81344354407516,0.413817565647856
"4984",4.81344354407516,0.413817565647856,4.60435309968624,0.293913446035845
"4985",4.60435309968624,0.293913446035845,3.83501196540714,0.172613063022239
"4986",3.83501196540714,0.172613063022239,2.94122885546084,-0.328121899374934
"4987",2.94122885546084,-0.328121899374934,3.07387387861241,-0.398982267005904
"4988",3.07387387861241,-0.398982267005904,2.10957946688555,-0.286932129027868
"4989",2.10957946688555,-0.286932129027868,2.39651159591341,0.344004395568082
"4990",2.39651159591341,0.344004395568082,3.70062161300358,-0.287630260728665
"4991",3.70062161300358,-0.287630260728665,2.85745305136512,-0.183608637309803
"4992",2.85745305136512,-0.183608637309803,2.98364035628431,-0.518188254917116
"4993",2.98364035628431,-0.518188254917116,2.08671565368442,0.246789556231998
"4994",2.08671565368442,0.246789556231998,2.40925249945297,0.503352956275165
"4995",2.40925249945297,0.503352956275165,1.94150425991849,-0.186924762888593
"4996",1.94150425991849,-0.186924762888593,2.26264484228545,-0.135786615805159
"4997",2.26264484228545,-0.135786615805159,1.95843395366284,-0.262148453649548
"4998",1.95843395366284,-0.262148453649548,2.20871416839882,0.21240656996771
"4999",2.20871416839882,0.21240656996771,2.71049632834719,-0.0774926187885482
"5000",2.71049632834719,-0.0774926187885482,1.27007609667627,0.417308224151844
"5001",1.27007609667627,0.417308224151844,1.60360851673239,-0.194778744522567
"5002",1.60360851673239,-0.194778744522567,1.55107410624736,0.164584548463065
"5003",1.55107410624736,0.164584548463065,1.42820292690696,-0.329169096926131
"5004",1.42820292690696,-0.329169096926131,0.436157780073383,-0.319395253114962
"5005",0.436157780073383,-0.319395253114962,0.117635191584418,0.0492182849062401
"5006",0.117635191584418,0.0492182849062401,1.52000724556186,-0.0609119908946021
"5007",1.52000724556186,-0.0609119908946021,1.3222614413109,-0.18168877513261
"5008",1.3222614413109,-0.18168877513261,0.988554488329588,-0.333008821280518
"5009",0.988554488329588,-0.333008821280518,6.24182100390732,-0.0745255590601579
"5010",6.24182100390732,-0.0745255590601579,1.3533283019964,-0.0411897703470662
"5011",1.3533283019964,-0.0411897703470662,0.0588175957922089,-0.20001473227855
"5012",0.0588175957922089,-0.20001473227855,0.212581102892909,0.216595360172496
"5013",0.212581102892909,0.216595360172496,0.662352451131848,0.268955237732326
"5014",0.662352451131848,0.268955237732326,5.2948053517752,-0.303512756921814
"5015",5.2948053517752,-0.303512756921814,5.51314604119969,-0.358665161284835
"5016",5.51314604119969,-0.358665161284835,5.96187019188743,0.165806278939461
"5017",5.96187019188743,0.165806278939461,4.63768888839933,-0.229510796637254
"5018",4.63768888839933,-0.229510796637254,5.37753395831973,-0.213977366294505
"5019",5.37753395831973,-0.213977366294505,4.32981280834753,-0.162839219211071
"5020",4.32981280834753,-0.162839219211071,5.75190708287251,-0.32934362985133
"5021",5.75190708287251,-0.32934362985133,6.14478069749644,0.435459648372585
"5022",6.14478069749644,0.435459648372585,4.69982260977033,-0.0958185759344887
"5023",4.69982260977033,-0.0958185759344887,3.90726859643971,0.243822496503608
"5024",3.90726859643971,0.243822496503608,4.45652371204232,-0.188495559215388
"5025",4.45652371204232,-0.188495559215388,3.79225139873328,0.360759556387228
"5026",3.79225139873328,0.360759556387228,3.16079127536173,0.2769837522915
"5027",3.16079127536173,0.2769837522915,3.0164525462218,-0.296007841138238
"5028",3.0164525462218,-0.296007841138238,2.81032916156127,-0.324805773796145
"5029",2.81032916156127,-0.324805773796145,3.8168605411864,0.311541271480988
"5030",3.8168605411864,0.311541271480988,3.18487681903925,-0.234223185617639
"5031",3.18487681903925,-0.234223185617639,3.8463566055451,0.0954695100840898
"5032",3.8463566055451,0.0954695100840898,4.02158766244533,-0.151145513222709
"5033",4.02158766244533,-0.151145513222709,3.51788564031977,-0.310668606854991
"5034",3.51788564031977,-0.310668606854991,4.15877054165209,0.477871149196047
"5035",4.15877054165209,0.477871149196047,4.05474891823323,0.306654349575404
"5036",4.05474891823323,0.306654349575404,3.34509804437233,-0.379783645233966
"5037",3.34509804437233,-0.379783645233966,2.25426726187588,-0.284837733925475
"5038",2.25426726187588,-0.284837733925475,2.84837733925475,0.220435084526884
"5039",2.84837733925475,0.220435084526884,3.83187037275355,-0.466002910282486
"5040",3.83187037275355,-0.466002910282486,2.10050375477518,-0.311715804406187
"5041",2.10050375477518,-0.311715804406187,3.37511770750663,-0.14451326206513
"5042",3.37511770750663,-0.14451326206513,3.96294459957832,0.400727596257898
"5043",3.96294459957832,0.400727596257898,3.06130750799805,-0.107512281922851
"5044",3.06130750799805,-0.107512281922851,2.4628341074892,-0.425336738711018
"5045",2.4628341074892,-0.425336738711018,2.87857153531425,-0.374373124552784
"5046",2.87857153531425,-0.374373124552784,3.11419098433348,0.135786615805159
"5047",3.11419098433348,0.135786615805159,2.38150176434626,-0.154985237577096
"5048",2.38150176434626,-0.154985237577096,3.97463830556669,-0.237713844121628
"5049",3.97463830556669,-0.237713844121628,3.03530210214334,-0.379434579383567
"5050",3.03530210214334,-0.379434579383567,2.61223429145991,-0.061261056745001
"5051",2.61223429145991,-0.061261056745001,2.65464579228338,-0.266511776779534
"5052",2.65464579228338,-0.266511776779534,1.88129040072469,-0.212057504117311
"5053",1.88129040072469,-0.212057504117311,2.12144770579911,-0.0856956662729216
"5054",2.12144770579911,-0.0856956662729216,3.12309216351865,-0.441393767829366
"5055",3.12309216351865,-0.441393767829366,2.01602981897865,-0.0979129710368819
"5056",2.01602981897865,-0.0979129710368819,1.79611833322736,0.111177473352039
"5057",1.79611833322736,0.111177473352039,1.56433860856252,-0.0436332312998582
"5058",1.56433860856252,-0.0436332312998582,0.607549112619226,0.182561439758607
"5059",0.607549112619226,0.182561439758607,2.25391819602548,0.415213829049451
"5060",2.25391819602548,0.415213829049451,1.38317343220551,0.0799360797413403
"5061",1.38317343220551,0.0799360797413403,0.507541746479951,-0.0385717764690747
"5062",0.507541746479951,-0.0385717764690747,0.623955207587973,-0.171565865471043
"5063",0.623955207587973,-0.171565865471043,0.290422787531856,-0.192509816494975
"5064",0.290422787531856,-0.192509816494975,0.0792379480405426,-0.297229571614634
"5065",0.0792379480405426,-0.297229571614634,0.0551524043630208,-0.183608637309803
"5066",0.0551524043630208,-0.183608637309803,0.231605191739647,-0.0977384381116825
"5067",0.231605191739647,-0.0977384381116825,5.36077879750058,-0.22165681500328
"5068",5.36077879750058,-0.22165681500328,4.95725867443949,-0.109781209950443
"5069",4.95725867443949,-0.109781209950443,6.22908010036776,0.238062909972027
"5070",6.22908010036776,0.238062909972027,5.45520111003348,-0.39077921952153
"5071",5.45520111003348,-0.39077921952153,0.109606677025244,0.192509816494975
"5072",0.109606677025244,0.192509816494975,4.7106436511327,-0.194778744522567
"5073",4.7106436511327,-0.194778744522567,5.53025026786923,-0.0731292956585624
"5074",5.53025026786923,-0.0731292956585624,5.26024783258571,0.210661240715716
"5075",5.26024783258571,0.210661240715716,4.01373368081136,-0.238062909972027
"5076",4.01373368081136,-0.238062909972027,4.57834769383153,-0.119555053761612
"5077",4.57834769383153,-0.119555053761612,4.4952700214366,-0.272096830385916
"5078",4.4952700214366,-0.272096830385916,4.4020694393801,-0.20315632493214
"5079",4.4020694393801,-0.20315632493214,3.30408280695047,-0.233350520991642
"5080",3.30408280695047,-0.233350520991642,4.27588213446091,-0.186052098262596
"5081",4.27588213446091,-0.186052098262596,4.65392045044288,0.363377550265219
"5082",4.65392045044288,0.363377550265219,2.56004894682528,-0.179943445880615
"5083",2.56004894682528,-0.179943445880615,3.59590185788392,-0.389208423194735
"5084",3.59590185788392,-0.389208423194735,2.22634199384397,-0.276285620590702
"5085",2.22634199384397,-0.276285620590702,2.73388374032392,-0.255865268342369
"5086",2.73388374032392,-0.255865268342369,3.88702277711657,-0.876329817426353
"5087",3.88702277711657,-0.876329817426353,3.85997017371066,-0.720471915223259
"5088",3.85997017371066,-0.720471915223259,2.14466058485063,-0.380307244009564
"5089",2.14466058485063,-0.380307244009564,4.07412207293036,-0.682598270454982
"5090",4.07412207293036,-0.682598270454982,3.12885175005023,-0.253421807389577
"5091",3.12885175005023,-0.253421807389577,2.37836017169267,-0.202109127380943
"5092",2.37836017169267,-0.202109127380943,3.5409239864461,-0.320966049441757
"5093",3.5409239864461,-0.320966049441757,2.6792549347365,-0.337546677335703
"5094",2.6792549347365,-0.337546677335703,2.53701060069896,-0.0947713783832921
"5095",2.53701060069896,-0.0947713783832921,2.53526527144696,-0.418180888777841
"5096",2.53526527144696,-0.418180888777841,2.16455733832337,-0.525518637775493
"5097",2.16455733832337,-0.525518637775493,2.12877808865748,-0.219911485751285
"5098",2.12877808865748,-0.219911485751285,2.85745305136512,-0.105766952670856
"5099",2.85745305136512,-0.105766952670856,2.33053815018803,-0.132645023151569
"5100",2.33053815018803,-0.132645023151569,1.84481301935801,-0.493230046613598
"5101",1.84481301935801,-0.493230046613598,2.76721952903701,0.172962128872638
"5102",2.76721952903701,0.172962128872638,3.54650904005248,0.488866723483612
"5103",3.54650904005248,0.488866723483612,1.51494579073108,-0.213802833369305
"5104",1.51494579073108,-0.213802833369305,2.31465565399488,-0.0118682389135614
"5105",2.31465565399488,-0.0118682389135614,1.72630516314759,-0.0869173967493176
"5106",1.72630516314759,-0.0869173967493176,2.95641321995319,-0.252723675688779
"5107",2.95641321995319,-0.252723675688779,1.82648706221207,-0.256039801267568
"5108",1.82648706221207,-0.256039801267568,0.541924732744239,-0.202807259081741
"5109",0.541924732744239,-0.202807259081741,0.662701516982247,-0.179245314179818
"5110",0.662701516982247,-0.179245314179818,2.00555784346668,-0.302291026445418
"5111",2.00555784346668,-0.302291026445418,1.26641090524709,0.449771348238939
"5112",1.26641090524709,0.449771348238939,6.2489768538405,-0.266511776779534
"5113",6.2489768538405,-0.266511776779534,0.795346540133816,-0.611039771123215
"5114",0.795346540133816,-0.611039771123215,1.17338485611579,-0.0956440430092893
"5115",1.17338485611579,-0.0956440430092893,5.94249703719029,-0.1539380400259
"5116",5.94249703719029,-0.1539380400259,0.474380490692059,-0.544368193697031
"5117",0.474380490692059,-0.544368193697031,0.826064334968916,0.124965574442794
"5118",0.826064334968916,0.124965574442794,0.15690509975429,-0.50160762702317
"5119",0.15690509975429,-0.50160762702317,1.29119458062541,-0.11065387457644
"5120",1.29119458062541,-0.11065387457644,1.14284159420589,0.142593399887937
"5121",1.14284159420589,0.142593399887937,0.603709388264839,0.0801106126665397
"5122",0.603709388264839,0.0801106126665397,0.206472450510929,-0.334405084682113
"5123",0.206472450510929,-0.334405084682113,5.03143516764925,-0.111352006277238
"5124",5.03143516764925,-0.111352006277238,5.92678907392234,-0.222005880853679
"5125",5.92678907392234,-0.222005880853679,5.14243810807609,-0.191986217719376
"5126",5.14243810807609,-0.191986217719376,4.6797513233724,0.351160245501259
"5127",4.6797513233724,0.351160245501259,4.94120164532115,-0.145909525466726
"5128",4.94120164532115,-0.145909525466726,5.50564112541611,0.0568977336150151
"5129",5.50564112541611,0.0568977336150151,6.11196850755894,0.132121424375971
"5130",6.11196850755894,0.132121424375971,5.46445135506905,-0.180117978805815
"5131",5.46445135506905,-0.180117978805815,5.45066325397829,-0.041538836197465
"5132",5.45066325397829,-0.041538836197465,4.01146475278377,0.122173047639603
"5133",4.01146475278377,0.122173047639603,4.18983740233759,0.205076187109334
"5134",4.18983740233759,0.205076187109334,5.40284123247365,-0.47385689191646
"5135",5.40284123247365,-0.47385689191646,5.2319734987034,-0.405265452313083
"5136",5.2319734987034,-0.405265452313083,4.83857628530388,-0.171914931321441
"5137",4.83857628530388,-0.171914931321441,4.99199072655418,-0.224972940582069
"5138",4.99199072655418,-0.224972940582069,3.0771900041912,-0.206821516361328
"5139",3.0771900041912,-0.206821516361328,3.74687283818143,0.178023583703422
"5140",3.74687283818143,0.178023583703422,3.5702455178796,-0.39392081217512
"5141",3.5702455178796,-0.39392081217512,3.90133447698292,0.150447381521911
"5142",3.90133447698292,0.150447381521911,4.42667858183322,-0.173660260573436
"5143",4.42667858183322,-0.173660260573436,3.34893776872672,-0.217468024798493
"5144",3.34893776872672,-0.217468024798493,4.86527982285939,0.220784150377283
"5145",4.86527982285939,0.220784150377283,3.24875586966224,0.410850505919465
"5146",3.24875586966224,0.410850505919465,2.5841344905028,0.313635666583381
"5147",2.5841344905028,0.313635666583381,4.34220464603669,-0.672475360793415
"5148",4.34220464603669,-0.672475360793415,2.32163697100286,-0.216071761396898
"5149",2.32163697100286,-0.216071761396898,3.52765948413094,-0.306130750799805
"5150",3.52765948413094,-0.306130750799805,2.19056274417808,-0.294087978961045
"5151",2.19056274417808,-0.294087978961045,2.9862583501623,-0.407010781565078
"5152",2.9862583501623,-0.407010781565078,3.17876816665727,0.579274778736918
"5153",3.17876816665727,0.579274778736918,4.04741853537485,-0.422544211907827
"5154",4.04741853537485,-0.422544211907827,3.94234971440479,-0.234921317318437
"5155",3.94234971440479,-0.234921317318437,1.86418617405514,-0.053232542185827
"5156",1.86418617405514,-0.053232542185827,2.9253463592677,0.20001473227855
"5157",2.9253463592677,0.20001473227855,2.31256125889249,0.248185819633594
"5158",2.31256125889249,0.248185819633594,3.07335027983682,-0.333706952981316
"5159",3.07335027983682,-0.333706952981316,3.1705651191729,0.291469985083053
"5160",3.1705651191729,0.291469985083053,2.29632969684894,0.321140582366957
"5161",2.29632969684894,0.321140582366957,1.67918127334374,-0.231605191739647
"5162",1.67918127334374,-0.231605191739647,3.34422537974633,-0.322362312843353
"5163",3.34422537974633,-0.322362312843353,2.07170582211727,-0.244869694054804
"5164",2.07170582211727,-0.244869694054804,1.84917634248799,-0.296531439913837
"5165",1.84917634248799,-0.296531439913837,1.98094870101356,-0.506145483078356
"5166",1.98094870101356,-0.506145483078356,2.17241131995734,0.080634211442138
"5167",2.17241131995734,0.080634211442138,1.30201562198777,-0.191986217719376
"5168",1.30201562198777,-0.191986217719376,1.02625360017267,-0.141197136486341
"5169",1.02625360017267,-0.141197136486341,3.09673769181354,0.220609617452083
"5170",3.09673769181354,0.220609617452083,0.670730031541421,-0.180990643431812
"5171",0.670730031541421,-0.180990643431812,2.49599536327709,-0.278729081543494
"5172",2.49599536327709,-0.278729081543494,1.32802102784249,-0.113271868454432
"5173",1.32802102784249,-0.113271868454432,1.29084551477501,0.174532925199433
"5174",1.29084551477501,0.174532925199433,0.88645272708792,-0.247313155007596
"5175",0.88645272708792,-0.247313155007596,1.12661003216234,0.0542797397370236
"5176",1.12661003216234,0.0542797397370236,1.40586271248143,-0.126536370769589
"5177",1.40586271248143,-0.126536370769589,0.878424212528746,0.22165681500328
"5178",0.878424212528746,0.22165681500328,0.417133691226645,-0.25237460983838
"5179",0.417133691226645,-0.25237460983838,0.46792277245968,-0.0258308729295161
"5180",0.46792277245968,-0.0258308729295161,6.0644955519047,-0.281347075421486
"5181",6.0644955519047,-0.281347075421486,0.835663645854885,0.0172787595947439
"5182",0.835663645854885,0.0172787595947439,1.39294727601667,-0.0663225115757845
"5183",1.39294727601667,-0.0663225115757845,0.396364273127912,-0.152018177848706
"5184",0.396364273127912,-0.152018177848706,0.750840644207961,-0.0497418836818384
"5185",0.750840644207961,-0.0497418836818384,5.27438499952686,-0.521678913421105
"5186",5.27438499952686,-0.521678913421105,0.663399648683045,-0.317998989713367
"5187",0.663399648683045,-0.317998989713367,5.27839925680645,-0.161617488734675
"5188",5.27839925680645,-0.161617488734675,5.65242331550884,-0.242775298952411
"5189",5.65242331550884,-0.242775298952411,6.08596310170423,-0.199665666428151
"5190",6.08596310170423,-0.199665666428151,1.44827421330489,-0.290073721681458
"5191",1.44827421330489,-0.290073721681458,5.8798397170437,-0.0684169066781777
"5192",5.8798397170437,-0.0684169066781777,4.85341158394583,-0.199840199353351
"5193",4.85341158394583,-0.199840199353351,5.04330340656281,-0.283790536374278
"5194",5.04330340656281,-0.283790536374278,5.27717752633006,-0.00855211333477222
"5195",5.27717752633006,-0.00855211333477222,5.81159734329072,-0.225496539357667
"5196",5.81159734329072,-0.225496539357667,5.82817797118466,-0.35709436495804
"5197",5.82817797118466,-0.35709436495804,4.11443917865143,0.135088484104361
"5198",4.11443917865143,0.135088484104361,5.57545429549589,-0.174881991049832
"5199",5.57545429549589,-0.174881991049832,4.43767415612078,-0.0874409955249159
"5200",4.43767415612078,-0.0874409955249159,4.36663925556461,-0.160221225333079
"5201",4.36663925556461,-0.160221225333079,3.42206706438528,-0.475427688243255
"5202",3.42206706438528,-0.475427688243255,4.46856648388108,0.0879645943005142
"5203",4.46856648388108,0.0879645943005142,3.22205233210673,-0.397760536529508
"5204",3.22205233210673,-0.397760536529508,3.6950365593972,0.208741378538522
"5205",3.6950365593972,0.208741378538522,4.23923022016903,0.321838714067754
"5206",4.23923022016903,0.321838714067754,4.36873365066701,-0.299149433791828
"5207",4.36873365066701,-0.299149433791828,4.29612795378404,0.251327412287183
"5208",4.29612795378404,0.251327412287183,3.9076176622901,0.236841179495631
"5209",3.9076176622901,0.236841179495631,2.72777508794194,0.280648943720688
"5210",2.72777508794194,0.280648943720688,4.71256351330989,-0.364773813666815
"5211",4.71256351330989,-0.364773813666815,4.64257581030492,-0.108734012399247
"5212",4.64257581030492,-0.108734012399247,3.31979077021841,-0.379958178159165
"5213",3.31979077021841,-0.379958178159165,2.46754649646958,0.342608132166487
"5214",2.46754649646958,0.342608132166487,2.20068565383965,-0.297229571614634
"5215",2.20068565383965,-0.297229571614634,2.53090194831698,-0.253596340314776
"5216",2.53090194831698,-0.253596340314776,2.02789805789221,-0.270526034059121
"5217",2.02789805789221,-0.270526034059121,2.68152386276409,0.151320046147908
"5218",2.68152386276409,0.151320046147908,2.86024557816831,-0.203679923707738
"5219",2.86024557816831,-0.203679923707738,2.57366251499084,-0.133517687777566
"5220",2.57366251499084,-0.133517687777566,2.1551325603626,-0.0553269372882202
"5221",2.1551325603626,-0.0553269372882202,3.35155576260471,-0.158650429006285
"5222",3.35155576260471,-0.158650429006285,3.61806753938425,-0.120253185462409
"5223",3.61806753938425,-0.120253185462409,1.78756621989259,0.267558974330731
"5224",1.78756621989259,0.267558974330731,3.0775390700416,-0.239459173373622
"5225",3.0775390700416,-0.239459173373622,1.45892072174206,0.197396738400559
"5226",1.45892072174206,0.197396738400559,2.36003421454673,-0.274365758413509
"5227",2.36003421454673,-0.274365758413509,2.35305289753876,-0.159174027781883
"5228",2.35305289753876,-0.159174027781883,3.00440977438304,0.449073216538141
"5229",3.00440977438304,0.449073216538141,1.90048902249663,-0.183783170235003
"5230",1.90048902249663,-0.183783170235003,2.87560447558586,-0.515395728113926
"5231",2.87560447558586,-0.515395728113926,2.29545703222294,-0.382925237887556
"5232",2.29545703222294,-0.382925237887556,2.71032179542199,-0.221831347928479
"5233",2.71032179542199,-0.221831347928479,1.07163216072452,0.271922297460716
"5234",1.07163216072452,0.271922297460716,1.73293741430517,-0.101054563690472
"5235",1.73293741430517,-0.101054563690472,2.03470484197499,-0.0994837673636768
"5236",2.03470484197499,-0.0994837673636768,1.27217049177867,-0.0919788515801011
"5237",1.27217049177867,-0.0919788515801011,0.687136126510168,-0.15707963267949
"5238",0.687136126510168,-0.15707963267949,0.860621854158404,-0.169646003293849
"5239",0.860621854158404,-0.169646003293849,1.7858208906406,-0.219038821125288
"5240",1.7858208906406,-0.219038821125288,1.45089220718289,-0.144862327915529
"5241",1.45089220718289,-0.144862327915529,1.97379285108039,-0.482758071101632
"5242",1.97379285108039,-0.482758071101632,1.14720491733587,0.372976861151188
"5243",1.14720491733587,0.372976861151188,1.48981304950236,-0.0654498469497874
"5244",1.48981304950236,-0.0654498469497874,0.00523598775598299,-0.161442955809475
"5245",0.00523598775598299,-0.161442955809475,6.11545916606293,-0.320966049441757
"5246",6.11545916606293,-0.320966049441757,5.68837709809992,-0.195302343298165
"5247",5.68837709809992,-0.195302343298165,0.28012534494509,-0.324107642095347
"5248",0.28012534494509,-0.324107642095347,4.79738651495681,-0.158650429006285
"5249",4.79738651495681,-0.158650429006285,0.213104701668508,-0.0190240888467382
"5250",0.213104701668508,-0.0190240888467382,4.45198585598714,-0.162664686285871
"5251",4.45198585598714,-0.162664686285871,0.50178215994837,-0.30455995447301
"5252",0.50178215994837,-0.30455995447301,4.42353698917963,0.147305788868321
"5253",4.42353698917963,0.147305788868321,4.0332813684337,-0.0937241808320955
"5254",4.0332813684337,-0.0937241808320955,5.22673751094742,-0.263021118275545
"5255",5.22673751094742,-0.263021118275545,4.7106436511327,-0.361283155162826
"5256",4.7106436511327,-0.361283155162826,4.2781510624885,0.120253185462409
"5257",4.2781510624885,0.120253185462409,3.19360346529922,-0.464606646880891
"5258",3.19360346529922,-0.464606646880891,2.99620672689867,-0.126012771993991
"5259",2.99620672689867,-0.126012771993991,2.8010789165257,0.213279234593707
"5260",2.8010789165257,0.213279234593707,2.8002062518997,0.310668606854991
"5261",2.8002062518997,0.310668606854991,4.02577645265012,0.214151899219704
"5262",4.02577645265012,0.214151899219704,4.17587476832163,0.192335283569775
"5263",4.17587476832163,0.192335283569775,4.08407044966673,-0.177499984927823
"5264",4.08407044966673,-0.177499984927823,4.22963090928306,0.216071761396898
"5265",4.22963090928306,0.216071761396898,3.9090139256917,-0.321315115292156
"5266",3.9090139256917,-0.321315115292156,2.68990144317366,-0.230208928338052
"5267",2.68990144317366,-0.230208928338052,3.30670080082846,0.0422369678982628
"5268",3.30670080082846,0.0422369678982628,3.82471452282037,0.155857902203094
"5269",3.82471452282037,0.155857902203094,3.83885168976153,-0.137357412131954
"5270",3.83885168976153,-0.137357412131954,2.57488424546723,0.176103721526228
"5271",2.57488424546723,0.176103721526228,2.50629280586386,0.32934362985133
"5272",2.50629280586386,0.32934362985133,2.14082086049624,-0.315904594610974
"5273",2.14082086049624,-0.315904594610974,2.17782184063852,0.0825540736193318
"5274",2.17782184063852,0.0825540736193318,3.74390577845304,-0.0602138591938044
"5275",3.74390577845304,-0.0602138591938044,2.13052341790948,0.226369203983665
"5276",2.13052341790948,0.226369203983665,1.7847736930894,0.302116493520218
"5277",1.7847736930894,0.302116493520218,2.91225638987774,0.420798882655833
"5278",2.91225638987774,0.420798882655833,2.50646733878906,-0.234223185617639
"5279",2.50646733878906,-0.234223185617639,1.82735972683806,0.0638790506229925
"5280",1.82735972683806,0.0638790506229925,1.57149445849569,0.161093889959077
"5281",1.57149445849569,0.161093889959077,1.55980075250733,0.325154839646544
"5282",1.55980075250733,0.325154839646544,1.24633961884915,-0.159697626557481
"5283",1.24633961884915,-0.159697626557481,1.4460052852773,0.318173522638566
"5284",1.4460052852773,0.318173522638566,1.35978602022878,0.228812664936457
"5285",1.35978602022878,0.228812664936457,2.26037591425786,-0.0923279174305
"5286",2.26037591425786,-0.0923279174305,2.85623132088872,0.0143116998663535
"5287",2.85623132088872,0.0143116998663535,1.68912965008011,-0.0883136601509131
"5288",1.68912965008011,-0.0883136601509131,1.60413211550799,-0.000523598775598299
"5289",1.60413211550799,-0.000523598775598299,2.08339952810563,-0.0359537825910832
"5290",2.08339952810563,-0.0359537825910832,2.24292262173791,-0.564614013020166
"5291",2.24292262173791,-0.564614013020166,1.00251712234554,-0.268955237732326
"5292",1.00251712234554,-0.268955237732326,0.675966019297404,0.0657989128001862
"5293",0.675966019297404,0.0657989128001862,0.780162175641465,-0.216420827247297
"5294",0.780162175641465,-0.216420827247297,0.946841119206924,-0.0856956662729216
"5295",0.946841119206924,-0.0856956662729216,2.31430658814448,-0.150272848596712
"5296",2.31430658814448,-0.150272848596712,2.45201306612683,-0.0486946861306418
"5297",2.45201306612683,-0.0486946861306418,1.17844631094657,-0.279601746169492
"5298",1.17844631094657,-0.279601746169492,1.52402150284145,-0.320966049441757
"5299",1.52402150284145,-0.320966049441757,0.0710349005561692,-0.145560459616327
"5300",0.0710349005561692,-0.145560459616327,0.88034407470594,0.236492113645232
"5301",0.88034407470594,0.236492113645232,0.133517687777566,-0.257959663444762
"5302",0.133517687777566,-0.257959663444762,5.92783627147354,-0.323409510394549
"5303",5.92783627147354,-0.323409510394549,0.0541052068118242,-0.0607374579694027
"5304",0.0541052068118242,-0.0607374579694027,0.361806753938424,-0.457276264022514
"5305",0.361806753938424,-0.457276264022514,6.27463319384481,-0.372976861151188
"5306",6.27463319384481,-0.372976861151188,0.755029434412747,-0.167028009415857
"5307",0.755029434412747,-0.167028009415857,4.92043222722241,-0.14172073526194
"5308",4.92043222722241,-0.14172073526194,4.91694156871843,-0.358316095434436
"5309",4.91694156871843,-0.358316095434436,5.92486921174515,-0.158650429006285
"5310",5.92486921174515,-0.158650429006285,5.68506097252113,-0.125314640293193
"5311",5.68506097252113,-0.125314640293193,4.60487669846184,-0.20018926520375
"5312",4.60487669846184,-0.20018926520375,5.30300839925957,-0.418879020478639
"5313",5.30300839925957,-0.418879020478639,4.97418836818384,-0.232477856365645
"5314",4.97418836818384,-0.232477856365645,4.18128528900282,-0.160919357033877
"5315",4.18128528900282,-0.160919357033877,5.08152611718149,-0.0865683308989187
"5316",5.08152611718149,-0.0865683308989187,4.45408025108953,-0.670555498616221
"5317",4.45408025108953,-0.670555498616221,3.83291757030475,-0.279078147393893
"5318",3.83291757030475,-0.279078147393893,3.89068796854576,-0.0265290046303138
"5319",3.89068796854576,-0.0265290046303138,5.12271588752856,-0.194604211597368
"5320",5.12271588752856,-0.194604211597368,4.87383193619416,-0.493928178314395
"5321",4.87383193619416,-0.493928178314395,4.20868695825913,-0.348193185772869
"5322",4.20868695825913,-0.348193185772869,5.15884420304484,0.144164196214732
"5323",5.15884420304484,0.144164196214732,4.01059208815777,-0.206646983436129
"5324",4.01059208815777,-0.206646983436129,4.14480790763613,0.11082840750164
"5325",4.14480790763613,0.11082840750164,3.74809456865782,-0.217293491873294
"5326",3.74809456865782,-0.217293491873294,2.7691393912142,-0.235270383168836
"5327",2.7691393912142,-0.235270383168836,3.95351982161756,0.153414441250302
"5328",3.95351982161756,0.153414441250302,3.7234854262047,0.291644518008252
"5329",3.7234854262047,0.291644518008252,3.24596334285905,0.222529479629277
"5330",3.24596334285905,0.222529479629277,3.30949332763165,-0.191811684794177
"5331",3.30949332763165,-0.191811684794177,3.65576665122732,0.375245789178781
"5332",3.65576665122732,0.375245789178781,3.44266194955882,0.275238423039506
"5333",3.44266194955882,0.275238423039506,2.20225645016645,0.219562419900887
"5334",2.20225645016645,0.219562419900887,2.47417874762716,-0.159174027781883
"5335",2.47417874762716,-0.159174027781883,2.84593387830195,0.305956217874606
"5336",2.84593387830195,0.305956217874606,1.92440003324895,0.26773350725593
"5337",1.92440003324895,0.26773350725593,2.81835767612044,0.0602138591938044
"5338",2.81835767612044,0.0602138591938044,4.15231282341971,-0.20926497731412
"5339",4.15231282341971,-0.20926497731412,2.98905087696549,-0.124092909816797
"5340",2.98905087696549,-0.124092909816797,2.43543243823289,-0.0863937979737193
"5341",2.43543243823289,-0.0863937979737193,3.5404003876705,-0.0848230016469244
"5342",3.5404003876705,-0.0848230016469244,2.95135176512241,0.200887396904547
"5343",2.95135176512241,0.200887396904547,2.46039064653641,0.0706858347057703
"5344",2.46039064653641,0.0706858347057703,2.45096586857564,-0.392175482923126
"5345",2.45096586857564,-0.392175482923126,2.76111087665503,-0.0553269372882202
"5346",2.76111087665503,-0.0553269372882202,1.42471226840297,-0.199491133502952
"5347",1.42471226840297,-0.199491133502952,1.49958689331353,0.192335283569775
"5348",1.49958689331353,0.192335283569775,1.44303822554891,0.0516617458590322
"5349",1.44303822554891,0.0516617458590322,1.63816603592188,0.154636171726698
"5350",1.63816603592188,0.154636171726698,2.47487687932796,-0.0998328332140757
"5351",2.47487687932796,-0.0998328332140757,2.34834050855837,0.605978316292431
"5352",2.34834050855837,0.605978316292431,2.66930655800013,0.160919357033877
"5353",2.66930655800013,0.160919357033877,2.46475396966639,-0.301243828894221
"5354",2.46475396966639,-0.301243828894221,2.06629530143609,-0.38484510006475
"5355",2.06629530143609,-0.38484510006475,1.61512768979555,-0.101927228316469
"5356",1.61512768979555,-0.101927228316469,0.496022573416789,-0.120951317163207
"5357",0.496022573416789,-0.120951317163207,1.30219015491297,0.263195651200745
"5358",1.30219015491297,0.263195651200745,1.25663706143592,-0.253596340314776
"5359",1.25663706143592,-0.253596340314776,1.56730566829091,0.337721210260903
"5360",1.56730566829091,0.337721210260903,1.94482038549728,-0.0760963553869528
"5361",1.94482038549728,-0.0760963553869528,1.07896254358289,-0.249756615960389
"5362",1.07896254358289,-0.249756615960389,0.245044226980004,-0.309621409303794
"5363",0.245044226980004,-0.309621409303794,2.11289559246434,-0.0944223125328932
"5364",2.11289559246434,-0.0944223125328932,5.95366714440306,-0.354825436930447
"5365",5.95366714440306,-0.354825436930447,0.0820304748437335,-0.279601746169492
"5366",0.0820304748437335,-0.279601746169492,1.34495072158683,0.351334778426458
"5367",1.34495072158683,0.351334778426458,5.16425472372602,-0.154461638801498
"5368",5.16425472372602,-0.154461638801498,0.298276769165831,-0.413817565647856
"5369",0.298276769165831,-0.413817565647856,1.36537107383516,-0.257785130519562
"5370",1.36537107383516,-0.257785130519562,5.81386627131831,-0.110304808726042
"5371",5.81386627131831,-0.110304808726042,0.0603883921190038,-0.127932634171184
"5372",0.0603883921190038,-0.127932634171184,0.798662665712605,0.303861822772213
"5373",0.798662665712605,0.303861822772213,0.413992098573055,-0.248709418409192
"5374",0.413992098573055,-0.248709418409192,5.8177059956727,-0.204028989558137
"5375",5.8177059956727,-0.204028989558137,4.93526752586437,-0.378212848907171
"5376",4.93526752586437,-0.378212848907171,4.87906792395015,-0.0853466004225227
"5377",4.87906792395015,-0.0853466004225227,0.151669111998307,0.285710398551472
"5378",0.151669111998307,0.285710398551472,4.83683095605188,-0.315380995835375
"5379",4.83683095605188,-0.315380995835375,4.76178179821613,-0.158301363155886
"5380",4.76178179821613,-0.158301363155886,5.68191937986754,-0.400553063332699
"5381",5.68191937986754,-0.400553063332699,5.59011506121264,-0.170693200845045
"5382",5.59011506121264,-0.170693200845045,0.0113446401379631,0.538434074240251
"5383",0.0113446401379631,0.538434074240251,6.15123841572882,0.284488668075076
"5384",6.15123841572882,0.284488668075076,4.67259547343922,-0.116238928182822
"5385",4.67259547343922,-0.116238928182822,4.03747015863848,0.0598647933434055
"5386",4.03747015863848,0.0598647933434055,5.15936780182044,-0.341037335839692
"5387",5.15936780182044,-0.341037335839692,3.98895000543304,0.104370689269261
"5388",3.98895000543304,0.104370689269261,4.5855035437647,0.300894763043822
"5389",4.5855035437647,0.300894763043822,3.76135907097298,-0.322536845768552
"5390",3.76135907097298,-0.322536845768552,4.64013234935212,-0.223402144255274
"5391",4.64013234935212,-0.223402144255274,4.29700061841004,-0.297753170390233
"5392",4.29700061841004,-0.297753170390233,3.78893527315449,0.215897228471699
"5393",3.78893527315449,0.215897228471699,4.60365496798544,-0.112050137978036
"5394",4.60365496798544,-0.112050137978036,2.92045943736211,0.352731041828054
"5395",2.92045943736211,0.352731041828054,4.53139833695288,-0.322187779918153
"5396",4.53139833695288,-0.322187779918153,3.08225145902199,0.0830776723949301
"5397",3.08225145902199,0.0830776723949301,2.63928689486583,-0.0783652834145454
"5398",2.63928689486583,-0.0783652834145454,2.6790804018113,-0.123743843966398
"5399",2.6790804018113,-0.123743843966398,2.68902877854766,-0.0349065850398866
"5400",2.68902877854766,-0.0349065850398866,4.04741853537485,0.245567825755602
"5401",4.04741853537485,0.245567825755602,2.99131980499308,0.0352556508902855
"5402",2.99131980499308,0.0352556508902855,4.740663314267,0.184132236085402
"5403",4.740663314267,0.184132236085402,4.47153354360947,-0.414166631498254
"5404",4.47153354360947,-0.414166631498254,2.94437044811443,0.111701072127637
"5405",2.94437044811443,0.111701072127637,3.19185813604723,-0.430572726467001
"5406",3.19185813604723,-0.430572726467001,3.85229072500188,-0.152367243699105
"5407",3.85229072500188,-0.152367243699105,3.56343873379682,-0.141895268187139
"5408",3.56343873379682,-0.141895268187139,2.4923301718479,-0.0638790506229925
"5409",2.4923301718479,-0.0638790506229925,2.51798651185222,0.28309240467348
"5410",2.51798651185222,0.28309240467348,1.98321762904116,-0.0530580092606276
"5411",1.98321762904116,-0.0530580092606276,2.53247274464377,0.459370659124908
"5412",2.53247274464377,0.459370659124908,1.88565372385467,0.111701072127637
"5413",1.88565372385467,0.111701072127637,1.89298410671305,-0.330739893252925
"5414",1.89298410671305,-0.330739893252925,2.90771853382255,-0.264068315826742
"5415",2.90771853382255,-0.264068315826742,1.54845611236937,0.326900168898538
"5416",1.54845611236937,0.326900168898538,1.84184595962962,0.422369678982628
"5417",1.84184595962962,0.422369678982628,2.31203766011689,0.365471945367613
"5418",2.31203766011689,0.365471945367613,1.77098559199865,0.27384215963791
"5419",1.77098559199865,0.27384215963791,1.6299629884375,-0.313461133658182
"5420",1.6299629884375,-0.313461133658182,2.01760061530544,0.23998277214922
"5421",2.01760061530544,0.23998277214922,1.37968277370152,0.470715299262871
"5422",1.37968277370152,0.470715299262871,1.67377075266256,-0.209090444388921
"5423",1.67377075266256,-0.209090444388921,0.299498499642227,0.245218759905203
"5424",0.299498499642227,0.245218759905203,1.43343891466294,-0.133517687777566
"5425",1.43343891466294,-0.133517687777566,1.54636171726698,-0.56618480934696
"5426",1.54636171726698,-0.56618480934696,1.53205001740062,0.483979801578028
"5427",1.53205001740062,0.483979801578028,1.35996055315398,-0.418355421703041
"5428",1.35996055315398,-0.418355421703041,1.42663213058016,-0.281870674197084
"5429",1.42663213058016,-0.281870674197084,1.08070787283489,-0.195302343298165
"5430",1.08070787283489,-0.195302343298165,5.95960126385984,-0.212581102892909
"5431",5.95960126385984,-0.212581102892909,0.896401103824288,-0.18779742751459
"5432",0.896401103824288,-0.18779742751459,0.453960138443725,-0.384496034214351
"5433",0.453960138443725,-0.384496034214351,0.471413430963668,0.235270383168836
"5434",0.471413430963668,0.235270383168836,0.632158255072346,-0.214326432144904
"5435",0.632158255072346,-0.214326432144904,0.553967504583,0.0977384381116825
"5436",0.553967504583,0.0977384381116825,0.474205957766859,-0.106290551446455
"5437",0.474205957766859,-0.106290551446455,5.27839925680645,-0.165806278939461
"5438",5.27839925680645,-0.165806278939461,4.98396221199501,-0.152192710773906
"5439",4.98396221199501,-0.152192710773906,5.08554037446108,-0.295658775287839
"5440",5.08554037446108,-0.295658775287839,0.148702052269917,-0.170867733770245
"5441",0.148702052269917,-0.170867733770245,6.22105158580859,0.0671951762017817
"5442",6.22105158580859,0.0671951762017817,5.82486184560588,-0.291295452157854
"5443",5.82486184560588,-0.291295452157854,6.11057224415735,-0.272271363311115
"5444",6.11057224415735,-0.272271363311115,5.49499461697895,-0.120253185462409
"5445",5.49499461697895,-0.120253185462409,0.23701571242083,0.0132645023151569
"5446",0.23701571242083,0.0132645023151569,6.01143754264407,-0.361283155162826
"5447",6.01143754264407,-0.361283155162826,5.18816573447834,-0.0497418836818384
"5448",5.18816573447834,-0.0497418836818384,4.862312763131,-0.239633706298821
"5449",4.862312763131,-0.239633706298821,5.68541003837153,-0.066497044500984
"5450",5.68541003837153,-0.066497044500984,4.07464567170596,0.0837758040957278
"5451",4.07464567170596,0.0837758040957278,4.57642783165433,-0.180117978805815
"5452",4.57642783165433,-0.180117978805815,3.69049870334201,0.210312174865317
"5453",3.69049870334201,0.210312174865317,4.67102467711242,-0.346971455296473
"5454",4.67102467711242,-0.346971455296473,3.40967522669612,-0.155508836352695
"5455",3.40967522669612,-0.155508836352695,4.76073460066493,0.239284640448423
"5456",4.76073460066493,0.239284640448423,4.65688751017127,0.168249739892253
"5457",4.65688751017127,0.168249739892253,3.88213585521099,0.128979831722381
"5458",3.88213585521099,0.128979831722381,4.66893028201003,-0.136659280431156
"5459",4.66893028201003,-0.136659280431156,4.51551584075973,0.316777259236971
"5460",4.51551584075973,0.316777259236971,3.0782372017424,-0.193731546971371
"5461",3.0782372017424,-0.193731546971371,2.81224902373846,-0.0186750229963393
"5462",2.81224902373846,-0.0186750229963393,2.59129034043598,-0.168424272817453
"5463",2.59129034043598,-0.168424272817453,2.94611577736643,-0.290946386307455
"5464",2.94611577736643,-0.290946386307455,2.48168366341074,0.310145008079392
"5465",2.48168366341074,0.310145008079392,2.93215314335047,0.378212848907171
"5466",2.93215314335047,0.378212848907171,2.8920105705546,-0.110479341651241
"5467",2.8920105705546,-0.110479341651241,3.36761279172306,0.253247274464377
"5468",3.36761279172306,0.253247274464377,3.25748251592222,0.398982267005904
"5469",3.25748251592222,0.398982267005904,2.37539311196428,-0.407883446191075
"5470",2.37539311196428,-0.407883446191075,2.94122885546084,0.0855211333477222
"5471",2.94122885546084,0.0855211333477222,2.15809962009099,0.0841248699461267
"5472",2.15809962009099,0.0841248699461267,1.99875105938391,0.182561439758607
"5473",1.99875105938391,0.182561439758607,2.54852977376212,-0.358141562509236
"5474",2.54852977376212,-0.358141562509236,2.24972940582069,0.142418866962737
"5475",2.24972940582069,0.142418866962737,2.2787018714038,-0.102101761241668
"5476",2.2787018714038,-0.102101761241668,1.2936380415782,0.216420827247297
"5477",1.2936380415782,0.216420827247297,2.8017770482265,0.177849050778222
"5478",2.8017770482265,0.177849050778222,2.31430658814448,0.00191986217719376
"5479",2.31430658814448,0.00191986217719376,1.5397294661094,0.399331332856303
"5480",1.5397294661094,0.399331332856303,2.59321020261318,-0.0185004900711399
"5481",2.59321020261318,-0.0185004900711399,2.03505390782539,-0.150272848596712
"5482",2.03505390782539,-0.150272848596712,1.43692957316693,0.440695636128568
"5483",1.43692957316693,0.440695636128568,1.85004900711399,-0.549429648527815
"5484",1.85004900711399,-0.549429648527815,1.65020880776064,-0.610865238198015
"5485",1.65020880776064,-0.610865238198015,1.99124614360033,-0.575435054382531
"5486",1.99124614360033,-0.575435054382531,1.26693450402268,-0.334230551756914
"5487",1.26693450402268,-0.334230551756914,1.68598805742652,0.232477856365645
"5488",1.68598805742652,0.232477856365645,1.64881254435904,-0.0406661715714679
"5489",1.64881254435904,-0.0406661715714679,1.08891092031926,-0.231779724664847
"5490",1.08891092031926,-0.231779724664847,1.88530465800427,-0.288502925354663
"5491",1.88530465800427,-0.288502925354663,2.47243341837517,-0.430049127691403
"5492",2.47243341837517,-0.430049127691403,2.16525547002417,0.216944426022895
"5493",2.16525547002417,0.216944426022895,2.14169352512224,-0.500385896546774
"5494",2.14169352512224,-0.500385896546774,1.17879537679697,-0.0492182849062401
"5495",1.17879537679697,-0.0492182849062401,1.3840460968315,0.0799360797413403
"5496",1.3840460968315,0.0799360797413403,2.05093640401854,0.448898683612941
"5497",2.05093640401854,0.448898683612941,1.63921323347307,0.394793476801117
"5498",1.63921323347307,0.394793476801117,1.83137398411765,-0.0527089434102287
"5499",1.83137398411765,-0.0527089434102287,2.19911485751286,-0.0651007810993885
"5500",2.19911485751286,-0.0651007810993885,1.64078402979987,-0.158301363155886
"5501",1.64078402979987,-0.158301363155886,0.339990138288495,-0.240855436775218
"5502",0.339990138288495,-0.240855436775218,1.86924762888593,0.245742358680802
"5503",1.86924762888593,0.245742358680802,5.84493313200381,-0.145036860840729
"5504",5.84493313200381,-0.145036860840729,1.49853969576233,-0.0877900613753148
"5505",1.49853969576233,-0.0877900613753148,0.442091899530164,-0.152890842474703
"5506",0.442091899530164,-0.152890842474703,0.101054563690472,-0.232128790515246
"5507",0.101054563690472,-0.232128790515246,0.84962627987084,-0.259704992696756
"5508",0.84962627987084,-0.259704992696756,0.337546677335703,-0.0445058959258554
"5509",0.337546677335703,-0.0445058959258554,0.617148423505195,0.286932129027868
"5510",0.617148423505195,0.286932129027868,0.535292481586661,-0.12007865253721
"5511",0.535292481586661,-0.12007865253721,5.22603937924662,-0.28012534494509
"5512",5.22603937924662,-0.28012534494509,5.89938740466603,-0.239110107523223
"5513",5.89938740466603,-0.239110107523223,0.386764962241943,0.290248254606657
"5514",0.386764962241943,0.290248254606657,4.77417363590529,-0.33248522250492
"5515",4.77417363590529,-0.33248522250492,5.53478812392442,-0.340339204138894
"5516",5.53478812392442,-0.340339204138894,6.17811648620953,0.304036355697412
"5517",6.17811648620953,0.304036355697412,5.55520847617275,-0.20943951023932
"5518",5.55520847617275,-0.20943951023932,4.18931380356199,-0.284139602224677
"5519",4.18931380356199,-0.284139602224677,5.51995282528247,-0.0118682389135614
"5520",5.51995282528247,-0.0118682389135614,5.12306495337895,-0.518188254917116
"5521",5.12306495337895,-0.518188254917116,5.17874095651757,-0.0762708883121522
"5522",5.17874095651757,-0.0762708883121522,5.40441202880044,0.108908545324446
"5523",5.40441202880044,0.108908545324446,5.19409985393512,0.210835773640915
"5524",5.19409985393512,0.210835773640915,4.8314204353707,-0.216944426022895
"5525",4.8314204353707,-0.216944426022895,4.88779457021012,-0.0284488668075076
"5526",4.88779457021012,-0.0284488668075076,4.20118204247555,0.153065375399903
"5527",4.20118204247555,0.153065375399903,4.91921049674602,-0.38152897448596
"5528",4.91921049674602,-0.38152897448596,3.84530940799391,-0.342782665091686
"5529",3.84530940799391,-0.342782665091686,3.84391314459231,-0.22148228207808
"5530",3.84391314459231,-0.22148228207808,3.62173273081343,0.278903614468694
"5531",3.62173273081343,0.278903614468694,3.27319047919017,-0.25551620249197
"5532",3.27319047919017,-0.25551620249197,2.47051355619797,0.333357887130917
"5533",2.47051355619797,0.333357887130917,3.36848545634906,0.208392312688123
"5534",3.36848545634906,0.208392312688123,3.5404003876705,0.0436332312998582
"5535",3.5404003876705,0.0436332312998582,2.97857890145352,-0.149051118120316
"5536",2.97857890145352,-0.149051118120316,4.04933839755204,0.00558505360638185
"5537",4.04933839755204,0.00558505360638185,3.41334041812531,-0.183957703160202
"5538",3.41334041812531,-0.183957703160202,2.41326675673256,0.0973893722612836
"5539",2.41326675673256,0.0973893722612836,3.02657545588337,-0.020943951023932
"5540",3.02657545588337,-0.020943951023932,3.66885662061728,0.203330857857339
"5541",3.66885662061728,0.203330857857339,2.69147223950046,0.281521608346685
"5542",2.69147223950046,0.281521608346685,1.98897721557274,0.231954257590046
"5543",1.98897721557274,0.231954257590046,2.53491620559656,-0.130376095123976
"5544",2.53491620559656,-0.130376095123976,2.58291276002641,-0.40631264986428
"5545",2.58291276002641,-0.40631264986428,2.35392556216475,-0.0408407044966673
"5546",2.35392556216475,-0.0408407044966673,2.80491864088009,0.282568805897882
"5547",2.80491864088009,0.282568805897882,3.05432619099008,0.161617488734675
"5548",3.05432619099008,0.161617488734675,2.88660004987342,-0.220086018676485
"5549",2.88660004987342,-0.220086018676485,1.78023583703422,-0.136484747505957
"5550",1.78023583703422,-0.136484747505957,3.26027504272541,-0.138928208458749
"5551",3.26027504272541,-0.138928208458749,1.59418373877162,-0.137182879206754
"5552",1.59418373877162,-0.137182879206754,1.32086517790931,0.380132711084365
"5553",1.32086517790931,0.380132711084365,1.67708687824135,-0.000174532925199433
"5554",1.67708687824135,-0.000174532925199433,2.73737439882791,0.38781215979314
"5555",2.73737439882791,0.38781215979314,1.96070288169043,0.0575958653158129
"5556",1.96070288169043,0.0575958653158129,1.43623144146613,0.165631746014262
"5557",1.43623144146613,0.165631746014262,2.07484741477086,-0.281696141271885
"5558",2.07484741477086,-0.281696141271885,0.419751685104636,-0.211184839491314
"5559",0.419751685104636,-0.211184839491314,0.292691715559449,-0.112050137978036
"5560",0.292691715559449,-0.112050137978036,1.08995811787046,-0.198618468876955
"5561",1.08995811787046,-0.198618468876955,0.705287550730908,0.233350520991642
"5562",0.705287550730908,0.233350520991642,0.114319066005629,-0.167900674041854
"5563",0.114319066005629,-0.167900674041854,0.30473448739821,0.265639112153537
"5564",0.30473448739821,0.265639112153537,0.935321946143761,0.291120919232654
"5565",0.935321946143761,0.291120919232654,0.763930613597918,-0.151320046147908
"5566",0.763930613597918,-0.151320046147908,5.76168092668368,-0.285186799775873
"5567",5.76168092668368,-0.285186799775873,6.17253143260315,-0.202632726156542
"5568",6.17253143260315,-0.202632726156542,0.811403569252164,0.566533875197359
"5569",0.811403569252164,0.566533875197359,6.26852454146283,0.0996583002888762
"5570",6.26852454146283,0.0996583002888762,5.99084265747054,-0.137881010907552
"5571",5.99084265747054,-0.137881010907552,5.91247737405599,-0.17540558982543
"5572",5.91247737405599,-0.17540558982543,5.6941366846315,0.0685914396033771
"5573",5.6941366846315,0.0685914396033771,5.56341152365712,-0.150447381521911
"5574",5.56341152365712,-0.150447381521911,5.97338936495059,0.0977384381116825
"5575",5.97338936495059,0.0977384381116825,4.41446127706926,-0.128805298797182
"5576",4.41446127706926,-0.128805298797182,6.2481041892145,-0.0671951762017817
"5577",6.2481041892145,-0.0671951762017817,4.56438505981557,-0.380830842785163
"5578",4.56438505981557,-0.380830842785163,5.2314498999278,0.201061929829747
"5579",5.2314498999278,0.201061929829747,4.94521590260073,-0.314682864134578
"5580",4.94521590260073,-0.314682864134578,4.86091649972941,0.195127810372966
"5581",4.86091649972941,0.195127810372966,4.91589437116723,0.0589921287174083
"5582",4.91589437116723,0.0589921287174083,6.10516172347617,-0.340862802914493
"5583",6.10516172347617,-0.340862802914493,5.96675711379301,-0.354127305229649
"5584",5.96675711379301,-0.354127305229649,4.50905812252735,-0.196000474998963
"5585",4.50905812252735,-0.196000474998963,5.78140314723122,-0.376642052580376
"5586",5.78140314723122,-0.376642052580376,5.1098004510638,-0.0579449311662117
"5587",5.1098004510638,-0.0579449311662117,4.23800848969263,-0.263893782901543
"5588",4.23800848969263,-0.263893782901543,3.64372387938856,-0.0862192650485199
"5589",3.64372387938856,-0.0862192650485199,4.4626323644243,-0.461115988376902
"5590",4.4626323644243,-0.461115988376902,4.47676953136546,-0.264242848751941
"5591",4.47676953136546,-0.264242848751941,3.8172096070368,-0.334754150532512
"5592",3.8172096070368,-0.334754150532512,2.72498256113875,-0.268780704807127
"5593",2.72498256113875,-0.268780704807127,4.80942928679557,-0.179943445880615
"5594",4.80942928679557,-0.179943445880615,3.63028484414821,0.102799892942466
"5595",3.63028484414821,0.102799892942466,2.58762514900679,0.109606677025244
"5596",2.58762514900679,0.109606677025244,2.62829132057826,0.249582083035189
"5597",2.62829132057826,0.249582083035189,2.53334540926977,0.0788888821901437
"5598",2.53334540926977,0.0788888821901437,1.57481058407448,0.283965069299477
"5599",1.57481058407448,0.283965069299477,1.48021373861639,-0.248883951334391
"5600",1.48021373861639,-0.248883951334391,3.12954988175103,-0.0376991118430775
"5601",3.12954988175103,-0.0376991118430775,2.92621902389369,-0.261450321948751
"5602",2.92621902389369,-0.261450321948751,2.39790785931501,0.149574716895914
"5603",2.39790785931501,0.149574716895914,2.93145501164968,-0.380481776934764
"5604",2.93145501164968,-0.380481776934764,1.39835779669786,0.376991118430775
"5605",1.39835779669786,0.376991118430775,1.60256131918119,-0.322536845768552
"5606",1.60256131918119,-0.322536845768552,1.06761790344493,-0.161268422884276
"5607",1.06761790344493,-0.161268422884276,1.23534404456159,0.288677458279862
"5608",1.23534404456159,0.288677458279862,1.94447131964688,-0.147305788868321
"5609",1.94447131964688,-0.147305788868321,1.75039070682511,-0.127409035395586
"5610",1.75039070682511,-0.127409035395586,1.906946740729,-0.0207694180987325
"5611",1.906946740729,-0.0207694180987325,1.91933857841816,0.118333323285216
"5612",1.91933857841816,0.118333323285216,1.85825205459836,0.209963109014918
"5613",1.85825205459836,0.209963109014918,0.488866723483612,-0.319220720189763
"5614",0.488866723483612,-0.319220720189763,1.76662226886866,0.260403124397554
"5615",1.76662226886866,0.260403124397554,0.927467964509787,0.0296705972839036
"5616",0.927467964509787,0.0296705972839036,0.537910475464652,0.135263017029561
"5617",0.537910475464652,0.135263017029561,1.68232286599733,0.0982620368872808
"5618",1.68232286599733,0.0982620368872808,0.686612527734569,-0.505272818452358
"5619",0.686612527734569,-0.505272818452358,6.217037328529,-0.152192710773906
"5620",6.217037328529,-0.152192710773906,0.0942477796076938,-0.224274808881271
"5621",0.0942477796076938,-0.224274808881271,5.88315584262249,-0.0886627260013119
"5622",5.88315584262249,-0.0886627260013119,5.74824189144332,-0.260403124397554
"5623",5.74824189144332,-0.260403124397554,6.00969221339207,-0.272271363311115
"5624",6.00969221339207,-0.272271363311115,5.96029939556063,-0.16632987771506
"5625",5.96029939556063,-0.16632987771506,5.8773962560909,-0.474904089467657
"5626",5.8773962560909,-0.474904089467657,5.59308212094103,-0.137881010907552
"5627",5.59308212094103,-0.137881010907552,5.34489630130743,-0.238586508747625
"5628",5.34489630130743,-0.238586508747625,3.57356164345839,0.20315632493214
"5629",3.57356164345839,0.20315632493214,3.42712851921607,0.126361837844389
"5630",3.42712851921607,0.126361837844389,3.36778732464826,0.359537825910832
"5631",3.36778732464826,0.359537825910832,4.05125825972924,-0.041538836197465
"5632",4.05125825972924,-0.041538836197465,4.38531427856095,-0.472809694365264
"5633",4.38531427856095,-0.472809694365264,4.4313909708136,0.171391332545843
"5634",4.4313909708136,0.171391332545843,3.25207199524103,0.140499004785544
"5635",3.25207199524103,0.140499004785544,3.51980550249696,-0.27087509990952
"5636",3.51980550249696,-0.27087509990952,3.64721453789255,-0.197396738400559
"5637",3.64721453789255,-0.197396738400559,3.14682864134578,-0.203679923707738
"5638",3.14682864134578,-0.203679923707738,3.24351988190626,-0.331438024953723
"5639",3.24351988190626,-0.331438024953723,4.11269384939944,0.225147473507269
"5640",4.11269384939944,0.225147473507269,2.63823969731463,0.130201562198777
"5641",2.63823969731463,0.130201562198777,2.44922053932364,0.36320301734002
"5642",2.44922053932364,0.36320301734002,2.0326104468726,0.310145008079392
"5643",2.0326104468726,0.310145008079392,4.15964320627809,-0.423242343608625
"5644",4.15964320627809,-0.423242343608625,1.68494085987533,0.206996049286527
"5645",1.68494085987533,0.206996049286527,1.9074703395046,0.0635299847725936
"5646",1.9074703395046,0.0635299847725936,1.20410265095089,-0.181165176357011
"5647",1.20410265095089,-0.181165176357011,1.82596346343647,-0.247138622082397
"5648",1.82596346343647,-0.247138622082397,2.69321756875245,-0.417831822927443
"5649",2.69321756875245,-0.417831822927443,1.52786122719584,0.292691715559449
"5650",1.52786122719584,0.292691715559449,1.41406575996581,0.0925024503556995
"5651",1.41406575996581,0.0925024503556995,0.399331332856303,-0.0466002910282486
"5652",0.399331332856303,-0.0466002910282486,0.971450261660044,0.0930260491312978
"5653",0.971450261660044,0.0930260491312978,1.30969507069654,-0.106290551446455
"5654",1.30969507069654,-0.106290551446455,1.58842415224004,-0.0277507351067098
"5655",1.58842415224004,-0.0277507351067098,1.98635922169475,-0.311366738555788
"5656",1.98635922169475,-0.311366738555788,0.80651664734658,0.410675972994266
"5657",0.80651664734658,0.410675972994266,1.10060462630762,0.398633201155505
"5658",1.10060462630762,0.398633201155505,1.18403136455295,-0.446106156809751
"5659",1.18403136455295,-0.446106156809751,0.292168116783851,-0.225496539357667
"5660",0.292168116783851,-0.225496539357667,0.814370628980554,-0.381005375710362
"5661",0.814370628980554,-0.381005375710362,6.23204716009615,0.0516617458590322
"5662",6.23204716009615,0.0516617458590322,0.831649388575298,-0.266686309704734
"5663",0.831649388575298,-0.266686309704734,5.79030432641639,0.00959931088596881
"5664",5.79030432641639,0.00959931088596881,1.04440502439341,0.236841179495631
"5665",1.04440502439341,0.236841179495631,0.150272848596712,-0.290946386307455
"5666",0.150272848596712,-0.290946386307455,5.4464744637735,0.109955742875643
"5667",5.4464744637735,0.109955742875643,0.0764454212373516,-0.0774926187885482
"5668",0.0764454212373516,-0.0774926187885482,0.287630260728665,-0.481361807700036
"5669",0.287630260728665,-0.481361807700036,5.03544942492884,-0.25254914276358
"5670",5.03544942492884,-0.25254914276358,6.11458650143693,-0.0808087443673375
"5671",6.11458650143693,-0.0808087443673375,4.57625329872913,-0.183434104384604
"5672",4.57625329872913,-0.183434104384604,0.128456232946783,-0.154636171726698
"5673",0.128456232946783,-0.154636171726698,4.69737914881754,-0.472984227290463
"5674",4.69737914881754,-0.472984227290463,5.52483974718805,0.349589449174464
"5675",5.52483974718805,0.349589449174464,5.24663426442015,-0.337721210260903
"5676",5.24663426442015,-0.337721210260903,4.9232247540256,0.401076662108297
"5677",4.9232247540256,0.401076662108297,3.36359853444347,0.0349065850398866
"5678",3.36359853444347,0.0349065850398866,3.44161475200762,0.16301375213627
"5679",3.44161475200762,0.16301375213627,2.36055781332233,-0.122871179340401
"5680",2.36055781332233,-0.122871179340401,3.88213585521099,-0.295135176512241
"5681",3.88213585521099,-0.295135176512241,2.02493099816382,0.201585528605345
"5682",2.02493099816382,0.201585528605345,1.53728600515661,0.188495559215388
"5683",1.53728600515661,0.188495559215388,2.35444916094035,0.531627290157473
"5684",2.35444916094035,0.531627290157473,2.27992360188019,-0.0139626340159546
"5685",2.27992360188019,-0.0139626340159546,1.62594873115792,0.256388867117967
"5686",1.62594873115792,0.256388867117967,0.304385421547811,-0.176103721526228
"5687",0.304385421547811,-0.176103721526228,5.52902853739284,-0.0804596785169386
"5688",5.52902853739284,-0.0804596785169386,6.26922267316363,-0.0823795406941323
"5689",6.26922267316363,-0.0823795406941323,6.01894245842765,-0.0795870138909414
"5690",6.01894245842765,-0.0795870138909414,4.73263479970782,-0.223925743030872
"5691",4.73263479970782,-0.223925743030872,5.66481515319799,-0.227940000310459
"5692",5.66481515319799,-0.227940000310459,6.08805749680662,0.00855211333477222
"5693",6.08805749680662,0.00855211333477222,5.86291002329935,0.0404916386462684
"5694",5.86291002329935,0.0404916386462684,0.00733038285837618,-0.102799892942466
"5695",0.00733038285837618,-0.102799892942466,4.46891554973148,-0.28309240467348
"5696",4.46891554973148,-0.28309240467348,5.34891055858702,-0.293564380185446
"5697",5.34891055858702,-0.293564380185446,5.05604431010237,-0.256737932968366
"5698",5.05604431010237,-0.256737932968366,5.00385896546774,-0.198793001802154
"5699",5.00385896546774,-0.198793001802154,4.96511265607347,0.416784625376246
"5700",4.96511265607347,0.416784625376246,3.08644024922677,-0.0755727566113545
"5701",3.08644024922677,-0.0755727566113545,3.00144271465465,-0.287455727803466
"5702",3.00144271465465,-0.287455727803466,3.26795449143418,-0.0954695100840898
"5703",3.26795449143418,-0.0954695100840898,3.85717764690747,-0.429176463065406
"5704",3.85717764690747,-0.429176463065406,3.61754394060865,-0.193207948195772
"5705",3.61754394060865,-0.193207948195772,2.11376825709033,0.277681883992298
"5706",2.11376825709033,0.277681883992298,1.97920337176157,0.252200076913181
"5707",1.97920337176157,0.252200076913181,2.99044714036708,-0.0945968454580927
"5708",2.99044714036708,-0.0945968454580927,1.54199839413699,0.203679923707738
"5709",1.54199839413699,0.203679923707738,2.63614530221224,-0.299323966717027
"5710",2.63614530221224,-0.299323966717027,1.98443935951755,-0.235619449019234
"5711",1.98443935951755,-0.235619449019234,1.77046199322305,0.126012771993991
"5712",1.77046199322305,0.126012771993991,2.75360596087145,0.118856922060814
"5713",2.75360596087145,0.118856922060814,1.15575703067065,-0.243997029428807
"5714",1.15575703067065,-0.243997029428807,2.79427213244292,0.122522113490002
"5715",2.79427213244292,0.122522113490002,1.11543992494958,0.217991623574092
"5716",1.11543992494958,0.217991623574092,2.28742851766377,0.261450321948751
"5717",2.28742851766377,0.261450321948751,1.49958689331353,-0.330041761552128
"5718",1.49958689331353,-0.330041761552128,0.872839158922364,-0.253945406165175
"5719",0.872839158922364,-0.253945406165175,2.06437543925889,-0.258134196369961
"5720",2.06437543925889,-0.258134196369961,5.88298130969729,-0.248534885483993
"5721",5.88298130969729,-0.248534885483993,0.497418836818384,-0.230383461263251
"5722",0.497418836818384,-0.230383461263251,5.27019620932208,-0.152890842474703
"5723",5.27019620932208,-0.152890842474703,5.82154572002709,-0.0827286065445312
"5724",5.82154572002709,-0.0827286065445312,5.32238155395671,0.156730566829091
"5725",5.32238155395671,0.156730566829091,4.73664905698741,-0.224972940582069
"5726",4.73664905698741,-0.224972940582069,4.8317695012211,-0.162141087510273
"5727",4.8317695012211,-0.162141087510273,5.25466277897933,-0.0397935069454707
"5728",5.25466277897933,-0.0397935069454707,4.44081574877437,0.20315632493214
"5729",4.44081574877437,0.20315632493214,5.30894251871635,0.0558505360638185
"5730",5.30894251871635,0.0558505360638185,4.43400896469159,-0.320442450666159
"5731",4.43400896469159,-0.320442450666159,5.41191694458402,-0.24329889772801
"5732",5.41191694458402,-0.24329889772801,3.48280452235469,-0.0987856356628791
"5733",3.48280452235469,-0.0987856356628791,4.47292980701107,-0.451167611640534
"5734",4.47292980701107,-0.451167611640534,3.21437288339796,-0.0938987137572949
"5735",3.21437288339796,-0.0938987137572949,2.8946285644326,0.120602251312808
"5736",2.8946285644326,0.120602251312808,2.74313398535949,-0.367217274619607
"5737",2.74313398535949,-0.367217274619607,2.10032922184998,0.228114533235659
"5738",2.10032922184998,0.228114533235659,1.55596102815294,0.17243853009704
"5739",1.55596102815294,0.17243853009704,0.806865713196978,-0.229859862487653
"5740",0.806865713196978,-0.229859862487653,0.764105146523117,0.375245789178781
"5741",0.764105146523117,0.375245789178781,1.46869456555323,-0.235619449019234
"5742",1.46869456555323,-0.235619449019234,0.714363262841279,-0.114493598930828
"5743",0.714363262841279,-0.114493598930828,1.2629202467431,-0.213453767518907
"5744",1.2629202467431,-0.213453767518907,5.95733233583224,-0.294437044811443
"5745",5.95733233583224,-0.294437044811443,0.60632738214283,-0.17540558982543
"5746",0.60632738214283,-0.17540558982543,5.909859380178,0.0865683308989187
"5747",5.909859380178,0.0865683308989187,4.73507826066062,-0.244346095279206
"5748",4.73507826066062,-0.244346095279206,5.09496515242185,-0.191288086018579
"5749",5.09496515242185,-0.191288086018579,0.602836723638841,0.288502925354663
"5750",0.602836723638841,0.288502925354663,0.0750491578357562,-0.148527519344717
"5751",0.0750491578357562,-0.148527519344717,4.86021836802861,-0.17226399717184
"5752",4.86021836802861,-0.17226399717184,5.37858115587093,-0.17243853009704
"5753",5.37858115587093,-0.17243853009704,5.67179647020597,0.0752236907609556
"5754",5.67179647020597,0.0752236907609556,4.4622832985739,-0.179070781254618
"5755",4.4622832985739,-0.179070781254618,5.52501428011325,-0.080634211442138
"5756",5.52501428011325,-0.080634211442138,5.31923996130312,0.339641072438097
"5757",5.31923996130312,0.339641072438097,3.99767665169301,-0.310145008079392
"5758",3.99767665169301,-0.310145008079392,2.76041274495423,-0.379958178159165
"5759",2.76041274495423,-0.379958178159165,3.18138616053526,0.0757472895365539
"5760",3.18138616053526,0.0757472895365539,2.71817577705597,-0.433714319120591
"5761",2.71817577705597,-0.433714319120591,3.72627795300789,-0.0848230016469244
"5762",3.72627795300789,-0.0848230016469244,2.76285620590702,0.245916891606001
"5763",2.76285620590702,0.245916891606001,2.2764329433762,0.196698606699761
"5764",2.2764329433762,0.196698606699761,4.25127299200779,-0.299323966717027
"5765",4.25127299200779,-0.299323966717027,2.56999732356165,-0.115715329407224
"5766",2.56999732356165,-0.115715329407224,3.29500709484009,-0.416784625376246
"5767",3.29500709484009,-0.416784625376246,2.78048403135217,-0.027401669256311
"5768",2.78048403135217,-0.027401669256311,3.02203759982818,0.105766952670856
"5769",3.02203759982818,0.105766952670856,1.50534647984511,0.218166156499291
"5770",1.50534647984511,0.218166156499291,1.34704511668922,-0.245567825755602
"5771",1.34704511668922,-0.245567825755602,2.41239409210656,0.0991347015132779
"5772",2.41239409210656,0.0991347015132779,1.6940165719857,0.0139626340159546
"5773",1.6940165719857,0.0139626340159546,1.00775311010153,-0.262497519499947
"5774",1.00775311010153,-0.262497519499947,1.66766210028058,0.138928208458749
"5775",1.66766210028058,0.138928208458749,1.5999433253032,-0.223751210105673
"5776",1.5999433253032,-0.223751210105673,1.51372406025468,-0.331612557878923
"5777",1.51372406025468,-0.331612557878923,0.806865713196978,0.270351501133922
"5778",0.806865713196978,0.270351501133922,0.772831792783089,-0.254294472015574
"5779",0.772831792783089,-0.254294472015574,6.05280184591633,-0.174009326423835
"5780",6.05280184591633,-0.174009326423835,5.8170078639719,-0.238237442897226
"5781",5.8170078639719,-0.238237442897226,1.28019900633784,-0.167900674041854
"5782",1.28019900633784,-0.167900674041854,0.41852995462824,-0.179070781254618
"5783",0.41852995462824,-0.179070781254618,5.89502408153605,0.240680903850018
"5784",5.89502408153605,0.240680903850018,5.42605411152517,0.334579617607313
"5785",5.42605411152517,0.334579617607313,0.670031899840623,0.152018177848706
"5786",0.670031899840623,0.152018177848706,4.97157037430585,-0.141022603561142
"5787",4.97157037430585,-0.141022603561142,4.79843371250801,-0.393048147549123
"5788",4.79843371250801,-0.393048147549123,4.59824444730426,-0.199491133502952
"5789",4.59824444730426,-0.199491133502952,3.59293479815553,0.0438077642250577
"5790",3.59293479815553,0.0438077642250577,5.09077636221706,-0.0164060949687467
"5791",5.09077636221706,-0.0164060949687467,4.433485365916,-0.318871654339364
"5792",4.433485365916,-0.318871654339364,5.09147449391786,-0.285012266850674
"5793",5.09147449391786,-0.285012266850674,4.06714075592239,-0.0893608577021097
"5794",4.06714075592239,-0.0893608577021097,4.60749469233983,0.103323491718064
"5795",4.60749469233983,0.103323491718064,3.20983502734277,0.0827286065445312
"5796",3.20983502734277,0.0827286065445312,2.31448112106968,0.181863308057809
"5797",2.31448112106968,0.181863308057809,3.26812902435938,0.0652753140245879
"5798",3.26812902435938,0.0652753140245879,1.41127323316261,-0.292691715559449
"5799",1.41127323316261,-0.292691715559449,2.6460936789486,-0.365646478292812
"5800",2.6460936789486,-0.365646478292812,2.65394766058258,0.0553269372882202
"5801",2.65394766058258,0.0553269372882202,1.98880268264754,0.196175007924163
"5802",1.98880268264754,0.196175007924163,0.679631210726592,-0.190240888467382
"5803",0.679631210726592,-0.190240888467382,1.58615522421245,0.132645023151569
"5804",1.58615522421245,0.132645023151569,1.7238617021948,-0.297229571614634
"5805",1.7238617021948,-0.297229571614634,2.32408043195565,0.315555528760575
"5806",2.32408043195565,0.315555528760575,1.25977865408951,-0.224972940582069
"5807",1.25977865408951,-0.224972940582069,2.01899687870704,0.415911960750249
"5808",2.01899687870704,0.415911960750249,6.14774775722483,-0.188321026290188
"5809",6.14774775722483,-0.188321026290188,1.15069557583986,0.0998328332140757
"5810",1.15069557583986,0.0998328332140757,1.18141337067496,-0.212581102892909
"5811",1.18141337067496,-0.212581102892909,1.35036124226801,-0.126885436619988
"5812",1.35036124226801,-0.126885436619988,0.498815100219979,-0.14782938764392
"5813",0.498815100219979,-0.14782938764392,5.42675224322597,-0.208915911463721
"5814",5.42675224322597,-0.208915911463721,5.70757571987186,0.343829862642883
"5815",5.70757571987186,0.343829862642883,5.3248250149095,-0.3078760800518
"5816",5.3248250149095,-0.3078760800518,4.92147942477361,0.175929188601028
"5817",4.92147942477361,0.175929188601028,5.47457426473061,0.387986692718339
"5818",5.47457426473061,0.387986692718339,4.14794950028972,-0.257785130519562
"5819",4.14794950028972,-0.257785130519562,5.30719718946436,-0.269827902358323
"5820",5.30719718946436,-0.269827902358323,4.12683101634059,-0.123743843966398
"5821",4.12683101634059,-0.123743843966398,3.75158522716181,-0.34784411992247
"5822",3.75158522716181,-0.34784411992247,5.08571490738628,0.113097335529233
"5823",5.08571490738628,0.113097335529233,3.65419585490053,-0.194604211597368
"5824",3.65419585490053,-0.194604211597368,2.87612807436146,0.0186750229963393
"5825",2.87612807436146,0.0186750229963393,4.24568793840141,-0.382750704962356
"5826",4.24568793840141,-0.382750704962356,4.79878277835841,-0.200538331054148
"5827",4.79878277835841,-0.200538331054148,3.30303560939927,-0.1230457122656
"5828",3.30303560939927,-0.1230457122656,4.3692572494426,-0.228987197861656
"5829",4.3692572494426,-0.228987197861656,2.29755142732534,0.23387411976724
"5830",2.29755142732534,0.23387411976724,2.59268660383758,-0.211533905341713
"5831",2.59268660383758,-0.211533905341713,1.52716309549504,-0.239808239224021
"5832",1.52716309549504,-0.239808239224021,2.65359859473218,0.291819050933452
"5833",2.65359859473218,0.291819050933452,1.58388629618485,-0.353080107678453
"5834",1.58388629618485,-0.353080107678453,0.848579082319643,-0.254469004940773
"5835",0.848579082319643,-0.254469004940773,2.81050369448647,-0.0383972435438752
"5836",2.81050369448647,-0.0383972435438752,1.66748756735538,-0.19704767255016
"5837",1.66748756735538,-0.19704767255016,0.6155776271784,-0.194255145746969
"5838",0.6155776271784,-0.194255145746969,0.0907571211037051,-0.177499984927823
"5839",0.0907571211037051,-0.177499984927823,1.23674030796318,-0.0925024503556995
"5840",1.23674030796318,-0.0925024503556995,6.19731510798147,0.020943951023932
"5841",6.19731510798147,0.020943951023932,4.9551642793371,-0.342608132166487
"5842",4.9551642793371,-0.342608132166487,5.85592870629137,0.0265290046303138
"5843",5.85592870629137,0.0265290046303138,5.43460622485994,-0.283790536374278
"5844",5.43460622485994,-0.283790536374278,5.29183829204681,-0.320267917740959
"5845",5.29183829204681,-0.320267917740959,4.42842391108521,-0.224972940582069
"5846",4.42842391108521,-0.224972940582069,4.20554536560554,0.371406064824393
"5847",4.20554536560554,0.371406064824393,5.05307725037398,-0.162315620435473
"5848",5.05307725037398,-0.162315620435473,4.6481608639113,-0.334754150532512
"5849",4.6481608639113,-0.334754150532512,3.78143035737091,-0.399680398706701
"5850",3.78143035737091,-0.399680398706701,4.64292487615532,-0.197571271325758
"5851",4.64292487615532,-0.197571271325758,4.35250208862346,-0.0621337213709981
"5852",4.35250208862346,-0.0621337213709981,2.68780704807127,0.0972148393360842
"5853",2.68780704807127,0.0972148393360842,3.53446626821372,-0.277856416917497
"5854",3.53446626821372,-0.277856416917497,3.48489891745708,0.0956440430092893
"5855",3.48489891745708,0.0956440430092893,1.54967784284577,-0.218864288200089
"5856",1.54967784284577,-0.218864288200089,0.901986157430669,-0.131946891450771
"5857",0.901986157430669,-0.131946891450771,1.30323735246417,0.330914426178125
"5858",1.30323735246417,0.330914426178125,0.80965824000017,0.0279252680319093
"5859",0.80965824000017,0.0279252680319093,1.98199589856476,0.315555528760575
"5860",1.98199589856476,0.315555528760575,0.370707933123596,-0.130550628049176
"5861",0.370707933123596,-0.130550628049176,6.1554272059336,-0.0726056968829641
"5862",6.1554272059336,-0.0726056968829641,0.847531884768446,0.146084058391925
"5863",0.847531884768446,0.146084058391925,6.22209878335978,0.0385717764690747
"5864",6.22209878335978,0.0385717764690747,6.00393262686049,0.254119939090374
"5865",6.00393262686049,0.254119939090374,0.232128790515246,-0.15707963267949
"5866",0.232128790515246,-0.15707963267949,0.81245076680336,0.328820031075732
"5867",0.81245076680336,0.328820031075732,0.0890117918517108,-0.028623399732707
"5868",0.0890117918517108,-0.028623399732707,5.48871143167177,-0.267384441405531
"5869",5.48871143167177,-0.267384441405531,5.96134659311183,0.48310713695203
"5870",5.96134659311183,0.48310713695203,5.03946368220843,-0.285186799775873
"5871",5.03946368220843,-0.285186799775873,4.41830100142364,-0.237888377046827
"5872",4.41830100142364,-0.237888377046827,5.86325908914975,0.0802851455917391
"5873",5.86325908914975,0.0802851455917391,5.971993101549,-0.349414916249265
"5874",5.971993101549,-0.349414916249265,4.72774787780224,-0.250629280586386
"5875",4.72774787780224,-0.250629280586386,4.39491358944692,-0.349065850398866
"5876",4.39491358944692,-0.349065850398866,5.23825668401058,-0.249582083035189
"5877",5.23825668401058,-0.249582083035189,4.90507332980486,-0.276460153515902
"5878",4.90507332980486,-0.276460153515902,5.44176207479312,0.449596815313739
"5879",5.44176207479312,0.449596815313739,3.84338954581671,0.10786134777325
"5880",3.84338954581671,0.10786134777325,3.58368455311996,0.0774926187885482
"5881",3.58368455311996,0.0774926187885482,3.85508325180507,0.148702052269917
"5882",3.85508325180507,0.148702052269917,2.99184340376868,0.208741378538522
"5883",2.99184340376868,0.208741378538522,3.44545447636201,-0.045553093477052
"5884",3.44545447636201,-0.045553093477052,5.34576896593343,0.0633554518473942
"5885",5.34576896593343,0.0633554518473942,2.76460153515902,0.00837758040957278
"5886",2.76460153515902,0.00837758040957278,2.63038571568065,-0.0996583002888762
"5887",2.63038571568065,-0.0996583002888762,2.19579873193407,0.160570291183478
"5888",2.19579873193407,0.160570291183478,1.92282923692215,-0.145734992541527
"5889",1.92282923692215,-0.145734992541527,1.9387117331153,0.0429350995990605
"5890",1.9387117331153,0.0429350995990605,1.8467328815352,-0.216246294322097
"5891",1.8467328815352,-0.216246294322097,4.10292000558827,-0.0563741348394168
"5892",4.10292000558827,-0.0563741348394168,1.93050868563093,-0.0989601685880785
"5893",1.93050868563093,-0.0989601685880785,2.33315614406602,0.267384441405531
"5894",2.33315614406602,0.267384441405531,1.09798663242963,-0.153414441250302
"5895",1.09798663242963,-0.153414441250302,2.11464092171633,0.442091899530164
"5896",2.11464092171633,0.442091899530164,0.479791011373241,-0.110479341651241
"5897",0.479791011373241,-0.110479341651241,1.46991629602962,0.322187779918153
"5898",1.46991629602962,0.322187779918153,1.58772602053924,0.0387463093942741
"5899",1.58772602053924,0.0387463093942741,0.0506145483078356,-0.260403124397554
"5900",0.0506145483078356,-0.260403124397554,0.273667626712711,-0.152716309549504
"5901",0.273667626712711,-0.152716309549504,0.104021623418862,0.0462512251778497
"5902",0.104021623418862,0.0462512251778497,0.528485697503883,-0.268082573106329
"5903",0.528485697503883,-0.268082573106329,0.0537561409614253,-0.0923279174305
"5904",0.0537561409614253,-0.0923279174305,6.04616959475876,-0.196175007924163
"5905",6.04616959475876,-0.196175007924163,0.468097305384879,-0.257436064669164
"5906",0.468097305384879,-0.257436064669164,0.684867198482575,0.187099295813792
"5907",0.684867198482575,0.187099295813792,5.40877535193043,-0.138928208458749
"5908",5.40877535193043,-0.138928208458749,5.38224634730011,-0.24940755010999
"5909",5.38224634730011,-0.24940755010999,5.77477089607364,-0.355174502780846
"5910",5.77477089607364,-0.355174502780846,0.0804596785169386,0.371056998973995
"5911",0.0804596785169386,0.371056998973995,5.65923009959161,-0.281521608346685
"5912",5.65923009959161,-0.281521608346685,3.81284628390681,-0.300022098417825
"5913",3.81284628390681,-0.300022098417825,3.67740873395205,0.0301941960595019
"5914",3.67740873395205,0.0301941960595019,4.45722184374312,-0.159523093632282
"5915",4.45722184374312,-0.159523093632282,5.43547888948594,-0.235270383168836
"5916",5.43547888948594,-0.235270383168836,5.37369423396534,-0.109432144100044
"5917",5.37369423396534,-0.109432144100044,2.72690242331594,-0.0822050077689329
"5918",2.72690242331594,-0.0822050077689329,2.9871310147883,0.249582083035189
"5919",2.9871310147883,0.249582083035189,3.22885911618951,0.111701072127637
"5920",3.22885911618951,0.111701072127637,2.73510547080031,0.299149433791828
"5921",2.73510547080031,0.299149433791828,2.8633871708219,0.319395253114962
"5922",2.8633871708219,0.319395253114962,2.0001473227855,-0.291469985083053
"5923",2.0001473227855,-0.291469985083053,3.40845349621973,0.288328392429463
"5924",3.40845349621973,0.288328392429463,2.43560697115809,-0.385892297615946
"5925",2.43560697115809,-0.385892297615946,2.52828395443899,-0.0434586983746588
"5926",2.52828395443899,-0.0434586983746588,1.92248017107175,-0.180467044656214
"5927",1.92248017107175,-0.180467044656214,1.23831110428998,-0.118333323285216
"5928",1.23831110428998,-0.118333323285216,0.946666586281724,0.148702052269917
"5929",0.946666586281724,0.148702052269917,1.97902883883637,0.108908545324446
"5930",1.97902883883637,0.108908545324446,1.84952540833839,0.0314159265358979
"5931",1.84952540833839,0.0314159265358979,0.953124304514103,0.0144862327915529
"5932",0.953124304514103,0.0144862327915529,2.05495066129812,0.168075206967054
"5933",2.05495066129812,0.168075206967054,0.278729081543494,0.0284488668075076
"5934",0.278729081543494,0.0284488668075076,0.557458163086989,-0.256039801267568
"5935",0.557458163086989,-0.256039801267568,5.83393755771625,0.219038821125288
"5936",5.83393755771625,0.219038821125288,0.447851486061745,0.0783652834145454
"5937",0.447851486061745,0.0783652834145454,4.26750455405134,-0.17854718247902
"5938",4.26750455405134,-0.17854718247902,3.85263979085228,-0.187971960439789
"5939",3.85263979085228,-0.187971960439789,3.79242593165848,0.15097098029751
"5940",3.79242593165848,0.15097098029751,4.75864020556254,-0.25237460983838
"5941",4.75864020556254,-0.25237460983838,2.35235476583796,-0.0989601685880785
"5942",2.35235476583796,-0.0989601685880785,3.02291026445418,0.133168621927167
"5943",3.02291026445418,0.133168621927167,2.51013253021824,0.294786110661842
"5944",2.51013253021824,0.294786110661842,1.13586027719791,0.144164196214732
"5945",1.13586027719791,0.144164196214732,0.651531409769483,0.0668461103513828
"5946",0.651531409769483,0.0668461103513828,0.883136601509131,-0.0020943951023932
"5947",0.883136601509131,-0.0020943951023932,2.14012272879545,0.22148228207808
"5948",2.14012272879545,0.22148228207808,1.6917476439581,-0.228638132011257
"5949",1.6917476439581,-0.228638132011257,2.27049882391942,-0.280474410795489
"5950",2.27049882391942,-0.280474410795489,1.83660997187363,0.204552588333735
"5951",1.83660997187363,0.204552588333735,0.867777704091581,0.12007865253721
"5952",0.867777704091581,0.12007865253721,5.83027236628706,-0.0539306738866248
"5953",5.83027236628706,-0.0539306738866248,0.51714105736592,-0.0144862327915529
"5954",0.51714105736592,-0.0144862327915529,5.84458406615341,0.269478836507924
"5955",5.84458406615341,0.269478836507924,5.92888346902474,-0.382052573261559
"5956",5.92888346902474,-0.382052573261559,6.22820743574177,-0.342084533390889
"5957",6.22820743574177,-0.342084533390889,5.43041743465516,-0.290597320457056
"5958",5.43041743465516,-0.290597320457056,5.53007573494403,0.257959663444762
"5959",5.53007573494403,0.257959663444762,4.84067068040627,-0.327598300599336
"5960",4.84067068040627,-0.327598300599336,4.19821498274716,0.234397718542838
"5961",4.19821498274716,0.234397718542838,4.30345833664242,-0.0893608577021097
"5962",4.30345833664242,-0.0893608577021097,2.90754400089735,-0.11065387457644
"5963",2.90754400089735,-0.11065387457644,3.33986205661635,0.0938987137572949
"5964",3.33986205661635,0.0938987137572949,2.47173528667437,-0.0938987137572949
"5965",2.47173528667437,-0.0938987137572949,2.5226989008326,0.252200076913181
"5966",2.5226989008326,0.252200076913181,2.17415664920934,-0.0640535835481919
"5967",2.17415664920934,-0.0640535835481919,1.17338485611579,0.243647963578408
"5968",1.17338485611579,0.243647963578408,1.83992609745242,-0.152541776624304
"5969",1.83992609745242,-0.152541776624304,1.16605447325741,0.149923782746313
"5970",1.16605447325741,0.149923782746313,1.83277024751925,-0.0747000919853573
"5971",1.83277024751925,-0.0747000919853573,0.709825406786094,0.0249582083035189
"5972",0.709825406786094,0.0249582083035189,5.79327138614478,-0.056025068989018
"5973",5.79327138614478,-0.056025068989018,5.65661210571362,0.0528834763354282
"5974",5.65661210571362,0.0528834763354282,0.205599785884932,0.0626573201465964
"5975",0.205599785884932,0.0626573201465964,0.238586508747625,-0.515046662263527
"5976",0.238586508747625,-0.515046662263527,5.13126800086333,-0.130899693899575
"5977",5.13126800086333,-0.130899693899575,3.36098054056548,0.06771877497738
"5978",3.36098054056548,0.06771877497738,2.88729818157422,0.0453785605518526
"5979",2.88729818157422,0.0453785605518526,2.21133216227682,-0.133343154852367
"5980",2.21133216227682,-0.133343154852367,2.10015468892478,-0.322885911618951
"5981",2.10015468892478,-0.322885911618951,1.64898707728424,0.244171562354007
"5982",1.64898707728424,0.244171562354007,1.12922802604033,0.136659280431156
"5983",1.12922802604033,0.136659280431156,1.44059476459612,0.423242343608625
"5984",1.44059476459612,0.423242343608625,0.357617963733638,0.0368264472170803
"5985",0.357617963733638,0.0368264472170803,0.930435024238177,-0.197571271325758
"5986",0.930435024238177,-0.197571271325758,0.208392312688123,0.311366738555788
"5987",0.208392312688123,0.311366738555788,0.868824901642777,-0.168249739892253
"5988",0.868824901642777,-0.168249739892253,4.8933796238165,-0.284488668075076
"5989",4.8933796238165,-0.284488668075076,4.48427444714903,0.263893782901543
"5990",4.48427444714903,0.263893782901543,4.02507832094932,0.0497418836818384
"5991",4.02507832094932,0.0497418836818384,5.94947835419827,-0.136659280431156
"5992",5.94947835419827,-0.136659280431156,4.29403355868165,-0.239284640448423
"5993",4.29403355868165,-0.239284640448423,3.01331095356821,-0.102101761241668
"5994",3.01331095356821,-0.102101761241668,3.85159259330109,0.114319066005629
"5995",3.85159259330109,0.114319066005629,2.36003421454673,0.196524073774562
"5996",2.36003421454673,0.196524073774562,2.6457446130982,0.337197611485304
"5997",2.6457446130982,0.337197611485304,1.09536863855164,-0.192684349420174
"5998",1.09536863855164,-0.192684349420174,2.36457207060192,-0.220609617452083
"5999",2.36457207060192,-0.220609617452083,0.655371134123871,-0.183085038534205
"6000",0.655371134123871,-0.183085038534205,6.04459879843196,-0.135263017029561
"6001",6.04459879843196,-0.135263017029561,4.54169577953965,0.300545697193424
"6002",4.54169577953965,0.300545697193424,0.678758546100595,0.0010471975511966
"6003",0.678758546100595,0.0010471975511966,5.09287075731945,-0.137182879206754
"6004",5.09287075731945,-0.137182879206754,4.59719724975306,-0.140848070635942
"6005",4.59719724975306,-0.140848070635942,4.0620793010916,-0.188321026290188
"6006",4.0620793010916,-0.188321026290188,3.13077161222743,-0.155683369277894
"6007",3.13077161222743,-0.155683369277894,3.81494067900921,-0.204028989558137
"6008",3.81494067900921,-0.204028989558137,2.63649436806263,0.337197611485304
"6009",2.63649436806263,0.337197611485304,3.67060194986927,0.131946891450771
"6010",3.67060194986927,0.131946891450771,1.8774506763703,0.144862327915529
"6011",1.8774506763703,0.144862327915529,0.999724595542352,-0.195302343298165
"6012",0.999724595542352,-0.195302343298165,0.881565805182336,-0.143815130364333
"6013",0.881565805182336,-0.143815130364333,0.758869158767134,-0.101927228316469
"6014",0.758869158767134,-0.101927228316469,0.798313599862206,0.00872664625997165
"6015",0.798313599862206,0.00872664625997165,6.10830331612975,-0.187273828738992
"6016",6.10830331612975,-0.187273828738992,2.50524560831266,0.112922802604033
"6017",2.50524560831266,0.112922802604033,2.32146243807766,-0.141197136486341
"6018",2.32146243807766,-0.141197136486341,1.27077422837707,-0.159523093632282
"6019",1.27077422837707,-0.159523093632282,0.94195419730134,-0.06771877497738
"6020",0.94195419730134,-0.06771877497738,0.351683844276857,0.0760963553869528
"6021",0.351683844276857,0.0760963553869528,6.22925463329296,-0.10768681484805
"6022",6.22925463329296,-0.10768681484805,6.19801323968226,0.085870199198121
"6023",6.19801323968226,0.085870199198121,5.14243810807609,0.382576172037157
"6024",5.14243810807609,0.382576172037157,4.60033884240665,-0.254294472015574
"6025",4.60033884240665,-0.254294472015574,4.62564611656057,0.315555528760575
"6026",4.62564611656057,0.315555528760575,5.19793957828951,-0.249756615960389
"6027",5.19793957828951,-0.249756615960389,2.4623105087136,-0.136135681655558
"6028",2.4623105087136,-0.136135681655558,1.69785629634008,0.00244346095279206
"6029",1.69785629634008,0.00244346095279206,1.39137647968988,-0.198443935951755
"6030",1.39137647968988,-0.198443935951755,2.80701303598248,0.182212373908208
"6031",2.80701303598248,0.182212373908208,0.423242343608625,-0.163886416762268
"6032",0.423242343608625,-0.163886416762268,5.17542483093878,0.0357792496658837
"6033",5.17542483093878,0.0357792496658837,3.57862309828917,0.221307749152881
"6034",3.57862309828917,0.221307749152881,1.69960162559208,-0.0406661715714679
"6035",1.69960162559208,-0.0406661715714679,1.46607657167524,-0.259181393921158
"6036",1.46607657167524,-0.259181393921158,1.41860361602099,0.257261531743964
"6037",1.41860361602099,0.257261531743964,2.65220233133058,0.130201562198777
"6038",2.65220233133058,0.130201562198777,1.5999433253032,0.211184839491314
"6039",1.5999433253032,0.211184839491314,6.24600979411211,-0.215024563845701
"6040",6.24600979411211,-0.215024563845701,5.89205702180766,-0.19093902016818
"6041",5.89205702180766,-0.19093902016818,1.41319309533981,0.0923279174305
"6042",1.41319309533981,0.0923279174305,5.34437270253184,0.0331612557878923
"6043",5.34437270253184,0.0331612557878923,4.89058709701331,-0.287979326579064
"6044",4.89058709701331,-0.287979326579064,4.38321988345856,0.109955742875643
"6045",4.38321988345856,0.109955742875643,6.03465042169559,0.0698131700797732
"6046",6.03465042169559,0.0698131700797732,4.52895487600009,-0.123394778115999
"6047",4.52895487600009,-0.123394778115999,5.10508806208341,0.188495559215388
"6048",5.10508806208341,0.188495559215388,4.68097305384879,-0.0158824961931484
"6049",4.68097305384879,-0.0158824961931484,3.88073959180939,0.046774823953448
"6050",3.88073959180939,0.046774823953448,2.63666890098783,-0.459370659124908
"6051",2.63666890098783,-0.459370659124908,4.14323711130934,0.0500909495322373
"6052",4.14323711130934,0.0500909495322373,2.40872890067737,-0.372104196525191
"6053",2.40872890067737,-0.372104196525191,1.58580615836205,-0.290946386307455
"6054",1.58580615836205,-0.290946386307455,1.19485240591532,-0.231954257590046
"6055",1.19485240591532,-0.231954257590046,2.65359859473218,-0.342957198016886
"6056",2.65359859473218,-0.342957198016886,2.26473923738784,-0.239284640448423
"6057",2.26473923738784,-0.239284640448423,1.9383626672649,-0.0570722665402146
"6058",1.9383626672649,-0.0570722665402146,1.17408298781659,0.185179433636598
"6059",1.17408298781659,0.185179433636598,4.6783550599708,-0.145036860840729
"6060",4.6783550599708,-0.145036860840729,4.42772577938441,0.151843644923507
"6061",4.42772577938441,0.151843644923507,4.0317105721069,0.0933751149816966
"6062",4.0317105721069,0.0933751149816966,6.21040507737142,0.0291469985083053
"6063",6.21040507737142,0.0291469985083053,5.40737908852883,0.0148352986419518
"6064",5.40737908852883,0.0148352986419518,2.37225151931069,0.406487182789479
"6065",2.37225151931069,0.406487182789479,1.2615239833415,0.0422369678982628
"6066",1.2615239833415,0.0422369678982628,1.94796197815087,0.162315620435473
"6067",1.94796197815087,0.162315620435473,1.56259327931052,0.112050137978036
"6068",1.56259327931052,0.112050137978036,0.068940505453776,-0.237888377046827
"6069",0.068940505453776,-0.237888377046827,6.17183330090235,0.102799892942466
"6070",6.17183330090235,0.102799892942466,5.46165882826585,-0.0432841654494594
"6071",5.46165882826585,-0.0432841654494594,4.54710630022083,-0.142244334037538
"6072",4.54710630022083,-0.142244334037538,5.17804282481678,-0.16004669240788
"6073",5.17804282481678,-0.16004669240788,5.55084515304277,0.0312413936106985
"6074",5.55084515304277,0.0312413936106985,4.08843377279672,0.142418866962737
"6075",4.08843377279672,0.142418866962737,3.21821260775234,0.0747000919853573
"6076",3.21821260775234,0.0747000919853573,1.43954756704492,0.211359372416513
"6077",1.43954756704492,0.211359372416513,1.79576926737697,0.0815068760681352
"6078",1.79576926737697,0.0815068760681352,0.275762021815104,-0.0591666616426078
"6079",0.275762021815104,-0.0591666616426078,0.0361283155162826,-0.189542756766584
"6080",0.0361283155162826,-0.189542756766584,0.0380481776934764,-0.256563400043166
"6081",0.0380481776934764,-0.256563400043166,2.13069795083468,-0.353429173528852
"6082",2.13069795083468,-0.353429173528852,5.76080826205768,0.00925024503556995
"6083",5.76080826205768,0.00925024503556995,5.43966767969073,0.178023583703422
"6084",5.43966767969073,0.178023583703422,0.139102741383948,-0.162664686285871
"6085",0.139102741383948,-0.162664686285871,5.31121144674394,-0.000523598775598299
"6086",5.31121144674394,-0.000523598775598299,6.20848521519423,0.107163216072452
"6087",6.20848521519423,0.107163216072452,4.55146962335081,-0.164933614313464
"6088",4.55146962335081,-0.164933614313464,4.3076471268472,0.145560459616327
"6089",4.3076471268472,0.145560459616327,5.5700437748147,0.084648468721725
"6090",5.5700437748147,0.084648468721725,3.98999720298424,-0.204203522483337
"6091",3.98999720298424,-0.204203522483337,2.74994076944227,-0.246789556231998
"6092",2.74994076944227,-0.246789556231998,3.57373617638359,0.315555528760575
"6093",3.57373617638359,0.315555528760575,2.11935331069671,-0.202109127380943
"6094",2.11935331069671,-0.202109127380943,0.525344104850293,-0.140324471860344
"6095",0.525344104850293,-0.140324471860344,6.26468481710845,-0.262497519499947
"6096",6.26468481710845,-0.262497519499947,0.70493848488051,0.0900589894029074
"6097",0.70493848488051,0.0900589894029074,0.536165146212658,0.00680678408277788
"6098",0.536165146212658,0.00680678408277788,5.49115489262456,-0.0294960643587042
"6099",5.49115489262456,-0.0294960643587042,5.74387856831334,0.10157816246607
"6100",5.74387856831334,0.10157816246607,0.192160750644576,-0.14468779499033
"6101",0.192160750644576,-0.14468779499033,0.141197136486341,0.0837758040957278
"6102",0.141197136486341,0.0837758040957278,5.80164896655435,-0.0863937979737193
"6103",5.80164896655435,-0.0863937979737193,4.61953746417859,-0.185528499486997
"6104",4.61953746417859,-0.185528499486997,2.8618163744951,-0.248185819633594
"6105",2.8618163744951,-0.248185819633594,2.41466302013415,-0.116413461108022
"6106",2.41466302013415,-0.116413461108022,1.7544049641047,-0.219911485751285
"6107",1.7544049641047,-0.219911485751285,2.05913945150291,0.0359537825910832
"6108",2.05913945150291,0.0359537825910832,0.315380995835375,0.168424272817453
"6109",0.315380995835375,0.168424272817453,0.346273323595675,-0.183085038534205
"6110",0.346273323595675,-0.183085038534205,1.6626006454498,-0.531103691381874
"6111",1.6626006454498,-0.531103691381874,0.040317105721069,-0.239633706298821
"6112",0.040317105721069,-0.239633706298821,1.05871672425976,0.122871179340401
"6113",1.05871672425976,0.122871179340401,2.34903864025917,-0.112573736753634
"6114",2.34903864025917,-0.112573736753634,6.23222169302135,0.0994837673636768
"6115",6.23222169302135,0.0994837673636768,5.62327631700053,0.0589921287174083
"6116",5.62327631700053,0.0589921287174083,3.81511521193441,0.189193690916185
"6117",3.81511521193441,0.189193690916185,4.04689493659925,-0.00715584993317675
"6118",4.04689493659925,-0.00715584993317675,4.51970463096452,0.216944426022895
"6119",4.51970463096452,0.216944426022895,2.20016205506405,0.0315904594610974
"6120",2.20016205506405,0.0315904594610974,3.00196631343025,-0.205425252959733
"6121",3.00196631343025,-0.205425252959733,3.23339697224469,-0.342259066316088
"6122",3.23339697224469,-0.342259066316088,6.1261056745001,0.0842994028713261
"6123",6.1261056745001,0.0842994028713261,0.347320521146872,0.0671951762017817
"6124",0.347320521146872,0.0671951762017817,6.11266663925974,-0.447676953136545
"6125",6.11266663925974,-0.447676953136545,0.157428698529888,0.111352006277238
"6126",0.157428698529888,0.111352006277238,3.29029470585971,-0.34173546754049
"6127",3.29029470585971,-0.34173546754049,4.53296913327967,0.100356431989674
"6128",4.53296913327967,0.100356431989674,1.82369453540887,-0.170693200845045
"6129",1.82369453540887,-0.170693200845045,0.02460914245312,-0.421322481431431
"6130",0.02460914245312,-0.421322481431431,5.42500691397397,-0.267558974330731
"6131",5.42500691397397,-0.267558974330731,4.24952766275579,-0.182212373908208
"6132",4.24952766275579,-0.182212373908208,2.75762021815104,-0.126710903694788
"6133",2.75762021815104,-0.126710903694788,2.22058240731239,-0.278903614468694
"6134",2.22058240731239,-0.278903614468694,2.08654112075922,0.201760061530544
"6135",2.08654112075922,0.201760061530544,0.513475865936732,0.068940505453776
"6136",0.513475865936732,0.068940505453776,0.222354946704078,0.0719075651821664
"6137",0.222354946704078,0.0719075651821664,0.667239373037432,-0.190589954317781
"6138",0.667239373037432,-0.190589954317781,0.273318560862312,0.112922802604033
"6139",0.273318560862312,0.112922802604033,5.38276994607571,0.227416401534861
"6140",5.38276994607571,0.227416401534861,3.81179908635562,0.248011286708394
"6141",3.81179908635562,0.248011286708394,1.30498268171616,-0.174183859349034
"6142",1.30498268171616,-0.174183859349034,0.475602221168455,0.052010811709431
"6143",0.475602221168455,0.052010811709431,0.564439480094966,-0.141022603561142
"6144",0.564439480094966,-0.141022603561142,0.0966912405604859,0.0137881010907552
"6145",0.0966912405604859,0.0137881010907552,3.4166565437041,-0.179419847105017
"6146",3.4166565437041,-0.179419847105017,3.00545697193423,-0.0530580092606276
"6147",3.00545697193423,-0.0530580092606276,2.17625104431173,-0.0448549617762543
"6148",2.17625104431173,-0.0448549617762543,3.26463836585539,0.342259066316088
"6149",3.26463836585539,0.342259066316088,2.1844540917961,0.132819556076768
"6150",2.1844540917961,0.132819556076768,0.514697596413128,0.0626573201465964
"6151",0.514697596413128,0.0626573201465964,2.45637638925682,-0.160221225333079
"6152",2.45637638925682,-0.160221225333079,0.0916297857297023,-0.16615534478986
"6153",0.0916297857297023,-0.16615534478986,5.17961362114357,-0.130201562198777
"6154",5.17961362114357,-0.130201562198777,5.53618438732601,0.451516677490933
"6155",5.53618438732601,0.451516677490933,0.936194610769758,-0.194080612821769
"6156",0.936194610769758,-0.194080612821769,3.32816835062799,0.49864056729478
"6157",3.32816835062799,0.49864056729478,1.08960905202006,-0.159697626557481
"6158",1.08960905202006,-0.159697626557481,2.49145750722191,-0.0797615468161409
"6159",2.49145750722191,-0.0797615468161409,0.280998009571087,-0.0389208423194735
"6160",0.280998009571087,-0.0389208423194735,2.73283654277272,-0.0294960643587042
"6161",2.73283654277272,-0.0294960643587042,2.56144521022688,0.0136135681655558
"6162",2.56144521022688,0.0136135681655558,0.626224135615565,-0.00558505360638185
"6163",0.626224135615565,-0.00558505360638185,1.78739168696739,0.0684169066781777
"6164",1.78739168696739,0.0684169066781777,5.19793957828951,-0.26476644752754
"6165",5.19793957828951,-0.26476644752754,4.21078135336152,-0.200363798128949
"6166",4.21078135336152,-0.200363798128949,1.84900180956279,0.0363028484414821
"6167",1.84900180956279,0.0363028484414821,1.18193696945056,-0.179070781254618
"6168",1.18193696945056,-0.179070781254618,0.830776723949301,-0.0404916386462684
"6169",0.830776723949301,-0.0404916386462684,1.06133471813775,0.0762708883121522
"6170",1.06133471813775,0.0762708883121522,4.35442195080065,-0.209788576089718
"6171",4.35442195080065,-0.209788576089718,3.03373130581654,-0.150098315671512
"6172",3.03373130581654,-0.150098315671512,2.97159758444555,0.000349065850398866
"6173",2.97159758444555,0.000349065850398866,1.98147229978916,0.0343829862642883
"6174",1.98147229978916,0.0343829862642883,1.42104707697378,0.113446401379631
"6175",1.42104707697378,0.113446401379631,1.07285389120091,0.112224670903235
"6176",1.07285389120091,0.112224670903235,4.92846074178159,0.525518637775493
"6177",4.92846074178159,0.525518637775493,2.2155209524816,0.0663225115757845
"6178",2.2155209524816,0.0663225115757845,1.77046199322305,0.0692895713041749
"6179",1.77046199322305,0.0692895713041749,1.56765473414131,-0.108035880698449
"6180",1.56765473414131,-0.108035880698449,1.25820785776271,0.102799892942466
"6181",1.25820785776271,0.102799892942466,2.07188035504247,0.119380520836412
"6182",2.07188035504247,0.119380520836412,0.848579082319643,-0.0176278254451427
"6183",0.848579082319643,-0.0176278254451427,0.425162205785819,0.0830776723949301
"6184",0.425162205785819,0.0830776723949301,4.78726360529525,0.473333293140862
"6185",4.78726360529525,0.473333293140862,2.79898452142331,-0.00331612557878923
"6186",2.79898452142331,-0.00331612557878923,3.92367469140845,0.111875605052837
"6187",3.92367469140845,0.111875605052837,3.43672783010203,0.0481710873550435
"6188",3.43672783010203,0.0481710873550435,0.620115483233585,0.125663706143592
"6189",0.620115483233585,0.125663706143592,0.89570297212349,-0.103498024643264
"6190",0.89570297212349,-0.103498024643264,6.07304766523947,0.136484747505957
"6191",6.07304766523947,0.136484747505957,4.05754144503642,0.170867733770245
"6192",4.05754144503642,0.170867733770245,0.709999939711293,0.0123918376891597
"6193",0.709999939711293,0.0123918376891597,5.61978565849654,-0.183434104384604
"6194",5.61978565849654,-0.183434104384604,4.14760043443932,0.0937241808320955
