"births_X.1","births_X.2","births_X.3","deaths_X.1","deaths_X.2","deaths_X.3","theta_birth","theta_death","phi_birth","phi_death","probs_delta_time","delta_theta","delta_phi","area_birth"
0.166657119279819,0.90804323111576,0.384295322659804,0.173367013298616,0.908821710620634,0.379456159529005,1.38928208458749,1.38230076757951,0.394444410950718,0.389208423194735,0.000424808836023789,-0.00698131700797733,-0.005235987755983,20
0.776627049936343,0.615547014795968,-0.133986185418292,0.731937489156439,0.670697138746085,-0.120136838834647,0.670206432765822,0.74176493209759,-0.134390352403563,-0.120427718387609,0.000424808836023789,0.0715584993317675,0.0139626340159546,41
0.887072782320715,-0.182089891559808,0.42419942274539,0.867743215546835,-0.253745873806006,0.427357863387192,6.08072711394824,5.99869663910451,0.438077642250577,0.441568300754565,0.000637213254035684,-0.0820304748437346,0.00349065850398872,67
0.69194555372127,-0.694365124757584,-0.197657340379126,0.67751638125575,-0.706507549790682,-0.20449605184179,5.49604181453014,5.47684319275821,-0.198967534727354,-0.205948851735331,0.000849617672047579,-0.0191986217719373,-0.00698131700797733,35
-0.822680460953426,0.554904977552939,0.123601476740493,-0.847512807646114,0.511252411383878,0.142628933705512,2.54818070791172,2.59879525621956,0.123918376891597,0.143116998663535,0.00106202209005947,0.050614548307836,0.0191986217719376,3
-0.768588120414242,0.413842064250533,0.487859659138733,-0.761157138418796,0.435918803376891,0.480223497443189,2.6476644752754,2.62148453649548,0.509636141582344,0.500909495322373,0.00127442650807137,-0.0261799387799151,-0.00872664625997155,53
0.904314684298226,-0.195519755416423,0.379456159529005,0.885726333122976,-0.250635288900078,0.390731128489274,6.07025513843628,6.00742328536448,0.389208423194735,0.401425727958696,0.00148683092608326,-0.0628318530717955,0.0122173047639603,21
0.737446344795555,-0.663999671306578,-0.123601476740493,0.779731714761692,-0.615795002730136,-0.113203213767907,5.55014702134197,5.61472420366576,-0.123918376891597,-0.113446401379631,0.00233644859813084,0.0645771823237906,0.010471975511966,50
-0.743009919283442,-0.39506538190104,0.540240320477655,-0.745875976941062,-0.416855993616672,0.519519111879509,3.63028484414821,3.65122879517214,0.570722665402146,0.546288055874225,0.00254885301614274,0.0209439510239324,-0.0244346095279206,6
-0.87121248418601,0.00152055417731045,0.490903753615141,-0.862169471974445,-0.0602887625301923,0.503019946630235,3.1398473243378,3.21140582366957,0.513126800086333,0.527089434102287,0.00297366185216653,0.0715584993317671,0.0139626340159547,35
-0.67791151307233,0.661546136495175,0.320612990585676,-0.724112278226095,0.609759157536653,0.322265695230511,2.3684117949563,2.44171562354007,0.32637657012294,0.328121899374934,0.00318606627017842,0.0733038285837622,0.00174532925199433,74
-0.973041917870416,0.161086044916126,-0.165047605860678,-0.977467145358805,0.120017874239897,-0.17364817766693,2.97753170390233,3.01941960595019,-0.165806278939461,-0.174532925199433,0.00339847068819031,0.041887902047864,-0.00872664625997163,23
-0.469149365396268,0.655300899645592,0.59201317879922,-0.452417424430041,0.665712024147162,0.593418886603701,2.19213354050488,2.16769893097696,0.633554518473942,0.635299847725936,0.00361087510620221,-0.0244346095279204,0.00174532925199433,37
0.907473183313589,0.321353108284897,0.270600445975864,0.906090273977737,0.328000100234749,0.267238376078257,0.340339204138894,0.347320521146872,0.27401669256311,0.270526034059121,0.004035683942226,0.00698131700797733,-0.00349065850398866,11
-0.866634662652988,0.0803952669214296,0.492423560103467,-0.866882268073718,0.109512698111705,0.486335380423491,3.04909020323409,3.0159289474462,0.514872129338327,0.50789081233035,0.00467289719626168,-0.033161255787892,-0.00698131700797722,17
-0.107123960728108,0.98609281625966,-0.12706460860135,-0.136360754738948,0.982699000269839,-0.125333233564304,1.67900674041855,1.70867733770245,-0.127409035395586,-0.125663706143592,0.00509770603228547,0.0296705972839035,0.0017453292519943,41
0.472020429744032,0.794973007197427,0.381070376350274,0.481318052245369,0.785439675602148,0.389123950140206,1.03498024643264,1.02101761241668,0.39095375244673,0.399680398706701,0.00552251486830926,-0.0139626340159547,0.0087266462599716,55
0.896821369151995,0.412491742528973,-0.159881187691835,0.881474682239009,0.43565192277808,-0.182235525492147,0.431096325242599,0.459021593274509,-0.160570291183478,-0.183259571459405,0.00552251486830926,0.0279252680319093,-0.0226892802759263,17
0.818140467591966,-0.13397563956315,0.559192903470747,0.808406732546501,-0.204558351132693,0.551936985312058,6.12086968674411,6.03534855339639,0.593411945678072,0.5846852994181,0.00573491928632116,-0.0855211333477213,-0.00872664625997155,124
-0.114445759484705,0.989125797212238,0.0923705874465616,-0.116294926474537,0.989971526162635,0.0801989243288589,1.68598805742652,1.68773338667852,0.0925024503556995,0.0802851455917391,0.00594732370433305,0.00174532925199422,-0.0122173047639603,26
-0.221545460687479,-0.975135987199492,-0.00523596383141958,-0.197652523609168,-0.980247286104674,-0.00698126029796155,4.48898683612942,4.51342144565734,-0.00523598775598299,-0.00698131700797732,0.00679694137638063,0.0244346095279209,-0.00174532925199433,16
-0.179188587281247,-0.904968494858098,0.385906042324319,-0.189066013619706,-0.905007961712058,0.381070376350274,4.51691210416132,4.50644012864936,0.396189740202713,0.39095375244673,0.00700934579439252,-0.0104719755119662,-0.005235987755983,144
-0.738705189122725,0.552622086113775,0.385906042324319,-0.734525677174473,0.539562750968974,0.411514358605109,2.49931148885588,2.50803813511585,0.396189740202713,0.424115008234622,0.00764655904842821,0.00872664625997199,0.0279252680319093,48
-0.656949629696262,0.668516799989217,0.348572047321815,-0.656947245099748,0.66154968631902,0.361624570082092,2.34746784393237,2.35270383168836,0.356047167406843,0.370009801422798,0.00764655904842821,0.00523598775598311,0.0139626340159546,10
0.704037516063109,0.601304844311177,0.377840786818467,0.665876658520682,0.654355169900895,0.3583679495453,0.706858347057703,0.776671517137477,0.387463093942741,0.366519142918809,0.0078589634664401,0.0698131700797733,-0.0209439510239319,47
0.595752646837382,-0.659332518504581,0.458649554484315,0.603837000774301,-0.647535905585511,0.46484204572462,5.4471725954743,5.46288055874225,0.476474885794452,0.483456202802429,0.008071367884452,0.0157079632679489,0.00698131700797727,3
0.774834190550351,-0.358023659390731,0.521009631840576,0.75695570399455,-0.382365839981364,0.529919264233205,5.85034365268499,5.81543706764511,0.548033385126219,0.558505360638185,0.00828377230246389,-0.0349065850398871,0.010471975511966,6
-0.273937393982401,-0.879511714308236,0.389123950140206,-0.274652933521573,-0.876418576657413,0.395545502562965,4.41044701978967,4.40870169053768,0.399680398706701,0.406661715714679,0.00849617672047579,-0.00174532925199333,0.00698131700797738,33
-0.430383576719327,-0.819759914064283,0.377840786818467,-0.445520220934658,-0.807058487964172,0.387515586452103,4.22893277758226,4.20798882655833,0.387463093942741,0.397935069454707,0.00870858113848768,-0.0209439510239324,0.010471975511966,55
-0.93325440586553,0.33599226058581,0.12706460860135,-0.968907920501472,0.211256090780225,0.128795596577563,2.79601746169492,2.92691715559449,0.127409035395586,0.12915436464758,0.00892098555649957,0.130899693899575,0.00174532925199436,117
-0.873704102769443,0.318002286964336,0.368124552684678,-0.867972391138063,0.329711781622689,0.371367835550235,2.79252680319093,2.77856416917497,0.376991118430775,0.380481776934764,0.00934579439252336,-0.0139626340159547,0.00349065850398861,10
0.610428451861106,0.707188168028767,0.356737999319625,0.620242838478739,0.698596322032451,0.356737999319625,0.85870199198121,0.844739357965256,0.364773813666815,0.364773813666815,0.00934579439252336,-0.0139626340159547,0,21
0.844275955907402,0.204251849812499,0.495458668432408,0.850890377822949,0.187080382763358,0.490903753615141,0.237364778271229,0.216420827247297,0.518362787842316,0.513126800086333,0.00955819881053526,-0.020943951023932,-0.00523598775598311,19
-0.996450124727622,-0.0382797525306749,-0.0749787268263277,-0.992949280539904,-0.0764032831884785,-0.0906325801977802,3.17998989713367,3.21838714067754,-0.0750491578357562,-0.0907571211037051,0.0101954120645709,0.0383972435438755,-0.015707963267949,11
-0.980650584834298,0.151812731388772,0.123601476740493,-0.978381669323557,0.170754936199069,0.116670737099333,2.98800367941429,2.96880505764235,0.123918376891597,0.11693705988362,0.0101954120645709,-0.0191986217719378,-0.0069813170079773,14
-0.961888265454834,0.0251879306775214,-0.272280247040574,-0.954994173530953,0.0500491238630009,-0.292371704722737,3.11541271480988,3.08923277602996,-0.275762021815104,-0.296705972839036,0.0106202209005947,-0.0261799387799155,-0.0209439510239319,2
-0.525855798892886,0.690284405757008,0.496973961027555,-0.498195925897363,0.706237745176074,0.503019946630235,2.22180413778878,2.1851522234969,0.52010811709431,0.527089434102287,0.0108326253186066,-0.0366519142918809,0.00698131700797722,31
-0.926176520106608,0.126870401798371,0.355106962408137,-0.929552438201016,0.145564027226649,0.338737920245291,3.00545697193423,2.9862583501623,0.363028484414821,0.345575191894877,0.0112574341546304,-0.0191986217719373,-0.0174532925199433,6
-0.69384891125031,0.679467054368618,0.238533457578581,-0.71016030682813,0.659921680988801,0.245307385878803,2.36666646570431,2.39284640448423,0.240855436775218,0.247836753783195,0.0112574341546304,0.0261799387799151,0.00698131700797727,48
-0.16122418698007,0.933388489215677,0.320612990585676,-0.190008362845777,0.925648566485342,0.327217898979104,1.74183859349034,1.77325452002624,0.32637657012294,0.333357887130917,0.0114698385726423,0.0314159265358978,0.00698131700797733,66
0.871716957363949,-0.117860756787043,0.475624209070275,0.853221737130289,-0.192281822866786,0.484809620246337,6.14879495477602,6.06152849217631,0.49567350756639,0.506145483078356,0.0118946474086661,-0.0872664625997155,0.010471975511966,26
0.835866139811507,-0.189904127679088,0.515038074910054,0.803345756890407,-0.268795730197381,0.531398579518083,6.05978316292431,5.96029939556063,0.541052068118242,0.56025068989018,0.0118946474086661,-0.0994837673636768,0.0191986217719377,25
-0.967385422880763,0.182789373262191,0.175366726091987,-0.970731242935683,0.136427379153871,0.197657340379126,2.9548424236264,3.00196631343025,0.176278254451427,0.198967534727354,0.0123194562446899,0.0471238898038471,0.0226892802759263,4
-0.166000976487668,-0.981456706905084,0.095845752520224,-0.157429938886214,-0.982867949455121,0.095845752520224,4.54483737219323,4.5535640184532,0.0959931088596881,0.0959931088596881,0.0125318606627018,0.0087266462599711,0,13
0.202216476197281,-0.976466429160705,0.0749787268263277,0.195108415336313,-0.976422234916703,0.0923705874465616,4.91659250286803,4.90961118586005,0.0750491578357562,0.0925024503556995,0.0127442650807137,-0.00698131700797688,0.0174532925199433,57
0.0469858950769235,-0.99633349894386,0.0714974443326859,0.0626218941590288,-0.995346504918478,0.0732381971276317,4.75951287018854,4.77522083345649,0.0715584993317675,0.0733038285837618,0.0131690739167375,0.0157079632679489,0.00174532925199435,19
-0.716540503683926,-0.622879156960596,0.313992455967405,-0.705341830403089,-0.63956491680449,0.305695304963106,3.85717764690747,3.8781215979314,0.319395253114962,0.310668606854991,0.0135938827527613,0.0209439510239315,-0.00872664625997166,41
-0.931527920327626,-0.357580066245112,-0.0662739004000001,-0.919941267916432,-0.384819768343324,-0.0749787268263277,3.5081117965086,3.53778239379251,-0.0663225115757845,-0.0750491578357562,0.0138062871707732,0.0296705972839031,-0.00872664625997165,58
0.840932805395847,0.294490480245638,0.453990499739547,0.844773228137057,0.242234825180874,0.477158760259608,0.336848545634906,0.279252680319093,0.471238898038469,0.497418836818384,0.014018691588785,-0.0575958653158128,0.0261799387799149,2
0.290787059038021,0.761496033913054,0.579281172342679,0.34048916736609,0.72357631244117,0.600420225325884,1.20602251312808,1.13097335529233,0.617846555205993,0.644026493985907,0.0142310960067969,-0.0750491578357559,0.0261799387799149,35
0.0681421052548789,-0.927918910412445,0.366501226724297,0.170694948621562,-0.92098752685716,0.350207381259467,4.78569280896845,4.89564855184409,0.375245789178781,0.357792496658838,0.0144435004248088,0.109955742875643,-0.0174532925199433,4
0.964309933061176,-0.147560155296748,-0.219846204352837,0.963775600598672,-0.132020835161472,-0.231747903494157,6.13134166225608,6.14704962552403,-0.22165681500328,-0.23387411976724,0.0146559048428207,0.0157079632679489,-0.0122173047639604,34
-0.860104218327944,-0.33361243998397,0.385906042324319,-0.863885617285249,-0.343781840646637,0.368124552684678,3.51160245501259,3.52032910127256,0.396189740202713,0.376991118430775,0.0148683092608326,0.00872664625997155,-0.0191986217719376,307
-0.915573338221132,0.0127846462580165,0.40194777665596,-0.918933757686482,0.0192489182043146,0.393941909590951,3.12763001957384,3.12064870256586,0.413643032722656,0.404916386462684,0.0152931180968564,-0.00698131700797688,-0.0087266462599716,91
-0.88677583313196,0.126206890478714,0.444635179184927,-0.872477576632079,0.172755212230656,0.457097927058694,3.00022098417825,2.94611577736643,0.460766922526503,0.474729556542458,0.0152931180968564,-0.0541052068118244,0.0139626340159547,13
-0.186888686932021,-0.9268646047294,0.325568154457157,-0.156149123414327,-0.933110367236793,0.323917418198149,4.51342144565734,4.54658270144523,0.331612557878923,0.329867228626928,0.0155055225148683,0.033161255787892,-0.00174532925199439,31
0.948236609844635,0.264752418553884,-0.175366726091987,0.894866185131168,0.409701727424643,-0.177084740319583,0.272271363311115,0.429350995990605,-0.176278254451427,-0.178023583703422,0.0159303313508921,0.15707963267949,-0.00174532925199433,4
0.737368550210929,0.643247584593013,-0.20620418539663,0.722476276497293,0.662027534642501,-0.199367934417197,0.717330322569669,0.74176493209759,-0.207694180987325,-0.200712863979348,0.0163551401869159,0.0244346095279204,0.00698131700797733,28
-0.0508174615026549,-0.938317540689673,0.342020143325669,-0.040830343486415,-0.935168614474761,0.351841648404702,4.65828377357287,4.66875574908483,0.349065850398866,0.359537825910832,0.0167799490229397,0.0104719755119662,0.010471975511966,6
-0.123243373691882,-0.911527650582387,0.392337116603562,-0.151814335952137,-0.907206698792847,0.392337116603562,4.57799862798113,4.54658270144523,0.40317105721069,0.40317105721069,0.0167799490229397,-0.0314159265358978,0,31
-0.768094741654397,-0.445248948261264,-0.460199784783852,-0.783772617417142,-0.423784273343548,-0.453990499739547,3.66693675844009,3.63726616115618,-0.478220215046446,-0.471238898038469,0.0172047578589635,-0.0296705972839031,0.00698131700797727,32
-0.288812419951595,0.820127318479875,0.493941866584231,-0.293970416753335,0.821027533030506,0.489382451748846,1.9093902016818,1.91462618943778,0.516617458590322,0.511381470834338,0.0174171622769754,0.00523598775598266,-0.00523598775598311,2
0.840744854202719,0.192556276711552,0.506033764121164,0.846952812297845,0.163097404363583,0.506033764121164,0.225147473507269,0.190240888467382,0.530580092606276,0.530580092606276,0.0178419711129991,-0.0349065850398866,0,29
0.790695136375696,-0.298778794450664,0.534352349389826,0.79151651093475,-0.307009021550757,0.528438334722347,5.92190215201676,5.91317550575679,0.563741348394168,0.556760031386191,0.018054375531011,-0.00872664625997199,-0.00698131700797733,33
0.0363827527826295,-0.947069825468036,0.31895930929807,0.110247886102632,-0.938495524868181,0.327217898979104,4.75078622392856,4.82932604026831,0.324631240870945,0.333357887130917,0.0184791843670348,0.0785398163397453,0.00872664625997166,90
-0.842444489548237,-0.396424285685488,0.36487678433762,-0.827327969236272,-0.462377973449735,0.31895930929807,3.58141562509236,3.65122879517214,0.373500459926786,0.324631240870945,0.0186915887850467,0.0698131700797737,-0.0488692190558412,2
-0.800275937521777,-0.283392572625878,-0.528438334722347,-0.800486938074848,-0.277193455293804,-0.531398579518083,3.48193185772869,3.47495054072071,-0.556760031386191,-0.56025068989018,0.0189039932030586,-0.00698131700797777,-0.00349065850398866,19
-0.202735099797212,-0.978970767799311,0.0226873335727814,-0.176987381952397,-0.983654512913788,0.0331551783885263,4.50818545790135,4.53436539668127,0.0226892802759263,0.0331612557878923,0.0191163976210705,0.0261799387799151,0.010471975511966,8
0.436333656284328,-0.737799919887835,0.515038074910054,0.458669006007433,-0.728354021049525,0.509041415750371,5.24645973149496,5.27438499952686,0.541052068118242,0.534070751110265,0.0199660152931181,0.0279252680319084,-0.00698131700797722,27
0.0832784574550125,-0.779256141188019,0.62114778027831,0.0601242003953844,-0.781383718528959,0.62114778027831,4.81885406475634,4.78918346747244,0.670206432765822,0.670206432765822,0.0203908241291419,-0.0296705972839044,0,29
-0.735499086733419,-0.443681414924543,-0.512042864870571,-0.75920449342074,-0.403676189711582,-0.510542917911606,3.68439005096003,3.63028484414821,-0.537561409614253,-0.535816080362259,0.0208156329651657,-0.054105206811824,0.00174532925199433,59
-0.808047224736045,-0.0992157236780261,0.58070295571094,-0.793631386079566,-0.0541043600168425,0.605988400265711,3.2637657012294,3.20966049441757,0.619591884457987,0.651007810993885,0.0208156329651657,-0.0541052068118244,0.0314159265358979,4
0.910366796283536,0.168726512560571,0.377840786818467,0.890116684738605,0.192450039255114,0.413104429824542,0.183259571459405,0.212930168743308,0.387463093942741,0.425860337486616,0.0218776550552252,0.0296705972839035,0.0383972435438752,6
0.467839462528741,-0.754547808548746,0.460199784783852,0.465426435704871,-0.777670905840208,0.422618261740699,5.26740368251889,5.25169571925094,0.478220215046446,0.436332312998582,0.022090059473237,-0.0157079632679489,-0.0418879020478639,8
0.481398581374412,-0.87566076877074,0.0383878090875199,0.564086086637199,-0.823826951757849,0.0558215049931638,5.21504380495906,5.31278224307074,0.0383972435438752,0.0558505360638185,0.0223024638912489,0.0977384381116817,0.0174532925199433,15
-0.885794994927488,-0.096228130542206,0.453990499739547,-0.89982379049434,-0.0298502294723786,0.435231099372328,3.24980306721344,3.17475390937769,0.471238898038469,0.450294947014537,0.0225148683092608,-0.0750491578357555,-0.0209439510239319,6
0.510848136911678,0.757363508622706,0.4067366430758,0.501187600816085,0.768820227200456,0.397147890634781,0.977384381116825,0.993092344384774,0.418879020478639,0.408407044966673,0.0227272727272727,0.0157079632679489,-0.0104719755119659,16
0.539444431444188,0.697959535456039,0.47101188121941,0.561936259069043,0.691462411769234,0.453990499739547,0.912807198793034,0.888372589265114,0.490437519810407,0.471238898038469,0.0229396771452846,-0.0244346095279209,-0.0191986217719377,6
0.887402761142162,0.132623231252677,0.441505852791745,0.881606471567312,0.0724812458716312,0.466386640339891,0.148352986419518,0.0820304748437335,0.457276264022514,0.485201532054424,0.0233644859813084,-0.0663225115757844,0.0279252680319093,72
-0.710759997319934,-0.624417914859601,0.323917418198149,-0.696716920922707,-0.618574228092191,0.363251230472978,3.86241363466345,3.86764962241943,0.329867228626928,0.371755130674792,0.0235768903993203,0.00523598775598222,0.0418879020478639,26
-0.681649045455851,-0.559912838376902,-0.47101188121941,-0.682353518500619,-0.576633430588821,-0.449318998615897,3.82925237887556,3.84321501289151,-0.490437519810407,-0.466002910282486,0.0237892948173322,0.0139626340159542,0.0244346095279207,19
-0.597595445992699,-0.732724409128117,-0.325568154457157,-0.522337969138962,-0.792167110823311,-0.315649036947102,4.02821991360291,4.12944901021858,-0.331612557878923,-0.321140582366957,0.024214103653356,0.10122909661567,0.010471975511966,233
-0.83666064337172,0.138508271331924,-0.529919264233205,-0.817769569706611,0.19030094004668,-0.543174449950671,2.97753170390233,2.91295452157854,-0.558505360638185,-0.574213323906134,0.0244265080713679,-0.0645771823237902,-0.0157079632679489,60
0.540962863282871,0.784170312121719,0.30403306092549,0.567401309126374,0.758460984276308,0.320612990585676,0.966912405604858,0.928515162060983,0.308923277602996,0.32637657012294,0.0246389124893798,-0.0383972435438751,0.0174532925199433,28
0.91989848612441,-0.121106933225143,0.372987782575809,0.938270506882437,-0.0393251857197992,0.343659694585616,6.15228561328001,6.24129740513172,0.382227106186758,0.35081117965086,0.0250637213254036,0.0890117918517115,-0.0314159265358979,40
-0.496274454802699,-0.822683565275292,-0.277314653302378,-0.4991431328803,-0.820946232077486,-0.277314653302378,4.16959158301445,4.16610092451046,-0.280998009571087,-0.280998009571087,0.0252761257434155,-0.00349065850398933,0,18
-0.16590745398389,-0.853519858672233,0.493941866584231,-0.168002999274882,-0.864300504614652,0.474088209047116,4.52040276266531,4.52040276266531,0.516617458590322,0.493928178314395,0.0254885301614274,0,-0.0226892802759263,6
-0.919957526139928,-0.353138608045272,0.170209499166033,-0.920086006586358,-0.34583759352003,0.18395135061272,3.5081117965086,3.50113047950062,0.171042266695444,0.185004900711399,0.0259133389974511,-0.00698131700797777,0.0139626340159546,148
-0.351245106937652,0.763661633031691,0.54170821028274,-0.3349560726508,0.82904537188995,0.44775908783877,2.0018926520375,1.95476876223365,0.57246799465414,0.464257581030492,0.0259133389974511,-0.0471238898038471,-0.108210413623648,10
-0.857081820663744,-0.490855386886299,0.156434465040231,-0.843704446173366,-0.512980343940799,0.158158067254484,3.6617007706841,3.68788070946402,0.15707963267949,0.158824961931484,0.026125743415463,0.0261799387799146,0.00174532925199433,23
0.327150176192056,0.856721624711759,0.398749068925246,0.363426416630781,0.847937359828243,0.385906042324319,1.20602251312808,1.16587994033221,0.410152374218667,0.396189740202713,0.0263381478334749,-0.0401425727958693,-0.0139626340159547,9
0.506800882871172,0.751363207752596,0.422618261740699,0.502689505593677,0.771124144477063,0.390731128489274,0.977384381116825,0.993092344384774,0.436332312998582,0.401425727958696,0.0265505522514868,0.0157079632679489,-0.0349065850398866,45
-0.369914285625847,0.807962875051359,0.458649554484315,-0.262492731150349,0.832520581774571,0.487859659138733,2.0001473227855,1.8762289458939,0.476474885794452,0.509636141582344,0.0271877655055225,-0.123918376891598,0.0331612557878922,36
0.909520875417871,-0.262519711367937,0.322265695230511,0.902453608815579,-0.255368630812749,0.346935651573256,6.0021872976085,6.00742328536448,0.328121899374934,0.354301838154849,0.0278249787595582,0.00523598775598355,0.0261799387799149,4
0.635428702174805,-0.588413429870906,0.5,0.655766717781537,-0.519754295921138,0.54756322349255,5.53618438732601,5.61297887441376,0.523598775598299,0.579449311662117,0.028249787595582,0.0767944870877519,0.0558505360638186,14
0.103630490398672,-0.938673239270541,0.328866646738583,0.138124217085565,-0.935375367142978,0.325568154457157,4.82234472326033,4.85899663755221,0.335103216382911,0.331612557878923,0.0284621920135939,0.0366519142918804,-0.00349065850398861,1
-0.915132175810693,-0.360480150624127,0.18051914525056,-0.935447935555882,-0.320275414175692,0.14953534344371,3.51683844276857,3.47145988221672,0.18151424220741,0.150098315671512,0.0286745964316058,-0.0453785605518529,-0.0314159265358979,3
-0.411807959001886,0.764810377007194,-0.495458668432408,-0.49061968913732,0.730119122045899,-0.475624209070275,2.06472450510929,2.16246294322097,-0.518362787842316,-0.49567350756639,0.0288870008496177,0.0977384381116826,0.0226892802759264,6
-0.295561301941526,0.873198251859973,0.387515586452103,-0.376585493588245,0.845824867118069,0.377840786818467,1.89717289691784,1.98967534727354,0.397935069454707,0.387463093942741,0.0290994052676296,0.092502450355699,-0.010471975511966,35
-0.630089717171781,0.761647630189003,0.151260820247219,-0.63688134910973,0.756320916157515,0.14953534344371,2.26194671058465,2.27067335684462,0.151843644923507,0.150098315671512,0.0293118096856415,0.00872664625997155,-0.00174532925199433,39
-0.527066384404945,-0.69690668254698,0.486335380423491,-0.516681818078163,-0.698255402229464,0.495458668432408,4.06487182789479,4.07534380340676,0.50789081233035,0.518362787842316,0.030161427357689,0.0104719755119662,0.010471975511966,16
-0.656231093609601,-0.703721691332214,0.272280247040574,-0.703376064157513,-0.626685213422477,0.335451569750255,3.96189740202713,3.86939495167143,0.275762021815104,0.342084533390889,0.030161427357689,-0.0925024503556995,0.0663225115757845,13
-0.597569189360849,-0.654421765965064,0.463296035119862,-0.593720235599492,-0.647931940366576,0.477158760259608,3.97236937753909,3.9706240482871,0.481710873550435,0.497418836818384,0.0303738317757009,-0.00174532925199467,0.0157079632679489,32
-0.802772330215271,-0.312987852741784,0.507538362960704,-0.830112475757448,-0.194701123421549,0.522498564715949,3.51334778426459,3.37197611485304,0.53232542185827,0.549778714378214,0.0305862361937128,-0.141371669411541,0.0174532925199433,3
-0.801452866999419,0.436966288291371,-0.408330460381385,-0.795397898257004,0.459223190671544,-0.395545502562965,2.64242848751941,2.61799387799149,-0.420624349730633,-0.406661715714679,0.0312234494477485,-0.0244346095279204,0.0139626340159546,2
-0.627527076439012,0.65896834736667,-0.414693242656239,-0.691575439092761,0.599061437446541,-0.40354529635239,2.33175988066442,2.42775298952411,-0.427605666738611,-0.41538836197465,0.0314358538657604,0.0959931088596879,0.0122173047639603,6
0.790034799589215,-0.208736197898581,0.576432316169793,0.74053906582861,-0.354806870906692,0.570713567684432,6.02487657788443,5.83638101866904,0.614355896702004,0.607374579694027,0.0316482582837723,-0.188495559215387,-0.00698131700797733,2
-0.855863738992698,-0.120283804269544,0.503019946630235,-0.846632292285686,-0.10845609797716,0.521009631840576,3.28121899374934,3.26900168898538,0.527089434102287,0.548033385126219,0.0320730671197961,-0.01221730476396,0.020943951023932,12
-0.797180587396685,0.46025242672622,0.390731128489274,-0.86507428443409,0.344254868756109,0.36487678433762,2.61799387799149,2.76285620590702,0.401425727958696,0.373500459926786,0.032285471537808,0.144862327915529,-0.0279252680319093,9
-0.589571938268554,0.725468107400681,0.355106962408137,-0.68347409193448,0.650863581608118,0.330514392713223,2.25322006432468,2.38062909972027,0.363028484414821,0.336848545634906,0.0324978759558199,0.127409035395586,-0.0261799387799149,24
0.227884307869636,0.850475815217149,0.474088209047116,0.248361259572918,0.843859168635163,0.475624209070275,1.30899693899575,1.28456232946783,0.493928178314395,0.49567350756639,0.0327102803738318,-0.0244346095279209,0.00174532925199428,10
-0.572157457316166,0.727082434826339,0.379456159529005,-0.548198641872564,0.751767982730484,0.366501226724297,2.23751210105673,2.20086018676485,0.389208423194735,0.375245789178781,0.0329226847918437,-0.0366519142918809,-0.0139626340159546,44
0.928566569075799,-0.0324262591164389,0.369746757273829,0.933438237676348,-0.0162932250451217,0.3583679495453,6.2482787221397,6.26573201465964,0.378736447682769,0.366519142918809,0.0331350892098556,0.0174532925199431,-0.0122173047639603,2
0.874595215801561,-0.152641300380719,0.460199784783852,0.879464597862118,-0.161411958556409,0.44775908783877,6.11039771123215,6.10167106497218,0.478220215046446,0.464257581030492,0.0333474936278675,-0.0087266462599711,-0.0139626340159545,30
-0.596822360749267,-0.660516394348603,0.455544907233516,-0.652700502067414,-0.606526735393571,0.453990499739547,3.97760536529508,3.89033890269536,0.472984227290463,0.471238898038469,0.0335598980458794,-0.0872664625997168,-0.00174532925199433,9
-0.790760170672176,0.529367794612758,0.307356617799807,-0.805210116359541,0.514953352886973,0.294040325232304,2.55167136641571,2.57261531743964,0.312413936106985,0.29845130209103,0.0337723024638912,0.020943951023932,-0.0139626340159546,235
-0.659387896158509,0.668659567131868,0.343659694585616,-0.638680330865873,0.673028639074326,0.372987782575809,2.34921317318437,2.33001455141243,0.35081117965086,0.382227106186758,0.034197111299915,-0.0191986217719373,0.0314159265358979,15
-0.543352663310256,0.767404485959271,0.34037955021305,-0.608149967461886,0.745665531017514,0.272280247040574,2.18689755274889,2.25496539357667,0.347320521146872,0.275762021815104,0.0344095157179269,0.0680678408277791,-0.0715584993317674,10
0.272821273858761,0.886819410353238,0.372987782575809,0.288079822214902,0.89191229605747,0.348572047321815,1.27234502470387,1.25838239068791,0.382227106186758,0.356047167406843,0.0346219201359388,-0.0139626340159547,-0.0261799387799149,8
0.505216442375867,0.793030962920007,0.34037955021305,0.495024485121076,0.801512946547156,0.335451569750255,1.00356431989674,1.01752695391269,0.347320521146872,0.342084533390889,0.0348343245539507,0.0139626340159547,-0.00523598775598294,17
0.837252483029488,-0.324748836006296,0.439939169855915,0.732049878212048,-0.524096237297007,0.435231099372328,5.91317550575679,5.6618480934696,0.45553093477052,0.450294947014537,0.0350467289719626,-0.251327412287184,-0.005235987755983,174
0.429560603647943,0.821673650522481,0.374606593415912,0.430076378218746,0.81917478714481,0.379456159529005,1.08908545324446,1.08734012399247,0.383972435438752,0.389208423194735,0.0354715378079864,-0.00174532925199422,0.005235987755983,42
0.355227630099104,-0.809231128751384,-0.467929814260573,0.378032635560877,-0.799734223453871,-0.466386640339891,5.12603201310735,5.15395728113926,-0.486946861306418,-0.485201532054424,0.0356839422259983,0.0279252680319093,0.00174532925199439,12
0.866527586082123,-0.118699514216747,0.484809620246337,0.853060332481833,-0.189118922623634,0.486335380423491,6.14704962552403,6.0650191506803,0.506145483078356,0.50789081233035,0.0361087510620221,-0.0820304748437328,0.00174532925199433,12
0.370078868427353,-0.876099382679273,0.309016994374947,0.340869524504073,-0.869796509021391,0.356737999319625,5.11206937909139,5.08588944031148,0.314159265358979,0.364773813666815,0.0361087510620221,-0.0261799387799151,0.0506145483078356,7
0.544463569185982,-0.684484516951161,0.484809620246337,0.535824510179088,-0.673623731278967,0.509041415750371,5.38434074240251,5.38434074240251,0.506145483078356,0.534070751110265,0.0365335598980459,0,0.0279252680319093,20
-0.792024059028727,0.504574973851241,0.343659694585616,-0.658100865945112,0.660402090059712,0.361624570082092,2.57436064669164,2.35444916094035,0.35081117965086,0.370009801422798,0.0367459643160578,-0.219911485751285,0.0191986217719375,4
-0.790330639710136,0.523108438994694,0.31895930929807,-0.806442788847176,0.50001571354384,0.315649036947102,2.55690735417169,2.5865779514556,0.324631240870945,0.321140582366957,0.0369583687340697,0.0296705972839035,-0.00349065850398872,19
0.462441415409058,0.824060910310742,0.327217898979104,0.46272019870087,0.824557696293951,0.325568154457157,1.05941485596056,1.05941485596056,0.333357887130917,0.331612557878923,0.0373831775700935,0,-0.00174532925199433,140
0.746921337522473,0.494376448655099,0.444635179184927,0.778232233081938,0.44030261258604,0.44775908783877,0.5846852994181,0.514872129338327,0.460766922526503,0.464257581030492,0.0373831775700935,-0.0698131700797733,0.00349065850398872,38
-0.248595258706937,0.844654229487385,0.474088209047116,-0.211589657479989,0.848639763954119,0.484809620246337,1.85703032412197,1.8151424220741,0.493928178314395,0.506145483078356,0.0378079864061172,-0.041887902047864,0.0122173047639603,39
0.742711758579808,-0.480481784649281,0.466386640339891,0.753047083988646,-0.468730527565381,0.461748613235034,5.70897198327345,5.7264252757934,0.485201532054424,0.479965544298441,0.0380203908241291,0.0174532925199431,-0.00523598775598294,2
0.398313050639957,-0.835080676752486,0.379456159529005,0.366766810404187,-0.859872753397388,0.355106962408137,5.15744793964324,5.11556003759538,0.389208423194735,0.363028484414821,0.038232795242141,-0.0418879020478631,-0.0261799387799149,14
0.815969233527042,-0.326364408973781,0.477158760259608,0.799153941200776,-0.357478833357489,0.483282383255002,5.90270353024482,5.86256095744895,0.497418836818384,0.504400153826361,0.0386576040781648,-0.0401425727958697,0.00698131700797727,105
0.83515162572023,-0.378841579143718,-0.398749068925246,0.834318583362295,-0.387277792277761,-0.392337116603562,5.85732496969297,5.848598323433,-0.410152374218667,-0.40317105721069,0.0386576040781648,-0.00872664625997199,0.00698131700797727,9
0.920914263671923,-0.0547123885713461,0.385906042324319,0.927497138326522,-0.0551034833889927,0.369746757273829,6.22384411261178,6.22384411261178,0.396189740202713,0.378736447682769,0.0388700084961767,0,-0.0174532925199433,53
-0.363031069195714,-0.880779393868234,0.30403306092549,-0.302950047435287,-0.905422251232086,0.297374874077786,4.32143522793796,4.38950306876574,0.308923277602996,0.301941960595019,0.0390824129141886,0.0680678408277791,-0.00698131700797727,15
0.634457477673104,-0.634457477673104,0.441505852791745,0.637632032630553,-0.620070057366161,0.457097927058694,5.49778714378214,5.51174977779809,0.457276264022514,0.474729556542458,0.0399320305862362,0.0139626340159547,0.0174532925199433,19
-0.393961574047143,-0.763286566572107,0.512042864870571,-0.406372910443616,-0.754716396436788,0.515038074910054,4.23591409459024,4.21846080207029,0.537561409614253,0.541052068118242,0.0399320305862362,-0.0174532925199431,0.00349065850398866,4
-0.183745838996683,0.849858164099569,0.493941866584231,-0.150226872155627,0.860761165847226,0.486335380423491,1.7837264955382,1.74358392274234,0.516617458590322,0.50789081233035,0.04035683942226,-0.0401425727958697,-0.00872664625997166,21
-0.867182405545859,-0.322502245739772,0.379456159529005,-0.864484313710706,-0.342273552964344,0.368124552684678,3.49763982099664,3.51858377202057,0.389208423194735,0.376991118430775,0.0412064570943076,0.0209439510239315,-0.0122173047639603,17
-0.910670804013409,0.147496485433221,0.385906042324319,-0.896960413419383,0.184119530739842,0.40194777665596,2.98102236240632,2.93913446035845,0.396189740202713,0.413643032722656,0.0412064570943076,-0.041887902047864,0.0174532925199433,110
5.58512490354143e-17,0.912120116172273,0.409923033841573,0.103814147638632,0.911165079873737,0.398749068925246,1.5707963267949,1.45734992541527,0.422369678982628,0.410152374218667,0.0412064570943076,-0.113446401379631,-0.0122173047639603,6
0.390632869909715,0.849296771567728,-0.355106962408137,0.448539560085543,0.815890430934023,-0.36487678433762,1.1397000015523,1.06814150222053,-0.363028484414821,-0.373500459926786,0.0418436703483432,-0.0715584993317675,-0.0104719755119659,17
-0.529068570107988,0.79031319444342,0.309016994374947,-0.482970431986324,0.810190437053339,0.332161131883703,2.16071761396898,2.10835773640915,0.314159265358979,0.3385938748869,0.0424808836023789,-0.0523598775598297,0.0244346095279206,189
0.974481832168408,0.0886847940664854,0.20620418539663,0.967654358960082,0.142890763896251,0.207911690817759,0.0907571211037051,0.146607657167524,0.207694180987325,0.20943951023932,0.0424808836023789,0.0558505360638186,0.00174532925199433,4
0.97303143222997,0.116026973668682,0.199367934417197,0.964913013003708,0.151101345469061,0.214735327167063,0.118682389135614,0.155334303427495,0.200712863979348,0.216420827247297,0.0426932880203908,0.0366519142918809,0.015707963267949,31
0.744656295186047,-0.529199683691535,0.4067366430758,0.767173352296268,-0.513577795965036,0.384295322659804,5.66533875197359,5.6932640200055,0.418879020478639,0.394444410950718,0.0429056924384027,0.0279252680319093,-0.0244346095279206,83
0.561939798354693,-0.823772938101629,0.0749787268263277,0.574655367713601,-0.814625913321884,0.0784590957278449,5.31103691381874,5.32674487708669,0.0750491578357562,0.0785398163397448,0.0433305012744265,0.0157079632679489,0.00349065850398866,34
0.00615835726749385,-0.882105369208191,0.47101188121941,-0.0201239106549855,-0.886782524859096,0.461748613235034,4.71937029739267,4.68969970010876,0.490437519810407,0.479965544298441,0.0435429056924384,-0.0296705972839035,-0.010471975511966,12
-0.319062525319906,-0.789707461837103,0.523985905970079,-0.38452095349772,-0.757932204035208,0.526955795496678,4.32841654494594,4.24289541159821,0.551524043630208,0.555014702134197,0.0441801189464741,-0.0855211333477222,0.00349065850398855,5
-0.584878994540691,-0.75131015051614,0.305695304963106,-0.609183579880575,-0.720871418640867,0.330514392713223,4.05090919387884,4.01076662108297,0.310668606854991,0.336848545634906,0.0441801189464741,-0.0401425727958689,0.026179938779915,11
-0.725394178319911,-0.591617055625887,-0.351841648404702,-0.787335360705392,-0.507403015259365,-0.350207381259467,3.82576172037157,3.71406064824393,-0.359537825910832,-0.357792496658838,0.0441801189464741,-0.111701072127636,0.00174532925199433,6
-0.209158929812975,-0.826588042466902,0.522498564715949,-0.231158220838116,-0.816895833833684,0.528438334722347,4.4645522266015,4.43662695856959,0.549778714378214,0.556760031386191,0.0446049277824979,-0.0279252680319093,0.00698131700797733,28
-0.526393996063409,-0.819942915121522,0.224951054343865,-0.539979611191118,-0.803574435299921,0.250380004054441,4.14166631498254,4.12072236395861,0.226892802759263,0.253072741539178,0.0446049277824979,-0.0209439510239324,0.026179938779915,24
-0.926071444923081,-0.0291029676033031,0.376224263139366,-0.926515930246613,0.00485127040001987,0.376224263139366,3.17300858012569,3.13635666583381,0.385717764690747,0.385717764690747,0.0450297366185217,-0.0366519142918809,0,51
0.177235753009415,-0.92037221583502,0.348572047321815,0.181575258758551,-0.917022066613465,0.355106962408137,4.90262986885207,4.90786585660805,0.356047167406843,0.363028484414821,0.0454545454545455,0.00523598775598355,0.00698131700797733,27
-0.463167484843594,0.812019043023576,0.355106962408137,-0.390101735707392,0.840402248701966,0.376224263139366,2.08915911463721,2.00538331054148,0.363028484414821,0.385717764690747,0.0456669498725574,-0.0837758040957279,0.0226892802759263,65
-0.804475650621351,0.420569706575402,0.419452082446177,-0.833580474624852,0.353833918762299,0.42419942274539,2.65988178003936,2.7401669256311,0.432841654494594,0.438077642250577,0.0460917587085811,0.080285145591739,0.005235987755983,4
0.537147770905525,0.787429184993032,0.302369890750444,0.584426001142467,0.737362102753132,0.338737920245291,0.972148393360842,0.900589894029074,0.307177948351002,0.345575191894877,0.0465165675446049,-0.0715584993317675,0.0383972435438752,149
0.639134242412474,0.643611889291837,-0.421035813367491,0.620410372696573,0.660669943537444,-0.422618261740699,0.788888821901437,0.816814089933346,-0.434586983746588,-0.436332312998582,0.0465165675446049,0.0279252680319093,-0.00174532925199433,15
0.895577960056522,-0.206760463650171,0.393941909590951,0.885068795558025,-0.250449224523994,0.392337116603562,6.05629250442032,6.00742328536448,0.404916386462684,0.40317105721069,0.0467289719626168,-0.0488692190558409,-0.00174532925199428,51
0.800209351119586,-0.398969665060596,0.44775908783877,0.784468424203201,-0.424160494669305,0.452434709311783,5.82067305540109,5.7875117996132,0.464257581030492,0.469493568786475,0.0473661852166525,-0.033161255787892,0.00523598775598294,26
0.715701567406101,-0.573385076927974,-0.398749068925246,0.678845721925579,-0.615539712735172,-0.400349032556895,5.60774288665778,5.54665636283798,-0.410152374218667,-0.411897703470662,0.0475785896346644,-0.0610865238198022,-0.00174532925199433,44
0.901926780118988,-0.0504255355610701,0.428935133403146,0.891976122058462,-0.0623730465452841,0.44775908783877,6.22733477111577,6.21337213709981,0.44331363000656,0.464257581030492,0.0477909940526763,-0.0139626340159547,0.020943951023932,57
0.874257790454193,-0.316476902065313,0.368124552684678,0.896922197624327,-0.265680458867372,0.353474843779257,5.93586478603271,5.99520598060052,0.376991118430775,0.361283155162826,0.0482158028887001,0.0593411945678071,-0.015707963267949,66
-0.394275232737548,-0.889732633586875,0.230049737188104,-0.390586630079127,-0.877271934553043,0.278991106039229,4.29525528915804,4.29350995990605,0.232128790515246,0.282743338823081,0.0482158028887001,-0.00174532925199333,0.0506145483078355,6
0.0976403328684219,-0.898794538255812,-0.427357863387192,0.0974786291795218,-0.89730603050364,-0.430511096808295,4.82059939400834,4.82059939400834,-0.441568300754565,-0.445058959258554,0.0486406117247239,0,-0.00349065850398855,37
-0.466531268027815,-0.704851858658209,0.534352349389826,-0.463591927283394,-0.687303296707956,0.559192903470747,4.12770368096659,4.11897703470662,0.563741348394168,0.593411945678072,0.0486406117247239,-0.00872664625997199,0.0296705972839035,24
-0.166497637682383,-0.934712401887203,0.313992455967405,-0.0848727899474435,-0.950980963949205,0.297374874077786,4.53611072593326,4.62337718853298,0.319395253114962,0.301941960595019,0.0490654205607477,0.0872664625997164,-0.0174532925199433,13
-0.695060977754185,-0.47770217507747,0.537299608346824,-0.746971885655939,-0.318610509381982,0.583541211356118,3.74373124552784,3.54476371080048,0.567232006898157,0.623082542961976,0.0490654205607477,-0.198967534727353,0.0558505360638186,4
0.016412437443157,-0.783521580399993,0.62114778027831,0.0397041438880003,-0.783771352312139,0.61977903179514,4.73333293140862,4.76300352869252,0.670206432765822,0.668461103513828,0.0492778249787596,0.0296705972839035,-0.00174532925199433,9
-0.778558039008045,0.484609698548427,0.398749068925246,-0.780730704077938,0.478432390784004,0.40194777665596,2.5848326222036,2.59181393921158,0.410152374218667,0.413643032722656,0.0499150382327952,0.00698131700797733,0.00349065850398861,2
-0.846145851618891,0.383828781194987,0.369746757273829,-0.854632294690161,0.405809249599457,0.323917418198149,2.71573231610318,2.69827902358323,0.378736447682769,0.329867228626928,0.0501274426508071,-0.0174532925199435,-0.0488692190558412,2
-0.912744123063832,-0.0382553132501247,0.4067366430758,-0.915106886289171,-0.0479587197170337,0.400349032556895,3.18348055563766,3.19395253114962,0.418879020478639,0.411897703470662,0.0505522514868309,0.0104719755119658,-0.00698131700797727,21
-0.800709477450016,0.293018058473357,0.522498564715949,-0.855343812776242,0.205349881158175,0.475624209070275,2.79078147393893,2.90597320457056,0.549778714378214,0.49567350756639,0.0505522514868309,0.115191730631626,-0.0541052068118242,15
-0.527988994748772,0.785730515572468,0.322265695230511,-0.538321049361404,0.771665127631365,0.338737920245291,2.16246294322097,2.17991623574092,0.328121899374934,0.345575191894877,0.0507646559048428,0.0174532925199431,0.0174532925199433,20
-0.266280704490638,0.805158468756622,-0.529919264233205,-0.187472824651422,0.825164719567074,-0.53287627607073,1.89019157990986,1.79419847105017,-0.558505360638185,-0.561996019142174,0.0509770603228547,-0.0959931088596884,-0.00349065850398866,41
-0.833156576862149,0.38320920978311,0.398749068925246,-0.814782841196628,0.411576428888095,0.408330460381385,2.71049632834719,2.67384441405531,0.410152374218667,0.420624349730633,0.0511894647408666,-0.0366519142918813,0.0104719755119659,7
-0.843591796997747,0.396964167590796,0.361624570082092,-0.833233842184784,0.415435068921029,0.36487678433762,2.70176968208722,2.6790804018113,0.370009801422798,0.373500459926786,0.0518266779949023,-0.0226892802759266,0.00349065850398866,20
0.903933258189846,0.286744520020761,-0.317304656405092,0.899850970369724,0.276830305193166,-0.337095258423082,0.307177948351002,0.29845130209103,-0.322885911618951,-0.343829862642883,0.0518266779949023,-0.00872664625997155,-0.0209439510239319,34
0.892644030308128,0.0639855197000486,0.446197813109809,0.896655765371102,0.0328788743328657,0.441505852791745,0.0715584993317675,0.0366519142918809,0.462512251778497,0.457276264022514,0.0518266779949023,-0.0349065850398866,-0.005235987755983,6
0.900276131410269,0.178259474298856,0.397147890634781,0.909835075086176,0.225161417584832,0.348572047321815,0.195476876223365,0.242600766027212,0.408407044966673,0.356047167406843,0.0520390824129142,0.0471238898038471,-0.0523598775598299,4
0.862689861968593,-0.0937181098677888,0.496973961027555,0.853245662213788,-0.162765315066017,0.495458668432408,6.17497489355594,6.0946897479642,0.52010811709431,0.518362787842316,0.0522514868309261,-0.0802851455917395,-0.00174532925199433,8
-0.197779858080466,0.775921295080312,0.599023598515586,-0.208813305544607,0.784778094799141,0.583541211356118,1.82037840983009,1.83085038534205,0.642281164733913,0.623082542961976,0.0533135089209856,0.0104719755119662,-0.0191986217719374,29
0.579741910791377,0.718482026117398,0.384295322659804,0.536637715881257,0.749567630137821,0.387515586452103,0.891863247769102,0.949459113084915,0.394444410950718,0.397935069454707,0.0533135089209856,0.0575958653158128,0.00349065850398866,3
0.909181884258137,-0.235130422646976,0.343659694585616,0.898538137114637,-0.272996759079442,0.343659694585616,6.03011256564041,5.98822466359255,0.35081117965086,0.35081117965086,0.0533135089209856,-0.041887902047864,0,4
0.691542281114724,-0.607534738644749,-0.390731128489274,0.618041595862181,-0.68400018716431,-0.387515586452103,5.56236432610593,5.4471725954743,-0.401425727958696,-0.397935069454707,0.0533135089209856,-0.115191730631625,0.00349065850398861,83
0.498351136973694,-0.668589342213637,0.551936985312058,0.465763646955137,-0.690523003527834,0.553391549243344,5.35292481586661,5.30580092606276,0.5846852994181,0.586430628670095,0.0537383177570093,-0.0471238898038457,0.00174532925199433,4
0.637537342443393,-0.653308787722117,0.408330460381385,0.625876836048534,-0.659536570701677,0.416280792260401,5.48556983901818,5.47160720500222,0.420624349730633,0.429350995990605,0.054375531011045,-0.0139626340159547,0.00872664625997172,20
-0.18695752291281,-0.910786033235585,0.368124552684678,-0.20785831890398,-0.90755707892884,0.36487678433762,4.50993078715335,4.48724150687742,0.376991118430775,0.373500459926786,0.054375531011045,-0.0226892802759258,-0.00349065850398872,84
0.902075132275595,-0.41872933512816,-0.104528463267653,0.911091897587212,-0.38861362677546,-0.137444546037147,5.848598323433,5.8800142499689,-0.10471975511966,-0.137881010907552,0.0550127442650807,0.0314159265358969,-0.0331612557878923,15
0.0279085921019104,-0.799197512199897,0.600420225325884,0.00141200030877615,-0.809015762171913,0.587785252292473,4.74729556542458,4.71413430963668,0.644026493985907,0.628318530717959,0.0550127442650807,-0.033161255787892,-0.0157079632679489,1
0.415447834301501,-0.702483923599711,0.577857624383505,0.41429245928181,-0.70897657355031,0.570713567684432,5.24645973149496,5.24122374373897,0.616101225953998,0.607374579694027,0.0554375531011045,-0.00523598775598355,-0.00872664625997166,58
-0.733159342014825,-0.384917259929333,0.560638994563242,-0.772787765275389,-0.302852213546317,0.55774510897969,3.62504885639222,3.51509311351658,0.595157274930066,0.591666616426078,0.0554375531011045,-0.109955742875643,-0.00349065850398866,38
-0.91479108544492,-0.0399406413548263,0.40194777665596,-0.907711261498454,0.0380443738522554,0.417867073801077,3.18522588488965,3.09970475154193,0.413643032722656,0.431096325242599,0.0556499575191164,-0.0855211333477222,0.0174532925199433,111
-0.859770089538756,0.284341771248961,0.42419942274539,-0.866729450381719,0.243626661061875,0.435231099372328,2.82219740047483,2.86757596102668,0.438077642250577,0.450294947014537,0.056499575191164,0.0453785605518529,0.0122173047639603,20
-0.831035132078747,0.357900271200238,0.425779291565073,-0.83586593534698,0.344519077450948,0.427357863387192,2.73493093787511,2.75063890114306,0.439822971502571,0.441568300754565,0.056499575191164,0.0157079632679489,0.00174532925199444,2
-0.55996036910796,0.770719328220562,0.30403306092549,-0.539757926103708,0.791255529421392,0.287360519849712,2.19911485751286,2.16944426022895,0.308923277602996,0.291469985083053,0.0571367884451997,-0.0296705972839035,-0.0174532925199433,13
-0.940164996601181,-0.100474653367219,0.325568154457157,-0.940551671478498,-0.102176609196276,0.323917418198149,3.24805773796145,3.24980306721344,0.331612557878923,0.329867228626928,0.0575615972812234,0.00174532925199378,-0.00174532925199439,13
-0.630791512773336,0.698110799802596,0.338737920245291,-0.610842756552109,0.705176165870058,0.359996808120051,2.30557994188451,2.28463599086058,0.345575191894877,0.368264472170804,0.0575615972812234,-0.0209439510239315,0.0226892802759263,6
-0.825082522142473,-0.39708540201869,0.40194777665596,-0.820632671845401,-0.393181297107495,0.414693242656239,3.59014227135234,3.58839694210034,0.413643032722656,0.427605666738611,0.0579864061172472,-0.00174532925199378,0.0139626340159546,10
0.548503501688377,0.733199763691259,-0.40194777665596,0.625317847351934,0.687215341264025,-0.369746757273829,0.928515162060983,0.832522053201295,-0.413643032722656,-0.378736447682769,0.058411214953271,-0.0959931088596884,0.0349065850398866,4
0.83938655534371,0.138959543132545,0.525471651072268,0.843354082166689,0.15326341209084,0.515038074910054,0.164060949687467,0.179768912955416,0.553269372882202,0.541052068118242,0.0594732370433305,0.0157079632679489,-0.0122173047639603,18
0.828660470179727,0.0739559767119268,0.554844427447999,0.810568827415872,-0.0495765132970604,0.583541211356118,0.0890117918517108,6.22209878335978,0.588175957922089,0.623082542961976,0.0594732370433305,-0.150098315671512,0.0349065850398866,15
0.869397868971265,-0.0562214382134422,0.490903753615141,0.858731834868661,-0.0706006083987325,0.507538362960704,6.2186081248558,6.20115483233585,0.513126800086333,0.53232542185827,0.0594732370433305,-0.0174532925199431,0.0191986217719377,2
0.897985154890255,-0.159955518575775,0.409923033841573,0.898944688243846,-0.166609549965391,0.405141586779863,6.10690705272816,6.09992573572018,0.422369678982628,0.417133691226645,0.0594732370433305,-0.00698131700797688,-0.00523598775598305,7
0.826519707751207,-0.27815461279502,-0.489382451748846,0.827563321714681,-0.288188039380647,-0.481753674101715,5.95855406630864,5.94808209079667,-0.511381470834338,-0.502654824574367,0.0598980458793543,-0.0104719755119662,0.00872664625997155,4
0.644426888201369,-0.59258090063591,0.483282383255002,0.673136076709242,-0.568844088353005,0.472550764869054,5.53967504583,5.58156294787787,0.504400153826361,0.492182849062401,0.0601104502973662,0.0418879020478649,-0.0122173047639602,20
0.920069072771652,-0.150667088782038,0.361624570082092,0.909849831304258,-0.181805936439915,0.372987782575809,6.12086968674411,6.08596310170423,0.370009801422798,0.382227106186758,0.0607476635514019,-0.0349065850398862,0.0122173047639603,67
-0.209518676206539,-0.914806579605234,0.345298198998535,-0.158227407888498,-0.925668462091157,0.343659694585616,4.48724150687742,4.54309204294124,0.352556508902855,0.35081117965086,0.0607476635514019,0.0558505360638177,-0.00174532925199428,2
-0.277081152638471,-0.929450246589366,0.243615011786023,-0.269077222933007,-0.93223990717418,0.241921895599668,4.42266432455363,4.4313909708136,0.2460914245312,0.244346095279206,0.0607476635514019,0.0087266462599711,-0.00174532925199433,4
0.83199659398608,0.0392359633705247,0.553391549243344,0.8359618916918,0.0878631353375149,0.54170821028274,0.0471238898038469,0.10471975511966,0.586430628670095,0.57246799465414,0.0611724723874257,0.0575958653158128,-0.0139626340159548,59
-0.624938759618001,-0.40429101471604,0.667832555471047,-0.65375809626391,-0.33310638785949,0.679441304261516,3.71580597749593,3.61283155162826,0.731292956585624,0.747000919853573,0.0613848768054376,-0.102974425867666,0.0157079632679489,8
-0.875842096528803,-0.249490184190424,0.413104429824542,-0.855327790372785,-0.324908548376109,0.40354529635239,3.41910000465689,3.50462113800461,0.425860337486616,0.41538836197465,0.0620220900594732,0.0855211333477222,-0.0104719755119659,31
-0.808392006278907,-0.112173660572418,0.577857624383505,-0.819107129662661,-0.00857798336617583,0.573576436351046,3.27947366449735,3.15206462910176,0.616101225953998,0.610865238198015,0.0620220900594732,-0.127409035395586,-0.005235987755983,53
-0.921282574001656,-0.0984567045260273,0.376224263139366,-0.920730856176106,-0.0289351328405125,0.389123950140206,3.24805773796145,3.17300858012569,0.385717764690747,0.399680398706701,0.0620220900594732,-0.0750491578357564,0.0139626340159545,67
-0.41036668993658,-0.904648346722125,0.114937150492867,-0.450197677544478,-0.88738809911133,0.099319749743639,4.28652864289807,4.24289541159821,0.115191730631626,0.0994837673636768,0.062446898895497,-0.0436332312998582,-0.015707963267949,53
-0.0591522768869758,-0.940198517596777,0.335451569750255,-0.0559734118159431,-0.942139699502729,0.330514392713223,4.64955712731289,4.65304778581688,0.342084533390889,0.336848545634906,0.0632965165675446,0.00349065850398844,-0.005235987755983,20
-0.895699482044227,0.00468991437999095,0.444635179184927,-0.883602762795761,0.016966039778453,0.467929814260573,3.13635666583381,3.12239403181786,0.460766922526503,0.486946861306418,0.0632965165675446,-0.0139626340159542,0.026179938779915,2
-0.834658246960385,0.347434695132987,0.427357863387192,-0.847024598739046,0.342220151818075,0.4067366430758,2.74714824263907,2.75762021815104,0.441568300754565,0.418879020478639,0.0632965165675446,0.0104719755119658,-0.0226892802759264,4
-0.592492356541254,0.723884205004793,-0.353474843779257,-0.550928601459395,0.739127422269447,-0.387515586452103,2.25671072282867,2.21133216227682,-0.361283155162826,-0.397935069454707,0.0639337298215803,-0.0453785605518524,-0.036651914291881,2
-0.432793890129342,0.82435088458626,0.36487678433762,-0.401512190255237,0.834280708690333,0.377840786818467,2.05425252959733,2.01934594455744,0.373500459926786,0.387463093942741,0.0641461342395922,-0.0349065850398862,0.0139626340159547,1
-0.883035887157219,-0.197381906128217,0.425779291565073,-0.886601098179182,-0.194931893847656,0.419452082446177,3.36150413934108,3.35801348083709,0.439822971502571,0.432841654494594,0.0649957519116398,-0.00349065850398844,-0.00698131700797727,20
-0.798930504128414,0.364093607077202,0.478691857940607,-0.770607385324236,0.404577922208778,0.492423560103467,2.71398698685118,2.65813645078736,0.499164166070378,0.514872129338327,0.0656329651656754,-0.0558505360638182,0.0157079632679489,8
0.500597331681887,0.785780411484558,-0.363251230472978,0.467827265690151,0.813576550329006,-0.345298198998535,1.00356431989674,1.04894288044859,-0.371755130674792,-0.352556508902855,0.0662701784197111,0.0453785605518524,0.0191986217719376,73
0.856220134932788,0.00896664405578181,0.516533328866642,0.85715555086484,-0.0044880969839525,0.515038074910054,0.010471975511966,6.2779493194236,0.542797397370236,0.541052068118242,0.0662701784197111,-0.0157079632679498,-0.00174532925199433,9
0.926421673797929,-0.115391919371074,0.3583679495453,0.890368801002095,-0.258676049087303,0.374606593415912,6.15926693028799,6.00044196835651,0.366519142918809,0.383972435438752,0.0669073916737468,-0.158824961931483,0.0174532925199433,66
0.902549359035578,-0.223358385146323,0.368124552684678,0.902548605203511,-0.243526303496076,0.355106962408137,6.04058454115238,6.01964059012844,0.376991118430775,0.363028484414821,0.0669073916737468,-0.0209439510239333,-0.0139626340159547,8
0.911311162090721,-0.124834101046399,-0.392337116603562,0.912737954515135,-0.0526281393269964,-0.405141586779863,6.14704962552403,6.22558944186377,-0.40317105721069,-0.417133691226645,0.0669073916737468,0.0785398163397453,-0.0139626340159545,8
0.445720588454961,0.831265384515138,-0.332161131883703,0.374256555154489,0.856639408487119,-0.355106962408137,1.0786134777325,1.15889862332423,-0.3385938748869,-0.363028484414821,0.0671197960917587,0.0802851455917395,-0.0244346095279206,113
0.74818277452525,0.60803164750614,-0.265556117486809,0.74675124111633,0.613388384774023,-0.257132793154696,0.682423737529783,0.687659725285766,-0.268780704807127,-0.260054058547155,0.0677570093457944,0.00523598775598266,0.0087266462599716,24
-0.234533253508734,-0.962094070747641,0.139173100960065,-0.226744537765997,-0.966730269973252,0.118403968306501,4.47327887286147,4.48200551912144,0.139626340159546,0.118682389135614,0.0681818181818182,0.0087266462599711,-0.020943951023932,134
-0.662029135396656,-0.664344095746622,0.346935651573256,-0.535401633558902,-0.756174843940012,0.376224263139366,3.92873614623924,4.09628775443069,0.354301838154849,0.385717764690747,0.068606627017842,0.167551608191456,0.031415926535898,8
0.655200261585442,-0.748429229519539,0.102792536787247,0.677340754247454,-0.726359030879488,0.116670737099333,5.43146463220635,5.46288055874225,0.102974425867665,0.11693705988362,0.0688190314358539,0.0314159265358986,0.0139626340159546,21
0.389559763100512,-0.862779237493966,0.322265695230511,0.390832052723799,-0.861584478012195,0.323917418198149,5.13650398861931,5.13824931787131,0.328121899374934,0.329867228626928,0.0692438402718777,0.00174532925199333,0.00174532925199428,36
-0.838744031823363,0.385779151928258,0.384295322659804,-0.881984811250145,0.300252121198026,0.363251230472978,2.71049632834719,2.81347075421486,0.394444410950718,0.371755130674792,0.0696686491079015,0.102974425867665,-0.0226892802759263,120
-0.424371918748294,-0.847451139352582,0.31895930929807,-0.431409458524717,-0.839432019466031,0.330514392713223,4.2481313993542,4.23765942384223,0.324631240870945,0.336848545634906,0.0698810535259133,-0.0104719755119653,0.0122173047639603,8
-0.315543791892312,0.896035163415018,-0.312334918512233,-0.331699209580238,0.89191229605747,-0.307356617799807,1.9093902016818,1.92684349420174,-0.317649923862968,-0.312413936106985,0.0700934579439252,0.0174532925199431,0.00523598775598305,2
-0.759295945161419,0.580525584964788,-0.294040325232304,-0.714683753049843,0.632298772490857,-0.299040792256087,2.48883951334391,2.41728101401215,-0.29845130209103,-0.303687289847013,0.0713678844519966,-0.0715584993317671,-0.005235987755983,29
0.300740323989323,0.795886173674466,0.525471651072268,0.342072355500436,0.771930145404958,0.535826794978997,1.20951317163207,1.15366263556825,0.553269372882202,0.565486677646163,0.0713678844519966,-0.0558505360638186,0.0122173047639603,11
-0.408684357255373,0.86457844202379,-0.292371704722737,-0.492452775405953,0.826097216124353,-0.273959218692432,2.01236462754946,2.10835773640915,-0.296705972839036,-0.277507351067098,0.0715802888700085,0.0959931088596879,0.0191986217719376,181
0.931213388420008,0.0569554507549783,0.359996808120051,0.936580886198793,-0.0130779860249484,0.350207381259467,0.0610865238198015,6.26922267316363,0.368264472170804,0.357792496658838,0.0717926932880204,-0.0750491578357568,-0.010471975511966,6
0.644314703068559,0.660253807188762,-0.385906042324319,0.727552673261167,0.558270801369532,-0.398749068925246,0.797615468161409,0.654498469497874,-0.396189740202713,-0.410152374218667,0.0720050977060323,-0.143116998663535,-0.0139626340159547,19
0.909843726466409,-0.160429997204361,0.38268343236509,0.895696970698946,-0.156324146170014,0.416280792260401,6.10865238198015,6.11039771123215,0.392699081698724,0.429350995990605,0.0722175021240442,0.00174532925199422,0.036651914291881,66
0.850453870606569,-0.355752560394142,0.387515586452103,0.868162779195991,-0.315985410125163,0.38268343236509,5.88699556697687,5.93411945678072,0.397935069454707,0.392699081698724,0.072642310960068,0.0471238898038466,-0.005235987755983,27
0.121561522127653,-0.911061231864161,0.393941909590951,0.134569553912534,-0.911303235255458,0.389123950140206,4.84503400353626,4.85899663755221,0.404916386462684,0.399680398706701,0.0730671197960918,0.0139626340159538,-0.00523598775598305,33
-0.228704167987132,-0.967486714488834,0.107999355706023,-0.198275776012249,-0.974556574557703,0.104528463267653,4.48026018986944,4.51167611640534,0.108210413623648,0.10471975511966,0.0730671197960918,0.0314159265358978,-0.00349065850398866,205
-0.310384654135861,-0.891303316882851,0.330514392713223,-0.434231993929042,-0.82359426157535,0.36487678433762,4.37728576400178,4.22718744833027,0.336848545634906,0.373500459926786,0.0732795242141037,-0.150098315671513,0.0366519142918809,28
-0.558677354331322,-0.730719645755168,0.392337116603562,-0.554314086582134,-0.738277047183787,0.384295322659804,4.05963584013881,4.06836248639878,0.40317105721069,0.394444410950718,0.0734919286321156,0.00872664625997199,-0.00872664625997172,15
-0.636103697232558,-0.627283447772918,0.449318998615897,-0.643018816923649,-0.614482128430727,0.457097927058694,3.92000949997926,3.90430153671132,0.466002910282486,0.474729556542458,0.0737043330501274,-0.0157079632679484,0.00872664625997172,17
-0.484936007642374,-0.8399338036562,0.243615011786023,-0.489540997175897,-0.837749012839461,0.241921895599668,4.18879020478639,4.18355421703041,0.2460914245312,0.244346095279206,0.0747663551401869,-0.00523598775598266,-0.00174532925199433,65
-0.823854836363174,0.498944224018339,-0.268919820615266,-0.806968392031754,0.514095563975073,-0.290702193598252,2.59704992696756,2.57436064669164,-0.272271363311115,-0.294960643587042,0.0754035683942226,-0.0226892802759266,-0.0226892802759263,95
-0.771263326445625,0.600412118201422,0.211324796455389,-0.772310068045826,0.599065095960481,0.211324796455389,2.48011286708394,2.48185819633594,0.212930168743308,0.212930168743308,0.0754035683942226,0.00174532925199422,0,2
-0.877882368589785,0.0675493668488964,0.474088209047116,-0.866513979827548,0.124866571983012,0.483282383255002,3.06479816650204,2.99847565492626,0.493928178314395,0.504400153826361,0.0762531860662702,-0.0663225115757839,0.0104719755119659,3
-0.872033601628182,0.223900173672413,-0.435231099372328,-0.839583852078135,0.267945386135521,-0.472550764869054,2.89026524130261,2.8326693759868,-0.450294947014537,-0.492182849062401,0.076677994902294,-0.0575958653158124,-0.0418879020478639,18
-0.892716941887281,0.180003310321675,-0.413104429824542,-0.896345501218495,0.197074339805335,-0.397147890634781,2.94262511886244,2.9251718263425,-0.425860337486616,-0.408407044966673,0.0768903993203059,-0.0174532925199431,0.0174532925199432,22
0.617776442114102,0.698269244548106,-0.361624570082092,0.618515541456727,0.694206625355303,-0.368124552684678,0.84648468721725,0.842994028713261,-0.370009801422798,-0.376991118430775,0.0773152081563297,-0.00349065850398844,-0.00698131700797738,4
-0.053704562430718,0.931406526774158,0.359996808120051,-0.119501223847202,0.920108456405114,0.372987782575809,1.62839219211071,1.69995069144248,0.368264472170804,0.382227106186758,0.0777400169923534,0.0715584993317675,0.0139626340159546,20
0.313380357378701,0.880074287461365,0.356737999319625,0.349959155679304,0.866179305454511,0.356737999319625,1.22871179340401,1.18682389135614,0.364773813666815,0.364773813666815,0.0777400169923534,-0.041887902047864,0,25
0.952907173701191,-0.227014510409414,0.201077921145965,0.936824427758563,-0.251021348867655,0.243615011786023,6.04931118741235,6.02138591938044,0.202458193231342,0.2460914245312,0.0779524214103653,-0.0279252680319093,0.0436332312998582,8
0.150627755281208,0.789618345595081,0.594822786751341,0.147431637101996,0.795469930021807,0.587785252292473,1.38230076757951,1.38753675533549,0.63704517697793,0.628318530717959,0.0781648258283772,0.00523598775598266,-0.00872664625997166,30
0.889282602880098,-0.343145597935281,0.302369890750444,0.908519796193497,-0.311055851376461,0.278991106039229,5.91492083500878,5.95331807855266,0.307177948351002,0.282743338823081,0.0783772302463891,0.0383972435438755,-0.0244346095279206,21
0.435453572336517,-0.843675840554251,0.313992455967405,0.442026524564652,-0.838377904404328,0.31895930929807,5.18886386617914,5.19759051243911,0.319395253114962,0.324631240870945,0.078589634664401,0.00872664625997199,0.005235987755983,137
-0.194133219256981,-0.971541855289699,0.135715572434304,-0.277655809919113,-0.949508820382515,0.146083028562412,4.51516677490933,4.42790031230961,0.136135681655558,0.146607657167524,0.0792268479184367,-0.0872664625997173,0.010471975511966,213
0.40693713188984,-0.823374717908853,0.395545502562965,0.506609327614243,-0.756763978551824,0.413104429824542,5.1714105736592,5.30231026755877,0.406661715714679,0.425860337486616,0.0792268479184367,0.130899693899575,0.0191986217719375,76
-0.274073505590178,-0.931221886094315,0.240228042477264,-0.252656032788009,-0.9363848862131,0.243615011786023,4.42615498305762,4.44884426333355,0.242600766027212,0.2460914245312,0.0792268479184367,0.0226892802759258,0.00349065850398869,199
0.32923816262544,-0.909510383575206,0.253757944584806,0.449140186871805,-0.859125938946129,0.245307385878803,5.05970950153156,5.19409985393512,0.256563400043166,0.247836753783195,0.0794392523364486,0.134390352403564,-0.00872664625997163,41
-0.91164171401044,0.244273661055622,0.330514392713223,-0.898562720709017,0.264461390496599,0.350207381259467,2.87979326579064,2.85535865626272,0.336848545634906,0.357792496658838,0.0798640611724724,-0.0244346095279204,0.0209439510239319,23
-0.487606777706432,0.731135519477931,0.477158760259608,-0.39242383571042,0.776867151204985,0.492423560103467,2.15897228471699,2.03854456632938,0.497418836818384,0.514872129338327,0.0802888700084962,-0.120427718387609,0.0174532925199433,127
-0.257834656891584,0.779619980097039,0.570713567684432,-0.211605152226176,0.806590865182574,0.551936985312058,1.89019157990986,1.82735972683806,0.607374579694027,0.5846852994181,0.0805012744265081,-0.062831853071796,-0.0226892802759262,51
-0.800206616321419,0.465731372157628,0.377840786818467,-0.788945493638635,0.502613711395262,0.353474843779257,2.61450321948751,2.57436064669164,0.387463093942741,0.361283155162826,0.0809260832625319,-0.0401425727958702,-0.026179938779915,65
-0.879586915672092,0.332368198802498,0.34037955021305,-0.897096419019541,0.277697730094499,0.343659694585616,2.78030949842697,2.84139602224677,0.347320521146872,0.35081117965086,0.0813508920985556,0.0610865238198017,0.00349065850398872,17
-0.832303035488789,0.442543373969867,-0.333806859233771,-0.829939223415151,0.439430198955849,-0.343659694585616,2.65290046303138,2.65464579228338,-0.340339204138894,-0.35081117965086,0.0813508920985556,0.00174532925199422,-0.010471975511966,14
-0.951554269406554,0.0715477249184875,-0.299040792256087,-0.95322438211121,0.0766946127588074,-0.292371704722737,3.06654349575404,3.06130750799805,-0.303687289847013,-0.296705972839036,0.0815632965165675,-0.00523598775598266,0.00698131700797733,43
0.816068219992659,0.488406754156295,0.309016994374947,0.834059288371037,0.454743886335986,0.312334918512233,0.539306738866248,0.499164166070378,0.314159265358979,0.317649923862968,0.0819881053525913,-0.0401425727958697,0.00349065850398866,16
-0.152468986294658,0.901450776737019,0.405141586779863,-0.07420095685287,0.90252372143041,0.42419942274539,1.73834793498635,1.65282680163863,0.417133691226645,0.438077642250577,0.0822005097706032,-0.0855211333477222,0.020943951023932,29
0.907854054302795,0.0618912803327867,0.414693242656239,0.867991260403681,0.0333448607436566,0.495458668432408,0.0680678408277788,0.0383972435438752,0.427605666738611,0.518362787842316,0.0830501274426508,-0.0296705972839035,0.0907571211037053,103
0.544473665419389,-0.819498746511709,0.17880221511635,0.546748081236808,-0.819814163123276,0.170209499166033,5.29881960905478,5.30056493830678,0.179768912955416,0.171042266695444,0.0834749362786746,0.00174532925199422,-0.00872664625997163,25
0.939624210345605,0.110380476173297,0.323917418198149,0.918495721804085,0.163609006998293,0.359996808120051,0.11693705988362,0.176278254451427,0.329867228626928,0.368264472170804,0.0838997451146984,0.0593411945678071,0.0383972435438753,1
0.65246850504655,0.587485280720879,-0.478691857940607,0.654091635070215,0.593094077416514,-0.469471562785891,0.733038285837618,0.736528944341607,-0.499164166070378,-0.488692190558412,0.0843245539507222,0.00349065850398844,0.0104719755119659,4
0.786983577444831,0.559280117480488,0.260504508642648,0.845011142247379,0.453090999083508,0.284015344703923,0.617846555205993,0.492182849062401,0.263544717051144,0.287979326579064,0.0843245539507222,-0.125663706143592,0.0244346095279206,8
0.831931569478462,0.451701987357481,-0.322265695230511,0.811371147780702,0.479843559170604,-0.333806859233771,0.497418836818384,0.534070751110265,-0.328121899374934,-0.340339204138894,0.0855989804587935,0.0366519142918809,-0.0122173047639603,2
-0.0729070586356354,-0.969632828907563,0.233445363855905,-0.00510986486798812,-0.975903384313243,0.218143241396543,4.63733982254893,4.70715299262871,0.235619449019234,0.219911485751285,0.0855989804587935,0.0698131700797724,-0.015707963267949,16
-0.135443455163654,-0.864923816580799,0.483282383255002,-0.193142635433906,-0.864070480287457,0.46484204572462,4.55705467695719,4.4924774946334,0.504400153826361,0.483456202802429,0.0855989804587935,-0.0645771823237906,-0.0209439510239319,103
-0.197662314100641,-0.97154131292957,0.130526192220052,-0.185735270970133,-0.973658387913239,0.132256390257122,4.51167611640534,4.5238934211693,0.130899693899575,0.132645023151569,0.0855989804587935,0.0122173047639604,0.00174532925199433,143
-0.197156215849332,-0.91188361356883,-0.359996808120051,-0.437044450523123,-0.811679628008258,-0.387515586452103,4.49945881164138,4.21846080207029,-0.368264472170804,-0.397935069454707,0.0860237892948173,-0.280998009571087,-0.0296705972839036,8
-0.75072971859968,-0.547441526646209,0.369746757273829,-0.705587045438469,-0.600501644572813,0.376224263139366,3.77165651355975,3.8467056713955,0.378736447682769,0.385717764690747,0.086661002548853,0.0750491578357559,0.00698131700797738,104
-0.334728472796421,-0.816152349288739,0.47101188121941,-0.29501245973014,-0.842423344824812,0.450877540689431,4.32318055718995,4.37554043474978,0.490437519810407,0.46774823953448,0.0872982158028887,0.0523598775598293,-0.0226892802759263,12
-0.945480675964348,0.0977059233102061,0.310676429630732,-0.933938477156585,0.161319186393119,0.31895930929807,3.03861822772213,2.97055038689435,0.315904594610974,0.324631240870945,0.0877230246389125,-0.0680678408277786,0.00872664625997166,7
0.104723797596721,-0.806328576842081,-0.582122970157289,0.0925034286055858,-0.81189217299549,-0.576432316169793,4.84154334503227,4.82583538176432,-0.621337213709981,-0.614355896702004,0.0885726423109601,-0.015707963267948,0.00698131700797733,5
-0.980535618069783,0.0978704658727856,0.170209499166033,-0.981362469494342,0.106610080621933,0.159881187691835,3.04210888622612,3.03338223996614,0.171042266695444,0.160570291183478,0.0885726423109601,-0.00872664625997155,-0.010471975511966,6
-0.919598069125129,0.244686127019898,0.307356617799807,-0.886592158313972,0.286361464544445,0.363251230472978,2.88153859504264,2.82917871748281,0.312413936106985,0.371755130674792,0.0885726423109601,-0.0523598775598297,0.0593411945678072,43
-0.848416899501602,0.437900615331047,0.297374874077786,-0.812441177826459,0.435627137387743,0.387515586452103,2.66511776779534,2.64940980452739,0.301941960595019,0.397935069454707,0.0885726423109601,-0.0157079632679489,0.0959931088596881,4
-0.881842657451142,-0.403739090913926,0.243615011786023,-0.891585500791212,-0.378455591583498,0.248689887164855,3.5709436495804,3.54301838154849,0.2460914245312,0.251327412287183,0.088785046728972,-0.0279252680319093,0.005235987755983,54
-0.953513479323485,-0.125532431036185,0.273959218692432,-0.959188716875707,-0.105895420212415,0.262189178640865,3.27249234748937,3.25154839646544,0.277507351067098,0.265290046303138,0.0894222599830077,-0.020943951023932,-0.0122173047639603,28
-0.867480807822865,-0.303787458475206,0.393941909590951,-0.867999805564519,-0.345419075010903,0.356737999319625,3.4784411992247,3.52032910127256,0.404916386462684,0.364773813666815,0.0896346644010195,0.0418879020478635,-0.0401425727958696,2
0.348789606432173,0.798347865990418,0.490903753615141,0.394554407772564,0.777709222799582,0.489382451748846,1.15889862332423,1.10130275800842,0.513126800086333,0.511381470834338,0.0900594732370433,-0.0575958653158128,-0.00174532925199433,6
-0.193098267501873,0.975217513304011,-0.107999355706023,-0.169481802185246,0.981194982306177,-0.0923705874465616,1.76627320301826,1.74183859349034,-0.108210413623648,-0.0925024503556995,0.0909090909090909,-0.0244346095279209,0.015707963267949,58
0.570948163876629,0.69015777297448,0.444635179184927,0.652516158098824,0.619214713244709,0.436801788367702,0.879645943005142,0.759218224617533,0.460766922526503,0.452040276266531,0.0909090909090909,-0.120427718387609,-0.00872664625997166,21
0.858789814131208,0.317675998441518,-0.40194777665596,0.865775990983998,0.298110580619015,-0.40194777665596,0.354301838154849,0.331612557878923,-0.413643032722656,-0.413643032722656,0.0911214953271028,-0.0226892802759262,0,70
0.913871187168498,0.202600364538423,0.351841648404702,0.911549585294403,0.215481190968,0.350207381259467,0.218166156499291,0.232128790515246,0.359537825910832,0.357792496658838,0.0915463041631266,0.0139626340159547,-0.00174532925199433,159
0.879735148077621,0.092463889975035,-0.466386640339891,0.875972293971776,0.123109877370962,-0.466386640339891,0.10471975511966,0.139626340159546,-0.485201532054424,-0.485201532054424,0.0915463041631266,0.0349065850398866,0,26
0.180727638368206,0.880436402241911,0.438371146789077,0.193530397822632,0.872959211175646,0.44775908783877,1.36833813356355,1.35263017029561,0.453785605518526,0.464257581030492,0.0917587085811385,-0.0157079632679489,0.010471975511966,26
0.496383407185475,0.856306312216001,0.142628933705512,0.438089467185503,0.886406678563679,0.14953534344371,1.0454522219446,1.11177473352039,0.143116998663535,0.150098315671512,0.0921835174171623,0.0663225115757848,0.00698131700797733,3
0.837399924327096,-0.50117351583058,0.218143241396543,0.821930540234373,-0.505655042132144,0.262189178640865,5.74387856831334,5.73166126354938,0.219911485751285,0.265290046303138,0.0926083262531861,-0.0122173047639604,0.0453785605518526,4
0.659360777886346,0.632304252527643,-0.4067366430758,0.664985945578394,0.617943074008257,-0.419452082446177,0.764454212373516,0.748746249105567,-0.418879020478639,-0.432841654494594,0.0930331350892099,-0.0157079632679489,-0.0139626340159547,7
0.681044178678643,-0.626252225292198,-0.379456159529005,0.637675461085582,-0.651172741283844,-0.411514358605109,5.53967504583,5.48731516827017,-0.389208423194735,-0.424115008234622,0.0930331350892099,-0.0523598775598293,-0.0349065850398866,2
0.0827955197401474,-0.946357121064197,0.312334918512233,0.0682999615180623,-0.9528335974323,0.295708050044047,4.79965544298441,4.78394747971646,0.317649923862968,0.300196631343025,0.0936703483432455,-0.015707963267948,-0.0174532925199433,77
0.0840264510356273,-0.960426730152639,0.265556117486809,0.0905527124157655,-0.957947636014449,0.272280247040574,4.79965544298441,4.80663675999238,0.268780704807127,0.275762021815104,0.0940951571792693,0.00698131700797688,0.00698131700797738,21
-0.167160790481795,-0.977930902819733,0.125333233564304,-0.152426718365434,-0.984616699416626,0.0854169231373675,4.54309204294124,4.55880000620919,0.125663706143592,0.0855211333477222,0.0940951571792693,0.0157079632679489,-0.0401425727958696,53
-0.168641793193681,-0.918856868848381,-0.356737999319625,-0.131351705120899,-0.934615945600781,-0.330514392713223,4.53087473817728,4.57276264022514,-0.364773813666815,-0.336848545634906,0.0943075615972812,0.0418879020478631,0.0279252680319093,8
0.689346336313937,-0.679787821441551,0.250380004054441,0.69534370788188,-0.669144201583416,0.262189178640865,5.50476846079011,5.51698576555408,0.253072741539178,0.265290046303138,0.0949447748513169,0.0122173047639613,0.0122173047639603,189
-0.174179442313498,-0.939788172415805,0.294040325232304,-0.184197029915529,-0.93026297851411,0.317304656405092,4.52912940892528,4.51691210416132,0.29845130209103,0.322885911618951,0.0949447748513169,-0.0122173047639604,0.0244346095279206,181
-0.647258212854394,-0.576686031743143,0.49848773975383,-0.666891786877444,-0.573617430298003,0.475624209070275,3.86939495167143,3.85194165915149,0.521853446346304,0.49567350756639,0.0949447748513169,-0.0174532925199431,-0.0261799387799149,36
-0.702558934602854,-0.595813305354106,0.389123950140206,-0.72612616157495,-0.581736751706487,0.366501226724297,3.84496034214351,3.8170350741116,0.399680398706701,0.375245789178781,0.0953695836873407,-0.0279252680319098,-0.0244346095279205,40
-0.538325950308853,-0.810245691411027,0.231747903494157,-0.538853874941976,-0.814119398478099,0.216439613938103,4.1259583517146,4.12770368096659,0.23387411976724,0.218166156499291,0.0955819881053526,0.00174532925199422,-0.015707963267949,72
-0.602152730112939,-0.647993511796224,0.466386640339891,-0.603137299257707,-0.688958186746808,0.40194777665596,3.96364273127912,3.99331332856303,0.485201532054424,0.413643032722656,0.0970688190314359,0.0296705972839035,-0.0715584993317675,25
-0.828993848291903,-0.313250671725372,0.463296035119862,-0.822630810862825,-0.294544473327051,0.486335380423491,3.50287580875262,3.48542251623268,0.481710873550435,0.50789081233035,0.0970688190314359,-0.0174532925199435,0.0261799387799149,17
-0.892341344638494,0.373274470341676,0.253757944584806,-0.903625862509672,0.345061162931656,0.253757944584806,2.74540291338708,2.77681883992298,0.256563400043166,0.256563400043166,0.0970688190314359,0.0314159265358978,0,10
-0.365120642008492,-0.793829209923423,-0.486335380423491,-0.390271551337543,-0.752910147103309,-0.529919264233205,4.28129265514209,4.23416876533824,-0.50789081233035,-0.558505360638185,0.0977060322854715,-0.0471238898038475,-0.0506145483078355,9
-0.948371456240148,-0.180911530770687,0.260504508642648,-0.926336813687093,-0.281442642784888,0.250380004054441,3.33008821280518,3.43655329717683,0.263544717051144,0.253072741539178,0.0977060322854715,0.106465084371654,-0.0104719755119659,91
-0.602692096780211,0.695766786867677,-0.390731128489274,-0.539849237974855,0.743038730928731,-0.395545502562965,2.28463599086058,2.19911485751286,-0.401425727958696,-0.406661715714679,0.0977060322854715,-0.0855211333477222,-0.00523598775598305,18
-0.261630790497971,0.883250746328974,0.389123950140206,-0.279150972488146,0.879995363363194,0.384295322659804,1.85877565337396,1.8779742751459,0.399680398706701,0.394444410950718,0.0983432455395072,0.0191986217719373,-0.00523598775598294,6
0.632535329373924,0.722539286021756,0.278991106039229,0.708360696039995,0.649092988230127,0.277314653302378,0.851720674973233,0.74176493209759,0.282743338823081,0.280998009571087,0.098768054375531,-0.109955742875643,-0.00174532925199433,17
0.639904241486717,0.622279683927702,0.450877540689431,0.632304252527643,0.659360777886346,0.4067366430758,0.771435529381494,0.80634211442138,0.46774823953448,0.418879020478639,0.0994052676295667,0.0349065850398866,-0.0488692190558413,10
0.87512002554411,0.409936175003061,0.257132793154696,0.893431945746923,0.377400429718043,0.243615011786023,0.438077642250577,0.399680398706701,0.260054058547155,0.2460914245312,0.0994052676295667,-0.0383972435438755,-0.0139626340159547,58
0.345259628466473,0.918548355480641,0.192521966525907,0.262239057982794,0.945603494533144,0.192521966525907,1.21125850088406,1.30027029273578,0.193731546971371,0.193731546971371,0.100042480883602,0.0890117918517106,0,42
0.925826409079042,0.183318565511561,0.330514392713223,0.921581668886309,0.174134664096976,0.346935651573256,0.195476876223365,0.186750229963393,0.336848545634906,0.354301838154849,0.100042480883602,-0.00872664625997155,0.0174532925199433,67
0.746796264694365,0.594028571371273,-0.299040792256087,0.718376259975106,0.628890875566977,-0.297374874077786,0.671951762017817,0.719075651821664,-0.303687289847013,-0.301941960595019,0.100467289719626,0.0471238898038471,0.00174532925199428,21
0.947849566928155,0.192842173899291,0.253757944584806,0.94336839121222,0.171439092491704,0.284015344703923,0.200712863979348,0.179768912955416,0.256563400043166,0.287979326579064,0.100467289719626,-0.020943951023932,0.0314159265358979,25
-0.0501410022736201,0.925827078919342,0.374606593415912,-0.0307192220386327,0.926019240201079,0.376224263139366,1.62490153360672,1.60395758258279,0.383972435438752,0.385717764690747,0.101529311809686,-0.0209439510239315,0.00174532925199439,23
0.926045190147925,0.277826871552238,0.255445757935791,0.919186028863304,0.28453560658384,0.272280247040574,0.291469985083053,0.300196631343025,0.258308729295161,0.275762021815104,0.101529311809686,0.00872664625997155,0.0174532925199433,59
0.944756861215432,0.0379453553116332,-0.325568154457157,0.945264000162699,0.0511936682999726,-0.322265695230511,0.0401425727958696,0.0541052068118242,-0.331612557878923,-0.328121899374934,0.101529311809686,0.0139626340159547,0.00349065850398866,8
0.935662140754481,-0.0802145415499168,0.343659694585616,0.937919107756657,-0.105204484288296,0.330514392713223,6.19766417383186,6.17148423505195,0.35081117965086,0.336848545634906,0.101529311809686,-0.0261799387799151,-0.0139626340159547,8
0.859876496532406,-0.134653065936805,-0.492423560103467,0.823715875261476,-0.197756685167367,-0.531398579518083,6.12785100375209,6.04756585816035,-0.514872129338327,-0.56025068989018,0.101529311809686,-0.0802851455917386,-0.0453785605518526,14
0.830362248045715,0.479409867434096,0.284015344703923,0.819271681902116,0.509951709318545,0.262189178640865,0.523598775598299,0.556760031386191,0.287979326579064,0.265290046303138,0.102378929481733,0.0331612557878924,-0.0226892802759263,12
0.922121397124086,-0.221381760742773,0.317304656405092,0.902835445785607,-0.28466292261322,0.322265695230511,6.04756585816035,5.97775268808058,0.322885911618951,0.328121899374934,0.102378929481733,-0.0698131700797742,0.005235987755983,51
0.770740077099718,-0.508209443570383,-0.384295322659804,0.686576293950236,-0.618196071791816,-0.38268343236509,5.70024533701348,5.55014702134197,-0.394444410950718,-0.392699081698724,0.102378929481733,-0.150098315671513,0.00174532925199433,6
0.606314542365199,0.743415077506719,-0.282341456842876,0.608930082227401,0.738691258452123,-0.289031796944472,0.886627260013119,0.881391272257136,-0.28623399732707,-0.293215314335047,0.103653355989805,-0.00523598775598266,-0.00698131700797738,16
0.855712491305213,0.502043536746109,-0.125333233564304,0.804673304621122,0.582486329682253,-0.114937150492867,0.530580092606276,0.626573201465964,-0.125663706143592,-0.115191730631626,0.103653355989805,0.0959931088596879,0.010471975511966,13
0.979282836377239,0.201017897331724,0.0244321781526532,0.971941941616998,0.233342615241327,0.0296662440851108,0.202458193231342,0.235619449019234,0.0244346095279206,0.0296705972839036,0.103653355989805,0.0331612557878924,0.00523598775598299,33
0.478197287616236,-0.834979533394681,0.272280247040574,0.469950878295518,-0.837442615789451,0.278991106039229,5.232497097479,5.22377045121903,0.275762021815104,0.282743338823081,0.103653355989805,-0.00872664625997199,0.00698131700797727,8
0.258877465678941,-0.908796404235487,0.327217898979104,0.200637145812235,-0.927983552287365,0.313992455967405,4.98989633145179,4.925319149128,0.333357887130917,0.319395253114962,0.104078164825828,-0.0645771823237897,-0.0139626340159547,135
0.741305544269193,0.470446803769698,0.478691857940607,0.729869815763731,0.511060346909496,0.453990499739547,0.565486677646163,0.610865238198015,0.499164166070378,0.471238898038469,0.104502973661852,0.0453785605518524,-0.0279252680319093,7
0.914029569522936,-0.108991427494164,-0.390731128489274,0.914029569522936,-0.108991427494164,-0.390731128489274,6.16450291804397,6.16450291804397,-0.401425727958696,-0.401425727958696,0.104502973661852,0,0,45
-0.107918383691021,-0.962114066018794,0.250380004054441,-0.0593617635279031,-0.970556254487622,0.233445363855905,4.60068790825705,4.65130245656489,0.253072741539178,0.235619449019234,0.104927782497876,0.0506145483078351,-0.0174532925199433,5
-0.202661226829846,-0.870884737722286,-0.44775908783877,-0.223288269078294,-0.863391673982314,-0.452434709311783,4.48375084837343,4.45931623884551,-0.464257581030492,-0.469493568786475,0.105777400169924,-0.02443460952792,-0.00523598775598294,8
-0.266837108009661,-0.883807141163069,-0.384295322659804,-0.322147175324558,-0.875570382992586,-0.359996808120051,4.41917366604964,4.35983247148183,-0.394444410950718,-0.368264472170804,0.105777400169924,-0.0593411945678071,0.0261799387799149,8
-0.399258679218843,-0.892553956438804,0.209618562903822,-0.434936313152429,-0.872347287037949,0.223250116010951,4.29176463065406,4.24987672860619,0.211184839491314,0.225147473507269,0.105777400169924,-0.0418879020478631,0.0139626340159546,12
-0.54046851569787,-0.807342229855185,0.236838146065619,-0.57021360772919,-0.779098095580597,0.260504508642648,4.12246769321061,4.08057979116274,0.239110107523223,0.263544717051144,0.105777400169924,-0.041887902047864,0.0244346095279206,8
-0.699240866173845,-0.55222716088462,0.453990499739547,-0.704977545853739,-0.558758317630097,0.436801788367702,3.81005375710362,3.81179908635562,0.471238898038469,0.452040276266531,0.106202209005947,0.00174532925199467,-0.0191986217719377,65
-0.766686880075687,-0.579840733303571,-0.275637355816999,-0.746075428995862,-0.599860045847104,-0.289031796944472,3.78910980607969,3.81878040336359,-0.279252680319093,-0.293215314335047,0.106202209005947,0.029670597283904,-0.0139626340159547,142
-0.924983381033406,-0.29164613977302,0.243615011786023,-0.93784875353148,-0.258326585402108,0.231747903494157,3.4470252726888,3.41037335839692,0.2460914245312,0.23387411976724,0.106839422259983,-0.0366519142918809,-0.0122173047639603,37
-0.644904473928764,-0.723824913870731,-0.245307385878803,-0.68744165987746,-0.677909555355119,-0.260504508642648,3.98458668230305,3.92000949997926,-0.247836753783195,-0.263544717051144,0.107264231096007,-0.0645771823237906,-0.015707963267949,7
-0.700094000480266,-0.655136378523013,0.284015344703923,-0.730353664781142,-0.64843832675684,0.214735327167063,3.89382956119935,3.86764962241943,0.287979326579064,0.216420827247297,0.107476635514019,-0.0261799387799151,-0.0715584993317675,17
-0.945626967434394,0.111085638065166,0.305695304963106,-0.942481238155482,0.1190630690133,0.312334918512233,3.02465559370617,3.0159289474462,0.310668606854991,0.317649923862968,0.108113848768054,-0.00872664625997155,0.00698131700797733,36
-0.848152731333515,0.308702348316979,-0.430511096808295,-0.799153941200776,0.357478833357489,-0.483282383255002,2.79252680319093,2.72096830385916,-0.445058959258554,-0.504400153826361,0.108113848768054,-0.0715584993317675,-0.0593411945678072,120
0.0372797173355165,-0.970418472768832,0.238533457578581,-0.00680233104880714,-0.974346320074072,0.224951054343865,4.75078622392856,4.70540766337671,0.240855436775218,0.226892802759263,0.108538657604078,-0.0453785605518515,-0.0139626340159547,42
-0.776781892316093,-0.441273531103598,0.449318998615897,-0.779081736630731,-0.437200280342148,0.449318998615897,3.65821011218011,3.65297412442413,0.466002910282486,0.466002910282486,0.10875106202209,-0.00523598775598222,0,39
-0.630791512773336,0.698110799802596,0.338737920245291,-0.640153406400072,0.676943247129515,0.363251230472978,2.30557994188451,2.32826922216044,0.345575191894877,0.371755130674792,0.109600679694138,0.0226892802759266,0.0261799387799149,25
-0.554665101447123,0.771898167706436,0.310676429630732,-0.554848537710183,0.780747738922486,0.287360519849712,2.19387886975687,2.18864288200089,0.315904594610974,0.291469985083053,0.109600679694138,-0.00523598775598311,-0.0244346095279206,68
-0.480389098822712,0.802671694123776,0.353474843779257,-0.488239631731517,0.787449913221098,0.376224263139366,2.11010306566114,2.12581102892909,0.361283155162826,0.385717764690747,0.110450297366185,0.0157079632679489,0.0244346095279207,8
-0.28667279404176,0.926090166014951,0.245307385878803,-0.326887680339952,0.907965461372619,0.262189178640865,1.87099295813792,1.91637151868977,0.247836753783195,0.265290046303138,0.110450297366185,0.0453785605518524,0.0174532925199433,10
0.148179504915901,0.957181369618533,0.248689887164855,0.0324306581926385,0.977609830776314,0.207911690817759,1.4172073526194,1.537635071007,0.251327412287183,0.20943951023932,0.110875106202209,0.120427718387608,-0.0418879020478639,34
0.704825836828619,0.578950469440139,-0.409923033841573,0.738155826049316,0.520711655143111,-0.428935133403146,0.687659725285766,0.614355896702004,-0.422369678982628,-0.44331363000656,0.111087510620221,-0.0733038285837617,-0.0209439510239319,70
0.882531135214231,0.389242609280448,0.263873049965373,0.88703331203007,0.372874470057267,0.272280247040574,0.41538836197465,0.397935069454707,0.267035375555132,0.275762021815104,0.111937128292268,-0.0174532925199431,0.00872664625997166,90
0.922348192906862,0.218033873637893,0.31895930929807,0.933938477156585,0.161319186393119,0.31895930929807,0.232128790515246,0.171042266695444,0.324631240870945,0.324631240870945,0.112361937128292,-0.0610865238198017,0,58
0.916595553865299,0.0769686791465842,0.392337116603562,0.908496968333442,0.14389178386603,0.392337116603562,0.0837758040957278,0.15707963267949,0.40317105721069,0.40317105721069,0.112361937128292,0.0733038285837617,0,16
0.900804657980388,0.219592505177572,0.374606593415912,0.898076629723968,0.213952032300319,0.384295322659804,0.239110107523223,0.23387411976724,0.383972435438752,0.394444410950718,0.112786745964316,-0.00523598775598311,0.010471975511966,36
0.541597675011936,0.809028947900736,0.228350870110656,0.508723223332557,0.817298036630333,0.270600445975864,0.980875039620813,1.01403629540871,0.230383461263251,0.27401669256311,0.11321155480034,0.033161255787892,0.0436332312998582,58
0.872649951639446,-0.175957095330878,-0.455544907233516,0.881929985215279,-0.181034226922242,-0.435231099372328,6.08421777245223,6.08072711394824,-0.472984227290463,-0.450294947014537,0.113848768054376,-0.00349065850398844,0.0226892802759263,12
0.619528345823743,-0.688055934163276,-0.377840786818467,0.574711872846225,-0.722511846402107,-0.384295322659804,5.44542726622231,5.38434074240251,-0.387463093942741,-0.394444410950718,0.113848768054376,-0.0610865238198022,-0.00698131700797733,87
0.468904305503679,-0.796041545946809,0.38268343236509,0.319930362382497,-0.855692623788024,0.4067366430758,5.24471440224296,5.07018147704353,0.392699081698724,0.418879020478639,0.114273576890399,-0.174532925199434,0.0261799387799149,116
0.966293092937208,0.0523325632541466,0.252069358243114,0.959711734003477,0.0134009745770235,0.280666708920788,0.0541052068118242,0.0139626340159546,0.254818070791172,0.284488668075076,0.114698385726423,-0.0401425727958697,0.0296705972839036,18
0.827470851317855,-0.505090364838425,0.245307385878803,0.840178201827758,-0.487034268598301,0.238533457578581,5.73515192205337,5.75784120232929,0.247836753783195,0.240855436775218,0.116185216652506,0.0226892802759258,-0.00698131700797727,28
0.0771426923610097,-0.938304743547623,-0.337095258423082,0.143483723003147,-0.926848463828147,-0.346935651573256,4.79441945522842,4.86597795456019,-0.343829862642883,-0.354301838154849,0.116185216652506,0.0715584993317684,-0.010471975511966,45
-0.0708732749899756,-0.965110365464541,-0.252069358243114,-0.0635774788009965,-0.957204892349152,-0.282341456842876,4.63908515180093,4.6460664688089,-0.254818070791172,-0.28623399732707,0.116185216652506,0.00698131700797688,-0.0314159265358979,88
-0.102096304575769,-0.955339168911101,0.277314653302378,-0.0521371350650581,-0.962684614820731,0.265556117486809,4.60592389601304,4.65828377357287,0.280998009571087,0.268780704807127,0.116185216652506,0.0523598775598302,-0.0122173047639603,12
-0.349749651223025,-0.83610345431211,-0.422618261740699,-0.299803749671224,-0.851338890928867,-0.430511096808295,4.31619924018198,4.37379510549779,-0.436332312998582,-0.445058959258554,0.116185216652506,0.0575958653158128,-0.0087266462599716,4
-0.646322351620817,-0.669286387583763,-0.366501226724297,-0.797069918364723,-0.488445074176534,-0.355106962408137,3.94444410950718,3.69137136796801,-0.375245789178781,-0.363028484414821,0.116185216652506,-0.253072741539178,0.0122173047639603,38
0.895867208224401,0.0894194350651664,-0.435231099372328,0.886706971396261,0.115163128366082,-0.44775908783877,0.0994837673636768,0.12915436464758,-0.450294947014537,-0.464257581030492,0.116822429906542,0.0296705972839035,-0.0139626340159547,17
-0.747244620908313,-0.600800100279872,-0.284015344703923,-0.768080761285386,-0.57879036847264,-0.273959218692432,3.81878040336359,3.78736447682769,-0.287979326579064,-0.277507351067098,0.116822429906542,-0.0314159265358986,0.0104719755119659,31
0.353244531077062,-0.920233465071743,-0.168489379565003,0.353555842633564,-0.921044459403301,-0.163325962241622,5.0789081233035,5.0789081233035,-0.16929693744345,-0.164060949687467,0.11767204757859,0,0.00523598775598297,29
-0.753953631714727,-0.625944364900264,0.199367934417197,-0.760342266092943,-0.604803547410933,0.236838146065619,3.83448836663154,3.81354441560761,0.200712863979348,0.239110107523223,0.11767204757859,-0.020943951023932,0.0383972435438752,38
-0.829449236093244,-0.524356040443258,0.192521966525907,-0.832830846134554,-0.516377002250316,0.199367934417197,3.70533400198396,3.69660735572399,0.193731546971371,0.200712863979348,0.11767204757859,-0.00872664625997155,0.0069813170079773,25
-0.804279134829163,-0.504523350177185,-0.313992455967405,-0.784997533686599,-0.51761050404983,-0.34037955021305,3.70184334347997,3.7245326237559,-0.319395253114962,-0.347320521146872,0.117884451996602,0.0226892802759271,-0.0279252680319093,10
-0.786626535740079,-0.550801830080992,0.278991106039229,-0.780112758650536,-0.540175683703939,0.315649036947102,3.75245789178781,3.74722190403183,0.282743338823081,0.321140582366957,0.118309260832625,-0.00523598775598311,0.0383972435438752,126
-0.926154564554976,0.0436763405439267,0.374606593415912,-0.909745920889907,0.148976607831089,0.387515586452103,3.09446876378595,2.97927703315432,0.383972435438752,0.397935069454707,0.118309260832625,-0.115191730631626,0.0139626340159547,36
-0.910882951644508,0.257753894405079,-0.322265695230511,-0.891819313345676,0.305337998081032,-0.333806859233771,2.86583063177469,2.81172542496286,-0.328121899374934,-0.340339204138894,0.118946474086661,-0.054105206811824,-0.0122173047639603,193
-0.952408604117018,0.0917065179855739,0.290702193598252,-0.941289379639766,0.194931659449146,0.275637355816999,3.04559954473011,2.93738913110646,0.294960643587042,0.279252680319093,0.119158878504673,-0.108210413623648,-0.0157079632679489,9
-0.521074840450787,-0.805459069349293,0.282341456842876,-0.42190365546183,-0.849919402639046,0.315649036947102,4.13817565647856,4.25162205785819,0.28623399732707,0.321140582366957,0.119371282922685,0.113446401379631,0.0349065850398866,30
-0.95481177439737,-0.146106732782457,0.258819045102521,-0.951830938574439,-0.164409751124198,0.258819045102521,3.2934362985133,3.31263492028524,0.261799387799149,0.261799387799149,0.119796091758709,0.0191986217719378,0,16
0.0324737858120562,0.885608399394026,0.463296035119862,0.0077334869929472,0.886169835314397,0.463296035119862,1.53414441250302,1.56206968053493,0.481710873550435,0.481710873550435,0.120433305012744,0.0279252680319093,0,4
0.0381240812835175,0.949206749398804,0.312334918512233,0.092376779856943,0.942131281839669,0.322265695230511,1.53065375399903,1.47305788868321,0.317649923862968,0.328121899374934,0.120433305012744,-0.0575958653158128,0.010471975511966,4
0.716357367235554,0.647278551617615,-0.260504508642648,0.673484455871144,0.678202753486913,-0.294040325232304,0.734783615089613,0.788888821901437,-0.263544717051144,-0.29845130209103,0.121282922684792,0.0541052068118244,-0.0349065850398866,33
0.156804901135799,0.880297689555973,0.44775908783877,0.10851999231591,0.871250547436915,0.478691857940607,1.39451807234347,1.4468779499033,0.464257581030492,0.499164166070378,0.121495327102804,0.0523598775598302,0.0349065850398865,17
0.851617811958981,0.433920948435862,0.294040325232304,0.852023739413525,0.439762244228066,0.284015344703923,0.471238898038469,0.476474885794452,0.29845130209103,0.287979326579064,0.122132540356839,0.00523598775598311,-0.010471975511966,13
0.902753570333811,0.125267409613927,0.411514358605109,0.915292903546536,0.097816593412619,0.390731128489274,0.137881010907552,0.106465084371654,0.424115008234622,0.401425727958696,0.122132540356839,-0.0314159265358978,-0.0226892802759264,76
0.040346584383577,0.888500781207999,0.457097927058694,0.0295938420378491,0.892095088998527,0.450877540689431,1.52541776624304,1.537635071007,0.474729556542458,0.46774823953448,0.122557349192863,0.01221730476396,-0.00698131700797727,17
0.948649641823734,-0.081327963156683,0.305695304963106,0.949484321162164,-0.089752693618192,0.300705799504273,6.19766417383186,6.18893752757189,0.310668606854991,0.305432619099008,0.122557349192863,-0.00872664625997199,-0.005235987755983,30
0.670639505273921,0.682447718585911,0.290702193598252,0.630243023117125,0.719920805678896,0.290702193598252,0.79412480965742,0.851720674973233,0.294960643587042,0.294960643587042,0.122982158028887,0.0575958653158128,0,37
0.923286068661947,-0.249121700564779,0.292371704722737,0.912957003308704,-0.272164303268942,0.30403306092549,6.01964059012844,5.99346065134853,0.296705972839036,0.308923277602996,0.122982158028887,-0.0261799387799151,0.0122173047639603,30
0.901099338615623,-0.268629379895888,0.34037955021305,0.87400197118543,-0.309500330425201,0.374606593415912,5.99346065134853,5.94284610304069,0.347320521146872,0.383972435438752,0.124681393372982,-0.0506145483078351,0.0366519142918809,44
0.885681554125962,-0.291197278479662,-0.361624570082092,0.905207619135743,-0.254442386514829,-0.34037955021305,5.96553538331662,6.00916861461648,-0.370009801422798,-0.347320521146872,0.124681393372982,0.0436332312998582,0.0226892802759263,13
0.541420633210038,-0.790724891895988,0.285688367404974,0.579077244053144,-0.768461458038944,0.272280247040574,5.31278224307074,5.35816080362259,0.289724655831059,0.275762021815104,0.124681393372982,0.0453785605518524,-0.0139626340159546,8
0.504265261859714,-0.77650040920656,0.377840786818467,0.460542619966376,-0.800908163142179,0.38268343236509,5.28834763354282,5.23424242673099,0.387463093942741,0.392699081698724,0.124681393372982,-0.0541052068118244,0.005235987755983,141
0.294880742631107,-0.886444215654182,0.356737999319625,0.235280242202304,-0.909761193494597,0.342020143325669,5.03352956275165,4.96546172192387,0.364773813666815,0.349065850398866,0.125318606627018,-0.0680678408277791,-0.015707963267949,8
0.268776083680356,-0.857665526008991,0.438371146789077,0.266455728914653,-0.860779381074648,0.433659084587544,5.0160762702317,5.01258561172771,0.453785605518526,0.448549617762543,0.125318606627018,-0.00349065850398933,-0.00523598775598294,49
0.867958786478129,-0.430858483367107,0.246999012722743,0.895976171762251,-0.385868301452597,0.219846204352837,5.82241838465308,5.87652359146491,0.249582083035189,0.22165681500328,0.12553101104503,0.0541052068118235,-0.0279252680319093,126
-0.0185346052197815,-0.96529470597647,0.260504508642648,-0.0418874222600289,-0.959379698871837,0.278991106039229,4.69319035861275,4.66875574908483,0.263544717051144,0.282743338823081,0.125955819881054,-0.02443460952792,0.0191986217719377,16
0.853453377409892,-0.300548377906108,0.425779291565073,0.82331659092765,-0.342713619386852,0.452434709311783,5.94459143229269,5.88874089622887,0.439822971502571,0.469493568786475,0.126805437553101,-0.0558505360638186,0.0296705972839036,98
0.55265047556574,-0.792205878385903,0.258819045102521,0.477554549224578,-0.840648034118631,0.255445757935791,5.32150888933071,5.22900643897501,0.261799387799149,0.258308729295161,0.126805437553101,-0.0925024503556982,-0.00349065850398861,71
0.0659108593630539,-0.919503903675621,0.387515586452103,0.0529879662005486,-0.918978487597739,0.390731128489274,4.78394747971646,4.7699848457005,0.397935069454707,0.401425727958696,0.126805437553101,-0.0139626340159555,0.00349065850398861,39
0.61428674113358,-0.684633760928198,-0.392337116603562,0.621181899770619,-0.670815430695255,-0.405141586779863,5.44368193697031,5.45938990023826,-0.40317105721069,-0.417133691226645,0.127230246389125,0.0157079632679498,-0.0139626340159545,67
-0.591617055625887,-0.725394178319911,-0.351841648404702,-0.546424177466341,-0.780374599884254,-0.30403306092549,4.02821991360291,4.10152374218667,-0.359537825910832,-0.308923277602996,0.127230246389125,0.0733038285837608,0.0506145483078356,69
0.421071939320813,-0.819317382547137,-0.389123950140206,0.312270006719859,-0.867363310937154,-0.387515586452103,5.18711853692715,5.05796417227957,-0.399680398706701,-0.397935069454707,0.127442650807137,-0.129154364647579,0.00174532925199428,26
0.105640315587145,-0.956878008086879,0.270600445975864,0.129362817118557,-0.944371595673395,0.302369890750444,4.82234472326033,4.84852466204025,0.27401669256311,0.307177948351002,0.127867459643161,0.0261799387799151,0.0331612557878923,25
-0.139994664017594,-0.948042008972219,0.285688367404974,-0.136469301249086,-0.947031342909912,0.290702193598252,4.56578132321717,4.56927198172115,0.289724655831059,0.294960643587042,0.129141886151232,0.00349065850398844,0.00523598775598294,64
-0.860371295677286,-0.243460536498999,0.44775908783877,-0.879864709806282,-0.175814317927012,0.441505852791745,3.4173546754049,3.33881485906515,0.464257581030492,0.457276264022514,0.129141886151232,-0.0785398163397444,-0.00698131700797738,39
-0.949508820382515,-0.140211263881965,0.280666708920788,-0.936038225039789,-0.0588905334650752,0.346935651573256,3.28820031075732,3.20442450666159,0.284488668075076,0.354301838154849,0.129141886151232,-0.0837758040957275,0.0698131700797732,15
-0.957999268078499,-0.0502066141947727,0.282341456842876,-0.958251054526004,-0.0117078276926763,0.285688367404974,3.19395253114962,3.15380995835375,0.28623399732707,0.289724655831059,0.129566694987256,-0.0401425727958697,0.00349065850398872,21
-0.91645982219179,0.0785683221368292,0.392337116603562,-0.903974432135342,0.136713279190725,0.405141586779863,3.05607152024207,2.99149433791828,0.40317105721069,0.417133691226645,0.129566694987256,-0.0645771823237897,0.0139626340159545,51
0.186320574055612,-0.854543314174413,0.484809620246337,0.183866118292566,-0.857658815058445,0.480223497443189,4.92706447837999,4.923573819876,0.506145483078356,0.500909495322373,0.130203908241291,-0.00349065850398844,-0.005235987755983,46
-0.868668315690124,0.19098911590645,0.457097927058694,-0.876180191495138,0.210352253104731,0.433659084587544,2.9251718263425,2.90597320457056,0.474729556542458,0.448549617762543,0.130203908241291,-0.0191986217719378,-0.0261799387799149,13
-0.69991736512184,-0.602023908979285,-0.384295322659804,-0.687564814699791,-0.619086139872587,-0.379456159529005,3.85194165915149,3.87463093942741,-0.394444410950718,-0.389208423194735,0.130416312659303,0.0226892802759262,0.005235987755983,9
-0.857283600160241,0.396120635109074,-0.328866646738583,-0.862059026924059,0.385617638032372,-0.328866646738583,2.7087509990952,2.72096830385916,-0.335103216382911,-0.335103216382911,0.130628717077315,0.0122173047639604,0,16
-0.751633228178303,-0.352090732209037,0.55774510897969,-0.755728435165175,-0.396766298735343,0.521009631840576,3.57967029584037,3.62504885639222,0.591666616426078,0.548033385126219,0.130841121495327,0.045378560551852,-0.0436332312998582,61
-0.833424269612523,-0.430162342015516,-0.346935651573256,-0.846735427696116,-0.407506241723687,-0.342020143325669,3.61806753938425,3.59014227135234,-0.354301838154849,-0.349065850398866,0.131478334749363,-0.0279252680319102,0.005235987755983,32
-0.568357236430352,0.706893836201185,-0.421035813367491,-0.610546567655307,0.675705275089417,-0.413104429824542,2.2479840765687,2.30557994188451,-0.434586983746588,-0.425860337486616,0.131478334749363,0.0575958653158124,0.00872664625997172,30
-0.342845521268751,0.921883824971436,0.18051914525056,-0.36538325696764,0.913523313001483,0.17880221511635,1.92684349420174,1.95127810372966,0.18151424220741,0.179768912955416,0.131478334749363,0.02443460952792,-0.00174532925199433,74
-0.540660720149832,-0.783732330716667,-0.305695304963106,-0.547675201873871,-0.773509426099328,-0.31895930929807,4.10850505919465,4.09628775443069,-0.310668606854991,-0.324631240870945,0.132115548003398,-0.0122173047639595,-0.0139626340159547,8
-0.759894194660295,-0.308561035162978,0.572145873445516,-0.765013771112245,-0.269403876145414,0.584957674987215,3.52731041828054,3.48018652847669,0.609119908946021,0.62482787221397,0.132115548003398,-0.0471238898038466,0.0157079632679489,31
-0.854538648451126,0.336611725442733,-0.395545502562965,-0.811326427724569,0.474100885081623,-0.342020143325669,2.76634686441101,2.61275789023551,-0.406661715714679,-0.349065850398866,0.132115548003398,-0.153588974175501,0.0575958653158129,9
-0.276277667351358,0.881603108613035,0.38268343236509,-0.33562151010737,0.856405154636783,0.392337116603562,1.87448361664191,1.94429678672168,0.392699081698724,0.40317105721069,0.132752761257434,0.0698131700797733,0.010471975511966,8
-0.509682837439641,0.790872952254261,0.338737920245291,-0.51170153873967,0.790970150892904,0.335451569750255,2.14326432144904,2.14500965070103,0.345575191894877,0.342084533390889,0.133602378929482,0.00174532925199467,-0.00349065850398861,38
0.0214641541240451,0.945841845276251,0.323917418198149,-0.0335137663167148,0.959708700709896,0.278991106039229,1.54810704651897,1.60570291183478,0.329867228626928,0.282743338823081,0.133602378929482,0.0575958653158128,-0.0471238898038469,22
-0.920369385757749,0.167259464829748,-0.353474843779257,-0.925668462091157,0.158227407888498,-0.343659694585616,2.96182374063438,2.97229571614634,-0.361283155162826,-0.35081117965086,0.134239592183517,0.0104719755119662,0.0104719755119659,65
0.551394560370448,0.796314874164619,0.248689887164855,0.501943382133238,0.838686277183391,0.211324796455389,0.965167076352864,1.03148958792865,0.251327412287183,0.212930168743308,0.134239592183517,0.0663225115757844,-0.0383972435438753,30
-0.623325155912905,0.593584523936575,0.509041415750371,-0.639244518131439,0.581667756826025,0.503019946630235,2.38062909972027,2.40331837999619,0.534070751110265,0.527089434102287,0.134664401019541,0.0226892802759262,-0.00698131700797744,24
-0.284992592043258,0.932168765933273,0.223250116010951,-0.274424884897807,0.932415770562936,0.23514211310259,1.86750229963393,1.85703032412197,0.225147473507269,0.237364778271229,0.135514018691589,-0.0104719755119658,0.0122173047639603,40
0.119610282526889,0.960288716453933,0.252069358243114,0.0946842705939217,0.965664892875143,0.241921895599668,1.4468779499033,1.47305788868321,0.254818070791172,0.244346095279206,0.135514018691589,0.0261799387799151,-0.0104719755119659,31
0.881842657451142,-0.221503565421779,0.416280792260401,0.847272024671077,-0.306708191224928,0.433659084587544,6.03709388264839,5.93586478603271,0.429350995990605,0.448549617762543,0.135514018691589,-0.101229096615671,0.0191986217719376,149
0.897916817381278,0.0754001818205395,0.433659084587544,0.896446892698073,0.0532587588895743,0.439939169855915,0.0837758040957278,0.0593411945678072,0.448549617762543,0.45553093477052,0.135938827527613,-0.0244346095279204,0.00698131700797733,12
0.927022383863812,0.0388537496856689,-0.372987782575809,0.925906368479091,0.033951445257952,-0.376224263139366,0.0418879020478639,0.0366519142918809,-0.382227106186758,-0.385717764690747,0.135938827527613,-0.00523598775598311,-0.00349065850398872,19
0.52279405491961,0.801964460868287,0.289031796944472,0.48324790736088,0.826979680320522,0.287360519849712,0.993092344384774,1.04196156344061,0.293215314335047,0.291469985083053,0.13678844519966,0.0488692190558413,-0.00174532925199433,51
0.390477627468855,-0.833580474624851,0.390731128489274,0.327360023516585,-0.861781344228281,0.387515586452103,5.15046662263527,5.07541746479951,0.401425727958696,0.397935069454707,0.13678844519966,-0.0750491578357559,-0.00349065850398861,88
0.376046750080518,-0.844614829388012,-0.381070376350274,0.298607531994556,-0.872161230560498,-0.387515586452103,5.13126800086333,5.04225620901162,-0.39095375244673,-0.397935069454707,0.13678844519966,-0.0890117918517106,-0.00698131700797733,68
0.148179504915901,-0.957181369618533,-0.248689887164855,0.120186358099188,-0.964913727449785,-0.233445363855905,4.86597795456019,4.83630735727629,-0.251327412287183,-0.235619449019234,0.137000849617672,-0.0296705972839035,0.015707963267949,13
0.341447396861829,-0.603506230814994,-0.72055111168033,0.325410388521251,-0.627780279271696,-0.707106781186547,5.22726110972302,5.19060919543114,-0.804596785169386,-0.785398163397448,0.13785046728972,-0.0366519142918813,0.0191986217719377,18
-0.452278695111805,-0.78022169133535,0.432085748801982,-0.602402460148447,-0.659714872873052,0.449318998615897,4.1870448755344,3.97236937753909,0.446804288510548,0.466002910282486,0.13785046728972,-0.214675497995302,0.0191986217719375,4
0.218915184073136,-0.891262977547351,-0.397147890634781,0.21660948282399,-0.895356288512012,-0.389123950140206,4.95324441715991,4.94975375865592,-0.408407044966673,-0.399680398706701,0.138275276125743,-0.00349065850398844,0.00872664625997172,29
0.192196052330467,-0.953186204035061,0.233445363855905,0.254620899199494,-0.93716059846029,0.238533457578581,4.91135651511204,4.97767902668783,0.235619449019234,0.240855436775218,0.138700084961767,0.0663225115757839,0.00523598775598302,22
-0.0902359528431346,-0.937136201180579,-0.337095258423082,0.0132560497374152,-0.949332931452879,-0.313992455967405,4.616395871525,4.72635161440064,-0.343829862642883,-0.319395253114962,0.138700084961767,0.109955742875642,0.0244346095279206,31
0.836060312661625,-0.312590142029457,-0.450877540689431,0.836739105444182,-0.306203029976366,-0.453990499739547,5.92539281052075,5.93237412752873,-0.46774823953448,-0.471238898038469,0.139124893797791,0.00698131700797688,-0.00349065850398861,76
-0.857803340820778,-0.396360789009726,-0.327217898979104,-0.790312269451462,-0.541138104725756,-0.287360519849712,3.57443430808439,3.74198591627584,-0.333357887130917,-0.291469985083053,0.139549702633815,0.167551608191456,0.0418879020478639,51
-0.977032181336276,-0.0051157752893916,0.213030386274977,-0.950077469986542,-0.0431427654589467,0.309016994374947,3.14682864134578,3.18697121414165,0.214675497995303,0.314159265358979,0.140611724723874,0.0401425727958697,0.0994837673636768,6
-0.846676789761629,0.394811871047937,-0.356737999319625,-0.856438933614426,0.386697006128667,-0.342020143325669,2.70526034059121,2.71747764535517,-0.364773813666815,-0.349065850398866,0.140611724723874,0.0122173047639604,0.015707963267949,17
-0.318030391809311,-0.787152841754058,0.528438334722347,-0.366661482918273,-0.758475707038308,0.538770785006863,4.32841654494594,4.26209403337015,0.556760031386191,0.568977336150151,0.140824129141886,-0.0663225115757839,0.0122173047639603,47
-0.639932211324721,0.681458590200695,0.355106962408137,-0.542187146303407,0.75453325564143,0.369746757273829,2.32477856365645,2.19387886975687,0.363028484414821,0.378736447682769,0.141036533559898,-0.130899693899575,0.0157079632679489,4
-0.663163496172792,-0.651688952687235,-0.368124552684678,-0.67871048014203,-0.637351564206768,-0.36487678433762,3.91826417072727,3.89557489045134,-0.376991118430775,-0.373500459926786,0.141461342395922,-0.0226892802759262,0.00349065850398872,53
-0.302806319563536,0.884424885494326,0.355106962408137,-0.246907833723013,0.896393237009804,0.368124552684678,1.90066355542182,1.83957703160202,0.363028484414821,0.376991118430775,0.141461342395922,-0.0610865238198013,0.0139626340159547,112
-0.96160510855649,-0.192147661329902,0.195946144242518,-0.960723824135671,-0.119664478053557,0.250380004054441,3.33881485906515,3.26551103048139,0.197222205475359,0.253072741539178,0.142523364485981,-0.0733038285837622,0.0558505360638186,111
-0.574117709196909,0.711511876673881,-0.405141586779863,-0.573819340027033,0.716243616359186,-0.397147890634781,2.24972940582069,2.2462387473167,-0.417133691226645,-0.408407044966673,0.142523364485981,-0.00349065850398889,0.0087266462599716,39
-0.951959290109521,0.0365705870673966,-0.30403306092549,-0.953177601691118,-0.00499087186101054,-0.302369890750444,3.10319541004592,3.14682864134578,-0.308923277602996,-0.307177948351002,0.142735768903993,0.0436332312998582,0.00174532925199433,35
0.903273900620629,0.136607333760027,-0.4067366430758,0.905133044842856,0.128819508596315,-0.405141586779863,0.150098315671512,0.141371669411541,-0.418879020478639,-0.417133691226645,0.143372982158029,-0.00872664625997155,0.00174532925199433,22
0.808346600058153,-0.406555985134605,0.425779291565073,0.74143623759166,-0.513394790846337,0.432085748801982,5.8171823968971,5.67755605673755,0.439822971502571,0.446804288510548,0.143585386576041,-0.139626340159547,0.00698131700797738,25
0.917742045330649,0.00480533002619934,-0.397147890634781,0.903300896623323,-0.00788298750010614,-0.428935133403146,0.00523598775598299,6.27445866091961,-0.408407044966673,-0.44331363000656,0.143797790994053,-0.0139626340159538,-0.0349065850398865,51
0.851653650801534,-0.452832278640107,-0.263873049965373,0.890623595342024,-0.376214136061707,-0.255445757935791,5.79449311662117,5.88350490847288,-0.267035375555132,-0.258308729295161,0.144222599830076,0.0890117918517106,0.00872664625997166,6
0.613954357123435,-0.747440267131256,-0.253757944584806,0.613825974342635,-0.744630450509475,-0.262189178640865,5.40004870567045,5.40179403492245,-0.256563400043166,-0.265290046303138,0.144222599830076,0.001745329251996,-0.00872664625997166,21
0.351375920374148,-0.874075057951724,-0.335451569750255,0.367968640300019,-0.862690404156205,-0.346935651573256,5.09461608657145,5.11556003759538,-0.342084533390889,-0.354301838154849,0.1446474086661,0.0209439510239333,-0.0122173047639603,6
0.268021473734401,-0.934701958760879,-0.233445363855905,0.30934970810275,-0.919214057839217,-0.243615011786023,4.99164166070378,5.03702022125564,-0.235619449019234,-0.2460914245312,0.1446474086661,0.0453785605518533,-0.010471975511966,87
0.788603673746242,-0.564584778209993,0.243615011786023,0.811095706885478,-0.534819078605231,0.236838146065619,5.6618480934696,5.70024533701348,0.2460914245312,0.239110107523223,0.145072217502124,0.0383972435438755,-0.00698131700797736,18
0.125711779547699,-0.942165964443023,-0.310676429630732,0.206825028896363,-0.940694178520454,-0.268919820615266,4.84503400353626,4.92880980763199,-0.315904594610974,-0.272271363311115,0.145497026338148,0.083775804095727,0.0436332312998582,97
-0.413533407246949,-0.808115135127597,0.419452082446177,-0.43885795141667,-0.785243845029772,0.436801788367702,4.23940475309423,4.20275283880235,0.432841654494594,0.452040276266531,0.145497026338148,-0.0366519142918813,0.0191986217719376,39
-0.468411306486553,-0.782658261492001,0.409923033841573,-0.533956277825928,-0.729558736478026,0.427357863387192,4.17308224151844,4.08057979116274,0.422369678982628,0.441568300754565,0.146134239592184,-0.092502450355699,0.0191986217719377,60
-0.586600191809886,-0.68198563961962,0.436801788367702,-0.687769440750741,-0.547076515559685,0.477158760259608,4.002039974823,3.81354441560761,0.452040276266531,0.497418836818384,0.146134239592184,-0.188495559215388,0.0453785605518526,56
0.743380752118336,-0.488309883638067,-0.457097927058694,0.739503540719792,-0.483917557223289,-0.467929814260573,5.70199066626547,5.70373599551747,-0.474729556542458,-0.486946861306418,0.146559048428207,0.00174532925199511,-0.0122173047639603,4
-0.742790681439305,-0.601500033835588,-0.294040325232304,-0.751116529128167,-0.591070424575394,-0.294040325232304,3.82227106186758,3.80830842785163,-0.29845130209103,-0.29845130209103,0.146559048428207,-0.0139626340159551,0,114
-0.92967478246678,-0.331042299185676,0.161603821103361,-0.934491291212238,-0.316307851161386,0.163325962241622,3.48367718698068,3.46796922371273,0.162315620435473,0.164060949687467,0.146771452846219,-0.0157079632679484,0.00174532925199433,48
0.0741845324354018,-0.942603857381616,-0.325568154457157,0.10912425900549,-0.943133412456615,-0.313992455967405,4.79092879672443,4.82758071101632,-0.331612557878923,-0.319395253114962,0.147408666100255,0.0366519142918822,0.0122173047639603,23
-0.622751802868764,-0.644878369838334,-0.44307119082418,-0.624282682121315,-0.64872569160052,-0.435231099372328,3.94444410950718,3.94618943875918,-0.459021593274509,-0.450294947014537,0.147408666100255,0.00174532925199467,0.0087266462599716,9
-0.922838544436727,0.141214141078715,0.3583679495453,-0.91883151175641,0.142242633250849,0.368124552684678,2.98974900866629,2.98800367941429,0.366519142918809,0.376991118430775,0.147408666100255,-0.00174532925199467,0.010471975511966,20
-0.531888811538627,-0.822174923603254,0.202787295356512,-0.525999766155072,-0.822482911386695,0.216439613938103,4.13817565647856,4.14341164423454,0.204203522483337,0.218166156499291,0.148683092608326,0.00523598775598355,0.0139626340159546,7
-0.81761695931587,-0.453212481170077,-0.355106962408137,-0.828598131969811,-0.42037182491412,-0.369746757273829,3.64773813666815,3.61108622237627,-0.363028484414821,-0.378736447682769,0.148683092608326,-0.0366519142918813,-0.0157079632679489,36
-0.934019987387753,-0.280219425384357,0.221548497619467,-0.909846199650906,-0.363912516557241,0.199367934417197,3.43306263867285,3.52207443052456,0.223402144255274,0.200712863979348,0.148683092608326,0.0890117918517115,-0.0226892802759263,35
-0.906825988845492,0.21102501796193,-0.36487678433762,-0.903011499558297,0.182079057260187,-0.389123950140206,2.91295452157854,2.94262511886244,-0.373500459926786,-0.399680398706701,0.148683092608326,0.0296705972839035,-0.0261799387799149,4
-0.861334624363352,0.256775003720519,0.438371146789077,-0.854311821802559,0.295831992403671,0.427357863387192,2.85186799775873,2.80823476645888,0.453785605518526,0.441568300754565,0.148683092608326,-0.0436332312998582,-0.0122173047639602,8
-0.33154158441632,-0.941463357557466,0.0610485395348569,-0.297135307426389,-0.953991639538182,0.0401317925325597,4.37379510549779,4.41044701978967,0.0610865238198015,0.0401425727958696,0.149320305862362,0.0366519142918804,-0.020943951023932,37
-0.925066404404325,0.198317053301776,0.323917418198149,-0.919713200108742,0.237854006112349,0.312334918512233,2.93040781409848,2.88851991205062,0.329867228626928,0.317649923862968,0.149320305862362,-0.0418879020478644,-0.0122173047639603,120
-0.460382775535463,-0.739635859512523,0.490903753615141,-0.449916748639186,-0.739983053382943,0.5,4.1556289489985,4.16610092451046,0.513126800086333,0.523598775598299,0.150807136788445,0.0104719755119653,0.010471975511966,95
-0.721631416351268,-0.51854477637539,-0.458649554484315,-0.732946138905923,-0.509410836913341,-0.450877540689431,3.76467519655177,3.74896723328382,-0.476474885794452,-0.46774823953448,0.150807136788445,-0.0157079632679489,0.0087266462599716,17
-0.799052252080745,0.43384997457617,-0.416280792260401,-0.773754196429031,0.423618048787604,-0.47101188121941,2.64417381677141,2.64068315826742,-0.429350995990605,-0.490437519810407,0.150807136788445,-0.00349065850398844,-0.0610865238198015,4
-0.818955241169419,0.459576247513358,-0.343659694585616,-0.847960486077879,0.411747489098661,-0.333806859233771,2.63021118275545,2.68955237732326,-0.35081117965086,-0.340339204138894,0.150807136788445,0.0593411945678071,0.010471975511966,7
-0.732801526919556,0.601929960350881,-0.317304656405092,-0.692331771523179,0.638865371178989,-0.335451569750255,2.45393292830403,2.39633706298821,-0.322885911618951,-0.342084533390889,0.150807136788445,-0.0575958653158128,-0.0191986217719377,193
-0.555743354235864,0.762114365885074,0.332161131883703,-0.608663923237982,0.722811645683887,0.327217898979104,2.20086018676485,2.27067335684462,0.3385938748869,0.333357887130917,0.151231945624469,0.0698131700797733,-0.00523598775598294,4
-0.891843682491815,0.312319215846767,0.327217898979104,-0.904618017780121,0.313252074634174,0.289031796944472,2.80474410795489,2.80823476645888,0.333357887130917,0.293215314335047,0.151869158878505,0.00349065850398933,-0.0401425727958696,6
-0.334359486049514,0.853184848798584,0.400349032556895,-0.365846840703971,0.845422167070515,0.389123950140206,1.94429678672168,1.97920337176157,0.411897703470662,0.399680398706701,0.151869158878505,0.0349065850398862,-0.0122173047639604,17
-0.164535200152575,0.914448196124986,0.369746757273829,-0.107711616528207,0.916905290990666,0.384295322659804,1.74881991049832,1.68773338667852,0.378736447682769,0.394444410950718,0.152293967714528,-0.0610865238198013,0.015707963267949,133
-0.687327651604785,-0.610238044706561,-0.393941909590951,-0.687327651604785,-0.610238044706561,-0.393941909590951,3.86764962241943,3.86764962241943,-0.404916386462684,-0.404916386462684,0.15250637213254,0,0,9
-0.589244892528285,0.773494485257338,0.233445363855905,-0.630400630437654,0.745978407469186,0.214735327167063,2.22180413778878,2.27241868609662,0.235619449019234,0.216420827247297,0.153143585386576,0.0506145483078355,-0.0191986217719376,17
-0.559236706584069,0.747547134800008,-0.3583679495453,-0.580818067409294,0.746093659920987,-0.325568154457157,2.21307749152881,2.23227611330075,-0.366519142918809,-0.331612557878923,0.153993203058624,0.0191986217719378,0.0349065850398866,16
0.623976146543974,0.730582200445586,0.277314653302378,0.621589927199114,0.738161768861154,0.262189178640865,0.863937979737193,0.87091929674517,0.280998009571087,0.265290046303138,0.153993203058624,0.00698131700797688,-0.015707963267949,66
0.686574480812121,0.691384484528797,-0.224951054343865,0.672421894676972,0.716056588897244,-0.187381314585725,0.788888821901437,0.816814089933346,-0.226892802759263,-0.188495559215388,0.153993203058624,0.0279252680319093,0.0383972435438752,26
0.876058199338454,0.341560819135667,0.34037955021305,0.854670261607727,0.387695625061397,0.345298198998535,0.371755130674792,0.425860337486616,0.347320521146872,0.352556508902855,0.154418011894647,0.0541052068118244,0.005235987755983,9
-0.139645284773567,0.871834643826387,0.469471562785891,-0.173523412010343,0.876357269021657,0.449318998615897,1.72962128872638,1.76627320301826,0.488692190558412,0.466002910282486,0.155480033984707,0.0366519142918813,-0.0226892802759264,9
0.689717196640844,0.666052154587467,-0.284015344703923,0.68744165987746,0.677909555355119,-0.260504508642648,0.767944870877505,0.778416846389471,-0.287979326579064,-0.263544717051144,0.155480033984707,0.0104719755119662,0.0244346095279206,13
0.841433988498147,0.451172946072036,-0.297374874077786,0.825943107367797,0.476858475374113,-0.300705799504273,0.492182849062401,0.523598775598299,-0.301941960595019,-0.305432619099008,0.156542056074766,0.0314159265358978,-0.00349065850398861,91
-0.29598231688481,-0.894967847925268,-0.333806859233771,-0.294793411459961,-0.901921576432322,-0.315649036947102,4.39299372726973,4.39648438577372,-0.340339204138894,-0.321140582366957,0.157179269328802,0.00349065850398933,0.0191986217719377,26
-0.485012264251927,-0.813615642544395,0.320612990585676,-0.516474039056999,-0.789255059816461,0.332161131883703,4.17482757077044,4.13293966872257,0.32637657012294,0.3385938748869,0.157604078164826,-0.0418879020478631,0.0122173047639603,52
-0.545923749468471,-0.727102167347436,0.416280792260401,-0.621257187395437,-0.663889907367602,0.416280792260401,4.06836248639878,3.96015207277513,0.429350995990605,0.429350995990605,0.157604078164826,-0.108210413623648,0,45
-0.667975757467587,-0.542849172870754,0.509041415750371,-0.644408511581938,-0.548434631110894,0.53287627607073,3.82401639111958,3.8467056713955,0.534070751110265,0.561996019142174,0.158453695836873,0.0226892802759266,0.0279252680319092,13
-0.737911447100932,-0.591178545822469,-0.325568154457157,-0.81241286700068,-0.452183200973279,-0.368124552684678,3.8170350741116,3.64948346592014,-0.331612557878923,-0.376991118430775,0.158453695836873,-0.167551608191455,-0.0453785605518526,27
-0.719581259274644,-0.55816443935462,0.413104429824542,-0.764345146761516,-0.475762952279045,0.435231099372328,3.80132711084365,3.69835268497598,0.425860337486616,0.450294947014537,0.158453695836873,-0.102974425867665,0.0244346095279207,15
-0.0134927170949208,-0.966281880855613,-0.257132793154696,0.0118171109435705,-0.967195565255053,-0.253757944584806,4.69842634636874,4.72460628514865,-0.260054058547155,-0.256563400043166,0.158878504672897,0.0261799387799151,0.00349065850398872,31
-0.918825755444598,-0.352704161979428,0.177084740319583,-0.926537010907668,-0.319032277590378,0.199367934417197,3.5081117965086,3.47320521146872,0.178023583703422,0.200712863979348,0.158878504672897,-0.0349065850398866,0.0226892802759263,42
-0.338715050968294,-0.901136789219711,0.270600445975864,-0.25488179382322,-0.931690921427099,0.258819045102521,4.35285115447386,4.44535360482956,0.27401669256311,0.261799387799149,0.159303313508921,0.092502450355699,-0.0122173047639603,45
-0.799402140995216,-0.410836895416045,0.438371146789077,-0.800196560635199,-0.436281327825778,0.411514358605109,3.61632221013225,3.64075681966017,0.453785605518526,0.424115008234622,0.159303313508921,0.0244346095279209,-0.0296705972839035,22
-0.762399986530997,-0.37349589948674,0.528438334722347,-0.776824458416993,-0.318598929260492,0.543174449950671,3.59712358836031,3.53080107678453,0.556760031386191,0.574213323906134,0.159940526762957,-0.0663225115757844,0.0174532925199432,18
-0.947904135327019,0.126477415009389,0.292371704722737,-0.957676613840033,0.0167163074748133,0.287360519849712,3.00894763043822,3.12413936106985,0.296705972839036,0.291469985083053,0.159940526762957,0.115191730631626,-0.00523598775598294,196
-0.837757788638056,0.362530167987438,-0.408330460381385,-0.82800209917801,0.372118898053263,-0.419452082446177,2.73318560862312,2.71922297460717,-0.420624349730633,-0.432841654494594,0.160152931180969,-0.0139626340159547,-0.0122173047639603,97
-0.864213507840193,-0.12299579607283,-0.487859659138733,-0.874049830226506,-0.146265779057275,-0.463296035119862,3.28296432300133,3.30739893252925,-0.509636141582344,-0.481710873550435,0.161214953271028,0.0244346095279209,0.0279252680319091,22
-0.341081444708328,0.852764447827119,0.395545502562965,-0.274064250971476,0.8692207538947,0.411514358605109,1.95127810372966,1.8762289458939,0.406661715714679,0.424115008234622,0.161214953271028,-0.0750491578357559,0.0174532925199433,239
-0.788143356427769,0.547773902465557,-0.280666708920788,-0.818665758582436,0.505618277751278,-0.272280247040574,2.53421807389577,2.58832328070759,-0.284488668075076,-0.275762021815104,0.162914188615123,0.0541052068118244,0.0087266462599716,22
-0.673134888928229,0.697051582755229,0.246999012722743,-0.633018732175839,0.730776812349094,0.255445757935791,2.3387411976724,2.28463599086058,0.249582083035189,0.258308729295161,0.162914188615123,-0.0541052068118244,0.00872664625997169,9
0.547055547283102,0.766943591497364,0.335451569750255,0.562029077366837,0.748552450161005,0.351841648404702,0.951204442336909,0.926769832808989,0.342084533390889,0.359537825910832,0.162914188615123,-0.0244346095279204,0.0174532925199433,38
-0.60478650047612,0.720756484694896,-0.338737920245291,-0.624527298969328,0.708387169212568,-0.328866646738583,2.26892802759263,2.29336263712055,-0.345575191894877,-0.335103216382911,0.163338997451147,0.0244346095279204,0.010471975511966,3
0.0971852675222109,0.973670815882631,0.20620418539663,0.0985839087852225,0.970540498567822,0.219846204352837,1.47131255943122,1.46956723017923,0.207694180987325,0.22165681500328,0.163338997451147,-0.00174532925199422,0.0139626340159546,18
-0.790325390981625,0.304961187786095,0.531398579518083,-0.77892491637871,0.330634010720935,0.53287627607073,2.77332818141899,2.7401669256311,0.56025068989018,0.561996019142174,0.163976210705183,-0.033161255787892,0.00174532925199433,26
0.665353340348848,0.681812899812629,0.30403306092549,0.665986737583764,0.684849191064487,0.295708050044047,0.797615468161409,0.799360797413403,0.308923277602996,0.300196631343025,0.163976210705183,0.00174532925199422,-0.00872664625997166,13
0.769326009287575,0.575529386302243,-0.277314653302378,0.766542470871644,0.583948876787216,-0.267238376078257,0.642281164733913,0.651007810993885,-0.280998009571087,-0.270526034059121,0.163976210705183,0.00872664625997155,0.010471975511966,53
0.410727252567444,0.823791423376025,-0.390731128489274,0.458297171135353,0.806748918176228,-0.372987782575809,1.1082840750164,1.05417886820457,-0.401425727958696,-0.382227106186758,0.164401019541206,-0.0541052068118244,0.0191986217719376,20
0.872052767218718,0.307098257003254,-0.381070376350274,0.900984673829643,0.251559440966389,-0.353474843779257,0.3385938748869,0.272271363311115,-0.39095375244673,-0.361283155162826,0.164401019541206,-0.0663225115757844,0.0296705972839036,14
0.527997779866694,0.813045282188606,0.245307385878803,0.517253898313667,0.81192598389076,0.270600445975864,0.994837673636768,1.00356431989674,0.247836753783195,0.27401669256311,0.16482582837723,0.00872664625997155,0.026179938779915,12
0.676255424905658,0.705192636666891,0.213030386274977,0.72989000779113,0.641224039704427,0.236838146065619,0.80634211442138,0.720820981073658,0.214675497995303,0.239110107523223,0.16482582837723,-0.0855211333477222,0.0244346095279206,26
0.653109304050977,0.673956519910904,0.345298198998535,0.613695226772439,0.718544789991846,0.327217898979104,0.801106126665397,0.863937979737193,0.352556508902855,0.333357887130917,0.165250637213254,0.062831853071796,-0.0191986217719376,25
0.937746872250124,-0.173801109690372,0.300705799504273,0.941426943596848,-0.155852219864682,0.299040792256087,6.09992573572018,6.11912435749212,0.305432619099008,0.303687289847013,0.165250637213254,0.0191986217719382,-0.00174532925199433,25
0.895879707052835,-0.137088859263606,0.422618261740699,0.89286402973188,-0.163871214502469,0.419452082446177,6.13134166225608,6.10167106497218,0.436332312998582,0.432841654494594,0.165463041631266,-0.0296705972839026,-0.00349065850398866,6
-0.0563876180336589,0.896255523474739,0.439939169855915,-0.0549631461099207,0.898639495408951,0.435231099372328,1.63362817986669,1.6318828506147,0.45553093477052,0.450294947014537,0.166312659303314,-0.00174532925199422,-0.005235987755983,14
0.631941647457085,-0.663604103619005,0.400349032556895,0.700990239934741,-0.598702224626664,0.387515586452103,5.47335253425422,5.57632696012188,0.411897703470662,0.397935069454707,0.166525063721325,0.102974425867664,-0.0139626340159547,15
0.872644549351307,0.481725671958583,0.0801989243288589,0.875059904264781,0.475118762545628,0.0923705874465616,0.504400153826361,0.497418836818384,0.0802851455917391,0.0925024503556995,0.166949872557349,-0.00698131700797733,0.0122173047639603,50
0.0687620457419399,-0.959280004773797,0.273959218692432,0.0686932540903883,-0.958320311746681,0.277314653302378,4.78394747971646,4.78394747971646,0.277507351067098,0.280998009571087,0.167587085811385,0,0.00349065850398866,8
0.0795390608031167,-0.967452337541287,-0.240228042477264,0.135039065074129,-0.96085287496753,-0.241921895599668,4.79441945522842,4.85201532054424,-0.242600766027212,-0.244346095279206,0.168011894647409,0.0575958653158137,-0.00174532925199436,6
0.881474682239009,0.163371675737506,-0.44307119082418,0.876820751646244,0.175206075066785,-0.44775908783877,0.183259571459405,0.197222205475359,-0.459021593274509,-0.464257581030492,0.168861512319456,0.0139626340159547,-0.00523598775598305,24
0.417802636693727,-0.802591397690079,0.425779291565073,0.377126729515228,-0.812449990655632,0.444635179184927,5.19235452468313,5.14697596413128,0.439822971502571,0.460766922526503,0.168861512319456,-0.0453785605518524,0.020943951023932,50
-0.0894196336117516,-0.928658401818513,-0.359996808120051,-0.0623949251164073,-0.939400691967168,-0.337095258423082,4.616395871525,4.6460664688089,-0.368264472170804,-0.343829862642883,0.168861512319456,0.0296705972839026,0.0244346095279206,43
-0.374442857343323,-0.869446587354372,-0.322265695230511,-0.435647785771036,-0.840449777458706,-0.322265695230511,4.30572726467001,4.23416876533824,-0.328121899374934,-0.328121899374934,0.168861512319456,-0.0715584993317675,0,11
-0.804592396266533,-0.491125296231587,-0.333806859233771,-0.881242020908666,-0.332993610955075,-0.335451569750255,3.68962603871601,3.50287580875262,-0.340339204138894,-0.342084533390889,0.169073916737468,-0.186750229963393,-0.00174532925199433,38
-0.928779112513662,-0.339884889543286,0.147809411129611,-0.914564150640329,-0.375090094006322,0.151260820247219,3.49240383324065,3.53080107678453,0.148352986419518,0.151843644923507,0.16928632115548,0.0383972435438755,0.00349065850398866,22
0.0421916267943288,-0.96634712820422,-0.253757944584806,0.0338920975993914,-0.970542691145485,-0.238533457578581,4.75602221168455,4.74729556542458,-0.256563400043166,-0.240855436775218,0.169711129991504,-0.00872664625997199,0.0157079632679489,5
-0.521011679735478,-0.706683051106071,0.478691857940607,-0.527252310211135,-0.694629266081778,0.489382451748846,4.07708913265875,4.0631264986428,0.499164166070378,0.511381470834338,0.170135938827528,-0.0139626340159538,0.0122173047639603,10
-0.874458525329199,-0.016790461449442,-0.484809620246337,-0.868102367589234,-0.030314802673824,-0.495458668432408,3.16079127536173,3.17649923862968,-0.506145483078356,-0.518362787842316,0.170135938827528,0.0157079632679489,-0.0122173047639603,4
-0.977981195547056,0.0718184496688821,-0.195946144242518,-0.976045246812865,0.087109717599324,-0.199367934417197,3.06828882500603,3.05258086173808,-0.197222205475359,-0.200712863979348,0.170773152081563,-0.0157079632679489,-0.00349065850398864,13
-0.861147769844112,0.327119351185151,-0.389123950140206,-0.893925803979135,0.258018425291377,-0.366501226724297,2.77856416917497,2.86059464401871,-0.399680398706701,-0.375245789178781,0.170773152081563,0.0820304748437337,0.0244346095279205,79
-0.955949525407428,-0.0802733244680642,0.282341456842876,-0.972752172347436,0.00679120161735807,0.231747903494157,3.22536845768552,3.13461133658182,0.28623399732707,0.23387411976724,0.17268479184367,-0.0907571211037057,-0.0523598775598298,7
-0.884744934257888,0.446916825081761,-0.132256390257122,-0.925268234539072,0.35147643082144,-0.142628933705512,2.67384441405531,2.77856416917497,-0.132645023151569,-0.143116998663535,0.17268479184367,0.10471975511966,-0.010471975511966,59
-0.301289158959447,0.85081433827741,0.430511096808295,-0.0138558465938213,0.882018040215347,0.47101188121941,1.91113553093379,1.58650429006285,0.445058959258554,0.490437519810407,0.17268479184367,-0.324631240870946,0.0453785605518526,93
-0.92251560785376,0.00644047853727832,-0.385906042324319,-0.917640747821561,0.0384605426339597,-0.395545502562965,3.13461133658182,3.09970475154193,-0.396189740202713,-0.406661715714679,0.173109600679694,-0.0349065850398866,-0.010471975511966,38
-0.853813992445605,-0.2081374156936,0.477158760259608,-0.851478228353054,-0.153205114648705,0.501510737159457,3.38070276111302,3.31961623729321,0.497418836818384,0.525344104850293,0.174384027187765,-0.0610865238198013,0.0279252680319093,9
0.00679957975153401,0.973952232171767,0.226651307436855,0.00843701862131496,0.966786574932334,0.255445757935791,1.56381500978692,1.56206968053493,0.228638132011257,0.258308729295161,0.174384027187765,-0.00174532925199422,0.0296705972839036,279
-0.796650183638951,0.535326707171984,-0.280666708920788,-0.804805499145499,0.510745100527385,-0.302369890750444,2.54992603716372,2.57610597594363,-0.284488668075076,-0.307177948351002,0.175233644859813,0.0261799387799146,-0.0226892802759263,23
-0.880110838860838,0.315125302965247,-0.355106962408137,-0.873922797875486,0.307756798753048,-0.376224263139366,2.79776279094691,2.80299877870289,-0.363028484414821,-0.385717764690747,0.175658453695837,0.00523598775598222,-0.0226892802759263,8
0.559980384587607,0.799734870063473,0.216439613938103,0.525439609598455,0.827960340367529,0.195946144242518,0.959931088596881,1.00530964914873,0.218166156499291,0.197222205475359,0.175658453695837,0.0453785605518524,-0.020943951023932,12
0.378363426168744,0.870176305820962,0.315649036947102,0.304394791076036,0.909740134826214,0.282341456842876,1.16064395257623,1.24791041517595,0.321140582366957,0.28623399732707,0.176720475785896,0.0872664625997164,-0.0349065850398866,40
0.591026912435284,0.735089226722139,-0.332161131883703,0.565703731652743,0.756191785631847,-0.328866646738583,0.893608577021097,0.928515162060983,-0.3385938748869,-0.335103216382911,0.176720475785896,0.0349065850398866,0.00349065850398866,4
0.682570016318684,0.643221444364343,0.346935651573256,0.698913598597921,0.635962442509466,0.327217898979104,0.755727566113545,0.738274273593601,0.354301838154849,0.333357887130917,0.176720475785896,-0.0174532925199431,-0.0209439510239319,29
0.823594261575351,0.434231993929041,-0.36487678433762,0.825473550735342,0.433383303034772,-0.361624570082092,0.485201532054424,0.483456202802429,-0.373500459926786,-0.370009801422798,0.177994902293968,-0.00174532925199422,0.00349065850398866,63
0.789491331061931,0.395347808787951,-0.469471562785891,0.814388535497364,0.338997228603141,-0.47101188121941,0.464257581030492,0.394444410950718,-0.488692190558412,-0.490437519810407,0.178844519966015,-0.0698131700797733,-0.00174532925199433,72
0.829593858804417,-0.208379574320344,0.51802700937313,0.812204484240601,-0.223718387716673,0.538770785006863,6.03709388264839,6.01440460237246,0.544542726622231,0.568977336150151,0.178844519966015,-0.0226892802759258,0.0244346095279206,6
0.0378723437908303,0.985844975456911,0.163325962241622,0.0377571538455156,0.982846496423268,0.18051914525056,1.53239908325102,1.53239908325102,0.164060949687467,0.18151424220741,0.180118946474087,0,0.0174532925199433,13
0.168530551792625,0.806710250266552,0.566406236924833,0.168446738043103,0.820608520927508,0.546101961014429,1.36484747505957,1.36833813356355,0.602138591938044,0.577703982410123,0.180118946474087,0.00349065850398844,-0.0244346095279206,13
0.426339868811013,-0.836739105444182,0.343659694585616,0.409067813309039,-0.831335568792652,0.376224263139366,5.18362787842316,5.1696652444072,0.35081117965086,0.385717764690747,0.180968564146134,-0.0139626340159547,0.0349065850398866,12
0.927838476770108,-0.0600006227936925,0.368124552684678,0.939884087553833,-0.170805887200194,0.295708050044047,6.2186081248558,6.10341639422417,0.376991118430775,0.300196631343025,0.181180968564146,-0.115191730631627,-0.0767944870877506,9
0.917432633018585,0.315897388881343,0.241921895599668,0.951705471719717,0.232000786046874,0.201077921145965,0.331612557878923,0.239110107523223,0.244346095279206,0.202458193231342,0.182880203908241,-0.0925024503556995,-0.0418879020478639,14
0.0641516803378274,-0.894962090739305,0.441505852791745,0.0307857836517706,-0.88158949816516,0.47101188121941,4.78394747971646,4.74729556542458,0.457276264022514,0.490437519810407,0.182880203908241,-0.0366519142918822,0.0331612557878923,26
0.0438587348978539,-0.930022227489536,-0.36487678433762,-0.076025518897361,-0.924716299480856,-0.372987782575809,4.75951287018854,4.63035850554096,-0.373500459926786,-0.382227106186758,0.182880203908241,-0.129154364647579,-0.00872664625997166,76
0.940090741358354,0.17253893806785,0.294040325232304,0.945032364630799,0.116035383930226,0.305695304963106,0.18151424220741,0.122173047639603,0.29845130209103,0.310668606854991,0.183517417162277,-0.0593411945678071,0.0122173047639603,21
0.668122184468702,-0.665794059065194,0.332161131883703,0.701108314490944,-0.640199866406753,0.313992455967405,5.49953247303413,5.54316570433399,0.3385938748869,0.319395253114962,0.183517417162277,0.0436332312998582,-0.0191986217719376,50
-0.0580530750392266,-0.97714441371765,0.20449605184179,0.0256694992267173,-0.980278626394527,0.195946144242518,4.65304778581688,4.7385689191646,0.205948851735331,0.197222205475359,0.183517417162277,0.0855211333477222,-0.00872664625997166,9
-0.327573213775583,-0.895135877274674,-0.302369890750444,-0.32341368755531,-0.898316075203543,-0.297374874077786,4.36157780073383,4.36681378848981,-0.307177948351002,-0.301941960595019,0.184154630416313,0.00523598775598177,0.00523598775598294,45
0.786591137995503,-0.522609902594526,-0.328866646738583,0.797442278517648,-0.50802676035416,-0.325568154457157,5.69675467850949,5.71595330028143,-0.335103216382911,-0.331612557878923,0.18500424808836,0.0191986217719373,0.00349065850398861,33
0.00166995388913229,-0.956812126747551,-0.290702193598252,-0.0734446214575144,-0.95449803977484,-0.289031796944472,4.71413430963668,4.63559449329694,-0.294960643587042,-0.293215314335047,0.18500424808836,-0.0785398163397444,0.00174532925199428,13
0.520282901280059,-0.771351122022383,0.366501226724297,0.531011403248367,-0.736265468531402,0.419452082446177,5.30580092606276,5.33721685259866,0.375245789178781,0.432841654494594,0.185429056924384,0.0314159265358978,0.0575958653158128,27
-0.315167711937914,-0.875411996811447,-0.366501226724297,-0.281495267920656,-0.882041242774214,-0.377840786818467,4.36681378848981,4.40346570278169,-0.375245789178781,-0.387463093942741,0.185429056924384,0.0366519142918822,-0.0122173047639603,16
0.785656512499291,-0.459100597759038,0.414693242656239,0.79852880607196,-0.440811583558566,0.409923033841573,5.7543505438253,5.77878515335323,0.427605666738611,0.422369678982628,0.186703483432455,0.0244346095279209,-0.00523598775598288,351
-0.148312654345817,-0.905691398615026,-0.397147890634781,-0.19323962902997,-0.901382336208694,-0.387515586452103,4.55007335994922,4.50120414089338,-0.408407044966673,-0.397935069454707,0.186703483432455,-0.0488692190558409,0.010471975511966,36
-0.730843667512875,-0.589716497966312,-0.343659694585616,-0.765860538129371,-0.528331796266111,-0.366501226724297,3.82052573261559,3.74547657477983,-0.35081117965086,-0.375245789178781,0.186703483432455,-0.0750491578357559,-0.0244346095279206,13
0.0561933935096251,-0.893168413067713,0.446197813109809,0.0577521800890655,-0.893068976771103,0.446197813109809,4.77522083345649,4.77696616270848,0.462512251778497,0.462512251778497,0.187340696686491,0.00174532925199422,0,12
-0.362543592597819,-0.829829496468247,0.42419942274539,-0.400714993426495,-0.800209351119586,0.446197813109809,4.30049127691403,4.2481313993542,0.438077642250577,0.462512251778497,0.187340696686491,-0.0523598775598302,0.0244346095279206,22
-0.857945714873741,0.111427693342201,-0.501510737159457,-0.839534500648481,0.312220082076879,-0.444635179184927,3.01243828894221,2.78554548618295,-0.525344104850293,-0.460766922526503,0.187340696686491,-0.226892802759263,0.0645771823237902,122
-0.729813305442858,-0.590991161960897,0.343659694585616,-0.697475625379993,-0.648134347588755,0.305695304963106,3.82227106186758,3.89033890269536,0.35081117965086,0.310668606854991,0.187765505522515,0.0680678408277791,-0.0401425727958696,38
-0.909591188033031,-0.384226360905893,0.158158067254484,-0.932119400607273,-0.328251057740887,0.152985836284038,3.5412730522965,3.48018652847669,0.158824961931484,0.153588974175501,0.188190314358539,-0.0610865238198022,-0.005235987755983,15
-0.280902071132518,-0.793242978263068,0.540240320477655,-0.277940581478419,-0.789255059816461,0.54756322349255,4.3720497762458,4.37379510549779,0.570722665402146,0.579449311662117,0.188615123194562,0.00174532925199422,0.00872664625997166,4
-0.254701097171985,0.812752189442823,-0.523985905970079,-0.254528346396296,0.822248233766193,-0.509041415750371,1.87448361664191,1.87099295813792,-0.551524043630208,-0.534070751110265,0.18946474086661,-0.00349065850398844,0.0174532925199433,18
-0.610658942090002,-0.767703506082704,0.194234351219972,-0.635256050275422,-0.743789270835343,0.207911690817759,4.04043721836687,4.00553063332699,0.195476876223365,0.20943951023932,0.190314358538658,-0.0349065850398871,0.0139626340159546,19
-0.150306157912497,0.898194182208348,0.413104429824542,-0.110749724869988,0.915186411993701,0.387515586452103,1.73660260573436,1.69122404518251,0.425860337486616,0.397935069454707,0.190314358538658,-0.0453785605518524,-0.0279252680319092,23
-0.134920715556222,0.960010774391155,0.245307385878803,-0.17294961680694,0.951680269631785,0.253757944584806,1.71042266695444,1.75056523975031,0.247836753783195,0.256563400043166,0.190314358538658,0.0401425727958697,0.00872664625997163,12
-0.00159567336170493,0.914252562746213,0.405141586779863,0.167373558940419,0.903066911789946,0.395545502562965,1.57254165604689,1.38753675533549,0.417133691226645,0.406661715714679,0.190314358538658,-0.185004900711399,-0.0104719755119659,327
-0.0216727188563299,0.955032482377705,0.295708050044047,0.0100661249590822,0.961208989349622,0.275637355816999,1.59348560707082,1.56032435128293,0.300196631343025,0.279252680319093,0.191588785046729,-0.033161255787892,-0.0209439510239319,12
0.142396067372567,0.964304280659338,0.223250116010951,0.244444998221024,0.945198675603732,0.216439613938103,1.42418866962737,1.31772358525572,0.225147473507269,0.218166156499291,0.191588785046729,-0.106465084371654,-0.00698131700797733,43
0.126297056516426,0.845073337591012,0.519519111879509,0.109818739434257,0.857269372928478,0.503019946630235,1.42244334037538,1.44338729139931,0.546288055874225,0.527089434102287,0.191588785046729,0.020943951023932,-0.0191986217719377,13
0.234336837798816,0.926090166014951,0.295708050044047,0.335186652827144,0.911010645038837,0.240228042477264,1.3229595730117,1.21823981789204,0.300196631343025,0.242600766027212,0.191588785046729,-0.104719755119659,-0.0575958653158129,12
0.0314783710778293,0.948903498649807,-0.313992455967405,0.167137366582536,0.910659892884416,-0.377840786818467,1.537635071007,1.38928208458749,-0.319395253114962,-0.387463093942741,0.193500424808836,-0.148352986419518,-0.0680678408277788,10
0.571997221233569,0.76182877129008,0.30403306092549,0.568315986723242,0.765238125293266,0.302369890750444,0.926769832808989,0.932005820564972,0.308923277602996,0.307177948351002,0.193500424808836,0.00523598775598266,-0.00174532925199433,4
-0.896216798600047,0.397148619160804,0.197657340379126,-0.893720312305562,0.409177105884731,0.18395135061272,2.72445896236315,2.71224165759919,0.198967534727354,0.185004900711399,0.193712829226848,-0.0122173047639604,-0.0139626340159547,39
0.192157369055551,0.800393045148268,0.567843745053101,0.196533368346463,0.824960731502374,0.529919264233205,1.33517687777566,1.33692220702766,0.603883921190038,0.558505360638185,0.194774851316907,0.00174532925199422,-0.0453785605518526,17
0.803877041485005,0.248841512420087,-0.540240320477655,0.807374305132543,0.265451165008194,-0.526955795496678,0.300196631343025,0.317649923862968,-0.570722665402146,-0.555014702134197,0.194774851316907,0.0174532925199431,0.015707963267949,11
-0.397299183947127,0.814584043103114,0.422618261740699,-0.396872316497517,0.832060114808165,0.387515586452103,2.02458193231342,2.01585528605345,0.436332312998582,0.397935069454707,0.195412064570943,-0.00872664625997155,-0.0383972435438752,22
0.947889919219633,-0.165433273900149,0.272280247040574,0.945392458845031,-0.159901165510634,0.284015344703923,6.11039771123215,6.11563369898813,0.275762021815104,0.287979326579064,0.195412064570943,0.00523598775598266,0.0122173047639602,6
0.879295529881828,0.285700436468156,-0.381070376350274,0.888119804483581,0.249639218436581,-0.385906042324319,0.314159265358979,0.27401669256311,-0.39095375244673,-0.396189740202713,0.197536108751062,-0.0401425727958697,-0.005235987755983,94
0.81454757606589,-0.320858823099113,-0.483282383255002,0.772170262398105,-0.407119194896386,-0.487859659138733,5.90793951800081,5.79798377512516,-0.504400153826361,-0.509636141582344,0.197536108751062,-0.109955742875644,-0.005235987755983,88
0.755496258739834,-0.486884114233504,0.438371146789077,0.693217125386053,-0.553387960880086,0.461748613235034,5.71071731252545,5.60948821590977,0.453785605518526,0.479965544298441,0.197536108751062,-0.101229096615672,0.026179938779915,168
0.792591757759428,0.518657513007889,-0.320612990585676,0.758256200501407,0.559034684749757,-0.335451569750255,0.579449311662117,0.635299847725936,-0.32637657012294,-0.342084533390889,0.198810535259133,0.0558505360638186,-0.015707963267949,76
0.883522002506651,-0.102226983547802,-0.457097927058694,0.878156769552115,-0.135945850474125,-0.458649554484315,6.16799357654796,6.12959633300409,-0.474729556542458,-0.476474885794452,0.198810535259133,-0.0383972435438746,-0.00174532925199433,70
0.103456457986365,0.968066444734359,0.228350870110656,0.0591039994992013,0.966341849871409,0.250380004054441,1.46433124242324,1.5097098029751,0.230383461263251,0.253072741539178,0.199872557349193,0.0453785605518524,0.0226892802759263,20
0.642281346862395,-0.578312722291965,0.503019946630235,0.663802360830695,-0.539457545424593,0.51802700937313,5.55014702134197,5.6007615696498,0.527089434102287,0.544542726622231,0.199872557349193,0.0506145483078351,0.0174532925199433,31
0.514472280860711,-0.820139089298685,0.250380004054441,0.34707126824749,-0.899456215289222,0.265556117486809,5.27263967027487,5.08065345255549,0.253072741539178,0.268780704807127,0.199872557349193,-0.191986217719377,0.0157079632679489,81
0.72962389684684,0.512788263282219,0.452434709311783,0.718772017733278,0.531863314942312,0.44775908783877,0.61261056745001,0.63704517697793,0.469493568786475,0.464257581030492,0.201571792693288,0.0244346095279209,-0.00523598775598294,59
0.793732036438016,-0.509566911011398,-0.332161131883703,0.792958892952259,-0.530839710887175,-0.299040792256087,5.71246264177744,5.6932640200055,-0.3385938748869,-0.303687289847013,0.201571792693288,-0.0191986217719373,0.0349065850398866,56
0.488571185167871,-0.791064163474979,0.368124552684678,0.38980170399986,-0.824631880225914,0.409923033841573,5.26565835326689,5.15395728113926,0.376991118430775,0.422369678982628,0.201571792693288,-0.111701072127637,0.0453785605518526,4
0.361501541584438,-0.894747713065367,0.262189178640865,0.376310745963731,-0.904028503596104,0.202787295356512,5.09636141582344,5.10683339133541,0.265290046303138,0.204203522483337,0.201571792693288,0.0104719755119662,-0.0610865238198015,101
0.825741575712014,0.189120067223982,-0.531398579518083,0.825259534375276,0.178427426998314,-0.535826794978997,0.225147473507269,0.212930168743308,-0.56025068989018,-0.565486677646163,0.202421410365336,-0.0122173047639604,-0.005235987755983,13
0.871716438949543,-0.430829098552211,-0.233445363855905,0.876545638302866,-0.406878938575943,-0.257132793154696,5.82416371390508,5.848598323433,-0.235619449019234,-0.260054058547155,0.202421410365336,0.0244346095279209,-0.0244346095279206,8
0.334788941918473,-0.872155011572221,-0.356737999319625,0.280553280179766,-0.873821154438778,-0.397147890634781,5.0789081233035,5.02305758723968,-0.364773813666815,-0.408407044966673,0.202421410365336,-0.0558505360638186,-0.0436332312998582,44
-0.0924722306288253,-0.926452275518803,-0.36487678433762,-0.177608847177171,-0.905279859436836,-0.385906042324319,4.61290521302101,4.51865743341332,-0.373500459926786,-0.396189740202713,0.203058623619371,-0.094247779607695,-0.0226892802759263,33
0.872179713123342,0.093209122512314,-0.480223497443189,0.86328340186611,0.155329200622123,-0.480223497443189,0.106465084371654,0.178023583703422,-0.500909495322373,-0.500909495322373,0.203908241291419,0.0715584993317675,0,40
0.604581898890127,-0.592050337332393,0.53287627607073,0.602883382198376,-0.592451849664274,0.534352349389826,5.5082591192941,5.50651379004211,0.561996019142174,0.563741348394168,0.203908241291419,-0.00174532925199422,0.00174532925199433,16
0.0446955691467342,-0.913867331668285,0.40354529635239,-0.0126745528630912,-0.907688992023857,0.419452082446177,4.76125819944053,4.69842634636874,0.41538836197465,0.432841654494594,0.203908241291419,-0.0628318530717955,0.0174532925199433,13
0.287181034366755,-0.933496541378968,-0.214735327167063,0.291127610238075,-0.9233388154555,-0.250380004054441,5.01084028247572,5.0178215994837,-0.216420827247297,-0.253072741539178,0.204757858963466,0.00698131700797688,-0.0366519142918809,14
-0.616544968918059,-0.706758767168311,-0.346935651573256,-0.631559072800834,-0.689225785074976,-0.355106962408137,3.99505865781502,3.9706240482871,-0.354301838154849,-0.363028484414821,0.204757858963466,-0.0244346095279209,-0.00872664625997166,11
-0.710293703188835,-0.695570984427452,0.107999355706023,-0.703209574482138,-0.70075918425053,0.120136838834647,3.91651884147528,3.92524548773525,0.108210413623648,0.120427718387609,0.204757858963466,0.00872664625997244,0.0122173047639603,26
-0.7019812756321,-0.6016707213503,-0.381070376350274,-0.698198058144374,-0.609076986454641,-0.376224263139366,3.85019632989949,3.85892297615946,-0.39095375244673,-0.385717764690747,0.205395072217502,0.00872664625997155,0.00523598775598294,21
0.615296177412088,-0.697916517121967,0.366501226724297,0.611659447730187,-0.703633704647059,0.361624570082092,5.43495529071034,5.42797397370236,0.375245789178781,0.370009801422798,0.20624468988955,-0.00698131700797777,-0.00523598775598305,48
-0.965442811349997,-0.161559718970209,0.20449605184179,-0.967263583088599,-0.165337392127742,0.192521966525907,3.30739893252925,3.31088959103324,0.205948851735331,0.193731546971371,0.207519116397621,0.00349065850398889,-0.0122173047639603,201
-0.748483934342673,0.435628052392076,-0.5,-0.681001822968863,0.537822832514265,-0.496973961027555,2.61450321948751,2.47313155007596,-0.523598775598299,-0.52010811709431,0.208793542905692,-0.141371669411541,0.00349065850398855,29
-0.139883429696076,-0.958866056240627,0.246999012722743,-0.167788490827724,-0.961384703736628,0.218143241396543,4.56752665246916,4.53960138443725,0.249582083035189,0.219911485751285,0.20964316057774,-0.0279252680319084,-0.0296705972839036,9
-0.46752724624969,0.790545399971686,-0.395545502562965,-0.398164338645824,0.809176782361533,-0.432085748801982,2.10486707790516,2.02807259081741,-0.406661715714679,-0.446804288510548,0.210067969413764,-0.0767944870877502,-0.0401425727958696,30
-0.880741738451124,-0.329295842589688,0.34037955021305,-0.87505553481523,-0.330655932661826,0.353474843779257,3.49938515024863,3.50287580875262,0.347320521146872,0.361283155162826,0.210917587085811,0.00349065850398889,0.0139626340159546,6
-0.820544371796842,0.547235069885131,0.165047605860678,-0.803924381830371,0.565007518737512,0.185666615385577,2.5534166956677,2.52898208613978,0.165806278939461,0.186750229963393,0.212192013593883,-0.0244346095279204,0.0209439510239319,47
-0.137149726269503,0.885933334086625,0.44307119082418,-0.121244409363342,0.88510577372478,0.449318998615897,1.7243853009704,1.70693200845045,0.459021593274509,0.466002910282486,0.212192013593883,-0.0174532925199431,0.00698131700797727,22
-0.038165608020044,0.910603821113379,0.411514358605109,-0.0240960079659708,0.920189419429284,0.390731128489274,1.61268422884276,1.59697626557481,0.424115008234622,0.401425727958696,0.212192013593883,-0.0157079632679493,-0.0226892802759264,25
-0.0100353471135235,0.958270029030331,0.285688367404974,-0.0134737343260722,0.964922428533475,0.262189178640865,1.58126830230686,1.58475896081085,0.289724655831059,0.265290046303138,0.212192013593883,0.00349065850398889,-0.0244346095279206,37
0.115715662919982,0.903302062111191,0.413104429824542,0.0923195212576614,0.90886875244679,0.4067366430758,1.44338729139931,1.46956723017923,0.425860337486616,0.418879020478639,0.212192013593883,0.0261799387799151,-0.00698131700797727,15
-0.802719699297599,0.525285052240604,0.282341456842876,-0.80254004238889,0.517201763946779,0.297374874077786,2.56214334192768,2.56912465893565,0.28623399732707,0.301941960595019,0.21304163126593,0.00698131700797688,0.015707963267949,8
-0.343851801582296,0.909977388606262,0.231747903494157,-0.325947281980839,0.925577474755247,0.192521966525907,1.93207948195772,1.9093902016818,0.23387411976724,0.193731546971371,0.21304163126593,-0.0226892802759258,-0.0401425727958696,26
-0.045260710327134,0.925422482937347,-0.376224263139366,0.0312340828994037,0.941539524617805,-0.335451569750255,1.61966554585074,1.537635071007,-0.385717764690747,-0.342084533390889,0.21304163126593,-0.0820304748437337,0.0436332312998582,22
0.191533072255416,0.949898189253139,0.246999012722743,0.13969481952458,0.95757318051045,0.252069358243114,1.37182879206754,1.42593399887937,0.249582083035189,0.254818070791172,0.213254035683942,0.0541052068118244,0.00523598775598297,21
0.909792411980841,-0.320388483881765,0.263873049965373,0.941473796429463,-0.234735781392946,0.241921895599668,5.94459143229269,6.03883921190038,0.267035375555132,0.244346095279206,0.213891248937978,0.0942477796076941,-0.0226892802759263,4
0.790914947797122,-0.576745099790363,0.20449605184179,0.83942695318053,-0.514401498494931,0.175366726091987,5.65312144720963,5.73340659280137,0.205948851735331,0.176278254451427,0.213891248937978,0.0802851455917386,-0.0296705972839036,110
0.691909311788871,-0.622997942622036,0.36487678433762,0.697626955463456,-0.610726232595354,0.374606593415912,5.55014702134197,5.56410965535792,0.373500459926786,0.383972435438752,0.213891248937978,0.0139626340159555,0.010471975511966,22
0.892142615229134,0.414118814218973,0.18051914525056,0.883916984831713,0.42920702680324,0.185666615385577,0.434586983746588,0.452040276266531,0.18151424220741,0.186750229963393,0.214740866610025,0.0174532925199431,0.00523598775598297,63
0.325760794192708,-0.909814613891973,-0.257132793154696,0.343963454447876,-0.896055433836466,-0.280666708920788,5.05621884302757,5.0789081233035,-0.260054058547155,-0.284488668075076,0.214740866610025,0.0226892802759266,-0.0244346095279206,118
0.904545273708799,0.261083577728951,-0.337095258423082,0.902453608815579,0.255368630812749,-0.346935651573256,0.280998009571087,0.275762021815104,-0.343829862642883,-0.354301838154849,0.215378079864061,-0.00523598775598311,-0.010471975511966,10
-0.115455145591797,-0.913921583498092,0.389123950140206,-0.163247896809242,-0.907293664942086,0.387515586452103,4.5867252742411,4.53436539668127,0.399680398706701,0.397935069454707,0.215378079864061,-0.0523598775598293,-0.00174532925199428,13
-0.194852420672875,-0.924641001008295,-0.327217898979104,-0.174179442313498,-0.939788172415805,-0.294040325232304,4.50469479939736,4.52912940892528,-0.333357887130917,-0.29845130209103,0.215378079864061,0.02443460952792,0.0349065850398866,44
0.628877732289199,-0.708322036999064,-0.320612990585676,0.615310503742423,-0.707833764136528,-0.346935651573256,5.43844594921433,5.42797397370236,-0.32637657012294,-0.354301838154849,0.216227697536109,-0.0104719755119662,-0.0279252680319093,13
-0.658548791555246,-0.723735672097236,0.20620418539663,-0.599256432531212,-0.769778782834143,0.219846204352837,3.97411470679109,4.05090919387884,0.207694180987325,0.22165681500328,0.216227697536109,0.0767944870877502,0.0139626340159546,6
-0.649805029207144,-0.627509422518522,0.428935133403146,-0.653571572840705,-0.628945977836334,0.421035813367491,3.9095375244673,3.9077921952153,0.44331363000656,0.434586983746588,0.216227697536109,-0.00174532925199467,-0.0087266462599716,4
-0.647570174857924,-0.618831500544102,-0.444635179184927,-0.660131244450807,-0.619904500582394,-0.42419942274539,3.90430153671132,3.89557489045134,-0.460766922526503,-0.438077642250577,0.216227697536109,-0.00872664625997155,0.0226892802759263,80
0.163609343124001,-0.874238793420412,-0.457097927058694,0.226099984189692,-0.861841878360328,-0.453990499739547,4.89739388109609,4.96895238042786,-0.474729556542458,-0.471238898038469,0.21750212404418,0.0715584993317675,0.00349065850398866,21
-0.159392544211374,-0.962812309374384,0.218143241396543,-0.167454811748055,-0.959472808817211,0.226651307436855,4.54832803069722,4.53960138443725,0.219911485751285,0.228638132011257,0.217714528462192,-0.00872664625997199,0.00872664625997166,55
-0.792615891981007,-0.520651325555596,0.317304656405092,-0.808480704484259,-0.470547006463612,0.353474843779257,3.72278729450391,3.66868208769208,0.322885911618951,0.361283155162826,0.21856414613424,-0.0541052068118244,0.0383972435438752,35
-0.933882726684464,-0.248486980513778,0.257132793154696,-0.928940308922644,-0.24717190482924,0.275637355816999,3.40164671213695,3.40164671213695,0.260054058547155,0.279252680319093,0.21856414613424,0,0.0191986217719376,84
-0.488738398484459,0.770128485496392,-0.409923033841573,-0.480414535356299,0.777857421948191,-0.405141586779863,2.13628300444106,2.1240656996771,-0.422369678982628,-0.417133691226645,0.218988954970263,-0.0122173047639609,0.00523598775598305,30
-0.734592534313671,-0.609870472147849,0.297374874077786,-0.765932433281158,-0.564694091648449,0.307356617799807,3.83448836663154,3.77689250131573,0.301941960595019,0.312413936106985,0.219201359388275,-0.057595865315812,0.0104719755119659,36
-0.256100568559197,0.923468816751891,-0.285688367404974,-0.248415889153364,0.927100719727753,-0.280666708920788,1.84132236085402,1.83259571459405,-0.289724655831059,-0.284488668075076,0.219626168224299,-0.00872664625997155,0.005235987755983,4
0.195019848611104,0.950062621451975,0.243615011786023,0.190042681803766,0.951070715102367,0.243615011786023,1.36833813356355,1.37357412131954,0.2460914245312,0.2460914245312,0.222387425658454,0.00523598775598266,0,18
0.599711559194179,0.75124569472783,0.275637355816999,0.549586003375319,0.781981784974065,0.294040325232304,0.897099235525085,0.958185759344887,0.279252680319093,0.29845130209103,0.223237043330501,0.0610865238198013,0.0191986217719376,35
0.880393315908059,0.423704689409908,0.213030386274977,0.89978381520148,0.40249275133258,0.168489379565003,0.448549617762543,0.420624349730633,0.214675497995303,0.16929693744345,0.223237043330501,-0.0279252680319093,-0.0453785605518526,82
-0.129434241911095,0.944893009374816,0.300705799504273,-0.193288503496521,0.941628165729067,0.275637355816999,1.70693200845045,1.77325452002624,0.305432619099008,0.279252680319093,0.224086661002549,0.0663225115757844,-0.0261799387799149,19
-0.0151213047345914,0.962572981534796,0.270600445975864,0.00840096369918223,0.962655090074627,0.270600445975864,1.58650429006285,1.56206968053493,0.27401669256311,0.27401669256311,0.224086661002549,-0.0244346095279204,0,19
0.0740043968125832,0.940315017277797,0.332161131883703,0.101027352628671,0.929972584991661,0.353474843779257,1.49225651045515,1.46258591317125,0.3385938748869,0.361283155162826,0.224086661002549,-0.0296705972839035,0.0226892802759263,21
0.976979826838724,0.0477822851219778,0.207911690817759,0.963588881112289,0.185557971000344,0.192521966525907,0.0488692190558412,0.190240888467382,0.20943951023932,0.193731546971371,0.224936278674596,0.141371669411541,-0.015707963267949,13
0.939549613463528,-0.128702287719302,0.317304656405092,0.943382013570799,-0.0543950646548501,0.327217898979104,6.14704962552403,6.22558944186377,0.322885911618951,0.333357887130917,0.224936278674596,0.0785398163397453,0.010471975511966,4
0.891619076794277,-0.259039287783254,0.371367835550235,0.881212781694608,-0.296560865740504,0.368124552684678,6.00044196835651,5.95855406630864,0.380481776934764,0.376991118430775,0.225148683092608,-0.0418879020478649,-0.00349065850398861,60
0.854364810403115,-0.483376352367638,0.190808995376545,0.846087230368006,-0.496396429695412,0.194234351219972,5.76831317784126,5.75260521457331,0.191986217719376,0.195476876223365,0.22536108751062,-0.0157079632679489,0.00349065850398866,71
0.450913512013263,0.855233575952485,0.255445757935791,0.427056203070964,0.871730168702537,0.240228042477264,1.08559479474047,1.11526539202438,0.258308729295161,0.242600766027212,0.22642310960068,0.0296705972839035,-0.015707963267949,44
0.506028083702061,-0.788219746400841,0.350207381259467,0.496035980457272,-0.793823507172504,0.351841648404702,5.28311164578684,5.27089434102288,0.357792496658838,0.359537825910832,0.22642310960068,-0.0122173047639604,0.00174532925199433,12
-0.0117783543587864,-0.964023453466735,0.265556117486809,-0.00169639110485671,-0.971959520197661,0.23514211310259,4.70017167562073,4.7106436511327,0.268780704807127,0.237364778271229,0.226635514018692,0.0104719755119662,-0.0314159265358979,45
0.733324208141292,-0.595956418156267,0.327217898979104,0.721530979869239,-0.616245673869847,0.315649036947102,5.6007615696498,5.57632696012188,0.333357887130917,0.321140582366957,0.227060322854715,-0.02443460952792,-0.0122173047639604,114
-0.145080087459657,-0.937160350871901,-0.317304656405092,-0.109557019232515,-0.946873649809968,-0.302369890750444,4.55880000620919,4.59719724975306,-0.322885911618951,-0.307177948351002,0.227060322854715,0.0383972435438746,0.015707963267949,32
0.129746494006041,-0.889379887874675,-0.438371146789077,0.154660159585108,-0.886162757463823,-0.436801788367702,4.85725130830022,4.88517657633213,-0.453785605518526,-0.452040276266531,0.227909940526763,0.0279252680319084,0.00174532925199433,139
-0.281866153693234,-0.91056241991955,0.302369890750444,-0.311202715072486,-0.898699820473436,0.309016994374947,4.41219234904167,4.37903109325377,0.307177948351002,0.314159265358979,0.227909940526763,-0.0331612557878929,0.00698131700797733,74
-0.348526122541214,-0.871377470258874,-0.345298198998535,-0.346235072089373,-0.865649435492341,-0.361624570082092,4.33190720344993,4.33190720344993,-0.352556508902855,-0.370009801422798,0.227909940526763,0,-0.0174532925199433,80
-0.508715066589033,-0.789371265845569,-0.343659694585616,-0.577202526208297,-0.736133668944703,-0.353474843779257,4.13992098573055,4.04741853537485,-0.35081117965086,-0.361283155162826,0.228122344944775,-0.0925024503556999,-0.0104719755119659,109
0.644674056428609,-0.676974450195241,0.355106962408137,0.674244423275347,-0.642074286927559,0.36487678433762,5.47335253425422,5.52222175331006,0.363028484414821,0.373500459926786,0.228971962616822,0.04886921905584,0.0104719755119659,72
-0.15352664257848,-0.958498856350972,0.240228042477264,-0.138452256697863,-0.960792100416532,0.240228042477264,4.5535640184532,4.56927198172115,0.242600766027212,0.242600766027212,0.228971962616822,0.0157079632679498,0,39
-0.211087131693057,-0.921654815881173,-0.325568154457157,-0.259756291851743,-0.894087020985581,-0.36487678433762,4.48724150687742,4.42964564156161,-0.331612557878923,-0.373500459926786,0.228971962616822,-0.0575958653158128,-0.0418879020478639,43
-0.383878430778708,-0.862205072237624,0.330514392713223,-0.38487318435122,-0.868515705468421,0.312334918512233,4.29350995990605,4.29525528915804,0.336848545634906,0.317649923862968,0.228971962616822,0.00174532925199333,-0.0191986217719377,9
-0.653633733791289,-0.68398863165838,-0.323917418198149,-0.609861195648263,-0.696638831719043,-0.377840786818467,3.94968009726317,3.99331332856303,-0.329867228626928,-0.387463093942741,0.230033984706882,0.0436332312998582,-0.0575958653158129,6
0.772974401090861,-0.559540150324423,-0.299040792256087,0.763641551012705,-0.565065023023782,-0.312334918512233,5.65661210571362,5.64614013020166,-0.303687289847013,-0.317649923862968,0.231308411214953,-0.0104719755119662,-0.0139626340159547,30
0.547897064630179,-0.806206048272233,-0.223250116010951,0.522284479442734,-0.826172350624445,-0.211324796455389,5.30929158456675,5.27613032877886,-0.225147473507269,-0.212930168743308,0.231308411214953,-0.033161255787892,0.0122173047639604,22
-0.074820898145171,-0.89101831207812,-0.44775908783877,-0.185085649394319,-0.870759518972885,-0.455544907233516,4.62861317628896,4.50294947014537,-0.464257581030492,-0.472984227290463,0.231308411214953,-0.125663706143592,-0.0087266462599716,8
-0.469957233833404,-0.791498189257028,-0.390731128489274,-0.435897692170332,-0.819804325848133,-0.371367835550235,4.17657290002243,4.22369678982628,-0.401425727958696,-0.380481776934764,0.231308411214953,0.0471238898038475,0.0209439510239319,19
0.46266275730088,-0.798135138622733,0.385906042324319,0.471641445992253,-0.797502131813814,0.376224263139366,5.23773308523498,5.24645973149496,0.396189740202713,0.385717764690747,0.231520815632965,0.00872664625997199,-0.0104719755119659,25
-0.966995932722354,-0.0625328218811131,0.246999012722743,-0.979135260955679,-0.0650340922766726,0.192521966525907,3.20616983591358,3.20791516516558,0.249582083035189,0.193731546971371,0.232582837723025,0.00174532925199467,-0.0558505360638185,7
-0.0033587676008669,0.962212131367989,0.272280247040574,-0.0371142316630971,0.966110758950891,0.255445757935791,1.57428698529889,1.60919357033877,0.275762021815104,0.258308729295161,0.23322005097706,0.0349065850398862,-0.0174532925199433,98
-0.778541002151251,0.59094478453779,0.211324796455389,-0.760864543359573,0.611750799081255,0.216439613938103,2.4923301718479,2.46440490381599,0.212930168743308,0.218166156499291,0.233857264231096,-0.0279252680319098,0.00523598775598302,106
0.291493359771432,0.93015644216995,0.223250116010951,0.195059276242907,0.967386212304262,0.161603821103361,1.26710903694788,1.37182879206754,0.225147473507269,0.162315620435473,0.233857264231096,0.104719755119659,-0.0628318530717959,77
0.599494997976086,0.748292076247213,0.284015344703923,0.600524058599152,0.744237624231081,0.292371704722737,0.895353906273091,0.891863247769102,0.287979326579064,0.296705972839036,0.234069668649108,-0.00349065850398844,0.00872664625997166,14
-0.178373148165322,0.917650295735177,-0.355106962408137,-0.216787192980945,0.909977388606262,-0.353474843779257,1.76278254451427,1.80467044656214,-0.363028484414821,-0.361283155162826,0.234706881903144,0.041887902047864,0.00174532925199439,161
0.723722983956298,0.672524898323074,0.154710386299468,0.71694727507573,0.682739663122011,0.140901231937583,0.748746249105567,0.760963553869528,0.155334303427495,0.141371669411541,0.234706881903144,0.0122173047639604,-0.0139626340159546,157
0.794338706654293,0.575005328381639,0.195946144242518,0.774253593933663,0.607092365419212,0.17880221511635,0.626573201465964,0.66497044500984,0.197222205475359,0.179768912955416,0.234706881903144,0.0383972435438755,-0.0174532925199433,137
-0.473579886430309,0.843909432228104,-0.252069358243114,-0.476305430395177,0.841866998127471,-0.253757944584806,2.08217779762924,2.08566845613322,-0.254818070791172,-0.256563400043166,0.234919286321155,0.00349065850398844,-0.00174532925199433,32
0.667820851686648,0.67485112998948,0.313992455967405,0.664140986203084,0.666463331199166,0.338737920245291,0.790634151153431,0.787143492649443,0.319395253114962,0.345575191894877,0.235131690739167,-0.00349065850398844,0.0261799387799149,11
-0.192995652815266,0.940201508453365,0.280666708920788,-0.170309710056138,0.946541572860921,0.273959218692432,1.77325452002624,1.74881991049832,0.284488668075076,0.277507351067098,0.235768903993203,-0.0244346095279204,-0.00698131700797733,56
0.857430794249799,0.408973509839104,0.312334918512233,0.882057898016439,0.342127711146973,0.323917418198149,0.445058959258554,0.370009801422798,0.317649923862968,0.329867228626928,0.235768903993203,-0.0750491578357559,0.0122173047639603,39
-0.111846153639144,0.910913821873658,-0.397147890634781,-0.167872706458966,0.905760070798787,-0.389123950140206,1.6929693744345,1.7540558982543,-0.408407044966673,-0.399680398706701,0.236406117247239,0.0610865238198017,0.00872664625997172,100
0.941599971448237,0.117282476282889,0.315649036947102,0.937234786386468,0.0952008379122825,0.335451569750255,0.123918376891597,0.101229096615671,0.321140582366957,0.342084533390889,0.236406117247239,-0.0226892802759262,0.020943951023932,60
0.767865031078371,-0.541669193887285,0.342020143325669,0.722987200030096,-0.589653972034461,0.359996808120051,5.66882941047758,5.59901624039781,0.349065850398866,0.368264472170804,0.236406117247239,-0.0698131700797724,0.0191986217719377,71
0.677352995318265,-0.656400717701551,0.332161131883703,0.570950608085805,-0.744077319096537,0.346935651573256,5.51349510705009,5.36688744988256,0.3385938748869,0.354301838154849,0.236618521665251,-0.146607657167523,0.015707963267949,92
0.758723322148629,0.597056380423658,-0.260504508642648,0.739594943868491,0.620593844620631,-0.260504508642648,0.666715774261834,0.698131700797732,-0.263544717051144,-0.263544717051144,0.237043330501274,0.0314159265358978,0,42
0.251753903855296,-0.907795250177984,-0.335451569750255,0.250382807231612,-0.915245396228347,-0.315649036947102,4.98291501444381,4.97942435593982,-0.342084533390889,-0.321140582366957,0.237468139337298,-0.00349065850398844,0.020943951023932,38
0.562260446997181,-0.802991136648955,0.197657340379126,0.569764434695591,-0.801736444945608,0.18051914525056,5.32325421858271,5.33023553559068,0.198967534727354,0.18151424220741,0.238317757009346,0.00698131700797688,-0.0174532925199433,52
0.00851637226651678,-0.975879602018829,0.218143241396543,0.037358204776174,-0.972461558600434,0.230049737188104,4.72111562664466,4.75078622392856,0.219911485751285,0.232128790515246,0.238317757009346,0.0296705972839026,0.0122173047639604,70
-0.0553287667676555,-0.904617340321995,-0.422618261740699,-0.0880034330237318,-0.897528440473207,-0.432085748801982,4.65130245656489,4.61465054227301,-0.436332312998582,-0.446804288510548,0.238317757009346,-0.0366519142918822,-0.010471975511966,16
0.576008658329477,-0.662622162827992,-0.478691857940607,0.558578900236988,-0.675205901706683,-0.481753674101715,5.42797397370236,5.40353936417444,-0.499164166070378,-0.502654824574367,0.238530161427358,-0.02443460952792,-0.00349065850398872,302
0.833156576862149,-0.38320920978311,0.398749068925246,0.759725198011279,-0.454686151134246,0.46484204572462,5.85208898193699,5.74387856831334,0.410152374218667,0.483456202802429,0.239379779099405,-0.108210413623649,0.0733038285837618,15
-0.513389829365795,-0.738671158759117,-0.436801788367702,-0.570492006270613,-0.694528335234899,-0.438371146789077,4.10501440069066,4.02472925509892,-0.452040276266531,-0.453785605518526,0.239379779099405,-0.0802851455917386,-0.00174532925199433,23
-0.0357411929091555,-0.93036954989986,0.36487678433762,0.0195904616710184,-0.935238872495549,0.353474843779257,4.67399173684082,4.73333293140862,0.373500459926786,0.361283155162826,0.240654205607477,0.0593411945678062,-0.0122173047639603,16
-0.876921296014513,-0.458443374724506,0.144356201000973,-0.849428189700424,-0.502350431021068,0.161603821103361,3.62330352714023,3.67566340470006,0.144862327915529,0.162315620435473,0.240654205607477,0.0523598775598297,0.0174532925199433,18
-0.343305549421125,-0.876012511968039,-0.338737920245291,-0.24534295711742,-0.896822806971135,-0.368124552684678,4.3388885204579,4.44535360482956,-0.345575191894877,-0.376991118430775,0.2410790144435,0.106465084371654,-0.031415926535898,119
-0.935606502983205,-0.278916412378088,-0.216439613938103,-0.938004084912523,-0.253092926127184,-0.236838146065619,3.43131730942085,3.40513737064094,-0.218166156499291,-0.239110107523223,0.2410790144435,-0.0261799387799146,-0.0209439510239319,17
-0.907283459337049,0.370255521416788,0.199367934417197,-0.922086502259122,0.35395584540888,0.156434465040231,2.75412955964705,2.77507351067098,0.200712863979348,0.15707963267949,0.241291418861512,0.0209439510239315,-0.0436332312998582,83
-0.864929699710786,-0.220467815927996,0.450877540689431,-0.870608704019183,-0.213842007911642,0.44307119082418,3.39117473662498,3.38244809036501,0.46774823953448,0.459021593274509,0.241503823279524,-0.00872664625997155,-0.00872664625997172,33
-0.401664891870663,-0.881373164250229,-0.248689887164855,-0.326259684735156,-0.906221136476506,-0.268919820615266,4.28478331364608,4.36681378848981,-0.251327412287183,-0.272271363311115,0.241928632115548,0.0820304748437328,-0.0209439510239319,26
-0.780592291163285,0.594651971645139,0.192521966525907,-0.763603905175904,0.5944494214271,0.252069358243114,2.49058484259591,2.48011286708394,0.193731546971371,0.254818070791172,0.241928632115548,-0.0104719755119658,0.0610865238198015,68
-0.491881363252343,0.821873868739431,-0.287360519849712,-0.522941317983352,0.793082137375311,-0.312334918512233,2.11010306566114,2.153736296961,-0.291469985083053,-0.317649923862968,0.242353440951572,0.0436332312998582,-0.0261799387799149,34
-0.709173787215194,0.599298314903015,-0.371367835550235,-0.712708461259131,0.566913908198574,-0.413104429824542,2.43997029428807,2.46964089157198,-0.380481776934764,-0.425860337486616,0.243627867459643,0.0296705972839035,-0.0453785605518525,6
-0.595313989898665,0.687249267315713,0.416280792260401,-0.614348824037236,0.675160542040774,0.408330460381385,2.28463599086058,2.3090706003885,0.429350995990605,0.420624349730633,0.243627867459643,0.0244346095279209,-0.00872664625997172,64
-0.191855996684447,0.910421950166956,-0.366501226724297,-0.131387692140918,0.911767418688103,-0.389123950140206,1.77849050778222,1.71391332545843,-0.375245789178781,-0.399680398706701,0.243627867459643,-0.0645771823237902,-0.0244346095279205,6
-0.751105951325312,-0.46570542063601,-0.467929814260573,-0.713687948792563,-0.479578398928233,-0.510542917911606,3.69660735572399,3.73325927001587,-0.486946861306418,-0.535816080362259,0.244052676295667,0.0366519142918813,-0.0488692190558412,16
-0.0639249822809532,0.96243680838918,0.263873049965373,-0.0387461473183096,0.96469484141092,0.260504508642648,1.63711883837068,1.61093889959077,0.267035375555132,0.263544717051144,0.244052676295667,-0.0261799387799151,-0.00349065850398872,10
-0.976761275992684,0.090611403958338,0.194234351219972,-0.979973967498958,0.0719647896933947,0.185666615385577,3.04909020323409,3.06828882500603,0.195476876223365,0.186750229963393,0.244689889549703,0.0191986217719378,-0.00872664625997166,78
-0.450342891989293,0.829428427197989,0.330514392713223,-0.447717702032304,0.831502007183286,0.328866646738583,2.06821516361328,2.06472450510929,0.336848545634906,0.335103216382911,0.244689889549703,-0.00349065850398889,-0.00174532925199439,19
0.0808614856354044,0.983537302366122,0.161603821103361,0.0826928196792325,0.984762525419185,0.152985836284038,1.48876585195116,1.48702052269917,0.162315620435473,0.153588974175501,0.244689889549703,-0.00174532925199422,-0.00872664625997166,64
-0.0788815259726352,0.959454586469778,-0.270600445975864,-0.0719539275543222,0.935124743537967,-0.346935651573256,1.65282680163863,1.64759081388265,-0.27401669256311,-0.354301838154849,0.244902293967715,-0.00523598775598266,-0.0802851455917392,41
-0.313453928428844,0.851942829821397,-0.419452082446177,-0.204048780749832,0.85650713080336,-0.474088209047116,1.92335283569775,1.80467044656214,-0.432841654494594,-0.493928178314395,0.245964316057774,-0.118682389135615,-0.0610865238198016,28
0.757072652423785,0.630769153768368,0.170209499166033,0.761227049885146,0.62527894815056,0.17192910027941,0.694641042293743,0.687659725285766,0.171042266695444,0.172787595947439,0.245964316057774,-0.00698131700797733,0.0017453292519943,36
-0.823156300314531,0.518369187431657,0.231747903494157,-0.794633620012703,0.552284753166708,0.252069358243114,2.57959663444762,2.53421807389577,0.23387411976724,0.254818070791172,0.247026338147833,-0.0453785605518524,0.0209439510239319,133
0.308015264232421,0.894541280873989,0.323917418198149,0.301658597118965,0.891211934487029,0.338737920245291,1.23918376891597,1.24441975667196,0.329867228626928,0.345575191894877,0.247026338147833,0.00523598775598266,0.015707963267949,9
0.767776457767536,0.537602863388778,0.348572047321815,0.689480539323597,0.6384659798717,0.342020143325669,0.610865238198015,0.747000919853573,0.356047167406843,0.349065850398866,0.247026338147833,0.136135681655558,-0.00698131700797733,23
-0.340183310548942,0.868045497388762,0.361624570082092,-0.300664278914464,0.893405827221499,0.333806859233771,1.94429678672168,1.89542756766584,0.370009801422798,0.340339204138894,0.247451146983857,-0.0488692190558417,-0.0296705972839035,43
0.854943917986109,0.391423886464946,0.34037955021305,0.856722097200228,0.417851286149041,0.302369890750444,0.429350995990605,0.453785605518526,0.347320521146872,0.307177948351002,0.247451146983857,0.0244346095279204,-0.0401425727958696,21
-0.00582829024263881,0.834827518609876,-0.550480740084996,0.0385401293369899,0.817241468938853,-0.575005252043279,1.57777764380287,1.52367243699105,-0.582939970166106,-0.61261056745001,0.248725573491929,-0.0541052068118244,-0.0296705972839035,129
0.399317755023646,0.800907511576024,0.446197813109809,0.406298845193219,0.800858773580676,0.439939169855915,1.1082840750164,1.10130275800842,0.462512251778497,0.45553093477052,0.248725573491929,-0.00698131700797733,-0.00698131700797727,23
0.597373124407694,0.778511812781532,0.192521966525907,0.584091417960858,0.789354248043887,0.189095442989891,0.916297857297023,0.933751149816966,0.193731546971371,0.190240888467382,0.248725573491929,0.0174532925199431,-0.00349065850398866,5
0.686925673237034,0.67034268695304,-0.280666708920788,0.675465491647537,0.682576246542728,-0.278991106039229,0.773180858633488,0.790634151153431,-0.284488668075076,-0.282743338823081,0.248725573491929,0.0174532925199431,0.00174532925199433,30
0.916966414173169,-0.164988299095021,0.363251230472978,0.919888488108851,-0.155587491747205,0.359996808120051,6.10516172347617,6.11563369898813,0.371755130674792,0.368264472170804,0.248725573491929,0.0104719755119653,-0.00349065850398861,27
0.8364994028786,-0.372433529405015,0.40194777665596,0.817997049050463,-0.429458051895651,0.38268343236509,5.86430628670095,5.79972910437716,0.413643032722656,0.392699081698724,0.248937977909941,-0.0645771823237897,-0.0209439510239319,164
0.715451285596309,0.587678311455332,-0.377840786818467,0.703486604845257,0.60296094453002,-0.376224263139366,0.687659725285766,0.708603676309698,-0.387463093942741,-0.385717764690747,0.25,0.020943951023932,0.00174532925199428,7
0.629574290477179,-0.651943262572309,-0.422618261740699,0.565392303333269,-0.695715073282982,-0.44307119082418,5.48033385126219,5.39481271791447,-0.436332312998582,-0.459021593274509,0.25,-0.0855211333477213,-0.0226892802759263,189
0.667532217038156,0.693668608093078,0.270600445975864,0.660686364506199,0.696218159960766,0.280666708920788,0.804596785169386,0.811578102177363,0.27401669256311,0.284488668075076,0.250424808836024,0.00698131700797733,0.010471975511966,25
0.796522017724298,-0.537260884807554,-0.277314653302378,0.824783087447356,-0.48196432212349,-0.295708050044047,5.68977336150151,5.7543505438253,-0.280998009571087,-0.300196631343025,0.250849617672048,0.0645771823237906,-0.0191986217719376,59
0.709287198621102,-0.590955814637631,0.384295322659804,0.697916517121967,-0.615296177412089,0.366501226724297,5.58854426488584,5.56061899685393,0.394444410950718,0.375245789178781,0.250849617672048,-0.0279252680319093,-0.0191986217719376,61
-0.0911924360618066,-0.964715205290713,0.246999012722743,-0.117661515600892,-0.958276144294197,0.260504508642648,4.618141200777,4.59021593274509,0.249582083035189,0.263544717051144,0.251274426508071,-0.0279252680319102,0.0139626340159546,12
-0.27494239161882,-0.888195358579197,-0.368124552684678,-0.323079648420584,-0.864115771916016,-0.385906042324319,4.41219234904167,4.35459648372585,-0.376991118430775,-0.396189740202713,0.251274426508071,-0.0575958653158137,-0.0191986217719376,59
0.219918944839097,-0.916028330376822,-0.335451569750255,0.237903300174825,-0.913324835956702,-0.330514392713223,4.94800842940392,4.96720705117586,-0.342084533390889,-0.336848545634906,0.251699235344095,0.0191986217719382,0.005235987755983,32
0.923717684721841,-0.32710558793506,-0.199367934417197,0.918643858172705,-0.358164273707341,-0.166768746716102,5.94284610304069,5.91143017650479,-0.200712863979348,-0.167551608191456,0.252548853016143,-0.0314159265358978,0.0331612557878923,17
0.0994694972807279,-0.930759514352973,-0.351841648404702,0.111467314499597,-0.921116253166466,-0.372987782575809,4.81885406475634,4.8328166987723,-0.359537825910832,-0.382227106186758,0.252548853016143,0.0139626340159538,-0.0226892802759263,18
-0.221856786527137,-0.931257314938735,-0.289031796944472,-0.251271556352971,-0.931253788432524,-0.263873049965373,4.47851486061745,4.44884426333355,-0.293215314335047,-0.267035375555132,0.252548853016143,-0.0296705972839044,0.0261799387799149,65
-0.889762745292771,-0.350486866182732,-0.292371704722737,-0.871793525009098,-0.399138238865839,-0.284015344703923,3.51683844276857,3.5709436495804,-0.296705972839036,-0.287979326579064,0.25339847068819,0.054105206811824,0.00872664625997166,98
-0.858301470679845,-0.233195348382981,-0.457097927058694,-0.872409806088518,-0.0487752805110616,-0.486335380423491,3.40688269989293,3.19744318965361,-0.474729556542458,-0.50789081233035,0.25339847068819,-0.209439510239319,-0.0331612557878923,12
-0.938043681759355,-0.251348046992536,-0.238533457578581,-0.922747426651822,-0.317727419088202,-0.218143241396543,3.40339204138894,3.47320521146872,-0.240855436775218,-0.219911485751285,0.25339847068819,0.0698131700797737,0.020943951023932,188
0.379126250253563,-0.863673705072934,-0.332161131883703,0.334217030800354,-0.88447970758314,-0.325568154457157,5.12603201310735,5.07367213554752,-0.3385938748869,-0.331612557878923,0.253823279524214,-0.0523598775598302,0.00698131700797727,86
0.172857726754374,-0.923657094305457,-0.342020143325669,0.183871804871439,-0.92862047201799,-0.322265695230511,4.89739388109609,4.90786585660805,-0.349065850398866,-0.328121899374934,0.253823279524214,0.0104719755119662,0.0209439510239319,75
-0.413931630252745,-0.875679133871669,-0.248689887164855,-0.37945239310371,-0.893933818010861,-0.238533457578581,4.27082067963012,4.31096325242599,-0.251327412287183,-0.240855436775218,0.25446049277825,0.0401425727958697,0.010471975511966,73
-0.678513493224519,-0.715004033894957,0.168489379565003,-0.727166021635541,-0.666324894310874,0.165047605860678,3.95317075576716,3.88335758568738,0.16929693744345,0.165806278939461,0.25446049277825,-0.0698131700797728,-0.00349065850398864,31
-0.782648055943401,0.388509868956187,-0.486335380423491,-0.745991710111426,0.450010970012505,-0.490903753615141,2.68082573106329,2.59879525621956,-0.50789081233035,-0.513126800086333,0.25446049277825,-0.0820304748437328,-0.00523598775598288,38
-0.693331286004984,0.671884758588501,-0.260504508642648,-0.701646066897746,0.652009760999501,-0.287360519849712,2.37190245346029,2.39284640448423,-0.263544717051144,-0.291469985083053,0.254885301614274,0.020943951023932,-0.0279252680319093,16
-0.360733281300901,0.870887180115984,-0.333806859233771,-0.386388443252968,0.867842652557769,-0.312334918512233,1.96349540849362,1.98967534727354,-0.340339204138894,-0.317649923862968,0.255097706032285,0.0261799387799151,0.0226892802759263,70
-0.0641156401600555,0.916896371764389,-0.393941909590951,0.0222499854415272,0.910411812427317,-0.413104429824542,1.64060949687467,1.54636171726698,-0.404916386462684,-0.425860337486616,0.255310110450297,-0.0942477796076941,-0.0209439510239319,173
-0.0581358950371288,0.92404359070589,0.377840786818467,-0.165055324640914,0.936075261867113,0.310676429630732,1.63362817986669,1.74532925199433,0.387463093942741,0.315904594610974,0.255734919286321,0.111701072127637,-0.0715584993317675,10
-0.645132568944492,0.731759260220689,-0.219846204352837,-0.659828741754872,0.712550223612196,-0.238533457578581,2.29336263712055,2.31779724664847,-0.22165681500328,-0.240855436775218,0.256372132540357,0.0244346095279209,-0.0191986217719377,31
0.204765705341063,0.852910545379531,-0.480223497443189,0.168543971962459,0.891993766820533,-0.419452082446177,1.33517687777566,1.3840460968315,-0.500909495322373,-0.432841654494594,0.256372132540357,0.0488692190558409,0.0680678408277789,73
0.341233480312732,0.927445440880559,0.152985836284038,0.543748071504266,0.80311254551768,0.243615011786023,1.21823981789204,0.97563905186483,0.153588974175501,0.2460914245312,0.256372132540357,-0.242600766027212,0.0925024503556995,45
0.436261096075494,0.793555987812761,-0.42419942274539,0.495338514930969,0.759847747570497,-0.421035813367491,1.06814150222053,0.993092344384774,-0.438077642250577,-0.434586983746588,0.256796941376381,-0.0750491578357564,0.00349065850398866,73
0.188407436487071,0.969272234018233,0.158158067254484,0.19069482972516,0.971979669890649,0.137444546037147,1.37881010907552,1.37706477982353,0.158824961931484,0.137881010907552,0.257434154630416,-0.00174532925199422,-0.0209439510239319,47
0.788280057720461,0.515836015563393,0.335451569750255,0.803779483356826,0.486786158075723,0.342020143325669,0.579449311662117,0.544542726622231,0.342084533390889,0.349065850398866,0.257434154630416,-0.0349065850398866,0.00698131700797727,319
0.675169279213864,0.610062258217213,0.414693242656239,0.698759147265889,0.576012590014078,0.42419942274539,0.734783615089613,0.68940505453776,0.427605666738611,0.438077642250577,0.258071367884452,-0.0453785605518524,0.010471975511966,39
0.610279860032563,0.775527367307839,-0.161603821103361,0.59987832043729,0.781776647811243,-0.170209499166033,0.904080552533063,0.916297857297023,-0.162315620435473,-0.171042266695444,0.2589209855565,0.0122173047639604,-0.00872664625997166,87
0.752392028813942,0.609275051636728,0.250380004054441,0.740970087022142,0.621747726733676,0.253757944584806,0.680678408277789,0.698131700797732,0.253072741539178,0.256563400043166,0.2589209855565,0.0174532925199431,0.00349065850398861,148
0.973656810838438,0.0663772622283517,0.218143241396543,0.957931784437368,0.0956143033353447,0.270600445975864,0.0680678408277788,0.0994837673636768,0.219911485751285,0.27401669256311,0.2589209855565,0.0314159265358978,0.0541052068118242,8
0.819931310579992,0.553050652211978,0.147809411129611,0.808154264438036,0.574325341609746,0.130526192220052,0.593411945678072,0.617846555205993,0.148352986419518,0.130899693899575,0.259983007646559,0.0244346095279209,-0.0174532925199433,195
0.536362627135156,-0.789233638905189,-0.299040792256087,0.538222302342201,-0.786053847472129,-0.30403306092549,5.30929158456675,5.31278224307074,-0.303687289847013,-0.308923277602996,0.259983007646559,0.00349065850398844,-0.005235987755983,10
0.474997896865849,-0.812861479418047,-0.337095258423082,0.446265776079982,-0.8322821551389,-0.328866646738583,5.24122374373897,5.20457182944709,-0.343829862642883,-0.335103216382911,0.261682242990654,-0.0366519142918813,0.00872664625997166,16
0.149161719209194,-0.920952267854275,0.359996808120051,0.165712597049251,-0.930305208932474,0.327217898979104,4.87295927156817,4.88866723483612,0.368264472170804,0.333357887130917,0.261682242990654,0.0157079632679498,-0.0349065850398866,40
-0.167194620983709,-0.967953615447682,-0.187381314585725,-0.297159566731215,-0.920023726135759,-0.255445757935791,4.54134671368925,4.3999750442777,-0.188495559215388,-0.258308729295161,0.261682242990654,-0.141371669411541,-0.0698131700797732,12
-0.464845031546143,-0.838602635709892,0.284015344703923,-0.482738883998517,-0.826108591235457,0.290702193598252,4.20624349730633,4.18355421703041,0.287979326579064,0.294960643587042,0.26231945624469,-0.0226892802759258,0.00698131700797733,10
-0.63688134910973,-0.756320916157514,0.14953534344371,-0.687556343681453,-0.711985436321151,0.142628933705512,4.01251195033496,3.94444410950718,0.150098315671512,0.143116998663535,0.262744265080714,-0.0680678408277791,-0.00698131700797733,12
0.12989743991319,-0.869164065416601,-0.477158760259608,0.109830349803898,-0.869396740131599,-0.481753674101715,4.86074196680421,4.83805268652828,-0.497418836818384,-0.502654824574367,0.263381478334749,-0.0226892802759266,-0.00523598775598305,56
-0.910127880873448,-0.360345119625514,-0.20449605184179,-0.905986460852298,-0.371572127041734,-0.202787295356512,3.51858377202057,3.53080107678453,-0.205948851735331,-0.204203522483337,0.263381478334749,0.0122173047639609,0.00174532925199433,16
-0.785968941710025,-0.303280173915659,0.538770785006863,-0.791542909480002,-0.232963747164616,0.564967003424938,3.5098571257606,3.42782665091686,0.568977336150151,0.600393262686049,0.263593882752761,-0.0820304748437333,0.0314159265358979,20
0.332334547717597,-0.826708155602433,0.453990499739547,0.290083349689293,-0.842463219600284,0.453990499739547,5.09461608657145,5.04400153826361,0.471238898038469,0.471238898038469,0.264443500424809,-0.0506145483078351,0,45
-0.956723990825953,0.210349411707473,0.201077921145965,-0.879257979758783,0.406274223957706,0.248689887164855,2.9251718263425,2.7087509990952,0.202458193231342,0.251327412287183,0.264443500424809,-0.216420827247297,0.0488692190558412,278
-0.952273807480208,0.24096231765833,-0.187381314585725,-0.953851286320584,0.188867640634258,-0.233445363855905,2.8937558998066,2.94611577736643,-0.188495559215388,-0.235619449019234,0.264443500424809,0.0523598775598297,-0.0471238898038469,81
-0.472064306836277,-0.880396211667889,0.0453629881292538,-0.430133465432067,-0.901793563705216,0.0418756537291996,4.22020613132229,4.26733002112614,0.0453785605518526,0.0418879020478639,0.264868309260833,0.0471238898038466,-0.00349065850398866,88
-0.780714743880237,-0.567222463669805,-0.262189178640865,-0.77224028750566,-0.57561017054377,-0.268919820615266,3.76991118430775,3.78212848907171,-0.265290046303138,-0.272271363311115,0.264868309260833,0.01221730476396,-0.00698131700797733,50
-0.861443473919928,0.446529884408905,-0.241921895599668,-0.897317644901356,0.382738410118888,-0.219846204352837,2.66337243854335,2.7384215963791,-0.244346095279206,-0.22165681500328,0.265505522514868,0.0750491578357564,0.0226892802759263,14
-0.644423927441592,0.671999058029245,0.36487678433762,-0.619789285755091,0.69563624461572,0.363251230472978,2.33525053916841,2.29859862487653,0.373500459926786,0.371755130674792,0.265505522514868,-0.0366519142918817,-0.00174532925199433,36
-0.831342577368144,0.499521015661391,0.243615011786023,-0.823587155280973,0.504694857858105,0.258819045102521,2.60054058547155,2.59181393921158,0.2460914245312,0.261799387799149,0.266355140186916,-0.00872664625997155,0.0157079632679489,90
-0.463728244215624,0.861236810835438,-0.207911690817759,-0.465667232243264,0.857652350925425,-0.218143241396543,2.06472450510929,2.06821516361328,-0.20943951023932,-0.219911485751285,0.266355140186916,0.00349065850398889,-0.010471975511966,8
-0.424088434450971,0.800963672464734,0.422618261740699,-0.394340175163618,0.808517176027018,0.436801788367702,2.05774318810131,2.02458193231342,0.436332312998582,0.452040276266531,0.266355140186916,-0.033161255787892,0.0157079632679489,23
-0.439823714896158,0.874492118086872,0.20449605184179,-0.34079046736366,0.92127634306878,0.187381314585725,2.03679923707738,1.92509816494975,0.205948851735331,0.188495559215388,0.266355140186916,-0.111701072127637,-0.0174532925199433,317
-0.14791169255948,0.933877672935567,0.325568154457157,-0.151351408034894,0.934471814964716,0.322265695230511,1.72787595947439,1.73136661797837,0.331612557878923,0.328121899374934,0.266992353440952,0.00349065850398844,-0.00349065850398866,35
-0.0554950029993392,0.992600848180772,0.107999355706023,-0.146611333461966,0.980999338502065,0.12706460860135,1.62664686285872,1.71914931321441,0.108210413623648,0.127409035395586,0.266992353440952,0.0925024503556995,0.0191986217719376,113
0.0607771480306164,0.915043888733493,-0.398749068925246,0.114204913706228,0.89150881955715,-0.438371146789077,1.50447381521911,1.44338729139931,-0.410152374218667,-0.453785605518526,0.266992353440952,-0.0610865238198017,-0.0436332312998582,29
5.92550969068143e-17,0.967709170481971,-0.252069358243114,-0.0218193459004666,0.961493766302157,-0.273959218692432,1.5707963267949,1.59348560707082,-0.254818070791172,-0.277507351067098,0.267629566694987,0.0226892802759266,-0.0226892802759263,82
0.247008991420345,0.948282123043414,0.199367934417197,0.319948176389139,0.923955205900914,0.209618562903822,1.31597825600372,1.23743843966398,0.200712863979348,0.211184839491314,0.267629566694987,-0.0785398163397448,0.010471975511966,40
-0.463653613656883,0.809584847119985,0.359996808120051,-0.480441348203666,0.818892452359772,0.313992455967405,2.09090444388921,2.10137641940117,0.368264472170804,0.319395253114962,0.268266779949023,0.0104719755119658,-0.0488692190558412,22
-0.260257867233267,0.90168453258973,-0.345298198998535,-0.329915473536604,0.882399016700046,-0.335451569750255,1.85179433636598,1.92858882345373,-0.352556508902855,-0.342084533390889,0.268266779949023,0.0767944870877506,0.0104719755119659,129
0.0922810031316652,0.849461069651187,-0.519519111879509,0.09247629344911,0.85125874757318,-0.516533328866642,1.46258591317125,1.46258591317125,-0.546288055874225,-0.542797397370236,0.268266779949023,0,0.00349065850398866,16
-0.861993880080595,0.275097338369433,-0.425779291565073,-0.868899705112799,0.25243870014171,-0.425779291565073,2.8326693759868,2.85884931476671,-0.439822971502571,-0.439822971502571,0.268479184367035,0.0261799387799151,0,13
0.830238485184998,0.44516996986523,0.335451569750255,0.831014188435845,0.44372025305411,0.335451569750255,0.492182849062401,0.490437519810407,0.342084533390889,0.342084533390889,0.268691588785047,-0.00174532925199422,0,17
-0.199527704633578,0.900011314006851,-0.387515586452103,-0.21379626812499,0.897422800152419,-0.385906042324319,1.78896248329419,1.80467044656214,-0.397935069454707,-0.396189740202713,0.269116397621071,0.0157079632679489,0.00174532925199433,26
0.760550359862658,0.542495299476607,0.356737999319625,0.770580802426193,0.533575444298258,0.348572047321815,0.619591884457987,0.605629250442032,0.364773813666815,0.356047167406843,0.270815632965166,-0.0139626340159547,-0.00872664625997166,8
0.902965440967258,0.272621339745336,0.332161131883703,0.932822304968561,0.154427731177086,0.325568154457157,0.293215314335047,0.164060949687467,0.3385938748869,0.331612557878923,0.270815632965166,-0.12915436464758,-0.00698131700797727,76
0.909406901731415,-0.35091091858813,0.223250116010951,0.913481282288942,-0.33790698682465,0.226651307436855,5.91492083500878,5.92888346902474,0.225147473507269,0.228638132011257,0.270815632965166,0.0139626340159547,0.00349065850398864,12
0.857699014364423,-0.414627903815668,0.30403306092549,0.823193056048321,-0.437699511979129,0.361624570082092,5.83289036016505,5.79449311662117,0.308923277602996,0.370009801422798,0.270815632965166,-0.0383972435438755,0.0610865238198015,77
0.800368024923147,-0.529752039339345,-0.280666708920788,0.842757969735402,-0.418348689295614,-0.338737920245291,5.69850000776149,5.82241838465308,-0.284488668075076,-0.345575191894877,0.270815632965166,0.123918376891598,-0.0610865238198015,65
0.356441478781591,-0.835665352181672,0.417867073801077,0.381988157974859,-0.82669811734775,0.413104429824542,5.11556003759538,5.14523063487928,0.431096325242599,0.425860337486616,0.271665250637213,0.0296705972839026,-0.00523598775598305,16
0.442209935927128,-0.781603415674352,-0.439939169855915,0.451504907611381,-0.788372010560855,-0.417867073801077,5.22726110972302,5.232497097479,-0.45553093477052,-0.431096325242599,0.272090059473237,0.00523598775598355,0.0244346095279206,14
0.254374358165435,-0.956009118509837,-0.146083028562412,0.272609717438145,-0.950703066125177,-0.147809411129611,4.97244303893184,4.99164166070378,-0.146607657167524,-0.148352986419518,0.272090059473237,0.0191986217719373,-0.0017453292519943,46
0.297596526143166,-0.889422262648603,-0.346935651573256,0.269685842895513,-0.898909728454479,-0.345298198998535,5.03527489200364,5.00385896546774,-0.354301838154849,-0.352556508902855,0.272727272727273,-0.0314159265358986,0.00174532925199433,6
-0.591403742548669,-0.805098635328252,0.0453629881292538,-0.577307631967858,-0.815360807935687,0.043619387365336,4.07883446191075,4.09628775443069,0.0453785605518526,0.0436332312998582,0.273152081563297,0.0174532925199431,-0.00174532925199433,38
-0.688771141435298,-0.708278907703022,-0.154710386299468,-0.730344046263327,-0.666895758023118,-0.147809411129611,3.9409534510032,3.88161225643539,-0.155334303427495,-0.148352986419518,0.273152081563297,-0.0593411945678075,0.00698131700797733,29
-0.730506645692438,-0.64176576933751,-0.233445363855905,-0.724143478541673,-0.645188304697212,-0.243615011786023,3.86241363466345,3.86939495167143,-0.235619449019234,-0.2460914245312,0.27357689039932,0.00698131700797688,-0.010471975511966,16
-0.74760689447566,-0.463535913472445,-0.475624209070275,-0.759001320039263,-0.431172760229234,-0.487859659138733,3.69660735572399,3.65821011218011,-0.49567350756639,-0.509636141582344,0.27357689039932,-0.0383972435438755,-0.0139626340159546,55
0.393601221747409,-0.859699630709649,-0.325568154457157,0.438169741626311,-0.84531512351705,-0.305695304963106,5.14173997637529,5.19060919543114,-0.331612557878923,-0.310668606854991,0.274001699235344,0.0488692190558409,0.020943951023932,15
0.142958441365564,-0.882652073752802,0.44775908783877,0.176426138935373,-0.874976148704756,0.450877540689431,4.87295927156817,4.91135651511204,0.464257581030492,0.46774823953448,0.27463891248938,0.0383972435438755,0.00349065850398866,78
-0.954873615040335,-0.0869003065156554,-0.284015344703923,-0.950833880992588,-0.123491759762689,-0.284015344703923,3.2323497746935,3.27074701823737,-0.287979326579064,-0.287979326579064,0.27463891248938,0.0383972435438755,0,22
-0.974931326818294,0.130083612289667,0.18051914525056,-0.968272452951256,0.155092119117148,0.195946144242518,3.00894763043822,2.98276769165831,0.18151424220741,0.197222205475359,0.27463891248938,-0.0261799387799151,0.015707963267949,134
-0.819322224998629,0.376846118867537,-0.432085748801982,-0.789193617273273,0.441065404510784,-0.427357863387192,2.71049632834719,2.63195651200745,-0.446804288510548,-0.441568300754565,0.275063721325404,-0.0785398163397448,0.00523598775598294,19
-0.256745865373241,-0.932109985659608,0.255445757935791,-0.265352286061447,-0.931526437791164,0.248689887164855,4.44360827557756,4.43488162931759,0.258308729295161,0.251327412287183,0.275700934579439,-0.00872664625997199,-0.00698131700797733,44
-0.766911084782786,-0.623251732395318,0.152985836284038,-0.711282133178311,-0.684482090958967,0.159881187691835,3.82401639111958,3.9077921952153,0.153588974175501,0.160570291183478,0.275700934579439,0.0837758040957279,0.0069813170079773,178
-0.562819438658499,0.794898398731118,0.226651307436855,-0.539829380161255,0.821811689843432,0.182235525492147,2.18689755274889,2.15199096770901,0.228638132011257,0.183259571459405,0.275700934579439,-0.0349065850398866,-0.0453785605518525,83
-0.729687337817192,-0.507145911154372,-0.458649554484315,-0.743149892740987,-0.475264184079982,-0.47101188121941,3.74896723328382,3.71056998973994,-0.476474885794452,-0.490437519810407,0.276550552251487,-0.0383972435438755,-0.0139626340159547,66
-0.872118457945803,-0.3278077773179,0.363251230472978,-0.877755397071598,-0.314281932704733,0.361624570082092,3.50113047950062,3.48542251623268,0.371755130674792,0.370009801422798,0.277187765505522,-0.0157079632679489,-0.00174532925199433,43
-0.832497985857779,-0.0933796108309337,-0.546101961014429,-0.835605475426179,-0.0716366594397665,-0.544639035015027,3.25329372571743,3.22711378693752,-0.577703982410123,-0.575958653158129,0.277187765505522,-0.0261799387799151,0.00174532925199444,19
0.365953802493325,0.841636125297043,-0.397147890634781,0.431830035831694,0.812154176920122,-0.392337116603562,1.16064395257623,1.08210413623648,-0.408407044966673,-0.40317105721069,0.277612574341546,-0.0785398163397448,0.00523598775598294,49
-0.789795256898203,0.518798514616997,0.327217898979104,-0.79827799804568,0.496884291996581,0.34037955021305,2.56039801267568,2.5848326222036,0.333357887130917,0.347320521146872,0.27803738317757,0.0244346095279209,0.0139626340159546,42
0.577240998855764,0.687929034179027,-0.439939169855915,0.617251572590741,0.643663988385415,-0.452434709311783,0.872664625997165,0.80634211442138,-0.45553093477052,-0.469493568786475,0.27803738317757,-0.0663225115757844,-0.0139626340159546,76
0.319477641598302,0.927830441904007,0.192521966525907,0.309201984153251,0.929495455945488,0.201077921145965,1.23918376891597,1.24965574442794,0.193731546971371,0.202458193231342,0.278674596431606,0.0104719755119658,0.00872664625997166,26
0.75857273772518,0.627545944899578,-0.175366726091987,0.77481544069698,0.605352167012018,-0.182235525492147,0.691150383789754,0.663225115757845,-0.176278254451427,-0.183259571459405,0.278674596431606,-0.0279252680319093,-0.00698131700797733,33
-0.33905244980935,0.906836969828632,0.250380004054441,-0.323529760543347,0.923855972987069,0.20449605184179,1.92858882345373,1.9076448724298,0.253072741539178,0.205948851735331,0.279311809685641,-0.0209439510239324,-0.0471238898038469,17
0.763257981647474,0.507107390581307,0.400349032556895,0.757581763399709,0.516787240356644,0.398749068925246,0.586430628670095,0.598647933434055,0.411897703470662,0.410152374218667,0.279311809685641,0.0122173047639604,-0.00174532925199433,59
0.732274171178758,0.616632109591702,-0.289031796944472,0.718473256124534,0.633419380715109,-0.287360519849712,0.699877030049726,0.722566310325652,-0.293215314335047,-0.291469985083053,0.279736618521665,0.0226892802759262,0.00174532925199433,63
0.749268936682027,-0.626486073101262,-0.214735327167063,0.686658108852038,-0.68188098681709,-0.252069358243114,5.58679893563385,5.50127780228613,-0.216420827247297,-0.254818070791172,0.280161427357689,-0.085521133347723,-0.0383972435438752,12
0.987389744172957,0.00689339280672922,-0.158158067254484,0.986834671183862,0.0793988324089903,-0.140901231937583,0.00698131700797732,0.0802851455917391,-0.158824961931484,-0.141371669411541,0.280586236193713,0.0733038285837617,0.0174532925199433,25
0.946990462644472,-0.0878496491050644,0.309016994374947,0.939059914147859,-0.105332446227728,0.327217898979104,6.19068285682389,6.17148423505195,0.314159265358979,0.333357887130917,0.280586236193713,-0.0191986217719364,0.0191986217719377,210
0.81283699738168,0.52183207795205,-0.258819045102521,0.817991082356693,0.511137557499836,-0.263873049965373,0.570722665402146,0.558505360638185,-0.261799387799149,-0.267035375555132,0.280798640611725,-0.0122173047639604,-0.00523598775598305,20
0.85990852753124,0.447640045921233,0.245307385878803,0.857460674789001,0.455919928064128,0.238533457578581,0.479965544298441,0.488692190558412,0.247836753783195,0.240855436775218,0.281223449447749,0.00872664625997155,-0.00698131700797727,87
0.134028960320945,-0.965894663510387,0.221548497619467,0.149530787984669,-0.965910127210483,0.211324796455389,4.85026999129224,4.86597795456019,0.223402144255274,0.212930168743308,0.281223449447749,0.0157079632679489,-0.010471975511966,60
-0.12100580674593,-0.957859590812045,0.260504508642648,-0.140770055019685,-0.953292946559876,0.267238376078257,4.5867252742411,4.56578132321717,0.263544717051144,0.270526034059121,0.281648258283772,-0.0209439510239315,0.00698131700797733,130
-0.193079744383617,-0.932346820036552,-0.305695304963106,-0.154459803375312,-0.943229800355428,-0.294040325232304,4.50818545790135,4.55007335994922,-0.310668606854991,-0.29845130209103,0.281648258283772,0.0418879020478631,0.0122173047639603,41
-0.311451749945621,-0.807146075979799,0.501510737159457,-0.410319007739029,-0.752578297110011,0.515038074910054,4.34412450821389,4.21322481431431,0.525344104850293,0.541052068118242,0.281860662701784,-0.130899693899575,0.015707963267949,379
0.938813922864027,0.0229441180693105,-0.343659694585616,0.939591324560284,0.0492418947538157,-0.338737920245291,0.0244346095279206,0.0523598775598299,-0.35081117965086,-0.345575191894877,0.282073067119796,0.0279252680319093,0.00523598775598305,22
-0.964992977701059,-0.0067370313397379,-0.262189178640865,-0.970426712788866,-0.0237167180136351,-0.240228042477264,3.14857397059777,3.16602726311771,-0.265290046303138,-0.242600766027212,0.28249787595582,0.0174532925199431,0.0226892802759263,4
-0.957742779830549,0.179236689413848,-0.224951054343865,-0.971565163738671,0.0560200948690221,-0.230049737188104,2.95658775287839,3.08399678827398,-0.226892802759263,-0.232128790515246,0.282922684791844,0.127409035395586,-0.00523598775598302,59
-0.845221135598121,0.346650450912229,-0.4067366430758,-0.847864254356979,0.34946442768175,-0.398749068925246,2.75238423039506,2.75063890114306,-0.418879020478639,-0.410152374218667,0.282922684791844,-0.00174532925199422,0.0087266462599716,19
-0.84730521996053,-0.503093023824904,0.170209499166033,-0.839932387793757,-0.508681135266027,0.189095442989891,3.67740873395205,3.68613538021202,0.171042266695444,0.190240888467382,0.283135089209856,0.00872664625997155,0.0191986217719376,70
-0.924480376466996,-0.34197567530636,0.168489379565003,-0.922086502259122,-0.35395584540888,0.156434465040231,3.49589449174464,3.5081117965086,0.16929693744345,0.15707963267949,0.283772302463891,0.0122173047639604,-0.0122173047639603,3
-0.64709960217361,0.733990421457711,0.20620418539663,-0.697913532981363,0.693058106279321,0.18051914525056,2.29336263712055,2.35968514869633,0.207694180987325,0.18151424220741,0.283772302463891,0.0663225115757844,-0.0261799387799149,17
-0.466566019896368,0.862895802449066,0.194234351219972,-0.427726274890035,0.880867496625165,0.202787295356512,2.06646983436129,2.02283660306143,0.195476876223365,0.204203522483337,0.283984706881903,-0.0436332312998582,0.00872664625997166,67
-0.932985286574975,0.255235892058123,0.253757944584806,-0.924448528644797,0.270327667778797,0.268919820615266,2.87455727803466,2.85710398551472,0.256563400043166,0.272271363311115,0.284409515717927,-0.0174532925199431,0.015707963267949,43
-0.144650950010154,0.934388291592163,0.325568154457157,-0.106376224626952,0.933652140999851,0.342020143325669,1.7243853009704,1.68424272817453,0.331612557878923,0.349065850398866,0.284409515717927,-0.0401425727958697,0.0174532925199433,84
-0.842573373353016,-0.345564524475327,-0.413104429824542,-0.824704985697178,-0.384566250549202,-0.414693242656239,3.53080107678453,3.57792496658838,-0.425860337486616,-0.427605666738611,0.285259133389974,0.0471238898038466,-0.00174532925199433,81
-0.0336945088977242,0.964884491038691,0.260504508642648,-0.154858226179557,0.956123564089105,0.248689887164855,1.60570291183478,1.73136661797837,0.263544717051144,0.251327412287183,0.285259133389974,0.125663706143592,-0.0122173047639603,71
-0.279718881438672,0.920663247033475,-0.272280247040574,-0.424825401713774,0.859568881493183,-0.284015344703923,1.86575697038194,2.02981792006941,-0.275762021815104,-0.287979326579064,0.286108751062022,0.164060949687467,-0.0122173047639602,84
0.09632744584144,0.965076550958607,-0.243615011786023,0.0724911867434781,0.964101909860743,-0.255445757935791,1.47131255943122,1.49574716895914,-0.2460914245312,-0.258308729295161,0.286108751062022,0.0244346095279209,-0.0122173047639603,10
0.209728030329677,0.894180020295827,-0.395545502562965,0.261191719864417,0.87615020409503,-0.405141586779863,1.34041286553164,1.28107167096384,-0.406661715714679,-0.417133691226645,0.286108751062022,-0.0593411945678071,-0.0104719755119659,12
0.348760516365791,0.885380150962811,-0.307356617799807,0.381428870431651,0.860743169330963,-0.337095258423082,1.19555053761612,1.15366263556825,-0.312413936106985,-0.343829862642883,0.286108751062022,-0.041887902047864,-0.031415926535898,13
-0.561672565326286,0.63040746754962,-0.535826794978997,-0.611515695438293,0.628835389220464,-0.480223497443189,2.29859862487653,2.34223185617639,-0.565486677646163,-0.500909495322373,0.286533559898046,0.0436332312998586,0.0645771823237902,12
-0.00160777101858523,0.921184002520471,0.389123950140206,0.0128235140081476,0.918356854872165,0.395545502562965,1.57254165604689,1.55683369277894,0.399680398706701,0.406661715714679,0.286533559898046,-0.0157079632679489,0.00698131700797738,13
0.748541319003557,0.608323028699709,-0.263873049965373,0.755229662104282,0.605053052312569,-0.252069358243114,0.682423737529783,0.675442420521806,-0.267035375555132,-0.254818070791172,0.287170773152082,-0.00698131700797733,0.0122173047639604,26
0.797080013392572,0.525577431514442,-0.297374874077786,0.826097216124353,0.492452775405953,-0.273959218692432,0.582939970166106,0.537561409614253,-0.301941960595019,-0.277507351067098,0.287170773152082,-0.0453785605518524,0.0244346095279206,21
-0.945503262094184,0.226995249869773,-0.233445363855905,-0.941001749249664,0.243359599265616,-0.23514211310259,2.90597320457056,2.88851991205062,-0.235619449019234,-0.237364778271229,0.287383177570093,-0.0174532925199435,-0.00174532925199433,59
0.881651294500187,-0.307023464322912,-0.3583679495453,0.862205072237624,-0.383878430778709,-0.330514392713223,5.94808209079667,5.86430628670095,-0.366519142918809,-0.336848545634906,0.287595581988105,-0.083775804095727,0.0296705972839036,23
0.716818343708708,0.677861410747472,0.163325962241622,0.745092458724534,0.652279139572153,0.139173100960065,0.757472895365539,0.719075651821664,0.164060949687467,0.139626340159546,0.287807986406117,-0.0383972435438751,-0.0244346095279206,51
0.943788014193307,0.00494170764654917,0.330514392713223,0.941744305264911,0.0411174443465877,0.333806859233771,0.00523598775598299,0.0436332312998582,0.336848545634906,0.340339204138894,0.288020390824129,0.0383972435438751,0.00349065850398866,24
0.218598214832794,-0.883314403237697,0.414693242656239,0.241364885728614,-0.894538034832759,0.376224263139366,4.9549897464119,4.97593369743583,0.427605666738611,0.385717764690747,0.288657604078165,0.0209439510239333,-0.0418879020478638,76
-0.205654748660142,-0.897935786000768,0.389123950140206,-0.308988889836568,-0.85357238503195,0.419452082446177,4.48724150687742,4.36506845923782,0.399680398706701,0.432841654494594,0.288870008496177,-0.122173047639603,0.0331612557878923,104
0.919717788328029,0.28118594617518,-0.273959218692432,0.917867441624838,0.296463105810902,-0.263873049965373,0.296705972839036,0.312413936106985,-0.277507351067098,-0.267035375555132,0.289719626168224,0.0157079632679489,0.0104719755119659,115
0.967707696576992,-0.00168897026518224,0.252069358243114,0.946083917857507,0.00165122961332279,0.323917418198149,6.28143997792759,0.00174532925199433,0.254818070791172,0.329867228626928,0.289719626168224,0.00349065850398844,0.0750491578357562,13
-0.338675284095197,-0.838250743241049,-0.427357863387192,-0.295760832497066,-0.868791737371499,-0.397147890634781,4.32841654494594,4.38426708100976,-0.441568300754565,-0.408407044966673,0.289719626168224,0.0558505360638186,0.0331612557878923,4
-0.554541657546267,-0.637927203329198,0.534352349389826,-0.654097594294212,-0.535372677524822,0.534352349389826,3.99680398706701,3.82750704962357,0.563741348394168,0.563741348394168,0.29035683942226,-0.169296937443449,0,109
-0.68254575780334,-0.696992779687361,-0.219846204352837,-0.718072783190595,-0.639779512437171,-0.273959218692432,3.93746279249921,3.86939495167143,-0.22165681500328,-0.277507351067098,0.29035683942226,-0.0680678408277791,-0.0558505360638186,13
0.159756898104182,-0.965013192826622,-0.207911690817759,0.249582147299426,-0.944630513096492,-0.213030386274977,4.87644993007216,4.97069770967985,-0.20943951023932,-0.214675497995303,0.290994052676296,0.0942477796076941,-0.00523598775598302,27
-0.138452879709982,-0.937601066078805,0.31895930929807,-0.176679312188151,-0.935048838371229,0.307356617799807,4.56578132321717,4.5256387504213,0.324631240870945,0.312413936106985,0.290994052676296,-0.0401425727958697,-0.0122173047639604,37
0.623914074656653,-0.697809918167687,0.351841648404702,0.627127583141264,-0.701404031818532,0.338737920245291,5.44193660771832,5.44193660771832,0.359537825910832,0.345575191894877,0.291843670348343,0,-0.0139626340159547,71
-0.16218147896334,-0.89242703440855,-0.421035813367491,-0.165695120128628,-0.894010866354885,-0.416280792260401,4.53262006742927,4.52912940892528,-0.434586983746588,-0.429350995990605,0.291843670348343,-0.00349065850398844,0.00523598775598294,35
-0.365207092998993,-0.899396612641368,-0.240228042477264,-0.360274635717588,-0.891711014483948,-0.273959218692432,4.32667121569394,4.32841654494594,-0.242600766027212,-0.277507351067098,0.291843670348343,0.00174532925199422,-0.0349065850398866,38
-0.978146110930192,-0.00170718875359542,-0.207911690817759,-0.979612818402242,-0.035920771376272,-0.197657340379126,3.14333798284179,3.17824456788167,-0.20943951023932,-0.198967534727354,0.291843670348343,0.0349065850398871,0.010471975511966,37
-0.904122315275899,0.0727439542651056,0.421035813367491,-0.918933757686482,0.0192489182043146,0.393941909590951,3.06130750799805,3.12064870256586,0.434586983746588,0.404916386462684,0.292480883602379,0.0593411945678075,-0.0296705972839036,35
-0.901757092796387,-0.284322919221734,0.325568154457157,-0.899208096761069,-0.290436301634346,0.327217898979104,3.4470252726888,3.45400658969678,0.331612557878923,0.333357887130917,0.293330501274427,0.00698131700797733,0.00174532925199433,36
-0.815785348501827,0.519712584732991,0.253757944584806,-0.818419888420415,0.497607091860254,0.287360519849712,2.57436064669164,2.59530459771557,0.256563400043166,0.291469985083053,0.294180118946474,0.020943951023932,0.0349065850398866,29
-0.29991901424192,0.945464526112503,0.12706460860135,-0.347743850274967,0.930083176326297,0.118403968306501,1.8779742751459,1.92858882345373,0.127409035395586,0.118682389135614,0.294392523364486,0.050614548307836,-0.00872664625997163,13
-0.798963212684162,0.57200147963853,0.185666615385577,-0.794887919297704,0.575402892032674,0.192521966525907,2.52025543987981,2.51501945212383,0.186750229963393,0.193731546971371,0.295029736618522,-0.00523598775598311,0.00698131700797733,44
0.304947739982954,0.861145852372708,-0.4067366430758,0.361101202797019,0.834455644916852,-0.416280792260401,1.230457122656,1.16238928182822,-0.418879020478639,-0.429350995990605,0.295029736618522,-0.0680678408277791,-0.010471975511966,62
-0.740334717613314,0.627849499087127,0.240228042477264,-0.74319991433989,0.612646731326818,0.268919820615266,2.43822496503608,2.45218759905203,0.242600766027212,0.272271363311115,0.295454545454545,0.0139626340159547,0.0296705972839036,100
0.770045454109882,0.582380802895801,-0.260504508642648,0.759072286252488,0.601633280549998,-0.248689887164855,0.647517152489896,0.670206432765822,-0.263544717051144,-0.251327412287183,0.295666949872557,0.0226892802759262,0.0122173047639603,41
-0.840792927132131,0.525385731467001,0.130526192220052,-0.827281959366075,0.533146841361152,0.177084740319583,2.58308729295161,2.56912465893565,0.130899693899575,0.178023583703422,0.295879354290569,-0.0139626340159551,0.0471238898038469,73
-0.797865717665674,0.417114117134621,-0.435231099372328,-0.835784142239691,0.361676094924733,-0.413104429824542,2.65988178003936,2.73318560862312,-0.450294947014537,-0.425860337486616,0.296304163126593,0.0733038285837617,0.0244346095279207,34
0.926306190395617,0.215558202864637,0.309016994374947,0.928076446268109,0.192195392490186,0.31895930929807,0.228638132011257,0.204203522483337,0.314159265358979,0.324631240870945,0.296304163126593,-0.0244346095279204,0.010471975511966,63
0.505147930057321,0.771946951063598,0.385906042324319,0.476858603616386,0.793625989981069,0.377840786818467,0.991347015132779,1.02974425867665,0.396189740202713,0.387463093942741,0.296728971962617,0.0383972435438751,-0.00872664625997166,13
0.796379830605596,0.539189680815605,0.273959218692432,0.800368024923147,0.529752039339344,0.280666708920788,0.595157274930066,0.5846852994181,0.277507351067098,0.284488668075076,0.296728971962617,-0.0104719755119658,0.00698131700797733,66
0.985103005168301,-0.0344005549691101,0.168489379565003,0.984798732383533,0.0636840772923578,0.161603821103361,6.2482787221397,0.0645771823237902,0.16929693744345,0.162315620435473,0.297153780798641,0.0994837673636768,-0.0069813170079773,17
0.897058055158301,-0.31590400893797,0.309016994374947,0.899823290775631,-0.295846844913755,0.320612990585676,5.94459143229269,5.96553538331662,0.314159265358979,0.32637657012294,0.297153780798641,0.0209439510239324,0.0122173047639603,31
0.882781533861032,-0.445925040175456,0.147809411129611,0.865277314823364,-0.475690229261013,0.158158067254484,5.81543706764511,5.78053048260522,0.148352986419518,0.158824961931484,0.297578589634664,-0.0349065850398871,0.010471975511966,129
0.844133632835789,-0.477587830611239,-0.243615011786023,0.846321061894082,-0.47105626013928,-0.248689887164855,5.76831317784126,5.77529449484924,-0.2460914245312,-0.251327412287183,0.297578589634664,0.00698131700797688,-0.005235987755983,4
0.659056659332757,-0.670660928924526,0.34037955021305,0.579385352613959,-0.733629101403199,0.355106962408137,5.48906049752217,5.38085008389852,0.347320521146872,0.363028484414821,0.297790994052676,-0.108210413623648,0.015707963267949,53
0.357853572998583,-0.885718673976842,0.295708050044047,0.182077638431974,-0.936708246013607,0.299040792256087,5.09636141582344,4.90437519810407,0.300196631343025,0.303687289847013,0.29927782497876,-0.191986217719377,0.00349065850398866,117
0.0264004280743074,-0.945149932127625,0.325568154457157,0.0940766877403374,-0.942526862795706,0.320612990585676,4.7403142484166,4.81187274774837,0.331612557878923,0.32637657012294,0.29927782497876,0.0715584993317666,-0.005235987755983,4
0.985608321195689,-0.0879631992504977,-0.144356201000973,0.992751293711987,-0.0034653698205798,-0.120136838834647,6.19417351532787,6.2796946486756,-0.144862327915529,-0.120427718387609,0.299915038232795,0.085521133347723,0.0244346095279206,21
-0.280572101226569,-0.833703129272994,-0.475624209070275,-0.318509000531523,-0.812739176836856,-0.487859659138733,4.38775773951374,4.3388885204579,-0.49567350756639,-0.509636141582344,0.299915038232795,-0.0488692190558409,-0.0139626340159546,47
-0.361101202797019,-0.834455644916852,0.416280792260401,-0.426533663595838,-0.79882656663508,0.42419942274539,4.30398193541802,4.22195146057428,0.429350995990605,0.438077642250577,0.299915038232795,-0.0820304748437328,0.0087266462599716,16
-0.0536310244442361,-0.748191372577373,0.661311865323652,-0.0614629823524043,-0.747588736259784,0.661311865323652,4.64083048105292,4.63035850554096,0.722566310325652,0.722566310325652,0.300339847068819,-0.0104719755119644,0,4
-0.373599235437697,-0.759253900669176,0.53287627607073,-0.376737273906541,-0.755618072991908,0.535826794978997,4.25511271636218,4.24987672860619,0.561996019142174,0.565486677646163,0.300339847068819,-0.00523598775598266,0.00349065850398866,13
-0.24050042398289,-0.89133419717065,-0.384295322659804,-0.31345892054916,-0.85656675831734,-0.409923033841573,4.44884426333355,4.36157780073383,-0.394444410950718,-0.422369678982628,0.300764655904843,-0.0872664625997155,-0.0279252680319093,13
-0.605087794038254,-0.766174037033522,-0.216439613938103,-0.595911867342026,-0.773807331076279,-0.214735327167063,4.04392787687086,4.05614518163482,-0.218166156499291,-0.216420827247297,0.300764655904843,0.0122173047639604,0.00174532925199433,31
-0.645003744464348,-0.736781841842591,0.202787295356512,-0.682813181721051,-0.697265864000945,0.218143241396543,3.99331332856303,3.93746279249921,0.204203522483337,0.219911485751285,0.300977060322855,-0.0558505360638182,0.0157079632679489,41
-0.845470715389173,0.202979560189211,-0.493941866584231,-0.865848305013655,0.129401896200736,-0.483282383255002,2.90597320457056,2.99323966717028,-0.516617458590322,-0.504400153826361,0.301401869158879,0.0872664625997164,0.0122173047639604,34
-0.908821710620634,0.372734947715813,-0.187381314585725,-0.911437386049184,0.362704987721409,-0.194234351219972,2.75238423039506,2.76285620590702,-0.188495559215388,-0.195476876223365,0.301826677994902,0.0104719755119662,-0.0069813170079773,18
-0.672996306188508,0.522029445722498,-0.523985905970079,-0.619374043176986,0.60653587524046,-0.49848773975383,2.48185819633594,2.36666646570431,-0.551524043630208,-0.521853446346304,0.301826677994902,-0.115191730631626,0.0296705972839038,116
-0.872341519608239,-0.446399708662326,0.199367934417197,-0.864109644957544,-0.46139158110976,0.201077921145965,3.61457688088026,3.6320301734002,0.200712863979348,0.202458193231342,0.302463891248938,0.0174532925199435,0.00174532925199436,23
-0.807581611955719,-0.555035464413962,0.199367934417197,-0.831332442098512,-0.517458871367102,0.202787295356512,3.74373124552784,3.69835268497598,0.200712863979348,0.204203522483337,0.303525913338997,-0.0453785605518524,0.00349065850398869,220
-0.33523315924289,0.873312237266409,0.353474843779257,-0.269152609992362,0.885885552625564,0.377840786818467,1.93731546971371,1.86575697038194,0.361283155162826,0.387463093942741,0.303525913338997,-0.0715584993317675,0.026179938779915,288
-0.341270287373182,0.903145609485579,-0.260504508642648,-0.376490427002912,0.895635333684064,-0.236838146065619,1.93207948195772,1.9687313962496,-0.263544717051144,-0.239110107523223,0.303525913338997,0.0366519142918813,0.0244346095279206,526
-0.332430240724835,0.913344579935348,0.23514211310259,-0.317058822726551,0.910468918413246,0.265556117486809,1.91986217719376,1.90589954317781,0.237364778271229,0.268780704807127,0.303525913338997,-0.0139626340159547,0.0314159265358979,188
-0.853988072189716,0.491064921405312,0.17192910027941,-0.884438158929558,0.439038914894363,0.158158067254484,2.61973920724349,2.68082573106329,0.172787595947439,0.158824961931484,0.303950722175021,0.0610865238198013,-0.0139626340159546,16
-0.168407792139243,0.891273055471083,0.421035813367491,-0.105217465595838,0.895673596024701,0.432085748801982,1.75754655675829,1.68773338667852,0.434586983746588,0.446804288510548,0.303950722175021,-0.0698131700797733,0.0122173047639603,45
-0.959108738322246,0.244473751850662,0.142628933705512,-0.956491012832906,0.247365395196965,0.154710386299468,2.8920105705546,2.88851991205062,0.143116998663535,0.155334303427495,0.304163126593033,-0.00349065850398844,0.0122173047639603,46
0.33110116857241,0.935000856369111,-0.12706460860135,0.251469859877711,0.958546092626818,-0.133986185418292,1.230457122656,1.31423292675173,-0.127409035395586,-0.134390352403563,0.304587935429057,0.0837758040957279,-0.00698131700797733,6
0.13775829352131,0.850545391316222,-0.507538362960704,0.114652634739858,0.859281529338509,-0.49848773975383,1.41022603561142,1.43815130364333,-0.53232542185827,-0.521853446346304,0.305225148683093,0.0279252680319093,0.010471975511966,81
0.757575850616119,0.594015344247038,0.270600445975864,0.754455223096018,0.597973841385057,0.270600445975864,0.66497044500984,0.670206432765822,0.27401669256311,0.27401669256311,0.305225148683093,0.00523598775598266,0,42
0.882227562504061,0.369043783629618,-0.292371704722737,0.880097703545647,0.375393482696281,-0.290702193598252,0.396189740202713,0.40317105721069,-0.296705972839036,-0.294960643587042,0.306499575191164,0.00698131700797733,0.00174532925199433,6
0.86529041359727,0.264545827808739,0.425779291565073,0.868774867520371,0.24747703105013,0.428935133403146,0.296705972839036,0.277507351067098,0.439822971502571,0.44331363000656,0.306499575191164,-0.0191986217719378,0.00349065850398866,4
0.920493265703219,0.220990880971632,-0.322265695230511,0.92342608741741,0.218288677102913,-0.315649036947102,0.235619449019234,0.232128790515246,-0.328121899374934,-0.321140582366957,0.306499575191164,-0.00349065850398844,0.00698131700797738,53
0.938550544465027,0.123562523290831,0.322265695230511,0.948275616770665,0.0913085565677812,0.30403306092549,0.130899693899575,0.0959931088596881,0.328121899374934,0.308923277602996,0.306499575191164,-0.0349065850398866,-0.0191986217719377,20
0.0519705713337922,0.874764229495432,0.481753674101715,0.0524129346116353,0.882210050504675,0.467929814260573,1.51145513222709,1.51145513222709,0.502654824574367,0.486946861306418,0.307349192863212,0,-0.015707963267949,50
0.534941432045924,0.775441750638142,-0.335451569750255,0.549840205666822,0.756790118227965,-0.353474843779257,0.966912405604858,0.942477796076938,-0.342084533390889,-0.361283155162826,0.307349192863212,-0.0244346095279204,-0.0191986217719375,11
0.946415863287174,-0.178827133843406,0.268919820615266,0.949569059811002,-0.164019056821777,0.267238376078257,6.09643507721619,6.11214304048414,0.272271363311115,0.270526034059121,0.307349192863212,0.0157079632679489,-0.00174532925199433,30
0.705147627851291,0.591689114455552,0.390731128489274,0.695076877392122,0.610639957348285,0.379456159529005,0.698131700797732,0.720820981073658,0.401425727958696,0.389208423194735,0.308411214953271,0.0226892802759262,-0.0122173047639603,53
0.973762358254324,-0.0203974136630565,0.226651307436855,0.974545102723923,0.0698562615686824,0.213030386274977,6.26224135615565,0.0715584993317675,0.228638132011257,0.214675497995303,0.308411214953271,0.092502450355699,-0.0139626340159546,12
0.877859962044346,-0.433865416784386,-0.202787295356512,0.875412697191951,-0.444122209395687,-0.190808995376545,5.82416371390508,5.81369173839311,-0.204203522483337,-0.191986217719376,0.308411214953271,-0.0104719755119653,0.0122173047639603,82
0.757402943914688,-0.387582667915825,-0.525471651072268,0.626739044672801,-0.525896501229349,-0.575005252043279,5.81020107988912,5.58505360638185,-0.553269372882202,-0.61261056745001,0.308411214953271,-0.225147473507268,-0.0593411945678072,80
0.891984143469794,-0.415939037052792,0.177084740319583,0.929805079437822,-0.334750426658577,0.152985836284038,5.846852994181,5.93761011528471,0.178023583703422,0.153588974175501,0.308623619371283,0.0907571211037039,-0.0244346095279206,20
0.568545720099742,-0.78253605010655,-0.253757944584806,0.647903591997598,-0.712036750536287,-0.270600445975864,5.34070751110265,5.45066325397829,-0.256563400043166,-0.27401669256311,0.309048428207307,0.109955742875643,-0.0174532925199433,35
0.740339992261465,-0.506921372412851,0.441505852791745,0.766383995406842,-0.511114588924566,0.389123950140206,5.68279204449354,5.6950093492575,0.457276264022514,0.399680398706701,0.309473237043331,0.0122173047639604,-0.0575958653158129,29
0.402669437707892,-0.875466146853815,0.267238376078257,0.40132886308251,-0.856745382155483,0.323917418198149,5.14348530562729,5.15046662263527,0.270526034059121,0.329867228626928,0.309473237043331,0.00698131700797777,0.0593411945678072,109
-0.231942690080117,-0.916628586354233,0.325568154457157,-0.279296363218454,-0.913537240966176,0.295708050044047,4.4645522266015,4.41568300754565,0.331612557878923,0.300196631343025,0.31053525913339,-0.0488692190558417,-0.031415926535898,63
-0.296477643049035,-0.928987228316216,-0.221548497619467,-0.345530419075706,-0.904854722878374,-0.248689887164855,4.40346570278169,4.34761516671788,-0.223402144255274,-0.251327412287183,0.31053525913339,-0.0558505360638186,-0.0279252680319093,8
0.554972167315889,-0.687784546519308,-0.467929814260573,0.527166243214995,-0.720281330673258,-0.450877540689431,5.39132205941048,5.34419816960664,-0.486946861306418,-0.46774823953448,0.310960067969414,-0.0471238898038466,0.0191986217719376,16
0.746055789808884,-0.610639588430012,-0.265556117486809,0.747096892017142,-0.613672305624863,-0.255445757935791,5.59727091114581,5.59552558189382,-0.268780704807127,-0.258308729295161,0.311384876805438,-0.00174532925199244,0.0104719755119659,41
-0.876604734959914,-0.388457748820347,0.284015344703923,-0.886552942046035,-0.369036371785392,0.278991106039229,3.55872634481644,3.53603706454051,0.287979326579064,0.282743338823081,0.311384876805438,-0.0226892802759271,-0.00523598775598294,175
-0.527954802356182,-0.825539916294339,0.199367934417197,-0.528872048210173,-0.82697417366286,0.190808995376545,4.14341164423454,4.14341164423454,0.200712863979348,0.191986217719376,0.311597281223449,0,-0.00872664625997163,35
-0.974437846791831,0.173573817177966,0.142628933705512,-0.977511842155984,0.0734994846176858,0.197657340379126,2.96531439913837,3.06654349575404,0.143116998663535,0.198967534727354,0.311809685641461,0.101229096615671,0.0558505360638186,49
-0.966492082376137,-0.0253084858663413,-0.255445757935791,-0.96872647030885,-0.0236751649824563,-0.246999012722743,3.16777259236971,3.16602726311771,-0.258308729295161,-0.249582083035189,0.312234494477485,-0.00174532925199378,0.00872664625997169,229
-0.546293349707582,-0.749155175003547,0.374606593415912,-0.586419700538901,-0.7190215913789,0.372987782575809,4.08232512041474,4.02821991360291,0.383972435438752,0.382227106186758,0.313084112149533,-0.0541052068118235,-0.00174532925199433,38
-0.519977379543619,0.682567877355416,-0.51354125205817,-0.459018190977068,0.737443562740448,-0.495458668432408,2.22180413778878,2.12755635818109,-0.539306738866248,-0.518362787842316,0.313084112149533,-0.0942477796076937,0.0209439510239319,101
-0.381565500092653,0.890259012400872,-0.248689887164855,-0.363574128358176,0.895375105680885,-0.257132793154696,1.97571271325758,1.95651409148564,-0.251327412287183,-0.260054058547155,0.313721325403568,-0.0191986217719378,-0.00872664625997166,220
-0.185495428674048,0.911739160478816,0.366501226724297,-0.0554184892870691,0.906084290547355,0.419452082446177,1.77150919077424,1.6318828506147,0.375245789178781,0.432841654494594,0.313721325403568,-0.139626340159546,0.0575958653158128,25
-0.0572855579005691,0.96422563062192,0.258819045102521,0.0526714641861495,0.972550719344576,0.226651307436855,1.6301375213627,1.51669111998307,0.261799387799149,0.228638132011257,0.314358538657604,-0.113446401379631,-0.0331612557878923,60
-0.769503310924718,-0.612090571504331,0.182235525492147,-0.745679304128055,-0.64138538617052,0.18051914525056,3.81354441560761,3.85194165915149,0.183259571459405,0.18151424220741,0.314570943075616,0.038397243543876,-0.00174532925199433,59
-0.311136170041923,0.806328231543308,-0.503019946630235,-0.373113237422817,0.792905990360372,-0.481753674101715,1.9390607989657,2.01061929829747,-0.527089434102287,-0.502654824574367,0.314783347493628,0.0715584993317675,0.0244346095279205,57
-0.744034650069027,0.572983816363065,-0.343659694585616,-0.785686717837289,0.546066494166445,-0.290702193598252,2.48534885483993,2.53421807389577,-0.35081117965086,-0.294960643587042,0.31499575191164,0.0488692190558413,0.0558505360638186,47
0.956047873438834,0.208452147069767,0.20620418539663,0.966882167220207,0.163535877617257,0.195946144242518,0.214675497995303,0.167551608191456,0.207694180987325,0.197222205475359,0.315632965165675,-0.0471238898038471,-0.010471975511966,118
0.910235742406461,0.3259115800311,-0.255445757935791,0.850686202263911,0.473485866101103,-0.228350870110656,0.343829862642883,0.50789081233035,-0.258308729295161,-0.230383461263251,0.315845369583687,0.164060949687467,0.0279252680319093,49
0.852023436361735,0.4285231452732,0.300705799504273,0.859473113344438,0.40077889473083,0.317304656405092,0.466002910282486,0.436332312998582,0.305432619099008,0.322885911618951,0.316057774001699,-0.0296705972839035,0.0174532925199433,18
0.834520000196311,-0.501430203908835,-0.228350870110656,0.840549010081775,-0.495121205445898,-0.219846204352837,5.74213323906134,5.75085988532132,-0.230383461263251,-0.22165681500328,0.316907391673747,0.0087266462599711,0.00872664625997166,8
0.953416642170501,0.0968445308822747,-0.285688367404974,0.952715403569407,0.164562524756372,-0.255445757935791,0.101229096615671,0.171042266695444,-0.289724655831059,-0.258308729295161,0.317119796091759,0.0698131700797733,0.0314159265358979,31
0.858864952679286,-0.129891111837545,0.495458668432408,0.814847518523555,-0.238278089533799,0.528438334722347,6.13308699150807,5.99869663910451,0.518362787842316,0.556760031386191,0.317757009345794,-0.134390352403564,0.0383972435438752,17
0.518215735317196,-0.715886960766658,-0.467929814260573,0.474820552698314,-0.742456205682827,-0.472550764869054,5.33896218185065,5.28136631653484,-0.486946861306418,-0.492182849062401,0.317757009345794,-0.057595865315812,-0.005235987755983,17
0.922569232851758,-0.259322516039003,0.285688367404974,0.921177460508226,-0.262404302333859,0.287360519849712,6.00916861461648,6.00567795611249,0.289724655831059,0.291469985083053,0.317969413763806,-0.00349065850398844,0.00174532925199433,23
0.940248867576253,0.0344773608251593,-0.338737920245291,0.948291994017056,0.0463792160208972,-0.313992455967405,0.0366519142918809,0.0488692190558412,-0.345575191894877,-0.319395253114962,0.318606627017842,0.0122173047639604,0.0261799387799149,11
0.661966007268801,-0.737773171412974,0.132256390257122,0.67963446580713,-0.721210576048433,0.133986185418292,5.44368193697031,5.46811654649823,0.132645023151569,0.134390352403563,0.318606627017842,0.0244346095279209,0.00174532925199433,13
0.836762879610341,-0.461917926090221,0.294040325232304,0.824336226184479,-0.481703197484875,0.297374874077786,5.77878515335323,5.7543505438253,0.29845130209103,0.301941960595019,0.319031435853866,-0.0244346095279209,0.00349065850398872,41
-0.977991047058767,-0.0615299813027508,0.199367934417197,-0.977254054546181,-0.0889370860667701,0.192521966525907,3.20442450666159,3.2323497746935,0.200712863979348,0.193731546971371,0.319243840271878,0.0279252680319089,-0.0069813170079773,69
0.205459154381496,-0.730944220869732,-0.650774217265851,0.223586787609014,-0.672126680108961,-0.705871570678681,4.9864056729478,5.03352956275165,-0.708603676309698,-0.783652834145454,0.319668649107901,0.0471238898038466,-0.0750491578357562,18
-0.964319989157351,-0.0471631157624152,-0.260504508642648,-0.960531858560368,-0.0217975171601479,-0.277314653302378,3.19046187264563,3.16428193386572,-0.263544717051144,-0.280998009571087,0.319668649107901,-0.0261799387799151,-0.0174532925199433,74
-0.938822377368925,0.305041881671366,0.159881187691835,-0.89934963327097,0.379900158796619,0.216439613938103,2.82743338823081,2.74191225488309,0.160570291183478,0.218166156499291,0.319881053525913,-0.0855211333477222,0.0575958653158129,328
-0.859268808757542,0.426544740964224,-0.282341456842876,-0.85081352553367,0.441019842522361,-0.285688367404974,2.68082573106329,2.66337243854335,-0.28623399732707,-0.289724655831059,0.320943075615973,-0.0174532925199431,-0.00349065850398872,20
-0.817223546173228,0.532741327486149,0.219846204352837,-0.808530376213849,0.537186297616603,0.240228042477264,2.56388867117967,2.5551620249197,0.22165681500328,0.242600766027212,0.320943075615973,-0.00872664625997155,0.020943951023932,130
-0.841361994811278,-0.348503549116113,0.413104429824542,-0.846549567320489,-0.331759147672743,0.416280792260401,3.53429173528852,3.51509311351658,0.425860337486616,0.429350995990605,0.321367884451997,-0.0191986217719378,0.00349065850398877,22
-0.357189680207206,0.902158150649285,-0.241921895599668,-0.323319702923066,0.913026675253068,-0.248689887164855,1.94778744522567,1.91113553093379,-0.244346095279206,-0.251327412287183,0.321580288870009,-0.0366519142918813,-0.00698131700797733,93
-0.418955926861612,0.758937352264761,-0.49848773975383,-0.402281769115956,0.772776088478093,-0.490903753615141,2.07519648062126,2.05076187109334,-0.521853446346304,-0.513126800086333,0.322005097706032,-0.0244346095279209,0.00872664625997166,45
-0.057643482201577,0.970250181966139,0.23514211310259,-0.0356900916321596,0.973321838959988,0.226651307436855,1.6301375213627,1.60744824108678,0.237364778271229,0.228638132011257,0.322005097706032,-0.0226892802759266,-0.00872664625997166,68
-0.799689536705936,0.364439518151584,0.477158760259608,-0.798066110385146,0.322439638545854,0.509041415750371,2.71398698685118,2.75762021815104,0.497418836818384,0.534070751110265,0.322642310960068,0.0436332312998582,0.036651914291881,39
0.0391714126918559,0.89717285249511,0.439939169855915,0.088977781099076,0.875969933566891,0.474088209047116,1.52716309549504,1.46956723017923,0.45553093477052,0.493928178314395,0.322642310960068,-0.0575958653158128,0.0383972435438752,27
0.70353242418125,0.696203357788285,0.142628933705512,0.613287335485488,0.776556457294431,0.144356201000973,0.780162175641465,0.902335223281068,0.143116998663535,0.144862327915529,0.323491928632116,0.122173047639603,0.00174532925199436,15
-0.505667878969087,0.855037687833399,-0.114937150492867,-0.501231232080115,0.854327951522185,-0.137444546037147,2.10486707790516,2.10137641940117,-0.115191730631626,-0.137881010907552,0.324766355140187,-0.00349065850398844,-0.0226892802759263,11
0.170157584858068,0.955259228034324,0.241921895599668,0.175436636296983,0.946571384145149,0.270600445975864,1.39451807234347,1.38753675533549,0.244346095279206,0.27401669256311,0.324766355140187,-0.00698131700797777,0.0296705972839036,8
0.776281190295975,0.561933866502229,-0.285688367404974,0.794240253021922,0.539765118575368,-0.278991106039229,0.626573201465964,0.596902604182061,-0.289724655831059,-0.282743338823081,0.324766355140187,-0.0296705972839035,0.00698131700797733,87
0.577249406326422,0.749573631529043,-0.323917418198149,0.657468478114828,0.67138470480408,-0.342020143325669,0.914552528045029,0.795870138909414,-0.329867228626928,-0.349065850398866,0.325403568394223,-0.118682389135614,-0.0191986217719377,20
0.977437969571569,0.0941165717621811,0.189095442989891,0.96919777338443,0.17963018966884,0.168489379565003,0.0959931088596881,0.183259571459405,0.190240888467382,0.16929693744345,0.325403568394223,0.0872664625997164,-0.020943951023932,52
-0.424598911104548,0.87055677856804,0.248689887164855,-0.427783615572616,0.873215002357268,0.233445363855905,2.02458193231342,2.02632726156542,0.251327412287183,0.235619449019234,0.326465590484282,0.00174532925199422,-0.015707963267949,32
0.953820329292005,-0.0283087265016203,0.299040792256087,0.949959029542819,-0.00497401930264331,0.312334918512233,6.25351470989568,6.2779493194236,0.303687289847013,0.317649923862968,0.326465590484282,0.02443460952792,0.0139626340159547,45
0.945469133033793,0.132877021141916,-0.297374874077786,0.947743184006585,0.0463523747334133,-0.315649036947102,0.139626340159546,0.0488692190558412,-0.301941960595019,-0.321140582366957,0.326677994902294,-0.0907571211037053,-0.0191986217719375,41
0.753391695210068,0.502449801802108,-0.42419942274539,0.772134461598774,0.478743649403831,-0.417867073801077,0.588175957922089,0.555014702134197,-0.438077642250577,-0.431096325242599,0.327102803738318,-0.0331612557878924,0.00698131700797733,4
0.16054689602548,-0.949210246896992,0.270600445975864,0.1702313713379,-0.955673462967325,0.240228042477264,4.87994058857615,4.88866723483612,0.27401669256311,0.242600766027212,0.327102803738318,0.00872664625997199,-0.0314159265358979,127
0.666763290222544,0.545739429521797,0.507538362960704,0.665388262186337,0.544613982114809,0.510542917911606,0.685914396033771,0.685914396033771,0.53232542185827,0.535816080362259,0.327952421410365,0,0.00349065850398866,52
0.933761110147703,-0.307005032179419,0.18395135061272,0.940559161969499,-0.278606316585591,0.194234351219972,5.96553538331662,5.99520598060052,0.185004900711399,0.195476876223365,0.328802039082413,0.0296705972839035,0.010471975511966,120
0.686261852053178,-0.53809802669851,0.489382451748846,0.654910901043887,-0.569305360728727,0.496973961027555,5.61821486216975,5.56760031386191,0.511381470834338,0.52010811709431,0.328802039082413,-0.0506145483078351,0.00872664625997177,32
0.0710518664797946,-0.9912246513392,0.111468932206325,0.249796499181826,-0.958983530157614,0.133986185418292,4.78394747971646,4.96720705117586,0.111701072127637,0.134390352403563,0.328802039082413,0.183259571459404,0.0226892802759263,6
-0.788149276642782,-0.466110182863226,0.40194777665596,-0.80871860057417,-0.472576993935106,0.350207381259467,3.67566340470006,3.67042741694408,0.413643032722656,0.357792496658838,0.329439252336449,-0.00523598775598222,-0.0558505360638185,31
-0.0243049254948548,-0.928167657977492,-0.371367835550235,0.0555142965158765,-0.934411909882472,-0.351841648404702,4.68620904160477,4.7717301749525,-0.380481776934764,-0.359537825910832,0.330501274426508,0.0855211333477222,0.0209439510239319,60
-0.983633114844582,0.126006308109454,0.128795596577563,-0.983606347941603,0.0981769654609556,0.151260820247219,3.01418361819421,3.04210888622612,0.12915436464758,0.151843644923507,0.330501274426508,0.0279252680319093,0.0226892802759263,25
-0.91064981440904,0.355047526283271,0.211324796455389,-0.905682374990497,0.36041479066857,0.223250116010951,2.769837522915,2.76285620590702,0.212930168743308,0.225147473507269,0.330501274426508,-0.00698131700797688,0.0122173047639604,80
0.151441104199947,-0.935025615812963,0.320612990585676,0.190554479090728,-0.936605187704906,0.294040325232304,4.87295927156817,4.91310184436404,0.32637657012294,0.29845130209103,0.330926083262532,0.0401425727958697,-0.0279252680319093,30
-0.840744854202719,0.493262076215825,0.223250116010951,-0.828882657683216,0.509932013323043,0.230049737188104,2.61101256098352,2.59006860995959,0.225147473507269,0.232128790515246,0.330926083262532,-0.020943951023932,0.00698131700797733,10
-0.980433943151705,-0.195910033743323,0.0191974423996897,-0.965902287358041,-0.258812737864961,-0.00698126029796155,3.33881485906515,3.40339204138894,0.0191986217719376,-0.00698131700797732,0.331138487680544,0.0645771823237897,-0.0261799387799149,42
-0.669061291447621,0.73787179934665,0.0888942968664415,-0.711679931809527,0.684864901135373,0.156434465040231,2.3073252711365,2.37539311196428,0.0890117918517108,0.15707963267949,0.331563296516568,0.0680678408277791,0.0680678408277788,17
-0.72458710049999,-0.675688402436986,-0.135715572434304,-0.652750188806848,-0.745630533930632,-0.133986185418292,3.89208423194735,3.99331332856303,-0.136135681655558,-0.134390352403563,0.331775700934579,0.101229096615671,0.00174532925199433,34
-0.909521767168665,-0.347312589990767,0.228350870110656,-0.846808605666303,-0.467463464807236,0.253757944584806,3.50636646725661,3.64599280741615,0.230383461263251,0.256563400043166,0.332412914188615,0.139626340159547,0.0261799387799149,19
-0.957866126717136,0.146574114365062,0.246999012722743,-0.954875755483085,0.16493568232677,0.246999012722743,2.98974900866629,2.97055038689435,0.249582083035189,0.249582083035189,0.332412914188615,-0.0191986217719378,0,31
-0.305035678766494,0.916971079895069,-0.257132793154696,-0.246433038785715,0.939346872571813,-0.238533457578581,1.89193690916185,1.82735972683806,-0.260054058547155,-0.240855436775218,0.332412914188615,-0.0645771823237902,0.0191986217719376,70
-0.686444672154194,0.720837917839338,-0.095845752520224,-0.737635562862788,0.673553827620063,-0.0471064507096427,2.33175988066442,2.4015730507442,-0.0959931088596881,-0.0471238898038469,0.333474936278675,0.0698131700797728,0.0488692190558412,35
0.48340310536827,0.823940645228442,-0.295708050044047,0.552014884960983,0.779638580318252,-0.295708050044047,1.04021623418862,0.954695100840898,-0.300196631343025,-0.300196631343025,0.333899745114698,-0.0855211333477222,0,41
-0.180301672545556,0.945174467465557,0.272280247040574,-0.282009296737468,0.92241084667062,0.263873049965373,1.75929188601028,1.86750229963393,0.275762021815104,0.267035375555132,0.334536958368734,0.108210413623649,-0.00872664625997166,34
-0.128534820067083,0.950664032020863,0.282341456842876,-0.122443326373296,0.955819691248145,0.267238376078257,1.70518667919846,1.69820536219048,0.28623399732707,0.270526034059121,0.334536958368734,-0.00698131700797733,-0.0157079632679489,14
0.76178481606395,0.590900873649504,-0.265556117486809,0.764634891607608,0.595252022466293,-0.246999012722743,0.659734457253856,0.661479786505851,-0.268780704807127,-0.249582083035189,0.334749362786746,0.00174532925199422,0.0191986217719376,468
-0.742138259607769,0.493075480806528,-0.453990499739547,-0.760087234094721,0.476801823105649,-0.441505852791745,2.5551620249197,2.58134196369961,-0.471238898038469,-0.457276264022514,0.335386576040782,0.0261799387799146,0.0139626340159547,31
-0.674579027200994,0.618137791962619,-0.40354529635239,-0.642693590180494,0.631573232092368,-0.433659084587544,2.3998277214922,2.36492113645232,-0.41538836197465,-0.448549617762543,0.335386576040782,-0.0349065850398866,-0.0331612557878923,14
0.942891103907605,0.310006821392522,0.121869343405147,0.929244623969848,0.351132283135169,0.114937150492867,0.317649923862968,0.361283155162826,0.122173047639603,0.115191730631626,0.335386576040782,0.0436332312998582,-0.00698131700797733,157
-0.910242928822383,0.313421775195206,0.270600445975864,-0.889542261339321,0.346818035226756,0.297374874077786,2.80998009571087,2.769837522915,0.27401669256311,0.301941960595019,0.336661002548853,-0.0401425727958702,0.0279252680319093,101
-0.430223281078568,0.889959601710173,-0.151260820247219,-0.440945342654498,0.884399535666873,-0.152985836284038,2.02109127380943,2.03330857857339,-0.151843644923507,-0.153588974175501,0.336661002548853,0.0122173047639604,-0.00174532925199433,26
0.674091081181085,0.48260181410773,0.559192903470747,0.717615549686164,0.450159385701097,0.531398579518083,0.621337213709981,0.56025068989018,0.593411945678072,0.56025068989018,0.336661002548853,-0.0610865238198013,-0.0331612557878922,7
0.927648868373714,0.323041514281206,-0.187381314585725,0.910717743283068,0.369804127447426,-0.18395135061272,0.335103216382911,0.385717764690747,-0.188495559215388,-0.185004900711399,0.336661002548853,0.0506145483078355,0.00349065850398869,22
0.941654622013298,0.200154868735831,-0.270600445975864,0.94560767660335,0.199270792223243,-0.257132793154696,0.20943951023932,0.207694180987325,-0.27401669256311,-0.260054058547155,0.336661002548853,-0.00174532925199422,0.0139626340159546,49
0.964528970597254,0.178764878219291,-0.194234351219972,0.934958320804093,0.30739865501517,-0.177084740319583,0.183259571459405,0.317649923862968,-0.195476876223365,-0.178023583703422,0.336661002548853,0.134390352403563,0.0174532925199433,154
0.026096253512355,0.996575715061424,-0.0784590957278449,-0.041740767158814,0.995904534025972,-0.0801989243288589,1.54461638801498,1.61268422884276,-0.0785398163397448,-0.0802851455917391,0.336873406966865,0.0680678408277791,-0.00174532925199432,8
0.851903009622142,-0.255583151391833,0.457097927058694,0.866455908795252,-0.217638681296781,0.449318998615897,5.99171532209653,6.03709388264839,0.474729556542458,0.466002910282486,0.337298215802889,0.0453785605518524,-0.00872664625997172,73
0.813152437131683,0.417903587742794,-0.405141586779863,0.808217561892913,0.424323706352358,-0.408330460381385,0.474729556542458,0.483456202802429,-0.417133691226645,-0.420624349730633,0.338360237892948,0.00872664625997155,-0.00349065850398866,25
0.619291406911205,-0.717456000280183,-0.31895930929807,0.641863442199941,-0.705398712581572,-0.300705799504273,5.42448331519838,5.45066325397829,-0.324631240870945,-0.305432619099008,0.338360237892948,0.0261799387799151,0.0191986217719377,37
0.357836838057209,-0.922558445065561,0.144356201000973,0.379142784199913,-0.915331651691324,0.135715572434304,5.08239878180749,5.10508806208341,0.144862327915529,0.136135681655558,0.338360237892948,0.0226892802759266,-0.00872664625997166,13
0.316361917903009,-0.913598709310241,0.255445757935791,0.246287573445975,-0.92561674725439,0.287360519849712,5.04574686751561,4.97244303893184,0.258308729295161,0.291469985083053,0.338360237892948,-0.0733038285837626,0.0331612557878923,4
0.404653578202521,-0.745279179262667,-0.529919264233205,0.403791487451667,-0.746796733427138,-0.528438334722347,5.20980781720307,5.20806248795108,-0.558505360638185,-0.556760031386191,0.338997451146984,-0.00174532925199511,0.00174532925199433,13
0.712798130297464,-0.595991745689424,0.369746757273829,0.687691600342891,-0.625751209769937,0.368124552684678,5.58679893563385,5.54491103358598,0.378736447682769,0.376991118430775,0.339847068819031,-0.0418879020478649,-0.00174532925199428,42
0.582928610036988,-0.727613843953842,0.361624570082092,0.532889678623161,-0.778265746954497,0.332161131883703,5.38783140090649,5.31278224307074,0.370009801422798,0.3385938748869,0.339847068819031,-0.0750491578357559,-0.0314159265358979,25
-0.831580623270669,-0.529775284549503,-0.166768746716102,-0.831140082366315,-0.531536257974904,-0.163325962241622,3.70882466048795,3.71056998973994,-0.167551608191456,-0.164060949687467,0.339847068819031,0.00174532925199378,0.00349065850398864,6
0.137923620980046,-0.969101872641299,0.20449605184179,0.153560323311584,-0.969541723902502,0.190808995376545,4.85376064979623,4.86946861306418,0.205948851735331,0.191986217719376,0.340484282073067,0.0157079632679489,-0.0139626340159547,49
-0.974769057358338,-0.076715988573925,0.209618562903822,-0.958492722022788,-0.193266034045,0.209618562903822,3.22013246992954,3.34056018831715,0.211184839491314,0.211184839491314,0.340696686491079,0.12042771838761,0,22
-0.511123049827185,-0.847298362542926,-0.144356201000973,-0.509187059327077,-0.840767767710918,-0.18395135061272,4.16959158301445,4.16784625376246,-0.144862327915529,-0.185004900711399,0.341333899745115,-0.00174532925199422,-0.0401425727958696,32
-0.865459275149165,0.49766115566566,-0.0575640269595673,-0.883227263945392,0.467644764060766,-0.034899496702501,2.61973920724349,2.65464579228338,-0.0575958653158129,-0.0349065850398866,0.341758708581138,0.0349065850398866,0.0226892802759263,36
-0.795786519459302,0.417797263166813,-0.438371146789077,-0.822652691440171,0.37317181109868,-0.428935133403146,2.65813645078736,2.71573231610318,-0.453785605518526,-0.44331363000656,0.34197111299915,0.0575958653158124,0.010471975511966,21
-0.649307068273957,0.605488636701281,-0.460199784783852,-0.599353428371168,0.64724282587749,-0.47101188121941,2.39110107523223,2.31779724664847,-0.478220215046446,-0.490437519810407,0.342395921835174,-0.0733038285837617,-0.0122173047639604,32
-0.957815535374549,0.138023327122888,-0.252069358243114,-0.964640249055307,0.0269448419209409,-0.262189178640865,2.99847565492626,3.11366738555788,-0.254818070791172,-0.265290046303138,0.342820730671198,0.115191730631625,-0.010471975511966,490
-0.914011128843333,0.284682765030808,0.289031796944472,-0.923805666379509,0.30730924308393,0.228350870110656,2.83965069299477,2.82045207122284,0.293215314335047,0.230383461263251,0.342820730671198,-0.0191986217719373,-0.0628318530717959,45
-0.433578395405052,-0.854629704472915,0.285688367404974,-0.417737112409738,-0.864130721256424,0.280666708920788,4.24289541159821,4.26209403337015,0.289724655831059,0.284488668075076,0.343457943925234,0.0191986217719382,-0.005235987755983,13
-0.512961115450155,-0.792917160048295,-0.328866646738583,-0.492327484831348,-0.806561897356514,-0.327217898979104,4.13817565647856,4.16435559525847,-0.335103216382911,-0.333357887130917,0.343457943925234,0.0261799387799151,0.00174532925199428,110
-0.760195852902886,-0.61779441148077,0.201077921145965,-0.755771373638891,-0.627453483321361,0.187381314585725,3.82401639111958,3.83448836663154,0.202458193231342,0.188495559215388,0.343457943925234,0.0104719755119658,-0.0139626340159546,35
-0.612207400806183,0.753321037809034,0.240228042477264,-0.667055196443802,0.717836883716308,0.199367934417197,2.25322006432468,2.31954257590046,0.242600766027212,0.200712863979348,0.344095157179269,0.0663225115757848,-0.0418879020478639,9
-0.0371817854747924,0.967869234375614,-0.248689887164855,-0.169933116348455,0.953999069015318,-0.246999012722743,1.60919357033877,1.74707458124632,-0.251327412287183,-0.249582083035189,0.344095157179269,0.137881010907552,0.00174532925199436,6
0.0458156585496443,0.936769224034982,0.346935651573256,0.0343231428563506,0.936043114378739,0.350207381259467,1.52192710773906,1.53414441250302,0.354301838154849,0.357792496658838,0.344307561597281,0.0122173047639604,0.00349065850398866,17
0.00329246150583595,0.943216911512389,-0.332161131883703,-0.0772862578982896,0.94005096500446,-0.332161131883703,1.56730566829091,1.65282680163863,-0.3385938748869,-0.3385938748869,0.344732370433305,0.0855211333477222,0,110
-0.349199193866069,0.914462294348109,0.20449605184179,-0.349462274602908,0.910380350091059,0.221548497619467,1.93557014046171,1.93731546971371,0.205948851735331,0.223402144255274,0.345369583687341,0.00174532925199422,0.0174532925199433,35
0.311989283121619,0.92705739630217,-0.207911690817759,0.222927759817444,0.957974974673547,-0.18051914525056,1.24616508592395,1.34215819478364,-0.20943951023932,-0.18151424220741,0.345369583687341,0.0959931088596884,0.0279252680319093,70
0.13323312308107,0.948002929989731,-0.289031796944472,0.178806807188094,0.937338108832694,-0.299040792256087,1.43116998663535,1.38230076757951,-0.293215314335047,-0.303687289847013,0.346644010195412,-0.0488692190558413,-0.0104719755119659,21
0.73816474519858,0.552217782403463,-0.387515586452103,0.762566581323557,0.514357653762152,-0.392337116603562,0.642281164733913,0.593411945678072,-0.397935069454707,-0.40317105721069,0.346644010195412,-0.0488692190558413,-0.00523598775598305,71
0.817866824933708,0.462726785730354,-0.342020143325669,0.779236141465059,0.506041867161339,-0.369746757273829,0.514872129338327,0.575958653158129,-0.349065850398866,-0.378736447682769,0.346644010195412,0.0610865238198013,-0.0296705972839036,10
0.888400546322959,0.401128227620751,-0.223250116010951,0.868548607133473,0.448291364460206,-0.211324796455389,0.424115008234622,0.476474885794452,-0.225147473507269,-0.212930168743308,0.346644010195412,0.0523598775598297,0.0122173047639604,156
0.918135184153746,0.38406426713971,0.0975828997591495,0.927216433881804,0.359643552849779,0.104528463267653,0.396189740202713,0.370009801422798,0.0977384381116825,0.10471975511966,0.346644010195412,-0.0261799387799151,0.00698131700797731,48
0.802680898281787,0.553732461334985,-0.221548497619467,0.792261041218316,0.567203196145132,-0.224951054343865,0.603883921190038,0.621337213709981,-0.223402144255274,-0.226892802759263,0.347706032285472,0.0174532925199431,-0.00349065850398864,15
0.922339992847104,0.354053151328826,0.154710386299468,0.909275161373753,0.389715831952935,0.146083028562412,0.366519142918809,0.404916386462684,0.155334303427495,0.146607657167524,0.347706032285472,0.0383972435438751,-0.00872664625997163,24
0.905516426044724,0.329581025719392,0.267238376078257,0.880254438663726,0.346741444596192,0.323917418198149,0.349065850398866,0.375245789178781,0.270526034059121,0.329867228626928,0.347706032285472,0.0261799387799151,0.0593411945678072,9
0.961410166076668,0.206108480691686,-0.182235525492147,0.96730317993543,0.16708227126239,-0.190808995376545,0.211184839491314,0.171042266695444,-0.183259571459405,-0.191986217719376,0.347706032285472,-0.0401425727958697,-0.00872664625997163,13
-0.223746258087249,0.939188486390675,-0.260504508642648,-0.232364838800731,0.938942749718642,-0.253757944584806,1.80467044656214,1.81339709282211,-0.263544717051144,-0.256563400043166,0.348130841121495,0.00872664625997199,0.00698131700797733,45
0.846449099191381,-0.389323086957306,0.363251230472978,0.83850267726067,-0.401743169123501,0.368124552684678,5.85208898193699,5.83638101866904,0.371755130674792,0.376991118430775,0.348555649957519,-0.0157079632679489,0.00523598775598305,8
0.449577211150393,-0.849103594550169,0.277314653302378,0.397415203483702,-0.864042622344223,0.309016994374947,5.19933584169111,5.14348530562729,0.280998009571087,0.314159265358979,0.348980458793543,-0.0558505360638177,0.0331612557878923,84
-0.0104592822442213,-0.998751372167193,0.0488497697956133,0.0992252193493367,-0.994108497544885,0.043619387365336,4.70191700487272,4.81187274774837,0.0488692190558412,0.0436332312998582,0.349405267629567,0.109955742875642,-0.00523598775598299,68
-0.217317746504135,-0.933867378714492,0.284015344703923,-0.353713137319546,-0.879889067730251,0.317304656405092,4.48375084837343,4.33016187419793,0.287979326579064,0.322885911618951,0.349405267629567,-0.1535889741755,0.0349065850398866,141
0.483861691477231,-0.855222644375169,0.185666615385577,0.486189956644087,-0.852381732830671,0.192521966525907,5.22726110972302,5.23075176822701,0.186750229963393,0.193731546971371,0.349830076465591,0.00349065850398844,0.00698131700797733,27
-0.515902568581891,-0.816077165902502,0.260504508642648,-0.401907711688138,-0.877842578292063,0.260504508642648,4.14864763199052,4.28303798439408,0.263544717051144,0.263544717051144,0.350042480883602,0.134390352403564,0,4
-0.585528857940355,-0.749442762128328,0.309016994374947,-0.591371506470763,-0.743455876305015,0.312334918512233,4.04916386462684,4.04043721836687,0.314159265358979,0.317649923862968,0.350254885301614,-0.00872664625997199,0.00349065850398866,22
0.630728162323047,-0.759715743561312,-0.158158067254484,0.631585755576016,-0.760748719627345,-0.14953534344371,5.40528469342644,5.40528469342644,-0.158824961931484,-0.150098315671512,0.350679694137638,0,0.00872664625997166,61
-0.868912614190927,-0.458125650716062,0.187381314585725,-0.806782147039768,-0.552415265270647,0.209618562903822,3.62679418564422,3.74198591627584,0.188495559215388,0.211184839491314,0.350679694137638,0.115191730631626,0.0226892802759263,28
-0.241183386091695,-0.925917279734269,-0.290702193598252,-0.189905052302497,-0.941824109998129,-0.277314653302378,4.45757090959352,4.51342144565734,-0.294960643587042,-0.280998009571087,0.351741716227698,0.0558505360638186,0.0139626340159546,76
-0.898237543694854,-0.297063665373065,0.323917418198149,-0.913464134715477,-0.272315485707423,0.302369890750444,3.46098790670476,3.43131730942085,0.329867228626928,0.307177948351002,0.351741716227698,-0.0296705972839044,-0.0226892802759263,8
-0.932689664060595,-0.292287223391006,0.211324796455389,-0.913971450454206,-0.345361031788719,0.213030386274977,3.44527994343681,3.50287580875262,0.212930168743308,0.214675497995303,0.351741716227698,0.0575958653158128,0.00174532925199439,39
-0.948617000189862,-0.217262296246892,0.230049737188104,-0.941863776576432,-0.238328174879473,0.236838146065619,3.36674012709706,3.38942940737299,0.232128790515246,0.239110107523223,0.351741716227698,0.0226892802759258,0.00698131700797727,24
0.417476916623094,-0.830060455371994,0.369746757273829,0.465527907931264,-0.806317988878196,0.36487678433762,5.17839189066718,5.23598775598299,0.378736447682769,0.373500459926786,0.352378929481733,0.0575958653158137,-0.005235987755983,148
-0.650238137009754,-0.737550390432197,0.182235525492147,-0.66019509474193,-0.725544935675834,0.194234351219972,3.98982267005904,3.97411470679109,0.183259571459405,0.195476876223365,0.352378929481733,-0.0157079632679493,0.0122173047639603,35
-0.684860966601596,-0.656758054309115,0.315649036947102,-0.649669137712254,-0.706509879625041,0.280666708920788,3.90604686596331,3.96887871903511,0.321140582366957,0.284488668075076,0.352378929481733,0.0628318530717955,-0.0366519142918809,79
-0.962655090074627,0.00840096369918229,-0.270600445975864,-0.962496757252317,0.0554972138409277,-0.265556117486809,3.13286600732982,3.08399678827398,-0.27401669256311,-0.268780704807127,0.352591333899745,-0.0488692190558417,0.005235987755983,131
-0.563754246836789,-0.761870138662477,-0.31895930929807,-0.561420101649117,-0.764280854455966,-0.317304656405092,4.07534380340676,4.07883446191075,-0.324631240870945,-0.322885911618951,0.353865760407816,0.00349065850398844,0.00174532925199433,7
-0.124553356544041,0.94607667022312,0.299040792256087,-0.173439031683085,0.944994965781626,0.277314653302378,1.70169602069447,1.75231056900231,0.303687289847013,0.280998009571087,0.35429056924384,0.050614548307836,-0.0226892802759263,32
0.0529676870219067,0.947396490180281,0.315649036947102,0.0151433524331732,0.963976466176647,0.265556117486809,1.51494579073108,1.55508836352695,0.321140582366957,0.268780704807127,0.35429056924384,0.0401425727958697,-0.0523598775598298,35
-0.79432328664755,0.420572531143278,0.438371146789077,-0.849782932261335,0.350255249646829,0.393941909590951,2.65464579228338,2.75063890114306,0.453785605518526,0.404916386462684,0.3553525913339,0.0959931088596879,-0.0488692190558412,78
-0.396505331755008,0.882264375031626,0.253757944584806,-0.388612511468544,0.885284011310902,0.255445757935791,1.99316600577752,1.98443935951755,0.256563400043166,0.258308729295161,0.3553525913339,-0.00872664625997199,0.00174532925199439,83
-0.19674736519275,0.975758200587391,0.095845752520224,-0.363375096938999,0.927223961258156,0.0906325801977802,1.76976386152225,1.94429678672168,0.0959931088596881,0.0907571211037051,0.3553525913339,0.174532925199433,-0.00523598775598298,95
6.02455831217142e-17,0.983885037933542,-0.17880221511635,0.0460251491932093,0.975960931679787,-0.213030386274977,1.5707963267949,1.52367243699105,-0.179768912955416,-0.214675497995303,0.355989804587935,-0.0471238898038466,-0.0349065850398866,22
0.954216773593587,0.215042037318162,-0.207911690817759,0.952777545629283,0.209481729456985,-0.219846204352837,0.22165681500328,0.216420827247297,-0.20943951023932,-0.22165681500328,0.355989804587935,-0.00523598775598311,-0.0122173047639603,86
0.28694669221424,0.899122812543824,-0.330514392713223,0.253576084451488,0.914365821139777,-0.315649036947102,1.2618730491919,1.30027029273578,-0.336848545634906,-0.321140582366957,0.357264231096007,0.0383972435438751,0.015707963267949,30
0.927167731307234,0.251905897283844,0.277314653302378,0.918840319842305,0.268687712758028,0.289031796944472,0.265290046303138,0.284488668075076,0.280998009571087,0.293215314335047,0.357264231096007,0.0191986217719378,0.0122173047639603,17
0.683344332273023,-0.648469558192538,0.335451569750255,0.722759287799658,-0.595796779120798,0.350207381259467,5.52396708256205,5.59378025264183,0.342084533390889,0.357792496658838,0.357264231096007,0.0698131700797724,0.0157079632679489,56
0.916222374093154,-0.233542154684045,-0.325568154457157,0.919472628128326,-0.227546470837273,-0.320612990585676,6.0336032241444,6.04058454115238,-0.331612557878923,-0.32637657012294,0.358326253186066,0.00698131700797777,0.005235987755983,12
0.370976226508172,-0.882517569072031,0.289031796944472,0.355890180238045,-0.889788927970905,0.285688367404974,5.1103240498394,5.09287075731945,0.293215314335047,0.289724655831059,0.358326253186066,-0.0174532925199431,-0.00349065850398866,8
0.429124368239541,-0.899677947445367,0.0801989243288589,0.444632934576669,-0.891795700833432,0.0836778433323155,5.15744793964324,5.17490123216319,0.0802851455917391,0.0837758040957278,0.35875106202209,0.0174532925199431,0.00349065850398866,21
-0.419846019471961,-0.872375591991917,0.250380004054441,-0.39478343937635,-0.882549432466414,0.255445757935791,4.26383936262215,4.29176463065406,0.253072741539178,0.258308729295161,0.359175870858114,0.0279252680319084,0.005235987755983,320
0.941688674869741,-0.183045735732669,0.282341456842876,0.940234341315848,-0.206723927129921,0.270600445975864,6.09119908946021,6.06676447993229,0.28623399732707,0.27401669256311,0.35981308411215,-0.0244346095279209,-0.0122173047639603,51
0.441826040880257,-0.87466689449544,-0.199367934417197,0.529050666483792,-0.827253471273172,-0.189095442989891,5.18013721991917,5.28136631653484,-0.200712863979348,-0.190240888467382,0.35981308411215,0.101229096615671,0.010471975511966,21
-0.788499835532528,-0.525864020805069,-0.31895930929807,-0.802975117781255,-0.507619797586871,-0.312334918512233,3.72976861151188,3.70533400198396,-0.324631240870945,-0.317649923862968,0.35981308411215,-0.0244346095279204,0.00698131700797733,40
-0.939316412391805,-0.228980658929959,0.255445757935791,-0.94010998141593,-0.225700437737167,0.255445757935791,3.38070276111302,3.37721210260903,0.258308729295161,0.258308729295161,0.360237892948173,-0.00349065850398844,0,28
-0.961632045799647,0.0807504990375546,-0.262189178640865,-0.958959399606355,0.133066612928704,-0.250380004054441,3.05781684949407,3.00371164268224,-0.265290046303138,-0.253072741539178,0.360450297366185,-0.054105206811824,0.0122173047639603,120
-0.0295664879816909,-0.996198726957585,-0.0819385086300409,0.00347840920939923,-0.996486788273996,-0.0836778433323155,4.68271838310079,4.71587963888868,-0.0820304748437335,-0.0837758040957278,0.361087510620221,0.033161255787892,-0.00174532925199432,333
-0.812584012998078,0.384106703251542,0.438371146789077,-0.7902897940963,0.41491141783407,0.450877540689431,2.70002435283523,2.65813645078736,0.453785605518526,0.46774823953448,0.361087510620221,-0.0418879020478631,0.0139626340159547,49
-0.677724662885924,-0.709198348928082,0.194234351219972,-0.646980610304364,-0.736442574600656,0.197657340379126,3.94968009726317,3.99156799931103,0.195476876223365,0.198967534727354,0.361724723874257,0.0418879020478635,0.00349065850398866,60
-0.799807310220165,0.419908225509825,-0.428935133403146,-0.77301366533744,0.424967858727843,-0.47101188121941,2.65813645078736,2.63893782901543,-0.44331363000656,-0.490437519810407,0.361724723874257,-0.0191986217719382,-0.047123889803847,12
-0.508752372039321,0.85683664865575,0.0836778433323155,-0.566056230965356,0.817489015539869,0.106264071336233,2.10661240715716,2.17642557723693,0.0837758040957278,0.106465084371654,0.361937128292268,0.0698131700797733,0.0226892802759263,40
-0.385162023883615,0.885812010107165,-0.258819045102521,-0.335236137263532,0.901422807990822,-0.273959218692432,1.98094870101356,1.92684349420174,-0.261799387799149,-0.277507351067098,0.36214953271028,-0.054105206811824,-0.015707963267949,83
0.701617312454834,0.699172470588122,0.137444546037147,0.662939703243386,0.736269130999256,0.135715572434304,0.783652834145454,0.837758040957278,0.137881010907552,0.136135681655558,0.362786745964316,0.0541052068118244,-0.00174532925199436,99
0.807050456110294,0.3849433212175,-0.44775908783877,0.828126755189252,0.3413292175758,-0.444635179184927,0.445058959258554,0.39095375244673,-0.464257581030492,-0.460766922526503,0.362999150382328,-0.0541052068118244,0.00349065850398872,28
0.182652033974702,0.957495493559109,-0.223250116010951,0.0853139143189855,0.975142502819302,-0.20449605184179,1.38230076757951,1.48352986419518,-0.225147473507269,-0.205948851735331,0.36321155480034,0.101229096615671,0.0191986217719376,47
0.735933495397402,0.633002668208993,-0.240228042477264,0.709123096726962,0.665910912145481,-0.231747903494157,0.710349005561692,0.75398223686155,-0.242600766027212,-0.23387411976724,0.363848768054376,0.0436332312998582,0.0087266462599716,48
0.92128387671289,-0.238260210701517,0.307356617799807,0.899850970369724,-0.276830305193167,0.337095258423082,6.03011256564041,5.98473400508855,0.312413936106985,0.343829862642883,0.363848768054376,-0.0453785605518542,0.031415926535898,10
-0.253353718565863,0.82353913289656,-0.507538362960704,-0.26815427222248,0.825293989042338,-0.496973961027555,1.86924762888593,1.88495559215388,-0.53232542185827,-0.52010811709431,0.364273576890399,0.0157079632679489,0.0122173047639602,58
0.875600560942829,0.141816345504058,-0.461748613235034,0.876921296014513,0.127928982011283,-0.463296035119862,0.160570291183478,0.144862327915529,-0.479965544298441,-0.481710873550435,0.364273576890399,-0.0157079632679489,-0.00174532925199439,4
0.92023956271771,-0.237990132738774,-0.310676429630732,0.902837081366818,-0.260590533344047,-0.342020143325669,6.03011256564041,6.0021872976085,-0.315904594610974,-0.349065850398866,0.365123194562447,-0.0279252680319102,-0.0331612557878923,15
0.68630249080932,-0.644480936768187,0.337095258423082,0.657551428828202,-0.664473598945252,0.355106962408137,5.52920307031804,5.49255115602615,0.343829862642883,0.363028484414821,0.365123194562447,-0.0366519142918813,0.0191986217719377,20
0.70264495129923,-0.676170345117456,-0.221548497619467,0.684605082786342,-0.686998985920359,-0.243615011786023,5.51698576555408,5.49604181453014,-0.223402144255274,-0.2460914245312,0.365123194562447,-0.0209439510239324,-0.0226892802759263,54
0.183793395973298,0.954425572919257,0.23514211310259,0.149004527874741,0.962510693712018,0.226651307436855,1.38055543832751,1.4172073526194,0.237364778271229,0.228638132011257,0.365760407816483,0.0366519142918813,-0.00872664625997166,39
0.672197852336457,0.642366220333044,-0.368124552684678,0.663292661412083,0.645023928480467,-0.379456159529005,0.762708883121522,0.771435529381494,-0.376991118430775,-0.389208423194735,0.365760407816483,0.00872664625997155,-0.0122173047639603,97
0.382421971686994,-0.909745920889907,0.161603821103361,0.390747867442427,-0.902965044704767,0.17880221511635,5.1103240498394,5.12079602535136,0.162315620435473,0.179768912955416,0.365760407816483,0.0104719755119653,0.0174532925199433,8
0.546268619740288,0.626199475616339,0.556295615500305,0.547514773487181,0.63654464865716,0.543174449950671,0.853466004225227,0.860447321233204,0.589921287174083,0.574213323906134,0.366185216652506,0.00698131700797733,-0.015707963267949,16
0.54179634833247,-0.818564990832734,-0.190808995376545,0.525795439931095,-0.822163415374752,-0.218143241396543,5.29707427980279,5.28136631653484,-0.191986217719376,-0.219911485751285,0.366185216652506,-0.0157079632679489,-0.0279252680319093,12
-0.198817077620739,-0.968561278757065,0.14953534344371,-0.118908587534933,-0.982607620100962,0.142628933705512,4.50993078715335,4.59196126199708,0.150098315671512,0.143116998663535,0.36661002548853,0.0820304748437337,-0.00698131700797733,26
-0.469888161533093,-0.840765868557533,0.268919820615266,-0.451990659301707,-0.868265978076493,0.20449605184179,4.20275283880235,4.23242343608625,0.272271363311115,0.205948851735331,0.36661002548853,0.0296705972839044,-0.0663225115757845,58
0.352382030649956,-0.881017928279204,0.315649036947102,0.356069460213317,-0.881302839877019,0.310676429630732,5.09287075731945,5.09636141582344,0.321140582366957,0.315904594610974,0.367034834324554,0.00349065850398844,-0.00523598775598294,32
-0.957931281366253,0.15172140986856,-0.243615011786023,-0.946648378994145,0.230767999725572,-0.224951054343865,2.9845130209103,2.90248254606657,-0.2460914245312,-0.226892802759263,0.367459643160578,-0.0820304748437333,0.0191986217719377,244
-0.935248902492694,0.0703217182217013,-0.346935651573256,-0.929816372971126,0.0764448212647254,-0.359996808120051,3.06654349575404,3.05956217874606,-0.354301838154849,-0.368264472170804,0.368096856414613,-0.00698131700797688,-0.0139626340159547,19
-0.766808204457805,0.629863360201057,-0.123601476740493,-0.810154110452188,0.571500857796345,-0.130526192220052,2.45393292830403,2.52723675688779,-0.123918376891597,-0.130899693899575,0.368521665250637,0.0733038285837617,-0.00698131700797731,71
-0.678993596966712,-0.644340864547693,-0.351841648404702,-0.657166834262994,-0.650320782547363,-0.381070376350274,3.90081087820733,3.92175482923126,-0.359537825910832,-0.39095375244673,0.368946474086661,0.0209439510239315,-0.0314159265358979,53
0.0360531967307758,0.983224254620978,-0.17880221511635,-0.0237866532006616,0.973288279621828,-0.228350870110656,1.53414441250302,1.59523093632282,-0.179768912955416,-0.230383461263251,0.369158878504673,0.0610865238198013,-0.0506145483078355,50
-0.787186237849711,0.505364583004437,-0.353474843779257,-0.779534186319044,0.525802447842027,-0.34037955021305,2.57086998818765,2.54818070791172,-0.361283155162826,-0.347320521146872,0.369796091758709,-0.0226892802759262,0.0139626340159546,13
0.769591992479004,0.596956740433811,-0.226651307436855,0.737638630088702,0.643483190287037,-0.20449605184179,0.659734457253856,0.717330322569669,-0.228638132011257,-0.205948851735331,0.369796091758709,0.0575958653158128,0.0226892802759263,14
0.848388957545509,0.479995377494348,0.223250116010951,0.846379093284718,0.446245072900198,0.290702193598252,0.514872129338327,0.485201532054424,0.225147473507269,0.294960643587042,0.369796091758709,-0.0296705972839035,0.0698131700797731,55
0.563241054977681,0.816464389443051,-0.12706460860135,0.571368669690689,0.809966721867045,-0.132256390257122,0.966912405604858,0.956440430092892,-0.127409035395586,-0.132645023151569,0.370433305012744,-0.0104719755119662,-0.005235987755983,73
0.905922830546567,0.0856349203873632,-0.414693242656239,0.907021255583477,0.0634251047679525,-0.416280792260401,0.0942477796076938,0.0698131700797732,-0.427605666738611,-0.429350995990605,0.370433305012744,-0.0244346095279204,-0.00174532925199444,46
0.899168499914238,-0.288691422499698,0.328866646738583,0.905001781754984,-0.297549446117082,0.30403306092549,5.9725167003246,5.96553538331662,0.335103216382911,0.308923277602996,0.370645709430756,-0.00698131700797688,-0.0261799387799149,80
0.935407202615571,0.285982681496998,-0.207911690817759,0.927422147773317,0.301337722534176,-0.221548497619467,0.296705972839036,0.314159265358979,-0.20943951023932,-0.223402144255274,0.371282922684792,0.0174532925199431,-0.0139626340159547,54
0.957109541546406,-0.0200485868798407,0.289031796944472,0.948527813754047,-0.143451344653198,0.282341456842876,6.26224135615565,6.13308699150807,0.293215314335047,0.28623399732707,0.372132540356839,-0.129154364647581,-0.00698131700797738,17
0.323868928373852,-0.785764918297093,-0.526955795496678,0.3052946077486,-0.791189469011164,-0.529919264233205,5.10334273283142,5.08065345255549,-0.555014702134197,-0.558505360638185,0.372132540356839,-0.0226892802759258,-0.00349065850398866,20
0.317172481845023,-0.931688044093201,0.177084740319583,0.379564009536335,-0.911843967360797,0.156434465040231,5.04051087975962,5.10683339133541,0.178023583703422,0.15707963267949,0.372344944774851,0.0663225115757848,-0.020943951023932,14
0.953538507529705,0.113702583123826,-0.278991106039229,0.928532233576356,0.132149706307443,-0.346935651573256,0.118682389135614,0.141371669411541,-0.282743338823081,-0.354301838154849,0.372557349192863,0.0226892802759262,-0.0715584993317675,13
-0.617122808024711,-0.690214299788187,-0.377840786818467,-0.633789124023195,-0.682038326284784,-0.36487678433762,3.98284135305106,3.96364273127912,-0.387463093942741,-0.373500459926786,0.372982158028887,-0.0191986217719373,0.0139626340159547,63
0.403552232037246,-0.831083020288004,0.38268343236509,0.471974981989564,-0.798066110385146,0.374606593415912,5.16442925665122,5.24645973149496,0.392699081698724,0.383972435438752,0.373406966864911,0.0820304748437346,-0.00872664625997166,104
-0.858436641769774,-0.511730942192228,0.034899496702501,-0.850183990517634,-0.525084334541578,0.0383878090875199,3.67915406320405,3.694862026472,0.0349065850398866,0.0383972435438752,0.373406966864911,0.0157079632679484,0.00349065850398866,37
-0.66265504092613,-0.552103365597924,0.506033764121164,-0.668810594005189,-0.547415128251441,0.503019946630235,3.83623369588354,3.82750704962357,0.530580092606276,0.527089434102287,0.374256584536958,-0.00872664625997155,-0.00349065850398866,108
-0.818349763206892,-0.472474456078766,-0.327217898979104,-0.800696144504739,-0.508137224771905,-0.317304656405092,3.66519142918809,3.70707933123596,-0.333357887130917,-0.322885911618951,0.374256584536958,0.0418879020478635,0.010471975511966,190
-0.84414385094663,0.527479621059265,-0.095845752520224,-0.844422434591367,0.527653699440804,-0.0923705874465616,2.58308729295161,2.58308729295161,-0.0959931088596881,-0.0925024503556995,0.374256584536958,0,0.00349065850398866,67
-0.719084022491242,-0.668214109310189,-0.190808995376545,-0.691164636002594,-0.698440658804071,-0.185666615385577,3.89033890269536,3.93222680474322,-0.191986217719376,-0.186750229963393,0.37446898895497,0.041887902047864,0.005235987755983,253
-0.682453143883115,0.684839522192362,0.255445757935791,-0.734081258227647,0.629183733953385,0.255445757935791,2.35444916094035,2.4329889772801,0.258308729295161,0.258308729295161,0.375106202209006,0.0785398163397448,0,4
-0.363831256426346,0.84480672569673,-0.392337116603562,-0.3206717989307,0.857675685916232,-0.40194777665596,1.97745804250958,1.92858882345373,-0.40317105721069,-0.413643032722656,0.375743415463042,-0.0488692190558409,-0.0104719755119659,25
-0.260990395082608,0.916213900537916,0.30403306092549,-0.249777531292667,0.919334043058136,0.30403306092549,1.848303677862,1.83608637309803,0.308923277602996,0.308923277602996,0.375743415463042,-0.0122173047639604,0,216
-0.00155092886257859,0.888615879213849,-0.458649554484315,0.0278869551683753,0.887377301837462,-0.460199784783852,1.57254165604689,1.539380400259,-0.476474885794452,-0.478220215046446,0.376168224299065,-0.033161255787892,-0.00174532925199428,132
-0.972785650794505,0.105678339943546,-0.20620418539663,-0.971416386493978,0.152119746580067,-0.182235525492147,3.03338223996614,2.9862583501623,-0.207694180987325,-0.183259571459405,0.376593033135089,-0.0471238898038471,0.0244346095279206,28
-0.464341699379591,0.876988860342503,-0.123601476740493,-0.528904297114962,0.8398857705851,-0.121869343405147,2.05774318810131,2.13279234593707,-0.123918376891597,-0.122173047639603,0.376593033135089,0.0750491578357564,0.00174532925199432,16
-0.254889697943529,0.883086073805997,-0.393941909590951,-0.25409992152898,0.886151736519006,-0.387515586452103,1.85179433636598,1.85004900711399,-0.404916386462684,-0.397935069454707,0.376805437553101,-0.00174532925199422,0.00698131700797733,41
-0.587954460813228,0.763474428098861,-0.267238376078257,-0.617422559265006,0.74105357216103,-0.263873049965373,2.22704012554476,2.26543736908864,-0.270526034059121,-0.267035375555132,0.377655055225149,0.0383972435438755,0.00349065850398861,34
0.766258515568774,0.585848871997131,0.263873049965373,0.780891532648737,0.552902024661396,0.290702193598252,0.652753140245879,0.616101225953998,0.267035375555132,0.294960643587042,0.377655055225149,-0.0366519142918809,0.0279252680319092,96
0.782405021557494,0.596032902145196,0.18051914525056,0.795617234554784,0.573817246939786,0.194234351219972,0.651007810993885,0.62482787221397,0.18151424220741,0.195476876223365,0.377655055225149,-0.0261799387799151,0.0139626340159546,64
0.896578879845251,0.33700184546548,-0.287360519849712,0.912025779141234,0.28931161888004,-0.290702193598252,0.359537825910832,0.307177948351002,-0.291469985083053,-0.294960643587042,0.378079864061172,-0.0523598775598297,-0.00349065850398861,46
0.885469111944031,0.455069310278549,-0.0941083133185143,0.877267784987132,0.456676703374815,-0.147809411129611,0.474729556542458,0.479965544298441,-0.0942477796076938,-0.148352986419518,0.378504672897196,0.00523598775598311,-0.0541052068118242,8
0.949509393540784,0.104826812967677,0.295708050044047,0.946889311924168,0.0945121180507531,0.307356617799807,0.109955742875643,0.0994837673636768,0.300196631343025,0.312413936106985,0.378504672897196,-0.0104719755119658,0.0122173047639603,20
0.252401841875828,0.815378607609395,-0.521009631840576,0.218959750805627,0.828729394265754,-0.515038074910054,1.27059969545187,1.31248759749974,-0.548033385126219,-0.541052068118242,0.378717077315208,0.041887902047864,0.00698131700797733,29
0.539645735895474,-0.7482372659975,0.385906042324319,0.460596548832968,-0.791384106514965,0.40194777665596,5.33721685259866,5.23947841448698,0.396189740202713,0.413643032722656,0.37892948173322,-0.0977384381116826,0.0174532925199433,200
0.388222847573294,-0.919052197025721,0.0680152906652482,0.388932279881941,-0.916267031705096,0.095845752520224,5.11206937909139,5.11381470834339,0.0680678408277788,0.0959931088596881,0.379779099405268,0.00174532925199422,0.0279252680319093,24
0.204712654793065,-0.82105761269753,-0.53287627607073,0.0983991016462614,-0.837631630053187,-0.537299608346824,4.9567350756639,4.82932604026831,-0.561996019142174,-0.567232006898157,0.379779099405268,-0.127409035395586,-0.005235987755983,139
0.183530314293102,-0.971306742483348,-0.151260820247219,0.188858208267098,-0.971591253789458,-0.142628933705512,4.89913921034808,4.90437519810407,-0.151843644923507,-0.143116998663535,0.379779099405268,0.00523598775598266,0.00872664625997166,90
0.139603269708584,-0.923083603919693,0.3583679495453,0.0554777931517992,-0.93379748836792,0.353474843779257,4.8624872960562,4.7717301749525,0.366519142918809,0.361283155162826,0.379779099405268,-0.0907571211037057,-0.00523598775598305,58
-0.202418435840858,-0.952303867970432,-0.228350870110656,-0.230297524841111,-0.937603568161358,-0.260504508642648,4.50294947014537,4.47153354360947,-0.230383461263251,-0.263544717051144,0.37999150382328,-0.0314159265358978,-0.0331612557878923,78
-0.191592855147818,-0.958828574846643,0.209618562903822,-0.162124159000238,-0.968815771967298,0.187381314585725,4.51516677490933,4.54658270144523,0.211184839491314,0.188495559215388,0.380416312659303,0.0314159265358978,-0.0226892802759263,20
-0.972159305767819,0.059459810344436,-0.226651307436855,-0.966655257787723,0.0675951204255279,-0.246999012722743,3.08050612976999,3.07177948351002,-0.228638132011257,-0.249582083035189,0.380841121495327,-0.00872664625997155,-0.020943951023932,38
-0.60532148809901,-0.77756968976372,0.170209499166033,-0.529749018410082,-0.828345453746295,0.182235525492147,4.05090919387884,4.14341164423454,0.171042266695444,0.183259571459405,0.381690739167375,0.0925024503557008,0.0122173047639603,15
-0.864478028115152,0.444281358546348,0.23514211310259,-0.846427011523615,0.476937109828332,0.236838146065619,2.66686309704734,2.62846585350346,0.237364778271229,0.239110107523223,0.381690739167375,-0.0383972435438755,0.0017453292519943,131
-0.711015187105106,0.653811980310938,0.258819045102521,-0.655903462833777,0.713289657261796,0.246999012722743,2.39808239224021,2.31430658814448,0.261799387799149,0.249582083035189,0.382115548003398,-0.0837758040957279,-0.0122173047639603,21
-0.651649779961086,0.696368140010127,-0.300705799504273,-0.715875895319159,0.640066922479204,-0.278991106039229,2.32303323440445,2.41204502625616,-0.305432619099008,-0.282743338823081,0.382115548003398,0.0890117918517106,0.0226892802759263,8
-0.569233808984569,0.720775017679672,0.395545502562965,-0.525435743774235,0.736633744841194,0.425779291565073,2.23925743030872,2.19038821125288,0.406661715714679,0.439822971502571,0.38232795242141,-0.0488692190558413,0.0331612557878922,8
-0.247894632609707,0.918738352643429,0.307356617799807,-0.218719600109487,0.932515773678735,0.287360519849712,1.83434104384604,1.80117978805815,0.312413936106985,0.291469985083053,0.382540356839422,-0.033161255787892,-0.0209439510239319,154
0.140195020750656,0.972886045107277,0.18395135061272,0.182316950634727,0.964885196773021,0.189095442989891,1.42767932813136,1.3840460968315,0.185004900711399,0.190240888467382,0.382752761257434,-0.0436332312998582,0.005235987755983,16
0.521882420933702,0.82235510794154,0.226651307436855,0.41374550703534,0.875285387161106,0.250380004054441,1.00530964914873,1.12922802604033,0.228638132011257,0.253072741539178,0.383814783347494,0.123918376891597,0.0244346095279206,13
0.726399365366457,0.620403667892411,0.295708050044047,0.744725542491159,0.592381444557401,0.307356617799807,0.706858347057703,0.671951762017817,0.300196631343025,0.312413936106985,0.383814783347494,-0.0349065850398866,0.0122173047639603,65
0.767206176660038,-0.289903056199746,0.572145873445516,0.780177916444079,-0.242998361245715,0.576432316169793,5.92190215201676,5.98124334658457,0.609119908946021,0.614355896702004,0.384027187765506,0.0593411945678062,0.005235987755983,133
0.963350008687079,0.0639856369778159,-0.260504508642648,0.958770873596543,0.124522595120452,-0.255445757935791,0.0663225115757845,0.12915436464758,-0.263544717051144,-0.258308729295161,0.384239592183517,0.062831853071796,0.00523598775598294,42
0.634737106479625,0.68545372236155,0.356737999319625,0.638970943139606,0.678059493984967,0.363251230472978,0.823795406941324,0.815068760681352,0.364773813666815,0.371755130674792,0.384876805437553,-0.00872664625997155,0.00698131700797727,21
0.375308752668109,-0.827363552982384,0.417867073801077,0.298296523424338,-0.856590933862208,0.421035813367491,5.13824931787131,5.0474921967676,0.431096325242599,0.434586983746588,0.384876805437553,-0.0907571211037039,0.00349065850398866,81
0.235315716281419,-0.965303862037017,-0.113203213767907,0.215090744767191,-0.970211651480375,-0.111468932206325,4.95149908790791,4.93055513688398,-0.113446401379631,-0.111701072127637,0.384876805437553,-0.0209439510239315,0.00174532925199432,30
0.345297673079436,-0.938491593353303,0.00174532836589831,0.480150357078513,-0.877012570096304,0.0174524064372835,5.06494548928754,5.21329847570706,0.00174532925199433,0.0174532925199433,0.385301614273577,0.148352986419517,0.015707963267949,30
-0.00515956011565547,-0.985394390755834,0.170209499166033,0.0602632273045988,-0.985295056953541,0.159881187691835,4.70715299262871,4.77347550420449,0.171042266695444,0.160570291183478,0.385301614273577,0.0663225115757848,-0.010471975511966,29
0.0574064808308885,-0.91244988389506,0.405141586779863,0.0591800034067008,-0.915148571122761,0.398749068925246,4.77522083345649,4.77696616270848,0.417133691226645,0.410152374218667,0.385938827527613,0.00174532925199422,-0.00698131700797727,12
-0.143047833813024,-0.968718034354369,0.202787295356512,-0.183010135433691,-0.959372727147794,0.214735327167063,4.56578132321717,4.5238934211693,0.204203522483337,0.216420827247297,0.385938827527613,-0.041887902047864,0.0122173047639603,34
-0.358205600756595,-0.895577892250908,0.263873049965373,-0.446272595620778,-0.842862261904274,0.300705799504273,4.33190720344993,4.22544211907827,0.267035375555132,0.305432619099008,0.386151231945624,-0.106465084371654,0.0383972435438752,4
0.0115091166875532,-0.941987146719721,0.335451569750255,0.0247803887477349,-0.946324867057348,0.322265695230511,4.72460628514865,4.7385689191646,0.342084533390889,0.328121899374934,0.386576040781648,0.0139626340159547,-0.0139626340159547,6
0.195139708020078,-0.976578839500699,0.0906325801977802,0.219138053007684,-0.972392228609678,0.0801989243288589,4.90961118586005,4.93404579538797,0.0907571211037051,0.0802851455917391,0.387425658453696,0.02443460952792,-0.010471975511966,83
-0.181158921573748,-0.931981857511075,-0.313992455967405,-0.197735768366174,-0.930273649576356,-0.309016994374947,4.52040276266531,4.50294947014537,-0.319395253114962,-0.314159265358979,0.387425658453696,-0.017453292519944,0.005235987755983,39
0.400946076382091,-0.87574218461489,-0.268919820615266,0.363119129025013,-0.876647126049292,-0.315649036947102,5.14173997637529,5.10508806208341,-0.272271363311115,-0.321140582366957,0.38785046728972,-0.0366519142918804,-0.0488692190558412,11
-0.0188447313122069,-0.98144628145669,0.190808995376545,-0.0679134311761062,-0.971207313597666,0.228350870110656,4.69319035861275,4.64257581030492,0.191986217719376,0.230383461263251,0.38785046728972,-0.0506145483078351,0.0383972435438752,35
-0.941426943596848,-0.155852219864683,0.299040792256087,-0.942434068681661,-0.191740378328516,0.273959218692432,3.30565360327726,3.34230551756914,0.303687289847013,0.277507351067098,0.388487680543755,0.0366519142918809,-0.0261799387799149,245
-0.910127880873448,0.360345119625514,-0.20449605184179,-0.921587115939209,0.34273517616879,-0.182235525492147,2.76460153515902,2.78554548618295,-0.205948851735331,-0.183259571459405,0.388487680543755,0.020943951023932,0.0226892802759263,77
-0.547945686181129,0.800254491413818,-0.243615011786023,-0.52435969396879,0.82307984884455,-0.218143241396543,2.17118958948095,2.13802833369305,-0.2460914245312,-0.219911485751285,0.388487680543755,-0.033161255787892,0.026179938779915,77
-0.970343493770935,-0.193893762996599,0.144356201000973,-0.962788855615401,-0.234702623802636,0.133986185418292,3.33881485906515,3.38070276111302,0.144862327915529,0.134390352403563,0.389337298215803,0.0418879020478635,-0.010471975511966,35
-0.889812401226388,0.292555431901573,0.350207381259467,-0.892369146798627,0.314252783646757,0.323917418198149,2.82394272972683,2.80299877870289,0.357792496658838,0.329867228626928,0.389337298215803,-0.0209439510239324,-0.0279252680319093,10
-0.34442077473771,0.901948851601868,-0.260504508642648,-0.367211019466795,0.890920713382068,-0.267238376078257,1.93557014046171,1.96175007924163,-0.263544717051144,-0.270526034059121,0.390399320305862,0.0261799387799151,-0.00698131700797733,17
-0.172390503291514,0.97767512719191,0.120136838834647,-0.206559787554184,0.963515324506683,0.170209499166033,1.74532925199433,1.78198116628621,0.120427718387609,0.171042266695444,0.390399320305862,0.0366519142918809,0.0506145483078356,29
-0.990358603849417,0.137423612567058,-0.0174524064372835,-0.995043991635807,0.0975649164135893,-0.0191974423996897,3.00371164268224,3.04385421547811,-0.0174532925199433,-0.0191986217719376,0.39124893797791,0.0401425727958693,-0.00174532925199433,44
-0.0549219435577064,0.982350929141583,0.17880221511635,0.0153525815971687,0.977295312912832,0.211324796455389,1.62664686285872,1.55508836352695,0.179768912955416,0.212930168743308,0.39124893797791,-0.0715584993317675,0.0331612557878922,65
0.35780270856493,0.903706483538349,0.23514211310259,0.482046147022864,0.848554676124893,0.218143241396543,1.19380520836412,1.05417886820457,0.237364778271229,0.219911485751285,0.39124893797791,-0.139626340159547,-0.0174532925199433,147
0.228326115275785,0.915766029776426,0.330514392713223,0.268541784172802,0.906581869969089,0.325568154457157,1.32645023151569,1.28281700021583,0.336848545634906,0.331612557878923,0.391886151231946,-0.0436332312998582,-0.005235987755983,93
0.35192539148099,0.907317825930162,-0.230049737188104,0.364404486084817,0.897420030166027,-0.248689887164855,1.2007865253721,1.18507856210415,-0.232128790515246,-0.251327412287183,0.391886151231946,-0.0157079632679489,-0.0191986217719376,33
0.655498013836587,0.720382911161455,0.226651307436855,0.612446336992354,0.750933400521403,0.246999012722743,0.832522053201295,0.886627260013119,0.228638132011257,0.249582083035189,0.391886151231946,0.054105206811824,0.020943951023932,85
-0.306495905798018,0.885107366278486,0.350207381259467,-0.281523245324919,0.88747371487451,0.36487678433762,1.90415421392581,1.8779742751459,0.357792496658838,0.373500459926786,0.392310960067969,-0.0261799387799146,0.0157079632679489,118
0.118584497426453,0.86568794303632,-0.486335380423491,0.0289981724123275,0.874138855167385,-0.484809620246337,1.43466064513934,1.537635071007,-0.50789081233035,-0.506145483078356,0.392310960067969,0.102974425867665,0.00174532925199433,39
0.437630748989899,0.840680847022601,-0.31895930929807,0.44115896321873,0.829699337550214,-0.342020143325669,1.09083078249646,1.08210413623648,-0.324631240870945,-0.349065850398866,0.392523364485981,-0.00872664625997155,-0.0244346095279206,13
0.596755345049754,0.706164588762995,0.381070376350274,0.615526265176265,0.674087273283575,0.408330460381385,0.869173967493176,0.830776723949301,0.39095375244673,0.420624349730633,0.392948173322005,-0.0383972435438755,0.0296705972839036,17
0.909435616528979,-0.260776466684401,-0.323917418198149,0.873594458758814,-0.349412854677372,-0.338737920245291,6.00393262686049,5.90270353024482,-0.329867228626928,-0.345575191894877,0.392948173322005,-0.101229096615672,-0.015707963267949,126
0.877042356794588,-0.408971567499625,-0.252069358243114,0.861360037538369,-0.435104263752412,-0.262189178640865,5.846852994181,5.81543706764511,-0.254818070791172,-0.265290046303138,0.393160577740017,-0.0314159265358986,-0.010471975511966,73
0.815117833775335,-0.402856325575828,-0.416280792260401,0.81990559463307,-0.371925672720435,-0.435231099372328,5.82416371390508,5.85732496969297,-0.429350995990605,-0.450294947014537,0.394010195412065,0.0331612557878929,-0.0209439510239319,16
0.52204024470159,-0.851892254065416,0.0418756537291996,0.527851702095917,-0.848029222902126,0.0471064507096427,5.2621676947629,5.26914901177088,0.0418879020478639,0.0471238898038469,0.394010195412065,0.00698131700797688,0.005235987755983,66
0.503896105408755,-0.835318119871429,-0.219846204352837,0.468474610570325,-0.85568638278439,-0.219846204352837,5.25518637775493,5.21329847570706,-0.22165681500328,-0.22165681500328,0.394010195412065,-0.0418879020478657,0,14
0.512148972484998,-0.803912855445244,-0.302369890750444,0.461504620284827,-0.846459351605905,-0.265556117486809,5.27962098728285,5.21155314645507,-0.307177948351002,-0.268780704807127,0.394222599830076,-0.0680678408277782,0.0383972435438752,17
0.279993470959802,-0.921567027567792,0.268919820615266,0.30586888240517,-0.919475782438125,0.246999012722743,5.00734962397173,5.03352956275165,0.272271363311115,0.249582083035189,0.3946474086661,0.0261799387799151,-0.0226892802759263,39
0.126137389886355,-0.958108597997702,0.257132793154696,0.101107011766019,-0.961968958819275,0.253757944584806,4.84328867428426,4.81710873550435,0.260054058547155,0.256563400043166,0.3946474086661,-0.0261799387799142,-0.00349065850398872,48
-0.158580644121844,-0.968394274928811,0.192521966525907,-0.16493568232677,-0.954875755483085,0.246999012722743,4.55007335994922,4.54134671368925,0.193731546971371,0.249582083035189,0.394859813084112,-0.0087266462599711,0.0558505360638185,52
0.213268824361371,-0.970002241059378,-0.116670737099333,0.220124351902134,-0.968880953519204,-0.113203213767907,4.92880980763199,4.93579112463996,-0.11693705988362,-0.113446401379631,0.395497026338148,0.00698131700797777,0.00349065850398868,17
0.0185943194450766,-0.968404662992856,0.248689887164855,-0.112938714872551,-0.976100791216871,0.185666615385577,4.73158760215663,4.59719724975306,0.251327412287183,0.186750229963393,0.395497026338148,-0.134390352403565,-0.0645771823237902,41
-0.725049919660112,-0.634733222977907,0.267238376078257,-0.719217449525302,-0.636309848304524,0.278991106039229,3.86066830541146,3.86590429316744,0.270526034059121,0.282743338823081,0.395497026338148,0.00523598775598311,0.0122173047639603,4
-0.93149422035523,-0.335358554808543,0.140901231937583,-0.926789153426594,-0.35020443813528,0.135715572434304,3.48716784548467,3.50287580875262,0.141371669411541,0.136135681655558,0.39570943075616,0.0157079632679489,-0.005235987755983,71
-0.820201642487172,-0.479287141846412,0.312334918512233,-0.816454894869976,-0.486704798327238,0.310676429630732,3.67042741694408,3.67915406320405,0.317649923862968,0.315904594610974,0.396134239592184,0.00872664625997155,-0.00174532925199433,56
0.291034564094499,-0.940180768388862,0.177084740319583,0.302111684430479,-0.935355777625998,0.18395135061272,5.01258561172771,5.02480291649167,0.178023583703422,0.185004900711399,0.396771452846219,0.0122173047639604,0.0069813170079773,39
-0.855974702739493,-0.0598555820668664,0.51354125205817,-0.850064803527308,0.0356282714071979,0.525471651072268,3.21140582366957,3.09970475154193,0.539306738866248,0.553269372882202,0.396771452846219,-0.111701072127637,0.0139626340159547,6
-0.978070988918132,0.127029242445848,-0.165047605860678,-0.978933978225025,0.120197978669293,-0.165047605860678,3.01243828894221,3.01941960595019,-0.165806278939461,-0.165806278939461,0.396771452846219,0.00698131700797733,0,87
-0.947599740115491,0.268143698277637,-0.17364817766693,-0.947123835430289,0.275164910843439,-0.165047605860678,2.86583063177469,2.85884931476671,-0.174532925199433,-0.165806278939461,0.396983857264231,-0.00698131700797688,0.00872664625997163,21
-0.692835736521767,0.662088210835854,-0.285688367404974,-0.692835736521767,0.662088210835854,-0.285688367404974,2.37888377046827,2.37888377046827,-0.289724655831059,-0.289724655831059,0.397408666100255,0,0,20
-0.577160964072427,0.768706231033156,-0.275637355816999,-0.651236485251825,0.725814923709485,-0.221548497619467,2.2148228207808,2.30208928338052,-0.279252680319093,-0.223402144255274,0.397408666100255,0.0872664625997164,0.0558505360638185,16
-0.778036063249827,0.48806110240924,0.395545502562965,-0.828106777184599,0.440312183851842,0.346935651573256,2.58134196369961,2.65290046303138,0.406661715714679,0.354301838154849,0.398470688190314,0.0715584993317679,-0.0523598775598299,28
-0.575468482621354,0.78627797162267,-0.224951054343865,-0.584462058521233,0.786978829412439,-0.197657340379126,2.20260551601684,2.20958683302482,-0.226892802759263,-0.198967534727354,0.398470688190314,0.00698131700797688,0.0279252680319093,18
-0.502858962117155,0.807876706999973,-0.307356617799807,-0.527825099654328,0.779594414374278,-0.337095258423082,2.12755635818109,2.16595360172496,-0.312413936106985,-0.343829862642883,0.398470688190314,0.0383972435438751,-0.031415926535898,12
-0.264870180155648,0.929833991859259,0.255445757935791,-0.259412696169355,0.935411963080272,0.240228042477264,1.848303677862,1.84132236085402,0.258308729295161,0.242600766027212,0.398470688190314,-0.00698131700797733,-0.015707963267949,93
-0.629442148547731,0.742212705396035,0.230049737188104,-0.60930987109636,0.755126001018374,0.241921895599668,2.27416401534861,2.24972940582069,0.232128790515246,0.244346095279206,0.399320305862362,-0.0244346095279209,0.0122173047639603,81
-0.0136770062906692,0.979479764531428,0.201077921145965,0.0531031615826817,0.98052178337372,0.189095442989891,1.58475896081085,1.51669111998307,0.202458193231342,0.190240888467382,0.399320305862362,-0.0680678408277791,-0.0122173047639603,236
0.0768106569507997,0.877949826357098,-0.472550764869054,0.0847051818673608,0.87969694843786,-0.467929814260573,1.48352986419518,1.47480321793521,-0.492182849062401,-0.486946861306418,0.399320305862362,-0.00872664625997155,0.005235987755983,21
0.146636549751704,0.969589000986194,0.195946144242518,0.166238899344607,0.962420577300355,0.214735327167063,1.42069801112338,1.39975406009945,0.197222205475359,0.216420827247297,0.399957519116398,-0.0209439510239315,0.0191986217719376,8
0.305149167524807,0.886217531639267,0.348572047321815,0.42730687884186,0.831449262759727,0.355106962408137,1.23918376891597,1.09606677025244,0.356047167406843,0.363028484414821,0.399957519116398,-0.143116998663535,0.00698131700797733,242
0.418322798143647,0.873107032455338,-0.250380004054441,0.432754772216457,0.867971792834524,-0.243615011786023,1.12399203828435,1.1082840750164,-0.253072741539178,-0.2460914245312,0.399957519116398,-0.0157079632679489,0.00698131700797733,71
0.22617134142207,0.86828515262555,-0.441505852791745,0.182905346293501,0.867948070147505,-0.461748613235034,1.31597825600372,1.36310214580757,-0.457276264022514,-0.479965544298441,0.400807136788445,0.0471238898038466,-0.0226892802759263,45
0.43423697670397,0.72843930526677,-0.529919264233205,0.569152589800369,0.621121059654735,-0.538770785006863,1.03323491718064,0.829031394697307,-0.558505360638185,-0.568977336150151,0.400807136788445,-0.204203522483337,-0.010471975511966,8
0.497486241131635,0.811823761914019,-0.305695304963106,0.573995846937568,0.734681181201319,-0.361624570082092,1.02101761241668,0.907571211037051,-0.310668606854991,-0.370009801422798,0.400807136788445,-0.113446401379631,-0.0593411945678072,58
0.485941028424889,0.828266430349781,-0.278991106039229,0.457033394189156,0.84175079936264,-0.287360519849712,1.04021623418862,1.07337748997651,-0.282743338823081,-0.291469985083053,0.401444350042481,0.033161255787892,-0.00872664625997166,21
0.638391068294843,0.68459060639862,0.351841648404702,0.653590701757951,0.676812984482009,0.338737920245291,0.820304748437335,0.802851455917391,0.359537825910832,0.345575191894877,0.401444350042481,-0.0174532925199435,-0.0139626340159547,27
-0.31361999938206,0.942776499696622,0.113203213767907,-0.302258183438381,0.9414240126562,0.14953534344371,1.89193690916185,1.88146493364989,0.113446401379631,0.150098315671512,0.401656754460493,-0.0104719755119662,0.0366519142918809,52
0.794314045021066,0.585618820468626,0.161603821103361,0.815438963590388,0.5458888065015,0.192521966525907,0.635299847725936,0.589921287174083,0.162315620435473,0.193731546971371,0.402081563296517,-0.0453785605518524,0.0314159265358979,4
-0.706684886650372,0.689624895680454,-0.158158067254484,-0.700639942122574,0.695765547627074,-0.158158067254484,2.3684117949563,2.35968514869633,-0.158824961931484,-0.158824961931484,0.402718776550552,-0.00872664625997155,0,52
0.763214678757313,-0.51092769501328,-0.395545502562965,0.772434042582279,-0.486427677034033,-0.408330460381385,5.6932640200055,5.72118928803741,-0.406661715714679,-0.420624349730633,0.4035683942226,0.0279252680319093,-0.0139626340159546,4
0.636788418867212,0.742953796357155,-0.20620418539663,0.601299495788886,0.769628258076902,-0.214735327167063,0.862192650485199,0.907571211037051,-0.207694180987325,-0.216420827247297,0.405055225148683,0.0453785605518524,-0.00872664625997166,31
0.972199564049644,0.147031360295289,-0.182235525492147,0.972074055176945,0.136616099107106,-0.190808995376545,0.150098315671512,0.139626340159546,-0.183259571459405,-0.191986217719376,0.405055225148683,-0.0104719755119658,-0.00872664625997163,3
0.869264712920388,-0.462196246470278,-0.175366726091987,0.878761343063977,-0.449684898299514,-0.159881187691835,5.79449311662117,5.81020107988912,-0.176278254451427,-0.160570291183478,0.405055225148683,0.015707963267948,0.015707963267949,12
0.857457668887209,-0.489085219454403,0.159881187691835,0.885242850353157,-0.427943114382296,0.182235525492147,5.76482251933727,5.83289036016505,0.160570291183478,0.183259571459405,0.405055225148683,0.0680678408277791,0.0226892802759263,17
0.586419700538901,-0.719021591378901,0.372987782575809,0.564601032793408,-0.727879265535088,0.389123950140206,5.39655804716647,5.37212343763855,0.382227106186758,0.399680398706701,0.405055225148683,-0.02443460952792,0.0174532925199433,109
0.443581249110988,-0.800241756739173,-0.40354529635239,0.448793107603571,-0.799739911845582,-0.398749068925246,5.21853446346305,5.22377045121903,-0.41538836197465,-0.410152374218667,0.405267629566695,0.00523598775598266,0.00523598775598294,8
0.168251049402391,-0.974069683663922,0.151260820247219,0.143907753829765,-0.974541401308731,0.17192910027941,4.88343124708013,4.85899663755221,0.151843644923507,0.172787595947439,0.405480033984707,-0.0244346095279209,0.020943951023932,147
-0.0654172779187466,-0.912618087450366,0.40354529635239,-0.170684205085715,-0.929985096083598,0.325568154457157,4.64083048105292,4.53087473817728,0.41538836197465,0.331612557878923,0.406542056074766,-0.109955742875641,-0.0837758040957278,8
0.910498948447133,0.327799791811359,0.252069358243114,0.911083125252608,0.320843015775878,0.258819045102521,0.345575191894877,0.3385938748869,0.254818070791172,0.261799387799149,0.406754460492778,-0.00698131700797733,0.00698131700797733,6
0.580471959634711,-0.781606156703966,-0.228350870110656,0.57291681509827,-0.785665059088056,-0.233445363855905,5.35117948661461,5.34245284035464,-0.230383461263251,-0.235619449019234,0.407179269328802,-0.00872664625997199,-0.005235987755983,134
0.45590415638199,-0.712877461135234,0.53287627607073,0.468069109592208,-0.707175283815898,0.529919264233205,5.28136631653484,5.29707427980279,0.561996019142174,0.558505360638185,0.407179269328802,0.0157079632679489,-0.00349065850398866,17
-0.399769933967592,-0.834384217786414,0.379456159529005,-0.407616236713494,-0.832048260254638,0.376224263139366,4.26558469187414,4.25685804561417,0.389208423194735,0.385717764690747,0.407391673746814,-0.00872664625997199,-0.00349065850398861,19
-0.952746440886335,-0.26243009216722,0.152985836284038,-0.950420057706105,-0.270734275270785,0.152985836284038,3.41037335839692,3.41910000465689,0.153588974175501,0.153588974175501,0.408241291418862,0.00872664625997155,0,297
-0.942714105321133,-0.0560075378096149,-0.328866646738583,-0.9427479074112,-0.0974235191517009,-0.31895930929807,3.2009338481576,3.24456707945746,-0.335103216382911,-0.324631240870945,0.408241291418862,0.0436332312998582,0.0104719755119659,12
-0.973501157567598,0.0629534959013225,-0.219846204352837,-0.97103590907492,0.0423963433882353,-0.23514211310259,3.077015471266,3.09795942228993,-0.22165681500328,-0.237364778271229,0.409090909090909,0.0209439510239315,-0.015707963267949,89
-0.891308136636496,0.434720024691533,0.128795596577563,-0.888048821961456,0.44083126358892,0.130526192220052,2.68780704807127,2.68082573106329,0.12915436464758,0.130899693899575,0.409090909090909,-0.00698131700797733,0.0017453292519943,8
-0.432518703977217,0.894707912037582,-0.111468932206325,-0.402374732897209,0.908010194563144,-0.116670737099333,2.02109127380943,1.98793001802154,-0.111701072127637,-0.11693705988362,0.409090909090909,-0.033161255787892,-0.005235987755983,28
-0.495377611330108,0.834310984359154,-0.241921895599668,-0.506309328847265,0.826221732488454,-0.246999012722743,2.10661240715716,2.12057504117311,-0.244346095279206,-0.249582083035189,0.409515717926933,0.0139626340159547,-0.00523598775598297,35
-0.260884646349031,0.928126688423877,0.265556117486809,-0.245225607584504,0.934744418581505,0.257132793154696,1.84481301935801,1.82735972683806,0.268780704807127,0.260054058547155,0.409728122344945,-0.0174532925199431,-0.0087266462599716,59
0.0291407733418099,0.981854906935422,0.187381314585725,0.0171601642782599,0.983105153079031,0.182235525492147,1.54112572951099,1.55334303427495,0.188495559215388,0.183259571459405,0.410152931180969,0.0122173047639604,-0.005235987755983,154
0.427054374067268,0.867889086894235,-0.253757944584806,0.472707149076874,0.842354232555303,-0.258819045102521,1.11352006277238,1.05941485596056,-0.256563400043166,-0.261799387799149,0.41036533559898,-0.0541052068118244,-0.005235987755983,33
-0.965224127224847,0.0219039996321478,0.260504508642648,-0.965408607250602,0.0522846612216472,0.255445757935791,3.11890337331387,3.08748744677797,0.263544717051144,0.258308729295161,0.411002548853016,-0.0314159265358978,-0.00523598775598294,40
0.0837954525477733,0.93890963508785,0.333806859233771,0.0712325302678294,0.925749349095303,0.371367835550235,1.48178453494319,1.49400183970715,0.340339204138894,0.380481776934764,0.411002548853016,0.0122173047639604,0.0401425727958695,102
0.45678633027008,0.797593894376222,0.393941909590951,0.495396538001029,0.780620034591001,0.381070376350274,1.05068820970059,1.00530964914873,0.404916386462684,0.39095375244673,0.411002548853016,-0.0453785605518524,-0.0139626340159547,74
0.01904606483237,0.991931866601087,0.125333233564304,-0.0312764686028179,0.995233368153678,0.0923705874465616,1.55159770502296,1.60221225333079,0.125663706143592,0.0925024503556995,0.41142735768904,0.0506145483078355,-0.0331612557878923,72
0.0118116821461171,0.966751234246685,-0.255445757935791,-0.0741737507440117,0.963973920525434,-0.255445757935791,1.55857902203094,1.64759081388265,-0.258308729295161,-0.258308729295161,0.412064570943076,0.0890117918517106,0,76
0.458689357997578,0.817374822639924,-0.348572047321815,0.482968910511061,0.797476458456738,-0.361624570082092,1.05941485596056,1.02625360017267,-0.356047167406843,-0.370009801422798,0.412276975361087,-0.0331612557878924,-0.0139626340159546,17
0.711744961392123,0.580485025935327,0.395545502562965,0.688577626257408,0.633179585451823,0.353474843779257,0.684169066781777,0.743510261349584,0.406661715714679,0.361283155162826,0.412489379779099,0.0593411945678071,-0.0453785605518526,59
0.74021571287376,0.645731322888178,-0.187381314585725,0.676850319114252,0.720772381945998,-0.14953534344371,0.717330322569669,0.816814089933346,-0.188495559215388,-0.150098315671512,0.412701784197111,0.0994837673636768,0.0383972435438753,17
0.860922863580137,-0.493055172905927,0.125333233564304,0.865051113234557,-0.483460726025091,0.133986185418292,5.76307719008528,5.77354916559724,0.125663706143592,0.134390352403563,0.412914188615123,0.0104719755119662,0.00872664625997163,37
0.404090109831975,-0.894960388272262,0.189095442989891,0.46358317362939,-0.853813992445605,0.236838146065619,5.13650398861931,5.20980781720307,0.190240888467382,0.239110107523223,0.413763806287171,0.0733038285837617,0.0488692190558412,30
0.294184735443507,-0.94451844354574,0.146083028562412,0.324441912407996,-0.926460669837871,0.190808995376545,5.01433094097971,5.0492375260196,0.146607657167524,0.191986217719376,0.413763806287171,0.0349065850398862,0.0453785605518525,13
0.105379015141562,-0.986056264860187,0.128795596577563,0.129092474689857,-0.980554695547355,0.147809411129611,4.81885406475634,4.84328867428426,0.12915436464758,0.148352986419518,0.413763806287171,0.02443460952792,0.0191986217719376,179
0.0276499072548883,-0.989881978115551,-0.139173100960065,0.0639042842650918,-0.988203972073441,-0.139173100960065,4.7403142484166,4.77696616270848,-0.139626340159546,-0.139626340159546,0.413976210705183,0.0366519142918804,0,13
0.904323508129195,-0.387593550661505,0.17880221511635,0.921841107653838,-0.357558601212049,0.14953534344371,5.8782689207169,5.91317550575679,0.179768912955416,0.150098315671512,0.414401019541206,0.0349065850398862,-0.0296705972839036,79
0.852882717314133,-0.395894976355626,-0.34037955021305,0.822648056317062,-0.431899885301267,-0.369746757273829,5.848598323433,5.79972910437716,-0.347320521146872,-0.378736447682769,0.414401019541206,-0.0488692190558409,-0.0314159265358979,34
-0.665868349730565,-0.675231142536199,0.317304656405092,-0.599093267834071,-0.721611328973801,0.346935651573256,3.93397213399522,4.01949326734294,0.322885911618951,0.354301838154849,0.41482582837723,0.0855211333477222,0.0314159265358979,8
-0.941700050417276,-0.300534822112579,0.151260820247219,-0.935521778369481,-0.323953461217619,0.140901231937583,3.45051593119279,3.47495054072071,0.151843644923507,0.141371669411541,0.415038232795242,0.0244346095279209,-0.010471975511966,71
0.513078199540775,-0.853905520337057,0.0871557427476582,0.508969084480769,-0.857201634004728,0.0784590957278449,5.25344104850293,5.24820506074695,0.0872664625997165,0.0785398163397448,0.415675446049278,-0.00523598775598266,-0.00872664625997165,31
-0.970570587804991,0.102011079402602,-0.218143241396543,-0.972241061539314,0.0322525577740881,-0.231747903494157,3.03687289847013,3.1084313978019,-0.219911485751285,-0.23387411976724,0.415675446049278,0.0715584993317675,-0.0139626340159547,67
-0.842433287254617,0.342076685145937,-0.416280792260401,-0.837001938682453,0.357011581236615,-0.414693242656239,2.75587488889905,2.7384215963791,-0.429350995990605,-0.427605666738611,0.416312659303314,-0.0174532925199431,0.00174532925199444,4
-0.317365256601134,-0.886366786748676,-0.337095258423082,-0.295429463416438,-0.893296173468447,-0.338737920245291,4.36855911774181,4.39299372726973,-0.343829862642883,-0.345575191894877,0.417162276975361,0.02443460952792,-0.00174532925199433,17
-0.717696106550229,0.66459388160285,-0.207911690817759,-0.694969886350458,0.682945005264417,-0.224951054343865,2.39459173373622,2.36492113645232,-0.20943951023932,-0.226892802759263,0.417162276975361,-0.0296705972839035,-0.0174532925199433,31
-0.575418376269551,0.627958965694438,-0.523985905970079,-0.556108613644914,0.662744438183912,-0.501510737159457,2.31256125889249,2.26892802759263,-0.551524043630208,-0.525344104850293,0.417162276975361,-0.0436332312998582,0.0261799387799151,15
-0.271293066408505,0.952381709236286,0.139173100960065,-0.384555860556009,0.905956833882262,0.177084740319583,1.848303677862,1.97222205475359,0.139626340159546,0.178023583703422,0.418224299065421,0.123918376891597,0.0383972435438752,8
-0.109856125581906,0.949458750451758,-0.294040325232304,-0.134493555652779,0.956971373747583,-0.257132793154696,1.68598805742652,1.71042266695444,-0.29845130209103,-0.260054058547155,0.418224299065421,0.0244346095279204,0.0383972435438752,15
0.0206612084536043,0.986355790028672,0.163325962241622,-0.149417025276389,0.965175264821892,0.214735327167063,1.54985237577096,1.7243853009704,0.164060949687467,0.216420827247297,0.418224299065421,0.174532925199433,0.0523598775598299,8
-0.189544459438632,0.975121710009934,-0.114937150492867,-0.262475266161857,0.959447981411241,-0.102792536787247,1.76278254451427,1.83783170235003,-0.115191730631626,-0.102974425867665,0.418649107901444,0.0750491578357559,0.0122173047639603,13
0.20126411606974,0.963396984803571,-0.177084740319583,0.22467100450098,0.957889715784655,-0.17880221511635,1.36484747505957,1.34041286553164,-0.178023583703422,-0.179768912955416,0.418649107901444,-0.0244346095279209,-0.00174532925199433,116
0.286733233290079,0.932040941230359,0.221548497619467,0.342554509738217,0.916203654587401,0.207911690817759,1.27234502470387,1.21300383013606,0.223402144255274,0.20943951023932,0.419073916737468,-0.0593411945678071,-0.0139626340159547,8
0.14856740707202,0.948731620800585,0.278991106039229,0.156105813845759,0.942958780658431,0.294040325232304,1.4154620233674,1.40673537710743,0.282743338823081,0.29845130209103,0.419498725573492,-0.00872664625997199,0.0157079632679489,199
0.388336202530135,0.872217391520999,0.297374874077786,0.338891129070465,0.887468141014258,0.312334918512233,1.15191730631626,1.20602251312808,0.301941960595019,0.317649923862968,0.419498725573492,0.0541052068118244,0.0157079632679489,17
-0.139840319766646,0.935693427974894,0.323917418198149,-0.207633546294877,0.936574402917812,0.282341456842876,1.71914931321441,1.78896248329419,0.329867228626928,0.28623399732707,0.419923534409516,0.0698131700797733,-0.0436332312998582,101
-0.0185081909037969,0.883571805681651,0.467929814260573,-0.0401641005348143,0.884482174808956,0.46484204572462,1.59174027781883,1.61617488734675,0.486946861306418,0.483456202802429,0.420135938827528,0.0244346095279204,-0.00349065850398872,9
0.692335440520664,0.645613242953282,0.322265695230511,0.717771464181247,0.623949214595693,0.309016994374947,0.750491578357562,0.715584993317675,0.328121899374934,0.314159265358979,0.420560747663551,-0.0349065850398866,-0.0139626340159547,44
0.745332113293741,-0.61440438050628,-0.258819045102521,0.734644098295229,-0.63189361173696,-0.246999012722743,5.59378025264183,5.57283630161789,-0.261799387799149,-0.249582083035189,0.420560747663551,-0.0209439510239315,0.0122173047639603,30
0.891833091548592,-0.382240151277105,-0.241921895599668,0.927052985567207,-0.301217774462306,-0.223250116010951,5.8782689207169,5.96902604182061,-0.244346095279206,-0.225147473507269,0.420773152081563,0.0907571211037048,0.0191986217719376,10
0.855206707338179,-0.503755248966984,0.121869343405147,0.875049649724976,-0.457464901690307,0.158158067254484,5.75085988532132,5.80147443362915,0.122173047639603,0.158824961931484,0.421410365335599,0.050614548307836,0.0366519142918809,13
0.63621589758977,-0.758212581618158,0.142628933705512,0.699426336567981,-0.694560385199799,0.168489379565003,5.41052068118242,5.50127780228613,0.143116998663535,0.16929693744345,0.421410365335599,0.0907571211037048,0.026179938779915,264
0.46188115507337,-0.865026535514709,0.195946144242518,0.493865637681945,-0.845149748090908,0.20449605184179,5.2028265001951,5.24122374373897,0.197222205475359,0.205948851735331,0.421410365335599,0.0383972435438746,0.00872664625997166,29
0.27115361930659,-0.939433751162408,0.209618562903822,0.392724447425747,-0.898910743733936,0.194234351219972,4.99338698995578,5.12428668385535,0.211184839491314,0.195476876223365,0.421622769753611,0.130899693899575,-0.015707963267949,4
0.975487222051657,-0.028951784866426,-0.218143241396543,0.97720153082853,-0.0204694540588061,-0.211324796455389,6.25351470989568,6.26224135615565,-0.219911485751285,-0.212930168743308,0.422472387425658,0.00872664625997199,0.00698131700797733,58
0.967689975004071,-0.0710627096731001,0.241921895599668,0.961478895392815,-0.0925798876993945,0.258819045102521,6.20988147859582,6.1871921983199,0.244346095279206,0.261799387799149,0.422472387425658,-0.0226892802759258,0.0174532925199433,97
0.850417316980151,-0.350516724159467,-0.392337116603562,0.863211183063683,-0.352269958620853,-0.361624570082092,5.89223155473286,5.89572221323685,-0.40317105721069,-0.370009801422798,0.422472387425658,0.00349065850398844,0.0331612557878924,14
0.0921195589188599,-0.97452314064147,0.20449605184179,0.0885183285930697,-0.972652684553713,0.214735327167063,4.80663675999238,4.80314610148839,0.205948851735331,0.216420827247297,0.422472387425658,-0.00349065850398844,0.010471975511966,42
0.808765612728206,-0.371990619723101,-0.455544907233516,0.794536494917501,-0.396141283293105,-0.460199784783852,5.85208898193699,5.82067305540109,-0.472984227290463,-0.478220215046446,0.422897196261682,-0.0314159265358978,-0.00523598775598294,55
0.413534390828518,-0.870901404331982,0.265556117486809,0.397202516276492,-0.871581374683584,0.287360519849712,5.15570261039125,5.1399946471233,0.268780704807127,0.291469985083053,0.422897196261682,-0.0157079632679489,0.0226892802759263,24
0.976883123715183,-0.195200510005917,0.0871557427476582,0.987882228547569,-0.117797823916914,0.101056297182946,6.08596310170423,6.16450291804397,0.0872664625997165,0.101229096615671,0.423109600679694,0.0785398163397444,0.0139626340159546,150
-0.889694627805583,-0.447469780723322,0.0906325801977802,-0.83979495038079,-0.52476212638117,0.139173100960065,3.60759556387228,3.70009801422798,0.0907571211037051,0.139626340159546,0.423322005097706,0.0925024503556999,0.0488692190558412,112
-0.906784279955267,-0.317551338667922,0.277314653302378,-0.899655167220309,-0.339951359148966,0.273959218692432,3.4784411992247,3.50287580875262,0.280998009571087,0.277507351067098,0.42374681393373,0.0244346095279204,-0.00349065850398866,8
-0.967561783688102,0.0168888537563378,-0.252069358243114,-0.965853738916674,0.0118007166265602,-0.258819045102521,3.12413936106985,3.12937534882583,-0.254818070791172,-0.261799387799149,0.42374681393373,0.00523598775598311,-0.00698131700797733,47
-0.976222539169201,0.114679791706269,-0.18395135061272,-0.957934644963986,0.184469136739384,-0.219846204352837,3.02465559370617,2.95135176512241,-0.185004900711399,-0.22165681500328,0.424384027187766,-0.0733038285837622,-0.0366519142918809,74
-0.813738630194702,0.563459341034363,-0.142628933705512,-0.839686644385513,0.514560637470017,-0.17364817766693,2.53596340314776,2.59181393921158,-0.143116998663535,-0.174532925199433,0.424808836023789,0.0558505360638182,-0.0314159265358979,22
-0.493095953941376,0.847223675307114,0.197657340379126,-0.519827034168413,0.831897151908713,0.194234351219972,2.09788576089718,2.12930168743308,0.198967534727354,0.195476876223365,0.424808836023789,0.0314159265358978,-0.00349065850398866,29
-0.34217763780664,0.925026352048809,0.165047605860678,-0.490441594345377,0.856359298157472,0.161603821103361,1.92509816494975,2.09090444388921,0.165806278939461,0.162315620435473,0.425658453695837,0.165806278939462,-0.00349065850398866,7
-0.321666455047586,0.908358047274408,-0.267238376078257,-0.266231061256766,0.940840624180436,-0.209618562903822,1.91113553093379,1.84655834861,-0.270526034059121,-0.211184839491314,0.425658453695837,-0.0645771823237902,0.0593411945678072,6
-0.249284815817063,0.930343598184728,0.268919820615266,-0.234588619788759,0.92708519875097,0.292371704722737,1.83259571459405,1.81863308057809,0.272271363311115,0.296705972839036,0.425658453695837,-0.0139626340159547,0.0244346095279206,63
-0.219550839062955,0.966356627329584,0.133986185418292,-0.260624334848077,0.952682116045313,0.156434465040231,1.79419847105017,1.83783170235003,0.134390352403563,0.15707963267949,0.425658453695837,0.0436332312998582,0.0226892802759263,97
-0.0370623790334173,0.96476099684701,-0.260504508642648,0.0336625684448409,0.963969836139943,-0.263873049965373,1.60919357033877,1.53588974175501,-0.263544717051144,-0.267035375555132,0.425870858113849,-0.0733038285837617,-0.00349065850398872,86
0.0477999386651612,0.977340779763394,0.20620418539663,-0.0322255403608721,0.971426631915195,0.23514211310259,1.52192710773906,1.60395758258279,0.207694180987325,0.237364778271229,0.426295666949873,0.0820304748437337,0.0296705972839036,377
0.220576228017196,0.933103108775455,0.284015344703923,0.268545719688152,0.918354741412237,0.290702193598252,1.33866753627965,1.28630765871982,0.287979326579064,0.294960643587042,0.426295666949873,-0.0523598775598302,0.00698131700797733,302
0.941814634348625,0.333514053904056,0.0418756537291996,0.956479765683056,0.288778266951719,0.0418756537291996,0.340339204138894,0.293215314335047,0.0418879020478639,0.0418879020478639,0.426720475785896,-0.0471238898038471,0,6
0.981471625136252,-0.123988700365955,0.146083028562412,0.985138170848787,-0.105280899196077,0.135715572434304,6.15752160103599,6.17672022280793,0.146607657167524,0.136135681655558,0.426932880203908,0.0191986217719373,-0.010471975511966,59
0.948842450368086,-0.206881110774021,-0.238533457578581,0.94256493118043,-0.19348079382811,-0.272280247040574,6.06850980918428,6.08072711394824,-0.240855436775218,-0.275762021815104,0.42714528462192,0.0122173047639604,-0.0349065850398866,24
0.840236728678607,-0.502871308210622,0.202787295356512,0.849927782186808,-0.498649668064326,0.170209499166033,5.74387856831334,5.75260521457331,0.204203522483337,0.171042266695444,0.427357689039932,0.00872664625997199,-0.0331612557878923,213
0.850375191334087,0.45025048699034,0.272280247040574,0.834039439642115,0.485422545546759,0.262189178640865,0.486946861306418,0.527089434102287,0.275762021815104,0.265290046303138,0.427782497875956,0.0401425727958697,-0.010471975511966,232
0.77054846117859,-0.572259790199243,-0.280666708920788,0.763842803981021,-0.588238148432881,-0.265556117486809,5.64439480094966,5.62694150842972,-0.284488668075076,-0.268780704807127,0.427782497875956,-0.017453292519944,0.015707963267949,58
0.837757788638056,0.362530167987438,0.408330460381385,0.812939337960758,0.421387728389489,0.40194777665596,0.408407044966673,0.478220215046446,0.420624349730633,0.413643032722656,0.428632115548003,0.0698131700797733,-0.00698131700797733,27
0.902232476287364,-0.268967182907223,-0.337095258423082,0.905670294485396,-0.261408298290664,-0.333806859233771,5.99346065134853,6.0021872976085,-0.343829862642883,-0.340339204138894,0.428632115548003,0.00872664625997199,0.00349065850398861,27
0.685238116658727,-0.714559701016277,0.140901231937583,0.680232890617959,-0.71932611335889,0.140901231937583,5.47684319275821,5.46986187575023,0.141371669411541,0.141371669411541,0.428632115548003,-0.00698131700797777,0,4
0.814730932407126,-0.564146443661635,0.133986185418292,0.847546501111235,-0.517344593808978,0.118403968306501,5.67755605673755,5.73515192205337,0.134390352403563,0.118682389135614,0.429056924384027,0.0575958653158128,-0.015707963267949,27
0.729656987270029,-0.574183430313657,-0.371367835550235,0.75392163528182,-0.555838967656435,-0.350207381259467,5.61646953291775,5.64788545945365,-0.380481776934764,-0.357792496658838,0.429269328802039,0.0314159265358978,0.0226892802759263,9
0.963645739479347,-0.126866368391909,0.23514211310259,0.960923552601909,-0.148758825449483,0.233445363855905,6.15228561328001,6.12959633300409,0.237364778271229,0.235619449019234,0.429906542056075,-0.0226892802759266,-0.00174532925199433,20
-0.541553566458864,-0.830741493461061,0.128795596577563,-0.437927201755104,-0.889985590447357,0.12706460860135,4.13468499797457,4.25511271636218,0.12915436464758,0.127409035395586,0.43054375531011,0.120427718387608,-0.00174532925199436,39
-0.976273448756949,0.0957244485926613,-0.194234351219972,-0.985958493362674,0.00860432941875181,-0.166768746716102,3.04385421547811,3.13286600732982,-0.195476876223365,-0.167551608191456,0.430756159728122,0.089011791851711,0.0279252680319093,19
-0.947827103879002,-0.0845913154349029,-0.307356617799807,-0.947540866835264,-0.0679205738714912,-0.312334918512233,3.2306044454415,3.21315115292156,-0.312413936106985,-0.317649923862968,0.431180968564146,-0.0174532925199431,-0.00523598775598305,13
-0.825343851526023,-0.501816927415178,0.258819045102521,-0.822584079875681,-0.50803828230527,0.255445757935791,3.68788070946402,3.694862026472,0.261799387799149,0.258308729295161,0.431818181818182,0.00698131700797688,-0.00349065850398861,60
-0.5780676531457,0.772718980606955,0.262189178640865,-0.564159395695286,0.776498792498935,0.280666708920788,2.21307749152881,2.19911485751286,0.265290046303138,0.284488668075076,0.431818181818182,-0.0139626340159547,0.0191986217719377,16
-0.807124329593284,0.47164537719335,0.355106962408137,-0.840204100072914,0.433661673455271,0.325568154457157,2.61275789023551,2.66511776779534,0.363028484414821,0.331612557878923,0.432880203908241,0.0523598775598302,-0.0314159265358979,67
-0.528755430170825,0.836408382488741,0.144356201000973,-0.566779903752406,0.803461731478864,0.182235525492147,2.13453767518907,2.1851522234969,0.144862327915529,0.183259571459405,0.432880203908241,0.0506145483078355,0.0383972435438752,22
-0.276897961711095,0.946917181625769,0.163325962241622,-0.264288724355667,0.959494162490346,0.0975828997591495,1.85528499486997,1.83957703160202,0.164060949687467,0.0977384381116825,0.432880203908241,-0.0157079632679489,-0.0663225115757845,15
-0.218363695999981,0.945837081043437,-0.240228042477264,-0.0438172817916904,0.964931473063558,-0.258819045102521,1.79768912955416,1.61617488734675,-0.242600766027212,-0.261799387799149,0.432880203908241,-0.181514242207411,-0.0191986217719376,4
-0.0937859300248806,0.974004123838437,0.20620418539663,-0.09201753120247,0.973443800143356,0.209618562903822,1.66678943565458,1.66504410640259,0.207694180987325,0.211184839491314,0.433092608326253,-0.00174532925199422,0.00349065850398869,157
-0.469862608223069,0.668546867668185,-0.576432316169793,-0.46864831294667,0.659452239331791,-0.587785252292473,2.18340689424491,2.18864288200089,-0.614355896702004,-0.628318530717959,0.433729821580289,0.00523598775598311,-0.0139626340159547,149
0.405525516023719,0.902335195268216,0.146083028562412,0.43557738355088,0.885210129289547,0.163325962241622,1.14842664781227,1.11352006277238,0.146607657167524,0.164060949687467,0.433729821580289,-0.0349065850398862,0.0174532925199433,43
0.390908929619473,0.80504516663339,-0.446197813109809,0.398969665060596,0.800209351119586,-0.44775908783877,1.11875605052837,1.1082840750164,-0.462512251778497,-0.464257581030492,0.433942225998301,-0.0104719755119658,-0.00174532925199439,13
-0.821987456517788,0.34384480143468,0.453990499739547,-0.830150194705024,0.317003533738268,0.458649554484315,2.74540291338708,2.77681883992298,0.471238898038469,0.476474885794452,0.434579439252336,0.0314159265358978,0.005235987755983,9
0.757576659128098,0.606933351490798,0.240228042477264,0.748271823183905,0.619024287281721,0.238533457578581,0.675442420521806,0.691150383789754,0.242600766027212,0.240855436775218,0.434579439252336,0.0157079632679489,-0.00174532925199428,35
0.899279838867196,0.348807661769294,-0.263873049965373,0.916076328779588,0.31721987056775,-0.245307385878803,0.370009801422798,0.333357887130917,-0.267035375555132,-0.247836753783195,0.434579439252336,-0.0366519142918809,0.0191986217719377,8
0.916076328779588,0.231802947430382,0.327217898979104,0.897183161927763,0.228689120357097,0.377840786818467,0.247836753783195,0.249582083035189,0.333357887130917,0.387463093942741,0.43500424808836,0.00174532925199422,0.0541052068118242,4
0.787251542558436,0.601899253078468,-0.133986185418292,0.781623487203689,0.610671195892299,-0.12706460860135,0.652753140245879,0.663225115757845,-0.134390352403563,-0.127409035395586,0.435641461342396,0.0104719755119662,0.00698131700797733,13
0.899188097129372,-0.423125800600295,0.111468932206325,0.912202239456568,-0.396636822182793,0.102792536787247,5.84336233567702,5.87303293296092,0.111701072127637,0.102974425867665,0.435641461342396,0.0296705972839026,-0.00872664625997165,47
0.872992166235144,-0.454450957131808,0.177084740319583,0.871299432689199,-0.453569775822426,0.187381314585725,5.80321976288115,5.80321976288115,0.178023583703422,0.188495559215388,0.435641461342396,0,0.010471975511966,31
-0.0103457024298519,0.9879056953031,-0.154710386299468,-0.0207632545780869,0.991227421131932,-0.130526192220052,1.58126830230686,1.59174027781883,-0.155334303427495,-0.130899693899575,0.43606627017842,0.0104719755119662,0.0244346095279206,18
0.961187829168626,-0.0908590008472322,-0.260504508642648,0.964808159599222,-0.0623913449395921,-0.255445757935791,6.18893752757189,6.2186081248558,-0.263544717051144,-0.258308729295161,0.43606627017842,0.0296705972839035,0.00523598775598294,75
0.948419945795112,-0.153610512276273,0.277314653302378,0.949946089923693,-0.147059424440937,0.275637355816999,6.12261501599611,6.12959633300409,0.280998009571087,0.279252680319093,0.437553101104503,0.00698131700797688,-0.00174532925199433,55
-0.54514893447708,-0.811267199904934,0.211324796455389,-0.517506869914704,-0.812323069764327,0.268919820615266,4.12072236395861,4.14515697348653,0.212930168743308,0.272271363311115,0.437553101104503,0.0244346095279209,0.0593411945678072,168
0.571282877776565,-0.705475601343443,0.419452082446177,0.550020609726598,-0.719397093835149,0.42419942274539,5.39306738866248,5.36514212063057,0.432841654494594,0.438077642250577,0.437765505522515,-0.0279252680319093,0.005235987755983,114
0.507712536258984,-0.815674299944072,-0.277314653302378,0.534144150854914,-0.800915366780503,-0.270600445975864,5.26914901177088,5.30056493830678,-0.280998009571087,-0.27401669256311,0.437977909940527,0.0314159265358978,0.00698131700797733,22
-0.896761054537114,-0.399263745347455,0.190808995376545,-0.861935311313896,-0.481719363190378,0.158158067254484,3.56047167406843,3.65122879517214,0.191986217719376,0.158824961931484,0.438827527612574,0.0907571211037057,-0.0331612557878923,32
-0.957267790923197,-0.082066799162664,-0.277314653302378,-0.955059601858171,-0.0953276214015954,-0.280666708920788,3.22711378693752,3.24107642095347,-0.280998009571087,-0.284488668075076,0.438827527612574,0.0139626340159542,-0.00349065850398866,15
-0.856384682726951,0.445805648424862,-0.260504508642648,-0.8341496913821,0.477722032614532,-0.275637355816999,2.66162710929135,2.62148453649548,-0.263544717051144,-0.279252680319093,0.439039932030586,-0.0401425727958697,-0.015707963267949,164
-0.954975948103579,0.113873987534918,-0.273959218692432,-0.941671073395124,0.140733684860409,-0.305695304963106,3.02291026445418,2.99323966717028,-0.277507351067098,-0.310668606854991,0.439677145284622,-0.0296705972839035,-0.0331612557878923,4
-0.58200162610696,0.804003712893698,-0.121869343405147,-0.545731216163145,0.824509927633541,-0.14953534344371,2.19736952826086,2.155481626213,-0.122173047639603,-0.150098315671512,0.439677145284622,-0.041887902047864,-0.0279252680319093,49
-0.968113070553973,0.0864017897280327,-0.23514211310259,-0.971698953506385,0.105560286839725,-0.211324796455389,3.05258086173808,3.03338223996614,-0.237364778271229,-0.212930168743308,0.440101954120646,-0.0191986217719378,0.0244346095279206,50
-0.545048404386296,0.769799466966358,0.332161131883703,-0.555090503039088,0.76401653260825,0.328866646738583,2.18689755274889,2.19911485751286,0.3385938748869,0.335103216382911,0.440526762956669,0.0122173047639604,-0.00349065850398866,14
-0.235423719953596,0.93726111557435,-0.257132793154696,-0.196239125373733,0.947602893783813,-0.252069358243114,1.8168877513261,1.77499984927823,-0.260054058547155,-0.254818070791172,0.440526762956669,-0.0418879020478635,0.00523598775598305,22
0.389145900171617,0.894974298297237,-0.218143241396543,0.350794698987287,0.913851434284336,-0.20449605184179,1.16064395257623,1.20427718387609,-0.219911485751285,-0.205948851735331,0.440951571792693,0.0436332312998582,0.0139626340159546,13
-0.874057069897016,-0.155693277465467,0.460199784783852,-0.869006680220312,-0.125225775596885,0.478691857940607,3.31787090804122,3.28470965225333,0.478220215046446,0.499164166070378,0.441801189464741,-0.033161255787892,0.020943951023932,43
-0.433865416784386,0.877859962044347,0.202787295356512,-0.486482540846723,0.846019068156461,0.218143241396543,2.02981792006941,2.0926497731412,0.204203522483337,0.219911485751285,0.441801189464741,0.062831853071796,0.0157079632679489,22
0.488127371343224,0.859259566860927,0.152985836284038,0.461142766671142,0.874635083796698,0.14953534344371,1.05417886820457,1.08559479474047,0.153588974175501,0.150098315671512,0.441801189464741,0.0314159265358978,-0.00349065850398866,20
-0.906477005451285,0.362564935020467,0.216439613938103,-0.904055870821581,0.363428129872492,0.224951054343865,2.76111087665503,2.75936554740303,0.218166156499291,0.226892802759263,0.442438402718777,-0.00174532925199422,0.00872664625997163,32
-0.40683813349246,0.909498038688438,0.0854169231373675,-0.400478776585559,0.912316117771838,0.0854169231373675,1.99142067652553,1.98443935951755,0.0855211333477222,0.0855211333477222,0.442438402718777,-0.00698131700797688,0,105
0.599483711263758,0.699429647181697,-0.389123950140206,0.635579312370695,0.686363221990823,-0.353474843779257,0.862192650485199,0.823795406941324,-0.399680398706701,-0.361283155162826,0.442650807136788,-0.0383972435438751,0.0383972435438752,20
0.881703071837498,0.33668966322376,0.330514392713223,0.892623860097249,0.291754449327527,0.343659694585616,0.364773813666815,0.315904594610974,0.336848545634906,0.35081117965086,0.4428632115548,-0.0488692190558413,0.0139626340159547,8
0.9396750313239,0.225596015458811,0.257132793154696,0.9452584433947,0.200920884617535,0.257132793154696,0.235619449019234,0.20943951023932,0.260054058547155,0.260054058547155,0.443500424808836,-0.0261799387799151,0,9
0.957999268078499,-0.0502066141947726,0.282341456842876,0.964319989157351,-0.0471631157624151,0.260504508642648,6.23082542961976,6.23431608812375,0.28623399732707,0.263544717051144,0.443500424808836,0.00349065850398844,-0.0226892802759263,8
0.582645794608752,0.773197084574453,-0.250380004054441,0.597812462922594,0.756961870028071,-0.263873049965373,0.925024503556995,0.902335223281068,-0.253072741539178,-0.267035375555132,0.444350042480884,-0.0226892802759262,-0.0139626340159547,64
0.854847236746689,0.0492901815425234,-0.516533328866642,0.852779211707377,0.0866221534752566,-0.515038074910054,0.0575958653158129,0.101229096615671,-0.542797397370236,-0.541052068118242,0.444562446898896,0.0436332312998582,0.00174532925199433,41
0.564954046837807,-0.786216750350234,-0.250380004054441,0.505752636688632,-0.828555826779366,-0.240228042477264,5.33547152334666,5.26042236551091,-0.253072741539178,-0.242600766027212,0.444987255734919,-0.0750491578357559,0.010471975511966,8
0.484098532189618,0.841873150033581,0.238533457578581,0.517494418642877,0.821767191051747,0.238533457578581,1.04894288044859,1.00880030765272,0.240855436775218,0.240855436775218,0.445624468988955,-0.0401425727958697,0,45
0.29700361211971,-0.941975112481971,0.156434465040231,0.301414359244682,-0.938795808022095,0.166768746716102,5.0178215994837,5.02305758723968,0.15707963267949,0.167551608191456,0.445624468988955,0.00523598775598266,0.010471975511966,68
0.778541002151251,-0.59094478453779,0.211324796455389,0.769591992479004,-0.596956740433811,0.226651307436855,5.6339228254377,5.62345084992573,0.212930168743308,0.228638132011257,0.446474086661003,-0.0104719755119662,0.015707963267949,9
-0.233123305897797,-0.935006510457728,-0.267238376078257,-0.371200777079195,-0.891752591803366,-0.258819045102521,4.46804288510548,4.31794456943397,-0.270526034059121,-0.261799387799149,0.446474086661003,-0.150098315671512,0.00872664625997166,4
0.936027782339774,-0.247309207790133,0.250380004054441,0.908203907372875,-0.269022253541137,0.320612990585676,6.02487657788443,5.99520598060052,0.253072741539178,0.32637657012294,0.446898895497026,-0.0296705972839035,0.0733038285837618,21
-0.642064924746456,0.733424855122476,0.223250116010951,-0.573214476877534,0.794781473251758,0.199367934417197,2.28987197861656,2.19562419900887,0.225147473507269,0.200712863979348,0.44732370433305,-0.0942477796076933,-0.0244346095279206,4
-0.944357431669171,-0.186987806791969,-0.270600445975864,-0.940575573610692,-0.227549179215885,-0.252069358243114,3.33706952981316,3.37895743186102,-0.27401669256311,-0.254818070791172,0.447960917587086,0.0418879020478644,0.0191986217719377,55
-0.967772887493238,-0.134289585435858,0.213030386274977,-0.957403688955451,-0.160214431253981,0.240228042477264,3.27947366449735,3.30739893252925,0.214675497995303,0.242600766027212,0.44838572642311,0.0279252680319093,0.0279252680319092,43
-0.686970596267955,0.718873665539571,-0.106264071336233,-0.688233316196215,0.715180232959188,-0.121869343405147,2.33350520991642,2.33699586842041,-0.106465084371654,-0.122173047639603,0.448810535259133,0.00349065850398889,-0.015707963267949,8
-0.176451988093769,0.970952573971844,-0.161603821103361,-0.158359576660308,0.967044296403318,-0.199367934417197,1.75056523975031,1.73311194723037,-0.162315620435473,-0.200712863979348,0.448810535259133,-0.0174532925199431,-0.0383972435438752,35
-0.362862869739137,0.867451612230584,-0.34037955021305,-0.285149243598202,0.893490661698718,-0.346935651573256,1.96698606699761,1.87971960439789,-0.347320521146872,-0.354301838154849,0.449447748513169,-0.0872664625997164,-0.00698131700797733,45
-0.162438151263014,0.921232534070244,-0.353474843779257,-0.177916265806069,0.923906068683131,-0.338737920245291,1.74532925199433,1.76103721526228,-0.361283155162826,-0.345575191894877,0.449447748513169,0.0157079632679489,0.0157079632679489,4
0.181426757779437,0.97889118747999,0.0941083133185143,0.0694468920444845,0.993136825694076,0.0941083133185143,1.38753675533549,1.50098315671512,0.0942477796076938,0.0942477796076938,0.449447748513169,0.113446401379631,0,12
0.297684118972336,0.938419243564113,0.175366726091987,0.329399591603962,0.925061523625105,0.189095442989891,1.26361837844389,1.22871179340401,0.176278254451427,0.190240888467382,0.450084961767205,-0.0349065850398866,0.0139626340159546,31
-0.0377571538455154,0.982846496423268,-0.18051914525056,-0.0377811131034989,0.983470173537869,-0.177084740319583,1.60919357033877,1.60919357033877,-0.18151424220741,-0.178023583703422,0.450509770603229,0,0.00349065850398866,21
0.519981538345469,0.851866509752038,0.0627905195293134,0.459610433235629,0.886678410741658,0.0505929400767133,1.02276294166868,1.09257611174845,0.0628318530717959,0.0506145483078356,0.450509770603229,0.0698131700797733,-0.0122173047639603,4
0.599174897603189,0.786529480148952,0.14953534344371,0.451089702275574,0.877725632248328,0.161603821103361,0.919788515801012,1.09606677025244,0.150098315671512,0.162315620435473,0.45072217502124,0.176278254451427,0.0122173047639603,8
0.609568117617787,0.739465257272706,-0.285688367404974,0.593963048939953,0.741387075131413,-0.312334918512233,0.881391272257136,0.895353906273091,-0.289724655831059,-0.317649923862968,0.450934579439252,0.0139626340159547,-0.0279252680319093,22
0.920821201363237,0.231294298925682,0.313992455967405,0.930290342065944,0.214774448494346,0.297374874077786,0.2460914245312,0.226892802759263,0.319395253114962,0.301941960595019,0.4517841971113,-0.0191986217719378,-0.0174532925199433,42
0.697873090654011,0.598149580965208,-0.393941909590951,0.695494158297908,0.585660462869518,-0.416280792260401,0.708603676309698,0.699877030049726,-0.404916386462684,-0.429350995990605,0.452209005947324,-0.00872664625997155,-0.0244346095279206,81
0.93560385938899,0.243706551099959,0.255445757935791,0.930752896461593,0.261622840136262,0.255445757935791,0.254818070791172,0.27401669256311,0.258308729295161,0.258308729295161,0.452209005947324,0.0191986217719378,0,8
0.903477109900796,-0.293557508102351,0.312334918512233,0.90088096824559,-0.301430555403471,0.312334918512233,5.96902604182061,5.96029939556063,0.317649923862968,0.317649923862968,0.452421410365336,-0.00872664625997199,0,43
0.529394836468329,0.824617204432997,0.199367934417197,0.498464965853961,0.842858226903077,0.202787295356512,1.00007366139275,1.03672557568463,0.200712863979348,0.204203522483337,0.452633814783348,0.0366519142918813,0.00349065850398869,44
0.863410489619534,-0.32109948278102,0.389123950140206,0.88537461209186,-0.26394163532202,0.38268343236509,5.92713813977274,5.99346065134853,0.399680398706701,0.392699081698724,0.453058623619371,0.0663225115757839,-0.00698131700797727,34
0.602872171074058,-0.768871380575442,-0.213030386274977,0.614758303199234,-0.756459922499993,-0.223250116010951,5.37735942539453,5.39481271791447,-0.214675497995303,-0.225147473507269,0.453058623619371,0.017453292519944,-0.010471975511966,8
0.916387848514569,0.29952171801085,0.265556117486809,0.924918931176188,0.268713789806462,0.268919820615266,0.315904594610974,0.282743338823081,0.268780704807127,0.272271363311115,0.453483432455395,-0.0331612557878924,0.00349065850398866,52
0.812554677517329,-0.581732012748945,-0.0366437087065563,0.824505320659339,-0.564550575518173,-0.0383878090875199,5.6618480934696,5.68279204449354,-0.0366519142918809,-0.0383972435438752,0.453483432455395,0.0209439510239324,-0.00174532925199433,24
0.693160861896768,-0.485356460692057,-0.53287627607073,0.576574981425297,-0.597060871439129,-0.55774510897969,5.67232006898157,5.48033385126219,-0.561996019142174,-0.591666616426078,0.454120645709431,-0.191986217719376,-0.0296705972839035,63
-0.362481680259341,-0.875108188593887,-0.320612990585676,-0.372924817242838,-0.870098788852157,-0.322265695230511,4.31968989868597,4.30747259392201,-0.32637657012294,-0.328121899374934,0.454757858963466,-0.0122173047639595,-0.00174532925199433,77
-0.5729502544526,-0.788598371557917,0.223250116010951,-0.500596922625625,-0.833133187253636,0.23514211310259,4.08407044966673,4.17133691226645,0.225147473507269,0.237364778271229,0.454970263381478,0.0872664625997164,0.0122173047639603,4
-0.457464901690307,-0.875049649724976,-0.158158067254484,-0.383810205977847,-0.904200181780212,-0.187381314585725,4.23067810683425,4.31096325242599,-0.158824961931484,-0.188495559215388,0.455607476635514,0.0802851455917395,-0.0296705972839036,10
-0.756735652352558,-0.653196693068662,-0.0261769483078731,-0.663357820030969,-0.744536495497207,-0.0749787268263277,3.85368698840348,3.98458668230305,-0.0261799387799149,-0.0750491578357562,0.455607476635514,0.130899693899574,-0.0488692190558412,58
-0.76824234933689,-0.635545343314395,-0.0767190281268186,-0.791391633063949,-0.60506459128136,-0.0871557427476582,3.83274303737955,3.79434579383567,-0.0767944870877505,-0.0872664625997165,0.455819881053526,-0.0383972435438751,-0.010471975511966,30
-0.178848953320743,-0.974471310657684,0.135715572434304,-0.105402741805401,-0.986278280842121,0.12706460860135,4.53087473817728,4.60592389601304,0.136135681655558,0.127409035395586,0.45624468988955,0.0750491578357551,-0.00872664625997166,31
-0.952081145619258,-0.0332474062236092,-0.30403306092549,-0.952283441486967,-0.0415775929714837,-0.302369890750444,3.17649923862968,3.18522588488965,-0.308923277602996,-0.307177948351002,0.45624468988955,0.00872664625997155,0.00174532925199433,12
-0.983001826917336,0.182188619766813,0.0226873335727814,-0.983591338195577,0.178748840827991,0.0244321781526532,2.95833308213039,2.96182374063438,0.0226892802759263,0.0244346095279206,0.456457094307562,0.00349065850398844,0.00174532925199433,8
-0.874380092021899,-0.480694523373781,-0.0662739004000001,-0.869410174625561,-0.493893719111439,-0.0139621803391453,3.64424747816416,3.65821011218011,-0.0663225115757845,-0.0139626340159546,0.457943925233645,0.0139626340159542,0.0523598775598299,11
-0.923324118762901,0.177804199915171,-0.34037955021305,-0.916340652405081,0.208187488359218,-0.342020143325669,2.95135176512241,2.91819050933452,-0.347320521146872,-0.349065850398866,0.457943925233645,-0.033161255787892,-0.00174532925199433,10
-0.852374367793666,0.478330186724021,0.211324796455389,-0.872347287037949,0.434936313152429,0.223250116010951,2.63021118275545,2.6790804018113,0.212930168743308,0.225147473507269,0.457943925233645,0.0488692190558413,0.0122173047639604,8
-0.831107845691895,-0.525404569905876,-0.182235525492147,-0.837100320669961,-0.517003695348239,-0.17880221511635,3.70533400198396,3.694862026472,-0.183259571459405,-0.179768912955416,0.458368734069669,-0.0104719755119662,0.00349065850398866,43
-0.420914561780684,0.775228185395195,-0.47101188121941,-0.383139012966471,0.789043654842056,-0.480223497443189,2.06821516361328,2.02283660306143,-0.490437519810407,-0.500909495322373,0.458793542905692,-0.0453785605518524,-0.010471975511966,2
-0.247228672937705,0.95596234708266,-0.158158067254484,-0.248756087113212,0.954989326709423,-0.161603821103361,1.82386906833407,1.82561439758607,-0.158824961931484,-0.162315620435473,0.458793542905692,0.00174532925199422,-0.00349065850398866,17
-0.2862228783481,0.954030538240129,0.0888942968664415,-0.300926800204355,0.94864146999452,0.0975828997591495,1.86226631187795,1.8779742751459,0.0890117918517108,0.0977384381116825,0.459430756159728,0.0157079632679489,0.00872664625997165,20
0.0191122434707895,0.995378494600852,0.0941083133185143,-0.022443951412255,0.989017703487171,0.146083028562412,1.55159770502296,1.59348560707082,0.0942477796076938,0.146607657167524,0.459430756159728,0.041887902047864,0.0523598775598299,152
0.103196682397379,0.965635663362628,-0.238533457578581,0.143542786041222,0.960467208285182,-0.238533457578581,1.46433124242324,1.42244334037538,-0.240855436775218,-0.240855436775218,0.459430756159728,-0.041887902047864,0,12
-0.854799709700488,0.511587072551746,0.0871557427476582,-0.892826563791513,0.443202955230145,0.0801989243288589,2.60228591472355,2.68082573106329,0.0872664625997165,0.0802851455917391,0.460067969413764,0.0785398163397448,-0.00698131700797733,135
0.399532218897544,0.897364056003432,0.187381314585725,0.379326370214823,0.902381775991053,0.20449605184179,1.15191730631626,1.17286125734019,0.188495559215388,0.205948851735331,0.460067969413764,0.0209439510239324,0.0174532925199433,32
-0.116711202313605,0.97876954602619,-0.168489379565003,-0.147218021138901,0.973433801360793,-0.175366726091987,1.68947871593051,1.72089464246641,-0.16929693744345,-0.176278254451427,0.460705182667799,0.0314159265358978,-0.00698131700797733,36
0.0853139143189855,0.975142502819302,0.20449605184179,0.148118045539436,0.967955762123233,0.202787295356512,1.48352986419518,1.41895268187139,0.205948851735331,0.204203522483337,0.460705182667799,-0.0645771823237902,-0.00174532925199433,13
0.547769848493851,0.809052685308292,-0.213030386274977,0.511456805675229,0.834621651234624,-0.20449605184179,0.97563905186483,1.02101761241668,-0.214675497995303,-0.205948851735331,0.461129991503823,0.0453785605518524,0.00872664625997166,177
0.905708638937637,0.354943334322249,-0.231747903494157,0.881642677817431,0.412991608595885,-0.228350870110656,0.373500459926786,0.438077642250577,-0.23387411976724,-0.230383461263251,0.461979609175871,0.0645771823237902,0.00349065850398869,30
0.956938809526418,0.137896988998204,-0.255445757935791,0.934353329625079,0.285660480189444,-0.213030386274977,0.143116998663535,0.296705972839036,-0.258308729295161,-0.214675497995303,0.461979609175871,0.153588974175501,0.0436332312998582,26
0.852830218917552,-0.432665464277611,0.292371704722737,0.83099536408943,-0.447444902833058,0.330514392713223,5.81369173839311,5.78925712886519,0.296705972839036,0.336848545634906,0.46304163126593,-0.0244346095279218,0.0401425727958696,169
0.490458818756879,-0.749499636113851,0.444635179184927,0.424277828706629,-0.787969438267762,0.446197813109809,5.29183829204681,5.20631715869909,0.460766922526503,0.462512251778497,0.46304163126593,-0.0855211333477213,0.00174532925199433,79
0.756302030753961,0.612441308777517,0.230049737188104,0.697972334008822,0.674024048078213,0.241921895599668,0.680678408277789,0.767944870877505,0.232128790515246,0.244346095279206,0.463466440101954,0.0872664625997164,0.0122173047639603,24
0.114886864421917,-0.963470188855246,-0.241921895599668,0.107620203238538,-0.959455727395354,-0.260504508642648,4.8310713695203,4.82409005251233,-0.244346095279206,-0.263544717051144,0.463678844519966,-0.00698131700797866,-0.0191986217719376,47
0.263125278828991,-0.877042229589029,0.40194777665596,0.278177988439752,-0.871646832461104,0.40354529635239,5.00385896546774,5.02131225798769,0.413643032722656,0.41538836197465,0.46410365335599,0.0174532925199431,0.00174532925199433,4
-0.269371746251722,-0.945636862421246,0.182235525492147,-0.234462967408853,-0.954562212494079,0.18395135061272,4.43488162931759,4.47153354360947,0.183259571459405,0.185004900711399,0.46410365335599,0.0366519142918813,0.0017453292519943,39
0.796393475199834,-0.597949135015533,-0.0906325801977802,0.804535483280562,-0.586677365097112,-0.0923705874465616,5.63915881319368,5.65312144720963,-0.0907571211037051,-0.0925024503556995,0.464316057774002,0.0139626340159547,-0.00174532925199432,27
0.536579062786365,-0.80153223446177,-0.263873049965373,0.506360485271053,-0.81986749496923,-0.267238376078257,5.30231026755877,5.26565835326689,-0.267035375555132,-0.270526034059121,0.465590484282073,-0.0366519142918804,-0.00349065850398861,24
-0.539997403023591,-0.834708897697192,-0.107999355706023,-0.445055896050323,-0.892644030308128,-0.0714974443326859,4.13817565647856,4.24987672860619,-0.108210413623648,-0.0715584993317675,0.465590484282073,0.111701072127637,0.0366519142918809,101
-0.95906389246731,0.278633818083604,0.0505929400767133,-0.960241728051694,0.273532051665971,0.0558215049931638,2.85884931476671,2.86408530252269,0.0506145483078356,0.0558505360638185,0.465590484282073,0.00523598775598266,0.00523598775598299,28
-0.608889043915868,0.662161860784806,0.436801788367702,-0.612545666341722,0.654580572968385,0.44307119082418,2.31430658814448,2.32303323440445,0.452040276266531,0.459021593274509,0.466227697536109,0.00872664625997155,0.00698131700797733,17
-0.825721854978819,-0.243023157870184,-0.509041415750371,-0.833589209098396,-0.253263765985732,-0.490903753615141,3.42782665091686,3.43655329717683,-0.534070751110265,-0.513126800086333,0.466440101954121,0.00872664625997155,0.0209439510239321,21
0.0257632375546468,0.983858348715225,0.177084740319583,0.010334140016095,0.986801606481729,0.161603821103361,1.54461638801498,1.56032435128293,0.178023583703422,0.162315620435473,0.467077315208156,0.0157079632679493,-0.015707963267949,171
0.287840873034081,0.941485073270286,0.175366726091987,0.327449559456289,0.924689030332921,0.194234351219972,1.27409035395586,1.230457122656,0.176278254451427,0.195476876223365,0.46750212404418,-0.0436332312998582,0.0191986217719376,11
-0.757000710403364,0.628474098367059,-0.17880221511635,-0.722476276497293,0.662027534642501,-0.199367934417197,2.44869694054804,2.3998277214922,-0.179768912955416,-0.200712863979348,0.468776550552251,-0.0488692190558413,-0.0209439510239319,23
-0.241310727333865,0.841550515957875,-0.483282383255002,-0.173704653168427,0.861479083306815,-0.477158760259608,1.85004900711399,1.76976386152225,-0.504400153826361,-0.497418836818384,0.469413763806287,-0.080285145591739,0.00698131700797727,105
0.497855596746781,0.838484387445863,-0.221548497619467,0.459641490784005,0.86811171106833,-0.187381314585725,1.03498024643264,1.08384946548848,-0.223402144255274,-0.188495559215388,0.469413763806287,0.0488692190558413,0.0349065850398866,108
-0.958643423897505,0.0771306185084749,0.273959218692432,-0.960305067643154,0.030178802538532,0.277314653302378,3.06130750799805,3.1101767270539,0.277507351067098,0.280998009571087,0.469838572642311,0.0488692190558413,0.00349065850398866,4
0.081519041546229,0.991535309842799,0.101056297182946,0.0138979012305023,0.995299171136608,0.095845752520224,1.48876585195116,1.55683369277894,0.101229096615671,0.0959931088596881,0.470688190314359,0.0680678408277791,-0.005235987755983,41
0.932908323981654,0.285218697629368,-0.219846204352837,0.930966110466492,0.279303218399897,-0.23514211310259,0.296705972839036,0.291469985083053,-0.22165681500328,-0.237364778271229,0.470688190314359,-0.00523598775598311,-0.015707963267949,47
0.89950608664143,0.254534566108979,0.355106962408137,0.916246990830071,0.203127067529681,0.345298198998535,0.275762021815104,0.218166156499291,0.363028484414821,0.352556508902855,0.47090059473237,-0.0575958653158128,-0.010471975511966,8
0.99576153882916,-0.0156426722549529,-0.0906325801977802,0.995041929985677,0.00521007497456958,-0.099319749743639,6.26747734391164,0.00523598775598299,-0.0907571211037051,-0.0994837673636768,0.471112999150382,0.0209439510239315,-0.00872664625997165,25
0.912877809735661,0.294851498622722,-0.282341456842876,0.915489188466059,0.279893133457764,-0.289031796944472,0.312413936106985,0.296705972839036,-0.28623399732707,-0.293215314335047,0.471750212404418,-0.0157079632679489,-0.00698131700797738,16
0.905455757072859,-0.301205040712249,0.299040792256087,0.91056241991955,-0.281866153693234,0.302369890750444,5.96204472481263,5.98298867583656,0.303687289847013,0.307177948351002,0.471750212404418,0.0209439510239324,0.00349065850398866,91
0.834809604370592,-0.493705023757214,-0.243615011786023,0.820509592757451,-0.518704632522733,-0.240228042477264,5.74911455606932,5.71944395878542,-0.2460914245312,-0.242600766027212,0.47196261682243,-0.0296705972839035,0.00349065850398869,23
0.845232252041845,0.47820939945162,-0.238533457578581,0.849244619617701,0.46302319770232,-0.253757944584806,0.514872129338327,0.499164166070378,-0.240855436775218,-0.256563400043166,0.472387425658454,-0.0157079632679489,-0.0157079632679489,39
0.802129532384635,-0.497341381232062,0.330514392713223,0.833811905077052,-0.43590632977702,0.338737920245291,5.72817060504539,5.80147443362915,0.336848545634906,0.345575191894877,0.472387425658454,0.0733038285837617,0.0087266462599716,12
0.610747062295813,-0.712570824315312,0.345298198998535,0.640878647363676,-0.689667562019543,0.337095258423082,5.42099265669439,5.46113522949026,0.352556508902855,0.343829862642883,0.472599830076466,0.0401425727958689,-0.00872664625997166,12
0.755478401027923,-0.540869412211285,0.369746757273829,0.732673085856704,-0.57655686586334,0.361624570082092,5.6618480934696,5.61646953291775,0.378736447682769,0.370009801422798,0.473024638912489,-0.0453785605518515,-0.00872664625997166,8
-0.144136251823326,-0.964438180555332,0.221548497619467,-0.187662941998837,-0.956526009004166,0.223250116010951,4.56403599396517,4.51865743341332,0.223402144255274,0.225147473507269,0.473024638912489,-0.0453785605518524,0.00174532925199433,43
0.385013175796551,-0.88971295421409,0.245307385878803,0.368042465385589,-0.888533111463118,0.273959218692432,5.12079602535136,5.10508806208341,0.247836753783195,0.277507351067098,0.473661852166525,-0.015707963267948,0.0296705972839036,39
0.16725021927115,-0.938937370807153,-0.300705799504273,0.169857107111231,-0.934663287950137,-0.312334918512233,4.88866723483612,4.89215789334011,-0.305432619099008,-0.317649923862968,0.473661852166525,0.00349065850398844,-0.0122173047639603,8
-0.598871480975177,-0.747513799809944,0.287360519849712,-0.686483258878104,-0.620285223325202,0.379456159529005,4.03694655986288,3.87637626867941,0.291469985083053,0.389208423194735,0.473661852166525,-0.160570291183479,0.0977384381116824,18
-0.360179271077041,-0.900512420080316,0.243615011786023,-0.355921904900899,-0.903560394897498,0.238533457578581,4.33190720344993,4.33714319120591,0.2460914245312,0.240855436775218,0.474086661002549,0.00523598775598355,-0.00523598775598297,12
-0.684652862355646,-0.716448295542167,0.133986185418292,-0.642866527996519,-0.755365615065106,0.12706460860135,3.94968009726317,4.00727596257898,0.134390352403563,0.127409035395586,0.474086661002549,0.0575958653158133,-0.00698131700797733,40
0.34335824664529,-0.938270506882437,0.0418756537291996,0.330224475436041,-0.942973077795832,0.0418756537291996,5.06320016003555,5.0492375260196,0.0418879020478639,0.0418879020478639,0.474723874256585,-0.0139626340159547,0,47
-0.00693775251942349,-0.993743701737405,-0.111468932206325,-0.0173859947617641,-0.996042972814049,-0.0871557427476582,4.70540766337671,4.69493568786475,-0.111701072127637,-0.0872664625997165,0.474723874256585,-0.0104719755119662,0.0244346095279206,3
-0.769317852625951,-0.54269404675164,0.337095258423082,-0.793640532128978,-0.493997723690402,0.355106962408137,3.7559485502918,3.69835268497598,0.343829862642883,0.363028484414821,0.474723874256585,-0.0575958653158128,0.0191986217719377,10
-0.0407494268438392,-0.933315318664239,0.356737999319625,-0.103058159142358,-0.918784187991091,0.381070376350274,4.66875574908483,4.60068790825705,0.364773813666815,0.39095375244673,0.47536108751062,-0.0680678408277782,0.0261799387799149,12
-0.932292713530764,0.112819814814446,-0.343659694585616,-0.922153527453626,0.228209926345878,-0.312334918512233,3.02116493520218,2.89899188756258,-0.35081117965086,-0.317649923862968,0.47536108751062,-0.122173047639603,0.0331612557878923,8
-0.956003944765234,0.158265426759296,-0.246999012722743,-0.948249107424555,0.148491847493755,-0.280666708920788,2.97753170390233,2.9862583501623,-0.249582083035189,-0.284488668075076,0.475573491928632,0.00872664625997155,-0.0349065850398866,8
-0.60470441046905,-0.744088610268959,0.284015344703923,-0.591010841336374,-0.75374406601616,0.287360519849712,4.02996524285491,4.04741853537485,0.287979326579064,0.291469985083053,0.475785896346644,0.0174532925199431,0.00349065850398872,38
-0.769082366305115,0.585883758599891,0.255445757935791,-0.777102932111584,0.572929693662697,0.260504508642648,2.49058484259591,2.50629280586386,0.258308729295161,0.263544717051144,0.475998300764656,0.0157079632679489,0.00523598775598294,38
0.0692941812417331,0.990952959470134,0.114937150492867,0.0694353287764022,0.992971463256394,0.095845752520224,1.50098315671512,1.50098315671512,0.115191730631626,0.0959931088596881,0.476635514018692,0,-0.0191986217719376,276
0.257913713109904,0.942773751752217,0.211324796455389,0.27639773301036,0.933103108775455,0.230049737188104,1.30376095123976,1.28281700021583,0.212930168743308,0.232128790515246,0.476635514018692,-0.0209439510239324,0.0191986217719377,185
-0.919138330552462,-0.0998503759506882,-0.381070376350274,-0.90652031636533,-0.159843990335581,-0.390731128489274,3.24980306721344,3.31612557878923,-0.39095375244673,-0.401425727958696,0.476847918436703,0.0663225115757853,-0.0104719755119659,17
0.408583419956064,0.88832406644374,0.209618562903822,0.407074159783423,0.893242719376998,0.190808995376545,1.1397000015523,1.14319066005629,0.211184839491314,0.191986217719376,0.477697536108751,0.00349065850398844,-0.0191986217719377,13
0.687931565667566,0.692751076849756,0.216439613938103,0.584074311986071,0.777913945950361,0.231747903494157,0.788888821901437,0.926769832808989,0.218166156499291,0.23387411976724,0.477697536108751,0.137881010907552,0.015707963267949,25
0.781606156703966,0.580471959634711,-0.228350870110656,0.78581460051418,0.57935248954075,-0.216439613938103,0.638790506229925,0.635299847725936,-0.230383461263251,-0.218166156499291,0.477697536108751,-0.00349065850398844,0.0122173047639603,77
-0.852610260052123,0.417689456473835,0.313992455967405,-0.857626964398752,0.39809718253153,0.325568154457157,2.68606171881927,2.70700566984321,0.319395253114962,0.331612557878923,0.477909940526763,0.020943951023932,0.0122173047639603,54
-0.392883186882384,0.890785429598424,-0.228350870110656,-0.383796110684536,0.891164598630852,-0.241921895599668,1.98618468876955,1.97745804250958,-0.230383461263251,-0.244346095279206,0.478122344944775,-0.00872664625997199,-0.0139626340159547,46
0.959108738322246,-0.138209680514429,-0.246999012722743,0.959960298961028,-0.146894567749325,-0.238533457578581,6.14006830851605,6.13134166225608,-0.249582083035189,-0.240855436775218,0.478334749362787,-0.00872664625997199,0.0087266462599716,8
0.951223176534848,-0.305404350769315,-0.043619387365336,0.960356276935385,-0.277192596063981,-0.0296662440851108,5.9725167003246,6.0021872976085,-0.0436332312998582,-0.0296705972839036,0.478547153780799,0.0296705972839035,0.0139626340159546,56
0.515816905346158,0.750518254420539,0.413104429824542,0.527996095962747,0.740223226225137,0.416280792260401,0.968657734856853,0.951204442336909,0.425860337486616,0.429350995990605,0.478971962616822,-0.0174532925199435,0.00349065850398877,21
0.699170232093127,-0.67518084481159,-0.23514211310259,0.750105215662691,-0.616143370526024,-0.240228042477264,5.51524043630208,5.59552558189382,-0.237364778271229,-0.242600766027212,0.478971962616822,0.0802851455917404,-0.00523598775598297,210
0.775142370094985,-0.594787660099858,0.213030386274977,0.75950053351053,-0.612839673838297,0.218143241396543,5.62868683768171,5.60425222815379,0.214675497995303,0.219911485751285,0.479609175870858,-0.02443460952792,0.00523598775598294,21
0.535869874041041,-0.797458501214339,-0.277314653302378,0.545268733396883,-0.78746805650227,-0.287360519849712,5.30405559681077,5.31801823082672,-0.280998009571087,-0.291469985083053,0.479609175870858,0.0139626340159547,-0.010471975511966,107
0.911594268263679,-0.225596773882361,-0.343659694585616,0.907244910003488,-0.232940901054641,-0.350207381259467,6.04058454115238,6.0318578948924,-0.35081117965086,-0.357792496658838,0.480033984706882,-0.00872664625997199,-0.00698131700797727,52
0.679634801684385,-0.638219559910513,0.361624570082092,0.739656074386778,-0.571671178976172,0.355106962408137,5.52920307031804,5.62519617917772,0.370009801422798,0.363028484414821,0.480033984706882,0.0959931088596884,-0.00698131700797727,48
0.156149123414327,-0.933110367236793,-0.323917418198149,0.291643321650422,-0.902945102656344,-0.315649036947102,4.87819525932415,5.02480291649167,-0.329867228626928,-0.321140582366957,0.480671197960918,0.146607657167523,0.00872664625997166,62
0.0926746954116785,-0.912365376842853,0.398749068925246,0.0640675808855459,-0.916209092119089,0.395545502562965,4.81361807700036,4.78220215046446,0.410152374218667,0.406661715714679,0.480883602378929,-0.0314159265358986,-0.00349065850398866,16
-0.0245826216933043,-0.938772447948918,-0.343659694585616,-0.0324711048457374,-0.929850782738651,-0.366501226724297,4.68620904160477,4.6774823953448,-0.35081117965086,-0.375245789178781,0.481096006796941,-0.0087266462599711,-0.0244346095279206,21
-0.497747245793121,-0.82512503880104,0.267238376078257,-0.497987408494076,-0.825523161060116,0.265556117486809,4.16959158301445,4.16959158301445,0.270526034059121,0.268780704807127,0.481308411214953,0,-0.00174532925199433,17
-0.224079033655833,-0.955365835207051,-0.192521966525907,-0.158634703744073,-0.968724397365641,-0.190808995376545,4.48200551912144,4.55007335994922,-0.193731546971371,-0.191986217719376,0.481733220050977,0.0680678408277782,0.00174532925199433,43
-0.711028171835565,-0.644720976360897,0.280666708920788,-0.726000140972053,-0.613517686281708,0.310676429630732,3.8781215979314,3.84321501289151,0.284488668075076,0.315904594610974,0.481733220050977,-0.0349065850398871,0.0314159265358979,94
0.165663531141087,-0.979461610215758,0.114937150492867,0.184436159205236,-0.976100791216871,0.114937150492867,4.87994058857615,4.89913921034808,0.115191730631626,0.115191730631626,0.481945624468989,0.0191986217719373,0,74
-0.231448206406477,-0.964051160932738,0.130526192220052,-0.146334813851468,-0.979149102585264,0.140901231937583,4.47676953136546,4.56403599396517,0.130899693899575,0.141371669411541,0.48322005097706,0.0872664625997155,0.010471975511966,67
-0.667200938839329,-0.662559181514135,-0.34037955021305,-0.654032315492038,-0.67964013474622,-0.332161131883703,3.92350015848325,3.94618943875918,-0.347320521146872,-0.3385938748869,0.483432455395072,0.0226892802759262,0.00872664625997166,192
-0.985916448434111,0.161450010074146,-0.043619387365336,-0.991822998240493,0.113003956632093,-0.0593063735759616,2.97927703315432,3.02814625221016,-0.0436332312998582,-0.0593411945678072,0.483857264231096,0.0488692190558413,-0.015707963267949,9
-0.0138979012305021,0.995299171136608,0.095845752520224,0.00693775251942381,0.993743701737405,0.111468932206325,1.58475896081085,1.56381500978692,0.0959931088596881,0.111701072127637,0.48428207306712,-0.020943951023932,0.015707963267949,83
0.030758131788248,0.978739623276225,-0.202787295356512,0.0102504879735455,0.97881371684168,-0.20449605184179,1.539380400259,1.56032435128293,-0.204203522483337,-0.205948851735331,0.48428207306712,0.0209439510239324,-0.00174532925199433,264
-0.342283358870094,0.920372215835019,-0.189095442989891,-0.423260505231021,0.883412822150097,-0.201077921145965,1.92684349420174,2.01760061530544,-0.190240888467382,-0.202458193231342,0.485131690739167,0.0907571211037048,-0.0122173047639603,49
0.0252849904240088,0.965594827632935,0.258819045102521,-0.0271156605157098,0.970755649260103,0.238533457578581,1.54461638801498,1.59872159482681,0.261799387799149,0.240855436775218,0.485131690739167,0.0541052068118244,-0.0209439510239319,15
0.182127330014464,0.954744899073806,0.23514211310259,0.150375186402788,0.971364609156666,0.18395135061272,1.38230076757951,1.4172073526194,0.237364778271229,0.185004900711399,0.485131690739167,0.0349065850398866,-0.0523598775598299,140
0.402997641550898,0.888403369723497,0.219846204352837,0.369430511482712,0.900764662553615,0.228350870110656,1.14493598930828,1.18158790360016,0.22165681500328,0.230383461263251,0.485131690739167,0.0366519142918813,0.00872664625997166,55
0.104512543076403,0.994370424866534,0.0174524064372835,0.0958171415836666,0.995099062430195,0.0244321781526532,1.46607657167524,1.47480321793521,0.0174532925199433,0.0244346095279206,0.485768903993203,0.00872664625997155,0.00698131700797732,12
0.211584423359633,0.867954186160986,-0.449318998615897,0.200432857043436,0.868170084697487,-0.453990499739547,1.33168621927167,1.34390352403563,-0.466002910282486,-0.471238898038469,0.486193712829227,0.0122173047639604,-0.00523598775598305,10
0.968164757111977,0.162015216475797,0.190808995376545,0.966762797931357,0.173948082714527,0.187381314585725,0.165806278939461,0.178023583703422,0.191986217719376,0.188495559215388,0.486830926083263,0.0122173047639604,-0.00349065850398864,101
0.449001466084267,0.87366236407339,-0.187381314585725,0.310296256547097,0.938249203074179,-0.152985836284038,1.09606677025244,1.25140107367993,-0.188495559215388,-0.153588974175501,0.487043330501274,0.155334303427495,0.0349065850398866,94
-0.0357576889738846,0.890288724979421,-0.453990499739547,-0.00155371365957354,0.890211448739833,-0.455544907233516,1.61093889959077,1.57254165604689,-0.471238898038469,-0.472984227290463,0.48768054375531,-0.0383972435438755,-0.00174532925199433,41
0.968686403629908,0.108655589472658,-0.223250116010951,0.949644670596454,0.194934055621537,-0.245307385878803,0.111701072127637,0.202458193231342,-0.225147473507269,-0.247836753783195,0.48768054375531,0.0907571211037053,-0.0226892802759263,68
0.963846459013639,-0.263678553470565,-0.0383878090875199,0.985242946187902,-0.157810351728757,-0.0662739004000001,6.01614993162445,6.1243603452481,-0.0383972435438752,-0.0663225115757845,0.488105352591334,0.108210413623648,-0.0279252680319093,41
0.777203660138813,-0.607218048534866,0.165047605860678,0.726784502925425,-0.663645448303074,0.177084740319583,5.61996019142174,5.54316570433399,0.165806278939461,0.178023583703422,0.48874256584537,-0.0767944870877511,0.0122173047639603,71
0.755229780071153,-0.60073689240574,-0.262189178640865,0.755497734702727,-0.596656158517376,-0.270600445975864,5.61123354516177,5.61472420366576,-0.265290046303138,-0.27401669256311,0.48874256584537,0.00349065850398844,-0.00872664625997166,102
0.721064558889202,-0.581825752041934,0.376224263139366,0.690820921969838,-0.624204602690642,0.36487678433762,5.60425222815379,5.54840169208997,0.385717764690747,0.373500459926786,0.48874256584537,-0.0558505360638195,-0.0122173047639604,98
0.460887340827047,0.852393305217353,-0.246999012722743,0.387886234389474,0.883629505943969,-0.262189178640865,1.07512281922851,1.15715329407224,-0.249582083035189,-0.265290046303138,0.489167374681393,0.0820304748437337,-0.015707963267949,20
0.91818789560838,-0.150359034207592,-0.366501226724297,0.925391426388126,-0.118545375745847,-0.359996808120051,6.12086968674411,6.155776271784,-0.375245789178781,-0.368264472170804,0.489167374681393,0.0349065850398871,0.00698131700797733,28
0.989679751489114,-0.0138194342313343,-0.142628933705512,0.989752110759225,-0.00690988550470239,-0.142628933705512,6.26922267316363,6.27620399017161,-0.143116998663535,-0.143116998663535,0.490441801189465,0.00698131700797777,0,61
0.540280632337452,-0.789059962612832,-0.292371704722737,0.560736068078063,-0.766148679795189,-0.313992455967405,5.31278224307074,5.34419816960664,-0.296705972839036,-0.319395253114962,0.490441801189465,0.0314159265358978,-0.0226892802759263,12
-0.0390714665441831,-0.972794582952533,0.228350870110656,-0.0699608916913484,-0.976004768204881,0.20620418539663,4.67224640758882,4.64083048105292,0.230383461263251,0.207694180987325,0.490654205607477,-0.0314159265358986,-0.0226892802759263,12
0.959216336795257,-0.195154769365773,-0.20449605184179,0.958874266670886,-0.200319271025003,-0.201077921145965,6.08247244320024,6.07723645544425,-0.205948851735331,-0.202458193231342,0.491716227697536,-0.00523598775598355,0.00349065850398866,90
0.878592624257926,-0.457366371046467,-0.137444546037147,0.856587418806486,-0.500549272806141,-0.125333233564304,5.80321976288115,5.7543505438253,-0.137881010907552,-0.125663706143592,0.491716227697536,-0.0488692190558417,0.0122173047639603,15
0.277161829454051,-0.895365203768586,-0.348572047321815,0.320256572940748,-0.884699015980091,-0.338737920245291,5.01258561172771,5.05970950153156,-0.356047167406843,-0.345575191894877,0.491716227697536,0.0471238898038475,0.010471975511966,118
-0.411987326429726,-0.887550717866984,0.20620418539663,-0.355100397317216,-0.915503479657839,0.189095442989891,4.2778019966381,4.34237917896189,0.207694180987325,0.190240888467382,0.491928632115548,0.0645771823237906,-0.0174532925199433,12
0.992927699022605,0.00866514875515261,-0.118403968306501,0.992419591499795,0.0329219485549259,-0.118403968306501,0.00872664625997165,0.0331612557878923,-0.118682389135614,-0.118682389135614,0.492353440951572,0.0244346095279204,0,39
-0.614334607837398,-0.777882534094594,0.132256390257122,-0.62364593476836,-0.770138591530092,0.133986185418292,4.04392787687086,4.0317105721069,0.132645023151569,0.134390352403563,0.492353440951572,-0.0122173047639595,0.00174532925199433,16
-0.900353500827064,-0.296021169108812,0.31895930929807,-0.886791409524602,-0.305346769527385,0.346935651573256,3.45924257745276,3.47320521146872,0.324631240870945,0.354301838154849,0.492565845369584,0.0139626340159547,0.0296705972839036,44
-0.972350075231532,0.0833598070429907,-0.218143241396543,-0.962484909949418,0.104559321389142,-0.250380004054441,3.05607152024207,3.03338223996614,-0.219911485751285,-0.253072741539178,0.492990654205608,-0.0226892802759262,-0.0331612557878923,13
-0.970291129367704,0.181585049198972,0.159881187691835,-0.976595333896473,0.151184945375223,0.152985836284038,2.95658775287839,2.98800367941429,0.160570291183478,0.153588974175501,0.493203058623619,0.0314159265358978,-0.0069813170079773,28
-0.83380249396948,0.325086008044485,0.446197813109809,-0.829068233191402,0.345107796984327,0.439939169855915,2.769837522915,2.74714824263907,0.462512251778497,0.45553093477052,0.493415463041631,-0.0226892802759258,-0.00698131700797727,25
-0.980955155349192,-0.194234351219972,0,-0.978271089196563,-0.204371478372307,-0.034899496702501,3.33706952981316,3.34754150532512,0,-0.0349065850398866,0.493627867459643,0.0104719755119662,-0.0349065850398866,17
-0.39999041264711,0.89418976700587,-0.201077921145965,-0.462395169341087,0.862363346446809,-0.20620418539663,1.99142067652553,2.0629791758573,-0.202458193231342,-0.207694180987325,0.494052676295667,0.0715584993317675,-0.00523598775598297,16
-0.116421282912414,0.976338208887488,-0.182235525492147,-0.187239467386734,0.963263553892562,-0.192521966525907,1.68947871593051,1.76278254451427,-0.183259571459405,-0.193731546971371,0.494052676295667,0.0733038285837617,-0.010471975511966,12
-0.86834019483426,0.0591974956415069,-0.492423560103467,-0.858771512830823,0.0179886988244867,-0.512042864870571,3.07352481276201,3.12064870256586,-0.514872129338327,-0.537561409614253,0.494477485131691,0.0471238898038475,-0.0226892802759263,216
0.244411892963729,0.958866056240627,-0.144356201000973,0.263099149924037,0.955175439753388,-0.135715572434304,1.32121424375971,1.30201562198777,-0.144862327915529,-0.136135681655558,0.494477485131691,-0.0191986217719378,0.00872664625997166,51
0.340531123437947,0.910791862098182,-0.233445363855905,0.384205350451119,0.867008652614482,-0.317304656405092,1.21300383013606,1.15366263556825,-0.235619449019234,-0.322885911618951,0.494689889549703,-0.0593411945678075,-0.0872664625997165,16
0.525313437418473,0.818259772053944,0.233445363855905,0.57362948013262,0.789533245503816,0.218143241396543,1.00007366139275,0.942477796076938,0.235619449019234,0.219911485751285,0.495751911639762,-0.0575958653158128,-0.015707963267949,23
0.575889791228891,0.772615427434244,-0.267238376078257,0.558797409672681,0.774791716580817,-0.295708050044047,0.930260491312978,0.945968454580927,-0.270526034059121,-0.300196631343025,0.495751911639762,0.0157079632679489,-0.0296705972839036,90
0.653839681647959,0.736437357210679,-0.17364817766693,0.682752508247892,0.692352709661338,-0.233445363855905,0.844739357965256,0.792379480405426,-0.174532925199433,-0.235619449019234,0.495751911639762,-0.0523598775598302,-0.0610865238198015,150
-0.0727968454262177,0.946079438932248,-0.315649036947102,-0.0930300474279775,0.932040879139394,-0.350207381259467,1.64759081388265,1.67028009415857,-0.321140582366957,-0.357792496658838,0.49660152931181,0.0226892802759266,-0.036651914291881,21
0.242623981140124,0.951851798716503,0.187381314585725,0.236793614842263,0.956838603393349,0.168489379565003,1.32121424375971,1.32819556076768,0.188495559215388,0.16929693744345,0.49660152931181,0.00698131700797733,-0.0191986217719377,17
0.255365958876836,0.939902873643909,-0.226651307436855,0.181676451388224,0.961495450293913,-0.20620418539663,1.30550628049176,1.3840460968315,-0.228638132011257,-0.207694180987325,0.49660152931181,0.0785398163397444,0.020943951023932,123
0.85834551892513,0.501576623566363,-0.107999355706023,0.84730521996053,0.503093023824904,-0.170209499166033,0.528834763354282,0.535816080362259,-0.108210413623648,-0.171042266695444,0.49660152931181,0.00698131700797733,-0.0628318530717959,127
-0.0815082727954511,0.950752862752858,0.299040792256087,-0.0480064271973608,0.947660840397086,0.315649036947102,1.65631746014262,1.62141087510273,0.303687289847013,0.321140582366957,0.497238742565845,-0.0349065850398862,0.0174532925199433,25
0.915663302499056,0.311717214822372,0.253757944584806,0.904005613277779,0.372604226020591,0.209618562903822,0.328121899374934,0.39095375244673,0.256563400043166,0.211184839491314,0.497238742565845,0.062831853071796,-0.0453785605518525,4
0.96643945224297,0.173889903642402,-0.189095442989891,0.963557680817744,0.159515939653645,-0.214735327167063,0.178023583703422,0.164060949687467,-0.190240888467382,-0.216420827247297,0.497238742565845,-0.0139626340159547,-0.026179938779915,7
0.743158713929669,0.625797745664365,-0.236838146065619,0.751956788920672,0.622072756057619,-0.218143241396543,0.699877030049726,0.691150383789754,-0.239110107523223,-0.219911485751285,0.498088360237893,-0.00872664625997199,0.0191986217719376,11
0.888636204019064,-0.456696974515204,-0.0418756537291996,0.922613387721019,-0.382158978021034,-0.0523359562429438,5.80845575063713,5.89048622548086,-0.0418879020478639,-0.0523598775598299,0.498088360237893,0.0820304748437328,-0.010471975511966,114
0.397415203483702,-0.864042622344223,-0.309016994374947,0.33934792799471,-0.879440711187618,-0.333806859233771,5.14348530562729,5.08065345255549,-0.314159265358979,-0.340339204138894,0.498513169073917,-0.0628318530717955,-0.026179938779915,152
0.435627137387743,0.812441177826459,-0.387515586452103,0.493208116833144,0.759473898980328,-0.42419942274539,1.0786134777325,0.994837673636768,-0.397935069454707,-0.438077642250577,0.498937977909941,-0.0837758040957279,-0.0401425727958696,158
0.952613868295698,-0.271359198656228,-0.137444546037147,0.955360066895259,-0.257775929470641,-0.144356201000973,6.00567795611249,6.01964059012844,-0.137881010907552,-0.144862327915529,0.498937977909941,0.0139626340159538,-0.0069813170079773,17
0.154592978189165,-0.976061650199965,0.152985836284038,0.167923953518272,-0.972176000471438,0.163325962241622,4.86946861306418,4.88343124708013,0.153588974175501,0.164060949687467,0.499362786745964,0.0139626340159547,0.010471975511966,16
-0.0801163651334031,-0.995752764166787,-0.0453629881292538,-0.060959205395414,-0.996674198152896,-0.0540788129847753,4.63210383479295,4.65130245656489,-0.0453785605518526,-0.0541052068118242,0.499362786745964,0.0191986217719382,-0.00872664625997165,55
0.388116507947299,-0.88836358699133,-0.245307385878803,0.379060184334246,-0.880167900676893,-0.285688367404974,5.12428668385535,5.11905069609937,-0.247836753783195,-0.289724655831059,0.5,-0.00523598775598266,-0.0418879020478639,30
0.37913506717193,-0.910813499514793,-0.163325962241622,0.483211627106476,-0.854073659489689,-0.192521966525907,5.10683339133541,5.22726110972302,-0.164060949687467,-0.193731546971371,0.5,0.120427718387608,-0.0296705972839036,28
-0.273835077746632,-0.930411777777986,0.243615011786023,-0.281395259764657,-0.932026066106355,0.228350870110656,4.42615498305762,4.41917366604964,0.2460914245312,0.230383461263251,0.500212404418012,-0.00698131700797777,-0.015707963267949,14
-0.0138856940543606,-0.994424953361254,-0.104528463267653,0.0485996936003823,-0.99369295790079,-0.101056297182946,4.69842634636874,4.76125819944053,-0.10471975511966,-0.101229096615671,0.500849617672048,0.0628318530717955,0.00349065850398865,581
-0.196225775847625,-0.973171405687516,-0.120136838834647,-0.0570177134455567,-0.988867016902719,-0.137444546037147,4.51342144565734,4.65479311506888,-0.120427718387609,-0.137881010907552,0.500849617672048,0.141371669411541,-0.0174532925199433,55
-0.692911403689613,-0.692911403689613,0.199367934417197,-0.736182284115651,-0.646751939525876,0.199367934417197,3.92699081698724,3.86241363466345,0.200712863979348,0.200712863979348,0.500849617672048,-0.0645771823237897,0,36
-0.279722935345634,-0.956577838048273,-0.0819385086300409,-0.18837587773984,-0.978222063333193,-0.0871557427476582,4.42790031230961,4.52214809191731,-0.0820304748437335,-0.0872664625997165,0.501486830926083,0.094247779607695,-0.00523598775598298,66
-0.339649821738945,-0.884818036437324,-0.31895930929807,-0.328675956341626,-0.912932589051558,-0.241921895599668,4.34586983746588,4.36681378848981,-0.324631240870945,-0.244346095279206,0.501486830926083,0.0209439510239315,0.0802851455917392,15
-0.839704504368823,0.10459072494108,-0.53287627607073,-0.81782906280706,0.185806204325974,-0.544639035015027,3.0176742766982,2.91819050933452,-0.561996019142174,-0.575958653158129,0.501699235344095,-0.0994837673636768,-0.0139626340159545,32
-0.918077570239029,0.256331863395025,-0.302369890750444,-0.923477167062439,0.213201503105465,-0.31895930929807,2.86932129027868,2.91469985083053,-0.307177948351002,-0.324631240870945,0.501911639762107,0.0453785605518524,-0.0174532925199433,12
-0.979266756800354,-0.109842366231634,-0.170209499166033,-0.970734510862663,-0.16942029339449,-0.170209499166033,3.25329372571743,3.31438024953723,-0.171042266695444,-0.171042266695444,0.502124044180119,0.0610865238198013,0,24
-0.531355928466576,-0.784809426737167,0.31895930929807,-0.579293969142349,-0.754950598920199,0.307356617799807,4.11723170545462,4.05789051088682,0.324631240870945,0.312413936106985,0.502548853016143,-0.059341194567808,-0.0122173047639604,297
-0.813121060220891,0.550524345388749,-0.189095442989891,-0.842997667696463,0.50852870483199,-0.175366726091987,2.54643537865973,2.59879525621956,-0.190240888467382,-0.176278254451427,0.502548853016143,0.0523598775598302,0.0139626340159546,14
-0.982785643334925,-0.183923333931033,-0.0174524064372835,-0.970426712788866,-0.240156331951738,-0.0244321781526532,3.32659755430119,3.38419341961701,-0.0174532925199433,-0.0244346095279206,0.503186066270178,0.0575958653158137,-0.00698131700797732,17
-0.512615747485261,0.82999562761606,-0.219846204352837,-0.522086598160415,0.825859333388453,-0.213030386274977,2.1240656996771,2.13453767518907,-0.22165681500328,-0.214675497995303,0.503186066270178,0.0104719755119662,0.00698131700797727,6
-0.425651700843401,0.888403632391399,-0.17192910027941,-0.475940237923744,0.862164253676783,-0.17364817766693,2.01760061530544,2.07519648062126,-0.172787595947439,-0.174532925199433,0.50446049277825,0.0575958653158133,-0.00174532925199433,17
0.00998711801623951,0.953664657842696,0.300705799504273,0.0914384715131754,0.900194979324857,0.425779291565073,1.56032435128293,1.46956723017923,0.305432619099008,0.439822971502571,0.50446049277825,-0.0907571211037053,0.134390352403563,19
-0.787609827042423,0.610932805538137,0.0801989243288589,-0.840052514245796,0.53517247434256,0.0888942968664415,2.48185819633594,2.57436064669164,0.0802851455917391,0.0890117918517108,0.505522514868309,0.0925024503556995,0.00872664625997166,17
-0.740695388532107,0.634852729252164,-0.219846204352837,-0.806334620332635,0.560417160241799,-0.189095442989891,2.4329889772801,2.53421807389577,-0.22165681500328,-0.190240888467382,0.505522514868309,0.101229096615671,0.0314159265358979,328
0.349600314224486,0.910739955599726,-0.219846204352837,0.39172807023262,0.888166429561132,-0.240228042477264,1.20427718387609,1.15540796482025,-0.22165681500328,-0.242600766027212,0.505522514868309,-0.0488692190558413,-0.020943951023932,12
0.344160050346303,0.878192941335426,-0.332161131883703,0.392165333203263,0.852628585728828,-0.345298198998535,1.19729586686811,1.1397000015523,-0.3385938748869,-0.352556508902855,0.505522514868309,-0.0575958653158128,-0.0139626340159547,140
-0.156456358077305,0.955422033232898,-0.250380004054441,-0.248178101329649,0.939316412391805,-0.236838146065619,1.73311194723037,1.82910505609006,-0.253072741539178,-0.239110107523223,0.506159728122345,0.0959931088596884,0.0139626340159547,35
0.243164802821184,0.947064378358235,-0.209618562903822,0.186222658315723,0.967040553401345,-0.17364817766693,1.31946891450771,1.38055543832751,-0.211184839491314,-0.174532925199433,0.506159728122345,0.0610865238198013,0.0366519142918809,41
0.512318928329918,0.816706351230487,-0.265556117486809,0.501344512157333,0.824566864925674,-0.262189178640865,1.01054563690472,1.02450827092067,-0.268780704807127,-0.265290046303138,0.506159728122345,0.0139626340159547,0.00349065850398866,10
-0.00340118624559438,0.974364128589362,-0.224951054343865,-0.00169421901054325,0.970715003092816,-0.240228042477264,1.57428698529889,1.57254165604689,-0.226892802759263,-0.242600766027212,0.507009345794392,-0.00174532925199467,-0.015707963267949,41
0.857157276591912,0.471226200467289,-0.207911690817759,0.873582787655106,0.443193843301496,-0.201077921145965,0.502654824574367,0.469493568786475,-0.20943951023932,-0.202458193231342,0.507009345794392,-0.0331612557878924,0.0069813170079773,6
0.979441170932971,0.0307801788115509,-0.199367934417197,0.944111255316366,0.20412407863154,-0.258819045102521,0.0314159265358979,0.212930168743308,-0.200712863979348,-0.261799387799149,0.507434154630416,0.18151424220741,-0.0610865238198015,114
0.536063396082529,0.800761940736148,0.267238376078257,0.519805075950942,0.822250322129276,0.231747903494157,0.980875039620813,1.00705497840073,0.270526034059121,0.23387411976724,0.50785896346644,0.0261799387799151,-0.0366519142918809,12
0.899910100018166,-0.217711165771753,-0.377840786818467,0.860441382090873,-0.313175051411951,-0.40194777665596,6.04582052890836,5.93411945678072,-0.387463093942741,-0.413643032722656,0.50785896346644,-0.111701072127637,-0.0261799387799149,138
0.49051519841277,0.77892491637871,-0.390731128489274,0.547655365676428,0.729408463600429,-0.409923033841573,1.00880030765272,0.926769832808989,-0.401425727958696,-0.422369678982628,0.508496176720476,-0.0820304748437333,-0.020943951023932,30
0.987379835552255,-0.110752393822526,-0.113203213767907,0.987909642974026,-0.116052710867844,-0.102792536787247,6.17148423505195,6.16624824729597,-0.113446401379631,-0.102974425867665,0.508496176720476,-0.00523598775598355,0.010471975511966,8
0.542535496368641,-0.801321579526558,-0.252069358243114,0.555556477869791,-0.793416876502412,-0.248689887164855,5.30754625531476,5.32325421858271,-0.254818070791172,-0.251327412287183,0.5089209855565,0.0157079632679489,0.00349065850398861,49
0.340383669233971,-0.882124897348544,-0.325568154457157,0.328243071041619,-0.877925973040464,-0.348572047321815,5.08065345255549,5.07018147704353,-0.331612557878923,-0.356047167406843,0.509558198810535,-0.0104719755119662,-0.0244346095279206,49
0.799470423468371,0.474690800110987,0.368124552684678,0.7736929230093,0.517942268150384,0.36487678433762,0.535816080362259,0.589921287174083,0.376991118430775,0.373500459926786,0.509983007646559,0.0541052068118244,-0.00349065850398872,61
0.164998337463737,-0.985991185206501,0.0244321781526532,0.240228042477263,-0.970716481578191,0,4.87819525932415,4.9549897464119,0.0244346095279206,0,0.510620220900595,0.0767944870877493,-0.0244346095279206,12
0.00862612699316176,-0.988456247990388,-0.151260820247219,0.0189963643386594,-0.989343431460724,-0.144356201000973,4.72111562664466,4.73158760215663,-0.151843644923507,-0.144862327915529,0.510620220900595,0.0104719755119662,0.0069813170079773,124
-0.164625213210553,-0.983761482590813,-0.0714974443326859,-0.150835041235342,-0.985711408506078,-0.0749787268263277,4.54658270144523,4.56054533546118,-0.0715584993317675,-0.0750491578357562,0.511045029736618,0.0139626340159547,-0.00349065850398866,180
-0.250204327735775,-0.953722171023107,-0.166768746716102,-0.246800438586944,-0.954306487710889,-0.168489379565003,4.45582558034152,4.45931623884551,-0.167551608191456,-0.16929693744345,0.511045029736618,0.00349065850398933,-0.00174532925199433,4
-0.128777251089513,-0.940096859411941,0.315649036947102,-0.0968445308822757,-0.953416642170501,0.285688367404974,4.57625329872913,4.61115988376902,0.321140582366957,0.289724655831059,0.51125743415463,0.0349065850398862,-0.0314159265358979,73
0.662166942384312,-0.727711967939856,0.17880221511635,0.638982217667207,-0.748152052309278,0.17880221511635,5.45066325397829,5.41924732744239,0.179768912955416,0.179768912955416,0.511894647408666,-0.0314159265358978,0,43
0.281184506450187,-0.897260851218377,0.34037955021305,0.21102501796193,-0.906825988845493,0.36487678433762,5.0160762702317,4.94102711239595,0.347320521146872,0.373500459926786,0.511894647408666,-0.0750491578357559,0.0261799387799149,19
-0.567222463669806,-0.780714743880237,0.262189178640865,-0.5289451636979,-0.811400242680845,0.248689887164855,4.08407044966673,4.13468499797457,0.265290046303138,0.251327412287183,0.511894647408666,0.050614548307836,-0.0139626340159546,125
0.393257750522203,-0.900131426291929,-0.187381314585725,0.407482807202675,-0.885931162696507,-0.221548497619467,5.12428668385535,5.14348530562729,-0.188495559215388,-0.223402144255274,0.51231945624469,0.0191986217719373,-0.0349065850398866,29
-0.655705859185586,-0.613598690559375,0.439939169855915,-0.697612320730106,-0.575067219172411,0.427357863387192,3.89382956119935,3.83099770812755,0.45553093477052,0.441568300754565,0.51231945624469,-0.0628318530717955,-0.0139626340159546,4
-0.954701703998402,-0.127384404315442,-0.268919820615266,-0.959825546677469,-0.104270422086755,-0.260504508642648,3.27423767674136,3.24980306721344,-0.272271363311115,-0.263544717051144,0.512744265080714,-0.0244346095279209,0.00872664625997166,4
-0.746796733427137,-0.464840026986524,0.475624209070275,-0.746273075820661,-0.493947373594793,0.446197813109809,3.69835268497598,3.72627795300789,0.49567350756639,0.462512251778497,0.512956669498726,0.0279252680319093,-0.0331612557878923,43
-0.990128359101119,-0.121572475809745,-0.0697564737441253,-0.970964334555707,-0.227737628648159,-0.0732381971276317,3.2637657012294,3.37197611485304,-0.0698131700797732,-0.0733038285837618,0.513381478334749,0.108210413623648,-0.00349065850398866,100
-0.980388815535441,0.13778466246824,0.140901231937583,-0.986009833527571,0.086264682558746,0.142628933705512,3.00196631343025,3.05432619099008,0.141371669411541,0.143116998663535,0.513381478334749,0.0523598775598297,0.0017453292519943,26
-0.355100397317216,-0.915503479657839,0.189095442989891,-0.360734343553208,-0.911110948297438,0.199367934417197,4.34237917896189,4.33539786195391,0.190240888467382,0.200712863979348,0.513806287170773,-0.00698131700797688,0.010471975511966,21
-0.922715408356278,0.374675874041284,0.0906325801977802,-0.94149540376887,0.326022014477301,0.0854169231373675,2.75587488889905,2.80823476645888,0.0907571211037051,0.0855211333477222,0.513806287170773,0.0523598775598302,-0.00523598775598298,14
-0.309431300719226,-0.903774872008707,0.295708050044047,-0.320449626122393,-0.899927100523796,0.295708050044047,4.38252175175776,4.3703044469938,0.300196631343025,0.300196631343025,0.514443500424809,-0.0122173047639604,0,15
-0.501763453111498,0.84171602328092,-0.199367934417197,-0.531933847197849,0.819106294367068,-0.214735327167063,2.10835773640915,2.14675497995303,-0.200712863979348,-0.216420827247297,0.514443500424809,0.0383972435438755,-0.015707963267949,82
-0.888230405515154,-0.38069603807086,-0.257132793154696,-0.854419452953656,-0.44858024144851,-0.262189178640865,3.54650904005248,3.62504885639222,-0.260054058547155,-0.265290046303138,0.514655904842821,0.0785398163397448,-0.00523598775598294,13
-0.130568477369783,0.940956306847079,0.312334918512233,-0.0987142107272083,0.93920297766959,0.328866646738583,1.70867733770245,1.67551608191456,0.317649923862968,0.335103216382911,0.515080713678845,-0.033161255787892,0.0174532925199433,69
-0.120900487920868,0.970647104174219,-0.207911690817759,-0.141846250363978,0.972320702849088,-0.185666615385577,1.69471470368649,1.71565865471043,-0.20943951023932,-0.186750229963393,0.515080713678845,0.020943951023932,0.0226892802759263,4
-0.547564742931292,0.830425521452364,-0.102792536787247,-0.549942768372617,0.827730408205138,-0.111468932206325,2.153736296961,2.15722695546499,-0.102974425867665,-0.111701072127637,0.515505522514868,0.00349065850398844,-0.00872664625997165,16
0.0555502355042313,0.963416320153989,-0.262189178640865,0.0756420536115795,0.961123419853431,-0.265556117486809,1.51320046147908,1.49225651045515,-0.265290046303138,-0.268780704807127,0.515505522514868,-0.020943951023932,-0.00349065850398866,318
-0.267332957773992,0.932300818255731,-0.243615011786023,-0.419812618073989,0.88015545723947,-0.221548497619467,1.85004900711399,2.01585528605345,-0.2460914245312,-0.223402144255274,0.515930331350892,0.165806278939462,0.0226892802759263,8
0.331655644392659,0.916188603231929,0.224951054343865,0.32191307534251,0.919239444737165,0.226651307436855,1.22347580564802,1.23394778115999,0.226892802759263,0.228638132011257,0.515930331350892,0.0104719755119662,0.00174532925199433,8
-0.794485420859272,0.535887182876719,-0.285688367404974,-0.811441208797483,0.505077669079281,-0.294040325232304,2.54818070791172,2.5848326222036,-0.289724655831059,-0.29845130209103,0.517204757858963,0.0366519142918809,-0.0087266462599716,56
0.638649158354005,0.753069238713179,-0.158158067254484,0.614000783609893,0.774676191698555,-0.151260820247219,0.867428638241182,0.900589894029074,-0.158824961931484,-0.151843644923507,0.517204757858963,0.033161255787892,0.00698131700797733,19
0.829220023146114,0.520168739924534,-0.20449605184179,0.837865035928326,0.505432503400541,-0.20620418539663,0.56025068989018,0.542797397370236,-0.205948851735331,-0.207694180987325,0.517204757858963,-0.0174532925199431,-0.0017453292519943,24
0.911779733961658,0.3318606833692,0.241921895599668,0.893651766277851,0.381174780378604,0.236838146065619,0.349065850398866,0.40317105721069,0.244346095279206,0.239110107523223,0.517629566694987,0.0541052068118244,-0.00523598775598302,38
0.947593747780132,0.318900528963678,-0.0191974423996897,0.913510672630834,0.406721155790743,-0.00872653549837393,0.324631240870945,0.418879020478639,-0.0191986217719376,-0.00872664625997165,0.518266779949023,0.0942477796076937,0.010471975511966,62
0.918796885553672,-0.205375436324668,0.337095258423082,0.933090411299008,-0.152799414741058,0.325568154457157,6.0632738214283,6.12086968674411,0.343829862642883,0.331612557878923,0.518266779949023,0.0575958653158128,-0.0122173047639603,48
0.54293085119517,-0.798898487113793,-0.258819045102521,0.532745476998729,-0.801846403854915,-0.270600445975864,5.30929158456675,5.29881960905478,-0.261799387799149,-0.27401669256311,0.518479184367035,-0.0104719755119662,-0.0122173047639603,89
-0.133535641705004,-0.987650906544371,-0.0819385086300409,-0.14237788223914,-0.988034054424424,-0.0593063735759616,4.57799862798113,4.56927198172115,-0.0820304748437335,-0.0593411945678072,0.519116397621071,-0.0087266462599711,0.0226892802759263,56
-0.148642514088198,-0.949211244175564,0.277314653302378,-0.233941957554231,-0.931361972192714,0.278991106039229,4.55705467695719,4.46629755585349,0.280998009571087,0.282743338823081,0.519116397621071,-0.0907571211037048,0.00174532925199433,10
0.882360359805984,-0.387329118185181,0.267238376078257,0.864276361980442,-0.419670052762445,0.277314653302378,5.86954227445693,5.83114503091306,0.270526034059121,0.280998009571087,0.519541206457094,-0.0383972435438746,0.010471975511966,43
-0.180413449519967,-0.928146736263005,0.325568154457157,-0.222836456987912,-0.914111883100186,0.338737920245291,4.52040276266531,4.47327887286147,0.331612557878923,0.345575191894877,0.519541206457094,-0.0471238898038466,0.0139626340159546,8
-0.254648186008617,-0.950359968239407,0.17880221511635,-0.187303296707956,-0.963591927283394,0.190808995376545,4.45058959258554,4.52040276266531,0.179768912955416,0.191986217719376,0.52017841971113,0.0698131700797733,0.0122173047639603,44
-0.248471958204525,-0.895960936479216,0.368124552684678,-0.297684617672704,-0.879471317963121,0.371367835550235,4.44186294632557,4.38601241026175,0.376991118430775,0.380481776934764,0.52017841971113,-0.0558505360638186,0.00349065850398861,34
-0.483256621284089,-0.840409022094834,0.245307385878803,-0.503073786721317,-0.830673554851412,0.238533457578581,4.19053553403839,4.16784625376246,0.247836753783195,0.240855436775218,0.52017841971113,-0.0226892802759266,-0.00698131700797727,91
0.131773032323873,-0.987592941040952,-0.0854169231373675,0.086694062839035,-0.990917672589052,-0.102792536787247,4.84503400353626,4.79965544298441,-0.0855211333477222,-0.102974425867665,0.520390824129142,-0.0453785605518533,-0.0174532925199433,45
-0.705655517868951,-0.596325146790219,0.38268343236509,-0.730008043445103,-0.566252282201782,0.38268343236509,3.84321501289151,3.80132711084365,0.392699081698724,0.392699081698724,0.520603228547154,-0.0418879020478635,0,13
-0.900058730428891,-0.327594586967544,-0.287360519849712,-0.899305570376344,-0.297416881427044,-0.320612990585676,3.49065850398866,3.46098790670476,-0.291469985083053,-0.32637657012294,0.520815632965166,-0.0296705972839031,-0.0349065850398866,6
-0.993732220323751,-0.106199338135134,-0.034899496702501,-0.989037517825512,-0.144284969929947,-0.0314107590781283,3.24805773796145,3.28645498150532,-0.0349065850398866,-0.0314159265358979,0.521028037383178,0.0383972435438755,0.00349065850398866,8
-0.95697713391303,0.281653687244439,0.0697564737441253,-0.949686121107063,0.297613590165532,0.0975828997591495,2.85535865626272,2.83790536374278,0.0698131700797732,0.0977384381116825,0.521240441801189,-0.0174532925199435,0.0279252680319093,99
-0.63671227036815,-0.756120128697004,-0.151260820247219,-0.602586499812699,-0.78815042397235,-0.125333233564304,4.01251195033496,4.05963584013881,-0.151843644923507,-0.125663706143592,0.521877655055225,0.0471238898038466,0.0261799387799149,39
-0.9899433138425,0.104047234957786,0.095845752520224,-0.989888867493727,0.114534049728627,0.0836778433323155,3.03687289847013,3.02640092295817,0.0959931088596881,0.0837758040957278,0.522514868309261,-0.0104719755119658,-0.0122173047639603,53
-0.836428877834095,0.450370548552137,-0.312334918512233,-0.835804741628854,0.453804948252218,-0.309016994374947,2.6476644752754,2.64417381677141,-0.317649923862968,-0.314159265358979,0.522514868309261,-0.00349065850398889,0.00349065850398866,6
-0.475171831134062,0.853715283581263,-0.213030386274977,-0.517951511549928,0.828895688302354,-0.211324796455389,2.07868713912525,2.12930168743308,-0.214675497995303,-0.212930168743308,0.522514868309261,0.0506145483078355,0.00174532925199439,8
0.0188318300914947,0.98077437720485,-0.194234351219972,-0.0628529173514246,0.971945829569518,-0.226651307436855,1.55159770502296,1.63537350911869,-0.195476876223365,-0.228638132011257,0.522939677145285,0.0837758040957279,-0.0331612557878923,52
0.0677137587601987,0.968351865017106,-0.240228042477264,0.112427475267215,0.957049483128274,-0.267238376078257,1.50098315671512,1.45385926691128,-0.242600766027212,-0.270526034059121,0.522939677145285,-0.0471238898038471,-0.0279252680319093,54
-0.926902512171244,-0.286924257183146,-0.241921895599668,-0.929233228648198,-0.27172681197435,-0.250380004054441,3.44178928493282,3.42608132166487,-0.244346095279206,-0.253072741539178,0.524426508071368,-0.015707963267948,-0.00872664625997166,8
0.258555290737983,0.851005667848365,0.457097927058694,0.307484767685355,0.826801623965287,0.47101188121941,1.27583568320785,1.21474915938805,0.474729556542458,0.490437519810407,0.524426508071368,-0.0610865238198013,0.015707963267949,28
0.493925611957227,0.838519295110353,-0.230049737188104,0.673134006887824,0.69462041024666,-0.253757944584806,1.03847090493663,0.801106126665397,-0.232128790515246,-0.256563400043166,0.524426508071368,-0.237364778271229,-0.0244346095279206,70
-0.0135235327691373,0.968488747525429,0.248689887164855,0.0344773608251593,0.940248867576253,0.338737920245291,1.58475896081085,1.53414441250302,0.251327412287183,0.345575191894877,0.525488530161427,-0.0506145483078355,0.0942477796076938,19
0.495222699121352,0.638437256710881,-0.589196357353342,0.547285758656496,0.578738463106969,-0.604599114862375,0.91106186954104,0.813323431429358,-0.630063859969953,-0.649262481741891,0.525488530161427,-0.0977384381116826,-0.0191986217719377,19
0.586788691031802,0.784376632559131,0.201077921145965,0.581633040445054,0.794700771772368,0.17364817766693,0.928515162060983,0.938987137572949,0.202458193231342,0.174532925199433,0.525913338997451,0.0104719755119658,-0.0279252680319093,10
0.596829565415322,0.726592204501892,-0.34037955021305,0.644711408974966,0.656063096106401,-0.392337116603562,0.883136601509131,0.79412480965742,-0.347320521146872,-0.40317105721069,0.525913338997451,-0.089011791851711,-0.0558505360638186,22
0.554964822018057,0.81354800516959,-0.17364817766693,0.542263436057441,0.825517185807027,-0.156434465040231,0.972148393360842,0.989601685880785,-0.174532925199433,-0.15707963267949,0.526338147833475,0.0174532925199431,0.0174532925199433,140
0.873611197406316,0.486245754708063,-0.0191974423996897,0.876081126873963,0.481629675197246,-0.0226873335727814,0.50789081233035,0.502654824574367,-0.0191986217719376,-0.0226892802759263,0.526338147833475,-0.00523598775598311,-0.00349065850398866,44
0.958321114856754,0.00167258757289469,0.285688367404974,0.94938249317225,-0.0564037130472531,0.309016994374947,0.00174532925199433,6.22384411261178,0.289724655831059,0.314159265358979,0.526975361087511,-0.0610865238198013,0.0244346095279206,4
0.971586574439238,-0.0390229479103016,-0.233445363855905,0.966923138530381,-0.110166975969396,-0.230049737188104,6.24304273438372,6.16973890579995,-0.235619449019234,-0.232128790515246,0.526975361087511,-0.0733038285837617,0.00349065850398864,6
-0.024157472051313,0.988461227163343,0.14953534344371,-0.0842454814179979,0.982681019792439,0.165047605860678,1.59523093632282,1.65631746014262,0.150098315671512,0.165806278939461,0.527187765505522,0.0610865238198013,0.015707963267949,194
0.314705535128805,0.878938472760175,-0.3583679495453,0.238577127555219,0.896638761295028,-0.372987782575809,1.22696646415201,1.31074226824774,-0.366519142918809,-0.382227106186758,0.527824978759558,0.0837758040957279,-0.0157079632679489,18
0.363135373390061,0.926612258858827,0.0975828997591495,0.367653230477578,0.923871771006371,0.106264071336233,1.19729586686811,1.19205987911213,0.0977384381116825,0.106465084371654,0.527824978759558,-0.00523598775598266,0.00872664625997163,5
0.720961536412939,-0.677027946981964,-0.147809411129611,0.745479415137744,-0.650323143038844,-0.146083028562412,5.52920307031804,5.56585498460992,-0.148352986419518,-0.146607657167524,0.527824978759558,0.0366519142918804,0.0017453292519943,4
0.922705845721983,-0.356042553990387,0.147809411129611,0.920095781946226,-0.360581594013389,0.152985836284038,5.91492083500878,5.9096848472528,0.148352986419518,0.153588974175501,0.52803738317757,-0.00523598775598266,0.005235987755983,8
0.203375801073026,-0.973505050785463,-0.104528463267653,0.183992496595023,-0.973752773199535,-0.133986185418292,4.91833783212002,4.89913921034808,-0.10471975511966,-0.134390352403563,0.528249787595582,-0.0191986217719382,-0.0296705972839036,146
0.0865793427662569,-0.951346817173059,0.295708050044047,0.0414371989016965,-0.949067888628173,0.312334918512233,4.80314610148839,4.75602221168455,0.300196631343025,0.317649923862968,0.528674596431606,-0.0471238898038466,0.0174532925199433,35
-0.00519581413553166,-0.992318335244814,-0.123601476740493,-0.00863947659329407,-0.989985960649274,-0.140901231937583,4.70715299262871,4.70366233412472,-0.123918376891597,-0.141371669411541,0.528674596431606,-0.00349065850398844,-0.0174532925199433,79
-0.0704361996145518,-0.959158531358237,0.273959218692432,-0.0839451488959909,-0.959497442444264,0.268919820615266,4.63908515180093,4.62512251778497,0.277507351067098,0.272271363311115,0.528887000849618,-0.0139626340159547,-0.005235987755983,8
0.800953137262319,-0.560833424463793,0.209618562903822,0.798221430595811,-0.577815951779825,0.170209499166033,5.67232006898157,5.65661210571362,0.211184839491314,0.171042266695444,0.529524214103653,-0.015707963267948,-0.0401425727958696,30
-0.667507700306071,-0.66055392236321,0.343659694585616,-0.715758906099088,-0.607007695262758,0.345298198998535,3.92175482923126,3.84496034214351,0.35081117965086,0.352556508902855,0.529949022939677,-0.0767944870877502,0.00174532925199428,9
-0.633898731185077,-0.758134376280632,-0.152985836284038,-0.607378411380567,-0.780211924062937,-0.14953534344371,4.01600260883895,4.05090919387884,-0.153588974175501,-0.150098315671512,0.530161427357689,0.0349065850398862,0.00349065850398866,20
0.130391824614677,-0.990424238082672,0.0453629881292538,0.0920730505573286,-0.992517347907613,0.0801989243288589,4.84328867428426,4.80489143074039,0.0453785605518526,0.0802851455917391,0.530373831775701,-0.0383972435438746,0.0349065850398866,83
-0.77574295735348,-0.490404340397616,0.397147890634781,-0.800956796043416,-0.434884057575914,0.411514358605109,3.70533400198396,3.63901149040818,0.408407044966673,0.424115008234622,0.530798640611725,-0.0663225115757844,0.015707963267949,6
-0.957301278743002,-0.229827703066428,0.175366726091987,-0.952777545629283,-0.209481729456986,0.219846204352837,3.37721210260903,3.35801348083709,0.176278254451427,0.22165681500328,0.530798640611725,-0.0191986217719373,0.0453785605518525,11
-0.609927296210899,-0.775079338607681,0.165047605860678,-0.629576242690415,-0.761026946163798,0.156434465040231,4.04567320612286,4.02123859659494,0.165806278939461,0.15707963267949,0.53143585386576,-0.0244346095279209,-0.00872664625997166,36
-0.66743676572897,0.672112694435212,0.320612990585676,-0.649490208519947,0.674920187242982,0.350207381259467,2.35270383168836,2.33699586842041,0.32637657012294,0.357792496658838,0.53143585386576,-0.0157079632679489,0.0314159265358979,6
-0.527428272069466,0.837541882589669,-0.142628933705512,-0.523166453019465,0.840502055484401,-0.140901231937583,2.13279234593707,2.12755635818109,-0.143116998663535,-0.141371669411541,0.531648258283772,-0.00523598775598311,0.0017453292519943,129
-0.987821424062441,-0.130049157648159,0.0854169231373675,-0.986695435313085,-0.149223654706171,0.064532308252958,3.27249234748937,3.2916909692613,0.0855211333477222,0.0645771823237902,0.532285471537808,0.0191986217719369,-0.020943951023932,13
-0.587617858647311,0.788349836967922,0.182235525492147,-0.634337944487378,0.753300526069431,0.17364817766693,2.21133216227682,2.27067335684462,0.183259571459405,0.174532925199433,0.532285471537808,0.0593411945678071,-0.00872664625997166,27
-0.348582647331355,0.917650295735177,-0.190808995376545,-0.344024865803633,0.915263322653611,-0.209618562903822,1.93382481120972,1.93033415270573,-0.191986217719376,-0.211184839491314,0.532285471537808,-0.00349065850398844,-0.0191986217719377,77
-0.910337731440688,0.329537658371726,0.250380004054441,-0.921917242933873,0.283618777028563,0.263873049965373,2.79427213244292,2.84314135149876,0.253072741539178,0.267035375555132,0.532922684791844,0.0488692190558413,0.0139626340159547,16
-0.984142325454907,0.136561032658754,0.113203213767907,-0.985186903276874,0.133202495392568,0.107999355706023,3.00371164268224,3.00720230118623,0.113446401379631,0.108210413623648,0.533772302463891,0.00349065850398889,-0.00523598775598298,9
-0.912066663250741,0.319401202989475,-0.257132793154696,-0.926090166014951,0.28667279404176,-0.245307385878803,2.80474410795489,2.84139602224677,-0.260054058547155,-0.247836753783195,0.533772302463891,0.0366519142918813,0.0122173047639604,68
-0.913308065816572,0.374574936076402,0.159881187691835,-0.893168823782865,0.401405985336946,0.202787295356512,2.75238423039506,2.71922297460717,0.160570291183478,0.204203522483337,0.533772302463891,-0.033161255787892,0.0436332312998583,3
0.168824099806589,0.947773085692012,-0.270600445975864,0.213177950848831,0.938306255091277,-0.272280247040574,1.39451807234347,1.34739418253962,-0.27401669256311,-0.275762021815104,0.533772302463891,-0.0471238898038466,-0.00174532925199439,53
0.269162607231187,0.897165693158123,-0.350207381259467,0.324540031906085,0.872661847419627,-0.36487678433762,1.27932634171184,1.21474915938805,-0.357792496658838,-0.373500459926786,0.534409515717927,-0.0645771823237902,-0.0157079632679489,119
0.499711214658328,0.838273361247814,-0.218143241396543,0.510184516051941,0.835816410716395,-0.202787295356512,1.03323491718064,1.02276294166868,-0.219911485751285,-0.204203522483337,0.534409515717927,-0.0104719755119662,0.0157079632679489,3
0.526513160002149,0.826460113417926,0.199367934417197,0.562459104519242,0.788538582293438,0.248689887164855,1.00356431989674,0.951204442336909,0.200712863979348,0.251327412287183,0.534621920135939,-0.0523598775598302,0.0506145483078356,153
-0.112383619032726,0.971303238056604,-0.209618562903822,-0.0713611068800041,0.971753371784448,-0.224951054343865,1.68598805742652,1.64410015537866,-0.211184839491314,-0.226892802759263,0.535046728971963,-0.041887902047864,-0.0157079632679489,19
-0.0307801788115509,0.979441170932971,-0.199367934417197,0.0342582946518172,0.981029202690187,-0.190808995376545,1.60221225333079,1.53588974175501,-0.200712863979348,-0.191986217719376,0.535471537807986,-0.0663225115757848,0.00872664625997163,19
0.927633392084905,0.252032414516992,0.275637355816999,0.942921056782336,0.198704632627269,0.267238376078257,0.265290046303138,0.207694180987325,0.279252680319093,0.270526034059121,0.535471537807986,-0.0575958653158128,-0.00872664625997166,78
0.967855539589568,0.0744724250533636,0.240228042477264,0.969106855635949,0.0558783497156633,0.240228042477264,0.0767944870877505,0.0575958653158129,0.242600766027212,0.242600766027212,0.53589634664401,-0.0191986217719378,0,17
0.385794940803986,0.913304536720684,-0.130526192220052,0.393520589963882,0.913744586891846,-0.101056297182946,1.1711159280882,1.16413461108022,-0.130899693899575,-0.101229096615671,0.536321155480034,-0.00698131700797733,0.0296705972839036,13
0.794309440905649,0.605101639457631,-0.0540788129847753,0.804671650004079,0.591090090646097,-0.0558215049931638,0.651007810993885,0.633554518473942,-0.0541052068118242,-0.0558505360638185,0.536533559898046,-0.0174532925199431,-0.00174532925199433,43
0.463891284723524,-0.819925069936057,0.335451569750255,0.43925198543256,-0.836651743487848,0.327217898979104,5.22726110972302,5.19584518318712,0.342084533390889,0.333357887130917,0.536745964316058,-0.0314159265358986,-0.00872664625997166,135
0.832279599338862,0.341342740076774,-0.436801788367702,0.831457316744983,0.339311445810072,-0.439939169855915,0.389208423194735,0.387463093942741,-0.452040276266531,-0.45553093477052,0.538020390824129,-0.00174532925199422,-0.00349065850398872,73
0.973367018805522,-0.0442003376823529,-0.224951054343865,0.967167370859406,-0.135926509597499,-0.214735327167063,6.23780674662773,6.14355896702004,-0.226892802759263,-0.216420827247297,0.538020390824129,-0.0942477796076941,0.010471975511966,56
0.716935730889496,-0.675606055516865,0.17192910027941,0.762124604328631,-0.628247041874854,0.156434465040231,5.52745774106604,5.59378025264183,0.172787595947439,0.15707963267949,0.538020390824129,0.0663225115757839,-0.015707963267949,37
0.318947164304918,-0.947732321892657,0.00872653549837393,0.323806419788951,-0.945761159004084,0.0261769483078731,5.03702022125564,5.04225620901162,0.00872664625997165,0.0261799387799149,0.538020390824129,0.00523598775598266,0.0174532925199433,30
0.189088508772621,-0.972776047180029,-0.133986185418292,0.156694763585517,-0.978278096690153,-0.135715572434304,4.90437519810407,4.87121394231617,-0.134390352403563,-0.136135681655558,0.538020390824129,-0.0331612557878911,-0.00174532925199433,43
0.520611176985299,-0.839659870881687,-0.154710386299468,0.517285940191735,-0.844133934229885,-0.140901231937583,5.26740368251889,5.2621676947629,-0.155334303427495,-0.141371669411541,0.538445199660153,-0.00523598775598266,0.0139626340159546,47
0.0802360567188637,-0.97593006309069,-0.202787295356512,0.0937163701287881,-0.973281716696672,-0.209618562903822,4.79441945522842,4.80838208924438,-0.204203522483337,-0.211184839491314,0.538445199660153,0.0139626340159547,-0.00698131700797733,36
-0.182218127428034,-0.94624531934783,0.267238376078257,-0.184727845416116,-0.932943792688173,0.309016994374947,4.52214809191731,4.51691210416132,0.270526034059121,0.314159265358979,0.539082412914189,-0.00523598775598355,0.0436332312998582,365
-0.206982232187811,-0.933636514836514,-0.292371704722737,-0.164151165240566,-0.940543767837194,-0.297374874077786,4.4942228238854,4.53960138443725,-0.296705972839036,-0.301941960595019,0.539082412914189,0.0453785605518524,-0.00523598775598305,8
-0.253623176322333,-0.946534580011946,-0.199367934417197,-0.224683200949682,-0.950476826901876,-0.214735327167063,4.45058959258554,4.48026018986944,-0.200712863979348,-0.216420827247297,0.539294817332201,0.0296705972839035,-0.015707963267949,9
0.819386879619492,-0.542340344653334,-0.185666615385577,0.783173469038437,-0.603124764582286,-0.151260820247219,5.69850000776149,5.62694150842972,-0.186750229963393,-0.151843644923507,0.539507221750212,-0.0715584993317684,0.0349065850398866,35
0.485191621154439,-0.83364267181059,-0.263873049965373,0.458779507512268,-0.852046009392512,-0.252069358243114,5.23947841448698,5.20631715869909,-0.267035375555132,-0.254818070791172,0.539932030586236,-0.033161255787892,0.0122173047639604,13
0.38696901592713,-0.89423263408465,-0.224951054343865,0.326721767122781,-0.917541318810947,-0.226651307436855,5.12079602535136,5.05447351377558,-0.226892802759263,-0.228638132011257,0.54035683942226,-0.0663225115757839,-0.00174532925199433,13
-0.902312490797314,-0.359073750874043,0.238533457578581,-0.923855972987069,-0.323529760543347,0.20449605184179,3.52032910127256,3.4784411992247,0.240855436775218,0.205948851735331,0.54035683942226,-0.0418879020478635,-0.0349065850398866,35
-0.490014356100402,-0.855613298128453,-0.166768746716102,-0.450773433786595,-0.880888527922125,-0.144356201000973,4.19228086329038,4.23940475309423,-0.167551608191456,-0.144862327915529,0.540994052676296,0.0471238898038475,0.0226892802759263,95
-0.831084592217428,-0.529459277917046,-0.170209499166033,-0.805769193872952,-0.576874083593975,-0.133986185418292,3.70882466048795,3.76292986729977,-0.171042266695444,-0.134390352403563,0.540994052676296,0.054105206811824,0.0366519142918809,18
-0.834877506368728,-0.389309774841086,-0.389123950140206,-0.86892308382249,-0.319701445440611,-0.377840786818467,3.57792496658838,3.49414916249265,-0.399680398706701,-0.387463093942741,0.541631265930331,-0.0837758040957279,0.0122173047639603,4
-0.941278853949641,0.220774962031161,0.255445757935791,-0.94704970310244,0.218643651861262,0.23514211310259,2.91120919232654,2.91469985083053,0.258308729295161,0.237364778271229,0.541631265930331,0.00349065850398844,-0.020943951023932,24
-0.794786689726505,-0.601092452430437,0.0836778433323155,-0.787383827532579,-0.610757502348844,0.0836778433323155,3.78910980607969,3.80132711084365,0.0837758040957278,0.0837758040957278,0.542056074766355,0.01221730476396,0,21
-0.807395075128435,0.514367391086758,0.289031796944472,-0.804455993944,0.524418264897952,0.278991106039229,2.57436064669164,2.56388867117967,0.293215314335047,0.282743338823081,0.542056074766355,-0.0104719755119658,-0.010471975511966,13
-0.44862693998552,-0.819433870767287,0.356737999319625,-0.440796069008883,-0.818647139649936,0.368124552684678,4.21147948506232,4.21846080207029,0.364773813666815,0.376991118430775,0.542480883602379,0.006981317007976,0.0122173047639603,23
-0.687654203374792,-0.616996829144408,0.38268343236509,-0.683108561447519,-0.625953670092558,0.376224263139366,3.87288561017542,3.88335758568738,0.392699081698724,0.385717764690747,0.542480883602379,0.0104719755119662,-0.00698131700797727,14
-0.479287436771188,-0.871820610993441,-0.101056297182946,-0.473702862513679,-0.872452140808403,-0.120136838834647,4.20973415581032,4.21497014356631,-0.101229096615671,-0.120427718387609,0.543118096856415,0.00523598775598355,-0.0191986217719376,9
-0.599222227968347,0.726914689534295,0.335451569750255,-0.630359474608445,0.700085121341294,0.335451569750255,2.26020138133266,2.30383461263251,0.342084533390889,0.342084533390889,0.543118096856415,0.0436332312998577,0,8
-0.604643606813411,0.785145725873053,-0.133986185418292,-0.742691115264067,0.659392027865454,-0.116670737099333,2.22704012554476,2.41553568476015,-0.134390352403563,-0.11693705988362,0.543118096856415,0.188495559215388,0.0174532925199433,40
-0.897244318787102,0.36251023577159,-0.252069358243114,-0.914018610750624,0.316507321813562,-0.253757944584806,2.75762021815104,2.80823476645888,-0.254818070791172,-0.256563400043166,0.543330501274427,0.050614548307836,-0.00174532925199433,28
-0.886875313022807,-0.340439536230232,0.312334918512233,-0.891797990667572,-0.317554980308727,0.322265695230511,3.5081117965086,3.48367718698068,0.317649923862968,0.328121899374934,0.543542905692438,-0.0244346095279213,0.010471975511966,18
-0.0257386128887641,0.982917970664472,0.182235525492147,-0.0874057536483756,0.979362265700369,0.182235525492147,1.59697626557481,1.65980811864661,0.183259571459405,0.183259571459405,0.544180118946474,0.062831853071796,0,17
0.331412687822593,0.93071495460279,-0.154710386299468,0.391925206251212,0.914430017827836,-0.101056297182946,1.22871179340401,1.16587994033221,-0.155334303427495,-0.101229096615671,0.54481733220051,-0.0628318530717955,0.0541052068118242,31
0.373196942190192,0.862407249447371,-0.342020143325669,0.42605624159074,0.843447998153575,-0.327217898979104,1.16238928182822,1.10304808726042,-0.349065850398866,-0.333357887130917,0.54481733220051,-0.0593411945678071,0.0157079632679489,33
-0.715752886755574,0.61782131875197,0.325568154457157,-0.743042290260111,0.584716625117134,0.325568154457157,2.42949831877611,2.47487687932796,0.331612557878923,0.331612557878923,0.545666949872557,0.0453785605518529,0,13
-0.503950338697604,0.845384557980873,-0.177084740319583,-0.49150693592551,0.854756758999809,-0.166768746716102,2.10835773640915,2.0926497731412,-0.178023583703422,-0.167551608191456,0.545666949872557,-0.0157079632679489,0.010471975511966,22
0.500176837711052,0.835734596540395,-0.226651307436855,0.519008686426048,0.824171807484017,-0.226651307436855,1.03148958792865,1.00880030765272,-0.228638132011257,-0.228638132011257,0.545666949872557,-0.0226892802759266,0,76
0.538330392831547,0.798107628576182,0.270600445975864,0.560085325502825,0.765259552818546,0.317304656405092,0.977384381116825,0.938987137572949,0.27401669256311,0.322885911618951,0.545666949872557,-0.0383972435438755,0.0488692190558412,27
-0.533656279491834,0.785251369278966,0.313992455967405,-0.551651578163151,0.773386989151008,0.312334918512233,2.16769893097696,2.19038821125288,0.319395253114962,0.317649923862968,0.546516567544605,0.0226892802759262,-0.00174532925199433,21
0.024124670036928,0.987119053639395,0.158158067254484,0.0552646105525752,0.98847997736876,0.140901231937583,1.54636171726698,1.51494579073108,0.158824961931484,0.141371669411541,0.546516567544605,-0.0314159265358978,-0.0174532925199433,12
0.788042229321815,0.527548291466431,0.317304656405092,0.763114349681629,0.550375427047647,0.338737920245291,0.589921287174083,0.62482787221397,0.322885911618951,0.345575191894877,0.546941376380629,0.0349065850398866,0.0226892802759263,15
0.575889791228891,-0.772615427434245,-0.267238376078257,0.548839772264261,-0.792625291576194,-0.265556117486809,5.35292481586661,5.31801823082672,-0.270526034059121,-0.268780704807127,0.547366185216652,-0.0349065850398862,0.00174532925199433,45
0.724137581457532,-0.680010451800129,-0.114937150492867,0.713020788817112,-0.688556171964771,-0.132256390257122,5.52920307031804,5.51524043630208,-0.115191730631626,-0.132645023151569,0.548003398470688,-0.0139626340159547,-0.0174532925199433,9
0.66718100994774,-0.683685782435368,0.295708050044047,0.665353340348848,-0.68181289981263,0.30403306092549,5.48556983901818,5.48556983901818,0.300196631343025,0.308923277602996,0.548428207306712,0,0.00872664625997166,11
0.34707126824749,-0.899456215289222,0.265556117486809,0.292024110233646,-0.909548606827252,0.295708050044047,5.08065345255549,5.02305758723968,0.268780704807127,0.300196631343025,0.548428207306712,-0.0575958653158128,0.0314159265358979,16
-0.0473150644490408,-0.967426805860844,0.248689887164855,-0.047207249010834,-0.965222359006096,0.257132793154696,4.66351976132885,4.66351976132885,0.251327412287183,0.260054058547155,0.548853016142736,0,0.00872664625997166,67
0.965560904027079,-0.13913945179589,-0.219846204352837,0.965971967177472,-0.130604534103462,-0.223250116010951,6.14006830851605,6.14879495477602,-0.22165681500328,-0.225147473507269,0.54927782497876,0.0087266462599711,-0.00349065850398869,13
0.638844474132126,-0.729746164020986,0.243615011786023,0.694969886350458,-0.682945005264417,0.224951054343865,5.43146463220635,5.50651379004211,0.2460914245312,0.226892802759263,0.54927782497876,0.0750491578357568,-0.0191986217719377,15
-0.476503068605692,-0.835398810211501,0.273959218692432,-0.480105663424963,-0.82160237429181,0.307356617799807,4.19402619254237,4.18355421703041,0.277507351067098,0.312413936106985,0.550339847068819,-0.0104719755119662,0.0349065850398865,17
-0.345276009097716,-0.885587168839666,0.310676429630732,-0.300554231723576,-0.898261912840993,0.320612990585676,4.3406338497099,4.38950306876574,0.315904594610974,0.32637657012294,0.550764655904843,0.0488692190558409,0.010471975511966,4
-0.690566111669291,-0.650756583438327,0.315649036947102,-0.634091365989129,-0.711688547572324,0.302369890750444,3.89732021970334,3.98458668230305,0.321140582366957,0.307177948351002,0.550764655904843,0.0872664625997164,-0.0139626340159546,241
-0.83265780989641,-0.490472933303131,-0.257132793154696,-0.80355777264283,-0.53186328729886,-0.267238376078257,3.67391807544806,3.72627795300789,-0.260054058547155,-0.270526034059121,0.550977060322855,0.0523598775598297,-0.0104719755119659,18
-0.281687598098446,-0.944902260657825,-0.166768746716102,-0.333564451582509,-0.931609383740324,-0.144356201000973,4.42266432455363,4.36855911774181,-0.167551608191456,-0.144862327915529,0.55161427357689,-0.0541052068118244,0.0226892802759263,17
-0.981635567542526,-0.0789805224622994,-0.17364817766693,-0.986117121468624,-0.0603135069242741,-0.154710386299468,3.22187779918153,3.20267917740959,-0.174532925199433,-0.155334303427495,0.55161427357689,-0.0191986217719378,0.0191986217719376,86
-0.904500430312467,0.252541057814136,0.343659694585616,-0.892916261940398,0.305713567529796,0.330514392713223,2.86932129027868,2.81172542496286,0.35081117965086,0.336848545634906,0.552039082412914,-0.0575958653158128,-0.0139626340159547,40
-0.804011111217223,0.588447178836802,-0.0854169231373675,-0.817874793081133,0.572682095427116,-0.0558215049931638,2.50978346436785,2.53072741539178,-0.0855211333477222,-0.0558505360638185,0.552463891248938,0.020943951023932,0.0296705972839036,79
-0.927572471817676,0.269484714628243,-0.258819045102521,-0.927137271127226,0.269358277139599,-0.260504508642648,2.85884931476671,2.85884931476671,-0.261799387799149,-0.263544717051144,0.553313508920986,0,-0.00174532925199433,14
-0.890419418194591,0.392721756618715,-0.230049737188104,-0.91673869900899,0.30140834816397,-0.262189178640865,2.72620429161514,2.82394272972683,-0.232128790515246,-0.265290046303138,0.553313508920986,0.0977384381116826,-0.0331612557878922,23
-0.835778002787997,0.42953154903359,0.342020143325669,-0.759118693661684,0.512032024169103,0.40194777665596,2.66686309704734,2.54818070791172,0.349065850398866,0.413643032722656,0.553313508920986,-0.118682389135615,0.0645771823237902,2
-0.54883815115169,0.778027675834163,0.305695304963106,-0.530030875885234,0.794747771149739,0.295708050044047,2.1851522234969,2.15897228471699,0.310668606854991,0.300196631343025,0.553313508920986,-0.0261799387799146,-0.010471975511966,8
-0.703376776138891,0.615759820090371,0.355106962408137,-0.675848251187008,0.645854617245034,0.355106962408137,2.42251700176813,2.37888377046827,0.363028484414821,0.363028484414821,0.553950722175021,-0.0436332312998586,0,7
-0.121570886272353,0.976029383681128,0.18051914525056,-0.253142454552791,0.958105735198388,0.133986185418292,1.69471470368649,1.82910505609006,0.18151424220741,0.134390352403563,0.553950722175021,0.134390352403563,-0.0471238898038469,154
-0.0584214024727916,0.928581601445289,0.366501226724297,-0.155551116689437,0.910011513706539,0.384295322659804,1.63362817986669,1.74009326423835,0.375245789178781,0.394444410950718,0.554163126593033,0.106465084371654,0.0191986217719376,63
-0.435079517924791,0.876462005455595,-0.20620418539663,-0.493064151530255,0.840407499743626,-0.224951054343865,2.0315632493214,2.10137641940117,-0.207694180987325,-0.226892802759263,0.555437553101105,0.0698131700797728,-0.0191986217719376,121
0.643824658559738,0.756491414668413,-0.114937150492867,0.693677623643611,0.70836026681392,-0.130526192220052,0.865683308989187,0.795870138909414,-0.115191730631626,-0.130899693899575,0.555437553101105,-0.0698131700797733,-0.015707963267949,38
0.72004399118434,0.585163878591721,0.372987782575809,0.657205831132404,0.659503925520542,0.36487678433762,0.682423737529783,0.787143492649443,0.382227106186758,0.373500459926786,0.555437553101105,0.10471975511966,-0.00872664625997166,45
0.0342348412094105,0.980357583973074,0.194234351219972,0.0255264342401128,0.974815194976741,0.221548497619467,1.53588974175501,1.54461638801498,0.195476876223365,0.223402144255274,0.555862361937128,0.00872664625997155,0.0279252680319093,50
0.270036411350731,0.960685129340703,0.064532308252958,0.234703525662145,0.970148097386383,0.0610485395348569,1.29677963423179,1.33343154852367,0.0645771823237902,0.0610865238198015,0.555862361937128,0.0366519142918813,-0.00349065850398866,34
0.981677566890475,0.185489901908084,-0.043619387365336,0.956007524431931,0.288635688911936,-0.0523359562429438,0.186750229963393,0.293215314335047,-0.0436332312998582,-0.0523598775598299,0.556287170773152,0.106465084371654,-0.00872664625997165,22
0.987953846779797,0.00344862350363217,-0.154710386299468,0.986782067029607,-0.0120564171116108,-0.161603821103361,0.00349065850398866,6.27096800241563,-0.155334303427495,-0.162315620435473,0.556287170773152,-0.0157079632679498,-0.00698131700797733,39
0.563603546154422,0.804909281033225,-0.185666615385577,0.525404569905876,0.831107845691895,-0.182235525492147,0.959931088596881,1.00705497840073,-0.186750229963393,-0.183259571459405,0.5571367884452,0.0471238898038471,0.00349065850398864,36
0.992702908414495,0.0103959405645032,0.120136838834647,0.989937165484311,0.0622815673684667,0.12706460860135,0.010471975511966,0.0628318530717959,0.120427718387609,0.127409035395586,0.5571367884452,0.0523598775598297,0.00698131700797729,31
0.90745856414715,-0.341091249945379,0.245307385878803,0.888788985821687,-0.382773010173082,0.252069358243114,5.92364748126875,5.87652359146491,0.247836753783195,0.254818070791172,0.558198810535259,-0.0471238898038466,0.0069813170079773,6
0.737445827286428,-0.657040265102081,-0.156434465040231,0.78961967283704,-0.592863220339271,-0.158158067254484,5.55538300909795,5.63915881319368,-0.15707963267949,-0.158824961931484,0.558198810535259,0.0837758040957279,-0.00174532925199433,68
0.685930313668004,-0.705357620403154,0.17880221511635,0.613785321725219,-0.752575158007675,0.238533457578581,5.48382450976618,5.39655804716647,0.179768912955416,0.240855436775218,0.558198810535259,-0.0872664625997173,0.0610865238198016,44
0.530338334666988,0.813537362632014,0.238533457578581,0.547007668064875,0.804897340968345,0.230049737188104,0.993092344384774,0.973893722612836,0.240855436775218,0.232128790515246,0.558623619371283,-0.0191986217719378,-0.00872664625997166,60
0.93149422035523,-0.132571259452031,-0.338737920245291,0.930952522253047,-0.0699986717687402,-0.3583679495453,6.14181363776805,6.20813614934383,-0.345575191894877,-0.366519142918809,0.559048428207307,0.0663225115757848,-0.020943951023932,47
-0.061842767781152,-0.95632506440156,0.285688367404974,-0.123101931545618,-0.947832369982698,0.294040325232304,4.6478117980609,4.58323461573711,0.289724655831059,0.29845130209103,0.559048428207307,-0.0645771823237897,0.0087266462599716,27
0.890119698164703,-0.231858814528111,-0.392337116603562,0.886734844116814,-0.2392594232864,-0.395545502562965,6.02836723638841,6.01964059012844,-0.40317105721069,-0.406661715714679,0.559473237043331,-0.00872664625997199,-0.00349065850398861,23
-0.625244818668629,-0.726914163227506,0.284015344703923,-0.633086742623633,-0.718095952271873,0.289031796944472,4.002039974823,3.98982267005904,0.287979326579064,0.293215314335047,0.559898045879354,-0.01221730476396,0.00523598775598305,12
-0.409755010520694,-0.907506752552268,0.0923705874465616,-0.394158268812252,-0.915225260611933,0.0836778433323155,4.28827397215007,4.30572726467001,0.0925024503556995,0.0837758040957278,0.56053525913339,0.0174532925199431,-0.00872664625997165,27
-0.860779381074648,-0.414265140044264,0.295708050044047,-0.909572975973391,-0.285042892467911,0.302369890750444,3.59014227135234,3.44527994343681,0.300196631343025,0.307177948351002,0.56053525913339,-0.144862327915529,0.00698131700797733,29
-0.938250695748785,-0.20457173479718,-0.278991106039229,-0.901891115138835,-0.291302892958047,-0.31895930929807,3.3562681515851,3.45400658969678,-0.282743338823081,-0.324631240870945,0.560747663551402,0.0977384381116826,-0.0418879020478639,8
-0.25643058489856,-0.882639862569337,0.393941909590951,-0.254175091197784,-0.858080727315689,0.446197813109809,4.42964564156161,4.42440965380563,0.404916386462684,0.462512251778497,0.560960067969414,-0.00523598775598355,0.0575958653158128,11
-0.249214938960709,-0.917263359276228,0.310676429630732,-0.220899938891211,-0.927240888963285,0.302369890750444,4.44709893408155,4.47851486061745,0.315904594610974,0.307177948351002,0.561172472387426,0.0314159265358978,-0.00872664625997166,15
0.151857918181635,-0.927341034487868,0.342020143325669,0.104878974648793,-0.935017123941863,0.338737920245291,4.87470460082016,4.82409005251233,0.349065850398866,0.345575191894877,0.561597281223449,-0.0506145483078368,-0.00349065850398866,9
-0.960587684611417,0.08742032758374,0.263873049965373,-0.965663845458438,0.0556798269979112,0.253757944584806,3.05083553248609,3.08399678827398,0.267035375555132,0.256563400043166,0.561597281223449,0.0331612557878915,-0.010471975511966,16
-0.994583528963442,-0.0538647185015054,-0.0888942968664415,-0.995362904518767,-0.0556494259227549,-0.0784590957278449,3.19569786040162,3.19744318965361,-0.0890117918517108,-0.0785398163397448,0.562022090059473,0.00174532925199378,0.010471975511966,11
-0.912943374408318,0.335897758774922,-0.231747903494157,-0.897681813416218,0.359047109185382,-0.255445757935791,2.78903614468694,2.76111087665503,-0.23387411976724,-0.258308729295161,0.562022090059473,-0.0279252680319098,-0.0244346095279206,8
-0.699168112270737,0.665808795196208,0.260504508642648,-0.722538699708766,0.59986318585198,0.343659694585616,2.38062909972027,2.44869694054804,0.263544717051144,0.35081117965086,0.562234494477485,0.0680678408277791,0.0872664625997165,9
-0.520741604154679,-0.849773065297963,0.0819385086300409,-0.514488407204502,-0.852877179221484,0.0888942968664415,4.16261026600648,4.16959158301445,0.0820304748437335,0.0890117918517108,0.563084112149533,0.00698131700797777,0.00698131700797731,13
-0.943961077999982,-0.168145077816222,-0.284015344703923,-0.950229375504483,-0.157309453017338,-0.268919820615266,3.31787090804122,3.30565360327726,-0.287979326579064,-0.272271363311115,0.563084112149533,-0.01221730476396,0.0157079632679489,5
-0.0759909233700599,0.987590186428565,0.137444546037147,-0.0675507904085536,0.990870743245494,0.116670737099333,1.64759081388265,1.63886416762268,0.137881010907552,0.11693705988362,0.563084112149533,-0.00872664625997155,-0.020943951023932,25
-0.89934681987815,0.404182486871709,-0.166768746716102,-0.908285159294987,0.383674672767464,-0.166768746716102,2.71922297460717,2.74191225488309,-0.167551608191456,-0.167551608191456,0.56393372982158,0.0226892802759262,0,25
-0.511147081098771,0.840689258497867,-0.17880221511635,-0.512091790837592,0.842243033055512,-0.168489379565003,2.11708438266912,2.11708438266912,-0.179768912955416,-0.16929693744345,0.56393372982158,0,0.010471975511966,22
-0.311832625023132,0.910788566358212,-0.270600445975864,-0.282635688651735,0.913048385704526,-0.294040325232304,1.90066355542182,1.87099295813792,-0.27401669256311,-0.29845130209103,0.56393372982158,-0.0296705972839035,-0.0244346095279206,53
0.626983138522544,0.713679930141221,0.312334918512233,0.655941363131037,0.686403427824596,0.313992455967405,0.849975345721238,0.808087443673374,0.317649923862968,0.319395253114962,0.564783347493628,-0.041887902047864,0.00174532925199433,17
0.663109808683445,0.647101758190353,0.376224263139366,0.685753413356923,0.600331732237398,0.411514358605109,0.773180858633488,0.719075651821664,0.385717764690747,0.424115008234622,0.564783347493628,-0.054105206811824,0.0383972435438752,68
0.114368960500346,0.97357655922291,0.197657340379126,0.0341113227796097,0.97682047893219,0.211324796455389,1.45385926691128,1.53588974175501,0.198967534727354,0.212930168743308,0.565420560747664,0.0820304748437337,0.0139626340159546,60
0.669053802144122,0.705035599443137,-0.23514211310259,0.680108640668194,0.699371062684261,-0.219846204352837,0.811578102177363,0.799360797413403,-0.237364778271229,-0.22165681500328,0.565420560747664,-0.0122173047639604,0.015707963267949,49
0.691426138646904,0.629149378164756,-0.355106962408137,0.736652280404445,0.567298626373832,-0.368124552684678,0.738274273593601,0.656243798749868,-0.363028484414821,-0.376991118430775,0.565420560747664,-0.0820304748437333,-0.0139626340159547,18
0.927213113298413,0.372737281660546,-0.0366437087065563,0.930965060274484,0.364841217611584,0.0139621803391453,0.382227106186758,0.373500459926786,-0.0366519142918809,0.0139626340159546,0.566270178419711,-0.00872664625997155,0.0506145483078356,9
0.9543713347064,0.192435016591136,0.228350870110656,0.96046400744421,0.183218308283712,0.209618562903822,0.198967534727354,0.188495559215388,0.230383461263251,0.211184839491314,0.566907391673747,-0.0104719755119658,-0.0191986217719376,2
0.986831667429121,-0.00688949663276706,0.161603821103361,0.984921659170457,0.0309524100929496,0.170209499166033,6.27620399017161,0.0314159265358979,0.162315620435473,0.171042266695444,0.566907391673747,0.0383972435438746,0.00872664625997166,18
0.986421361849603,-0.0292763025597114,-0.161603821103361,0.978411830270699,-0.0907645212492431,-0.185666615385577,6.25351470989568,6.19068285682389,-0.162315620435473,-0.186750229963393,0.566907391673747,-0.0628318530717964,-0.0244346095279206,107
0.912036323344063,0.39656467980387,0.104528463267653,0.870880443917662,0.482736912796766,0.0923705874465616,0.410152374218667,0.506145483078356,0.10471975511966,0.0925024503556995,0.567119796091759,0.0959931088596884,-0.0122173047639603,195
0.862774756980655,-0.480214269341612,-0.158158067254484,0.872437463989205,-0.465838222357936,-0.147809411129611,5.77529449484924,5.79274778736918,-0.158824961931484,-0.148352986419518,0.567544604927782,0.0174532925199431,0.010471975511966,56
0.797156490923216,0.515703661587294,0.313992455967405,0.803891774461233,0.508199283884819,0.309016994374947,0.574213323906134,0.563741348394168,0.319395253114962,0.314159265358979,0.568181818181818,-0.0104719755119658,-0.005235987755983,15
0.895483071145094,0.317107186879306,0.312334918512233,0.892779191478292,0.321420286755104,0.315649036947102,0.340339204138894,0.345575191894877,0.317649923862968,0.321140582366957,0.568181818181818,0.00523598775598311,0.00349065850398861,32
0.314113600692158,0.933369678237493,0.17364817766693,0.379600677322455,0.903034326813743,0.201077921145965,1.24616508592395,1.17286125734019,0.174532925199433,0.202458193231342,0.56839422259983,-0.0733038285837617,0.0279252680319093,16
0.424732920184665,-0.87470292591576,0.233445363855905,0.400374975995156,-0.878542702191379,0.260504508642648,5.16442925665122,5.1399946471233,0.235619449019234,0.263544717051144,0.568606627017842,-0.02443460952792,0.0279252680319093,2
-0.192291772311046,-0.93677247001553,0.292371704722737,-0.237048879620021,-0.923244430169203,0.302369890750444,4.50993078715335,4.46106156809751,0.296705972839036,0.307177948351002,0.569031435853866,-0.0488692190558417,0.010471975511966,6
-0.529772519860131,-0.797371743640378,0.289031796944472,-0.501426240945192,-0.811878272562105,0.299040792256087,4.1259583517146,4.15911960750249,0.293215314335047,0.303687289847013,0.569243840271878,0.033161255787892,0.0104719755119659,8
-0.362157048117565,-0.924115866997624,-0.121869343405147,-0.342724398584675,-0.931497638082229,-0.121869343405147,4.3388885204579,4.35983247148183,-0.122173047639603,-0.122173047639603,0.570305862361937,0.0209439510239315,0,25
-0.691785709689073,-0.658778628227368,0.295708050044047,-0.688354963913315,-0.660108677264884,0.300705799504273,3.90255620745932,3.90604686596331,0.300196631343025,0.305432619099008,0.570305862361937,0.00349065850398933,0.005235987755983,7
-0.885793253225946,-0.313675842389695,0.342020143325669,-0.882799000408991,-0.283435751178662,0.374606593415912,3.48193185772869,3.45226126044478,0.349065850398866,0.383972435438752,0.570518266779949,-0.0296705972839035,0.0349065850398866,175
-0.814691016223972,-0.457183276077968,0.356737999319625,-0.828478996174471,-0.427609896062618,0.361624570082092,3.65297412442413,3.61806753938425,0.364773813666815,0.370009801422798,0.570730671197961,-0.0349065850398866,0.00523598775598294,13
-0.916867287133205,0.376034679121557,0.133986185418292,-0.914219747748163,0.382426404611842,0.133986185418292,2.75238423039506,2.74540291338708,0.134390352403563,0.134390352403563,0.570943075615973,-0.00698131700797688,0,15
-0.986534595962081,-0.00860935698997051,-0.163325962241622,-0.982588217552392,0.0704327992083608,-0.17192910027941,3.15031929984976,3.07003415425803,-0.164060949687467,-0.172787595947439,0.571155480033985,-0.080285145591739,-0.00872664625997163,16
-0.381713144959877,0.90364157262213,-0.194234351219972,-0.322172604138528,0.91998054264408,-0.223250116010951,1.9704767255016,1.9076448724298,-0.195476876223365,-0.225147473507269,0.571367884451997,-0.062831853071796,-0.0296705972839036,22
-0.839967257567544,0.456065010005965,-0.294040325232304,-0.850006360172416,0.451956398675917,-0.270600445975864,2.64417381677141,2.65290046303138,-0.29845130209103,-0.27401669256311,0.57179269328802,0.00872664625997199,0.0244346095279206,6
-0.0569167989750339,0.98711684164318,0.14953534344371,-0.0500240923367792,0.987490137291028,0.14953534344371,1.62839219211071,1.62141087510273,0.150098315671512,0.150098315671512,0.57179269328802,-0.00698131700797688,0,253
-0.973269335762343,0.14198464093956,-0.18051914525056,-0.975626111420498,0.131909825616953,-0.175366726091987,2.99673032567426,3.00720230118623,-0.18151424220741,-0.176278254451427,0.572005097706032,0.0104719755119667,0.005235987755983,22
0.560041296549387,0.79685816240812,0.226651307436855,0.574073561527713,0.790144471107241,0.214735327167063,0.958185759344887,0.942477796076938,0.228638132011257,0.216420827247297,0.572217502124044,-0.0157079632679489,-0.0122173047639603,8
-0.927484384497081,0.290655987655027,-0.23514211310259,-0.9191696108593,0.296883695013692,-0.258819045102521,2.83790536374278,2.82917871748281,-0.237364778271229,-0.261799387799149,0.57285471537808,-0.00872664625997155,-0.0244346095279206,22
0.164394193184966,0.982380961354446,-0.0888942968664415,0.0884073246070434,0.990584648236953,-0.104528463267653,1.40499004785544,1.48178453494319,-0.0890117918517108,-0.10471975511966,0.573916737468139,0.0767944870877502,-0.015707963267949,28
0.281136414460363,0.886254269482002,0.368124552684678,0.214442989581742,0.914282351648858,0.343659694585616,1.26361837844389,1.34041286553164,0.376991118430775,0.35081117965086,0.573916737468139,0.0767944870877502,-0.0261799387799149,11
0.59679426083953,0.794855327212677,-0.109734311091045,0.571532769712684,0.813208874837162,-0.109734311091045,0.926769832808989,0.958185759344887,-0.109955742875643,-0.109955742875643,0.573916737468139,0.0314159265358978,0,4
0.868755969347972,0.485531300120663,0.0975828997591495,0.86801833589563,0.491101145417596,0.0732381971276317,0.509636141582344,0.514872129338327,0.0977384381116825,0.0733038285837618,0.573916737468139,0.00523598775598311,-0.0244346095279206,64
0.715528127343428,0.619809906873069,0.322265695230511,0.693153934938226,0.646376501345579,0.31895930929807,0.713839664065681,0.750491578357562,0.328121899374934,0.324631240870945,0.574341546304163,0.0366519142918809,-0.00349065850398866,88
0.852609261386353,0.42138574321599,0.309016994374947,0.856487884174952,0.412199782063765,0.310676429630732,0.459021593274509,0.448549617762543,0.314159265358979,0.315904594610974,0.574341546304163,-0.0104719755119658,0.00174532925199433,6
0.977764995079885,-0.0941480607371127,0.187381314585725,0.971324365602569,-0.066218252064471,0.228350870110656,6.1871921983199,6.21511746635181,0.188495559215388,0.230383461263251,0.574553950722175,0.0279252680319093,0.0418879020478639,91
0.945293420071882,-0.287202100166196,0.154710386299468,0.958349775772093,-0.238943435618466,0.156434465040231,5.98822466359255,6.03883921190038,0.155334303427495,0.15707963267949,0.575403568394223,0.0506145483078351,0.00174532925199433,13
0.926582068171857,-0.357538263752373,-0.116670737099333,0.952038162132913,-0.285625136869917,-0.109734311091045,5.91492083500878,5.99171532209653,-0.11693705988362,-0.109955742875643,0.575403568394223,0.0767944870877511,0.00698131700797734,2
0.800743121075255,0.556530967020898,0.221548497619467,0.776735635246358,0.58957443647176,0.221548497619467,0.607374579694027,0.649262481741891,0.223402144255274,0.223402144255274,0.576040781648258,0.041887902047864,0,27
0.916966414173169,-0.357510265620928,-0.177084740319583,0.944770943385305,-0.287043359611691,-0.158158067254484,5.91143017650479,5.98822466359255,-0.178023583703422,-0.158824961931484,0.576040781648258,0.0767944870877511,0.0191986217719376,43
0.77317377923282,-0.599735059031695,0.20620418539663,0.8567565696234,-0.463246549090555,0.226651307436855,5.62345084992573,5.7875117996132,0.207694180987325,0.228638132011257,0.576040781648258,0.164060949687467,0.020943951023932,11
0.0508496657724011,-0.938912175492254,0.34037955021305,0.0527896708454479,-0.915539420605841,0.398749068925246,4.76649418719651,4.7699848457005,0.347320521146872,0.410152374218667,0.576890399320306,0.00349065850398844,0.0628318530717959,6
0.892517860602239,0.255925378235015,-0.371367835550235,0.891262977547351,0.218915184073136,-0.397147890634781,0.279252680319093,0.240855436775218,-0.380481776934764,-0.408407044966673,0.57731520815633,-0.0383972435438751,-0.0279252680319093,13
0.98086989323125,0.136106945163267,0.139173100960065,0.972410581118253,0.197839168712444,0.123601476740493,0.137881010907552,0.200712863979348,0.139626340159546,0.123918376891597,0.578164825828377,0.062831853071796,-0.015707963267949,9
-0.0399263462013632,-0.994079228069212,-0.101056297182946,0.0604691561261533,-0.988661963424321,-0.137444546037147,4.67224640758882,4.77347550420449,-0.101229096615671,-0.137881010907552,0.578164825828377,0.101229096615671,-0.0366519142918809,38
-0.057219696590805,-0.935533769645936,0.348572047321815,-0.125125834433646,-0.937774510074319,0.323917418198149,4.65130245656489,4.57974395723312,0.356047167406843,0.329867228626928,0.578164825828377,-0.0715584993317684,-0.026179938779915,56
-0.364017596561476,-0.887566612227752,0.282341456842876,-0.442813592019557,-0.85793561745599,0.260504508642648,4.32318055718995,4.23591409459024,0.28623399732707,0.263544717051144,0.578164825828377,-0.0872664625997173,-0.0226892802759263,82
0.0208914052010828,-0.997345267978702,0.0697564737441253,0.0661830743228232,-0.99643401605792,0.0523359562429438,4.73333293140862,4.77871149196047,0.0698131700797732,0.0523598775598299,0.578377230246389,0.0453785605518533,-0.0174532925199433,15
-0.85434678331769,-0.373254931846397,0.361624570082092,-0.868467330892841,-0.324706629653893,0.374606593415912,3.55349035706046,3.49938515024863,0.370009801422798,0.383972435438752,0.578802039082413,-0.0541052068118244,0.0139626340159547,113
0.664326906218517,-0.714900893765803,0.218143241396543,0.646913307310642,-0.731202479715934,0.216439613938103,5.46113522949026,5.43670061996234,0.219911485751285,0.218166156499291,0.579651656754461,-0.02443460952792,-0.0017453292519943,22
-0.951543332746449,-0.251408593034779,-0.177084740319583,-0.958309967252254,-0.214207656505178,-0.189095442989891,3.39990138288495,3.36150413934108,-0.178023583703422,-0.190240888467382,0.579651656754461,-0.0383972435438751,-0.0122173047639603,2
-0.960336443939057,-0.223477290929588,0.166768746716102,-0.952448596394898,-0.230421565725973,0.199367934417197,3.37023078560105,3.37895743186102,0.167551608191456,0.200712863979348,0.579651656754461,0.00872664625997199,0.0331612557878923,82
-0.907604245719394,-0.18300511732881,0.377840786818467,-0.908356682036493,-0.126044905612655,0.398749068925246,3.34056018831715,3.27947366449735,0.387463093942741,0.410152374218667,0.579651656754461,-0.0610865238198022,0.0226892802759263,44
-0.0526927765114845,-0.972944240156184,-0.224951054343865,-0.0307469677178298,-0.978384376795377,-0.20449605184179,4.65828377357287,4.68097305384879,-0.226892802759263,-0.205948851735331,0.580076465590484,0.0226892802759266,0.0209439510239319,49
-0.960262163179848,-0.251920062559491,-0.120136838834647,-0.965073423973521,-0.228133690283252,-0.128795596577563,3.39815605363296,3.37372144410504,-0.120427718387609,-0.12915436464758,0.580288870008496,-0.02443460952792,-0.00872664625997165,16
-0.314409440977178,-0.827688695072591,-0.46484204572462,-0.322791303181403,-0.827916880345963,-0.458649554484315,4.34936049596987,4.3406338497099,-0.483456202802429,-0.476474885794452,0.581138487680544,-0.0087266462599711,0.00698131700797727,55
-0.420589333243096,-0.836248807000638,-0.351841648404702,-0.419676528662597,-0.838074662017407,-0.348572047321815,4.2463860701022,4.2481313993542,-0.359537825910832,-0.356047167406843,0.581138487680544,0.00174532925199333,0.00349065850398866,79
-0.969327839168577,-0.131058265798377,-0.207911690817759,-0.983187991090179,0.0274629272668608,-0.18051914525056,3.27598300599336,3.11366738555788,-0.20943951023932,-0.18151424220741,0.581138487680544,-0.162315620435473,0.0279252680319093,20
-0.859618024753284,0.432342825302776,-0.272280247040574,-0.864098292082348,0.423317385293698,-0.272280247040574,2.67558974330731,2.68606171881927,-0.275762021815104,-0.275762021815104,0.581138487680544,0.0104719755119658,0,29
-0.81438252415153,0.568121117936885,-0.118403968306501,-0.774461047361559,0.611632480436111,-0.161603821103361,2.53247274464377,2.47313155007596,-0.118682389135614,-0.162315620435473,0.581350892098556,-0.0593411945678075,-0.0436332312998582,9
-0.854973623515119,0.513719980677531,0.0714974443326859,-0.886343068265281,0.457475770715764,0.0714974443326859,2.60054058547155,2.66511776779534,0.0715584993317675,0.0715584993317675,0.581988105352591,0.0645771823237902,0,128
-0.378457013201703,0.909184579472948,-0.17364817766693,-0.480391117738932,0.856046903668796,-0.190808995376545,1.96524073774561,2.08217779762924,-0.174532925199433,-0.191986217719376,0.581988105352591,0.11693705988362,-0.0174532925199433,16
-0.264287954089488,0.940234341315848,0.214735327167063,-0.320437815888376,0.92017206504994,0.224951054343865,1.84481301935801,1.90589954317781,0.216420827247297,0.226892802759263,0.582412914188615,0.0610865238198017,0.010471975511966,4
-0.194284386877529,0.963543189288046,-0.18395135061272,-0.213151409865213,0.961463877046572,-0.17364817766693,1.76976386152225,1.78896248329419,-0.185004900711399,-0.174532925199433,0.582412914188615,0.0191986217719373,0.010471975511966,19
-0.945144361030483,-0.185429951444025,-0.268919820615266,-0.937713225032095,-0.237277923878314,-0.253757944584806,3.33532420056116,3.38942940737299,-0.272271363311115,-0.256563400043166,0.582625318606627,0.0541052068118244,0.015707963267949,33
0.0532968393050729,0.924335321588703,-0.377840786818467,0.0483170895258638,0.921944989596205,-0.384295322659804,1.51320046147908,1.51843644923507,-0.387463093942741,-0.394444410950718,0.582837723024639,0.00523598775598266,-0.00698131700797733,87
0.762533620892182,0.578794520848381,-0.289031796944472,0.746868829002947,0.620062448364121,-0.240228042477264,0.649262481741891,0.692895713041749,-0.293215314335047,-0.242600766027212,0.583262531860663,0.0436332312998582,0.0506145483078356,77
0.86887414658806,0.489585420404208,0.0732381971276317,0.85835040135309,0.505607026259617,0.0871557427476582,0.513126800086333,0.53232542185827,0.0733038285837618,0.0872664625997165,0.583262531860663,0.0191986217719378,0.0139626340159546,8
0.891843682491815,0.308828564431543,0.330514392713223,0.823317628153685,0.441459038884495,0.356737999319625,0.333357887130917,0.492182849062401,0.336848545634906,0.364773813666815,0.583474936278675,0.158824961931484,0.0279252680319093,29
-0.149480235569187,0.976857713830757,0.152985836284038,-0.154550973082853,0.975796440396363,0.154710386299468,1.7226399717184,1.72787595947439,0.153588974175501,0.155334303427495,0.583687340696686,0.00523598775598311,0.00174532925199433,17
-0.0912328667331085,0.965142917116925,-0.245307385878803,-0.146831371231012,0.959547307864476,-0.240228042477264,1.66504410640259,1.7226399717184,-0.247836753783195,-0.242600766027212,0.583899745114698,0.0575958653158128,0.005235987755983,15
0.938298189823673,-0.256689337915858,0.231747903494157,0.9363848862131,-0.252656032788009,0.243615011786023,6.01614993162445,6.01964059012844,0.23387411976724,0.2460914245312,0.58411214953271,0.00349065850398844,0.0122173047639603,11
0.402081701615784,0.835464065890976,0.374606593415912,0.35678487232482,0.861354877616133,0.361624570082092,1.12224670903235,1.17809724509617,0.383972435438752,0.370009801422798,0.584961767204758,0.0558505360638186,-0.0139626340159547,117
0.998142523507586,-0.0139376044991892,0.0593063735759616,0.997466101221443,-0.0575135335277301,0.0418756537291996,6.26922267316363,6.22558944186377,0.0593411945678072,0.0418879020478639,0.584961767204758,-0.0436332312998582,-0.0174532925199433,121
0.812825464867739,-0.544139221600359,0.207911690817759,0.823983211756506,-0.531020943596092,0.197657340379126,5.6932640200055,5.71071731252545,0.20943951023932,0.198967534727354,0.584961767204758,0.0174532925199431,-0.010471975511966,35
0.888226116772254,-0.45844768452416,0.0296662440851108,0.895404822190079,-0.444482813814032,0.0261769483078731,5.80671042138513,5.82241838465308,0.0296705972839036,0.0261799387799149,0.58517417162277,0.0157079632679498,-0.00349065850398866,13
0.706984929293017,0.694752155080287,0.132256390257122,0.732090965361099,0.670837773776885,0.118403968306501,0.776671517137477,0.74176493209759,0.132645023151569,0.118682389135614,0.586023789294817,-0.0349065850398866,-0.0139626340159546,178
0.23002048976407,-0.965524954326244,-0.121869343405147,0.218601422861688,-0.970011012858047,-0.106264071336233,4.94626310015193,4.93404579538797,-0.122173047639603,-0.106465084371654,0.586236193712829,-0.0122173047639604,0.015707963267949,123
0.730695934773918,-0.604484247874597,-0.317304656405092,0.749322689515614,-0.581234257421853,-0.317304656405092,5.59203492338983,5.62345084992573,-0.322885911618951,-0.322885911618951,0.587298215802889,0.0314159265358986,0,31
0.695980244854037,-0.613589123780805,0.372987782575809,0.736871467301567,-0.557291513725185,0.38268343236509,5.56061899685393,5.63566815468969,0.382227106186758,0.392699081698724,0.587298215802889,0.0750491578357568,0.010471975511966,87
0.272464162926717,-0.925753808808947,0.262189178640865,0.313817817021872,-0.901162017778423,0.299040792256087,4.99862297771176,5.0474921967676,0.265290046303138,0.303687289847013,0.587298215802889,0.0488692190558426,0.0383972435438752,4
0.0472290999663421,-0.965669134263376,0.255445757935791,0.0525846110772068,-0.970947022639259,0.233445363855905,4.76125819944053,4.76649418719651,0.258308729295161,0.235619449019234,0.587298215802889,0.00523598775598355,-0.0226892802759263,4
0.00480533002619969,-0.917742045330649,0.397147890634781,-0.0335532733438253,-0.915047628645222,0.40194777665596,4.71762496814067,4.67573706609281,0.408407044966673,0.413643032722656,0.587298215802889,-0.0418879020478649,0.00523598775598294,6
-0.420090323958192,-0.865141876347535,0.273959218692432,-0.320964618730492,-0.901373367789594,0.290702193598252,4.26034870411816,4.3703044469938,0.277507351067098,0.294960643587042,0.587510620220901,0.109955742875643,0.0174532925199433,38
-0.926980549163507,-0.191968443110105,0.322265695230511,-0.92893997432522,-0.182250777167769,0.322265695230511,3.34579617607313,3.33532420056116,0.328121899374934,0.328121899374934,0.587935429056924,-0.0104719755119662,0,26
-0.981171604351524,-0.0154134752490882,-0.192521966525907,-0.989728125537859,-0.0241884343806724,-0.140901231937583,3.15730061685774,3.16602726311771,-0.193731546971371,-0.141371669411541,0.587935429056924,0.00872664625997155,0.0523598775598299,15
-0.91770454093167,-0.370776702104408,-0.142628933705512,-0.916428981541168,-0.375854916897545,-0.137444546037147,3.52556508902855,3.53080107678453,-0.143116998663535,-0.137881010907552,0.58857264231096,0.00523598775598311,0.00523598775598294,22
-0.524151552139676,0.804046857398959,0.280666708920788,-0.495391692780832,0.817988910072296,0.292371704722737,2.14850030920502,2.11533905341713,0.284488668075076,0.296705972839036,0.588785046728972,-0.0331612557878924,0.0122173047639603,8
-0.288473417740838,0.931907041334365,-0.219846204352837,-0.302955919752366,0.926894801954113,-0.221548497619467,1.87099295813792,1.88670092140587,-0.22165681500328,-0.223402144255274,0.589209855564996,0.0157079632679489,-0.00174532925199436,11
-0.956595866348466,0.0484590560858376,0.287360519849712,-0.961660769224932,0.0537651840317237,0.268919820615266,3.09097810528196,3.08574211752597,0.291469985083053,0.272271363311115,0.589422259983008,-0.00523598775598222,-0.0191986217719377,13
-0.483900746518293,0.848368320239207,-0.214735327167063,-0.459488360738457,0.860545229942933,-0.219846204352837,2.08915911463721,2.0612338466053,-0.216420827247297,-0.22165681500328,0.58963466440102,-0.0279252680319093,-0.00523598775598297,18
0.609205680654132,0.785383231058641,0.109734311091045,0.450913346394273,0.888798759476521,0.0819385086300409,0.91106186954104,1.10130275800842,0.109955742875643,0.0820304748437335,0.589847068819031,0.190240888467382,-0.0279252680319093,29
0.669053451416411,0.725046280733607,0.163325962241622,0.653637467624516,0.736209598074616,0.175366726091987,0.825540736193318,0.844739357965256,0.164060949687467,0.176278254451427,0.590271877655055,0.0191986217719378,0.0122173047639603,17
0.79262159225621,0.524624787406324,0.310676429630732,0.814911870014158,0.495474183237153,0.300705799504273,0.5846852994181,0.546288055874225,0.315904594610974,0.305432619099008,0.590271877655055,-0.0383972435438755,-0.010471975511966,95
0.702991506118222,0.67179327506296,-0.233445363855905,0.638972534832167,0.737650070130252,-0.218143241396543,0.762708883121522,0.856956662729216,-0.235619449019234,-0.219911485751285,0.590484282073067,0.0942477796076937,0.015707963267949,53
0.0343586654831197,0.983903447237582,-0.175366726091987,-0.0120764306407785,0.98842011517427,-0.151260820247219,1.53588974175501,1.58301363155886,-0.176278254451427,-0.151843644923507,0.591121495327103,0.0471238898038471,0.0244346095279206,17
0.835011016647588,0.523801423299863,0.168489379565003,0.829800224656436,0.528641045539992,0.17880221511635,0.56025068989018,0.567232006898157,0.16929693744345,0.179768912955416,0.591546304163127,0.00698131700797733,0.010471975511966,17
0.930243072041589,-0.318493391088776,0.182235525492147,0.968316711600663,-0.127481313537841,0.214735327167063,5.95331807855266,6.15228561328001,0.183259571459405,0.216420827247297,0.591546304163127,0.198967534727354,0.0331612557878923,62
0.79097947383257,0.492341360780727,0.363251230472978,0.806601261052547,0.467570396818899,0.361624570082092,0.556760031386191,0.525344104850293,0.371755130674792,0.370009801422798,0.59197111299915,-0.0314159265358978,-0.00174532925199433,3
0.846674022863419,-0.486859156507023,0.214735327167063,0.873723149353943,-0.441349320905954,0.20449605184179,5.76133186083328,5.81543706764511,0.216420827247297,0.205948851735331,0.59197111299915,0.0541052068118235,-0.010471975511966,43
0.497895079754396,-0.835226766603267,0.233445363855905,0.46675851107621,-0.852551862928918,0.23514211310259,5.24995038999894,5.21329847570706,0.235619449019234,0.237364778271229,0.592183517417162,-0.0366519142918822,0.00174532925199433,75
0.247091272678385,-0.962356968779669,-0.113203213767907,0.237138266791395,-0.965454080518725,-0.107999355706023,4.96371639267187,4.95324441715991,-0.113446401379631,-0.108210413623648,0.592395921835174,-0.0104719755119653,0.00523598775598298,6
-0.128486028753629,-0.914225598742957,-0.384295322659804,-0.0978165934126196,-0.915292903546536,-0.390731128489274,4.57276264022514,4.60592389601304,-0.394444410950718,-0.401425727958696,0.592820730671198,0.033161255787892,-0.00698131700797727,6
-0.192435016591137,-0.9543713347064,0.228350870110656,-0.153592720755084,-0.958911396191879,0.238533457578581,4.51342144565734,4.5535640184532,0.230383461263251,0.240855436775218,0.592820730671198,0.0401425727958689,0.010471975511966,82
0.802495906980315,-0.570304156270687,0.175366726091987,0.804469653795831,-0.569596264994265,0.168489379565003,5.66533875197359,5.66708408122559,0.176278254451427,0.16929693744345,0.593882752761257,0.00174532925199422,-0.00698131700797733,5
-0.29547084285962,-0.903994180405659,0.309016994374947,-0.288533543883135,-0.909572975973391,0.299040792256087,4.39648438577372,4.40521103203369,0.314159265358979,0.303687289847013,0.593882752761257,0.00872664625997199,-0.010471975511966,24
-0.403208224666918,-0.860757389531367,0.310676429630732,-0.412111934659549,-0.867905718597905,0.277314653302378,4.27431133813411,4.26907535037813,0.315904594610974,0.280998009571087,0.593882752761257,-0.00523598775598266,-0.0349065850398866,181
-0.482617536425702,-0.781424384657017,0.395545502562965,-0.482970153774387,-0.772913813581418,0.411514358605109,4.15911960750249,4.1538836197465,0.406661715714679,0.424115008234622,0.593882752761257,-0.00523598775598266,0.0174532925199433,10
0.695916942664559,-0.676749655722081,0.240228042477264,0.684000656340518,-0.686392445937258,0.246999012722743,5.51174977779809,5.49604181453014,0.242600766027212,0.249582083035189,0.594307561597281,-0.0157079632679489,0.00698131700797733,19
-0.934558387680778,-0.287507700943195,-0.209618562903822,-0.926876232671205,-0.330045780428595,-0.17880221511635,3.44004395568082,3.48367718698068,-0.211184839491314,-0.179768912955416,0.594732370433305,0.0436332312998577,0.0314159265358979,13
0.167359325369004,-0.968907152136175,-0.182235525492147,0.224599401176254,-0.957584433451837,-0.18051914525056,4.88343124708013,4.94277244164794,-0.183259571459405,-0.18151424220741,0.595369583687341,0.0593411945678071,0.00174532925199433,48
-0.0801398110178508,-0.996044169102698,0.0383878090875199,-0.043555557821452,-0.997586284673672,0.0540788129847753,4.63210383479295,4.66875574908483,0.0383972435438752,0.0541052068118242,0.595369583687341,0.0366519142918813,0.015707963267949,470
-0.882107222395693,0.0385136330762046,-0.469471562785891,-0.894188236835671,-0.08295133471622,-0.439939169855915,3.09795942228993,3.23409510394549,-0.488692190558412,-0.45553093477052,0.596006796941376,0.136135681655558,0.0331612557878923,6
-0.943166961423512,0.0477787771092894,0.328866646738583,-0.943894488938784,0.0643482706747914,0.323917418198149,3.09097810528196,3.07352481276201,0.335103216382911,0.329867228626928,0.596006796941376,-0.0174532925199431,-0.005235987755983,6
-0.834050588074786,0.394253906803325,0.385906042324319,-0.80686999362516,0.447255340812064,0.385906042324319,2.70002435283523,2.63544717051144,0.396189740202713,0.396189740202713,0.596006796941376,-0.0645771823237897,0,58
-0.955255082662507,-0.00666904690298677,0.295708050044047,-0.953623986243609,-0.0133159680588464,0.300705799504273,3.14857397059777,3.15555528760575,0.300196631343025,0.305432619099008,0.597281223449448,0.00698131700797688,0.005235987755983,40
-0.614213923579073,0.726824026554065,0.307356617799807,-0.588800516200636,0.75092513387735,0.299040792256087,2.27241868609662,2.23576677180474,0.312413936106985,0.303687289847013,0.597281223449448,-0.0366519142918809,-0.0087266462599716,17
-0.604966781714588,0.782735550353967,-0.146083028562412,-0.62523322897423,0.763885734392721,-0.159881187691835,2.22878545479676,2.25671072282867,-0.146607657167524,-0.160570291183478,0.597281223449448,0.0279252680319093,-0.0139626340159546,113
-0.529682473201101,0.803305635891526,-0.272280247040574,-0.563126894163007,0.783673998339842,-0.262189178640865,2.153736296961,2.19387886975687,-0.275762021815104,-0.265290046303138,0.597281223449448,0.0401425727958693,0.010471975511966,4
-0.512898794437564,0.836974763029261,-0.190808995376545,-0.516335168564512,0.836017883561543,-0.185666615385577,2.12057504117311,2.1240656996771,-0.191986217719376,-0.186750229963393,0.597281223449448,0.00349065850398844,0.005235987755983,80
-0.972053171313698,-0.086753434352719,-0.218143241396543,-0.983174761157787,0.0566895000443862,-0.17364817766693,3.2306044454415,3.08399678827398,-0.219911485751285,-0.174532925199433,0.597706032285472,-0.146607657167524,0.0453785605518525,18
-0.879895188014701,0.463916105011904,-0.102792536787247,-0.92805141664836,0.348831594328132,-0.130526192220052,2.65639112153537,2.78205482767896,-0.102974425867665,-0.130899693899575,0.597706032285472,0.125663706143592,-0.0279252680319093,29
-0.666125937610584,0.734634555098418,0.128795596577563,-0.655358891577994,0.745979372046531,0.118403968306501,2.3073252711365,2.29161730786856,0.12915436464758,0.118682389135614,0.597918436703483,-0.015707963267948,-0.010471975511966,17
-0.99037951952504,0.034584814910682,-0.133986185418292,-0.989985960649274,0.00863947659329357,-0.140901231937583,3.10668606854991,3.13286600732982,-0.134390352403563,-0.141371669411541,0.598555649957519,0.0261799387799151,-0.00698131700797733,27
0.618212265557707,0.752623929696081,0.226651307436855,0.647278551617616,0.716357367235554,0.260504508642648,0.883136601509131,0.836012711705284,0.228638132011257,0.263544717051144,0.598555649957519,-0.0471238898038471,0.0349065850398866,6
-0.83788231160409,0.472122418864449,0.273959218692432,-0.808412379266899,0.526997400042599,0.262189178640865,2.62846585350346,2.56388867117967,0.277507351067098,0.265290046303138,0.598980458793543,-0.0645771823237902,-0.0122173047639603,69
0.775994410927378,0.572112421360351,0.265556117486809,0.836479185513789,0.465578342019083,0.289031796944472,0.635299847725936,0.50789081233035,0.268780704807127,0.293215314335047,0.598980458793543,-0.127409035395586,0.0244346095279206,10
0.0639198620091665,0.988444863411901,-0.137444546037147,0.0912333522348925,0.983465674839524,-0.156434465040231,1.50621914447111,1.4782938764392,-0.137881010907552,-0.15707963267949,0.599192863211555,-0.0279252680319093,-0.0191986217719376,68
0.592461609045528,0.780539344641514,-0.199367934417197,0.615137068936017,0.762347726466356,-0.201077921145965,0.921533845053006,0.891863247769102,-0.200712863979348,-0.202458193231342,0.600042480883602,-0.0296705972839035,-0.00174532925199436,54
0.984554272677648,0.0223426619976492,-0.17364817766693,0.974584043482301,0.145652561197312,-0.170209499166033,0.0226892802759263,0.148352986419518,-0.174532925199433,-0.171042266695444,0.600042480883602,0.125663706143592,0.00349065850398864,80
0.98943705931367,-0.0259093212328351,0.142628933705512,0.990435541180742,-0.012101054939703,0.137444546037147,6.25700536839967,6.27096800241563,0.143116998663535,0.137881010907552,0.600042480883602,0.0139626340159547,-0.00523598775598294,37
0.790764147619415,0.465795680319262,-0.397147890634781,0.793790064340393,0.461996849725932,-0.395545502562965,0.53232542185827,0.527089434102287,-0.408407044966673,-0.406661715714679,0.600679694137638,-0.00523598775598311,0.00174532925199433,48
0.957367753727376,-0.26190618026499,0.121869343405147,0.958438016794726,-0.246085056830276,0.144356201000973,6.01614993162445,6.0318578948924,0.122173047639603,0.144862327915529,0.600679694137638,0.0157079632679498,0.0226892802759263,41
0.923278975405451,-0.380548132643424,0.0523359562429438,0.941627198040955,-0.324228245710077,0.0906325801977802,5.89223155473286,5.95157274930066,0.0523598775598299,0.0907571211037051,0.600679694137638,0.0593411945678071,0.0383972435438753,114
0.959585868960246,0.0368635706737174,0.278991106039229,0.96696432880817,-0.06931286493771,0.245307385878803,0.0383972435438752,6.21162680784782,0.282743338823081,0.247836753783195,0.60089209855565,-0.109955742875645,-0.0349065850398866,6
0.556230756394284,0.824646008916484,-0.102792536787247,0.520357797085779,0.842531074193228,-0.139173100960065,0.977384381116825,1.01752695391269,-0.102974425867665,-0.139626340159546,0.601104502973662,0.0401425727958697,-0.0366519142918809,17
0.527023094658332,-0.820922836890535,0.219846204352837,0.480949895388122,-0.843194927483377,0.240228042477264,5.28311164578684,5.23075176822701,0.22165681500328,0.242600766027212,0.601316907391674,-0.0523598775598302,0.020943951023932,9
-0.013933077825566,-0.997818345458657,0.064532308252958,-0.020896377309202,-0.99758263394123,0.0662739004000001,4.69842634636874,4.69144502936076,0.0645771823237902,0.0663225115757845,0.601741716227698,-0.00698131700797688,0.00174532925199432,35
-0.0992663123286587,-0.977258636278439,0.187381314585725,-0.0585268337827954,-0.985118680531515,0.161603821103361,4.61115988376902,4.65304778581688,0.188495559215388,0.162315620435473,0.601741716227698,0.0418879020478649,-0.026179938779915,8
-0.444053548085414,-0.845797372644242,0.295708050044047,-0.51045523712134,-0.807460339604704,0.295708050044047,4.22893277758226,4.14864763199052,0.300196631343025,0.300196631343025,0.601954120645709,-0.0802851455917404,0,116
0.651511581452902,-0.74160007082995,0.159881187691835,0.689865281029689,-0.704467230713089,0.166768746716102,5.43320996145835,5.48731516827017,0.160570291183478,0.167551608191456,0.602803738317757,0.0541052068118235,0.00698131700797733,29
0.954888491499094,-0.197747900128275,0.221548497619467,0.937468107399219,-0.267044815172329,0.223250116010951,6.07898178469625,6.00567795611249,0.223402144255274,0.225147473507269,0.603440951571793,-0.0733038285837617,0.00174532925199433,32
0.196465926063075,-0.924299511242908,-0.327217898979104,0.209352011815651,-0.921466321542161,-0.327217898979104,4.92182849062401,4.93579112463996,-0.333357887130917,-0.333357887130917,0.603440951571793,0.0139626340159547,0,44
-0.902386739643295,-0.390497612495321,-0.182235525492147,-0.899382187985818,-0.385475698142898,-0.20620418539663,3.54999969855647,3.54650904005248,-0.183259571459405,-0.207694180987325,0.603440951571793,-0.00349065850398933,-0.0244346095279206,129
-0.359379428160544,-0.903080623898359,0.23514211310259,-0.384842553720158,-0.8893186698592,0.246999012722743,4.33365253270192,4.30398193541802,0.237364778271229,0.249582083035189,0.603865760407816,-0.0296705972839044,0.0122173047639603,58
-0.893262433882817,0.342891322215815,0.290702193598252,-0.879892787869389,0.391753509155551,0.268919820615266,2.77507351067098,2.72271363311115,0.294960643587042,0.272271363311115,0.604078164825828,-0.0523598775598293,-0.0226892802759263,162
-0.207718612587836,-0.960736633314427,-0.18395135061272,-0.165105004616682,-0.976159403114572,-0.140901231937583,4.49945881164138,4.54483737219323,-0.185004900711399,-0.141371669411541,0.604927782497876,0.0453785605518524,0.0436332312998582,24
-0.976115643543975,-0.0426181293848788,-0.213030386274977,-0.984927782447108,0.0189115795462532,-0.17192910027941,3.18522588488965,3.12239403181786,-0.214675497995303,-0.172787595947439,0.604927782497876,-0.0628318530717955,0.0418879020478639,8
-0.80394548871094,0.532119910966185,0.265556117486809,-0.79358198996201,0.54745554492878,0.265556117486809,2.55690735417169,2.53770873239976,0.268780704807127,0.268780704807127,0.604927782497876,-0.0191986217719373,0,10
-0.752112182337286,0.544438422503939,0.371367835550235,-0.720038124283424,0.580997523724419,0.379456159529005,2.51501945212383,2.462659574564,0.380481776934764,0.389208423194735,0.604927782497876,-0.0523598775598297,0.00872664625997166,68
-0.649254567670466,0.721070248164837,-0.241921895599668,-0.645750069309093,0.724773989320011,-0.240228042477264,2.30383461263251,2.29859862487653,-0.244346095279206,-0.242600766027212,0.605564995751912,-0.00523598775598311,0.00174532925199436,16
-0.599224204912398,0.745284602366522,-0.292371704722737,-0.623746353433139,0.720072485547905,-0.30403306092549,2.2479840765687,2.28463599086058,-0.296705972839036,-0.308923277602996,0.605564995751912,0.0366519142918809,-0.0122173047639603,7
-0.661212998910036,0.742129201043707,0.109734311091045,-0.688476764897316,0.717936932172575,0.102792536787247,2.29859862487653,2.33525053916841,0.109955742875643,0.102974425867665,0.606202209005947,0.0366519142918817,-0.0069813170079773,8
-0.586274043554013,0.795202767994363,-0.154710386299468,-0.603907180632812,0.784189456987377,-0.142628933705512,2.20609617452083,2.22704012554476,-0.155334303427495,-0.143116998663535,0.606202209005947,0.0209439510239315,0.0122173047639603,27
-0.458535985022572,0.866023774018704,-0.199367934417197,-0.454314883285063,0.869024220250604,-0.195946144242518,2.05774318810131,2.05250720034533,-0.200712863979348,-0.197222205475359,0.606202209005947,-0.00523598775598311,0.00349065850398864,37
-0.406954101472214,-0.905513942051563,0.120136838834647,-0.401488506004655,-0.906010309909995,0.133986185418292,4.29001930140206,4.29525528915804,0.120427718387609,0.134390352403563,0.606627017841971,0.00523598775598177,0.0139626340159546,45
-0.211207541577302,0.960626989303798,-0.18051914525056,-0.173889903642402,0.966439452242971,-0.189095442989891,1.78721715404219,1.74881991049832,-0.18151424220741,-0.190240888467382,0.606627017841971,-0.0383972435438755,-0.00872664625997163,14
-0.791251127551153,0.600592294810389,0.114937150492867,-0.799396895529471,0.589366221056604,0.116670737099333,2.4923301718479,2.50629280586386,0.115191730631626,0.11693705988362,0.606839422259983,0.0139626340159538,0.00174532925199435,32
0.501162806538721,0.844054363548715,-0.190808995376545,0.538133185760941,0.825494640065233,-0.170209499166033,1.03498024643264,0.993092344384774,-0.191986217719376,-0.171042266695444,0.607051826677995,-0.041887902047864,0.0209439510239319,40
0.767398407290446,0.590976331598836,0.248689887164855,0.781183517508418,0.569648818769762,0.255445757935791,0.656243798749868,0.630063859969953,0.251327412287183,0.258308729295161,0.607264231096007,-0.0261799387799151,0.00698131700797733,120
0.956289963536345,0.161744340464058,0.243615011786023,0.978545728673015,0.0581363284878625,0.197657340379126,0.167551608191456,0.0593411945678072,0.2460914245312,0.198967534727354,0.607476635514019,-0.108210413623648,-0.0471238898038469,52
0.60702165315055,0.78823368197892,-0.101056297182946,0.590381002536681,0.800773311645347,-0.101056297182946,0.914552528045029,0.935496479068961,-0.101229096615671,-0.101229096615671,0.607689039932031,0.020943951023932,0,21
0.974285232640574,-0.219564659890649,0.0505929400767133,0.977167972545359,-0.205921589727082,0.0523359562429438,6.06152849217631,6.07549112619226,0.0506145483078356,0.0523598775598299,0.607901444350042,0.0139626340159547,0.00174532925199433,60
0.98263297714165,-0.15211962193217,-0.106264071336233,0.955545580731437,-0.277611654033978,-0.099319749743639,6.12959633300409,6.00044196835651,-0.106465084371654,-0.0994837673636768,0.608326253186066,-0.129154364647579,0.0069813170079773,23
0.923640294270156,-0.341664919465685,-0.17364817766693,0.919479347879408,-0.345609565503305,-0.187381314585725,5.92888346902474,5.92364748126875,-0.174532925199433,-0.188495559215388,0.608326253186066,-0.00523598775598355,-0.0139626340159547,17
0.991782689235588,-0.088514246917669,0.0923705874465616,0.972275347542666,-0.22089553930323,0.0767190281268186,6.19417351532787,6.05978316292431,0.0925024503556995,0.0767944870877505,0.608538657604078,-0.134390352403563,-0.015707963267949,8
0.378800471050461,-0.871181440234987,0.312334918512233,0.353769614957147,-0.875610523118579,0.328866646738583,5.12254135460336,5.09636141582344,0.317649923862968,0.335103216382911,0.60875106202209,-0.0261799387799151,0.0174532925199433,99
0.437209148182181,-0.888526312899607,-0.139173100960065,0.455721152113191,-0.879175226838078,-0.139173100960065,5.1696652444072,5.19060919543114,-0.139626340159546,-0.139626340159546,0.609175870858114,0.0209439510239315,0,21
0.184023690056186,-0.955621473135566,0.230049737188104,0.322428207363036,-0.920710430878411,0.219846204352837,4.90262986885207,5.0492375260196,0.232128790515246,0.22165681500328,0.609175870858114,0.146607657167524,-0.010471975511966,201
0.945562961691935,0.24453920900917,-0.214735327167063,0.939196485890671,0.269310258650037,-0.213030386274977,0.253072741539178,0.279252680319093,-0.216420827247297,-0.214675497995303,0.609388275276126,0.0261799387799151,0.0017453292519943,60
0.588726105830202,-0.789836664628275,-0.17192910027941,0.587807044805778,-0.78860364967118,-0.18051914525056,5.35292481586661,5.35292481586661,-0.172787595947439,-0.18151424220741,0.610450297366185,0,-0.00872664625997166,134
0.340566614893941,-0.851477281464944,0.398749068925246,0.456430766945637,-0.810034115760641,0.368124552684678,5.09287075731945,5.22551578047102,0.410152374218667,0.376991118430775,0.610450297366185,0.132645023151568,-0.0331612557878923,12
-0.542012462919573,-0.768351645951657,0.34037955021305,-0.554758301528933,-0.766368536066414,0.323917418198149,4.09803308368269,4.08581577891873,0.347320521146872,0.329867228626928,0.610450297366185,-0.0122173047639604,-0.0174532925199433,8
-0.70446915255383,-0.692279908164079,-0.156434465040231,-0.677861410747472,-0.716818343708708,-0.163325962241622,3.91826417072727,3.95491608501915,-0.15707963267949,-0.164060949687467,0.610450297366185,0.0366519142918809,-0.00698131700797733,29
-0.0670628070561327,-0.983712745179452,-0.166768746716102,-0.0688591449564381,-0.984731650744565,-0.159881187691835,4.64432113955691,4.64257581030492,-0.167551608191456,-0.160570291183478,0.611087510620221,-0.00174532925199511,0.00698131700797733,141
-0.307244439418281,-0.92902136055715,0.20620418539663,-0.301096908828856,-0.926680999396929,0.224951054343865,4.39299372726973,4.39822971502571,0.207694180987325,0.226892802759263,0.611087510620221,0.00523598775598355,0.0191986217719376,20
-0.760583518213815,-0.560750531349901,0.327217898979104,-0.787109393306155,-0.530911989471677,0.313992455967405,3.77689250131573,3.73500459926787,0.333357887130917,0.319395253114962,0.611299915038233,-0.0418879020478644,-0.0139626340159547,10
-0.491250267133208,-0.753576388112266,0.436801788367702,-0.520052006026942,-0.726400955747004,0.449318998615897,4.13468499797457,4.09105176667471,0.452040276266531,0.466002910282486,0.611512319456245,-0.0436332312998591,0.0139626340159546,20
-0.871830436581993,0.415841786911166,0.258819045102521,-0.880558570977096,0.414359411017124,0.230049737188104,2.69653369433124,2.70176968208722,0.261799387799149,0.232128790515246,0.61214953271028,0.00523598775598355,-0.0296705972839036,133
-0.936487307224041,0.300673180723309,0.18051914525056,-0.95571954437969,0.240060156803095,0.170209499166033,2.8309240467348,2.89550122905859,0.18151424220741,0.171042266695444,0.612361937128292,0.0645771823237906,-0.010471975511966,2
-0.979100865471072,-0.0478860212175465,0.197657340379126,-0.980886536668158,-0.0634310869440473,0.18395135061272,3.19046187264563,3.20616983591358,0.198967534727354,0.185004900711399,0.612786745964316,0.0157079632679484,-0.0139626340159547,21
-0.650459907480472,0.685441722795014,0.327217898979104,-0.577033937721809,0.743907669987304,0.337095258423082,2.33001455141243,2.23053078404875,0.333357887130917,0.343829862642883,0.612999150382328,-0.0994837673636773,0.0104719755119659,9
-0.152681303125555,0.922272988287713,0.355106962408137,-0.0760787439387524,0.925363688200178,0.371367835550235,1.73485727648236,1.65282680163863,0.363028484414821,0.380481776934764,0.61321155480034,-0.0820304748437337,0.0174532925199433,56
-0.968482982005555,-0.0321278894360831,-0.246999012722743,-0.964305196650756,0.0370448689561108,-0.262189178640865,3.17475390937769,3.10319541004592,-0.249582083035189,-0.265290046303138,0.614061172472387,-0.0715584993317675,-0.015707963267949,188
-0.1584710758511,0.967725181379035,-0.195946144242518,-0.1173343200965,0.969598574975204,-0.214735327167063,1.73311194723037,1.69122404518251,-0.197222205475359,-0.216420827247297,0.614061172472387,-0.041887902047864,-0.0191986217719376,1
0.0417786813915862,0.996809140215368,0.0680152906652482,0.0296282522227512,0.998279780965546,0.0505929400767133,1.52890842474703,1.54112572951099,0.0680678408277788,0.0506145483078356,0.614273576890399,0.0122173047639604,-0.0174532925199433,43
-0.279618063366561,0.897750243907456,0.34037955021305,-0.322001890673509,0.884692923647161,0.337095258423082,1.87273828738992,1.91986217719376,0.347320521146872,0.343829862642883,0.614485981308411,0.0471238898038466,-0.00349065850398866,12
0.973451370036384,0.126429258708895,0.190808995376545,0.971714069285972,0.121033385450826,0.202787295356512,0.12915436464758,0.123918376891597,0.191986217719376,0.204203522483337,0.614910790144435,-0.00523598775598311,0.0122173047639603,8
0.989955498434128,0.0970659852928888,-0.102792536787247,0.978062021378592,0.175981133902487,-0.111468932206325,0.0977384381116825,0.178023583703422,-0.102974425867665,-0.111701072127637,0.614910790144435,0.080285145591739,-0.00872664625997165,480
0.855755179530694,-0.480227409787682,-0.192521966525907,0.890691635566098,-0.417230450147873,-0.18051914525056,5.77180383634525,5.84510766492901,-0.193731546971371,-0.18151424220741,0.615335598980459,0.0733038285837617,0.0122173047639603,51
0.447786183239186,-0.828163221139866,0.337095258423082,0.437635094039899,-0.833572019212116,0.337095258423082,5.20806248795108,5.19584518318712,0.343829862642883,0.343829862642883,0.615335598980459,-0.0122173047639604,0,43
0.904939819751637,0.250962022914215,-0.343659694585616,0.908102398257956,0.248428704112114,-0.337095258423082,0.270526034059121,0.267035375555132,-0.35081117965086,-0.343829862642883,0.615548003398471,-0.00349065850398844,0.00698131700797738,22
0.313617178748826,-0.895550082724575,0.315649036947102,0.313171019556599,-0.879486398558032,0.3583679495453,5.0492375260196,5.05447351377558,0.321140582366957,0.366519142918809,0.616185216652506,0.00523598775598266,0.0453785605518526,10
0.16708227126239,-0.96730317993543,-0.190808995376545,0.232327600366413,-0.953046117936661,-0.194234351219972,4.88343124708013,4.95149908790791,-0.191986217719376,-0.195476876223365,0.616185216652506,0.0680678408277782,-0.00349065850398866,30
0.972813173741377,0.226380716904391,0.0488497697956133,0.957505705744927,0.283626111544838,0.0523359562429438,0.228638132011257,0.287979326579064,0.0488692190558412,0.0523598775598299,0.616822429906542,0.0593411945678071,0.00349065850398866,33
0.524172303578322,-0.810247018362317,-0.262189178640865,0.511380830723674,-0.818380400896792,-0.262189178640865,5.28660230429082,5.27089434102288,-0.265290046303138,-0.265290046303138,0.616822429906542,-0.0157079632679489,0,85
0.870518982142971,0.286212078465469,-0.400349032556895,0.859231315218755,0.326391358364899,-0.393941909590951,0.317649923862968,0.363028484414821,-0.411897703470662,-0.404916386462684,0.617247238742566,0.0453785605518524,0.00698131700797733,10
-0.154288658010462,-0.963256277654592,0.219846204352837,-0.209645242500796,-0.953521245602376,0.216439613938103,4.5535640184532,4.49596815313739,0.22165681500328,0.218166156499291,0.617247238742566,-0.057595865315812,-0.00349065850398864,10
0.766063551794981,-0.622562961019612,0.159881187691835,0.813317237644955,-0.556889935196696,0.168489379565003,5.6007615696498,5.68279204449354,0.160570291183478,0.16929693744345,0.61767204757859,0.0820304748437346,0.00872664625997166,86
-0.608917344904618,-0.736054628552432,0.295708050044047,-0.742445260068773,-0.59694131509361,0.30403306092549,4.02123859659494,3.81878040336359,0.300196631343025,0.308923277602996,0.61767204757859,-0.202458193231342,0.00872664625997166,89
-0.80116384650712,-0.520281885317049,0.295708050044047,-0.843447998153575,-0.42605624159074,0.327217898979104,3.71755130674792,3.60934089312427,0.300196631343025,0.333357887130917,0.618309260832625,-0.108210413623649,0.0331612557878923,4
-0.961836026551022,-0.222057343609234,0.159881187691835,-0.957513374410357,-0.247629795878463,0.147809411129611,3.36848545634906,3.39466539512897,0.160570291183478,0.148352986419518,0.618734069668649,0.0261799387799146,-0.0122173047639603,5
-0.956760544173998,-0.199877691388919,-0.211324796455389,-0.939683614235566,-0.260597329878379,-0.221548497619467,3.34754150532512,3.41211868764891,-0.212930168743308,-0.223402144255274,0.618734069668649,0.0645771823237897,-0.010471975511966,8
0.110244542224069,-0.982852236549993,0.147809411129611,0.0793988324089905,-0.986834671183862,0.140901231937583,4.82409005251233,4.79267412597643,0.148352986419518,0.141371669411541,0.618946474086661,-0.0314159265358969,-0.0069813170079773,22
-0.953008653228337,0.180072854435108,0.243615011786023,-0.957428494227003,0.1809079920617,0.224951054343865,2.9548424236264,2.9548424236264,0.2460914245312,0.226892802759263,0.619158878504673,0,-0.0191986217719377,34
-0.913516191100266,0.343368162226308,0.218143241396543,-0.912760347252984,0.34854928346813,0.213030386274977,2.78205482767896,2.77681883992298,0.219911485751285,0.214675497995303,0.619371282922685,-0.00523598775598311,-0.00523598775598294,8
-0.963460217368709,-0.259961517804819,0.064532308252958,-0.962398430424751,-0.265088693024135,0.0593063735759616,3.40513737064094,3.41037335839692,0.0645771823237902,0.0593411945678072,0.620220900594732,0.00523598775598311,-0.005235987755983,9
-0.192668705148618,0.955530300805501,-0.223250116010951,-0.239139117865082,0.952052734668676,-0.190808995376545,1.76976386152225,1.8168877513261,-0.225147473507269,-0.191986217719376,0.620220900594732,0.0471238898038466,0.0331612557878923,342
-0.571632953996467,-0.731656816153589,0.371367835550235,-0.597632994670967,-0.71476104205565,0.363251230472978,4.04916386462684,4.01600260883895,0.380481776934764,0.371755130674792,0.620645709430756,-0.0331612557878929,-0.00872664625997166,12
-0.382047565472296,0.917810327291961,-0.107999355706023,-0.395337715363527,0.909214498320216,-0.130526192220052,1.96524073774561,1.98094870101356,-0.108210413623648,-0.130899693899575,0.620645709430756,0.0157079632679489,-0.0226892802759263,8
-0.445457935309253,0.893450396312081,0.0575640269595673,-0.479222528359848,0.875317856269332,0.064532308252958,2.03330857857339,2.07170582211727,0.0575958653158129,0.0645771823237902,0.620858113848768,0.0383972435438755,0.00698131700797733,10
-0.967432836540204,-0.151495939304544,0.202787295356512,-0.970624693187936,-0.134685306177195,0.199367934417197,3.29692695701729,3.27947366449735,0.204203522483337,0.200712863979348,0.621495327102804,-0.0174532925199431,-0.00349065850398869,23
-0.668983372808265,0.668983372808265,0.323917418198149,-0.639998802711756,0.695993469316257,0.325568154457157,2.35619449019234,2.31430658814448,0.329867228626928,0.331612557878923,0.621495327102804,-0.041887902047864,0.00174532925199439,43
0.405785711943097,0.907145320847556,0.111468932206325,0.469474415186238,0.871908608430207,0.139173100960065,1.15017197706426,1.0768681484805,0.111701072127637,0.139626340159546,0.621495327102804,-0.0733038285837617,0.0279252680319093,327
0.00862146683960528,0.987922247284979,0.154710386299468,-0.145024999136623,0.982107371716678,0.120136838834647,1.56206968053493,1.71740398396242,0.155334303427495,0.120427718387609,0.621707731520816,0.155334303427495,-0.0349065850398866,25
0.679051546390292,0.633225811274056,0.371367835550235,0.678580780607313,0.62398701464618,0.387515586452103,0.750491578357562,0.743510261349584,0.380481776934764,0.397935069454707,0.621920135938828,-0.00698131700797733,0.0174532925199433,12
0.822271068213224,0.435370119770603,-0.366501226724297,0.859866913020274,0.391863928527092,-0.327217898979104,0.486946861306418,0.427605666738611,-0.375245789178781,-0.333357887130917,0.622132540356839,-0.0593411945678071,0.0418879020478639,3
0.964380545750563,0.2422356499793,-0.106264071336233,0.962546872568792,0.247140031684101,-0.111468932206325,0.2460914245312,0.251327412287183,-0.106465084371654,-0.111701072127637,0.622344944774851,0.00523598775598311,-0.00523598775598301,160
0.541668181436853,0.737391873436882,0.40354529635239,0.624885340862721,0.6470877131067,0.436801788367702,0.937241808320955,0.802851455917391,0.41538836197465,0.452040276266531,0.622557349192863,-0.134390352403563,0.0366519142918809,13
0.957944111341448,-0.245958243463726,0.147809411129611,0.965901942430083,-0.226550255294734,0.125333233564304,6.0318578948924,6.05280184591633,0.148352986419518,0.125663706143592,0.623194562446899,0.0209439510239315,-0.0226892802759263,8
0.719859806652192,-0.307046227689904,-0.62251463663762,0.721551970226993,-0.31673917039321,-0.615661475325658,5.8800142499689,5.86954227445693,-0.671951762017817,-0.663225115757845,0.623194562446899,-0.0104719755119653,0.00872664625997155,22
0.43788713268944,-0.841173355527068,0.317304656405092,0.434437571891181,-0.841707375753001,0.320612990585676,5.19235452468313,5.18886386617914,0.322885911618951,0.32637657012294,0.623194562446899,-0.00349065850398755,0.00349065850398866,26
0.528226816616926,0.810298300483743,-0.253757944584806,0.56169524300083,0.787467687940485,-0.253757944584806,0.993092344384774,0.951204442336909,-0.256563400043166,-0.256563400043166,0.624044180118946,-0.041887902047864,0,8
0.85951070770544,-0.441728502616888,0.257132793154696,0.856803531128831,-0.449831910473314,0.252069358243114,5.80845575063713,5.79972910437716,0.260054058547155,0.254818070791172,0.624044180118946,-0.0087266462599711,-0.00523598775598305,18
0.673970135513766,-0.722744484816058,0.152985836284038,0.701057384649978,-0.701057384649978,0.130526192220052,5.46288055874225,5.49778714378214,0.153588974175501,0.130899693899575,0.624044180118946,0.0349065850398862,-0.0226892802759263,26
0.90899124889089,0.165191706913676,-0.38268343236509,0.887169938463325,0.134171838466994,-0.441505852791745,0.179768912955416,0.150098315671512,-0.392699081698724,-0.457276264022514,0.62446898895497,-0.0296705972839035,-0.0645771823237902,10
0.955881445751149,-0.147978266069,-0.253757944584806,0.957880786931928,-0.124406993046575,-0.258819045102521,6.12959633300409,6.15403094253201,-0.256563400043166,-0.261799387799149,0.625955819881054,0.0244346095279218,-0.005235987755983,8
0.571168940279437,-0.803712776294371,-0.166768746716102,0.546415093866409,-0.819314869624565,-0.17364817766693,5.33023553559068,5.30056493830678,-0.167551608191456,-0.174532925199433,0.625955819881054,-0.0296705972839035,-0.00698131700797733,19
-0.710555016168023,-0.648825890412817,0.272280247040574,-0.737777816516493,-0.614693302555969,0.278991106039229,3.88161225643539,3.83623369588354,0.275762021815104,0.282743338823081,0.625955819881054,-0.045378560551852,0.00698131700797727,34
-0.762114365885074,-0.555743354235864,0.332161131883703,-0.778285298628509,-0.534900666106944,0.328866646738583,3.77165651355975,3.74373124552784,0.3385938748869,0.335103216382911,0.626168224299065,-0.0279252680319098,-0.00349065850398866,64
0.0963276192032394,-0.982425058516365,0.159881187691835,0.129811156081889,-0.986013622686617,0.104528463267653,4.81012741849637,4.84328867428426,0.160570291183478,0.10471975511966,0.627017841971113,0.0331612557878911,-0.0558505360638185,19
-0.0558051782571911,-0.967837831722335,0.245307385878803,0.0474396860142138,-0.969974878956399,0.238533457578581,4.65479311506888,4.76125819944053,0.247836753783195,0.240855436775218,0.627017841971113,0.106465084371654,-0.00698131700797727,128
-0.907019241810383,-0.348172066016098,-0.236838146065619,-0.901132030400771,-0.369581180017257,-0.226651307436855,3.5081117965086,3.53080107678453,-0.239110107523223,-0.228638132011257,0.627017841971113,0.0226892802759262,0.010471975511966,50
-0.967032997076418,-0.0795045847411572,-0.241921895599668,-0.969620052556295,-0.0542101770550078,-0.238533457578581,3.22362312843353,3.19744318965361,-0.244346095279206,-0.240855436775218,0.627230246389125,-0.0261799387799151,0.00349065850398864,8
-0.766331560203611,0.571205940947028,-0.294040325232304,-0.674303837906656,0.676661720007495,-0.295708050044047,2.50105681810787,2.35444916094035,-0.29845130209103,-0.300196631343025,0.627655055225149,-0.146607657167524,-0.00174532925199433,136
-0.629725473520853,0.766640338465994,-0.125333233564304,-0.59056638087152,0.795198306429885,-0.137444546037147,2.25845605208066,2.20958683302482,-0.125663706143592,-0.137881010907552,0.627867459643161,-0.0488692190558413,-0.0122173047639603,59
-0.56314317046576,-0.744608744439971,0.3583679495453,-0.580664893840555,-0.732616766331759,0.355106962408137,4.06487182789479,4.04218254761887,0.366519142918809,0.363028484414821,0.628292268479184,-0.0226892802759266,-0.00349065850398866,10
-0.920385132287383,-0.345950027479314,0.182235525492147,-0.917961271056145,-0.350535323144831,0.185666615385577,3.50113047950062,3.50636646725661,0.183259571459405,0.186750229963393,0.628292268479184,0.00523598775598311,0.00349065850398864,20
-0.286798691522116,0.943965645878625,-0.163325962241622,-0.301234568039964,0.938235823986392,-0.170209499166033,1.86575697038194,1.88146493364989,-0.164060949687467,-0.171042266695444,0.628717077315208,0.0157079632679489,-0.00698131700797733,72
0.318357641102463,0.940547134725819,0.118403968306501,0.255376743195095,0.95977635839802,0.116670737099333,1.24441975667196,1.31074226824774,0.118682389135614,0.11693705988362,0.629141886151232,0.0663225115757848,-0.00174532925199432,194
-0.826726320750417,0.555537032575776,0.0888942968664415,-0.857596269839205,0.507181020149242,0.0854169231373675,2.54992603716372,2.60752190247953,0.0890117918517108,0.0855211333477222,0.629566694987256,0.0575958653158133,-0.00349065850398865,68
0.593396697962738,0.685035884965298,0.422618261740699,0.642621400636635,0.635926876334806,0.427357863387192,0.856956662729216,0.780162175641465,0.436332312998582,0.441568300754565,0.630203908241291,-0.0767944870877502,0.00523598775598305,89
0.822694283776623,0.550745820029295,0.140901231937583,0.80674701858901,0.571208729148883,0.151260820247219,0.589921287174083,0.616101225953998,0.141371669411541,0.151843644923507,0.630416312659303,0.0261799387799151,0.010471975511966,103
-0.414551137639175,0.909649449875804,0.0261769483078731,-0.413053466156219,0.910571312022951,0.0157073173118207,1.99840199353351,1.99665666428151,0.0261799387799149,0.015707963267949,0.630841121495327,-0.00174532925199422,-0.010471975511966,29
0.940694178520454,-0.262646533889528,-0.214735327167063,0.917267864066524,-0.344778323386284,-0.199367934417197,6.01091394386847,5.92364748126875,-0.216420827247297,-0.200712863979348,0.631053525913339,-0.0872664625997164,0.015707963267949,21
0.513530875831609,0.818638361092421,-0.257132793154696,0.434077965578584,0.866833666992962,-0.245307385878803,1.01054563690472,1.1065387457644,-0.260054058547155,-0.247836753783195,0.631903143585387,0.0959931088596884,0.0122173047639604,143
0.957481962747228,0.28543777016798,-0.0418756537291996,0.931129827437473,0.361161458174395,-0.0505929400767133,0.289724655831059,0.370009801422798,-0.0418879020478639,-0.0506145483078356,0.631903143585387,0.080285145591739,-0.00872664625997165,19
0.968485929156091,-0.0592351370060628,0.241921895599668,0.966535809806869,-0.0692821483137607,0.246999012722743,6.22209878335978,6.21162680784782,0.244346095279206,0.249582083035189,0.632115548003398,-0.0104719755119671,0.00523598775598297,6
0.570355101954575,0.732653388986307,0.371367835550235,0.580385212342279,0.729644211658908,0.361624570082092,0.909316540289046,0.89884456477708,0.380481776934764,0.370009801422798,0.63232795242141,-0.0104719755119662,-0.010471975511966,14
-0.0753818636293683,-0.957817392669159,-0.277314653302378,-0.107290429920784,-0.941676017884873,-0.31895930929807,4.63384916404495,4.59894257900506,-0.280998009571087,-0.324631240870945,0.632752761257434,-0.0349065850398871,-0.0436332312998582,105
0.367662942909725,-0.919222934466624,-0.140901231937583,0.543409735480564,-0.827262259900071,-0.142628933705512,5.09287075731945,5.2935836212988,-0.141371669411541,-0.143116998663535,0.633177570093458,0.200712863979348,-0.0017453292519943,40
-0.456322031451056,-0.830046693795048,0.320612990585676,-0.444424907556623,-0.835841685500838,0.322265695230511,4.20973415581032,4.22369678982628,0.32637657012294,0.328121899374934,0.63338997451147,0.0139626340159555,0.00174532925199433,30
-0.820368479331054,-0.56593430619069,-0.0819385086300409,-0.811260300646281,-0.578666348711033,-0.0836778433323155,3.74547657477983,3.76118453804778,-0.0820304748437335,-0.0837758040957278,0.633602378929482,0.0157079632679489,-0.00174532925199432,78
-0.80435079049951,-0.494839907935621,0.328866646738583,-0.827257245402884,-0.438010164695176,0.351841648404702,3.69311669722,3.62853951489621,0.335103216382911,0.359537825910832,0.634239592183517,-0.0645771823237902,0.0244346095279206,4
-0.861200251417095,-0.491219950840421,0.130526192220052,-0.84415094557102,-0.529534889905099,0.0836778433323155,3.65995544143211,3.70184334347997,0.130899693899575,0.0837758040957278,0.634239592183517,0.0418879020478635,-0.0471238898038469,139
0.214420703146726,-0.959263083137165,-0.18395135061272,0.148376681346822,-0.958455051875152,-0.243615011786023,4.93230046613598,4.86597795456019,-0.185004900711399,-0.2460914245312,0.634451996601529,-0.0663225115757848,-0.0610865238198016,5
-0.397287778783169,-0.896530830136938,-0.195946144242518,-0.447603788076982,-0.867216452295588,-0.218143241396543,4.29525528915804,4.23591409459024,-0.197222205475359,-0.219911485751285,0.635726423109601,-0.0593411945678071,-0.0226892802759263,53
-0.642632121460859,-0.757765787601508,-0.113203213767907,-0.634661725795456,-0.764453743664684,-0.113203213767907,4.00902129183097,4.01949326734294,-0.113446401379631,-0.113446401379631,0.635726423109601,0.0104719755119671,0,21
-0.894849318241071,-0.261672252935677,-0.361624570082092,-0.894679165694679,-0.275239250325487,-0.351841648404702,3.42608132166487,3.44004395568082,-0.370009801422798,-0.359537825910832,0.635726423109601,0.0139626340159542,0.0104719755119659,30
-0.511090325069267,-0.853969705138998,-0.0975828997591495,-0.455560883543718,-0.886425610070214,-0.0819385086300409,4.17308224151844,4.23765942384223,-0.0977384381116825,-0.0820304748437335,0.636363636363636,0.0645771823237906,0.015707963267949,232
-0.901105590340539,-0.410657476525373,-0.139173100960065,-0.896021337790653,-0.421635636768298,-0.139173100960065,3.5691983203284,3.58141562509236,-0.139626340159546,-0.139626340159546,0.636363636363636,0.01221730476396,0,13
-0.930794639589081,0.214890874751302,0.295708050044047,-0.933704254605968,0.201874005433741,0.295708050044047,2.91469985083053,2.92866248484649,0.300196631343025,0.300196631343025,0.636363636363636,0.0139626340159551,0,11
-0.867993189854555,0.419604302684621,-0.265556117486809,-0.853497784139488,0.444302824141944,-0.272280247040574,2.69129770657526,2.66162710929135,-0.268780704807127,-0.275762021815104,0.63678844519966,-0.0296705972839031,-0.00698131700797738,2
-0.595615895442126,0.787545383364667,-0.158158067254484,-0.590276731535056,0.794808293267479,-0.140901231937583,2.21831347928479,2.20958683302482,-0.158824961931484,-0.141371669411541,0.63678844519966,-0.00872664625997199,0.0174532925199433,93
-0.816763899773311,0.465873903351384,0.34037955021305,-0.802504316042301,0.495636767400499,0.332161131883703,2.62322986574748,2.58832328070759,0.347320521146872,0.3385938748869,0.637213254035684,-0.0349065850398866,-0.00872664625997166,10
-0.529642368630363,0.665851714175914,0.525471651072268,-0.510292762225995,0.679646147941874,0.526955795496678,2.24274808881271,2.2148228207808,0.553269372882202,0.555014702134197,0.637213254035684,-0.0279252680319089,0.00174532925199433,28
0.412130575871793,0.879804569776598,-0.236838146065619,0.376490427002912,0.895635333684064,-0.236838146065619,1.13271868454432,1.17286125734019,-0.239110107523223,-0.239110107523223,0.637425658453696,0.0401425727958697,0,59
0.689963909214501,0.583064709370984,0.428935133403146,0.719533586772768,0.546155718489096,0.428935133403146,0.701622359301721,0.649262481741891,0.44331363000656,0.44331363000656,0.63785046728972,-0.0523598775598302,0,37
0.802804102769006,0.501647679407418,-0.322265695230511,0.808013230711851,0.493213382495033,-0.322265695230511,0.558505360638185,0.548033385126219,-0.328121899374934,-0.328121899374934,0.63785046728972,-0.0104719755119662,0,133
0.854419452953656,0.44858024144851,-0.262189178640865,0.858255156564917,0.462122788802745,-0.223250116010951,0.483456202802429,0.493928178314395,-0.265290046303138,-0.225147473507269,0.638700084961767,0.0104719755119662,0.0401425727958696,22
0.970808257954802,0.0678855264872124,0.230049737188104,0.976421206191084,0.112975788149961,0.18395135061272,0.0698131700797732,0.115191730631626,0.232128790515246,0.185004900711399,0.638700084961767,0.0453785605518524,-0.0471238898038469,68
0.920657273269807,0.340561466491435,-0.190808995376545,0.899528751903856,0.3670908839327,-0.236838146065619,0.354301838154849,0.387463093942741,-0.191986217719376,-0.239110107523223,0.639124893797791,0.0331612557878924,-0.0471238898038469,7
0.504750010683398,-0.833441329587568,0.224951054343865,0.431800464560246,-0.869856395286695,0.238533457578581,5.25693170700692,5.17315590291119,0.226892802759263,0.240855436775218,0.639124893797791,-0.0837758040957279,0.0139626340159547,13
0.889059890503841,-0.321835187480579,-0.325568154457157,0.874750948324778,-0.348105681013076,-0.337095258423082,5.93586478603271,5.90444885949682,-0.331612557878923,-0.343829862642883,0.639337298215803,-0.0314159265358978,-0.0122173047639603,87
0.0489369194543264,-0.966029028277316,0.253757944584806,-0.00168346942297211,-0.964555949353211,0.263873049965373,4.76300352869252,4.7106436511327,0.256563400043166,0.267035375555132,0.639549702633815,-0.0523598775598293,0.010471975511966,57
0.849022075223095,0.440091242881963,-0.292371704722737,0.86223885248716,0.407578438347911,-0.300705799504273,0.478220215046446,0.441568300754565,-0.296705972839036,-0.305432619099008,0.640399320305862,-0.0366519142918809,-0.00872664625997166,36
-0.109744329180483,-0.963213615272352,-0.245307385878803,-0.144574035404958,-0.944795552182591,-0.294040325232304,4.59894257900506,4.56054533546118,-0.247836753783195,-0.29845130209103,0.640399320305862,-0.0383972435438755,-0.0506145483078355,80
-0.14826364420188,-0.93609980815086,-0.31895930929807,-0.200820520591658,-0.905842829942632,-0.372987782575809,4.5553093477052,4.4942228238854,-0.324631240870945,-0.382227106186758,0.640399320305862,-0.0610865238198013,-0.0575958653158128,6
0.876775669646755,-0.442891259859134,0.187381314585725,0.894353349300857,-0.403816021226668,0.192521966525907,5.81543706764511,5.85907029894496,0.188495559215388,0.193731546971371,0.641036533559898,0.0436332312998582,0.00523598775598297,15
0.480745553746774,-0.816143996375895,0.320612990585676,0.450628300878526,-0.836907575852456,0.310676429630732,5.24471440224296,5.20631715869909,0.32637657012294,0.315904594610974,0.641036533559898,-0.0383972435438755,-0.010471975511966,17
-0.410409227422613,-0.908955682378337,-0.0732381971276317,-0.444065760337046,-0.894564673408622,-0.0505929400767133,4.28827397215007,4.25162205785819,-0.0733038285837618,-0.0506145483078356,0.641036533559898,-0.0366519142918804,0.0226892802759263,6
0.323947886932468,-0.885229206070651,0.333806859233771,0.321835187480579,-0.889059890503841,0.325568154457157,5.06320016003555,5.05970950153156,0.340339204138894,0.331612557878923,0.641461342395922,-0.00349065850398933,-0.00872664625997166,7
-0.998136771362175,-0.031367711724479,0.0523359562429438,-0.998386393057019,-0.0418447878720413,0.0383878090875199,3.17300858012569,3.18348055563766,0.0523598775598299,0.0383972435438752,0.641886151231946,0.0104719755119662,-0.0139626340159546,69
-0.990584648236953,0.0884073246070433,-0.104528463267653,-0.991440259257533,0.0867397832482372,-0.0975828997591495,3.05258086173808,3.05432619099008,-0.10471975511966,-0.0977384381116825,0.641886151231946,0.00174532925199422,0.00698131700797731,37
-0.907795090678835,-0.409885200176862,-0.0888942968664415,-0.865370861485148,-0.49761031555397,-0.0593063735759616,3.56570766182442,3.6634460999361,-0.0890117918517108,-0.0593411945678072,0.642948173322005,0.0977384381116826,0.0296705972839036,259
-0.882240630518908,0.336894936923249,0.328866646738583,-0.90492867628372,0.30278489956774,0.299040792256087,2.77681883992298,2.81870674197084,0.335103216382911,0.303687289847013,0.642948173322005,0.041887902047864,-0.0314159265358979,53
-0.920069072771652,0.356871274178667,0.161603821103361,-0.932941471004241,0.326711456699306,0.151260820247219,2.771582852167,2.80474410795489,0.162315620435473,0.151843644923507,0.642948173322005,0.033161255787892,-0.010471975511966,163
-0.812031214056387,0.476415883600438,-0.337095258423082,-0.812728647647765,0.498040755822452,-0.302369890750444,2.61101256098352,2.59181393921158,-0.343829862642883,-0.307177948351002,0.642948173322005,-0.0191986217719378,0.0366519142918809,12
-0.834661916427644,-0.548270401307119,-0.0523359562429438,-0.786430700289348,-0.612219596587605,-0.0819385086300409,3.72278729450391,3.80307244009564,-0.0523598775598299,-0.0820304748437335,0.643585386576041,0.080285145591739,-0.0296705972839036,3
-0.854756758999809,0.49150693592551,0.166768746716102,-0.879561115577075,0.444298289844177,0.170209499166033,2.61973920724349,2.67384441405531,0.167551608191456,0.171042266695444,0.643585386576041,0.054105206811824,0.00349065850398869,19
-0.792434027115761,0.512648562739141,0.330514392713223,-0.833087144688176,0.459888811398978,0.307356617799807,2.56737932968366,2.63719249976343,0.336848545634906,0.312413936106985,0.643585386576041,0.0698131700797733,-0.0244346095279207,10
-0.960262163179848,-0.116204490125187,-0.253757944584806,-0.970045775948019,-0.0916963233449898,-0.224951054343865,3.2620203719774,3.23584043319749,-0.256563400043166,-0.226892802759263,0.643797790994053,-0.0261799387799151,0.0296705972839036,26
-0.817332759169085,-0.477610701792419,0.322265695230511,-0.81933395489317,-0.473042679413773,0.323917418198149,3.67042741694408,3.66519142918809,0.328121899374934,0.329867228626928,0.644222599830076,-0.00523598775598311,0.00174532925199428,9
0.214490412655059,0.959574945550197,-0.182235525492147,0.242378319198155,0.950888028522641,-0.192521966525907,1.35088484104361,1.32121424375971,-0.183259571459405,-0.193731546971371,0.644222599830076,-0.0296705972839035,-0.010471975511966,44
-0.903628411149357,0.323545812934217,-0.280666708920788,-0.917032006405673,0.315759442075898,-0.243615011786023,2.79776279094691,2.80998009571087,-0.284488668075076,-0.2460914245312,0.6446474086661,0.01221730476396,0.0383972435438752,14
-0.567245337721669,0.79819173114924,0.202787295356512,-0.545296598751752,0.808435453572101,0.221548497619467,2.18864288200089,2.16420827247297,0.204203522483337,0.223402144255274,0.6446474086661,-0.0244346095279204,0.0191986217719376,54
-0.736182288858921,0.655914493428206,-0.166768746716102,-0.746955850446298,0.647033454606886,-0.152985836284038,2.41379035550816,2.42775298952411,-0.167551608191456,-0.153588974175501,0.644859813084112,0.0139626340159542,0.0139626340159546,14
0.78895155975358,0.524178163061093,-0.320612990585676,0.784792033533306,0.527358360989962,-0.325568154457157,0.586430628670095,0.591666616426078,-0.32637657012294,-0.331612557878923,0.645072217502124,0.00523598775598266,-0.005235987755983,13
-0.910020214107639,0.407071713845431,0.0784590957278449,-0.934390502872368,0.349354293680081,0.0697564737441253,2.72096830385916,2.78380015693096,0.0785398163397448,0.0698131700797732,0.645284621920136,0.062831853071796,-0.00872664625997165,69
0.701345804158254,0.686808554309719,-0.190808995376545,0.740079277312011,0.643341100699949,-0.195946144242518,0.774926187885482,0.715584993317675,-0.191986217719376,-0.197222205475359,0.645921835174172,-0.0593411945678071,-0.005235987755983,114
0.818174118817996,0.535398140996522,-0.209618562903822,0.830320822930633,0.512816592205055,-0.218143241396543,0.579449311662117,0.553269372882202,-0.211184839491314,-0.219911485751285,0.645921835174172,-0.0261799387799151,-0.0087266462599716,35
0.873818935584953,0.47247213595064,0.114937150492867,0.820742721178827,0.561974269885034,0.102792536787247,0.49567350756639,0.600393262686049,0.115191730631626,0.102974425867665,0.645921835174172,0.10471975511966,-0.0122173047639603,30
0.738434687063495,0.667226940864975,0.0975828997591495,0.740759244932088,0.664645257804672,0.0975828997591495,0.734783615089613,0.731292956585624,0.0977384381116825,0.0977384381116825,0.646346644010195,-0.00349065850398844,0,13
0.960714185954555,-0.264624774805627,-0.0836778433323155,0.97412193511444,-0.207056009175274,-0.0906325801977802,6.01440460237246,6.07374579694027,-0.0837758040957278,-0.0907571211037051,0.646346644010195,0.0593411945678062,-0.00698131700797733,64
0.420298540373173,-0.865570681129914,-0.272280247040574,0.46237434507016,-0.851587607199008,-0.246999012722743,5.16442925665122,5.20980781720307,-0.275762021815104,-0.249582083035189,0.646559048428207,0.0453785605518533,0.026179938779915,4
0.742759901984627,-0.588704244095357,0.31895930929807,0.744655472504275,-0.588093455790661,0.315649036947102,5.61297887441376,5.61472420366576,0.324631240870945,0.321140582366957,0.646771452846219,0.00174532925199333,-0.00349065850398872,56
-0.0169772799988958,-0.9726277197314,0.231747903494157,-0.0411062800252233,-0.980766129628201,0.190808995376545,4.69493568786475,4.67050107833683,0.23387411976724,0.191986217719376,0.647196261682243,-0.02443460952792,-0.0418879020478639,21
-0.260588269968069,-0.94605974756357,0.192521966525907,-0.265446902519814,-0.944357431669171,0.194234351219972,4.44360827557756,4.43837228782158,0.193731546971371,0.195476876223365,0.647196261682243,-0.00523598775598266,0.00174532925199433,64
-0.417956526749364,-0.888202831019471,-0.190808995376545,-0.395722432990691,-0.897222862272478,-0.195946144242518,4.27256600888212,4.29700061841004,-0.191986217719376,-0.197222205475359,0.647408666100255,0.02443460952792,-0.005235987755983,15
-0.294743437128602,-0.923553243025504,0.245307385878803,-0.34045373783283,-0.900984673829643,0.268919820615266,4.40346570278169,4.35110582522186,0.247836753783195,0.272271363311115,0.648045879354291,-0.0523598775598302,0.0244346095279206,11
-0.975132298121002,-0.207270768461987,0.0784590957278449,-0.970902178383299,-0.222366283404626,0.0888942968664415,3.35103216382911,3.36674012709706,0.0785398163397448,0.0890117918517108,0.648470688190314,0.0157079632679493,0.010471975511966,4
-0.990666076863901,-0.118129777731146,0.0680152906652482,-0.990006010588216,-0.121557453301311,0.0714974443326859,3.26027504272541,3.2637657012294,0.0680678408277788,0.0715584993317675,0.648470688190314,0.00349065850398844,0.00349065850398865,53
-0.930238501252163,0.362684836143486,0.0558215049931638,-0.912839911151237,0.400708705803818,0.0784590957278449,2.769837522915,2.72794962086714,0.0558505360638185,0.0785398163397448,0.648683092608326,-0.0418879020478631,0.0226892802759263,44
-0.654212310424257,0.752585173527129,0.0749787268263277,-0.689403024318672,0.718902826566212,0.0888942968664415,2.28638132011257,2.33525053916841,0.0750491578357562,0.0890117918517108,0.648895497026338,0.0488692190558417,0.0139626340159546,133
-0.922727328794972,-0.216423741089081,0.31895930929807,-0.918030266617234,-0.244268967027431,0.312334918512233,3.37197611485304,3.40164671213695,0.324631240870945,0.317649923862968,0.649532710280374,0.029670597283904,-0.00698131700797733,84
-0.960962414619508,0.236035007829795,0.144356201000973,-0.941666829461784,0.293296556561868,0.165047605860678,2.90073721681458,2.83965069299477,0.144862327915529,0.165806278939461,0.649532710280374,-0.0610865238198017,0.020943951023932,18
-0.786776861216819,-0.610286691013811,0.0923705874465616,-0.733182926900504,-0.674196261993665,0.0888942968664415,3.80132711084365,3.88510291493938,0.0925024503556995,0.0890117918517108,0.649745114698386,0.0837758040957279,-0.00349065850398865,130
-0.981907223746627,-0.159034267801107,-0.102792536787247,-0.984467874100843,-0.152403678989291,-0.0871557427476582,3.30216294477327,3.29518162776529,-0.102974425867665,-0.0872664625997165,0.650169923534409,-0.00698131700797688,0.015707963267949,22
-0.7871278115976,0.578202860141687,0.214735327167063,-0.820528388261592,0.524749796468754,0.226651307436855,2.50803813511585,2.57261531743964,0.216420827247297,0.228638132011257,0.650169923534409,0.0645771823237902,0.0122173047639603,127
-0.470116424438061,0.841174296935319,-0.267238376078257,-0.456845835744937,0.848454791201963,-0.267238376078257,2.08043246837724,2.06472450510929,-0.270526034059121,-0.270526034059121,0.650594732370433,-0.0157079632679493,0,30
0.481597594193416,0.830799446327524,0.278991106039229,0.495262349434499,0.821005779032847,0.284015344703923,1.0454522219446,1.02799892942466,0.282743338823081,0.287979326579064,0.650594732370433,-0.0174532925199431,0.00523598775598294,25
0.752665692776118,0.611674816344716,0.243615011786023,0.830230363450105,0.510761127442764,0.223250116010951,0.682423737529783,0.551524043630208,0.2460914245312,0.225147473507269,0.650807136788445,-0.130899693899575,-0.020943951023932,15
0.857322001605176,0.500978528335264,0.118403968306501,0.8565894604396,0.504569752790315,0.107999355706023,0.528834763354282,0.53232542185827,0.118682389135614,0.108210413623648,0.651231945624469,0.00349065850398844,-0.010471975511966,6
0.901317586861897,-0.386305211160731,0.195946144242518,0.937485349473805,-0.308229499767251,0.161603821103361,5.8782689207169,5.96553538331662,0.197222205475359,0.162315620435473,0.651656754460493,0.0872664625997164,-0.0349065850398866,36
0.888742906132199,0.437315725265323,-0.137444546037147,0.901032820997998,0.418245510341677,-0.114937150492867,0.457276264022514,0.434586983746588,-0.137881010907552,-0.115191730631626,0.652293967714528,-0.0226892802759262,0.0226892802759263,273
0.817217927359951,-0.545016607220029,0.187381314585725,0.873475625071605,-0.464435228176978,0.146083028562412,5.6950093492575,5.79449311662117,0.188495559215388,0.146607657167524,0.652931180968564,0.0994837673636768,-0.0418879020478639,20
0.0628529173514241,-0.971945829569518,0.226651307436855,0.148118045539436,-0.967955762123233,0.202787295356512,4.77696616270848,4.8642326253082,0.228638132011257,0.204203522483337,0.652931180968564,0.0872664625997173,-0.0244346095279206,31
-0.0379256147132867,-0.987231656765366,0.154710386299468,-0.0705576616481896,-0.984330138412683,0.161603821103361,4.67399173684082,4.64083048105292,0.155334303427495,0.162315620435473,0.652931180968564,-0.0331612557878938,0.00698131700797733,13
0.883453880568999,0.309381148998188,-0.351841648404702,0.882332005120565,0.310718148094303,-0.353474843779257,0.336848545634906,0.3385938748869,-0.359537825910832,-0.361283155162826,0.653143585386576,0.00174532925199422,-0.00174532925199428,27
-0.602211831567514,-0.790516025816607,0.111468932206325,-0.692754240238944,-0.709891645162801,0.12706460860135,4.06138116939081,3.9392081217512,0.111701072127637,0.127409035395586,0.6535683942226,-0.122173047639604,0.0157079632679489,4
-0.750037951810816,-0.66124740329442,-0.0139621803391453,-0.738455340625884,-0.674302387583723,0,3.86415896391545,3.88161225643539,-0.0139626340159546,0,0.6535683942226,0.0174532925199431,0.0139626340159546,8
0.0506541201504042,-0.935301529039258,0.350207381259467,-0.0266584861111431,-0.954388552627012,0.297374874077786,4.76649418719651,4.68446371235278,0.357792496658838,0.301941960595019,0.653993203058624,-0.0820304748437337,-0.0558505360638185,9
-0.935207843766872,-0.340387817983418,-0.0975828997591495,-0.933601455980816,-0.341649616650722,-0.107999355706023,3.49065850398866,3.49240383324065,-0.0977384381116825,-0.108210413623648,0.653993203058624,0.00174532925199422,-0.010471975511966,47
-0.861409097273246,-0.505385715616583,-0.0505929400767133,-0.856591621810228,-0.514692172134716,-0.0366437087065563,3.67217274619607,3.68264472170804,-0.0506145483078356,-0.0366519142918809,0.654418011894647,0.0104719755119662,0.0139626340159546,26
-0.709070071404724,-0.649743010990909,0.273959218692432,-0.722161435069216,-0.634434322666249,0.275637355816999,3.88335758568738,3.86241363466345,0.277507351067098,0.279252680319093,0.654630416312659,-0.0209439510239315,0.00174532925199433,89
-0.774994704983119,0.573465915040694,0.265556117486809,-0.788538582293438,0.562459104519242,0.248689887164855,2.50454747661186,2.52200076913181,0.268780704807127,0.251327412287183,0.654842820730671,0.0174532925199431,-0.0174532925199433,50
-0.53977125826602,0.806300679138608,-0.241921895599668,-0.560935919994688,0.792238209926317,-0.240228042477264,2.16071761396898,2.18689755274889,-0.244346095279206,-0.242600766027212,0.655267629566695,0.0261799387799151,0.00174532925199436,13
0.797486819424962,0.585812307890527,-0.144356201000973,0.800740473133469,0.564860267156585,-0.199367934417197,0.633554518473942,0.614355896702004,-0.144862327915529,-0.200712863979348,0.655480033984707,-0.0191986217719378,-0.0558505360638185,13
0.198282018027214,0.95746764927761,-0.209618562903822,0.126073809305883,0.970714561232201,-0.20449605184179,1.36659280431156,1.44164196214732,-0.211184839491314,-0.205948851735331,0.656117247238743,0.0750491578357559,0.005235987755983,20
0.255905601181414,0.961763952827602,-0.0975828997591495,0.25921646232488,0.960698919001492,-0.099319749743639,1.31074226824774,1.30725160974375,-0.0977384381116825,-0.0994837673636768,0.656117247238743,-0.00349065850398844,-0.00174532925199433,16
0.947319514898949,0.30963174497313,-0.0819385086300409,0.942411230332208,0.326339147858831,-0.0732381971276317,0.315904594610974,0.333357887130917,-0.0820304748437335,-0.0733038285837618,0.656117247238743,0.0174532925199431,0.00872664625997165,22
-0.578202860141687,0.7871278115976,0.214735327167063,-0.573852394857124,0.789840061300431,0.216439613938103,2.20435084526884,2.19911485751286,0.216420827247297,0.218166156499291,0.656329651656754,-0.00523598775598311,0.00174532925199433,84
0.95777309775316,-0.242353852025061,0.154710386299468,0.939282137646451,-0.290756391411976,0.182235525492147,6.03534855339639,5.98298867583656,0.155334303427495,0.183259571459405,0.656542056074766,-0.0523598775598293,0.0279252680319093,26
0.937702985204067,-0.116797080986993,-0.327217898979104,0.909606425360441,-0.201654889608133,-0.363251230472978,6.15926693028799,6.0650191506803,-0.333357887130917,-0.371755130674792,0.65696686491079,-0.0942477796076933,-0.0383972435438752,15
0.995010838796488,-0.0905530800263678,-0.0418756537291996,0.994354416461776,-0.0974973029766159,-0.0418756537291996,6.19242818607588,6.1854468690679,-0.0418879020478639,-0.0418879020478639,0.657391673746814,-0.00698131700797866,0,3
0.336175041745072,-0.913697007452364,0.228350870110656,0.425262073674795,-0.860452420065971,0.280666708920788,5.06494548928754,5.1714105736592,0.230383461263251,0.284488668075076,0.657391673746814,0.106465084371654,0.0541052068118242,4
0.814010808443176,-0.506677103992671,-0.284015344703923,0.84442138967069,-0.46807041953479,-0.260504508642648,5.7264252757934,5.77703982410123,-0.287979326579064,-0.263544717051144,0.657816482582838,0.0506145483078351,0.0244346095279206,62
0.532481866929159,-0.810626169960071,0.243615011786023,0.542781319690357,-0.801684659055474,0.250380004054441,5.2935836212988,5.30754625531476,0.2460914245312,0.253072741539178,0.65802888700085,0.0139626340159547,0.00698131700797733,19
0.671650753144954,-0.67635620420558,0.302369890750444,0.691006947989051,-0.66034058255429,0.294040325232304,5.49429648527815,5.52047642405806,0.307177948351002,0.29845130209103,0.658666100254885,0.0261799387799151,-0.00872664625997166,11
-0.486040287476139,-0.866113605743964,-0.116670737099333,-0.480986751585081,-0.867723069512357,-0.125333233564304,4.20100750955035,4.20624349730633,-0.11693705988362,-0.125663706143592,0.658666100254885,0.00523598775598266,-0.00872664625997165,64
-0.621095705758065,-0.745462219511059,-0.241921895599668,-0.626063047679162,-0.743473770200622,-0.23514211310259,4.01774793809095,4.01251195033496,-0.244346095279206,-0.237364778271229,0.659090909090909,-0.00523598775598266,0.00698131700797733,40
-0.616635136633497,-0.734877139402792,0.282341456842876,-0.640233253672859,-0.711051063938891,0.290702193598252,4.01425727958696,3.97935069454707,0.28623399732707,0.294960643587042,0.659090909090909,-0.0349065850398866,0.00872664625997166,64
-0.648311223897698,-0.737957180270234,-0.187381314585725,-0.630769153768369,-0.757072652423784,-0.170209499166033,3.99156799931103,4.01774793809095,-0.188495559215388,-0.171042266695444,0.659303313508921,0.0261799387799151,0.0174532925199433,20
-0.362602842721206,-0.925253400752076,0.111468932206325,-0.334793116764396,-0.935040912512324,0.116670737099333,4.3388885204579,4.36855911774181,0.111701072127637,0.11693705988362,0.659728122344945,0.0296705972839035,0.005235987755983,20
-0.742578202415438,-0.640976310095477,-0.194234351219972,-0.679883415371791,-0.708975870144051,-0.187381314585725,3.85368698840348,3.94793476801117,-0.195476876223365,-0.188495559215388,0.659728122344945,0.0942477796076928,0.0069813170079773,61
-0.883168245953507,-0.438408524618472,-0.166768746716102,-0.865277314823364,-0.475690229261013,-0.158158067254484,3.6023595761163,3.64424747816416,-0.167551608191456,-0.158824961931484,0.660152931180969,0.041887902047864,0.00872664625997163,46
-0.975197429708923,-0.037463306342615,-0.218143241396543,-0.973912256881833,-0.0869193533194493,-0.209618562903822,3.17998989713367,3.2306044454415,-0.219911485751285,-0.211184839491314,0.660790144435004,0.0506145483078355,0.0087266462599716,31
-0.359674465041525,-0.908434000751087,0.213030386274977,-0.346622613237414,-0.917310128881698,0.195946144242518,4.33539786195391,4.35110582522186,0.214675497995303,0.197222205475359,0.661214953271028,0.0157079632679489,-0.0174532925199433,19
-0.610940544891349,0.781968238201163,-0.123601476740493,-0.568238488760648,0.814550771281762,-0.116670737099333,2.23402144255274,2.17991623574092,-0.123918376891597,-0.11693705988362,0.661214953271028,-0.0541052068118244,0.0069813170079773,126
-0.0580103870215499,0.976425892640558,-0.207911690817759,-0.0631915082633716,0.97718173648784,-0.202787295356512,1.6301375213627,1.63537350911869,-0.20943951023932,-0.204203522483337,0.66142735768904,0.00523598775598266,0.00523598775598297,50
0.514933583200287,0.820874468238904,0.246999012722743,0.464232511309555,0.844435803240412,0.267238376078257,1.01054563690472,1.06814150222053,0.249582083035189,0.270526034059121,0.661639762107052,0.0575958653158128,0.020943951023932,117
0.854533452610061,0.511427720970443,0.0906325801977802,0.835020339065618,0.54019888348056,0.104528463267653,0.539306738866248,0.574213323906134,0.0907571211037051,0.10471975511966,0.661852166525064,0.0349065850398866,0.0139626340159546,122
0.964093658331048,0.197900006851444,0.177084740319583,0.957778046988016,0.23171089551739,0.170209499166033,0.202458193231342,0.237364778271229,0.178023583703422,0.171042266695444,0.662064570943076,0.0349065850398866,-0.0069813170079773,28
0.869293685405746,0.470025342306315,-0.152985836284038,0.87288728315507,0.466078403424496,-0.144356201000973,0.49567350756639,0.490437519810407,-0.153588974175501,-0.144862327915529,0.662489379779099,-0.00523598775598311,0.00872664625997163,26
0.992208934026281,0.0728632694716807,-0.101056297182946,0.991758320089449,0.0850236805671571,-0.095845752520224,0.0733038285837618,0.0855211333477222,-0.101229096615671,-0.0959931088596881,0.662489379779099,0.0122173047639604,0.005235987755983,22
0.935967092181927,0.205785711559353,-0.285688367404974,0.936712922240415,0.217979925225362,-0.273959218692432,0.216420827247297,0.228638132011257,-0.289724655831059,-0.277507351067098,0.662701784197111,0.0122173047639604,0.0122173047639603,31
0.956404187026611,-0.18417441699414,0.226651307436855,0.965455499271369,-0.0878633334217361,0.245307385878803,6.0929444187122,6.19242818607588,0.228638132011257,0.247836753783195,0.663338997451147,0.0994837673636768,0.0191986217719376,58
0.893506541580178,-0.386654807642599,-0.228350870110656,0.916387143290832,-0.322710855379034,-0.236838146065619,5.87477826221291,5.94459143229269,-0.230383461263251,-0.239110107523223,0.663338997451147,0.0698131700797724,-0.00872664625997163,10
0.989525789068969,0,0.144356201000973,0.990361562789642,0.0276633032677997,0.135715572434304,0,0.0279252680319093,0.144862327915529,0.136135681655558,0.663976210705183,0.0279252680319093,-0.00872664625997166,34
0.870270369320501,-0.474486808582614,-0.132256390257122,0.898774335458741,-0.411491018345282,-0.151260820247219,5.78402114110921,5.85383431118898,-0.132645023151569,-0.151843644923507,0.663976210705183,0.0698131700797742,-0.0191986217719376,3
0.525617161325961,-0.815598183022193,0.241921895599668,0.68905590771318,-0.68665483707,0.231747903494157,5.28485697503883,5.49953247303413,0.244346095279206,0.23387411976724,0.663976210705183,0.214675497995302,-0.010471975511966,4
0.892623891440632,-0.367913018805035,0.260504508642648,0.905230407273613,-0.333059939424154,0.263873049965373,5.89223155473286,5.93062879827673,0.263544717051144,0.267035375555132,0.664401019541206,0.0383972435438746,0.00349065850398872,15
0.365299312909262,-0.890691759603559,0.270600445975864,0.364274566103884,-0.892627575730864,0.265556117486809,5.10159740357942,5.09985207432743,0.27401669256311,0.268780704807127,0.664401019541206,-0.00174532925199422,-0.005235987755983,4
0.995439144594154,-0.0940967034094448,-0.0157073173118207,0.989566717708233,-0.137313729284538,-0.043619387365336,6.18893752757189,6.14530429627203,-0.015707963267949,-0.0436332312998582,0.66482582837723,-0.0436332312998591,-0.0279252680319093,32
0.447448123094489,-0.837995868615816,0.312334918512233,0.429119750272818,-0.810466174468154,0.398749068925246,5.2028265001951,5.19933584169111,0.317649923862968,0.410152374218667,0.66482582837723,-0.00349065850399022,0.0925024503556995,11
0.953066203801289,-0.064973535465973,-0.295708050044047,0.937445474082641,-0.086964187287923,-0.337095258423082,6.21511746635181,6.19068285682389,-0.300196631343025,-0.343829862642883,0.665250637213254,-0.0244346095279218,-0.0436332312998582,20
-0.441320935984349,-0.889035260605504,-0.121869343405147,-0.473183975239381,-0.867880803932657,-0.151260820247219,4.25162205785819,4.21322481431431,-0.122173047639603,-0.151843644923507,0.665250637213254,-0.0383972435438755,-0.0296705972839036,29
-0.244049497933507,-0.930261355239394,-0.273959218692432,-0.236155395722978,-0.93327703695558,-0.270600445975864,4.45582558034152,4.4645522266015,-0.277507351067098,-0.27401669256311,0.665675446049278,0.00872664625997199,0.00349065850398866,22
-0.611405728805623,-0.752334580633493,-0.245307385878803,-0.655763246389792,-0.720674397931482,-0.224951054343865,4.02996524285491,3.97411470679109,-0.247836753783195,-0.226892802759263,0.665675446049278,-0.0558505360638186,0.020943951023932,80
0.0630986092390807,-0.975745163246137,-0.209618562903822,0.14396281417791,-0.963277682172249,-0.226651307436855,4.77696616270848,4.86074196680421,-0.211184839491314,-0.228638132011257,0.666100254885302,0.0837758040957288,-0.0174532925199433,31
-0.934663287950137,-0.307301653148378,0.17880221511635,-0.947606354642866,-0.257458948341121,0.189095442989891,3.45924257745276,3.40688269989293,0.179768912955416,0.190240888467382,0.666525063721325,-0.0523598775598306,0.010471975511966,17
-0.980959741655234,-0.148356212596613,0.125333233564304,-0.959973605402152,-0.264420784935622,0.0923705874465616,3.2916909692613,3.41037335839692,0.125663706143592,0.0925024503556995,0.666525063721325,0.118682389135615,-0.0331612557878923,48
0.35766037103106,-0.818652243920905,0.449318998615897,0.415640484645747,-0.791678461738881,0.44775908783877,5.12428668385535,5.19584518318712,0.466002910282486,0.464257581030492,0.667587085811385,0.0715584993317666,-0.00174532925199422,32
-0.820382449300109,-0.483242193319114,0.305695304963106,-0.819042292608283,-0.437327856004739,0.371367835550235,3.67391807544806,3.6320301734002,0.310668606854991,0.380481776934764,0.667587085811385,-0.041887902047864,0.0698131700797732,5
-0.834517533273724,0.33378319957956,-0.438371146789077,-0.837752752218617,0.341880565438395,-0.425779291565073,2.76111087665503,2.75412955964705,-0.453785605518526,-0.439822971502571,0.667799490229397,-0.00698131700797688,0.0139626340159547,27
-0.685454900592071,0.719798555308141,-0.109734311091045,-0.697848225485029,0.705194607715992,-0.125333233564304,2.33175988066442,2.35095850243636,-0.109955742875643,-0.125663706143592,0.668011894647409,0.0191986217719373,-0.015707963267949,17
-0.159786809317527,0.975759886769945,-0.14953534344371,-0.158083544539676,0.976037281053825,-0.14953534344371,1.73311194723037,1.73136661797837,-0.150098315671512,-0.150098315671512,0.668224299065421,-0.00174532925199422,0,70
0.00855437120336913,0.980233848899111,-0.197657340379126,-0.0221749604330071,0.97716431654706,-0.211324796455389,1.56206968053493,1.59348560707082,-0.198967534727354,-0.212930168743308,0.668649107901444,0.0314159265358978,-0.0139626340159546,27
-0.477596537660379,0.851067020538235,0.218143241396543,-0.575985289733181,0.792775739246102,0.199367934417197,2.08217779762924,2.19911485751286,0.219911485751285,0.200712863979348,0.66928632115548,0.11693705988362,-0.0191986217719376,45
0.257372024959688,0.947286423449393,-0.190808995376545,0.22256222608166,0.956404187026611,-0.189095442989891,1.30550628049176,1.34215819478364,-0.191986217719376,-0.190240888467382,0.66928632115548,0.0366519142918813,0.00174532925199433,9
-0.84753254254337,0.49525803033708,0.190808995376545,-0.83092675210315,0.523262502076889,0.189095442989891,2.61275789023551,2.57959663444762,0.191986217719376,0.190240888467382,0.669711129991504,-0.033161255787892,-0.00174532925199433,72
0.704602317783739,0.619008261205958,0.346935651573256,0.686914827003629,0.62944146987821,0.363251230472978,0.720820981073658,0.74176493209759,0.354301838154849,0.371755130674792,0.669923534409516,0.020943951023932,0.0174532925199433,12
0.966824351600235,-0.0913918090880855,0.238533457578581,0.966812345403507,-0.0999103369077387,0.23514211310259,6.18893752757189,6.18021088131192,0.240855436775218,0.237364778271229,0.670135938827528,-0.0087266462599711,-0.00349065850398869,51
0.786641904698057,0.573629143168929,0.228350870110656,0.715496203604688,0.662556749139148,0.221548497619467,0.630063859969953,0.747000919853573,0.230383461263251,0.223402144255274,0.670348343245539,0.11693705988362,-0.0069813170079773,65
0.926336813687093,0.281442642784888,-0.250380004054441,0.933773068421887,0.238015770572099,-0.267238376078257,0.294960643587042,0.249582083035189,-0.253072741539178,-0.270526034059121,0.671410365335599,-0.0453785605518524,-0.0174532925199433,7
0.925588417340152,-0.288288688850363,0.245307385878803,0.930888292808939,-0.272210786604343,0.243615011786023,5.98124334658457,5.99869663910451,0.247836753783195,0.2460914245312,0.671410365335599,0.0174532925199431,-0.0017453292519943,3
0.716059273503402,-0.663078157582339,0.218143241396543,0.708253071934717,-0.667423931631704,0.230049737188104,5.53618438732601,5.52745774106604,0.219911485751285,0.232128790515246,0.671410365335599,-0.0087266462599711,0.0122173047639604,115
0.378663421764647,-0.87924662829751,0.289031796944472,0.384792443582415,-0.876581653764738,0.289031796944472,5.11905069609937,5.12603201310735,0.293215314335047,0.293215314335047,0.671835174171623,0.00698131700797688,0,36
0.0340853709571468,-0.976077315971009,-0.214735327167063,-0.113155682915287,-0.963248419389552,-0.243615011786023,4.74729556542458,4.59545192050107,-0.216420827247297,-0.2460914245312,0.672047578589635,-0.151843644923506,-0.0296705972839036,61
0.403829793734084,-0.850463570319954,0.337095258423082,0.406865206859316,-0.841641104448085,0.355106962408137,5.15570261039125,5.16268392739923,0.343829862642883,0.363028484414821,0.672472387425658,0.00698131700797688,0.0191986217719377,31
-0.592648885646865,-0.800919001886754,-0.0854169231373675,-0.562351445538015,-0.824376390305333,-0.064532308252958,4.07534380340676,4.11374104695063,-0.0855211333477222,-0.0645771823237902,0.67268479184367,0.0383972435438746,0.020943951023932,94
0.288809854958272,-0.932993894377362,0.214735327167063,0.301923686779329,-0.929225560283999,0.213030386274977,5.01258561172771,5.02654824574367,0.216420827247297,0.214675497995303,0.673109600679694,0.0139626340159555,-0.0017453292519943,21
-0.656645477074359,-0.752726842712101,-0.0471064507096427,-0.650416431975683,-0.758853872074227,-0.0331551783885263,3.99505865781502,4.00378530407499,-0.0471238898038469,-0.0331612557878923,0.673109600679694,0.00872664625997199,0.0139626340159546,13
-0.200178693342481,0.966626347951444,-0.159881187691835,-0.193258860743132,0.967166118380873,-0.165047605860678,1.77499984927823,1.76801853227026,-0.160570291183478,-0.165806278939461,0.67374681393373,-0.00698131700797777,-0.00523598775598302,2
-0.44848915989864,0.887857628133168,-0.102792536787247,-0.535861371544842,0.83468986799114,-0.12706460860135,2.03854456632938,2.14151899219704,-0.102974425867665,-0.127409035395586,0.673959218351742,0.102974425867666,-0.0244346095279206,17
-0.144339174804348,0.94326073128465,0.299040792256087,-0.0680748182550951,0.949692686948283,0.305695304963106,1.7226399717184,1.64235482612666,0.303687289847013,0.310668606854991,0.674171622769754,-0.0802851455917395,0.00698131700797733,45
-0.627500196384808,0.777669518272696,0.0383878090875199,-0.632569737963346,0.772849196821332,0.0505929400767133,2.24972940582069,2.25671072282867,0.0383972435438752,0.0506145483078356,0.674808836023789,0.00698131700797733,0.0122173047639603,266
-0.340666107950043,0.935972439166235,-0.0888942968664415,-0.333184242153136,0.94088327469538,-0.0610485395348569,1.91986217719376,1.91113553093379,-0.0890117918517108,-0.0610865238198015,0.674808836023789,-0.00872664625997199,0.0279252680319093,38
0.114879099585853,0.935615184360979,0.333806859233771,0.102115396972803,0.939988203385791,0.325568154457157,1.44862327915529,1.46258591317125,0.340339204138894,0.331612557878923,0.675233644859813,0.0139626340159547,-0.00872664625997166,5
0.663391350451682,0.747195660703418,0.0401317925325597,0.638110250627528,0.768607511901919,0.0453629881292538,0.844739357965256,0.877900613753148,0.0401425727958696,0.0453785605518526,0.675233644859813,0.033161255787892,0.005235987755983,49
0.736480993721018,-0.637959849079301,0.224951054343865,0.733446029591731,-0.646619656183032,0.209618562903822,5.56934564311391,5.56061899685393,0.226892802759263,0.211184839491314,0.675870858113849,-0.00872664625997288,-0.0157079632679489,57
0.961143107468416,0.0150988424778021,-0.275637355816999,0.961115291126052,0.016776329810108,-0.275637355816999,0.015707963267949,0.0174532925199433,-0.279252680319093,-0.279252680319093,0.676295666949873,0.00174532925199422,0,61
0.346282325101705,-0.911594654725835,0.221548497619467,0.382570492696835,-0.892603835827131,0.238533457578581,5.07541746479951,5.11730536684737,0.223402144255274,0.240855436775218,0.676295666949873,0.0418879020478631,0.0174532925199433,2
0.178322037695337,-0.981242792255656,0.0732381971276317,0.203778855405061,-0.975434363053228,0.0836778433323155,4.89215789334011,4.91833783212002,0.0733038285837618,0.0837758040957278,0.676720475785896,0.0261799387799151,0.010471975511966,85
0.139029149745005,-0.964795460821763,-0.223250116010951,0.197450216600168,-0.961902451085869,-0.189095442989891,4.85550597904822,4.91484717361603,-0.225147473507269,-0.190240888467382,0.676720475785896,0.0593411945678071,0.0349065850398866,17
-0.00513446288471066,-0.980601216523504,-0.195946144242518,0.102908604484846,-0.979109968544269,-0.175366726091987,4.70715299262871,4.81710873550435,-0.197222205475359,-0.176278254451427,0.676932880203908,0.109955742875644,0.020943951023932,42
-0.472136257561349,-0.880530399203069,-0.0418756537291996,-0.44898781295562,-0.892712898938281,-0.0383878090875199,4.22020613132229,4.2463860701022,-0.0418879020478639,-0.0383972435438752,0.677357689039932,0.0261799387799151,0.00349065850398866,8
-0.650302088803631,-0.753382221035399,-0.0975828997591495,-0.620458228575107,-0.782823459596722,-0.0471064507096427,4.000294645571,4.04218254761887,-0.0977384381116825,-0.0471238898038469,0.677570093457944,0.041887902047864,0.0506145483078356,15
0.627866718552994,-0.745615698221673,0.223250116010951,0.661589331228147,-0.719472992688525,0.211324796455389,5.41226601043442,5.45589924173427,0.225147473507269,0.212930168743308,0.677994902293968,0.0436332312998582,-0.0122173047639604,27
-0.962566750610308,-0.169726488865474,0.211324796455389,-0.959434859451798,-0.174358864619113,0.221548497619467,3.31612557878923,3.32136156654521,0.212930168743308,0.223402144255274,0.677994902293968,0.00523598775598311,0.010471975511966,6
-0.955000268736383,-0.147841852659864,-0.257132793154696,-0.953109121357445,-0.181815288726507,-0.241921895599668,3.29518162776529,3.33008821280518,-0.260054058547155,-0.244346095279206,0.67820730671198,0.0349065850398866,0.015707963267949,67
-0.664423612532759,0.737917179226905,-0.118403968306501,-0.683447882603186,0.722725872060814,-0.102792536787247,2.30383461263251,2.32826922216044,-0.118682389135614,-0.102974425867665,0.678419711129992,0.0244346095279209,0.015707963267949,145
-0.462702005155508,0.881317449134478,-0.095845752520224,-0.423166094271771,0.903362878930477,-0.0697564737441253,2.05425252959733,2.00887396904547,-0.0959931088596881,-0.0698131700797732,0.678632115548003,-0.0453785605518524,0.0261799387799149,149
0.177666149909963,0.968026721698382,0.177084740319583,0.170628921472005,0.96768470024516,0.185666615385577,1.38928208458749,1.39626340159546,0.178023583703422,0.186750229963393,0.678844519966015,0.00698131700797733,0.00872664625997163,228
0.320765076150837,0.936878121150829,-0.139173100960065,0.207919305376808,0.961664874226522,-0.17880221511635,1.24092909816797,1.35786615805159,-0.139626340159546,-0.179768912955416,0.679269328802039,0.11693705988362,-0.0401425727958696,4
0.224402086369066,0.934701958760879,0.275637355816999,0.221682932507098,0.937784798227242,0.267238376078257,1.33517687777566,1.33866753627965,0.279252680319093,0.270526034059121,0.679481733220051,0.00349065850398844,-0.00872664625997166,12
0.263849084437639,0.957898059834155,0.113203213767907,0.270475782021054,0.955841149342651,0.114937150492867,1.30201562198777,1.29503430497979,0.113446401379631,0.115191730631626,0.679906542056075,-0.00698131700797688,0.00174532925199433,39
0.880183944332101,0.320360756415905,0.350207381259467,0.873281775972922,0.338723677744804,0.350207381259467,0.349065850398866,0.370009801422798,0.357792496658838,0.357792496658838,0.68054375531011,0.020943951023932,0,14
0.744456616823619,-0.640333709176698,0.189095442989891,0.731388283772613,-0.651643190701606,0.201077921145965,5.57283630161789,5.55538300909795,0.190240888467382,0.202458193231342,0.68054375531011,-0.0174532925199431,0.0122173047639603,10
0.908285159294987,0.383674672767464,0.166768746716102,0.919431599608018,0.341933546830957,0.194234351219972,0.399680398706701,0.356047167406843,0.167551608191456,0.195476876223365,0.680756159728122,-0.0436332312998582,0.0279252680319093,33
0.444396495002662,-0.872177229701893,0.20449605184179,0.460024247153024,-0.861548856013255,0.214735327167063,5.18362787842316,5.2028265001951,0.205948851735331,0.216420827247297,0.680968564146134,0.0191986217719382,0.010471975511966,66
0.83056096987425,-0.510964517871939,-0.221548497619467,0.856837982006477,-0.471050666783527,-0.209618562903822,5.73166126354938,5.78053048260522,-0.223402144255274,-0.211184839491314,0.681180968564146,0.0488692190558409,0.0122173047639603,37
-0.848189149591376,-0.509643457475934,0.144356201000973,-0.894151983403198,-0.422663706222388,0.147809411129611,3.68264472170804,3.58316095434436,0.144862327915529,0.148352986419518,0.681393372982158,-0.0994837673636768,0.00349065850398864,93
0.0707841613556324,-0.98748997227296,0.140901231937583,0.0758960119376705,-0.986356702282694,0.146083028562412,4.78394747971646,4.78918346747244,0.141371669411541,0.146607657167524,0.68160577740017,0.00523598775598177,0.005235987755983,55
-0.944760433500126,-0.137825641880876,0.297374874077786,-0.931323081098858,-0.197958831922304,0.305695304963106,3.28645498150532,3.35103216382911,0.301941960595019,0.310668606854991,0.682030586236194,0.0645771823237897,0.0087266462599716,6
-0.895258327666562,-0.396723883306339,-0.202787295356512,-0.88765389419073,-0.408275175159556,-0.213030386274977,3.55872634481644,3.57268897883239,-0.204203522483337,-0.214675497995303,0.682455395072218,0.0139626340159542,-0.010471975511966,52
-0.685735178713311,0.722614102534076,-0.0871557427476582,-0.680671161971467,0.72484116632781,-0.106264071336233,2.33001455141243,2.32477856365645,-0.0872664625997165,-0.106465084371654,0.682667799490229,-0.00523598775598311,-0.0191986217719376,105
-0.615726272582305,0.75765100855884,0.216439613938103,-0.579810169945888,0.783568473414045,0.223250116010951,2.25322006432468,2.20784150377283,0.218166156499291,0.225147473507269,0.682880203908241,-0.0453785605518524,0.00698131700797733,90
0.153560323311584,0.969541723902502,0.190808995376545,0.166909929906089,0.966305429900523,0.195946144242518,1.41371669411541,1.39975406009945,0.191986217719376,0.197222205475359,0.683305012744265,-0.0139626340159547,0.005235987755983,87
0.457678762211308,0.882951839562967,-0.104528463267653,0.472278434427236,0.87346069211169,-0.118403968306501,1.09257611174845,1.07512281922851,-0.10471975511966,-0.118682389135614,0.683517417162277,-0.0174532925199431,-0.0139626340159546,66
-0.0601936180503111,0.984156955706128,-0.166768746716102,0.0464467737201648,0.984901458182355,-0.166768746716102,1.6318828506147,1.52367243699105,-0.167551608191456,-0.167551608191456,0.683942225998301,-0.108210413623649,0,23
0.983327818390626,0.0480927537048004,-0.175366726091987,0.984901458182355,0.0464467737201647,-0.166768746716102,0.0488692190558412,0.0471238898038469,-0.176278254451427,-0.167551608191456,0.684367034834325,-0.00174532925199422,0.00872664625997166,99
0.943199672276771,0.00658488289406736,-0.332161131883703,0.946578611359981,-0.0115652148015199,-0.322265695230511,0.00698131700797732,6.27096800241563,-0.3385938748869,-0.328121899374934,0.684367034834325,-0.0191986217719382,0.0104719755119659,8
0.721533202305684,0.672840596299267,-0.163325962241622,0.717791792068352,0.676412766762251,-0.165047605860678,0.750491578357562,0.755727566113545,-0.164060949687467,-0.165806278939461,0.68500424808836,0.00523598775598266,-0.00174532925199433,22
0.914462294348109,0.349199193866069,0.20449605184179,0.916094601599034,0.349822511393416,0.195946144242518,0.364773813666815,0.364773813666815,0.205948851735331,0.197222205475359,0.68500424808836,0,-0.00872664625997166,9
0.980471113196102,-0.0308125460511214,0.194234351219972,0.981029291617978,0.049696800014236,0.187381314585725,6.25176938064369,0.0506145483078356,0.195476876223365,0.188495559215388,0.68500424808836,0.0820304748437337,-0.0069813170079773,8
0.834121086568696,-0.537554358078351,-0.123601476740493,0.81393585695859,-0.565700157321209,-0.132256390257122,5.71071731252545,5.67581072748556,-0.123918376891597,-0.132645023151569,0.685429056924384,-0.0349065850398871,-0.00872664625997165,7
0.805410046145082,-0.57026209989212,0.161603821103361,0.847810932260588,-0.503393293815256,0.166768746716102,5.66708408122559,5.74736922681733,0.162315620435473,0.167551608191456,0.685429056924384,0.0802851455917386,0.00523598775598297,30
0.396673750598223,-0.916658952706651,-0.0488497697956133,0.431569897761189,-0.900755862227559,-0.0488497697956133,5.12079602535136,5.15919326889524,-0.0488692190558412,-0.0488692190558412,0.685853865760408,0.0383972435438755,0,29
0.127507778027485,-0.955626346961942,-0.265556117486809,0.12804371215236,-0.959642986400641,-0.250380004054441,4.84503400353626,4.84503400353626,-0.268780704807127,-0.253072741539178,0.685853865760408,0,0.0157079632679489,25
-0.767136928444872,-0.630133377128196,0.120136838834647,-0.734799962101978,-0.666275919522773,0.12706460860135,3.82925237887556,3.8781215979314,0.120427718387609,0.127409035395586,0.686278674596432,0.0488692190558413,0.00698131700797729,34
-0.157309453017338,-0.950229375504483,-0.268919820615266,-0.145617543209698,-0.95161490622375,-0.270600445975864,4.54832803069722,4.56054533546118,-0.272271363311115,-0.27401669256311,0.687128292268479,0.0122173047639595,-0.00174532925199433,28
-0.947843695472404,-0.225808219741445,-0.224951054343865,-0.951626538923373,-0.17809206604007,-0.250380004054441,3.37546677335703,3.32659755430119,-0.226892802759263,-0.253072741539178,0.687765505522515,-0.0488692190558417,-0.026179938779915,129
-0.853743453342078,0.0656919785475218,-0.516533328866642,-0.848633699110271,0.060830819933677,-0.525471651072268,3.06479816650204,3.07003415425803,-0.542797397370236,-0.553269372882202,0.688827527612574,0.00523598775598311,-0.010471975511966,2
-0.168356896803275,-0.964641523126991,-0.202787295356512,-0.165223155410866,-0.966595270768778,-0.195946144242518,4.53960138443725,4.54309204294124,-0.204203522483337,-0.197222205475359,0.68946474086661,0.00349065850398844,0.00698131700797733,36
-0.670889724704669,-0.724494998635615,0.158158067254484,-0.687344955265184,-0.709284971375454,0.156434465040231,3.96538806053112,3.94269878025519,0.158824961931484,0.15707963267949,0.68946474086661,-0.0226892802759258,-0.00174532925199433,21
-0.705812010576785,0.700901633687922,-0.102792536787247,-0.665586099164479,0.739208251428415,-0.102792536787247,2.35968514869633,2.30383461263251,-0.102974425867665,-0.102974425867665,0.68946474086661,-0.0558505360638186,0,36
-0.836833534280583,-0.516838924715888,0.18051914525056,-0.840201819882898,-0.525016366663264,0.135715572434304,3.694862026472,3.70009801422798,0.18151424220741,0.136135681655558,0.689677145284622,0.00523598775598311,-0.0453785605518526,25
-0.917283549160813,-0.332052009285583,-0.219846204352837,-0.89905002684216,-0.385333333694882,-0.207911690817759,3.48891317473666,3.54650904005248,-0.22165681500328,-0.20943951023932,0.690101954120646,0.0575958653158128,0.0122173047639603,30
-0.945748178205845,0.134599898066354,0.295708050044047,-0.940661659337092,0.154039254155405,0.302369890750444,3.00022098417825,2.97927703315432,0.300196631343025,0.307177948351002,0.690101954120646,-0.0209439510239324,0.00698131700797733,26
0.034450558827834,0.986534928331835,-0.159881187691835,-0.0755766301012595,0.982205964887024,-0.17192910027941,1.53588974175501,1.64759081388265,-0.160570291183478,-0.172787595947439,0.690739167374681,0.111701072127637,-0.0122173047639603,67
0.0566540954130606,0.953596907824305,-0.295708050044047,-0.0217530631611206,0.958572943607225,-0.284015344703923,1.51145513222709,1.59348560707082,-0.300196631343025,-0.287979326579064,0.690739167374681,0.0820304748437337,0.0122173047639603,77
0.16493568232677,0.954875755483085,0.246999012722743,0.136427379153871,0.970731242935683,0.197657340379126,1.39975406009945,1.43116998663535,0.249582083035189,0.198967534727354,0.690739167374681,0.0314159265358978,-0.0506145483078355,379
-0.47040870258251,0.848639763954119,0.241921895599668,-0.498052252589685,0.838815593633065,0.219846204352837,2.07694180987325,2.10661240715716,0.244346095279206,0.22165681500328,0.691163976210705,0.0296705972839035,-0.0226892802759263,11
-0.472399796406083,0.86644251820896,0.161603821103361,-0.435441333368689,0.888846349187601,0.142628933705512,2.06996049286527,2.02632726156542,0.162315620435473,0.143116998663535,0.691163976210705,-0.0436332312998582,-0.0191986217719377,11
0.13062809462616,0.979012032123158,-0.156434465040231,0.0912832361255829,0.984003406853307,-0.152985836284038,1.43815130364333,1.4782938764392,-0.15707963267949,-0.153588974175501,0.691376380628717,0.0401425727958697,0.00349065850398866,43
0.811418613106244,0.518923852202799,-0.268919820615266,0.77462095091143,0.573189351576011,-0.267238376078257,0.568977336150151,0.63704517697793,-0.272271363311115,-0.270526034059121,0.691801189464741,0.0680678408277791,0.00174532925199433,10
0.980673834646179,0.0616987679911251,-0.185666615385577,0.983159832418245,0.0377691910002601,-0.17880221511635,0.0628318530717959,0.0383972435438752,-0.186750229963393,-0.179768912955416,0.692013593882753,-0.0244346095279204,0.0069813170079773,6
0.789141320777649,0.575451748722481,-0.214735327167063,0.772468375975487,0.597031407579298,-0.216439613938103,0.630063859969953,0.657989128001862,-0.216420827247297,-0.218166156499291,0.692438402718777,0.0279252680319093,-0.00174532925199433,3
0.783100782441289,-0.616239550073747,-0.0836778433323155,0.809352804119425,-0.581578987986592,-0.0819385086300409,5.61646953291775,5.66010276421761,-0.0837758040957278,-0.0820304748437335,0.692438402718777,0.0436332312998582,0.00174532925199432,8
0.426660695018307,-0.867089025424125,-0.257132793154696,0.395827507825644,-0.889043138699256,-0.230049737188104,5.1696652444072,5.13126800086333,-0.260054058547155,-0.232128790515246,0.6928632115548,-0.0383972435438755,0.0279252680319093,8
0.968259875593914,-0.204044359263924,0.144356201000973,0.978856700742114,-0.125394435351237,0.161603821103361,6.07549112619226,6.155776271784,0.144862327915529,0.162315620435473,0.693500424808836,0.0802851455917386,0.0174532925199433,108
0.624811526245042,-0.757956990610593,0.187381314585725,0.573954487533761,-0.798742188968296,0.18051914525056,5.40179403492245,5.33547152334666,0.188495559215388,0.18151424220741,0.693500424808836,-0.0663225115757857,-0.00698131700797733,16
0.487434241496142,-0.837495879351696,-0.246999012722743,0.534517032798952,-0.813724413894231,-0.228350870110656,5.23947841448698,5.2935836212988,-0.249582083035189,-0.230383461263251,0.693500424808836,0.0541052068118244,0.0191986217719376,33
-0.32162977749557,-0.944781264042312,-0.0627905195293134,-0.30044202942785,-0.952880378944822,-0.0418756537291996,4.38426708100976,4.40695636128568,-0.0628318530717959,-0.0418879020478639,0.693712829226848,0.0226892802759258,0.020943951023932,56
-0.457206340646645,-0.874555068064497,0.161603821103361,-0.509449384975265,-0.844523896611566,0.165047605860678,4.23067810683425,4.16959158301445,0.162315620435473,0.165806278939461,0.69392523364486,-0.0610865238198013,0.00349065850398866,12
0.285786328854947,-0.952575442999931,0.104528463267653,0.354373812978888,-0.928013282292546,0.114937150492867,5.00385896546774,5.0771627940515,0.10471975511966,0.115191730631626,0.694137638062872,0.0733038285837617,0.010471975511966,67
0.860041262036774,-0.432555691480134,-0.270600445975864,0.860371295677286,-0.430841851084725,-0.272280247040574,5.8171823968971,5.81892772614909,-0.27401669256311,-0.275762021815104,0.694774851316907,0.00174532925199333,-0.00174532925199439,29
0.281713242022112,-0.951047966461407,-0.12706460860135,0.261675294180733,-0.956523776347278,-0.128795596577563,5.00036830696375,4.97942435593982,-0.127409035395586,-0.12915436464758,0.694774851316907,-0.0209439510239315,-0.00174532925199436,43
-0.893700790312909,-0.32528048601408,0.309016994374947,-0.923585463127642,-0.244021805252002,0.295708050044047,3.49065850398866,3.39990138288495,0.314159265358979,0.300196631343025,0.695199660152931,-0.0907571211037053,-0.0139626340159547,71
-0.95829080196645,-0.146639098809991,-0.245307385878803,-0.964230567662995,-0.128655826181177,-0.231747903494157,3.2934362985133,3.27423767674136,-0.247836753783195,-0.23387411976724,0.695412064570943,-0.0191986217719378,0.0139626340159546,77
-0.977759408870849,0.00682615929079533,0.209618562903822,-0.970659960115967,-0.0934639236830269,0.221548497619467,3.13461133658182,3.23758576244948,0.211184839491314,0.223402144255274,0.695624468988955,0.102974425867665,0.0122173047639603,10
-0.735677251731112,-0.657771378436423,-0.161603821103361,-0.74033815149032,-0.654995866938132,-0.151260820247219,3.87114028092342,3.86590429316744,-0.162315620435473,-0.151843644923507,0.696049277824979,-0.00523598775598311,0.010471975511966,21
-0.748592310933499,0.643890967302361,0.158158067254484,-0.788823157970673,0.596582268786705,0.147809411129611,2.4312436480281,2.4940755010999,0.158824961931484,0.148352986419518,0.696474086661003,0.0628318530717955,-0.010471975511966,28
-0.693671176890638,0.715813125674328,-0.0801989243288589,-0.691799433508109,0.71637928446079,-0.0906325801977802,2.3404865269244,2.3387411976724,-0.0802851455917391,-0.0907571211037051,0.696474086661003,-0.00174532925199422,-0.010471975511966,41
-0.828715707558753,-0.503867048017522,-0.243615011786023,-0.832213139359308,-0.498069289065509,-0.243615011786023,3.68788070946402,3.68089939245604,-0.2460914245312,-0.2460914245312,0.696898895497026,-0.00698131700797777,0,30
-0.397044547937709,0.883464185451154,-0.248689887164855,-0.390677563178849,0.889988330414666,-0.23514211310259,1.99316600577752,1.98443935951755,-0.251327412287183,-0.237364778271229,0.696898895497026,-0.00872664625997199,0.0139626340159547,40
-0.277611654033978,0.955545580731437,-0.099319749743639,-0.276129049461672,0.956671533295608,-0.0923705874465616,1.85353966561798,1.85179433636598,-0.0994837673636768,-0.0925024503556995,0.697111299915038,-0.00174532925199422,0.00698131700797733,6
-0.981532987012412,0.110096564678778,-0.156434465040231,-0.986010352652258,0.0620345132457709,-0.154710386299468,3.02989158146216,3.078760800518,-0.15707963267949,-0.155334303427495,0.697536108751062,0.0488692190558413,0.00174532925199433,15
-0.0953761285418309,0.955545580731437,-0.278991106039229,-0.0443769829653762,0.941011651221695,-0.335451569750255,1.67028009415857,1.61792021659874,-0.282743338823081,-0.342084533390889,0.697536108751062,-0.0523598775598302,-0.0593411945678072,98
0.013750063446945,0.984711757900838,-0.17364817766693,-0.049884438419385,0.98473332832921,-0.166768746716102,1.55683369277894,1.62141087510273,-0.174532925199433,-0.167551608191456,0.697748513169074,0.0645771823237906,0.00698131700797733,4
0.21590921239464,0.935205544523074,-0.280666708920788,0.205892469461158,0.936452654965481,-0.284015344703923,1.34390352403563,1.3543754995476,-0.284488668075076,-0.287979326579064,0.69838572642311,0.0104719755119662,-0.00349065850398861,41
0.68254575780334,0.696992779687361,-0.219846204352837,0.628918926416616,0.741595743036025,-0.233445363855905,0.795870138909414,0.867428638241182,-0.22165681500328,-0.235619449019234,0.69838572642311,0.0715584993317675,-0.0139626340159547,4
-0.296463105810902,0.917867441624838,0.263873049965373,-0.28222146021207,0.917375193636356,0.280666708920788,1.88321026290188,1.86924762888593,0.267035375555132,0.284488668075076,0.699235344095157,-0.0139626340159547,0.0174532925199433,8
0.824721815417257,-0.429323002977443,0.368124552684678,0.807547568480464,-0.456888431337971,0.372987782575809,5.80321976288115,5.76831317784126,0.376991118430775,0.382227106186758,0.699235344095157,-0.0349065850398871,0.00523598775598294,19
0.855974702739493,-0.51229029137865,-0.0697564737441253,0.848983418166085,-0.522298083679736,-0.0801989243288589,5.74387856831334,5.73166126354938,-0.0698131700797732,-0.0802851455917391,0.699235344095157,-0.0122173047639604,-0.010471975511966,47
0.991461494177634,-0.0415545486153178,-0.123601476740493,0.988215719510755,0.0673697890488325,-0.137444546037147,6.24129740513172,0.0680678408277788,-0.123918376891597,-0.137881010907552,0.699660152931181,0.109955742875642,-0.0139626340159547,10
0.535542098021948,0.809115849353919,-0.241921895599668,0.475660657467391,0.847617322606929,-0.23514211310259,0.986111027376796,1.05941485596056,-0.244346095279206,-0.237364778271229,0.700509770603228,0.0733038285837617,0.00698131700797733,38
0.652002257331084,-0.72666839063874,0.216439613938103,0.716947275075729,-0.682739663122012,0.140901231937583,5.44368193697031,5.52222175331006,0.218166156499291,0.141371669411541,0.700509770603228,0.0785398163397444,-0.0767944870877505,6
0.527778900914199,-0.794371105903466,-0.300705799504273,0.522220327851184,-0.798036309527015,-0.300705799504273,5.29881960905478,5.29183829204681,-0.305432619099008,-0.305432619099008,0.70072217502124,-0.00698131700797777,0,24
0.623308762121431,-0.756133991954382,-0.199367934417197,0.61113800736146,-0.771064266989303,-0.17880221511635,5.40179403492245,5.38259541315051,-0.200712863979348,-0.179768912955416,0.701359388275276,-0.0191986217719391,0.0209439510239319,5
-0.0631915082633714,-0.97718173648784,-0.202787295356512,-0.0476546378994235,-0.974369889681698,-0.219846204352837,4.6478117980609,4.66351976132885,-0.204203522483337,-0.22165681500328,0.701359388275276,0.0157079632679489,-0.0174532925199433,30
-0.313403615796732,-0.870512031278737,-0.379456159529005,-0.366484232937177,-0.850966868235004,-0.376224263139366,4.36681378848981,4.30572726467001,-0.389208423194735,-0.385717764690747,0.701571792693288,-0.0610865238198013,0.00349065850398861,61
0.969572040193033,-0.0882379679935184,0.228350870110656,0.971324559419187,-0.108951506057561,0.211324796455389,6.19242818607588,6.17148423505195,0.230383461263251,0.212930168743308,0.701996601529312,-0.0209439510239315,-0.0174532925199433,19
-0.761635116048161,-0.610184788597122,-0.218143241396543,-0.768962164262941,-0.59646819559113,-0.230049737188104,3.8170350741116,3.80132711084365,-0.219911485751285,-0.232128790515246,0.702846219201359,-0.0157079632679489,-0.0122173047639604,1
-0.971771780452964,-0.176600863143002,-0.156434465040231,-0.940407099949339,-0.301931688486735,-0.156434465040231,3.32136156654521,3.45226126044478,-0.15707963267949,-0.15707963267949,0.702846219201359,0.130899693899575,0,17
-0.288927786273108,0.93917444718784,-0.185666615385577,-0.292946761818129,0.940543767837194,-0.17192910027941,1.86924762888593,1.87273828738992,-0.186750229963393,-0.172787595947439,0.703271028037383,0.00349065850398889,0.0139626340159546,18
-0.116257520653003,0.96070038384843,-0.252069358243114,-0.0280330850760253,0.944533002456146,-0.327217898979104,1.69122404518251,1.6004669240788,-0.254818070791172,-0.333357887130917,0.703271028037383,-0.0907571211037048,-0.0785398163397449,130
-0.283563134471678,0.927493220892257,0.243615011786023,-0.286153832260582,0.930157568749654,0.230049737188104,1.86750229963393,1.86924762888593,0.2460914245312,0.232128790515246,0.703483432455395,0.00174532925199422,-0.0139626340159546,6
-0.37712198160701,0.897137742717631,-0.230049737188104,-0.385756903931357,0.900038290247301,-0.202787295356512,1.9687313962496,1.97571271325758,-0.232128790515246,-0.204203522483337,0.703695836873407,0.00698131700797733,0.0279252680319093,17
-0.98749997452403,0.0379359224418391,-0.152985836284038,-0.988480336779063,-0.00517571823890962,-0.151260820247219,3.10319541004592,3.14682864134578,-0.153588974175501,-0.151843644923507,0.703908241291419,0.0436332312998582,0.00174532925199433,27
-0.553074955242814,0.778252065946748,0.297374874077786,-0.554264094686291,0.779925347696015,0.290702193598252,2.18864288200089,2.18864288200089,0.301941960595019,0.294960643587042,0.704545454545455,0,-0.00698131700797738,100
-0.362093355561805,0.887282682456653,-0.285688367404974,-0.360747571707566,0.883984939789313,-0.297374874077786,1.95825942073764,1.95825942073764,-0.289724655831059,-0.301941960595019,0.704545454545455,0,-0.0122173047639603,258
0.688263958888893,0.7003824928816,-0.189095442989891,0.680566681524635,0.719679087346012,-0.137444546037147,0.79412480965742,0.813323431429358,-0.190240888467382,-0.137881010907552,0.704970263381478,0.0191986217719378,0.0523598775598298,16
0.581637961488757,0.783176179532328,-0.219846204352837,0.596296768125601,0.765976926500078,-0.240228042477264,0.932005820564972,0.909316540289046,-0.22165681500328,-0.242600766027212,0.705819881053526,-0.0226892802759262,-0.020943951023932,39
0.937166704236068,0.272272096815514,0.218143241396543,0.914612148599047,0.307800994538133,0.262189178640865,0.282743338823081,0.324631240870945,0.219911485751285,0.265290046303138,0.705819881053526,0.041887902047864,0.0453785605518526,42
0.924492730272499,-0.303957743926658,-0.230049737188104,0.915608359793373,-0.333254189210088,-0.224951054343865,5.96553538331662,5.93411945678072,-0.232128790515246,-0.226892802759263,0.705819881053526,-0.0314159265358986,0.00523598775598302,96
0.885276752591508,-0.379430100810791,-0.268919820615266,0.923719461587761,-0.282409380467853,-0.258819045102521,5.8782689207169,5.98647933434055,-0.272271363311115,-0.261799387799149,0.705819881053526,0.108210413623648,0.010471975511966,21
0.699330097442155,0.663639482909869,-0.265556117486809,0.703132097402321,0.660284989307333,-0.263873049965373,0.759218224617533,0.75398223686155,-0.268780704807127,-0.267035375555132,0.706457094307562,-0.00523598775598266,0.00174532925199428,86
0.786282047787395,-0.567084497901828,0.245307385878803,0.793591225066823,-0.563975928224463,0.228350870110656,5.65835743496562,5.66533875197359,0.247836753783195,0.230383461263251,0.706457094307562,0.00698131700797777,-0.0174532925199433,12
0.654556441195045,-0.716830770054982,0.240228042477264,0.655903462833778,-0.713289657261795,0.246999012722743,5.45240858323029,5.45589924173427,0.242600766027212,0.249582083035189,0.706669498725573,0.00349065850398933,0.00698131700797733,8
0.562578182030728,-0.812466074983734,0.152985836284038,0.694752155080287,-0.706984929293017,0.132256390257122,5.31801823082672,5.48906049752217,0.153588974175501,0.132645023151569,0.706881903143585,0.171042266695444,-0.020943951023932,10
0.985042895161929,-0.145458479525197,-0.0923705874465616,0.987562492505479,-0.114264878958715,-0.107999355706023,6.13657765001206,6.16799357654796,-0.0925024503556995,-0.108210413623648,0.707094307561597,0.0314159265358969,-0.015707963267949,7
0.961090393451848,0.214829155394529,0.17364817766693,0.95459063920629,0.213376288188323,0.207911690817759,0.219911485751285,0.219911485751285,0.174532925199433,0.20943951023932,0.707306711979609,0,0.0349065850398866,27
0.788093622814343,-0.587426882502937,0.18395135061272,0.795469930021807,-0.577942733910291,0.182235525492147,5.64264947169767,5.65486677646163,0.185004900711399,0.183259571459405,0.707519116397621,0.0122173047639595,-0.0017453292519943,7
0.599954727162907,-0.773456973681149,-0.20449605184179,0.577980102624057,-0.786824563984253,-0.216439613938103,5.37212343763855,5.34594349885863,-0.205948851735331,-0.218166156499291,0.707731520815633,-0.0261799387799151,-0.0122173047639603,88
0.113189248168356,-0.993449281182461,-0.0157073173118207,0.121864702993979,-0.992508358525199,-0.00872653549837393,4.82583538176432,4.83456202802429,-0.015707963267949,-0.00872664625997165,0.708156329651657,0.00872664625997199,0.00698131700797732,15
-0.949844946819925,-0.284967140742373,-0.128795596577563,-0.950020938206335,-0.292264602610253,-0.109734311091045,3.43306263867285,3.44004395568082,-0.12915436464758,-0.109955742875643,0.708156329651657,0.00698131700797777,0.0191986217719377,24
-0.281888258309664,-0.899506526132874,-0.333806859233771,-0.322220049367697,-0.890123059729987,-0.322265695230511,4.40870169053768,4.36506845923782,-0.340339204138894,-0.328121899374934,0.708368734069669,-0.0436332312998582,0.0122173047639603,88
-0.706184239226435,-0.70127127272032,-0.0975828997591495,-0.714995675241544,-0.690463297616363,-0.109734311091045,3.92350015848325,3.9095375244673,-0.0977384381116825,-0.109955742875643,0.708581138487681,-0.0139626340159547,-0.0122173047639603,3
-0.986147645029064,-0.122831182345576,-0.111468932206325,-0.978235454516582,-0.158439570953062,-0.133986185418292,3.26551103048139,3.30216294477327,-0.111701072127637,-0.134390352403563,0.708793542905692,0.0366519142918809,-0.0226892802759263,31
-0.770497370023923,0.623936467864118,-0.130526192220052,-0.817445566709451,0.557623558235869,-0.144356201000973,2.460914245312,2.54294472015574,-0.130899693899575,-0.144862327915529,0.709430756159728,0.0820304748437333,-0.0139626340159547,36
-0.642575145463144,0.755023241746606,0.130526192220052,-0.651028327605422,0.748922420283207,0.123601476740493,2.27590934460061,2.28638132011257,0.130899693899575,0.123918376891597,0.709430756159728,0.0104719755119658,-0.00698131700797731,54
-0.549148637114772,0.787186110687023,0.280666708920788,-0.501699733693813,0.812321095059569,0.297374874077786,2.17991623574092,2.1240656996771,0.284488668075076,0.301941960595019,0.709430756159728,-0.0558505360638186,0.0174532925199433,71
-0.157835810444879,0.943189611487918,-0.292371704722737,-0.0761429020372936,0.946367262781684,-0.313992455967405,1.73660260573436,1.65108147238664,-0.296705972839036,-0.319395253114962,0.70964316057774,-0.0855211333477222,-0.0226892802759263,85
-0.0906624620402266,0.908320732506712,0.408330460381385,-0.0839866735203034,0.905348850259416,0.416280792260401,1.67028009415857,1.6632987771506,0.420624349730633,0.429350995990605,0.709855564995752,-0.00698131700797777,0.00872664625997172,65
0.0610505498183963,0.919160150242684,-0.389123950140206,0.0340468633010675,0.928508560318561,-0.369746757273829,1.50447381521911,1.53414441250302,-0.399680398706701,-0.378736447682769,0.710067969413764,0.0296705972839035,0.0209439510239319,5
-0.302092415149469,0.924252906299647,-0.233445363855905,-0.337771797383539,0.908240992581971,-0.246999012722743,1.88670092140587,1.92684349420174,-0.235619449019234,-0.249582083035189,0.710705182667799,0.0401425727958697,-0.0139626340159546,31
0.503541128903021,0.848059914925077,-0.165047605860678,0.456220003915085,0.883910064660745,-0.102792536787247,1.03498024643264,1.09432144100044,-0.165806278939461,-0.102974425867665,0.710705182667799,0.0593411945678071,0.0628318530717959,142
0.676702466973339,0.703197907722433,-0.218143241396543,0.686079638116801,0.688478697424378,-0.23514211310259,0.804596785169386,0.787143492649443,-0.219911485751285,-0.237364778271229,0.710917587085811,-0.0174532925199431,-0.0174532925199433,33
-0.233234016226406,0.949558819537282,-0.209618562903822,-0.186708316414193,0.960531019023691,-0.20620418539663,1.81165176357011,1.76278254451427,-0.211184839491314,-0.207694180987325,0.711554800339847,-0.0488692190558409,0.00349065850398869,19
0.907884395402306,0.396644939440575,0.135715572434304,0.877908708103782,0.464828733698906,0.114937150492867,0.411897703470662,0.486946861306418,0.136135681655558,0.115191730631626,0.711554800339847,0.0750491578357559,-0.020943951023932,219
0.913851434284336,0.350794698987287,0.20449605184179,0.915070368801143,0.347602625023547,0.20449605184179,0.366519142918809,0.363028484414821,0.205948851735331,0.205948851735331,0.711554800339847,-0.00349065850398844,0,10
-0.367432485733776,0.878375630895469,0.305695304963106,-0.324109043526117,0.90024750071397,0.290702193598252,1.96698606699761,1.91637151868977,0.310668606854991,0.294960643587042,0.711767204757859,-0.050614548307836,-0.015707963267949,5
0.91338984590334,-0.255023027243265,-0.317304656405092,0.945753093374852,-0.19413522954052,-0.260504508642648,6.01091394386847,6.08072711394824,-0.322885911618951,-0.263544717051144,0.711979609175871,0.0698131700797742,0.0593411945678072,407
0.777648978518591,-0.590267701748382,-0.216439613938103,0.766469325791365,-0.605320999047105,-0.214735327167063,5.6339228254377,5.61472420366576,-0.218166156499291,-0.216420827247297,0.712192013593883,-0.0191986217719382,0.00174532925199433,2
0.0173661142346462,0.994904018178261,0.099319749743639,0.0173859947617642,0.996042972814049,0.0871557427476582,1.55334303427495,1.55334303427495,0.0994837673636768,0.0872664625997165,0.712829226847918,0,-0.0122173047639603,31
0.822203504168245,0.507803233957724,0.257132793154696,0.816077165902502,0.515902568581891,0.260504508642648,0.553269372882202,0.563741348394168,0.260054058547155,0.263544717051144,0.712829226847918,0.0104719755119662,0.00349065850398861,10
0.747010434008894,-0.656264701644764,0.106264071336233,0.778758656577834,-0.615026527682064,0.123601476740493,5.56236432610593,5.61472420366576,0.106465084371654,0.123918376891597,0.712829226847918,0.0523598775598302,0.0174532925199433,8
0.982031822718296,0.0652264816966711,0.177084740319583,0.960537379891229,0.165913614669772,0.223250116010951,0.0663225115757845,0.171042266695444,0.178023583703422,0.225147473507269,0.713466440101954,0.10471975511966,0.0471238898038469,3
-0.216894145049466,-0.962435223742933,-0.163325962241622,-0.183481018811149,-0.971045853516968,-0.152985836284038,4.49073216538141,4.5256387504213,-0.164060949687467,-0.153588974175501,0.713466440101954,0.0349065850398862,0.010471975511966,61
0.396888784262927,-0.904137886988828,0.158158067254484,0.539228616199395,-0.827175026964675,0.158158067254484,5.12603201310735,5.29009296279481,0.158824961931484,0.158824961931484,0.713678844519966,0.164060949687467,0,12
0.312666616782152,-0.929070052549458,-0.197657340379126,0.411491018345282,-0.898774335458741,-0.151260820247219,5.03702022125564,5.14173997637529,-0.198967534727354,-0.151843644923507,0.71410365335599,0.104719755119659,0.0471238898038469,44
-0.106172041555425,-0.931860049180881,0.346935651573256,-0.114299908648106,-0.930898052716019,0.346935651573256,4.59894257900506,4.59021593274509,0.354301838154849,0.354301838154849,0.71410365335599,-0.00872664625997199,0,34
0.760692904794121,-0.647400406933315,0.0471064507096427,0.788009553398014,-0.615660537619846,0.00174532836589831,5.57807228937388,5.61996019142174,0.0471238898038469,0.00174532925199433,0.714528462192014,0.041887902047864,-0.0453785605518526,10
-0.745268525205286,-0.645571847633615,-0.166768746716102,-0.611330609668362,-0.782467498348514,-0.118403968306501,3.85543231765547,4.04916386462684,-0.167551608191456,-0.118682389135614,0.714528462192014,0.193731546971371,0.0488692190558412,41
-0.910659892884416,-0.371633418424326,0.18051914525056,-0.88718298160968,-0.423164575254019,0.18395135061272,3.52905574753253,3.58665161284835,0.18151424220741,0.185004900711399,0.714953271028037,0.0575958653158128,0.00349065850398864,6
-0.948533836004011,-0.280968522652537,-0.146083028562412,-0.988461227163343,-0.0241574720513132,-0.14953534344371,3.42957198016886,3.16602726311771,-0.146607657167524,-0.150098315671512,0.714953271028037,-0.263544717051143,-0.00349065850398864,294
-0.636316120557252,-0.742402756463838,-0.209618562903822,-0.638084147318567,-0.741841259883575,-0.20620418539663,4.00378530407499,4.002039974823,-0.211184839491314,-0.207694180987325,0.715165675446049,-0.00174532925199511,0.00349065850398869,9
0.123092782331752,-0.98824789518851,0.0906325801977802,0.0902595726252795,-0.991785735406693,0.0906325801977802,4.83630735727629,4.80314610148839,0.0907571211037051,0.0907571211037051,0.715590484282073,-0.0331612557878929,0,43
-0.778232055064609,0.530873914241418,-0.335451569750255,-0.761056090111938,0.542856033357644,-0.355106962408137,2.54294472015574,2.52200076913181,-0.342084533390889,-0.363028484414821,0.715802888700085,-0.020943951023932,-0.0209439510239319,102
-0.495655279476948,0.818424143438958,0.290702193598252,-0.453324552418476,0.845446717376341,0.282341456842876,2.11533905341713,2.0629791758573,0.294960643587042,0.28623399732707,0.716015293118097,-0.0523598775598297,-0.00872664625997166,56
-0.333159292862409,0.910400555806469,0.245307385878803,-0.368660297868091,0.898886687710977,0.236838146065619,1.92160750644576,1.96000474998963,0.247836753783195,0.239110107523223,0.716227697536109,0.0383972435438755,-0.00872664625997166,94
-0.0574032168959522,0.938534300112019,-0.34037955021305,0.0145011558257084,0.92309632295959,-0.384295322659804,1.6318828506147,1.55508836352695,-0.347320521146872,-0.394444410950718,0.716440101954121,-0.0767944870877506,-0.0471238898038469,38
0.00865772415947941,0.992076924626661,0.125333233564304,-0.0399851227175251,0.995542635552596,0.0854169231373675,1.56206968053493,1.61093889959077,0.125663706143592,0.0855211333477222,0.716864910790144,0.0488692190558409,-0.0401425727958696,28
0.0500372203099884,0.987749287301777,0.147809411129611,0.0722755334947321,0.984205492904223,0.161603821103361,1.52018177848706,1.49749249821113,0.148352986419518,0.162315620435473,0.716864910790144,-0.0226892802759266,0.0139626340159547,38
0.593193942032655,0.792938708290192,-0.139173100960065,0.54630821308485,0.831674770344093,-0.099319749743639,0.928515162060983,0.989601685880785,-0.139626340159546,-0.0994837673636768,0.717077315208156,0.0610865238198013,0.0401425727958696,48
0.867364589534621,0.478810977547786,0.135715572434304,0.87821285854529,0.459118587298278,0.133986185418292,0.504400153826361,0.481710873550435,0.136135681655558,0.134390352403563,0.717289719626168,-0.0226892802759262,-0.00174532925199433,90
-0.189656691353913,0.975699093160417,-0.109734311091045,-0.12958083564055,0.984264165247072,-0.120136838834647,1.76278254451427,1.70169602069447,-0.109955742875643,-0.120427718387609,0.717926932880204,-0.0610865238198017,-0.010471975511966,3
0.686079638116801,0.688478697424378,0.23514211310259,0.733237428519227,0.637393572282238,0.236838146065619,0.787143492649443,0.715584993317675,0.237364778271229,0.239110107523223,0.717926932880204,-0.0715584993317675,0.0017453292519943,11
0.488824384708375,0.850091659452655,-0.195946144242518,0.45133013307937,0.881976413728501,-0.135715572434304,1.04894288044859,1.09781209950443,-0.197222205475359,-0.136135681655558,0.718139337298216,0.0488692190558413,0.0610865238198015,9
0.901525627865832,0.277345497109391,-0.332161131883703,0.90484667687195,0.266310859372136,-0.332161131883703,0.29845130209103,0.28623399732707,-0.3385938748869,-0.3385938748869,0.718351741716228,-0.0122173047639604,0,106
0.593561492123661,0.787682704435988,-0.165047605860678,0.590757986133236,0.783962326329013,-0.190808995376545,0.925024503556995,0.925024503556995,-0.165806278939461,-0.191986217719376,0.718988954970263,0,-0.0261799387799149,17
0.865237078137195,-0.479608744063995,0.146083028562412,0.914434001501871,-0.378770965317175,0.142628933705512,5.77703982410123,5.89048622548086,0.146607657167524,0.143116998663535,0.718988954970263,0.113446401379631,-0.00349065850398869,257
0.322158084934946,0.935615014599282,-0.144356201000973,0.343888009306705,0.929650087017275,-0.132256390257122,1.23918376891597,1.21649448864005,-0.144862327915529,-0.132645023151569,0.719201359388275,-0.0226892802759262,0.0122173047639603,92
0.987958361020845,0.0017243143780964,0.154710386299468,0.980670411814072,0.115202296655687,0.158158067254484,0.00174532925199433,0.11693705988362,0.155334303427495,0.158824961931484,0.719838572642311,0.115191730631626,0.00349065850398866,28
0.894204333246303,-0.268274156679752,-0.3583679495453,0.902167590044468,-0.251889717107988,-0.350207381259467,5.99171532209653,6.01091394386847,-0.366519142918809,-0.357792496658838,0.719838572642311,0.0191986217719364,0.00872664625997166,12
0.623964209386812,-0.756929113068356,-0.194234351219972,0.650983786302234,-0.728085743053703,-0.214735327167063,5.40179403492245,5.44193660771832,-0.195476876223365,-0.216420827247297,0.719838572642311,0.0401425727958689,-0.020943951023932,23
0.773204719496213,0.586894325544493,0.240228042477264,0.765511407082171,0.600237615326745,0.231747903494157,0.649262481741891,0.66497044500984,0.242600766027212,0.23387411976724,0.720263381478335,0.0157079632679489,-0.0087266462599716,17
0.791006282186642,0.555928526245844,0.255445757935791,0.790124544400792,0.549150863977254,0.272280247040574,0.61261056745001,0.607374579694027,0.258308729295161,0.275762021815104,0.720263381478335,-0.00523598775598311,0.0174532925199433,8
0.962515700825631,0.0352938485347924,-0.268919820615266,0.962687304212957,0.0302536673387529,-0.268919820615266,0.0366519142918809,0.0314159265358979,-0.272271363311115,-0.272271363311115,0.720688190314358,-0.00523598775598311,0,22
0.492551486183442,-0.867047417378073,-0.0749787268263277,0.501181557715235,-0.861116133542901,-0.0854169231373675,5.22900643897501,5.23947841448698,-0.0750491578357562,-0.0855211333477222,0.720688190314358,0.0104719755119653,-0.010471975511966,6
-0.911952296900801,-0.388980618182819,-0.130526192220052,-0.927865467865954,-0.337715411706691,-0.158158067254484,3.54476371080048,3.49065850398866,-0.130899693899575,-0.158824961931484,0.721112999150382,-0.0541052068118244,-0.0279252680319093,26
-0.952853754160634,-0.269630434393347,-0.139173100960065,-0.944795552182591,-0.29065706396737,-0.151260820247219,3.4173546754049,3.44004395568082,-0.139626340159546,-0.151843644923507,0.721325403568394,0.0226892802759266,-0.0122173047639603,100
-0.329739244716339,-0.828598131969811,-0.452434709311783,-0.305484874404026,-0.848516880911975,-0.432085748801982,4.33365253270192,4.36681378848981,-0.469493568786475,-0.446804288510548,0.721537807986406,0.0331612557878911,0.0226892802759263,39
0.0101290190896752,-0.967214716871272,-0.253757944584806,0.0135113299541138,-0.967614842071873,-0.252069358243114,4.72286095589666,4.72635161440064,-0.256563400043166,-0.254818070791172,0.72196261682243,0.00349065850398844,0.00174532925199433,35
-0.880465284143454,-0.474081710363249,0.00523596383141958,-0.896375833077299,-0.44301653023092,0.0157073173118207,3.63552083190419,3.6006142468643,0.00523598775598299,0.015707963267949,0.72196261682243,-0.0349065850398871,0.010471975511966,13
-0.569932654667961,0.804944753969357,-0.165047605860678,-0.62475710196816,0.766027889700163,-0.151260820247219,2.18689755274889,2.25496539357667,-0.165806278939461,-0.151843644923507,0.722175021240442,0.0680678408277791,0.0139626340159547,8
-0.976615897864068,-0.0477644860256675,-0.209618562903822,-0.97303143222997,-0.116026973668682,-0.199367934417197,3.19046187264563,3.26027504272541,-0.211184839491314,-0.200712863979348,0.722599830076466,0.0698131700797737,0.010471975511966,13
-0.790204555078325,0.597627011213764,0.135715572434304,-0.781404772763958,0.60830701875851,0.139173100960065,2.4940755010999,2.48011286708394,0.136135681655558,0.139626340159546,0.723237043330501,-0.0139626340159547,0.00349065850398866,105
0.0203114669772109,0.96965930632451,-0.243615011786023,-0.0638325400209563,0.961045023354643,-0.268919820615266,1.54985237577096,1.63711883837068,-0.2460914245312,-0.272271363311115,0.723237043330501,0.0872664625997164,-0.0261799387799149,50
0.124203128828161,0.98316900119275,-0.133986185418292,0.163597751810415,0.977621615370044,-0.132256390257122,1.4451326206513,1.40499004785544,-0.134390352403563,-0.132645023151569,0.723237043330501,-0.0401425727958693,0.00174532925199433,79
0.554809218074879,0.804241746033291,-0.213030386274977,0.48673421672378,0.856807171225788,-0.170209499166033,0.966912405604858,1.05417886820457,-0.214675497995303,-0.171042266695444,0.723449447748513,0.0872664625997164,0.0436332312998582,58
0.862522283938392,0.486006329740849,0.140901231937583,0.875985287365572,0.465769639288965,0.125333233564304,0.513126800086333,0.488692190558412,0.141371669411541,0.125663706143592,0.723874256584537,-0.0244346095279204,-0.015707963267949,39
-0.475690229261013,0.865277314823364,-0.158158067254484,-0.487141004109497,0.86101880983009,-0.146083028562412,2.07345115136926,2.08566845613322,-0.158824961931484,-0.146607657167524,0.724299065420561,0.01221730476396,0.0122173047639603,26
-0.0412394684549706,0.983943909292855,0.17364817766693,-0.0447277265251204,0.984981022963709,0.166768746716102,1.61268422884276,1.61617488734675,0.174532925199433,0.167551608191456,0.724723874256585,0.00349065850398844,-0.00698131700797733,24
0.0209191711786876,0.998670801905581,-0.0471064507096427,0.013939028483675,0.998244502256401,-0.0575640269595673,1.54985237577096,1.55683369277894,-0.0471238898038469,-0.0575958653158129,0.724723874256585,0.00698131700797733,-0.010471975511966,11
0.987946196322071,0.10558099054929,-0.113203213767907,0.977343084581625,0.154795937456517,-0.144356201000973,0.106465084371654,0.15707963267949,-0.113446401379631,-0.144862327915529,0.72536108751062,0.0506145483078355,-0.0314159265358979,61
0.879715557503865,-0.434782509182076,-0.192521966525907,0.877859962044346,-0.433865416784386,-0.202787295356512,5.82416371390508,5.82416371390508,-0.193731546971371,-0.204203522483337,0.72536108751062,0,-0.010471975511966,56
0.710396769051357,-0.678869898031027,-0.185666615385577,0.730927320726611,-0.660443514838726,-0.17192910027941,5.52047642405806,5.54840169208997,-0.186750229963393,-0.172787595947439,0.72536108751062,0.0279252680319084,0.0139626340159546,48
0.709147108622402,-0.694448156071053,0.121869343405147,0.724870089949451,-0.673590854992288,0.144356201000973,5.5082591192941,5.53443905807402,0.122173047639603,0.144862327915529,0.725573491928632,0.0261799387799151,0.0226892802759263,8
0.350110691581016,-0.888807770431723,0.295708050044047,0.361523197438924,-0.885885552625564,0.290702193598252,5.08763476956347,5.09985207432743,0.300196631343025,0.294960643587042,0.725785896346644,0.0122173047639604,-0.005235987755983,4
0.787064647375861,-0.612713110929581,-0.0714974443326859,0.811405948677824,-0.580909603674949,-0.064532308252958,5.62170552067374,5.6618480934696,-0.0715584993317675,-0.0645771823237902,0.72642310960068,0.0401425727958689,0.0069813170079773,1
0.0814669829062678,-0.970164424629071,-0.228350870110656,0.120718135893605,-0.96918309463838,-0.214735327167063,4.79616478448042,4.83630735727629,-0.230383461263251,-0.216420827247297,0.72642310960068,0.0401425727958697,0.0139626340159546,1
0.901589260151902,-0.35514545427576,0.246999012722743,0.903004980473174,-0.353883782156145,0.243615011786023,5.90793951800081,5.9096848472528,0.249582083035189,0.2460914245312,0.727060322854715,0.00174532925199422,-0.00349065850398864,76
-0.294393082468229,-0.911458526004644,0.287360519849712,-0.270148141249879,-0.917884642216221,0.290702193598252,4.3999750442777,4.42615498305762,0.291469985083053,0.294960643587042,0.727060322854715,0.0261799387799151,0.00349065850398861,86
-0.320194124831085,-0.940564062048021,-0.113203213767907,-0.307380074841842,-0.946018595996435,-0.102792536787247,4.38426708100976,4.39822971502571,-0.113446401379631,-0.102974425867665,0.727060322854715,0.0139626340159547,0.010471975511966,43
-0.578539320070983,-0.814083908172984,0.0505929400767133,-0.530168008580764,-0.84516022321997,0.0680152906652482,4.0945424251787,4.15213829049451,0.0506145483078356,0.0680678408277788,0.727272727272727,0.0575958653158137,0.0174532925199433,4
0.662493660758466,-0.722984963890216,-0.195946144242518,0.662578154779679,-0.725615667374968,-0.185666615385577,5.45415391248228,5.45240858323029,-0.197222205475359,-0.186750229963393,0.727697536108751,-0.00174532925199422,0.010471975511966,7
0.515151598069321,-0.84395379735374,0.14953534344371,0.505739406518482,-0.845028971744335,0.17364817766693,5.26042236551091,5.25169571925094,0.150098315671512,0.174532925199433,0.727697536108751,-0.0087266462599711,0.0244346095279206,35
-0.322732605302266,-0.867801823742733,0.377840786818467,-0.287514840371454,-0.884879690904793,0.366501226724297,4.35634181297785,4.39822971502571,0.387463093942741,0.375245789178781,0.727909940526763,0.041887902047864,-0.0122173047639603,11
-0.584347275175273,0.804285024827839,-0.107999355706023,-0.614058206513562,0.780328789230938,-0.118403968306501,2.19911485751286,2.23751210105673,-0.108210413623648,-0.118682389135614,0.728759558198811,0.0383972435438751,-0.010471975511966,22
-0.0977931055188882,0.962755185469222,-0.252069358243114,-0.0915080931302834,0.968054508272051,-0.233445363855905,1.67202542341057,1.66504410640259,-0.254818070791172,-0.235619449019234,0.729396771452846,-0.00698131700797688,0.0191986217719376,12
-0.261305055582157,0.955170411966558,0.139173100960065,-0.264572314567229,0.954016945972665,0.140901231937583,1.83783170235003,1.84132236085402,0.139626340159546,0.141371669411541,0.729609175870858,0.00349065850398889,0.00174532925199433,4
-0.0277135150625974,0.992159172825043,0.121869343405147,-0.0898979526157732,0.987812200449295,0.12706460860135,1.59872159482681,1.6615534478986,0.122173047639603,0.127409035395586,0.730246389124894,0.062831853071796,0.00523598775598297,48
0.0230871601669889,0.944666835250992,0.327217898979104,-0.105430438592121,0.954976966047902,0.277314653302378,1.54636171726698,1.68075206967054,0.333357887130917,0.280998009571087,0.730246389124894,0.134390352403564,-0.0523598775598299,30
-0.211049029138216,0.885891097911677,-0.413104429824542,-0.234535993163963,0.881451061736677,-0.409923033841573,1.80467044656214,1.83085038534205,-0.425860337486616,-0.422369678982628,0.730458793542906,0.0261799387799151,0.00349065850398855,1
0.158679194888617,0.958503315423427,0.236838146065619,0.123236408015559,0.962010661984533,0.243615011786023,1.40673537710743,1.44338729139931,0.239110107523223,0.2460914245312,0.731096006796941,0.0366519142918813,0.00698131700797736,9
0.856446323793218,0.502474073709635,0.118403968306501,0.845010812868826,0.519854120594501,0.125333233564304,0.530580092606276,0.551524043630208,0.118682389135614,0.125663706143592,0.731096006796941,0.020943951023932,0.00698131700797733,8
0.984573419838161,0.134869782015728,-0.111468932206325,0.970278554682179,0.199169583743364,-0.137444546037147,0.136135681655558,0.202458193231342,-0.111701072127637,-0.137881010907552,0.731096006796941,0.0663225115757844,-0.026179938779915,50
0.970327796545844,0.0968515898322997,0.221548497619467,0.972503919063602,0.0662986659521204,0.223250116010951,0.0994837673636768,0.0680678408277788,0.223402144255274,0.225147473507269,0.731520815632965,-0.0314159265358978,0.00174532925199433,9
0.883578197413169,-0.458003435282631,-0.0975828997591495,0.90391795428758,-0.413845950908837,-0.107999355706023,5.80496509213314,5.85383431118898,-0.0977384381116825,-0.108210413623648,0.731520815632965,0.0488692190558409,-0.010471975511966,21
0.955530300805501,-0.218845653456491,0.197657340379126,0.951949130891211,-0.223277652893441,0.209618562903822,6.05803783367232,6.05280184591633,0.198967534727354,0.211184839491314,0.732158028887001,-0.00523598775598355,0.0122173047639603,6
0.758624912200049,-0.629822536678555,-0.166768746716102,0.756547194346451,-0.63933194781049,-0.137444546037147,5.59028959413784,5.58156294787787,-0.167551608191456,-0.137881010907552,0.732158028887001,-0.00872664625997199,0.0296705972839036,24
0.647098072765047,-0.752320915016545,0.123601476740493,0.633303070286803,-0.762817235194541,0.130526192220052,5.42273798594638,5.40528469342644,0.123918376891597,0.130899693899575,0.732158028887001,-0.017453292519944,0.00698131700797731,10
0.890513516392275,-0.327645177893758,-0.315649036947102,0.896068669255791,-0.313798785169276,-0.313992455967405,5.93062879827673,5.94633676154468,-0.321140582366957,-0.319395253114962,0.73322005097706,0.0157079632679489,0.00174532925199428,17
0.519805075950943,-0.822250322129276,-0.231747903494157,0.368943338419718,-0.89070801136009,-0.265556117486809,5.27613032877886,5.10508806208341,-0.23387411976724,-0.268780704807127,0.73322005097706,-0.171042266695444,-0.0349065850398866,164
0.478128458268223,-0.848541314392656,0.226651307436855,0.468725279874605,-0.84560278899675,0.255445757935791,5.22551578047102,5.21853446346305,0.228638132011257,0.258308729295161,0.73322005097706,-0.006981317007976,0.0296705972839036,60
0.931038135122877,-0.284646923515118,-0.228350870110656,0.937892221860015,-0.272482879170303,-0.214735327167063,5.98647933434055,6.00044196835651,-0.230383461263251,-0.216420827247297,0.733432455395072,0.0139626340159555,0.0139626340159546,26
0.76522113672084,-0.608684376341139,0.209618562903822,0.768488898248533,-0.611283671227371,0.189095442989891,5.61123354516177,5.61123354516177,0.211184839491314,0.190240888467382,0.733644859813084,0,-0.020943951023932,11
0.200472698320643,-0.911802122155206,-0.3583679495453,0.160401861845041,-0.919061228025652,-0.359996808120051,4.92880980763199,4.88517657633213,-0.366519142918809,-0.368264472170804,0.734494477485132,-0.0436332312998582,-0.00174532925199433,3
-0.960513507062043,0.24840568293759,0.125333233564304,-0.95829080196645,0.242484851330215,0.151260820247219,2.88851991205062,2.8937558998066,0.125663706143592,0.151843644923507,0.734706881903144,0.00523598775598355,0.0261799387799149,127
-0.616398655246661,0.724265969791196,0.309016994374947,-0.615826323647001,0.715964152570741,0.328866646738583,2.27590934460061,2.28114533235659,0.314159265358979,0.335103216382911,0.734919286321155,0.00523598775598266,0.0209439510239319,6
-0.970967875002548,-0.19578146612404,-0.137444546037147,-0.964004552393358,-0.229658278931845,-0.133986185418292,3.34056018831715,3.37546677335703,-0.137881010907552,-0.134390352403563,0.735556499575191,0.0349065850398862,0.00349065850398869,78
-0.147617969903865,0.964687753210577,-0.218143241396543,-0.125742626673304,0.968164596210594,-0.216439613938103,1.7226399717184,1.69995069144248,-0.219911485751285,-0.218166156499291,0.735556499575191,-0.0226892802759266,0.0017453292519943,28
-0.879070735990421,0.40247000618415,-0.255445757935791,-0.873544928218065,0.420408782993177,-0.245307385878803,2.71224165759919,2.69304303582725,-0.258308729295161,-0.247836753783195,0.736406117247239,-0.0191986217719373,0.010471975511966,24
-0.456448988019672,0.851273765147286,-0.258819045102521,-0.457704713630621,0.853615683514685,-0.248689887164855,2.0629791758573,2.0629791758573,-0.261799387799149,-0.251327412287183,0.736406117247239,0,0.0104719755119659,2
-0.0992433809267327,0.960358345785095,0.260504508642648,-0.122619443163972,0.957194497874798,0.262189178640865,1.67377075266256,1.69820536219048,0.263544717051144,0.265290046303138,0.736406117247239,0.0244346095279209,0.00174532925199433,56
0.0488460989597794,0.964236205290625,-0.260504508642648,0.03378786538291,0.967557870994063,-0.250380004054441,1.52018177848706,1.53588974175501,-0.263544717051144,-0.253072741539178,0.736406117247239,0.0157079632679489,0.0104719755119659,151
0.0398326562366601,0.991746551612422,-0.121869343405147,0.0276499072548883,0.989881978115551,-0.139173100960065,1.53065375399903,1.54287105876299,-0.122173047639603,-0.139626340159546,0.736618521665251,0.0122173047639604,-0.0174532925199433,2
0.24232453851559,0.964734425846849,-0.102792536787247,0.193639540975476,0.969071236838283,-0.152985836284038,1.3247049022637,1.37357412131954,-0.102974425867665,-0.153588974175501,0.737043330501274,0.0488692190558413,-0.0506145483078355,8
-0.586283117185308,0.80399483444506,-0.099319749743639,-0.623801399272004,0.773085548760854,-0.114937150492867,2.20086018676485,2.24972940582069,-0.0994837673636768,-0.115191730631626,0.737468139337298,0.0488692190558413,-0.015707963267949,71
-0.166808471843337,0.975869753891247,0.140901231937583,-0.192199899655242,0.970680424138182,0.144356201000973,1.74009326423835,1.76627320301826,0.141371669411541,0.144862327915529,0.737468139337298,0.0261799387799151,0.00349065850398866,68
0.53618719780738,0.828819217157589,0.159881187691835,0.439977976530788,0.886329886329261,0.144356201000973,0.996583002888762,1.11002940426839,0.160570291183478,0.144862327915529,0.73768054375531,0.113446401379631,-0.0157079632679489,44
0.69570180759143,0.710427295405423,0.106264071336233,0.733067604929204,0.674090218005018,0.0906325801977802,0.795870138909414,0.743510261349584,0.106465084371654,0.0907571211037051,0.737892948173322,-0.0523598775598302,-0.0157079632679489,42
0.628357015667712,0.69298123760777,0.353474843779257,0.63907977911033,0.680550842091161,0.3583679495453,0.834267382453289,0.816814089933346,0.361283155162826,0.366519142918809,0.738105352591334,-0.0174532925199431,0.00523598775598305,36
0.922945119942878,0.356134882228152,-0.146083028562412,0.924797177801989,0.351297493152898,-0.146083028562412,0.368264472170804,0.363028484414821,-0.146607657167524,-0.146607657167524,0.738530161427358,-0.00523598775598311,0,1
0.54494239039152,-0.810959829879329,-0.213030386274977,0.406659407852392,-0.884140964114222,-0.230049737188104,5.30405559681077,5.14348530562729,-0.214675497995303,-0.232128790515246,0.73874256584537,-0.160570291183478,-0.0174532925199433,7
0.529403067751593,-0.827804505778065,0.185666615385577,0.58404026188136,-0.792172940239376,0.177084740319583,5.28136631653484,5.34768882811063,0.186750229963393,0.178023583703422,0.739167374681393,0.0663225115757839,-0.00872664625997163,9
0.908303878867036,-0.350485297487359,-0.228350870110656,0.919611394338518,-0.322043330240436,-0.224951054343865,5.91492083500878,5.94633676154468,-0.230383461263251,-0.226892802759263,0.740016992353441,0.0314159265358978,0.00349065850398866,9
-0.104098265779559,-0.990428839679248,-0.0906325801977802,0.031338020518541,-0.997191981869941,-0.0680152906652482,4.60766922526503,4.74380490692059,-0.0907571211037051,-0.0680678408277788,0.740866610025488,0.136135681655558,0.0226892802759263,22
-0.466428025969479,-0.87354206799637,0.139173100960065,-0.476514514675421,-0.863204554217822,0.166768746716102,4.22195146057428,4.20798882655833,0.139626340159546,0.167551608191456,0.740866610025488,-0.0139626340159547,0.0279252680319093,214
-0.580866068511145,-0.799493554913909,-0.152985836284038,-0.522358063428401,-0.839203323295057,-0.151260820247219,4.08407044966673,4.1556289489985,-0.153588974175501,-0.151843644923507,0.740866610025488,0.0715584993317675,0.00174532925199433,33
-0.370701109226986,-0.832608323450894,-0.411514358605109,-0.363134261831898,-0.83515162572023,-0.413104429824542,4.29350995990605,4.30223660616602,-0.424115008234622,-0.425860337486616,0.741291418861512,0.0087266462599711,-0.00174532925199422,42
0.244025111454732,-0.957348651929157,0.154710386299468,0.28240120471217,-0.947296006449543,0.151260820247219,4.96197106341988,5.00211363621575,0.155334303427495,0.151843644923507,0.741716227697536,0.0401425727958706,-0.00349065850398866,28
-0.976716248324307,0.207607447471058,0.0540788129847753,-0.975217513304011,0.193098267501872,0.107999355706023,2.93215314335047,2.94611577736643,0.0541052068118242,0.108210413623648,0.741716227697536,0.0139626340159547,0.0541052068118242,12
-0.805351954199298,-0.557652131256564,-0.201077921145965,-0.827281959366076,-0.533146841361151,-0.177084740319583,3.74722190403183,3.71406064824393,-0.202458193231342,-0.178023583703422,0.742353440951572,-0.0331612557878915,0.0244346095279206,215
-0.971416386493978,0.180041385303636,0.154710386299468,-0.966000878203673,0.201808097742694,0.161603821103361,2.95833308213039,2.93564380185446,0.155334303427495,0.162315620435473,0.742353440951572,-0.0226892802759262,0.00698131700797733,109
-0.932403188443386,0.344906412447916,0.107999355706023,-0.939793003211935,0.319931634992088,0.120136838834647,2.78729081543494,2.81347075421486,0.108210413623648,0.120427718387609,0.742353440951572,0.0261799387799146,0.0122173047639603,89
-0.414663508435034,-0.877227434136559,0.241921895599668,-0.404003660278587,-0.878366954771247,0.255445757935791,4.27082067963012,4.28129265514209,0.244346095279206,0.258308729295161,0.742565845369584,0.0104719755119662,0.0139626340159547,21
-0.124687568273551,-0.973338739968273,0.192521966525907,-0.104381842484106,-0.976725485437822,0.187381314585725,4.5849799449891,4.60592389601304,0.193731546971371,0.188495559215388,0.742778249787596,0.0209439510239315,-0.00523598775598297,7
-0.617655560308957,0.773723756684451,-0.140901231937583,-0.618535261301199,0.772058209782845,-0.146083028562412,2.24449341806471,2.2462387473167,-0.141371669411541,-0.146607657167524,0.742990654205608,0.00174532925199422,-0.005235987755983,13
-0.981175540144614,0.0686104774792649,0.18051914525056,-0.986725578395207,0.0672682014191025,0.147809411129611,3.07177948351002,3.07352481276201,0.18151424220741,0.148352986419518,0.743415463041631,0.00174532925199422,-0.0331612557878923,13
-0.28509459632027,0.950269778385748,0.125333233564304,-0.250296178385962,0.960901828166986,0.118403968306501,1.86226631187795,1.82561439758607,0.125663706143592,0.118682389135614,0.743840271877655,-0.0366519142918813,-0.00698131700797733,49
0.0441096051562432,0.971368933427019,-0.233445363855905,0.084818127483216,0.969475633355437,-0.230049737188104,1.52541776624304,1.48352986419518,-0.235619449019234,-0.232128790515246,0.744265080713679,-0.041887902047864,0.00349065850398864,141
-0.12152629747608,0.989752266754292,0.0749787268263277,-0.178388159042564,0.981606634527868,0.0680152906652482,1.6929693744345,1.75056523975031,0.0750491578357562,0.0680678408277788,0.744477485131691,0.0575958653158128,-0.00698131700797731,36
0.0660217082003405,0.994004532460699,-0.0871557427476582,0.0592139009540453,0.996683336629093,-0.0558215049931638,1.50447381521911,1.51145513222709,-0.0872664625997165,-0.0558505360638185,0.745327102803738,0.00698131700797688,0.0314159265358979,2
0.618212265557707,0.752623929696081,0.226651307436855,0.649363933895894,0.718665305533237,0.248689887164855,0.883136601509131,0.836012711705284,0.228638132011257,0.251327412287183,0.745327102803738,-0.0471238898038471,0.0226892802759263,33
0.947031342909912,0.287730121496305,0.142628933705512,0.945411544768262,0.296274019140587,0.135715572434304,0.294960643587042,0.303687289847013,0.143116998663535,0.136135681655558,0.745751911639762,0.00872664625997155,-0.0069813170079773,179
-0.305687855384159,0.952106190020465,-0.00698126029796155,-0.359996259813696,0.932952113856357,0.00174532836589831,1.88146493364989,1.9390607989657,-0.00698131700797732,0.00174532925199433,0.74660152931181,0.0575958653158128,0.00872664625997165,52
0.986135385462936,-0.0172130571812685,-0.165047605860678,0.98051206543536,-0.111715238622481,-0.161603821103361,6.26573201465964,6.16973890579995,-0.165806278939461,-0.162315620435473,0.74660152931181,-0.0959931088596884,0.00349065850398866,8
-0.0833200952968064,0.992232551519304,-0.0923705874465616,-0.131669431715692,0.986816490597928,-0.0941083133185143,1.65457213089062,1.70344134994647,-0.0925024503556995,-0.0942477796076938,0.747026338147833,0.0488692190558409,-0.00174532925199435,6
0.950675771069262,0.303399339968644,-0.064532308252958,0.896471321638903,0.441118577146498,-0.0418756537291996,0.308923277602996,0.457276264022514,-0.0645771823237902,-0.0418879020478639,0.747026338147833,0.148352986419518,0.0226892802759263,75
0.620996631211547,-0.737457207225777,0.265556117486809,0.628108197952569,-0.72767035101273,0.275637355816999,5.41226601043442,5.42448331519838,0.268780704807127,0.279252680319093,0.747663551401869,0.0122173047639595,0.010471975511966,4
0.506507283416458,-0.804319916400173,0.310676429630732,0.505114097350795,-0.808351531095881,0.302369890750444,5.27438499952686,5.27089434102288,0.315904594610974,0.307177948351002,0.747663551401869,-0.00349065850398844,-0.00872664625997166,21
0.411371178129458,-0.886223339981472,-0.213030386274977,0.414529735548034,-0.880920529029823,-0.228350870110656,5.14697596413128,5.15221195188726,-0.214675497995303,-0.230383461263251,0.747875955819881,0.00523598775598266,-0.0157079632679489,52
0.721978589800078,-0.64100258723904,-0.260504508642648,0.71766359205372,-0.641665307834401,-0.270600445975864,5.55712833834995,5.55363767984596,-0.263544717051144,-0.27401669256311,0.748088360237893,-0.00349065850398844,-0.010471975511966,24
0.971851006171308,0.122773333551846,0.201077921145965,0.976165557174632,0.109494510958614,0.187381314585725,0.125663706143592,0.111701072127637,0.202458193231342,0.188495559215388,0.748300764655905,-0.0139626340159547,-0.0139626340159546,6
-0.41484476345946,-0.897806326671729,0.147809411129611,-0.416625795448763,-0.897543443962047,0.144356201000973,4.2795473258901,4.2778019966381,0.148352986419518,0.144862327915529,0.748725573491929,-0.00174532925199511,-0.00349065850398864,34
-0.485091041476261,-0.857395513142324,-0.17192910027941,-0.474288024117508,-0.862726713136024,-0.175366726091987,4.19751685104636,4.20973415581032,-0.172787595947439,-0.176278254451427,0.748725573491929,0.0122173047639595,-0.00349065850398866,90
0.949759851009676,-0.214037626434664,-0.228350870110656,0.953460323386563,-0.202664248027836,-0.223250116010951,6.06152849217631,6.07374579694027,-0.230383461263251,-0.225147473507269,0.749362786745964,0.0122173047639595,0.00523598775598297,4
0.81874993974991,-0.554335383338183,-0.14953534344371,0.843354082166689,-0.506738255870097,-0.17880221511635,5.68802803224952,5.74213323906134,-0.150098315671512,-0.179768912955416,0.749362786745964,0.0541052068118244,-0.0296705972839036,23
-0.695668519284329,-0.702991955329694,-0.147809411129611,-0.685128361230037,-0.706997623771129,-0.175366726091987,3.93222680474322,3.94269878025519,-0.148352986419518,-0.176278254451427,0.749362786745964,0.0104719755119662,-0.0279252680319093,95
-0.202551590224807,-0.891534154118,-0.405141586779863,-0.146509161558943,-0.904574882312158,-0.400349032556895,4.48898683612942,4.55181868920121,-0.417133691226645,-0.411897703470662,0.750212404418012,0.0628318530717964,0.00523598775598294,112
-0.728085743053702,-0.650983786302234,-0.214735327167063,-0.730249363907487,-0.659830933844918,-0.177084740319583,3.87114028092342,3.87637626867941,-0.216420827247297,-0.178023583703422,0.750212404418012,0.00523598775598222,0.0383972435438752,25
-0.87525842296515,-0.43829676910705,-0.20449605184179,-0.858316311662617,-0.466027733509859,-0.214735327167063,3.60585023462028,3.63901149040818,-0.205948851735331,-0.216420827247297,0.750212404418012,0.0331612557878924,-0.010471975511966,15
-0.585499395038537,-0.779811978371751,0.221548497619467,-0.625618896545488,-0.737704481378079,0.253757944584806,4.06836248639878,4.00902129183097,0.223402144255274,0.256563400043166,0.750849617672048,-0.059341194567808,0.0331612557878922,165
-0.483315113984149,0.871923546471856,0.0784590957278449,-0.495157668399168,0.864594027661101,0.0854169231373675,2.07694180987325,2.09090444388921,0.0785398163397448,0.0855211333477222,0.751274426508071,0.0139626340159547,0.00698131700797733,28
-0.494772087733045,-0.860435032026406,-0.121869343405147,-0.48623663071966,-0.866463485288913,-0.113203213767907,4.19053553403839,4.20100750955035,-0.122173047639603,-0.113446401379631,0.751911639762107,0.0104719755119653,0.00872664625997166,69
-0.968382583785098,0.214685250221536,-0.12706460860135,-0.925350401259241,0.340462655820138,-0.166768746716102,2.9234264970905,2.78903614468694,-0.127409035395586,-0.167551608191456,0.751911639762107,-0.134390352403563,-0.0401425727958696,9
-0.248302120985208,0.967072911571069,-0.0558215049931638,-0.261805509435613,0.963604357200255,-0.0540788129847753,1.82212373908208,1.83608637309803,-0.0558505360638185,-0.0541052068118242,0.752124044180119,0.0139626340159547,0.00174532925199433,6
0.0707426660764295,0.963331810483085,-0.258819045102521,0.172476281243126,0.958582869263637,-0.226651307436855,1.49749249821113,1.39277274309147,-0.261799387799149,-0.228638132011257,0.752336448598131,-0.104719755119659,0.0331612557878923,228
-0.983673411016878,-0.0584409689521653,-0.170209499166033,-0.985161545035394,-0.0326811743558302,-0.168489379565003,3.2009338481576,3.17475390937769,-0.171042266695444,-0.16929693744345,0.753186066270178,-0.0261799387799151,0.00174532925199436,6
-0.713020788817112,0.688556171964771,0.132256390257122,-0.787447339519674,0.60860846622273,0.0975828997591495,2.37364778271229,2.48360352558793,0.132645023151569,0.0977384381116825,0.753186066270178,0.109955742875643,-0.0349065850398866,37
-0.286962677637104,0.944505387737726,0.159881187691835,-0.3161231381508,0.933945580130037,0.166768746716102,1.86575697038194,1.89717289691784,0.160570291183478,0.167551608191456,0.753186066270178,0.0314159265358978,0.00698131700797733,6
0.284929700818095,0.926178467308381,-0.246999012722743,0.329388412185697,0.909925443403299,-0.252069358243114,1.27234502470387,1.22347580564802,-0.249582083035189,-0.254818070791172,0.753186066270178,-0.0488692190558417,-0.00523598775598297,17
0.521866672172838,0.788454534693414,-0.325568154457157,0.561420101649117,0.764280854455966,-0.317304656405092,0.986111027376796,0.937241808320955,-0.331612557878923,-0.322885911618951,0.753610875106202,-0.0488692190558413,0.00872664625997166,4
-0.191467311049373,0.97591704010455,0.104528463267653,-0.298712951685638,0.947396444964743,0.114937150492867,1.76452787376627,1.8762289458939,0.10471975511966,0.115191730631626,0.754248088360238,0.111701072127637,0.010471975511966,19
-0.0591315829985107,0.995297767813917,-0.0767190281268186,-0.0365097868047668,0.995676144491378,-0.0854169231373675,1.6301375213627,1.60744824108678,-0.0767944870877505,-0.0855211333477222,0.754248088360238,-0.0226892802759266,-0.00872664625997166,9
0.470820777660318,0.828794452497661,-0.302369890750444,0.44871764035721,0.843915141687562,-0.294040325232304,1.05417886820457,1.08210413623648,-0.307177948351002,-0.29845130209103,0.754248088360238,0.0279252680319093,0.00872664625997166,36
0.964047970960634,0.171723098413333,0.202787295356512,0.952712755629925,0.169703989036616,0.252069358243114,0.176278254451427,0.176278254451427,0.204203522483337,0.254818070791172,0.75446049277825,0,0.0506145483078355,91
0.909703325805549,0.410746801374014,-0.0610485395348569,0.85884965836521,0.507922272057184,-0.0662739004000001,0.424115008234622,0.534070751110265,-0.0610865238198015,-0.0663225115757845,0.754672897196262,0.109955742875643,-0.00523598775598298,10
0.928472251432891,0.348989775724339,-0.12706460860135,0.924181159133452,0.349218959213011,-0.154710386299468,0.359537825910832,0.361283155162826,-0.127409035395586,-0.155334303427495,0.755310110450297,0.00174532925199422,-0.0279252680319093,30
0.990371439967001,-0.0796833940686912,-0.113203213767907,0.993127554937412,-0.0450976583773624,-0.107999355706023,6.20290016158785,6.23780674662773,-0.113446401379631,-0.108210413623648,0.755522514868309,0.0349065850398871,0.00523598775598298,32
0.982181252920598,-0.106699028966503,0.154710386299468,0.987320229991655,-0.0621169237427218,0.146083028562412,6.17497489355594,6.22035345410779,0.155334303427495,0.146607657167524,0.756159728122345,0.0453785605518524,-0.00872664625997163,6
0.913235700646828,-0.298491437277317,0.277314653302378,0.899266419620392,-0.332648749457793,0.284015344703923,5.96728071256861,5.92888346902474,0.280998009571087,0.287979326579064,0.756372132540357,-0.0383972435438746,0.00698131700797727,25
-0.487045240036717,-0.846997632039849,-0.213030386274977,-0.444694026438503,-0.880344540875657,-0.165047605860678,4.19053553403839,4.24464074085021,-0.214675497995303,-0.165806278939461,0.756584536958369,0.0541052068118235,0.0488692190558412,54
0.557277669292851,-0.778397212008482,-0.289031796944472,0.606983188473407,-0.741588542009744,-0.285688367404974,5.33372619409467,5.39830337641846,-0.293215314335047,-0.289724655831059,0.757221750212404,0.0645771823237906,0.00349065850398866,4
-0.337341689589546,-0.888058265623842,0.312334918512233,-0.268545719688153,-0.918354741412237,0.290702193598252,4.34936049596987,4.42790031230961,0.317649923862968,0.294960643587042,0.757221750212404,0.0785398163397444,-0.0226892802759263,14
-0.832077719366568,-0.503924178979134,0.231747903494157,-0.799785114536453,-0.545576414570508,0.250380004054441,3.68613538021202,3.74024058702385,0.23387411976724,0.253072741539178,0.757221750212404,0.0541052068118244,0.0191986217719376,42
-0.470568653388558,-0.841983465366186,0.263873049965373,-0.460403311506621,-0.855061740676862,0.238533457578581,4.20275283880235,4.21846080207029,0.267035375555132,0.240855436775218,0.757646559048428,0.0157079632679489,-0.026179938779915,1
-0.902236741970466,0.147746932624718,-0.405141586779863,-0.868899705112799,0.25243870014171,-0.425779291565073,2.97927703315432,2.85884931476671,-0.417133691226645,-0.439822971502571,0.75785896346644,-0.120427718387608,-0.0226892802759263,76
-0.898830551498225,0.422957552397374,0.114937150492867,-0.857304910738398,0.502977803678453,0.109734311091045,2.70176968208722,2.61101256098352,0.115191730631626,0.109955742875643,0.758071367884452,-0.0907571211037053,-0.005235987755983,49
-0.982921875314993,0.00514661393677108,-0.18395135061272,-0.971627343155741,-0.073057026915283,-0.224951054343865,3.13635666583381,3.21664181142555,-0.185004900711399,-0.226892802759263,0.758283772302464,0.080285145591739,-0.0418879020478639,7
-0.322733595976029,0.942627697062911,-0.0854169231373675,-0.373947221350608,0.925551851436443,-0.0593063735759616,1.90066355542182,1.95476876223365,-0.0855211333477222,-0.0593411945678072,0.758708581138488,0.0541052068118244,0.026179938779915,6
-0.346496383181546,0.921838688076749,0.17364817766693,-0.450060085402353,0.8794945229498,0.154710386299468,1.93033415270573,2.04378055408536,0.174532925199433,0.155334303427495,0.759558198810535,0.113446401379631,-0.0191986217719376,26
0.00509552937936247,0.973165532681891,-0.230049737188104,0.0681552539599072,0.974665540522078,-0.213030386274977,1.56556033903891,1.50098315671512,-0.232128790515246,-0.214675497995303,0.759558198810535,-0.0645771823237902,0.0174532925199433,4
0.144837415653164,0.957692781140614,-0.248689887164855,0.196763646027492,0.950135708218269,-0.241921895599668,1.42069801112338,1.36659280431156,-0.251327412287183,-0.244346095279206,0.759558198810535,-0.0541052068118244,0.00698131700797733,8
0.411488702596833,0.855010370176609,-0.315649036947102,0.43443757189118,0.841707375753001,-0.320612990585676,1.12224670903235,1.09432144100044,-0.321140582366957,-0.32637657012294,0.759983007646559,-0.0279252680319093,-0.00523598775598305,112
-0.064220452069292,0.966885319595869,-0.246999012722743,-0.0807504990375542,0.961632045799647,-0.262189178640865,1.63711883837068,1.65457213089062,-0.249582083035189,-0.265290046303138,0.760407816482583,0.0174532925199431,-0.015707963267949,8
0.807695974329561,0.576123939457593,-0.125333233564304,0.788902366004617,0.607536609174372,-0.0923705874465616,0.619591884457987,0.656243798749868,-0.125663706143592,-0.0925024503556995,0.760407816482583,0.0366519142918809,0.0331612557878923,137
0.143484427472807,0.983549998750534,-0.109734311091045,0.0655459388224678,0.98684148062665,-0.147809411129611,1.42593399887937,1.50447381521911,-0.109955742875643,-0.148352986419518,0.761045029736618,0.0785398163397448,-0.0383972435438752,3
0.919652498116367,0.338366235659743,0.199367934417197,0.91195158755068,0.368452358062481,0.18051914525056,0.352556508902855,0.383972435438752,0.200712863979348,0.18151424220741,0.761045029736618,0.0314159265358978,-0.0191986217719376,4
0.959313094248332,0.15881325290376,0.233445363855905,0.971001311076404,0.17296167693325,0.165047605860678,0.164060949687467,0.176278254451427,0.235619449019234,0.165806278939461,0.761045029736618,0.0122173047639604,-0.0698131700797732,10
0.244547818482948,0.919078267430312,0.309016994374947,0.133091898350234,0.946998063815894,0.292371704722737,1.31074226824774,1.43116998663535,0.314159265358979,0.296705972839036,0.761469838572642,0.120427718387609,-0.0174532925199433,105
0.948960568322966,-0.129991428178386,0.287360519849712,0.945539585579272,-0.139625138280538,0.294040325232304,6.14704962552403,6.13657765001206,0.291469985083053,0.29845130209103,0.761469838572642,-0.0104719755119653,0.00698131700797727,110
0.97187644028386,0.224375355765886,-0.0714974443326859,0.953691673549059,0.293393868253865,-0.0662739004000001,0.226892802759263,0.29845130209103,-0.0715584993317675,-0.0663225115757845,0.761894647408666,0.0715584993317675,0.00523598775598298,34
0.882397876707037,-0.367306785017911,0.294040325232304,0.888403369723497,-0.402997641550897,0.219846204352837,5.88874089622887,5.85732496969297,0.29845130209103,0.22165681500328,0.761894647408666,-0.0314159265358969,-0.0767944870877505,44
0.744877015177202,0.631701647557735,-0.214735327167063,0.792272427935711,0.563038707886503,-0.23514211310259,0.703367688553715,0.617846555205993,-0.216420827247297,-0.237364778271229,0.76231945624469,-0.0855211333477222,-0.020943951023932,16
0.808115135127597,-0.413533407246949,-0.419452082446177,0.777488469348223,-0.467162202979364,-0.421035813367491,5.81020107988912,5.74213323906134,-0.432841654494594,-0.434586983746588,0.76231945624469,-0.0680678408277782,-0.00174532925199433,35
0.505792846965291,0.831883090390983,-0.228350870110656,0.515711828506537,0.828525700368705,-0.218143241396543,1.02450827092067,1.01403629540871,-0.230383461263251,-0.219911485751285,0.762744265080714,-0.0104719755119662,0.010471975511966,8
0.946195645396997,0.303790187110349,0.111468932206325,0.939440645734897,0.323475355373199,0.113203213767907,0.310668606854991,0.331612557878923,0.111701072127637,0.113446401379631,0.762744265080714,0.020943951023932,0.00174532925199432,42
0.73493409198055,-0.664063910485555,-0.137444546037147,0.826626739107885,-0.542992276347815,-0.147809411129611,5.54840169208997,5.70199066626547,-0.137881010907552,-0.148352986419518,0.762956669498726,0.153588974175501,-0.0104719755119659,9
0.90749117776011,0.404041104003229,-0.114937150492867,0.916860634948553,0.389184249509608,-0.0888942968664415,0.418879020478639,0.401425727958696,-0.115191730631626,-0.0890117918517108,0.763169073916737,-0.0174532925199431,0.0261799387799149,42
0.924265773874263,-0.27905228940373,-0.260504508642648,0.925714211962115,-0.274209042061366,-0.260504508642648,5.98996999284454,5.99520598060052,-0.263544717051144,-0.263544717051144,0.764018691588785,0.00523598775598355,0,69
0.604971278502743,-0.791269585015991,0.0888942968664415,0.597755539112861,-0.796135629666351,0.0941083133185143,5.36514212063057,5.3564154743706,0.0890117918517108,0.0942477796076938,0.764018691588785,-0.0087266462599711,0.005235987755983,11
0.508334313482847,-0.852738744100877,-0.120136838834647,0.576987836072601,-0.811900758103402,-0.0888942968664415,5.24995038999894,5.33023553559068,-0.120427718387609,-0.0890117918517108,0.764018691588785,0.0802851455917386,0.0314159265358979,9
-0.184727845416116,-0.932943792688173,0.309016994374947,-0.157321837647967,-0.940118231163842,0.302369890750444,4.51691210416132,4.54658270144523,0.314159265358979,0.307177948351002,0.764868309260833,0.0296705972839035,-0.00698131700797733,48
-0.497961222212241,-0.796904538029732,0.342020143325669,-0.427525716992304,-0.835458505898758,0.345298198998535,4.1538836197465,4.23940475309423,0.349065850398866,0.352556508902855,0.764868309260833,0.0855211333477222,0.00349065850398866,27
-0.975879116208228,-0.0477284513909853,-0.213030386274977,-0.966010595339591,-0.151273222276068,-0.209618562903822,3.19046187264563,3.29692695701729,-0.214675497995303,-0.211184839491314,0.765080713678845,0.106465084371654,0.00349065850398866,88
0.544834319723632,-0.816944598789749,0.189095442989891,0.516183402744783,-0.839044146161529,0.17192910027941,5.30056493830678,5.2639130240149,0.190240888467382,0.172787595947439,0.765293118096856,-0.0366519142918804,-0.0174532925199433,41
-0.925980530669085,0.337029350673569,-0.170209499166033,-0.962830442252111,0.229378566441229,-0.142628933705512,2.79252680319093,2.90771853382255,-0.171042266695444,-0.143116998663535,0.76571792693288,0.115191730631626,0.0279252680319093,42
-0.892774980116137,0.437365949801438,0.107999355706023,-0.880183778141365,0.454296724026748,0.137444546037147,2.68606171881927,2.66511776779534,0.108210413623648,0.137881010907552,0.766142735768904,-0.020943951023932,0.0296705972839036,27
-0.647898775485527,0.732316348861946,0.209618562903822,-0.699464384394175,0.675464904386795,0.233445363855905,2.29510796637254,2.37364778271229,0.211184839491314,0.235619449019234,0.766142735768904,0.0785398163397448,0.0244346095279206,4
-0.450674921365316,0.873166664035928,-0.185666615385577,-0.445284253797497,0.877703211835272,-0.177084740319583,2.04727121258935,2.04028989558137,-0.186750229963393,-0.178023583703422,0.766567544604928,-0.00698131700797688,0.00872664625997163,7
0.168192700848862,0.953868206516549,-0.248689887164855,0.156024066320798,0.952782184817483,-0.260504508642648,1.39626340159546,1.40848070635942,-0.251327412287183,-0.263544717051144,0.766992353440952,0.0122173047639604,-0.0122173047639603,95
-0.965519587200439,0.111714427796694,0.23514211310259,-0.965193820499547,0.130499324544811,0.226651307436855,3.02640092295817,3.00720230118623,0.237364778271229,0.228638132011257,0.767204757858963,-0.0191986217719373,-0.00872664625997166,26
0.755647609079699,0.647668332224704,-0.0975828997591495,0.741255072925303,0.662758526165867,-0.106264071336233,0.708603676309698,0.72954762733363,-0.0977384381116825,-0.106465084371654,0.768054375531011,0.020943951023932,-0.00872664625997163,77
0.819305844853407,0.563093306438754,-0.107999355706023,0.766568761134745,0.634160830745651,-0.101056297182946,0.602138591938044,0.691150383789754,-0.108210413623648,-0.101229096615671,0.768054375531011,0.0890117918517106,0.00698131700797731,17
0.889402587028287,0.45121968559548,-0.0732381971276317,0.886523168762652,0.461494751208562,-0.0331551783885263,0.469493568786475,0.479965544298441,-0.0733038285837618,-0.0331612557878923,0.768266779949023,0.0104719755119662,0.0401425727958696,141
0.984709278187427,0.100023120935234,0.142628933705512,0.981908431126137,0.0928176744110051,0.165047605860678,0.101229096615671,0.0942477796076938,0.143116998663535,0.165806278939461,0.768479184367035,-0.00698131700797733,0.0226892802759263,71
0.784724688880526,0.589187962424861,-0.192521966525907,0.77246422705261,0.603515197586825,-0.197657340379126,0.644026493985907,0.663225115757845,-0.193731546971371,-0.198967534727354,0.768903993203059,0.0191986217719378,-0.005235987755983,13
0.158653941520194,0.948078570013224,0.275637355816999,0.174203952734833,0.949162692827309,0.262189178640865,1.40499004785544,1.38928208458749,0.279252680319093,0.265290046303138,0.769541206457094,-0.0157079632679489,-0.0139626340159547,35
0.868609837536811,-0.475549995377389,-0.139173100960065,0.883585475532796,-0.450209286587597,-0.128795596577563,5.78227581185721,5.81194640914112,-0.139626340159546,-0.12915436464758,0.769541206457094,0.0296705972839026,0.010471975511966,35
0.900890403965637,-0.404876201066707,-0.156434465040231,0.917255711988765,-0.378065522612548,-0.125333233564304,5.86081562819696,5.89223155473286,-0.15707963267949,-0.125663706143592,0.769966015293118,0.0314159265358978,0.0314159265358979,36
0.927928713209682,-0.151954154263007,0.34037955021305,0.932531530545435,-0.166109165329004,0.320612990585676,6.12086968674411,6.10690705272816,0.347320521146872,0.32637657012294,0.77017841971113,-0.0139626340159547,-0.0209439510239319,6
0.0516772457837935,-0.986060590445905,-0.158158067254484,0.082801383950999,-0.986055382850459,-0.144356201000973,4.76474885794452,4.79616478448042,-0.158824961931484,-0.144862327915529,0.771240441801189,0.0314159265358986,0.0139626340159546,10
0.0301016395056556,-0.957849700124478,0.285688367404974,0.049858449597225,-0.951355891802872,0.30403306092549,4.74380490692059,4.76474885794452,0.289724655831059,0.308923277602996,0.771240441801189,0.0209439510239315,0.0191986217719376,47
0.0164309265967901,-0.941327154287948,0.337095258423082,0.00164521893327558,-0.942640055367449,0.333806859233771,4.72984227290463,4.71413430963668,0.343829862642883,0.340339204138894,0.771240441801189,-0.0157079632679489,-0.00349065850398861,12
0.640970572248894,-0.745197038452705,0.18395135061272,0.602050784685003,-0.77615919475601,0.187381314585725,5.42273798594638,5.37212343763855,0.185004900711399,0.188495559215388,0.771665250637213,-0.050614548307836,0.00349065850398869,168
-0.165882346747195,-0.940765537302888,0.295708050044047,-0.165149230912913,-0.936607830800249,0.309016994374947,4.53785605518526,4.53785605518526,0.300196631343025,0.314159265358979,0.771665250637213,0,0.0139626340159547,2
-0.434176738688428,-0.834045754967101,0.34037955021305,-0.463965162494109,-0.810128842055701,0.3583679495453,4.23242343608625,4.19228086329038,0.347320521146872,0.366519142918809,0.771877655055225,-0.0401425727958706,0.0191986217719377,4
-0.401797557908032,-0.834873658875631,-0.376224263139366,-0.474095047667507,-0.789026660517022,-0.390731128489274,4.26383936262215,4.17133691226645,-0.385717764690747,-0.401425727958696,0.772302463891249,-0.0925024503556999,-0.0157079632679489,26
-0.298652174213649,-0.947203683450481,-0.116670737099333,-0.258829948064194,-0.959266433467628,-0.113203213767907,4.40695636128568,4.44884426333355,-0.11693705988362,-0.113446401379631,0.772514868309261,0.041887902047864,0.00349065850398868,46
0.232339766197058,-0.924983381033406,0.300705799504273,0.243308125147501,-0.927435410263119,0.284015344703923,4.95848040491589,4.96895238042786,0.305432619099008,0.287979326579064,0.772939677145285,0.0104719755119662,-0.0174532925199433,19
0.534777017515937,-0.795832159132484,-0.284015344703923,0.517724494750015,-0.806438778993993,-0.285688367404974,5.30405559681077,5.28311164578684,-0.287979326579064,-0.289724655831059,0.773152081563297,-0.0209439510239315,-0.00174532925199439,11
-0.724883953671281,0.657284632130407,0.20620418539663,-0.65300819938325,0.732920335931293,0.190808995376545,2.40506370924819,2.29859862487653,0.207694180987325,0.191986217719376,0.77357689039932,-0.106465084371655,-0.015707963267949,12
-0.169317110923576,-0.970143301961853,0.17364817766693,-0.198143771707874,-0.96528118811413,0.170209499166033,4.53960138443725,4.50993078715335,0.174532925199433,0.171042266695444,0.773789294817332,-0.0296705972839035,-0.00349065850398864,17
-0.942481238155482,0.309872064389845,0.125333233564304,-0.936428496536924,0.324267440534278,0.133986185418292,2.82394272972683,2.80823476645888,0.125663706143592,0.134390352403563,0.774426508071368,-0.0157079632679489,0.00872664625997163,5
-0.943014067187178,-0.127500504241199,0.307356617799807,-0.944071522937754,-0.127643477868108,0.30403306092549,3.27598300599336,3.27598300599336,0.312413936106985,0.308923277602996,0.775063721325404,0,-0.00349065850398861,8
0.351271959978129,0.929614268008998,-0.111468932206325,0.39850905770618,0.907828972918725,-0.130526192220052,1.20951317163207,1.15715329407224,-0.111701072127637,-0.130899693899575,0.775063721325404,-0.0523598775598302,-0.0191986217719376,52
0.482047702117055,0.834931111738567,-0.265556117486809,0.521844310065701,0.815985205793575,-0.248689887164855,1.0471975511966,1.00181899064475,-0.268780704807127,-0.251327412287183,0.775063721325404,-0.0453785605518524,0.0174532925199433,16
0.628566980014536,0.770699261711278,-0.104528463267653,0.691842377572919,0.713925951175144,-0.107999355706023,0.886627260013119,0.801106126665397,-0.10471975511966,-0.108210413623648,0.776338147833475,-0.0855211333477222,-0.00349065850398866,2
0.876786129771216,0.394043310714731,-0.275637355816999,0.847578916049804,0.467888698984639,-0.250380004054441,0.422369678982628,0.504400153826361,-0.279252680319093,-0.253072741539178,0.776338147833475,0.0820304748437333,0.0261799387799149,1
0.890968275315535,0.329579172672088,-0.312334918512233,0.876276204840824,0.39749651558383,-0.272280247040574,0.354301838154849,0.425860337486616,-0.317649923862968,-0.275762021815104,0.776338147833475,0.0715584993317675,0.0418879020478639,35
0.970833783913825,-0.181686604236912,-0.156434465040231,0.972437140908991,-0.169717449907176,-0.159881187691835,6.09818040646819,6.11039771123215,-0.15707963267949,-0.160570291183478,0.776550552251487,0.0122173047639604,-0.00349065850398864,125
0.92809622713039,-0.252158164015697,-0.273959218692432,0.937590085313168,-0.185647836129935,-0.294040325232304,6.01789526087645,6.08770843095622,-0.277507351067098,-0.29845130209103,0.776762956669499,0.0698131700797724,-0.0209439510239319,39
0.57546687313429,0.806774801318248,-0.133986185418292,0.542878744208968,0.829605678759872,-0.130526192220052,0.951204442336909,0.991347015132779,-0.134390352403563,-0.130899693899575,0.777187765505522,0.0401425727958697,0.00349065850398866,11
0.710558780537329,-0.67429510529806,-0.201077921145965,0.691654801480226,-0.691654801480226,-0.207911690817759,5.52396708256205,5.49778714378214,-0.202458193231342,-0.20943951023932,0.777187765505522,-0.0261799387799151,-0.0069813170079773,439
0.890501272785227,-0.398340469447357,-0.219846204352837,0.890461380387991,-0.394598168868886,-0.226651307436855,5.86256095744895,5.86605161595294,-0.22165681500328,-0.228638132011257,0.777400169923534,0.00349065850398933,-0.00698131700797733,6
0.283766214992086,-0.957978687056146,0.0418756537291996,0.276569918484943,-0.958198959856838,0.0732381971276317,5.00036830696375,4.99338698995578,0.0418879020478639,0.0733038285837618,0.777612574341546,-0.00698131700797688,0.0314159265358979,3
0.821630028000408,-0.503495528718085,0.267238376078257,0.820201642487172,-0.479287141846412,0.312334918512233,5.73340659280137,5.7543505438253,0.270526034059121,0.317649923862968,0.778249787595582,0.0209439510239324,0.0471238898038469,5
0.137304307051717,-0.97697090914873,-0.163325962241622,0.164481613672501,-0.972473694535409,-0.165047605860678,4.85201532054424,4.87994058857615,-0.164060949687467,-0.165806278939461,0.77909940526763,0.0279252680319093,-0.00174532925199433,46
-0.0639042842650921,-0.988203972073441,-0.139173100960065,-0.0225182256286676,-0.992290679515098,-0.121869343405147,4.6478117980609,4.68969970010876,-0.139626340159546,-0.122173047639603,0.779524214103653,0.0418879020478631,0.0174532925199433,13
-0.312645550751598,-0.923671490735633,0.221548497619467,-0.255874814234572,-0.941775772502899,0.218143241396543,4.38601241026175,4.44709893408155,0.223402144255274,0.219911485751285,0.779524214103653,0.0610865238198022,-0.00349065850398869,22
0.324608624438947,-0.942731898082976,-0.0767190281268186,0.27852848762236,-0.9587013426417,-0.0575640269595673,5.04400153826361,4.99513231920777,-0.0767944870877505,-0.0575958653158129,0.780373831775701,-0.0488692190558417,0.0191986217719376,75
-0.362564935020467,-0.906477005451285,-0.216439613938103,-0.313492294694622,-0.920877565365322,-0.231747903494157,4.33190720344993,4.38426708100976,-0.218166156499291,-0.23387411976724,0.780373831775701,0.0523598775598302,-0.015707963267949,33
-0.927369826788606,-0.363432261015298,0.0888942968664415,-0.931063106041028,-0.355538427420606,0.0819385086300409,3.51509311351658,3.50636646725661,0.0890117918517108,0.0820304748437335,0.780586236193713,-0.00872664625997155,-0.00698131700797731,10
0.285347294731142,0.957178468928619,-0.0488497697956133,0.209227582029488,0.975959473922332,-0.0610485395348569,1.28107167096384,1.35961148730358,-0.0488692190558412,-0.0610865238198015,0.780798640611725,0.0785398163397448,-0.0122173047639603,25
0.509293865455734,0.827845363129374,-0.23514211310259,0.540623800718234,0.810631191878622,-0.224951054343865,1.01927228316469,0.982620368872807,-0.237364778271229,-0.226892802759263,0.781011045029737,-0.0366519142918809,0.010471975511966,125
0.966070076810236,-0.214172579767884,-0.144356201000973,0.972885386916405,-0.199704689552386,-0.116670737099333,6.0650191506803,6.08072711394824,-0.144862327915529,-0.11693705988362,0.781648258283772,0.0157079632679489,0.0279252680319093,12
0.67337346346127,0.680462195174151,-0.289031796944472,0.611674876969282,0.755355566293294,-0.23514211310259,0.790634151153431,0.890117918517108,-0.293215314335047,-0.237364778271229,0.782073067119796,0.0994837673636768,0.0558505360638186,26
0.786283568297299,-0.596821712111679,-0.159881187691835,0.787535651643007,-0.591298492966268,-0.17364817766693,5.6339228254377,5.63915881319368,-0.160570291183478,-0.174532925199433,0.782073067119796,0.00523598775598266,-0.0139626340159547,24
0.987590186428565,0.0759909233700598,-0.137444546037147,0.990428839679248,0.0901360854404133,-0.104528463267653,0.0767944870877505,0.0907571211037051,-0.137881010907552,-0.10471975511966,0.782285471537808,0.0139626340159547,0.0331612557878923,211
0.461309130870349,-0.886166595410545,-0.043619387365336,0.463820075747905,-0.883447059794178,-0.0662739004000001,5.19235452468313,5.19584518318712,-0.0436332312998582,-0.0663225115757845,0.78249787595582,0.00349065850398844,-0.0226892802759263,68
-0.180834821311595,-0.957041248974342,-0.226651307436855,-0.19704122248473,-0.959909987117513,-0.199367934417197,4.5256387504213,4.50993078715335,-0.228638132011257,-0.200712863979348,0.782710280373832,-0.0157079632679489,0.0279252680319093,59
0.855623220712649,-0.449212233651063,0.257132793154696,0.890588474971875,-0.387238889915357,0.238533457578581,5.79972910437716,5.87303293296092,0.260054058547155,0.240855436775218,0.782922684791844,0.0733038285837608,-0.0191986217719376,21
0.222992002704766,-0.936022453684334,-0.272280247040574,0.220689927723816,-0.933584092382202,-0.282341456842876,4.94626310015193,4.94451777089994,-0.275762021815104,-0.28623399732707,0.783135089209856,-0.00174532925199422,-0.0104719755119659,20
-0.83073351376761,-0.497183751416936,-0.250380004054441,-0.779548438469045,-0.572635257070825,-0.253757944584806,3.68089939245604,3.77514717206373,-0.253072741539178,-0.256563400043166,0.783772302463891,0.0942477796076941,-0.00349065850398861,51
-0.285553058530426,0.93986578494381,0.187381314585725,-0.156030730987137,0.963362827402339,0.218143241396543,1.86575697038194,1.73136661797837,0.188495559215388,0.219911485751285,0.783984706881903,-0.134390352403563,0.0314159265358979,66
-0.182665171578472,0.939730842021936,-0.289031796944472,-0.163881213908371,0.938997016446529,-0.302369890750444,1.76278254451427,1.74358392274234,-0.293215314335047,-0.307177948351002,0.784409515717927,-0.0191986217719373,-0.0139626340159546,12
-0.151604529596281,0.968126279641303,-0.199367934417197,-0.148380081423857,0.969668174296138,-0.194234351219972,1.72613063022239,1.7226399717184,-0.200712863979348,-0.195476876223365,0.784409515717927,-0.00349065850398844,0.00523598775598297,42
0.488011204925072,0.805802276132097,-0.335451569750255,0.424878834962836,0.837481934084518,-0.343659694585616,1.02625360017267,1.10130275800842,-0.342084533390889,-0.35081117965086,0.784834324553951,0.0750491578357564,-0.00872664625997166,2
0.547213060605037,0.747671833178507,0.376224263139366,0.466705390241717,0.81491354942512,0.343659694585616,0.938987137572949,1.05068820970059,0.385717764690747,0.35081117965086,0.784834324553951,0.111701072127637,-0.0349065850398866,4
0.533378699898301,0.805847311330914,-0.257132793154696,0.546786916929324,0.801559644633129,-0.241921895599668,0.986111027376796,0.972148393360842,-0.260054058547155,-0.244346095279206,0.785046728971963,-0.0139626340159547,0.015707963267949,23
0.973941757662792,-0.173485450245102,-0.146083028562412,0.989232067714808,-0.0328162075004709,-0.142628933705512,6.10690705272816,6.25002405139169,-0.146607657167524,-0.143116998663535,0.785471537807986,0.143116998663536,0.00349065850398869,8
0.881682999397738,-0.388868536814262,0.267238376078257,0.939966493409783,-0.210107404313056,0.268919820615266,5.86779694520494,6.0632738214283,0.270526034059121,0.272271363311115,0.785471537807986,0.195476876223364,0.00174532925199433,8
0.963480908125237,0.238437419077136,-0.121869343405147,0.962736568971625,0.232910488233968,-0.137444546037147,0.242600766027212,0.237364778271229,-0.122173047639603,-0.137881010907552,0.785683942225998,-0.00523598775598311,-0.015707963267949,7
0.677987936460787,-0.677987936460787,0.284015344703923,0.704068172267229,-0.656554192308562,0.270600445975864,5.49778714378214,5.53269372882202,0.287979326579064,0.27401669256311,0.78589634664401,0.0349065850398862,-0.0139626340159546,4
0.609527760042172,-0.769032640492567,0.192521966525907,0.694581976063346,-0.694581976063346,0.187381314585725,5.38259541315051,5.49778714378214,0.193731546971371,0.188495559215388,0.786321155480034,0.115191730631627,-0.00523598775598297,21
0.197288669595921,-0.978442771279819,0.0610485395348569,0.271403199270893,-0.959118572420542,0.0801989243288589,4.91135651511204,4.98815100219979,0.0610865238198015,0.0802851455917391,0.786321155480034,0.0767944870877502,0.0191986217719376,8
0.118433502713775,-0.93749770774261,0.327217898979104,0.108142154537136,-0.934645331556286,0.338737920245291,4.83805268652828,4.82758071101632,0.333357887130917,0.345575191894877,0.786533559898046,-0.0104719755119653,0.0122173047639603,16
0.828345453746295,-0.529749018410083,-0.182235525492147,0.831223369336052,-0.495508576015113,-0.252069358243114,5.71420797102943,5.74562389756533,-0.183259571459405,-0.254818070791172,0.78695836873407,0.0314159265358978,-0.0715584993317675,21
-0.112207067483984,-0.955173241092984,-0.273959218692432,-0.0706424463539318,-0.961967077542212,-0.263873049965373,4.59545192050107,4.63908515180093,-0.277507351067098,-0.267035375555132,0.787807986406117,0.0436332312998582,0.0104719755119659,81
-0.83242242651681,0.504132941049829,-0.230049737188104,-0.802679101723126,0.551666062481752,-0.226651307436855,2.59704992696756,2.53945406165175,-0.232128790515246,-0.228638132011257,0.788232795242141,-0.0575958653158128,0.00349065850398869,12
-0.796833395471343,0.59178070515995,0.121869343405147,-0.827573179906056,0.541548714227719,0.147809411129611,2.50280214735987,2.56214334192768,0.122173047639603,0.148352986419518,0.788232795242141,0.0593411945678071,0.0261799387799149,136
-0.449914026192312,0.86427680298907,0.224951054343865,-0.372388213163428,0.89460522377803,0.246999012722743,2.05076187109334,1.96524073774561,0.226892802759263,0.249582083035189,0.788445199660153,-0.0855211333477222,0.0226892802759263,7
-0.954069504957989,0.0901861210979701,-0.285688367404974,-0.951899101054668,0.101728667377315,-0.289031796944472,3.0473448739821,3.03512756921814,-0.289724655831059,-0.293215314335047,0.788870008496177,-0.0122173047639604,-0.00349065850398866,17
-0.895050090870601,-0.311689418884611,0.31895930929807,-0.888292482570025,-0.342763542304452,0.305695304963106,3.4766958699727,3.5098571257606,0.324631240870945,0.310668606854991,0.789082412914189,0.033161255787892,-0.0139626340159547,35
0.430780694717353,0.845454717021084,-0.315649036947102,0.411492380122614,0.847435109877515,-0.335451569750255,1.09955742875643,1.11875605052837,-0.321140582366957,-0.342084533390889,0.789507221750212,0.0191986217719373,-0.020943951023932,34
-0.975933360283058,0.0991316957021112,-0.194234351219972,-0.97524274884369,0.102502143315612,-0.195946144242518,3.04036355697412,3.03687289847013,-0.195476876223365,-0.197222205475359,0.789719626168224,-0.00349065850398889,-0.00174532925199433,12
0.827648524160292,0.511166146845967,0.231747903494157,0.799125061726536,0.555406386477726,0.230049737188104,0.553269372882202,0.607374579694027,0.23387411976724,0.232128790515246,0.789932030586236,0.0541052068118244,-0.00174532925199433,20
0.923560199147712,0.264826625576092,-0.277314653302378,0.904409167736747,0.341747746249093,-0.255445757935791,0.279252680319093,0.361283155162826,-0.280998009571087,-0.258308729295161,0.79035683942226,0.0820304748437333,0.0226892802759263,10
0.718113793347077,-0.674353738242611,0.17192910027941,0.69552367179034,-0.688278036773073,0.20620418539663,5.52920307031804,5.50302313153812,0.172787595947439,0.207694180987325,0.790994052676296,-0.0261799387799142,0.0349065850398866,52
0.921476358470745,-0.335389966063365,-0.195946144242518,0.898448678426301,-0.373988088919576,-0.230049737188104,5.93411945678072,5.88874089622887,-0.197222205475359,-0.232128790515246,0.791418861512319,-0.0453785605518524,-0.0349065850398866,25
0.938937370807153,0.167250219271149,-0.300705799504273,0.937737956097102,0.158606503278725,-0.309016994374947,0.176278254451427,0.167551608191456,-0.305432619099008,-0.314159265358979,0.791843670348343,-0.00872664625997155,-0.00872664625997166,77
0.805242093471706,-0.551360768584703,-0.218143241396543,0.799469589794711,-0.541281605054457,-0.260504508642648,5.68279204449354,5.68802803224952,-0.219911485751285,-0.263544717051144,0.791843670348343,0.00523598775598266,-0.0436332312998582,94
-0.418009461705445,-0.892354647165785,0.170209499166033,-0.444563468323874,-0.880086079739129,0.166768746716102,4.27431133813411,4.24464074085021,0.171042266695444,0.167551608191456,0.792268479184367,-0.0296705972839035,-0.00349065850398869,6
-0.156242353930581,-0.954115187800111,-0.255445757935791,-0.148245682041669,-0.957608847844458,-0.246999012722743,4.55007335994922,4.55880000620919,-0.258308729295161,-0.249582083035189,0.792693288020391,0.00872664625997199,0.00872664625997169,28
-0.0513743973198007,-0.980281897508783,-0.190808995376545,-0.0513743973198007,-0.980281897508783,-0.190808995376545,4.66002910282486,4.66002910282486,-0.191986217719376,-0.191986217719376,0.793330501274427,0,0,21
-0.87299460624134,-0.458332414948221,-0.166768746716102,-0.859394560942018,-0.480299385803327,-0.175366726091987,3.62504885639222,3.65122879517214,-0.167551608191456,-0.176278254451427,0.793330501274427,0.0261799387799155,-0.00872664625997166,31
-0.861352812511002,0.47353271585725,0.18395135061272,-0.865465906029307,0.469909646521356,0.17364817766693,2.63893782901543,2.64417381677141,0.185004900711399,0.174532925199433,0.793542905692438,0.00523598775598311,-0.010471975511966,23
-0.898277605805373,0.428456439539846,0.0975828997591495,-0.899454287846253,0.425170094050207,0.101056297182946,2.69653369433124,2.70002435283523,0.0977384381116825,0.101229096615671,0.79375531011045,0.00349065850398844,0.00349065850398866,28
0.299202804735532,0.943206747680994,-0.144356201000973,0.280518644514174,0.947015072861836,-0.156434465040231,1.26361837844389,1.28281700021583,-0.144862327915529,-0.15707963267949,0.794392523364486,0.0191986217719373,-0.0122173047639603,152
0.955082567024259,0.273865519112884,0.113203213767907,0.959266433467629,0.258829948064194,0.113203213767907,0.279252680319093,0.263544717051144,0.113446401379631,0.113446401379631,0.795454545454545,-0.0157079632679489,0,60
0.943097625873772,0.268648425693777,0.195946144242518,0.939236081104287,0.278214402178389,0.201077921145965,0.277507351067098,0.287979326579064,0.197222205475359,0.202458193231342,0.795454545454545,0.0104719755119658,0.005235987755983,68
0.843909432228104,0.473579886430309,0.252069358243114,0.849394712516612,0.480564406278526,0.218143241396543,0.511381470834338,0.514872129338327,0.254818070791172,0.219911485751285,0.796516567544605,0.00349065850398844,-0.0349065850398866,8
0.961650387885882,0.0858250106658021,0.260504508642648,0.965498166940504,0.0963695287110544,0.241921895599668,0.0890117918517108,0.0994837673636768,0.263544717051144,0.244346095279206,0.796516567544605,0.0104719755119658,-0.0191986217719376,6
0.95408275125114,-0.222022011054475,-0.201077921145965,0.94188381474552,-0.266526254431993,-0.20449605184179,6.05454717516833,6.00742328536448,-0.202458193231342,-0.205948851735331,0.796516567544605,-0.0471238898038466,-0.00349065850398866,4
0.896145077547754,-0.437079158402921,-0.0767190281268186,0.900550611628316,-0.427612869536728,-0.0784590957278449,5.82939970166106,5.83987167717303,-0.0767944870877505,-0.0785398163397448,0.796728971962617,0.0104719755119662,-0.00174532925199433,10
0.617916799361565,-0.733799789325809,-0.282341456842876,0.577462767735643,-0.76354264598262,-0.289031796944472,5.41226601043442,5.35990613287459,-0.28623399732707,-0.293215314335047,0.796941376380629,-0.0523598775598311,-0.00698131700797738,87
0.980264100420226,0.0805923794495047,0.18051914525056,0.974617483967637,0.136973554712356,0.177084740319583,0.0820304748437335,0.139626340159546,0.18151424220741,0.178023583703422,0.797153780798641,0.0575958653158128,-0.00349065850398866,16
0.926753525857333,0.237949862257087,-0.290702193598252,0.916411882359702,0.269714684452099,-0.295708050044047,0.251327412287183,0.28623399732707,-0.294960643587042,-0.300196631343025,0.797578589634664,0.0349065850398866,-0.005235987755983,50
0.303488168011792,-0.939617452817461,-0.158158067254484,0.283817291255933,-0.940048221435795,-0.189095442989891,5.02480291649167,5.00560429471974,-0.158824961931484,-0.190240888467382,0.797578589634664,-0.0191986217719364,-0.0314159265358979,22
0.832395682376168,0.486412763429216,0.265556117486809,0.849370478154901,0.445929470417416,0.282341456842876,0.528834763354282,0.483456202802429,0.268780704807127,0.28623399732707,0.798003398470688,-0.0453785605518524,0.0174532925199433,116
-0.65030061858434,-0.692499822488628,0.312334918512233,-0.708322036999065,-0.628877732289199,0.320612990585676,3.95840674352314,3.86764962241943,0.317649923862968,0.32637657012294,0.798853016142736,-0.0907571211037053,0.00872664625997166,4
-0.152813322393516,-0.943497946810875,-0.294040325232304,-0.16725021927115,-0.938937370807152,-0.300705799504273,4.55181868920121,4.53611072593326,-0.29845130209103,-0.305432619099008,0.799065420560748,-0.0157079632679498,-0.00698131700797733,7
-0.94437327481191,-0.0329782414438736,-0.327217898979104,-0.944912931398441,-0.00824613022609232,-0.327217898979104,3.17649923862968,3.15031929984976,-0.333357887130917,-0.333357887130917,0.799490229396772,-0.0261799387799151,0,20
-0.962786037295589,0.176704304332907,-0.20449605184179,-0.970957278524122,0.0339065753096757,-0.236838146065619,2.96007841138238,3.10668606854991,-0.205948851735331,-0.239110107523223,0.799915038232795,0.146607657167524,-0.0331612557878922,6
-0.789544142155253,0.601471454623013,0.121869343405147,-0.765560272448126,0.63332653634738,0.113203213767907,2.49058484259591,2.45044226980004,0.122173047639603,0.113446401379631,0.800127442650807,-0.0401425727958693,-0.00872664625997166,121
0.085723902084147,-0.979828684418595,-0.18051914525056,0.10284399104723,-0.978495212750151,-0.17880221511635,4.79965544298441,4.81710873550435,-0.18151424220741,-0.179768912955416,0.800339847068819,0.017453292519944,0.00174532925199433,17
-0.970570587804991,-0.216948229895468,0.104528463267653,-0.968989900708788,-0.22549101339975,0.101056297182946,3.36150413934108,3.37023078560105,0.10471975511966,0.101229096615671,0.800552251486831,0.00872664625997155,-0.00349065850398865,17
0.429533665777167,0.850332127952547,0.30403306092549,0.437421854564814,0.847489317510005,0.300705799504273,1.10304808726042,1.09432144100044,0.308923277602996,0.305432619099008,0.800764655904843,-0.00872664625997199,-0.00349065850398866,6
0.900118965657232,0.315217178796857,-0.300705799504273,0.912646344805105,0.261697128202506,-0.313992455967405,0.336848545634906,0.279252680319093,-0.305432619099008,-0.319395253114962,0.800977060322855,-0.0575958653158128,-0.0139626340159547,64
0.903436430142882,0.350419897272793,0.246999012722743,0.844056248907192,0.499173474092135,0.195946144242518,0.370009801422798,0.534070751110265,0.249582083035189,0.197222205475359,0.801189464740867,0.164060949687467,-0.0523598775598299,6
0.94482840541754,-0.303351214376535,-0.123601476740493,0.930493400228637,-0.344199960335945,-0.125333233564304,5.9725167003246,5.92888346902474,-0.123918376891597,-0.125663706143592,0.80161427357689,-0.0436332312998582,-0.00174532925199435,100
0.800594376463398,-0.566852415696836,-0.194234351219972,0.893161925321215,-0.37912474409614,-0.241921895599668,5.66708408122559,5.88175957922089,-0.195476876223365,-0.244346095279206,0.80161427357689,0.214675497995302,-0.0488692190558412,43
0.608074098468459,-0.783924404095246,0.125333233564304,0.646236897891397,-0.756646191502055,0.099319749743639,5.37212343763855,5.41924732744239,0.125663706143592,0.0994837673636768,0.802039082412914,0.0471238898038475,-0.026179938779915,30
0.728315535702182,-0.653480156071901,-0.20620418539663,0.732834038686893,-0.641547704055608,-0.226651307436855,5.55189235059396,5.56410965535792,-0.207694180987325,-0.228638132011257,0.802251486830926,0.0122173047639604,-0.020943951023932,16
-0.703264972528866,-0.658103721683921,0.268919820615266,-0.669487772388792,-0.698135393875707,0.253757944584806,3.89382956119935,3.94793476801117,0.272271363311115,0.256563400043166,0.80267629566695,0.054105206811824,-0.015707963267949,17
-0.822235350911294,0.556695184100827,0.118403968306501,-0.820191954475329,0.557401876670836,0.128795596577563,2.54643537865973,2.54469004940773,0.118682389135614,0.12915436464758,0.802888700084962,-0.00174532925199422,0.010471975511966,134
0.208883401099801,0.974354013323819,-0.0836778433323155,0.12290163827397,0.986713299014776,-0.106264071336233,1.35961148730358,1.4468779499033,-0.0837758040957278,-0.106465084371654,0.803313508920986,0.0872664625997164,-0.0226892802759263,179
-0.354980508195156,0.915194387048403,-0.190808995376545,-0.349451714725093,0.915123581109846,-0.201077921145965,1.94080612821769,1.93557014046171,-0.191986217719376,-0.202458193231342,0.803525913338997,-0.00523598775598266,-0.010471975511966,30
0.752047686568619,0.626582510055865,0.20449605184179,0.734259264010402,0.647336618766482,0.20449605184179,0.694641042293743,0.722566310325652,0.205948851735331,0.205948851735331,0.803738317757009,0.0279252680319093,0,37
-0.730525008851988,0.664726612668231,0.156434465040231,-0.757230249046872,0.63539162269151,0.151260820247219,2.40331837999619,2.44346095279206,0.15707963267949,0.151843644923507,0.803950722175021,0.0401425727958697,-0.005235987755983,36
0.967324344057411,-0.113634494019483,-0.226651307436855,0.964004552393358,-0.130338529188207,-0.231747903494157,6.16624824729597,6.14879495477602,-0.228638132011257,-0.23387411976724,0.804163126593033,-0.017453292519944,-0.00523598775598302,37
-0.257890648931151,0.936266096155082,-0.238533457578581,-0.233393343267543,0.943098743444502,-0.236838146065619,1.83957703160202,1.81339709282211,-0.240855436775218,-0.239110107523223,0.804800339847069,-0.0261799387799151,0.00174532925199439,15
0.858340733314415,0.450638959663476,-0.245307385878803,0.873908088502779,0.430016090032203,-0.226651307436855,0.483456202802429,0.457276264022514,-0.247836753783195,-0.228638132011257,0.804800339847069,-0.0261799387799151,0.0191986217719376,39
0.918455197934595,-0.301972704295494,-0.255445757935791,0.913298502474353,-0.307358903774009,-0.267238376078257,5.96553538331662,5.95855406630864,-0.258308729295161,-0.270526034059121,0.804800339847069,-0.00698131700797777,-0.0122173047639603,11
0.987631938016268,-0.0569464992450357,-0.146083028562412,0.987935789884362,0.00689720498687526,-0.154710386299468,6.22558944186377,0.00698131700797732,-0.146607657167524,-0.155334303427495,0.805862361937128,0.0645771823237897,-0.00872664625997163,9
0.93380657426266,-0.239760777295136,0.265556117486809,0.937233701147894,-0.233678606904527,0.258819045102521,6.0318578948924,6.03883921190038,0.268780704807127,0.261799387799149,0.805862361937128,0.00698131700797688,-0.00698131700797733,9
0.790430974845106,-0.591317917729257,-0.159881187691835,0.787924010541892,-0.600237245075831,-0.137444546037147,5.64090414244567,5.6321774961857,-0.160570291183478,-0.137881010907552,0.80607476635514,-0.0087266462599711,0.0226892802759262,56
0.891400004234999,-0.411884626916691,-0.189095442989891,0.906616590262142,-0.368138821895165,-0.20620418539663,5.85034365268499,5.89746754248884,-0.190240888467382,-0.207694180987325,0.806287170773152,0.0471238898038466,-0.0174532925199433,9
-0.205493283843813,-0.926920302879726,-0.313992455967405,-0.201654643193226,-0.932689664060595,-0.299040792256087,4.4942228238854,4.49945881164138,-0.319395253114962,-0.303687289847013,0.806711979609176,0.00523598775598266,0.015707963267949,2
-0.477152219485385,-0.878805066054428,-0.00523596383141958,-0.46480735440491,-0.885327548527492,0.0122170008352472,4.21497014356631,4.22893277758226,-0.00523598775598299,0.0122173047639603,0.806924384027188,0.0139626340159555,0.0174532925199433,12
-0.955276907150564,-0.00166727442274036,-0.295708050044047,-0.947855927298111,-0.185961939595333,-0.258819045102521,3.14333798284179,3.33532420056116,-0.300196631343025,-0.261799387799149,0.807561597281223,0.191986217719376,0.0383972435438752,4
-0.83942695318053,0.514401498494931,0.175366726091987,-0.818841448372892,0.541979331586585,0.189095442989891,2.59181393921158,2.55690735417169,0.176278254451427,0.190240888467382,0.807561597281223,-0.0349065850398866,0.0139626340159546,81
0.0329219485549261,0.992419591499795,-0.118403968306501,-0.0538730267745279,0.994736936829157,-0.0871557427476582,1.537635071007,1.62490153360672,-0.118682389135614,-0.0872664625997165,0.807774001699235,0.0872664625997164,0.0314159265358979,151
0.0735252386050589,0.97785435921949,-0.195946144242518,0.0695798022821257,0.970688296794632,-0.230049737188104,1.49574716895914,1.49923782746313,-0.197222205475359,-0.232128790515246,0.808198810535259,0.00349065850398844,-0.0349065850398866,4
0.0940876738102493,0.995343621412427,-0.020942419883357,0.0366190985638158,0.998657238612229,-0.0366437087065563,1.4765485471872,1.53414441250302,-0.020943951023932,-0.0366519142918809,0.808198810535259,0.0575958653158128,-0.015707963267949,6
0.898817990298148,-0.374141818614419,-0.228350870110656,0.905662411641865,-0.373287109028236,-0.201077921145965,5.88874089622887,5.89223155473286,-0.230383461263251,-0.202458193231342,0.808623619371283,0.00349065850398933,0.0279252680319093,177
-0.029188173687025,0.983451990890406,-0.17880221511635,6.00868459992441e-17,0.981292663992245,-0.192521966525907,1.6004669240788,1.5707963267949,-0.179768912955416,-0.193731546971371,0.808836023789295,-0.0296705972839035,-0.0139626340159546,88
0.753324504902124,-0.629877054475258,-0.189095442989891,0.759547144865202,-0.623899058610346,-0.18395135061272,5.58679893563385,5.59552558189382,-0.190240888467382,-0.185004900711399,0.809473237043331,0.00872664625997199,0.005235987755983,9
0.464929212146997,-0.856293086998813,-0.224951054343865,0.494530187599014,-0.839545660880257,-0.224951054343865,5.20980781720307,5.24471440224296,-0.226892802759263,-0.226892802759263,0.809473237043331,0.0349065850398871,0,20
0.929407146983321,0.291258544893516,-0.226651307436855,0.917924363039255,0.323252195906944,-0.230049737188104,0.303687289847013,0.3385938748869,-0.228638132011257,-0.232128790515246,0.809685641461342,0.0349065850398866,-0.00349065850398869,43
0.830976853747831,-0.499301266740497,0.245307385878803,0.846307698778745,-0.478817857939749,0.233445363855905,5.74213323906134,5.76831317784126,0.247836753783195,0.235619449019234,0.809898045879354,0.0261799387799151,-0.0122173047639603,37
-0.937212319964566,-0.309953340244759,-0.159881187691835,-0.940118231163842,-0.298223069585549,-0.165047605860678,3.46098790670476,3.4487706019408,-0.160570291183478,-0.165806278939461,0.811384876805438,-0.0122173047639609,-0.00523598775598302,50
-0.877220027152016,0.433549141261205,0.20620418539663,-0.844349376029219,0.471890916165127,0.253757944584806,2.68257106031528,2.63195651200745,0.207694180987325,0.256563400043166,0.811384876805438,-0.0506145483078351,0.0488692190558412,24
-0.843878567107897,0.511071026408043,0.163325962241622,-0.84517919279911,0.501830681273276,0.18395135061272,2.59704992696756,2.60577657322753,0.164060949687467,0.185004900711399,0.811384876805438,0.00872664625997199,0.0209439510239319,22
-0.884744934257888,0.446916825081761,-0.132256390257122,-0.885321676739681,0.454993538875742,-0.095845752520224,2.67384441405531,2.66686309704734,-0.132645023151569,-0.0959931088596881,0.811597281223449,-0.00698131700797688,0.0366519142918809,4
0.0749649091558389,0.997001364392531,0.0191974423996897,0.0523180220178592,0.998287329354343,0.0261769483078731,1.49574716895914,1.51843644923507,0.0191986217719376,0.0261799387799149,0.812446898895497,0.0226892802759258,0.00698131700797732,35
-0.0816390476504392,0.992994972364148,-0.0854169231373675,-0.127001909887354,0.991405002559045,-0.0314107590781283,1.65282680163863,1.69820536219048,-0.0855211333477222,-0.0314159265358979,0.813084112149533,0.0453785605518524,0.0541052068118242,40
0.0556174939262361,0.994791758917971,-0.0854169231373675,0.0815881967753423,0.99237646118886,-0.0923705874465616,1.51494579073108,1.48876585195116,-0.0855211333477222,-0.0925024503556995,0.813084112149533,-0.0261799387799151,-0.0069813170079773,5
-0.357283547031079,0.916384911060248,-0.18051914525056,-0.41527011203943,0.890549629149338,-0.185666615385577,1.94255145746969,2.00712863979348,-0.18151424220741,-0.186750229963393,0.813296516567545,0.0645771823237902,-0.00523598775598297,55
0.379591179710614,0.877183460527605,0.294040325232304,0.321666455047586,0.908358047274408,0.267238376078257,1.16238928182822,1.230457122656,0.29845130209103,0.270526034059121,0.81393372982158,0.0680678408277791,-0.0279252680319093,24
0.969752364581114,0.0152340874959325,-0.243615011786023,0.972346224428621,-0.00678836752020415,-0.233445363855905,0.015707963267949,6.27620399017161,-0.2460914245312,-0.235619449019234,0.814358538657604,-0.0226892802759266,0.010471975511966,55
-0.133646942289236,-0.96314160792218,0.233445363855905,-0.133477110243292,-0.961917694325615,0.238533457578581,4.57450796947714,4.57450796947714,0.235619449019234,0.240855436775218,0.814783347493628,0,0.00523598775598302,37
0.165972826192495,-0.981290272366068,0.0975828997591495,0.14554913836148,-0.985656835599478,0.0854169231373675,4.87994058857615,4.85899663755221,0.0977384381116825,0.0855211333477222,0.815420560747664,-0.0209439510239324,-0.0122173047639603,57
-0.835368107061897,-0.480357966577926,0.267238376078257,-0.827845184106062,-0.485693884721616,0.280666708920788,3.6634460999361,3.67217274619607,0.270526034059121,0.284488668075076,0.815420560747664,0.00872664625997155,0.0139626340159547,217
-0.839813264237755,-0.479021028727274,-0.255445757935791,-0.83533122779319,-0.482278709228899,-0.263873049965373,3.65995544143211,3.66519142918809,-0.258308729295161,-0.267035375555132,0.815420560747664,0.00523598775598311,-0.00872664625997166,67
-0.938796545234167,-0.253306748332088,0.233445363855905,-0.927662089998038,-0.335808988620496,0.163325962241622,3.40513737064094,3.48891317473666,0.235619449019234,0.164060949687467,0.815845369583687,0.0837758040957275,-0.0715584993317675,17
-0.618120399179492,-0.739263702929639,0.267238376078257,-0.608323028699709,-0.748541319003557,0.263873049965373,4.01600260883895,4.02996524285491,0.270526034059121,0.267035375555132,0.816482582837723,0.0139626340159547,-0.00349065850398861,13
-0.942797203125155,-0.21419826920868,-0.255445757935791,-0.9424767429369,-0.217587900819754,-0.253757944584806,3.36499479784507,3.36848545634906,-0.258308729295161,-0.256563400043166,0.816482582837723,0.00349065850398889,0.00174532925199439,1
-0.852230338565353,0.476295437252036,0.216439613938103,-0.842888396279423,0.500470505836011,0.197657340379126,2.63195651200745,2.60577657322753,0.218166156499291,0.198967534727354,0.816482582837723,-0.0261799387799146,-0.0191986217719376,114
-0.965243204086977,-0.0946429236467357,-0.243615011786023,-0.963126530378269,-0.0791834147153355,-0.257132793154696,3.23933109170148,3.22362312843353,-0.2460914245312,-0.260054058547155,0.816694987255735,-0.0157079632679493,-0.0139626340159547,18
-0.85415382904397,0.507159430323548,0.114937150492867,-0.880220001442095,0.456262711829283,0.130526192220052,2.60577657322753,2.66337243854335,0.115191730631626,0.130899693899575,0.817119796091759,0.0575958653158124,0.015707963267949,11
0.413522001874039,0.90321038822783,-0.114937150492867,0.383837855533151,0.913114175459101,-0.137444546037147,1.14144533080429,1.17286125734019,-0.115191730631626,-0.137881010907552,0.817544604927782,0.0314159265358978,-0.0226892802759263,9
0.603714387036851,0.795364332159091,-0.0540788129847753,0.584486430226403,0.810410422014253,-0.0401317925325597,0.921533845053006,0.945968454580927,-0.0541052068118242,-0.0401425727958696,0.817757009345794,0.0244346095279209,0.0139626340159546,140
0.756647985000342,0.619309199738756,-0.209618562903822,0.683880198968903,0.693496256871959,-0.226651307436855,0.685914396033771,0.792379480405426,-0.211184839491314,-0.228638132011257,0.817969413763806,0.106465084371654,-0.0174532925199433,22
0.199621582517566,-0.972480521012118,-0.120136838834647,0.0746335396413374,-0.992594290979168,-0.095845752520224,4.91484717361603,4.78743813822045,-0.120427718387609,-0.0959931088596881,0.818819031435854,-0.127409035395586,0.0244346095279206,36
0.0545193164617153,-0.975149415935323,0.214735327167063,-0.0460598978470841,-0.976697775105714,0.209618562903822,4.76823951644851,4.66526509058084,0.216420827247297,0.211184839491314,0.818819031435854,-0.102974425867665,-0.00523598775598297,130
-0.356580984699193,-0.933793293675231,0.0296662440851108,-0.381033231137815,-0.924455912571743,0.0139621803391453,4.34761516671788,4.32143522793796,0.0296705972839036,0.0139626340159546,0.819031435853866,-0.026179938779916,-0.015707963267949,83
-0.971260154383708,-0.139960726318255,-0.192521966525907,-0.966085748185952,-0.172086081822404,-0.192521966525907,3.28470965225333,3.31787090804122,-0.193731546971371,-0.193731546971371,0.819243840271878,0.033161255787892,0,9
-0.88765389419073,0.408275175159556,0.213030386274977,-0.868864436744331,0.442708542681879,0.221548497619467,2.71049632834719,2.67035375555132,0.214675497995303,0.223402144255274,0.820305862361937,-0.0401425727958697,0.00872664625997163,7
-0.809602202035655,0.550205088344462,-0.20449605184179,-0.836292314902049,0.516504660814912,-0.18395135061272,2.54469004940773,2.58832328070759,-0.205948851735331,-0.185004900711399,0.820730671197961,0.0436332312998582,0.020943951023932,23
-0.305728493585075,0.946553634291815,-0.102792536787247,-0.38029851827869,0.918121840578806,-0.111468932206325,1.88321026290188,1.96349540849362,-0.102974425867665,-0.111701072127637,0.820730671197961,0.080285145591739,-0.00872664625997165,27
0.502010488693027,0.809660031807465,0.30403306092549,0.464117702052936,0.83729049857033,0.289031796944472,1.0157816246607,1.06465084371654,0.308923277602996,0.293215314335047,0.820943075615973,0.0488692190558409,-0.0157079632679489,27
0.950659955857762,0.254728567448694,0.177084740319583,0.951974941282439,0.233827472647136,0.197657340379126,0.261799387799149,0.240855436775218,0.178023583703422,0.198967534727354,0.82179269328802,-0.020943951023932,0.020943951023932,84
0.36666717165991,-0.926095561598015,-0.0888942968664415,0.383057460716821,-0.920236444793225,-0.0801989243288589,5.08938009881547,5.10683339133541,-0.0890117918517108,-0.0802851455917391,0.822005097706032,0.0174532925199431,0.00872664625997166,66
0.111483402584533,-0.97847726664503,0.17364817766693,0.14005572413473,-0.97191939355975,0.189095442989891,4.82583538176432,4.85550597904822,0.174532925199433,0.190240888467382,0.82285471537808,0.0296705972839035,0.015707963267949,75
-0.947940722252312,-0.275402238404146,-0.159881187691835,-0.939828494932535,-0.307183302238287,-0.14953534344371,3.42433599241287,3.45749724820077,-0.160570291183478,-0.150098315671512,0.82285471537808,0.0331612557878924,0.010471975511966,36
-0.814664643681084,-0.570434324618422,0.104528463267653,-0.731070022138094,-0.672253346466721,0.116670737099333,3.75245789178781,3.88510291493938,0.10471975511966,0.11693705988362,0.823491928632116,0.132645023151569,0.0122173047639603,98
-0.453500340341841,-0.86013993245519,0.233445363855905,-0.390345264644065,-0.889231333223005,0.238533457578581,4.22718744833027,4.29874594766203,0.235619449019234,0.240855436775218,0.823916737468139,0.0715584993317684,0.00523598775598302,1
-0.837283049951232,0.533408131002125,-0.120136838834647,-0.849958714032069,0.50466855330909,-0.151260820247219,2.57436064669164,2.60577657322753,-0.120427718387609,-0.151843644923507,0.823916737468139,0.0314159265358986,-0.0314159265358979,11
0.944307854784118,-0.230197441425106,0.23514211310259,0.964164307201793,-0.14065636092147,0.224951054343865,6.04407519965636,6.13832297926406,0.237364778271229,0.226892802759263,0.824129141886151,0.0942477796076924,-0.010471975511966,17
0.928777528144475,0.334380485429529,0.159881187691835,0.928453478934042,0.336095467416031,0.158158067254484,0.345575191894877,0.347320521146872,0.160570291183478,0.158824961931484,0.824553950722175,0.00174532925199422,-0.0017453292519943,11
-0.183072306936916,-0.950681010645786,0.250380004054441,-0.167493637970315,-0.94990362392268,0.263873049965373,4.52214809191731,4.53785605518526,0.253072741539178,0.267035375555132,0.824553950722175,0.0157079632679489,0.0139626340159547,91
-0.0505589615434014,-0.998048611050525,0.0366437087065563,-0.00174339083317982,-0.998888353566074,0.0471064507096427,4.66177443207685,4.7106436511327,0.0366519142918809,0.0471238898038469,0.824766355140187,0.0488692190558409,0.010471975511966,4
-0.927913472359856,-0.273099786475876,-0.253757944584806,-0.937713225032095,-0.237277923878314,-0.253757944584806,3.42782665091686,3.38942940737299,-0.256563400043166,-0.256563400043166,0.825191163976211,-0.0383972435438755,0,50
-0.376464675004805,-0.899967774370381,0.219846204352837,-0.440117571683183,-0.867519125046682,0.231747903494157,4.31619924018198,4.24289541159821,0.22165681500328,0.23387411976724,0.825403568394223,-0.0733038285837617,0.0122173047639604,3
-0.431888603079504,-0.873860183456788,-0.223250116010951,-0.39241331882791,-0.885530986035157,-0.248689887164855,4.25336738711018,4.29525528915804,-0.225147473507269,-0.251327412287183,0.825828377230246,0.0418879020478631,-0.026179938779915,59
-0.943169613478439,0.212552452264239,0.255445757935791,-0.943831540146396,0.238826095610567,0.228350870110656,2.91993583858651,2.8937558998066,0.258308729295161,0.230383461263251,0.825828377230246,-0.0261799387799146,-0.0279252680319093,20
-0.30130943698487,-0.949847693958938,0.0836778433323155,-0.179859401242798,-0.979976808412489,0.0854169231373675,4.40521103203369,4.53087473817728,0.0837758040957278,0.0855211333477222,0.826040781648258,0.125663706143592,0.00174532925199435,68
-0.914697452530713,0.313170935890343,-0.255445757935791,-0.899208096761069,0.311378721517702,-0.307356617799807,2.81172542496286,2.80823476645888,-0.258308729295161,-0.312413936106985,0.82625318606627,-0.00349065850398844,-0.0541052068118241,2
-0.80194452646205,-0.57838063378603,-0.14953534344371,-0.769501288844913,-0.616486781354441,-0.166768746716102,3.76642052580376,3.8170350741116,-0.150098315671512,-0.167551608191456,0.826890399320306,0.0506145483078351,-0.0174532925199433,59
-0.853998581350043,-0.339847311185404,0.393941909590951,-0.859642484852082,-0.342093293171376,0.379456159529005,3.52032910127256,3.52032910127256,0.404916386462684,0.389208423194735,0.826890399320306,0,-0.015707963267949,86
-0.732892700917342,0.646131831336003,-0.213030386274977,-0.730072289885627,0.648188510434643,-0.216439613938103,2.41902634326414,2.41553568476015,-0.214675497995303,-0.218166156499291,0.826890399320306,-0.00349065850398844,-0.00349065850398864,2
-0.8724494792484,0.459990428116558,-0.165047605860678,-0.873802644164183,0.454872865236866,-0.17192910027941,2.65639112153537,2.66162710929135,-0.165806278939461,-0.172787595947439,0.827102803738318,0.00523598775598311,-0.0069813170079773,126
0.945767155826868,-0.283743744814725,-0.158158067254484,0.963645739479347,-0.233130439728143,-0.130526192220052,5.99171532209653,6.04582052890836,-0.158824961931484,-0.130899693899575,0.82731520815633,0.0541052068118235,0.0279252680319093,11
0.828491419022716,-0.501752238288638,0.248689887164855,0.769451202981146,-0.59042067398031,0.243615011786023,5.73864258055736,5.62868683768171,0.251327412287183,0.2460914245312,0.827527612574342,-0.109955742875643,-0.005235987755983,36
0.958906819616364,0.273151792995227,-0.0767190281268186,0.959790099071853,0.277029177220791,-0.0453629881292538,0.277507351067098,0.280998009571087,-0.0767944870877505,-0.0453785605518526,0.828164825828377,0.00349065850398844,0.0314159265358979,38
0.849984541618301,-0.473095326795762,-0.231747903494157,0.848388957545508,-0.479995377494349,-0.223250116010951,5.77529449484924,5.76831317784126,-0.23387411976724,-0.225147473507269,0.828164825828377,-0.00698131700797688,0.00872664625997166,27
0.246455977561439,-0.966885319595869,0.0662739004000001,0.284512587964681,-0.954378500751318,0.0906325801977802,4.96197106341988,5.00211363621575,0.0663225115757845,0.0907571211037051,0.829226847918437,0.0401425727958706,0.0244346095279206,13
-0.183073424393444,-0.978244191884344,0.0975828997591495,-0.145282770447027,-0.983852995613745,0.104528463267653,4.52738407967329,4.56578132321717,0.0977384381116825,0.10471975511966,0.829226847918437,0.0383972435438755,0.00698131700797731,90
-0.229702690020964,-0.942278302960239,0.243615011786023,-0.35514545427576,-0.901589260151902,0.246999012722743,4.47327887286147,4.33714319120591,0.2460914245312,0.249582083035189,0.829226847918437,-0.136135681655558,0.00349065850398864,4
0.751472437808,-0.57662508225242,0.320612990585676,0.705107456467388,-0.628227827700278,0.328866646738583,5.62868683768171,5.55538300909795,0.32637657012294,0.335103216382911,0.829439252336449,-0.0733038285837617,0.0087266462599716,5
-0.277613623049515,-0.943250173361194,0.182235525492147,-0.288440372917182,-0.937590085313168,0.194234351219972,4.42615498305762,4.41393767829366,0.183259571459405,0.195476876223365,0.829864061172472,-0.0122173047639604,0.0122173047639603,14
-0.87906031422254,-0.323431219999486,0.350207381259467,-0.890860092877056,-0.279178630374499,0.3583679495453,3.49414916249265,3.44527994343681,0.357792496658838,0.366519142918809,0.830076465590484,-0.0488692190558409,0.00872664625997166,40
-0.222242613454248,-0.962638518414932,0.154710386299468,-0.227154286738953,-0.960930255418386,0.158158067254484,4.48549617762543,4.48026018986944,0.155334303427495,0.158824961931484,0.83071367884452,-0.00523598775598266,0.00349065850398866,36
-0.937396460389337,-0.223319337274223,-0.267238376078257,-0.93301270189222,-0.25,-0.258819045102521,3.37546677335703,3.40339204138894,-0.270526034059121,-0.261799387799149,0.83071367884452,0.0279252680319089,0.00872664625997166,22
-0.975754612964242,0.0733673578910537,-0.20620418539663,-0.946701882058284,0.182306047548168,-0.265556117486809,3.06654349575404,2.95135176512241,-0.207694180987325,-0.268780704807127,0.830926083262532,-0.115191730631626,-0.0610865238198015,12
-0.95315084734722,0.213054456577961,0.214735327167063,-0.955950399823559,0.215432726862465,0.199367934417197,2.92168116783851,2.91993583858651,0.216420827247297,0.200712863979348,0.831350892098556,-0.00174532925199467,-0.015707963267949,82
-0.823116409579396,0.54687723501495,-0.152985836284038,-0.832696620514474,0.534581729407525,-0.144356201000973,2.5551620249197,2.57086998818765,-0.153588974175501,-0.144862327915529,0.832200509770603,0.0157079632679489,0.00872664625997163,7
0.411122688119833,0.910535822666519,0.043619387365336,0.385858434053565,0.922424278221577,-0.0157073173118207,1.14668131856027,1.17460658659218,0.0436332312998582,-0.015707963267949,0.832412914188615,0.0279252680319093,-0.0593411945678072,10
0.683341788846083,0.697805659824488,0.214735327167063,0.691175418156411,0.681591541132849,0.240228042477264,0.795870138909414,0.778416846389471,0.216420827247297,0.242600766027212,0.833050127442651,-0.0174532925199431,0.0261799387799149,50
0.817394022364747,0.570221968189462,-0.0819385086300409,0.768199879702298,0.63777182785513,-0.0558215049931638,0.609119908946021,0.692895713041749,-0.0820304748437335,-0.0558505360638185,0.833474936278675,0.0837758040957279,0.0261799387799149,70
-0.898954257029618,-0.37788557391211,-0.221548497619467,-0.901678088587554,-0.366133504313358,-0.230049737188104,3.5395277230445,3.52731041828054,-0.223402144255274,-0.232128790515246,0.833899745114698,-0.0122173047639609,-0.00872664625997166,164
-0.908164519264918,-0.216355306583908,0.3583679495453,-0.908550012680258,-0.178250425736112,0.377840786818467,3.37546677335703,3.33532420056116,0.366519142918809,0.387463093942741,0.833899745114698,-0.0401425727958702,0.0209439510239319,10
-0.956355404857352,0.212018888846603,0.201077921145965,-0.987379835552255,0.110752393822527,0.113203213767907,2.9234264970905,3.02989158146216,0.202458193231342,0.113446401379631,0.83411214953271,0.106465084371654,-0.0890117918517108,30
-0.31213668850045,-0.91167666310103,0.267238376078257,-0.328315620249326,-0.906961888395688,0.263873049965373,4.38252175175776,4.36506845923782,0.270526034059121,0.267035375555132,0.834536958368734,-0.0174532925199431,-0.00349065850398861,22
-0.870488599526275,0.40776665652429,0.275637355816999,-0.833555508459811,0.460147362091559,0.305695304963106,2.70351501133922,2.63719249976343,0.279252680319093,0.310668606854991,0.834536958368734,-0.0663225115757848,0.0314159265358979,47
-0.376459890655651,0.922486802056962,0.0854169231373675,-0.379733908904569,0.921303520542122,0.0836778433323155,1.95825942073764,1.96175007924163,0.0855211333477222,0.0837758040957278,0.834749362786746,0.00349065850398889,-0.00174532925199435,4
-0.964123996389904,0.0928345819567909,-0.248689887164855,-0.966000878203673,0.158188710377358,-0.20449605184179,3.04559954473011,2.97927703315432,-0.251327412287183,-0.205948851735331,0.83517417162277,-0.0663225115757848,0.0453785605518526,7
-0.80789256679303,0.473987753672978,0.350207381259467,-0.829974485384772,0.446895216285394,0.333806859233771,2.61101256098352,2.6476644752754,0.357792496658838,0.340339204138894,0.83517417162277,0.0366519142918809,-0.0174532925199433,13
-0.890488997476747,0.411463682697532,-0.194234351219972,-0.882355173405707,0.424648867661477,-0.202787295356512,2.7087509990952,2.69304303582725,-0.195476876223365,-0.204203522483337,0.836023789294817,-0.0157079632679484,-0.00872664625997166,49
0.0237571151254364,-0.972079658039968,0.233445363855905,0.0254643038790332,-0.972442532211554,0.231747903494157,4.73682358991261,4.7385689191646,0.235619449019234,0.23387411976724,0.836661002548853,0.00174532925199511,-0.0017453292519943,60
-0.899220024075335,-0.392859568684474,-0.192521966525907,-0.895519662283682,-0.411893024263729,-0.168489379565003,3.55349035706046,3.57268897883239,-0.193731546971371,-0.16929693744345,0.836873406966865,0.0191986217719373,0.0244346095279206,8
-0.124147913501299,-0.969126075439521,0.213030386274977,-0.138571015027793,-0.961616226133049,0.236838146065619,4.5849799449891,4.56927198172115,0.214675497995303,0.239110107523223,0.837085811384877,-0.0157079632679489,0.0244346095279206,7
-0.620323292626178,-0.766035470196529,-0.168489379565003,-0.611521964918059,-0.77154870086245,-0.175366726091987,4.0317105721069,4.04218254761887,-0.16929693744345,-0.176278254451427,0.837510620220901,0.0104719755119653,-0.00698131700797733,11
-0.899666649415519,0.400557399535207,-0.17364817766693,-0.883429863291083,0.408201904778973,-0.230049737188104,2.72271363311115,2.7087509990952,-0.174532925199433,-0.232128790515246,0.837510620220901,-0.0139626340159551,-0.0575958653158129,37
-0.990450162357352,-0.0918812835518634,0.102792536787247,-0.977097341684423,-0.191698877012911,0.0923705874465616,3.23409510394549,3.33532420056116,0.102974425867665,0.0925024503556995,0.837935429056924,0.10122909661567,-0.010471975511966,108
-0.988154057374975,0.0345071000599269,-0.14953534344371,-0.984762525419185,-0.0826928196792328,-0.152985836284038,3.10668606854991,3.22536845768552,-0.150098315671512,-0.153588974175501,0.838360237892948,0.118682389135615,-0.00349065850398866,96
0.569982687454089,-0.820097610298316,0.0505929400767133,0.569057569906824,-0.821823499434478,0.0279216387235689,5.31976356007872,5.31801823082672,0.0506145483078356,0.0279252680319093,0.838785046728972,-0.00174532925199511,-0.0226892802759263,51
-0.940904047485813,-0.316649196082403,0.120136838834647,-0.933461643063558,-0.336066870568045,0.125333233564304,3.46622389446074,3.48716784548467,0.120427718387609,0.125663706143592,0.838997451146984,0.0209439510239324,0.00523598775598298,20
-0.946680994665944,-0.111209457807609,-0.302369890750444,-0.917628788655014,-0.257933819804802,-0.302369890750444,3.25852971347341,3.4156093461529,-0.307177948351002,-0.307177948351002,0.839209855564996,0.157079632679489,0,27
-0.82440115655543,-0.517145870610753,-0.230049737188104,-0.789301361122256,-0.556790861296029,-0.258819045102521,3.70184334347997,3.7559485502918,-0.232128790515246,-0.261799387799149,0.839422259983008,0.0541052068118244,-0.0296705972839036,10
-0.872631895610271,-0.442711428233491,-0.20620418539663,-0.863916370153929,-0.46322789334658,-0.197657340379126,3.61108622237627,3.63377550265219,-0.207694180987325,-0.198967534727354,0.840271877655055,0.0226892802759258,0.00872664625997163,31
-0.978860455123683,-0.108067200333915,-0.17364817766693,-0.975915441261661,-0.165063741557879,-0.142628933705512,3.25154839646544,3.30914426178125,-0.174532925199433,-0.143116998663535,0.840696686491079,0.0575958653158124,0.0314159265358979,21
0.704126439081673,0.662144406225915,-0.256458072771933,0.697409102055128,0.648753349051791,-0.304531831611648,0.754680368562348,0.749269847881166,-0.259355926846357,-0.309446876378595,0.840909090909091,-0.00541052068118253,-0.0500909495322373,227
0.63708355219574,-0.761673196484759,0.118230661329233,0.719934226444438,-0.686543136397875,0.101750830261066,5.40894988485563,5.52152362160926,0.118507856210415,0.101927228316469,0.841758708581138,0.112573736753634,-0.0165806278939461,95
-0.386481265425375,-0.90390604554558,-0.18326508751356,-0.414834024840771,-0.884771700457492,-0.212348227927536,4.308345258548,4.27396227228371,-0.184306769010601,-0.213977366294505,0.841758708581138,-0.0343829862642879,-0.0296705972839036,77
-0.336348123250728,-0.919114444387982,0.205179380306805,-0.311378861420898,-0.938225792422619,0.150915761579677,4.36157780073383,4.39194652971853,0.206646983436129,0.151494579073108,0.84197111299915,0.0303687289847003,-0.0551524043630209,39
-0.118213718421183,-0.992843859641758,0.0169288850398977,-0.130953898453527,-0.990684964619248,0.0373413625512391,4.59388112417427,4.58096568770952,0.016929693744345,0.0373500459926787,0.842820730671198,-0.0129154364647572,0.0204203522483337,6
-0.762355350310505,-0.595188845271805,-0.254095569258817,-0.77308166297255,-0.565395942295749,-0.287527687033959,3.80446870349724,3.77305277696134,-0.256912465893565,-0.291644518008252,0.842820730671198,-0.0314159265358973,-0.0347320521146872,115
-0.932112881626181,-0.231538043057241,-0.278488259220672,-0.943570057778104,-0.0920190767028232,-0.318132103987299,3.385066084243,3.23880749292588,-0.282219740047483,-0.323758576244948,0.84303313508921,-0.146258591317124,-0.041538836197465,36
0.021931648933324,-0.981548332851992,-0.189952291511685,0.0477733769748702,-0.973315987614658,-0.224440844558472,4.73472919481022,4.76143273236573,-0.191113553093379,-0.226369203983665,0.844519966015293,0.0267035375555134,-0.0352556508902855,7
-0.969375473317668,0.0890730929773575,-0.228860603507013,-0.932342072671487,0.117782194539745,-0.341856130815343,3.04996286786009,3.0159289474462,-0.23090706003885,-0.348891317473666,0.844519966015293,-0.0340339204138891,-0.117984257434817,36
-0.216014984314381,-0.966395487078703,0.139345933222229,-0.10651885521457,-0.982119191933984,0.155227659644524,4.4924774946334,4.60435309968624,0.139800873084746,0.155857902203094,0.844519966015293,0.111875605052838,0.0160570291183478,69
-0.95776460949848,-0.00384473420751601,-0.287527687033959,-0.959816336203682,-0.041906486257646,-0.277482336674028,3.14560691086938,3.18522588488965,-0.291644518008252,-0.281172542496286,0.844519966015293,0.0396189740202715,0.010471975511966,7
-0.960554476038916,-0.260796859810741,0.0965406467476809,-0.944882024311127,-0.319273596803734,0.0725419224842709,3.40670816696773,3.46744562493713,0.0966912405604859,0.0726056968829641,0.846006796941376,0.060737457969402,-0.0240855436775217,29
-0.966058927341196,0.0594251821253945,0.251393708421155,-0.970944731064892,0.0169479033224484,0.238702948851282,3.08015706391959,3.12413936106985,0.254119939090374,0.241029969700417,0.846006796941376,0.0439822971502575,-0.0130899693899575,17
0.853680101722925,-0.512942754372748,-0.0901111239461356,0.84859541689257,-0.520223688085849,-0.0961932054943776,5.74213323906134,5.73323205987617,-0.0902335223281068,-0.096342174710087,0.846644010195412,-0.00890117918517053,-0.00610865238198015,22
0.974658821483178,-0.162227708896124,0.154020622552105,0.974508994475505,-0.160979447451993,0.156262078523203,6.11825169286612,6.11947342334252,0.154636171726698,0.15690509975429,0.847068819031436,0.00122173047639684,0.00226892802759265,4
-0.802175894468909,-0.578547501655352,0.14763679304752,-0.820491780946082,-0.553845501679754,0.141592364444656,3.76642052580376,3.73535366511826,0.148178453494319,0.142069801112338,0.847281223449448,-0.0310668606854989,-0.00610865238198013,25
-0.889757504206518,-0.361112172771104,-0.279158704655113,-0.875239593748199,-0.404602856490419,-0.2650512819348,3.52713588535534,3.57460884100959,-0.282917871748281,-0.268257106031528,0.84749362786746,0.0474729556542455,0.0146607657167523,21
-0.718823734752811,0.631724402587081,-0.290201167351228,-0.639760811053233,0.708783021284674,-0.297208232354151,2.42059713959094,2.30505634310891,-0.294437044811443,-0.30176742766982,0.848130841121495,-0.115540796482025,-0.00733038285837612,23
-0.84293964509488,-0.51695890188502,-0.149017611338903,-0.840604705941676,-0.52874255412965,-0.117537397457838,3.69172043381841,3.70306507395637,-0.149574716895914,-0.117809724509617,0.848130841121495,0.0113446401379629,0.0317649923862968,1
-0.935282110693101,-0.270662800070012,-0.228011013057965,-0.961796984183113,-0.217632438331969,-0.166080351041148,3.42328879486168,3.36412213321907,-0.230034395412853,-0.166853476490658,0.848980458793543,-0.0591666616426076,0.0631809189221947,5
-0.630915964163427,-0.742110663092865,-0.226311311886086,-0.644310517789136,-0.730826826215239,-0.225291159947424,4.00779956135458,3.98982267005904,-0.228289066160858,-0.227241868609662,0.848980458793543,-0.0179768912955418,0.00104719755119662,17
-0.81298628436965,0.481756843957592,-0.327052969298325,-0.78868334866226,0.525588750407561,-0.31895930929807,2.60664923785353,2.5537657615181,-0.333183354205717,-0.324631240870945,0.849405267629567,-0.0528834763354276,0.00855211333477218,69
-0.576163642010527,0.779493724599401,-0.245814952627618,-0.601051257281558,0.766549083132097,-0.226141303767357,2.20731790499723,2.23576677180474,-0.248360352558793,-0.228114533235659,0.850467289719626,0.0284488668075076,0.0202458193231342,13
-0.987360005099378,0.107087264246138,-0.116844076300142,-0.984996970256731,0.123211637058188,-0.12082988487333,3.03355677289134,3.0171506779226,-0.11711159280882,-0.121125850088406,0.850467289719626,-0.0164060949687466,-0.00401425727958696,11
0.920237294699174,0.311304137169999,0.237177266249503,0.945207796755679,0.253798182858065,0.205350196810764,0.32620203719774,0.262322986574748,0.239459173373622,0.206821516361328,0.851529311809686,-0.0638790506229925,-0.032637657012294,1
0.990878719786904,0.0299278818675778,0.131391341268698,0.989043071768152,0.0724572338209232,0.128622515347966,0.0301941960595019,0.0731292956585624,0.131772358525572,0.128979831722381,0.852166525063721,0.0429350995990605,-0.00279252680319092,7
0.831766713840457,-0.548240832347565,0.0871557427476582,0.887248718104894,-0.454418986835583,0.0793290402346094,5.70041986993868,5.80985201403872,0.0872664625997165,0.079412480965742,0.852166525063721,0.109432144100045,-0.00785398163397448,4
0.968021104883575,0.165640770893508,0.188409860457959,0.971813487950793,0.16001149553507,0.173132509753498,0.169471470368649,0.16318828506147,0.189542756766584,0.174009326423835,0.852591333899745,-0.00628318530717964,-0.0155334303427495,37
-0.315166459373241,-0.928983100414184,0.19406313928973,-0.308489785158838,-0.930063576156628,0.199538960504954,4.38531427856095,4.39212106264373,0.195302343298165,0.200887396904547,0.853016142735769,0.00680678408277835,0.00558505360638187,79
-0.711427263700442,-0.698385775656116,0.0782850996352895,-0.696689676407682,-0.715671592040066,0.0493727367460686,3.91774057195167,3.9404298522276,0.0783652834145454,0.0493928178314395,0.853653355989805,0.0226892802759262,-0.0289724655831059,25
-0.488723457731702,-0.872321369160309,0.0143112113062918,-0.418500153048151,-0.908213892138363,0.00226892608083988,4.20170564125115,4.28059452344129,0.0143116998663535,0.00226892802759263,0.853865760407816,0.0788888821901441,-0.0120427718387609,12
-0.875723893419887,0.386240257915938,-0.289700061543907,-0.882401394056776,0.390105575437498,-0.263031214457975,2.72620429161514,2.72533162698915,-0.293913446035845,-0.266162710929135,0.854078164825828,-0.00087266462599711,0.0277507351067098,45
-0.813447555092084,0.498676611669697,-0.299373866742474,-0.790785762660666,0.493370485793663,-0.362275366704546,2.59163940628638,2.58378542465241,-0.304036355697412,-0.370707933123596,0.854715378079864,-0.00785398163397444,-0.0666715774261833,3
-0.954067881205299,0.193933901554466,-0.228350870110656,-0.969459907545818,0.100012929309441,-0.223930573241348,2.94105432253564,3.03879276064733,-0.230383461263251,-0.225845605208066,0.854927782497876,0.097738438111683,0.00453785605518525,6
-0.494536413160017,0.868070427042238,-0.043445019893332,-0.513868309080354,0.856913463538235,-0.0404805747217525,2.08863551586161,2.11097573028714,-0.0434586983746588,-0.0404916386462684,0.855140186915888,0.0223402144255274,0.00296705972839037,6
-0.473659758060254,0.838214527960965,-0.270264386683628,-0.45621927181817,0.844111989986482,-0.281671660595737,2.08514485735763,2.06629530143609,-0.273667626712711,-0.285535865626272,0.8553525913339,-0.0188495559215389,-0.0118682389135614,7
0.584501312504727,0.798912299109136,-0.141765136801706,0.575700931806895,0.802354068171432,-0.157468683888021,0.939161670498149,0.948411915533719,-0.142244334037538,-0.158126830230686,0.855777400169924,0.00925024503557026,-0.0158824961931484,49
0.246234295210886,0.954178136880886,-0.17003751045143,0.208566264966198,0.958178074094028,-0.195946144242518,1.31824718403132,1.35646989464999,-0.170867733770245,-0.197222205475359,0.856627017841971,0.0382227106186761,-0.0263544717051144,4
-0.355538237858648,0.901202332039349,0.247844544316,-0.327674067210727,0.913650527206993,0.240566871808992,1.94656571474928,1.91514978821338,0.250454747661186,0.242949831877611,0.857264231096007,-0.0314159265358978,-0.00750491578357562,124
0.736872038784494,0.664181517891612,0.126025829688909,0.748756920232672,0.651802755556683,0.120483369194255,0.733561884613217,0.716283125018473,0.126361837844389,0.120776784238008,0.85875106202209,-0.0172787595947437,-0.00558505360638187,2
0.27494589762931,-0.940851182917946,-0.197999507521394,0.325735211801784,-0.929633583620723,-0.172272957822577,4.99670311553457,5.0494120589448,-0.199316600577752,-0.173136661797837,0.858963466440102,0.052708943410229,0.0261799387799149,8
-0.245979717774358,-0.943655460092802,0.221378298576641,-0.173165938184972,-0.959532872956896,0.222059054234688,4.45739637666832,4.53384179790567,0.223227611330075,0.223925743030872,0.859175870858114,0.0764454212373513,0.000698131700797716,6
-0.977509108595311,-0.0980853288325115,-0.186695503108719,-0.965696713441298,-0.00235964690762678,-0.259661875744492,3.24160001972907,3.14403611454259,-0.18779742751459,-0.262672052425147,0.860875106202209,-0.0975639051864832,-0.0748746249105567,14
-0.828937836682246,-0.553460112605837,-0.0808947876620766,-0.750171712188037,-0.658578132256255,-0.0593063735759616,3.73029221028748,3.86206456881305,-0.0809832772925369,-0.0593411945678072,0.861512319456245,0.131772358525572,0.0216420827247297,47
-0.924829256127602,0.274298094404388,-0.263536339840613,-0.9487447016813,0.220430727992238,-0.226481313110978,2.85326426116033,2.91330358742893,-0.266686309704734,-0.228463599086058,0.861512319456245,0.0600393262686048,0.0382227106186759,2
-0.934350018678675,0.348038653428406,-0.0765450084257802,-0.947676740346878,0.307004784444643,-0.0875034749802172,2.78502188740735,2.82830605285681,-0.0766199541625511,-0.0876155284501153,0.86214953271028,0.0432841654494598,-0.0109955742875643,6
-0.979089866944214,-0.0767121693694918,-0.188409860457959,-0.991829270590255,-0.0443448702418667,-0.1196170158616,3.21978340407914,3.18627308244085,-0.189542756766584,-0.11990411961201,0.86214953271028,-0.0335103216382908,0.0696386371545737,88
-0.809891317317629,0.496302037559931,-0.312666502278988,-0.815123579922907,0.488614616998845,-0.311174075894406,2.59181393921158,2.60158778302275,-0.317998989713367,-0.316428193386572,0.862786745964316,0.00977384381116853,0.00157079632679491,11
0.548232434050896,0.823284412602379,-0.147118911838637,0.54551607522685,0.826376713580005,-0.139691585007133,0.983318500573605,0.987332757853192,-0.14765485471872,-0.140149938935145,0.862786745964316,0.00401425727958671,0.00750491578357565,5
-0.990078659402439,-0.0350933543283931,0.136061400396481,-0.989253769183839,-0.064839117635335,0.131045293619572,3.17702283740528,3.20704250053958,0.136484747505957,0.131423292675173,0.863848768054375,0.0300196631343024,-0.00506145483078355,15
-0.542391999957725,0.812667812150447,-0.213030386274977,-0.609543339409566,0.759203776132005,-0.228180945059705,2.15932135056738,2.2472859448679,-0.214675497995303,-0.230208928338052,0.864273576890399,0.0879645943005136,-0.0155334303427495,39
-0.476447962255619,0.863440140862336,-0.16573612282812,-0.541854053582722,0.827094279612447,-0.149362770623538,2.07502194769606,2.15076923723261,-0.166504410640259,-0.149923782746313,0.864273576890399,0.0757472895365545,0.0165806278939461,8
-0.221655155651995,0.974044897914973,0.0458860416542947,-0.213088578156161,0.976493611645733,0.0324574224863716,1.79454753690057,1.7856463577154,0.0459021593274509,0.0324631240870945,0.865123194562447,-0.00890117918517053,-0.0134390352403563,9
0.972997196474306,-0.185433148109455,-0.137444546037147,0.968115154537931,-0.181702535357814,-0.172444878725177,6.0948642808894,6.09765680769259,-0.137881010907552,-0.173311194723037,0.865335598980459,0.00279252680319164,-0.0354301838154849,2
0.851314670479758,-0.43451538403516,0.294040325232304,0.863868021087508,-0.407058048457056,0.296708252882668,5.81124827744032,5.84283873690142,0.29845130209103,0.301243828894221,0.867034834324554,0.0315904594610972,0.00279252680319098,2
-0.704592314869678,-0.707056108658508,-0.0601774794692935,-0.693272277479644,-0.71966192411146,-0.0382134042238811,3.92873614623924,3.94566583998358,-0.0602138591938044,-0.0382227106186758,0.867459643160578,0.0169296937443453,0.0219911485751286,69
0.147232220352858,-0.918175282926043,-0.367799977044111,0.224069939330097,-0.899364114900189,-0.375415571225283,4.87138847524137,4.9565605427387,-0.376642052580376,-0.38484510006475,0.868096856414613,0.0851720674973233,-0.00820304748437339,8
-0.90827787310383,-0.393988339864379,-0.140728438067414,-0.87664608015474,-0.463768485299665,-0.128103248171869,3.55087236318246,3.62819044904581,-0.141197136486341,-0.128456232946783,0.868096856414613,0.0773180858633489,0.0127409035395586,12
-0.60608429503564,-0.784181443634093,0.133121338526552,-0.601666969083644,-0.783824364063257,0.153675712506992,4.05439985238283,4.05771597796162,0.133517687777566,0.154287105876299,0.868096856414613,0.00331612557878991,0.0207694180987325,2
-0.940958464102837,-0.254771209391289,-0.2229098465715,-0.948405700808924,-0.238927056382072,-0.208423819180372,3.40601003526693,3.38838220982179,-0.22479840765687,-0.209963109014918,0.868734069668649,-0.017627825445143,0.0148352986419518,120
0.476356860953432,-0.871889059437308,0.113550028868864,0.581631603887112,-0.805266567289897,0.115110524995987,5.21242581108106,5.33791498429946,0.11379546723003,0.115366263556825,0.868734069668649,0.125489173218392,0.00157079632679492,130
-0.948502762324463,-0.279159544050819,-0.149707911708774,-0.955728379385653,-0.242546530061665,-0.166596655404358,3.42782665091686,3.39012753907379,-0.150272848596712,-0.167377075266256,0.868734069668649,-0.0376991118430774,-0.0171042266695444,2
-0.611214630376492,-0.776436364238534,-0.153503250459965,-0.613736274374328,-0.779359740881048,-0.12619896913583,4.04549867319766,4.04532414027246,-0.154112572951099,-0.126536370769589,0.869158878504673,-0.000174532925198534,0.0275762021815104,2
0.0608273993165659,-0.997375904240195,0.0392598157590686,0.0414185323018053,-0.99653026270319,0.0721937718828606,4.77330097127929,4.75392781658215,0.0392699081698724,0.0722566310325652,0.869796091758709,-0.0193731546971367,0.0329867228626928,16
-0.965566322291193,0.140172524165869,-0.219165099242624,-0.968394964456072,0.129727588968798,-0.213030386274977,2.99742845737506,3.00842403166263,-0.220958683302482,-0.214675497995303,0.869796091758709,0.0109955742875645,0.00628318530717956,49
-0.793175327017774,-0.603144534032668,-0.0841995942790926,-0.724641968844713,-0.685259845257968,-0.0728900642466679,3.79172779995768,3.89906554895533,-0.0842994028713261,-0.072954762733363,0.869796091758709,0.107337748997651,0.0113446401379631,8
-0.0914152088387444,-0.979847684854096,0.177600039636926,-0.0965111010481768,-0.977270709425257,0.188752663223395,4.61936293125339,4.61395241057221,0.17854718247902,0.189891822616983,0.87000849617672,-0.00541052068118208,0.0113446401379632,5
-0.901850742798195,0.316707438674024,-0.293873503403903,-0.899763706001769,0.33087029955655,-0.284517342587971,2.80387144332889,2.78921067761214,-0.298276769165831,-0.288502925354663,0.870433305012744,-0.0146607657167523,0.00977384381116825,1
-0.495456994788213,-0.851964266775034,-0.169349503849025,-0.467512322508585,-0.871541511509432,-0.147809411129611,4.1856486121328,4.22003159839709,-0.170169602069447,-0.148352986419518,0.870433305012744,0.0343829862642888,0.0218166156499291,10
-0.91566642329536,0.0789832911415324,-0.394102322969473,-0.913898466500465,0.105418391920468,-0.39201601443436,3.05554792146647,3.02674998880857,-0.405090919387884,-0.402821991360291,0.871495327102804,-0.0287979326579069,0.00226892802759265,7
-0.93335975061019,-0.0366718044781259,-0.357064076458557,-0.943683093736647,-0.0021411526947884,-0.330843821252216,3.18086256175967,3.14386158161739,-0.365122879517214,-0.337197611485304,0.871495327102804,-0.0370009801422793,0.0279252680319093,15
-0.534418140646486,0.818858245555403,-0.209447904343492,-0.53666472220391,0.816683299315023,-0.212177672156446,2.14902390798062,2.15216550063421,-0.211010306566114,-0.213802833369305,0.871495327102804,0.0031415926535896,-0.00279252680319089,1
-0.596138228965886,0.792540191944001,-0.128449430200303,-0.618831138096159,0.777698717046352,-0.110601663762674,2.2156954854068,2.24292262173791,-0.128805298797182,-0.11082840750164,0.871495327102804,0.0272271363311116,0.0179768912955416,2
-0.420036181171058,0.907377390794866,0.0153582935749529,-0.437000721448593,0.89479484980379,0.0915016186634024,2.00433611299029,2.02510553108902,0.0153588974175501,0.0916297857297023,0.872982158028887,0.0207694180987326,0.0762708883121522,22
-0.908666982427635,0.367863421647272,0.197486247773906,-0.909747803575185,0.363688991517471,0.200223004020845,2.75692208645024,2.76128540958023,0.198793001802154,0.201585528605345,0.872982158028887,0.00436332312998555,0.00279252680319095,17
-0.640018137084417,0.723154543986169,-0.259661875744492,-0.622737041241101,0.729389134641781,-0.283178508599776,2.29528249929774,2.2774801409274,-0.262672052425147,-0.287106661953067,0.872982158028887,-0.0178023583703419,-0.0244346095279206,4
-0.980036359828839,0.09367627657639,-0.175366726091987,-0.98108954969662,0.0875599096381912,-0.172616794374807,3.0462976764309,3.05258086173808,-0.176278254451427,-0.173485727648236,0.872982158028887,0.00628318530717964,0.00279252680319092,7
-0.60485107570364,0.775568184034189,0.180690808106168,-0.615928590868625,0.78158223024648,0.098798726274825,2.23314877792674,2.23821023275753,0.18168877513261,0.0989601685880785,0.874681393372982,0.00506145483078368,-0.0827286065445312,12
0.843108039995856,0.535259068555389,0.0516387686100566,0.81104197437761,0.581720230900654,0.0617453541455419,0.565661210571362,0.622209878335978,0.0516617458590322,0.0617846555205993,0.876380628717077,0.0565486677646163,0.0101229096615671,5
0.949460708540992,0.0311650704281821,0.312334918512233,0.958485300038775,0.0663514330919885,0.277314653302378,0.0328121899374934,0.0691150383789754,0.317649923862968,0.280998009571087,0.876805437553101,0.036302848441482,-0.0366519142918809,13
0.940836177715328,-0.247701493951345,-0.231238527491168,0.928984272995752,-0.258678094018397,-0.264714684521965,6.02574924251042,6.01161207556927,-0.233350520991642,-0.26790804018113,0.877017841971113,-0.0141371669411541,-0.0345575191894877,13
0.942445353720336,0.153824692705631,-0.296874921751515,0.936894469205411,0.168742740172553,-0.306193796820526,0.161792021659874,0.178198116628621,-0.301418361819421,-0.311192205630589,0.877230246389125,0.0164060949687466,-0.00977384381116819,26
0.808982557799136,-0.580884847898387,0.0901111239461356,0.846367151078449,-0.513386103788312,0.141765136801706,5.66045183006801,5.73794444885656,0.0902335223281068,0.142244334037538,0.878717077315208,0.0774926187885479,0.052010811709431,10
-0.871932547771846,-0.441018010141225,-0.212689320059031,-0.853098799982061,-0.498710445276392,-0.153330783736961,3.60986449189987,3.67060194986927,-0.214326432144904,-0.1539380400259,0.878717077315208,0.060737457969402,0.0603883921190038,3
-0.948504418731225,0.209583748299086,-0.237516357534057,-0.956568421474789,0.171596800591267,-0.235650998436397,2.9241246287913,2.96409266866197,-0.239808239224021,-0.237888377046827,0.881053525913339,0.0399680398706708,0.00191986217719375,15
-0.955380573899137,-0.0676445726208529,-0.287527687033959,-0.899761050770598,-0.162541134813534,-0.404982013192831,3.21227848829556,3.32031436899401,-0.291644518008252,-0.416959158301445,0.881053525913339,0.108035880698449,-0.125314640293193,2
-0.976204036588449,-0.176350500814348,-0.12619896913583,-0.972210722216557,-0.173702354983738,-0.156951595978711,3.32031436899401,3.31839450681682,-0.126536370769589,-0.157603231455088,0.881053525913339,-0.00191986217719453,-0.031066860685499,2
-0.809083460944889,-0.547790685166297,-0.212859856409045,-0.798867923196911,-0.545359465717016,-0.253757944584806,3.73674992851986,3.74058965287425,-0.214500965070103,-0.256563400043166,0.881903143585387,0.00383972435438773,-0.0420624349730633,4
-0.979298367427935,0.0319733578862258,-0.199880994440346,-0.9873186797349,-0.0115459406370305,-0.158330401064798,3.1089549965775,3.15328635957815,-0.201236462754946,-0.158999494856683,0.881903143585387,0.0443313630006559,0.0422369678982628,2
-0.645574108575799,-0.758547011483395,-0.0885466075362222,-0.638607220754132,-0.769479337806984,-0.00907558751867538,4.00727596257898,4.01966780026814,-0.0886627260013119,-0.00907571211037051,0.88232795242141,0.0123918376891599,0.0795870138909414,2
-0.876986254873693,-0.466694608390946,-0.114417005997516,-0.868304090319728,-0.48507988959028,-0.103660539498455,3.6306339099986,3.65105426224694,-0.114668131856027,-0.103847090493663,0.88232795242141,0.0204203522483337,0.0108210413623649,2
-0.934044765675252,0.110220886348327,-0.339723022368595,-0.949094696781539,0.0798645271908286,-0.304698069960647,3.02413199493057,3.05764231656887,-0.346622389446074,-0.309621409303794,0.882752761257434,0.0335103216382908,0.0370009801422798,13
-0.580260398099563,0.809603216823626,0.0885466075362222,-0.674689826146519,0.730386659742286,0.106437614426884,2.19265713928048,2.31657551617207,0.0886627260013119,0.106639617296854,0.883814783347494,0.123918376891597,0.0179768912955416,13
-0.887904565130935,0.231612812125816,-0.397468223231514,-0.893839579046861,0.191785782420076,-0.405301148025575,2.88642551694822,2.93023328117328,-0.408756110817072,-0.417308224151844,0.883814783347494,0.0438077642250576,-0.00855211333477213,2
-0.936211079036968,0.339643112860784,-0.0902849454486854,-0.97164020476238,0.19785904288187,-0.129487882209847,2.79357400074212,2.94070525668525,-0.0904080552533063,-0.129852496348378,0.883814783347494,0.147131255943122,-0.0394444410950718,2
-0.748079453122852,0.618205670291942,-0.241244442494135,-0.777670427686199,0.592211639516483,-0.210983601077342,2.45096586857564,2.49075937552111,-0.243647963578408,-0.212581102892909,0.884451996601529,0.0397935069454709,0.0310668606854991,8
-0.858659789943152,0.403688588987462,-0.315814642244616,-0.893757535677312,0.367650521539465,-0.256964124795229,2.70211874793762,2.75133703284386,-0.321315115292156,-0.259879525621956,0.884451996601529,0.0492182849062397,0.0614355896702004,15
-0.874944705749353,0.455661491150152,-0.163842507805506,-0.88218388600716,0.427414514334218,-0.197657340379126,2.66145257636615,2.69042504194926,-0.164584548463065,-0.198967534727354,0.884664401019541,0.0289724655831058,-0.0343829862642883,11
0.533533697689116,0.841039004003827,0.0894158105394685,0.409860551431995,0.906474710341867,0.101577201627575,1.00548418207393,1.14615771978468,0.0895353906273091,0.101752695391269,0.885301614273577,0.140673537710743,0.0122173047639603,30
0.955410812540138,-0.15183505046809,-0.253251449612328,0.95787460207627,-0.146233238963611,-0.247168134110041,6.1255820757245,6.13169072810648,-0.256039801267568,-0.249756615960389,0.886151231945625,0.00610865238197977,0.00628318530717958,68
0.839313186179444,-0.376498223472531,-0.392176571492152,0.888377871771483,-0.279082012198664,-0.364551762324522,5.86151375989776,5.97879988563178,-0.402996524285491,-0.373151394076388,0.88678844519966,0.11728612573402,0.029845130209103,4
0.314652867960115,-0.932280023593866,0.178458763562609,0.342816487886243,-0.926256525575508,0.156606846791992,5.03789288588163,5.06686535146474,0.179419847105017,0.157254165604689,0.888062871707732,0.0289724655831067,-0.022165681500328,7
-0.979797337535904,0.039181444664677,-0.196117290802068,-0.970390568740026,0.0777348579211748,-0.228690699339486,3.10162461371912,3.06165657384845,-0.197396738400559,-0.23073252711365,0.889762107051827,-0.0399680398706708,-0.0333357887130917,42
-0.871469666573253,-0.395132789661539,-0.290535193697757,-0.888389887228984,-0.319139613263037,-0.330020174406948,3.56727845815121,3.48646971378387,-0.294786110661842,-0.336324946859307,0.889762107051827,-0.0808087443673373,-0.041538836197465,2
-0.889513672885351,-0.439431884803767,-0.125160074975295,-0.873203703957626,-0.463118361413559,-0.151778373677883,3.6004397139391,3.62923764659701,-0.125489173218392,-0.152367243699105,0.889762107051827,0.028797932657906,-0.0268780704807127,1
-0.829825627314742,0.477942093833846,-0.288029136014769,-0.796188734397178,0.508401105905132,-0.328042397768122,2.61904107554269,2.57331344914044,-0.292168116783851,-0.334230551756914,0.890824129141886,-0.0457276264022517,-0.0420624349730633,39
-0.897057538726714,0.369923613723697,-0.241752543364431,-0.884081573930951,0.408503037370945,-0.22699127537085,2.75046436821786,2.7087509990952,-0.244171562354007,-0.228987197861656,0.890824129141886,-0.041713369122665,0.0151843644923507,12
-0.837465710462217,-0.523103440595013,0.158158067254484,-0.804263541376946,-0.576645839498287,0.143665346556254,3.69992348130278,3.76362799900057,0.158824961931484,0.144164196214732,0.890824129141886,0.0637045176977926,-0.0146607657167524,12
-0.812254151497435,-0.560964525792345,-0.159881187691835,-0.843379438564897,-0.47969047717858,-0.242091240465542,3.74600017355543,3.65873371095571,-0.160570291183478,-0.244520628204406,0.890824129141886,-0.0872664625997168,-0.0839503370209273,14
-0.881652786763921,0.305299650385616,-0.359833971528305,-0.864960369675736,0.340542574121439,-0.368611332030308,2.80823476645888,2.76652139733621,-0.368089939245604,-0.377514717206373,0.89124893797791,-0.041713369122665,-0.00942477796076929,5
-0.572890593016732,0.769712572360733,-0.281671660595737,-0.659153047670283,0.711571380619345,-0.243276447751229,2.21063403057602,2.31797177957367,-0.285535865626272,-0.245742358680802,0.893372982158029,0.107337748997651,0.0397935069454707,6
-0.727620240831936,0.685195250751306,0.0328063024361232,-0.701651936028918,0.712512150084702,-0.00331611950105904,2.38621415332665,2.34851504148357,0.0328121899374934,-0.00331612557878923,0.893372982158029,-0.0376991118430774,-0.0361283155162826,5
-0.52475015289263,0.639296139032218,-0.562083377852131,-0.449924704785584,0.606929931908069,-0.65513648789979,2.25810698623026,2.20871416839882,-0.596902604182061,-0.714363262841279,0.893797790994053,-0.0493928178314396,-0.117460658659218,15
-0.761334874599262,0.59460603595961,-0.258481857621234,-0.735419802568823,0.617965910814784,-0.277985336052978,2.47854207075715,2.44276282109126,-0.261450321948751,-0.281696141271885,0.893797790994053,-0.0357792496658837,-0.0202458193231342,5
0.960566722957722,0.238784016787733,-0.142456182993153,0.95609611259779,0.269646991452877,-0.11476377248856,0.243647963578408,0.274889357189107,-0.142942465738336,-0.115017197706426,0.894859813084112,0.0312413936106983,0.0279252680319093,139
0.978641524650338,0.153951224449032,-0.136234308163202,0.970583157835589,0.128986235114476,-0.203299987400121,0.156032435128293,0.132121424375971,-0.136659280431156,-0.204727121258935,0.895921835174172,-0.0239110107523222,-0.0680678408277789,3
0.914915602201133,-0.347909332484369,-0.204666893315013,0.944802784965495,-0.276100678312763,-0.176397599067212,5.91980775691437,5.99887117202971,-0.20612338466053,-0.177325452002624,0.896559048428207,0.0790634151153427,0.0287979326579065,9
0.980234138832767,-0.00222408452775675,-0.19782842696336,0.979530483897791,0.0323232253496371,-0.198683769387324,6.28091637915199,0.0329867228626928,-0.199142067652553,-0.20001473227855,0.896559048428207,0.035255650890285,-0.000872664625997194,3
0.997701696083316,0.0500176654679024,-0.0457116918699685,0.99242322141483,0.118690665934208,-0.0317596507648635,0.0500909495322373,0.119031454986013,-0.0457276264022514,-0.0317649923862968,0.896983857264231,0.0689405054537762,0.0139626340159546,7
0.428383705634612,-0.871358317165609,-0.239211379020889,0.442488649508484,-0.871062091460692,-0.213200909651632,5.16931617855681,5.18240614794676,-0.241553568476015,-0.214850030920502,0.897408666100255,0.0130899693899575,0.0267035375555132,28
0.91378721980542,-0.402266378246722,-0.0563442796790185,0.941625875912598,-0.322574216388927,-0.0963669275887815,5.86849507690573,5.95314354562746,-0.0563741348394168,-0.0965167076352864,0.897408666100255,0.0846484687217242,-0.0401425727958696,10
0.985789131637862,-0.0968311792012382,-0.137271667430567,0.957665691003354,-0.149281548109777,-0.246153293028993,6.1852723361427,6.12854913545289,-0.137706477982353,-0.248709418409192,0.898045879354291,-0.0567232006898157,-0.111002940426839,4
-0.85713824401395,-0.488506561579812,-0.163325962241622,-0.837855620775321,-0.521316324762416,-0.161948288880766,3.65960637558171,3.69817815205078,-0.164060949687467,-0.162664686285871,0.900807136788445,0.0385717764690749,0.00139626340159549,208
-0.4044706082768,-0.883033212790138,-0.238024940184263,-0.26164410327049,-0.927720011535034,-0.266229118282011,4.28286345146889,4.43749962319558,-0.240331837999619,-0.269478836507924,0.900807136788445,0.154636171726698,-0.0291469985083053,49
-0.760447490924036,-0.602723254341632,-0.241752543364431,-0.783031563088952,-0.575404302224409,-0.236159819165145,3.81179908635562,3.77532170498893,-0.244171562354007,-0.238411975822425,0.902081563296517,-0.0364773813666819,0.00575958653158126,6
-0.130984276163349,-0.979074383538843,-0.155744890433036,-0.10060887077922,-0.988759387866157,-0.110601663762674,4.57939489138272,4.61098535084382,-0.156381500978692,-0.11082840750164,0.902081563296517,0.0315904594610972,0.045553093477052,5
-0.931651250724409,0.230560375228359,-0.280834222270369,-0.903988712753678,0.302119554272108,-0.302536249299766,2.89899188756258,2.81905580782124,-0.284663201000275,-0.307352481276201,0.90250637213254,-0.0799360797413398,-0.0226892802759263,43
-0.887110824530473,-0.391077558447636,-0.245138182010678,-0.906225452901056,-0.339184412456287,-0.252407137103843,3.55680648263924,3.49973421609903,-0.247662220857995,-0.255167136641571,0.90250637213254,-0.0570722665402137,-0.00750491578357565,2
-0.943858562962706,0.0255400621206555,-0.329361075946822,-0.920400922020292,0.0908948825880365,-0.380263412733205,3.11454005018388,3.04315608377731,-0.33562681515851,-0.390081087820733,0.903143585386576,-0.0713839664065676,-0.0544542726622231,1
-0.983385616315548,0.0675578167016181,-0.168489379565003,-0.989007928204391,0.0205440732723797,-0.146428340843694,3.07300121398642,3.12082323549106,-0.16929693744345,-0.146956723017923,0.9035683942226,0.0478220215046448,0.0223402144255274,22
-0.870771088718841,0.422260429909374,-0.251900457292469,-0.8510159489653,0.426157042426901,-0.306858322026056,2.69007597609886,2.6773350725593,-0.254643537865973,-0.311890337331387,0.905055225148683,-0.0127409035395587,-0.057246799465414,8
0.035282010948312,0.980892812327804,-0.191322947988723,0.0313923145467355,0.971903798648969,-0.233275649734608,1.53484254420381,1.538507735633,-0.192509816494975,-0.235444916094035,0.905904842820731,0.00366519142918875,-0.0429350995990606,1
0.939325977177304,0.304299511499055,-0.158330401064798,0.932217691409235,0.333415180432359,-0.140728438067414,0.313286600732982,0.343480796792484,-0.158999494856683,-0.141197136486341,0.90802888700085,0.0301941960595018,0.0178023583703421,83
0.988053309562691,0.108907554578733,-0.109040368753469,0.980867184586873,0.147641851671718,-0.12689148842837,0.109781209950443,0.149400183970715,-0.109257611174845,-0.127234502470387,0.909090909090909,0.0396189740202715,-0.0179768912955416,51
0.9358086999413,-0.155929134859706,-0.316145823973806,0.929955775603346,-0.183461609788976,-0.318628456286655,6.11807715994092,6.08840656265702,-0.321664181142555,-0.324282175020546,0.911214953271028,-0.0296705972839044,-0.0026179938779915,20
0.915272859382633,-0.38455732367383,-0.119963568162838,0.960803097660878,-0.271336594306752,-0.0568670389177694,5.88542477065008,6.00794688414008,-0.120253185462409,-0.0568977336150151,0.911852166525064,0.122522113490002,0.0633554518473942,11
0.655685516501458,-0.740596580790797,0.146946275799002,0.670800640390255,-0.720101178172044,0.177428278600842,5.43704968581273,5.46235695996665,0.147480321793521,0.17837264955382,0.911852166525064,0.0253072741539189,0.0308923277602997,7
0.979977868171718,-0.167158634014303,0.10817286613605,0.98428890540181,-0.151320696537426,0.0909802039035699,6.11423743558653,6.13064353055528,0.108384946548848,0.091106186954104,0.912489379779099,0.0164060949687466,-0.0172787595947439,5
0.873558863006449,-0.380740998452964,-0.303201591288568,0.883580509389945,-0.360222784777734,-0.299207334056469,5.87216026833492,5.89607127908724,-0.308050612976999,-0.303861822772213,0.912914188615123,0.0239110107523217,0.00418879020478635,9
0.784898422668432,-0.602491421110427,0.144701601860329,0.848966910075327,-0.509505969417713,0.140210030756961,5.62851230475651,5.74265683783694,0.145211393765928,0.140673537710743,0.913126593033135,0.114144533080428,-0.00453785605518528,34
-0.200022643301416,-0.950820259866967,-0.236498997023725,-0.247638197127364,-0.933314452869213,-0.259998952668951,4.50504386524776,4.45303305353833,-0.238761041672824,-0.263021118275545,0.913551401869159,-0.0520108117094313,-0.0242600766027212,68
0.980917711371483,-0.0414556445757549,-0.189952291511685,0.982122722818119,-0.0593810123748662,-0.178630492060177,6.24094833928132,6.22279691506058,-0.191113553093379,-0.179594380030216,0.914401019541206,-0.0181514242207408,0.0115191730631626,38
-0.211743441365911,-0.958278451468076,-0.19200813652152,-0.197038621102796,-0.962455490354173,-0.186695503108719,4.4949209555862,4.51045438592895,-0.193207948195772,-0.18779742751459,0.914401019541206,0.0155334303427495,0.00541052068118242,3
0.927286583976587,-0.356880729731074,0.113029801042237,0.922029600398061,-0.372149805554012,0.10661115427526,5.91579349963478,5.89956193759123,0.113271868454432,0.106814150222053,0.915463041631266,-0.0162315620435471,-0.00645771823237902,1
0.350823998414772,-0.930392642532883,-0.106264071336233,0.375908493787055,-0.922516095342045,-0.0875034749802172,5.07297400384672,5.09932847555183,-0.106465084371654,-0.0876155284501153,0.915463041631266,0.0263544717051136,0.0188495559215388,2
0.0206009681946922,-0.991746894742155,-0.126545236491677,-0.0385848113240324,-0.986437674072841,-0.159536602398486,4.73315839848342,4.67329360514002,-0.126885436619988,-0.160221225333079,0.915463041631266,-0.0598647933434053,-0.0333357887130917,8
-0.478468538657121,-0.783242375418685,0.39698770618725,-0.539256741919915,-0.769852430504761,0.341364030823151,4.16400652940807,4.10134920926148,0.408232512041474,0.348367718698068,0.91588785046729,-0.0626573201465961,-0.0598647933434054,6
-0.999226373711549,-0.0352429792840359,0.0174524064372835,-0.998261314516177,-0.0568601784040786,0.015532805679965,3.17684830448008,3.19849038720481,0.0174532925199433,0.0155334303427495,0.916949872557349,0.0216420827247292,-0.00191986217719376,47
-0.905905249183349,0.398985351449884,0.141937904840344,-0.919599820230181,0.369676757470327,0.132948356961804,2.72672789039074,2.75936554740303,0.142418866962737,0.133343154852367,0.919711129991504,0.0326376570122937,-0.00907571211037053,11
0.927737671973371,0.346866902131743,-0.137790290684638,0.927638536530907,0.351635957871119,-0.125852686403021,0.357792496658838,0.362330352714023,-0.138230076757951,-0.12618730491919,0.920348343245539,0.00453785605518542,0.0120427718387608,50
0.970315759895996,-0.235102645531158,-0.0566927875633775,0.973849905712139,-0.220359736030467,-0.0552987150035269,6.04547146305796,6.06065582755031,-0.0567232006898157,-0.0553269372882202,0.920773152081563,0.0151843644923515,0.00139626340159546,75
0.855112489062219,0.444764076687449,-0.266397348219117,0.865398795448785,0.423767221450717,-0.26740655724894,0.479616478448042,0.455356401845321,-0.269653369433124,-0.27070056698432,0.922047578589635,-0.0242600766027214,-0.00104719755119659,2
0.670028063609505,0.711265184934781,-0.21251877723013,0.637008517660387,0.744261525082677,-0.20073597263501,0.815243293606551,0.862890782185997,-0.214151899219704,-0.202109127380943,0.922047578589635,0.0476474885794453,0.0120427718387608,26
0.953251127922826,0.274961574912159,0.125333233564304,0.93661415332805,0.320857342918449,0.140728438067414,0.280823476645888,0.330041761552128,0.125663706143592,0.141197136486341,0.922047578589635,0.0492182849062401,0.0155334303427495,17
0.72546951747135,0.649328449655139,0.228180945059705,0.756118956008507,0.625738315752299,0.191665553932055,0.730071226109228,0.691324916714954,0.230208928338052,0.192858882345373,0.922047578589635,-0.0387463093942739,-0.0373500459926786,8
0.905428278887527,-0.35010211692504,-0.240058616832172,0.900157857073664,-0.351318910214334,-0.257470106370354,5.91422270330798,5.9110811106544,-0.242426233102012,-0.260403124397554,0.922047578589635,-0.0031415926535896,-0.0179768912955416,7
0.981986183187215,0.11483563406441,-0.150053034552554,0.969634588799569,0.112876600269778,-0.216950771639621,0.116413461108022,0.115889862332423,-0.150621914447111,-0.218689755274889,0.922047578589635,-0.000523598775598266,-0.0680678408277788,5
-0.0714894323612047,-0.987659846280641,0.139345933222229,-0.0186946467892696,-0.982564347152242,0.184980577052598,4.64013234935212,4.69336489153795,0.139800873084746,0.186052098262596,0.923534409515718,0.0532325421858273,0.0462512251778497,358
-0.0780412188734717,-0.976355835919667,-0.201590797960499,0.0559840392528869,-0.982879445424038,-0.175538551639996,4.63262743356855,4.7692867139997,-0.202981792006941,-0.176452787376627,0.923534409515718,0.136659280431155,0.0265290046303139,73
0.858426116115457,-0.380939953060504,-0.343495786485356,0.860798895287457,-0.383612454772691,-0.334464865741028,5.86552801717734,5.86395722085055,-0.350636646725661,-0.341037335839692,0.923534409515718,-0.00157079632679391,0.00959931088596888,8
0.274757494136862,-0.860929007369021,0.428146661421323,0.266462954504112,-0.887042197828721,0.377032668542305,5.02131225798769,5.00420803131814,0.442440965380563,0.386590429316744,0.924171622769754,-0.0171042266695434,-0.0558505360638186,8
-0.246780755815115,-0.930082873983192,-0.272112304173271,-0.257444109241629,-0.928313467942021,-0.268247340814857,4.45303305353833,4.44186294632557,-0.275587488889905,-0.271573231610318,0.924171622769754,-0.011170107212763,0.00401425727958687,19
-0.981499999034201,-0.0813838763675593,0.173304404338875,-0.973797684414341,-0.132528048435194,0.184809053369215,3.22432126013432,3.27685567061935,0.174183859349034,0.185877565337396,0.925870858113849,0.0525344104850296,0.011693705988362,8
-0.506430985271196,-0.826096586748672,-0.247168134110041,-0.515848818991894,-0.823290767902124,-0.236838146065619,4.16243573308128,4.15266188927011,-0.249756615960389,-0.239110107523223,0.926295666949873,-0.00977384381116853,0.0106465084371654,7
0.27297012273907,-0.943255122187139,-0.189095442989891,0.313759235145823,-0.931241269951197,-0.185323607509647,4.99408512165657,5.03736928710603,-0.190240888467382,-0.186401164112994,0.926720475785896,0.0432841654494602,0.00383972435438751,19
-0.706327224970572,0.669811078598348,0.229030500703048,-0.739617161214898,0.626132145232981,0.246829883811425,2.38272349482266,2.43909762966208,0.231081592964049,0.24940755010999,0.927782497875956,0.0563741348394169,0.0183259571459404,83
0.567178700065708,0.797803037705982,-0.20449605184179,0.512735303635815,0.837035857214031,-0.19098031873327,0.952775238663705,1.02119214534188,-0.205948851735331,-0.192160750644576,0.927994902293968,0.0684169066781775,0.0137881010907552,2
0.921350035663833,0.359960569740673,0.146773635283127,0.908607555965612,0.386617147566664,0.157985728626399,0.37245326237559,0.402298392584693,0.147305788868321,0.158650429006285,0.92820730671198,0.029845130209103,0.0113446401379632,33
0.937980694717149,0.330499167130438,-0.104702038490286,0.936173832445722,0.336489708587161,-0.101750830261066,0.338768407812099,0.345051593119279,-0.104894288044859,-0.101927228316469,0.928632115548003,0.00628318530717964,0.00296705972839036,28
0.849266200030599,0.463996854624503,-0.251900457292469,0.827105496425834,0.493445223950036,-0.269087920098755,0.500036830696375,0.537910475464652,-0.254643537865973,-0.272445896236315,0.929056924384027,0.0378736447682768,-0.0178023583703421,3
-0.0898882892628134,0.963481167395562,0.252238251515287,-0.10689147250387,0.962052586682201,0.251055837542252,1.66382237592619,1.68145020137134,0.254992603716372,0.253770873239975,0.929481733220051,0.0176278254451425,-0.00122173047639607,16
0.569016140010601,-0.817488531598234,0.0890681374723863,0.489412615546753,-0.867858998331774,0.0854169231373675,5.32046169177951,5.22586484632142,0.0891863247769102,0.0855211333477222,0.929694137638063,-0.0945968454580921,-0.00366519142918809,2
0.653225838879351,-0.67667146496148,-0.339723022368595,0.746193766314547,-0.590790007800288,-0.306858322026056,5.480159318337,5.61350247318936,-0.346622389446074,-0.311890337331387,0.930118946474087,0.133343154852366,0.0347320521146871,29
0.360745767599123,-0.916744786090194,0.171585221787203,0.370640570533659,-0.904614396188899,0.210471759821306,5.08728570371307,5.10124833772903,0.17243853009704,0.212057504117311,0.930118946474087,0.0139626340159529,0.0396189740202713,22
0.420167159784754,-0.88208707753937,-0.213030386274977,0.389424931500085,-0.897757656072402,-0.205862608769881,5.15692434086765,5.12166868997736,-0.214675497995303,-0.207345115136926,0.930756159728122,-0.0352556508902868,0.0073303828583762,4
0.0703511480584855,-0.986276573136822,0.149362770623538,0.0767088377591506,-0.99014245627889,0.117190744018658,4.78359841386606,4.78970706624804,0.149923782746313,0.117460658659218,0.930756159728122,0.00610865238198066,-0.0324631240870945,281
0.207450352499367,-0.963566094875863,0.168833444712734,0.264193502686842,-0.943056689769981,0.202103619507773,4.924446484502,4.9855330083218,0.169646003293849,0.203505390782539,0.930756159728122,0.0610865238198022,0.03385938748869,52
-0.80882460312234,-0.576077445590238,0.118057350750454,-0.819847834546412,-0.55758646730503,0.13018010473131,3.76048640634698,3.73884432362225,0.118333323285216,0.130550628049176,0.931393372982158,-0.0216420827247297,0.0122173047639603,4
0.894833972544054,0.433736284895712,-0.105569866656608,0.88727502823328,0.450724618640189,-0.0979302937057193,0.451342144565734,0.470017167562073,-0.105766952670856,-0.0980875039620813,0.932242990654206,0.0186750229963395,0.00767944870877503,64
0.796724292153401,0.550650044762563,-0.249027971311756,0.750535634619204,0.616277576082691,-0.238533457578581,0.604756585816035,0.687485192360566,-0.251676478137582,-0.240855436775218,0.932455395072218,0.0827286065445314,0.0108210413623648,20
0.610838557962515,0.782400487741023,0.121349630773584,0.609647414299881,0.782281219655315,0.127930151301644,0.90792027688745,0.908792941513447,0.121649448864005,0.128281700021583,0.933305012744265,0.00087266462599711,0.00663225115757844,33
0.996586979367739,0.0240079818503377,0.0789810696443064,0.996013375859948,0.0372184539103079,0.0810687473481388,0.0240855436775217,0.0373500459926787,0.0790634151153431,0.0811578102177363,0.933305012744265,0.013264502315157,0.0020943951023932,7
0.93203371631158,0.343660592874723,-0.114937150492867,0.94577455169753,0.305476856763557,-0.110428199945451,0.353254640603652,0.312413936106985,-0.115191730631626,-0.11065387457644,0.933305012744265,-0.0408407044966674,0.00453785605518525,1
0.708691220362591,-0.624355835092271,-0.328536977168802,0.704816046030721,-0.626645436262711,-0.332490358459816,5.56096806270433,5.55643020664915,-0.334754150532512,-0.338942940737299,0.933729821580289,-0.00453785605518497,-0.00418879020478641,61
0.255406036737653,-0.943303101733723,0.212007109922055,0.276195832939681,-0.942074136400766,0.190294990452998,4.97680636206183,4.99757578016056,0.213628300444106,0.191462618943778,0.933942225998301,0.0207694180987321,-0.022165681500328,129
0.182757956369229,-0.97655850340479,0.113723431233586,0.261476510781277,-0.963722881363609,0.0535559730176854,4.89739388109609,4.97732996083743,0.11397000015523,0.0535816080362259,0.934367034834325,0.0799360797413406,-0.0603883921190038,13
0.144480035300708,-0.989166007657031,0.0260024747929362,0.0615553054600601,-0.997845794331507,0.0226873335727814,4.85742584122542,4.77399910298009,0.0260054058547155,0.0226892802759263,0.934367034834325,-0.0834267382453291,-0.00331612557878922,1
-0.30911964496783,-0.949117335243481,0.0601774794692935,-0.3216649914756,-0.944344410095256,0.0688859084344947,4.39753158332491,4.38409254808456,0.0602138591938044,0.068940505453776,0.935216652506372,-0.0134390352403564,0.00872664625997165,33
-0.740596464430166,-0.657994749335305,0.136234308163202,-0.752134081689783,-0.64602435208962,0.13018010473131,3.86799868826983,3.85124352745069,0.136659280431156,0.130550628049176,0.935216652506372,-0.0167551608191459,-0.00610865238198013,13
-0.628655376251677,-0.766973706495486,0.128622515347966,-0.653254430229377,-0.745681166470178,0.131218319442704,4.02577645265012,3.99296426271263,0.128979831722381,0.131597825600372,0.935429056924384,-0.0328121899374936,0.0026179938779915,19
-0.217284350735907,0.947193828965688,0.235820612531208,-0.156072502594034,0.964687519030026,0.212177672156446,1.79629286615256,1.73119208505318,0.238062909972027,0.213802833369305,0.936491079014444,-0.0651007810993889,-0.0242600766027212,228
-0.919059004498892,0.385582051389116,-0.0815906115681575,-0.930178964368784,0.36172681606006,-0.0626163300495036,2.74435571583588,2.770710187541,-0.0816814089933346,-0.0626573201465964,0.936491079014444,0.0263544717051141,0.0190240888467382,7
-0.420114528888276,-0.669719943992205,0.612355272073376,-0.400170139783753,-0.690052109024593,0.603068773902416,4.15213829049451,4.1868703426092,0.659036325553059,0.647342619564697,0.936491079014444,0.0347320521146868,-0.0116937059883619,3
0.293482746242045,0.955760933551795,0.0197209420269165,0.251930627481848,0.966485018923111,0.0493727367460686,1.27286862347946,1.31580372307853,0.0197222205475359,0.0493928178314395,0.936703483432455,0.0429350995990605,0.0296705972839036,24
0.668122168862262,0.734514172265285,0.118750571435384,0.697606449892909,0.712869868232967,0.0718456124848582,0.832696586126495,0.796219204759813,0.119031454986013,0.0719075651821664,0.936915887850467,-0.0364773813666814,-0.0471238898038469,29
0.774641209968917,0.630657096044876,0.0469321108212263,0.808904062475414,0.58382935177438,0.0694082539578582,0.68329640215578,0.625176938064369,0.0469493568786475,0.0694641042293743,0.937553101104503,-0.0581194640914111,0.0225147473507269,4
-0.121852319333638,-0.98955175734115,0.077067060512609,-0.109740409340366,-0.990845033193607,0.0786330894303997,4.58986686689469,4.60208417165865,0.0771435529381494,0.0787143492649442,0.937765505522515,0.0122173047639595,0.00157079632679488,28
-0.973682733841913,0.1463866501034,0.174679370532536,-0.965013651102878,0.147495473427568,0.216780392340893,2.99236700254428,2.98992354159149,0.17558012275063,0.21851522234969,0.938402718776551,-0.00244346095279147,0.0429350995990605,25
-0.699759422836822,-0.674806355746301,0.234463499068562,-0.691609992962706,-0.684883125040996,0.229370274159938,3.9088393927665,3.92210389508166,0.236666646570431,0.231430658814448,0.938402718776551,0.0132645023151565,-0.005235987755983,2
-0.231735060746414,0.939914558963831,0.250717936072957,-0.250472468594085,0.940683988722457,0.228860603507013,1.81252442819611,1.83102491826725,0.253421807389577,0.23090706003885,0.938615123194562,0.0185004900711401,-0.0225147473507269,45
0.817256435480067,0.561894825616283,0.127930151301644,0.809151811002423,0.581434559780521,0.084895226275279,0.602313124863243,0.623082542961976,0.128281700021583,0.0849975345721238,0.938827527612574,0.0207694180987326,-0.0432841654494594,153
-0.747183596429175,0.604841453465106,-0.27546957980398,-0.758950520669229,0.592104327931799,-0.270936472296256,2.4610887782372,2.47906566953275,-0.279078147393893,-0.274365758413509,0.939252336448598,0.0179768912955418,0.00471238898038473,25
0.292735799066052,0.947432404480348,0.12914174726147,0.310022867304926,0.946837039498118,0.085938596581922,1.27112329422747,1.25436813340832,0.129503430497979,0.0860447321233204,0.939252336448598,-0.0167551608191454,-0.0434586983746588,24
0.634911155259023,0.735551652908244,0.236329411693938,0.609211584323212,0.770842298528594,0.186181084768448,0.85870199198121,0.901986157430669,0.238586508747625,0.187273828738992,0.93946474086661,0.0432841654494593,-0.0513126800086333,4
0.960431463700297,0.0901110488115509,0.263536339840613,0.958988052633399,0.106042684961195,0.262862823298812,0.0935496479068961,0.110130275800842,0.266686309704734,0.265988178003936,0.940101954120646,0.016580627893946,-0.000698131700797744,61
-0.429550373724978,-0.889359753963828,-0.156606846791992,-0.363085308604871,-0.922690142104038,-0.129660943770032,4.26244309922055,4.33749225705631,-0.157254165604689,-0.130027029273578,0.940526762956669,0.0750491578357559,0.0272271363311115,11
0.917706492465966,-0.375443638608164,0.129834001380518,0.909979311757463,-0.397181971683951,0.11909716009487,5.89484954861085,5.87163666955932,0.130201562198777,0.119380520836412,0.940739167374681,-0.0232128790515249,-0.0108210413623648,4
-0.949958601979667,-0.306828268182308,0.0586094563110965,-0.935135507557249,-0.348331242379137,0.0647064764011497,3.45400658969678,3.49816341977223,0.0586430628670095,0.0647517152489896,0.940951571792693,0.044156830075456,0.00610865238198015,16
-0.969413295389695,0.0218297841554253,0.244461291916367,-0.969894131014269,0.145297785946319,0.195432668771556,3.11907790623907,2.99289060131988,0.246964089157198,0.196698606699761,0.941163976210705,-0.12618730491919,-0.0502654824574367,2
-0.429757047002432,-0.886624474340329,0.170897402123277,-0.420018517273787,-0.889761536847637,0.178630492060177,4.26104683581896,4.27134427840572,0.171740398396242,0.179594380030216,0.941376380628717,0.0102974425867668,0.00785398163397447,18
-0.247780780535111,0.939804801920695,0.23531174871692,-0.22285396588168,0.945687102284676,0.23666857514934,1.82858145731446,1.80222698560934,0.237539311196428,0.238935574598024,0.942013593882753,-0.0263544717051145,0.00139626340159552,35
-0.588127524152023,0.675372088353387,-0.444947814477154,-0.649019224396754,0.6199995590912,-0.440879340738659,2.28725398473857,2.37905830339347,-0.461115988376902,-0.456578132321717,0.942225998300765,0.0918043186549022,0.00453785605518525,9
0.0422322464893226,0.995176333948055,0.0885466075362222,-0.0953757851810303,0.992330739646683,0.0786330894303997,1.52838482597143,1.66661490272939,0.0886627260013119,0.0787143492649442,0.942650807136788,0.138230076757951,-0.00994837673636768,15
0.820721552651282,0.561749400588487,0.104181303275318,0.764271426664292,0.634285064852912,0.11649739434453,0.60021872976085,0.692721180116549,0.104370689269261,0.116762526958421,0.943075615972812,0.0925024503556995,0.0123918376891597,41
0.997708987631821,0.00957761292984056,0.0669704810289849,0.997986357640583,0.0038320113551958,0.0633130764712669,0.00959931088596881,0.00383972435438753,0.0670206432765822,0.0633554518473942,0.943288020390824,-0.00575958653158137,-0.00366519142918809,10
0.611602998059085,-0.789042403103257,0.0579125104806944,0.624249677144923,-0.780306743103071,0.0378645910097757,5.37177437178815,5.3871332692057,0.0579449311662117,0.0378736447682769,0.943712829226848,0.0153588974175509,-0.0200712863979348,11
-0.890696130944311,0.396004782827092,-0.223250116010951,-0.885748549935358,0.411150787927777,-0.215417120660776,2.72323723188675,2.70700566984321,-0.225147473507269,-0.217118958948095,0.944350042480884,-0.0162315620435471,0.00802851455917394,33
-0.847791097279302,0.501981601037305,-0.171069364861103,-0.812607351960077,0.553077100539102,-0.183779793230083,2.60699830370393,2.54399191770693,-0.171914931321441,-0.184830367786199,0.944350042480884,-0.0630063859969954,-0.012915436464758,10
-0.525143882616442,0.850944658708602,0.0108208301820767,-0.650804965476149,0.756897746856532,0.0596548213901707,2.1237166338267,2.28097079943139,0.0108210413623648,0.0596902604182061,0.944562446898895,0.157254165604689,0.0488692190558412,5
0.721421506553846,0.655522993938944,0.223250116010951,0.679664056366993,0.696234489699184,0.230898908260912,0.737576141892804,0.797440935236209,0.225147473507269,0.233001455141243,0.945199660152931,0.0598647933434053,0.00785398163397444,7
0.259454144114949,-0.951666781726971,-0.164359008451038,0.305210085494904,-0.942136779614119,-0.138654578757903,4.97855169131382,5.02567558111767,-0.165108147238664,-0.139102741383948,0.945624468988955,0.0471238898038475,0.0260054058547155,12
0.642787116575968,-0.764145944116456,0.0539045346360017,0.671367314158993,-0.738858626943453,0.0579125104806944,5.41174241165882,5.44996512227749,0.0539306738866248,0.0579449311662117,0.945836873406967,0.0382227106186761,0.00401425727958695,3
-0.589491166506893,-0.785985296802113,0.186352563226903,-0.583296191735438,-0.783407603051151,0.214564862427624,4.06888608517438,4.07237674367837,0.187448361664191,0.216246294322097,0.946049277824979,0.00349065850398844,0.0287979326579064,8
-0.0197783203178234,0.99391643584581,0.108346373270942,-0.0415481940584277,0.991309879043316,0.12481374636477,1.59069308026763,1.61268422884276,0.108559479474047,0.125140107367993,0.946261682242991,0.021991148575129,0.0165806278939461,8
-0.358977720793252,0.902529664448078,-0.237855419877963,-0.412585019578574,0.8831811377348,-0.223079984688928,1.94935824155247,2.00782677149428,-0.24015730507442,-0.224972940582069,0.946474086661003,0.0584685299418108,0.0151843644923507,41
0.601042489419539,0.762418763171681,-0.23971974360934,0.591674043320915,0.766089285198689,-0.251055837542252,0.903207887907065,0.913156264643433,-0.242077167251614,-0.253770873239975,0.947111299915038,0.00994837673636795,-0.011693705988362,46
0.0446488550395522,0.98324413798043,-0.176741180461086,0.075862798502214,0.979221949431927,-0.188067034735354,1.52541776624304,1.49347824093155,-0.177674517853023,-0.189193690916185,0.947111299915038,-0.0319395253114965,-0.0115191730631626,3
0.871997961539466,0.466386173112133,-0.148672433896923,0.88943279378073,0.439198825668592,-0.126545236491677,0.491135651511204,0.45867252742411,-0.149225651045515,-0.126885436619988,0.94732370433305,-0.0324631240870943,0.0223402144255274,4
0.831191180265854,0.546821599999401,0.100535365033161,0.794017565826126,0.599639834067947,0.0998407459833803,0.581892772614909,0.646819020789099,0.100705497840073,0.100007366139275,0.947536108751062,0.064926248174189,-0.000698131700797716,9
-0.974581448992492,0.223746070224807,0.0113443967953723,-0.972288003134767,0.233784681741237,-0.00087266451523515,2.91592158130693,2.90562413872016,0.0113446401379631,-0.000872664625997165,0.948173322005098,-0.0102974425867663,-0.0122173047639603,5
-0.616529652437854,0.760264855458702,-0.204666893315013,-0.593037200999703,0.769240974900009,-0.237855419877963,2.25217286677348,2.22756372432036,-0.20612338466053,-0.24015730507442,0.94838572642311,-0.0246091424531198,-0.0340339204138894,3
0.73023537902588,0.675259035144141,0.103834130588807,0.707333546280288,0.698500315375432,0.108519877105416,0.746302788152775,0.779114978090269,0.104021623418862,0.108734012399247,0.948598130841122,0.0328121899374931,0.0047123889803847,18
0.428799671091248,0.903050009897041,0.0251300954433375,0.496964018479367,0.867397015427511,-0.0254790495169005,1.12748269678834,1.05051367677539,0.0251327412287183,-0.0254818070791172,0.948810535259133,-0.07696902001295,-0.0506145483078356,16
0.618369784858433,0.742981166505695,-0.25612066568704,0.61734802831974,0.756134789977761,-0.21712114432965,0.876678883276752,0.886103661237521,-0.259006860995958,-0.218864288200089,0.949235344095157,0.00942477796076968,0.0401425727958696,7
-0.981732733085741,0.0943571800358719,0.165219742657103,-0.989405453944597,0.0613813255096647,0.131564359092282,3.0457740776553,3.07963346514399,0.165980811864661,0.131946891450771,0.950934579439252,0.0338593874886901,-0.0340339204138894,5
-0.570562116878043,0.820931299981144,0.0230363081876062,-0.578973627710327,0.814093069468457,0.0451886341834874,2.17817090648892,2.18899194785129,0.0230383461263252,0.0452040276266531,0.951359388275276,0.0108210413623651,0.022165681500328,10
-0.937606716536313,0.273997763920364,-0.21405342901396,-0.919309486404574,0.339698142456805,-0.198683769387324,2.85727851843992,2.78763988128534,-0.215722695546499,-0.20001473227855,0.9517841971113,-0.0696386371545743,0.015707963267949,3
-0.635230427745289,-0.758381205221075,0.146083028562412,-0.638706699724115,-0.756342681541398,0.141419587774455,4.01512994421296,4.01111568693337,0.146607657167524,0.141895268187139,0.9517841971113,-0.0040142572795876,-0.00471238898038467,42
0.0109172011469186,0.977318022476875,-0.211495384491028,0.0174871468085681,0.99191675714346,-0.125679539283442,1.55962621958213,1.55316850134975,-0.213104701668508,-0.126012771993991,0.952209005947324,-0.00645771823237906,0.0870919296745171,1
-0.749100423385791,0.649120021967728,-0.132256390257122,-0.793398837257597,0.594618722687436,-0.13018010473131,2.42757845659891,2.49843882422988,-0.132645023151569,-0.130550628049176,0.952633814783348,0.0708603676309703,0.00209439510239318,29
0.108619365338715,0.969891563344869,-0.217972908467683,0.121890122890795,0.971678254214306,-0.202445469765826,1.45926978759246,1.4460052852773,-0.219736952826086,-0.203854456632938,0.952633814783348,-0.013264502315157,0.0158824961931484,26
0.568368605148257,-0.815950646329319,-0.105743422663494,0.520780939444995,-0.84354547343544,-0.131218319442704,5.32081075762991,5.26548382034169,-0.105941485596056,-0.131597825600372,0.953695836873407,-0.0553269372882204,-0.0256563400043166,3
-0.0496780353448154,-0.977283137477323,-0.206033400221324,0.0313473758875721,-0.981126530733094,-0.190808995376545,4.66159989915165,4.74432850569619,-0.207519648062126,-0.191986217719376,0.954333050127443,0.0827286065445314,0.0155334303427496,3
-0.975391042137808,-0.153439887304379,-0.158330401064798,-0.970121637178566,-0.192793180174443,-0.147291543396775,3.29762508871809,3.33776766151396,-0.158999494856683,-0.14782938764392,0.955819881053526,0.0401425727958697,0.0111701072127637,11
-0.783941775330382,0.599802468155873,-0.160225753504146,-0.883230010785989,0.443639129733798,-0.151950882248244,2.48849044749352,2.67611334208291,-0.160919357033877,-0.152541776624304,0.956032285471538,0.187622894589391,0.00837758040957279,2
-0.756081174007689,0.648268879735925,0.0899372996986439,-0.773369134578489,0.603136078291179,0.195261498367845,2.4328144443549,2.47924020245794,0.0900589894029074,0.196524073774562,0.956457094307562,0.0464257581030494,0.106465084371654,3
-0.992974246698463,0.0959623839259734,-0.0692341408906283,-0.987397070300567,0.0889914385125022,-0.130872263804572,3.04525047887971,3.05170819711208,-0.0692895713041749,-0.131248759749974,0.956669498725573,0.00645771823237906,-0.0619591884457987,3
0.868984810963769,0.473785899412961,-0.142801680073145,0.846825103086162,0.520970279383328,-0.107131754313874,0.499164166070378,0.551524043630208,-0.143291531588734,-0.107337748997651,0.957306711979609,0.0523598775598302,0.0359537825910832,5
0.68270798971779,0.717415297136158,0.138654578757903,0.698965088930635,0.701654088016877,0.138308876162719,0.810181838775768,0.787318025574642,0.139102741383948,0.138753675533549,0.959218351741716,-0.0228638132011256,-0.000349065850398872,8
0.864997414180399,-0.471024522595426,0.172960609894204,0.843098845091726,-0.533809150839459,0.0650548067790118,5.78454473988481,5.71874582708462,0.173834793498635,0.0651007810993885,0.960705182667799,-0.0657989128001857,-0.108734012399247,3
0.526236674879597,-0.709095262332748,-0.469317452210033,0.514065520297074,-0.708330125832084,-0.483740709141171,5.35083042076422,5.34018391232705,-0.488517657633213,-0.50492375260196,0.960705182667799,-0.0106465084371647,-0.0164060949687467,4
0.365920490844794,-0.91394114212461,0.175538551639996,0.354916653782053,-0.927976594431148,0.113550028868864,5.09321982316985,5.0776863928271,0.176452787376627,0.11379546723003,0.961129991503823,-0.0155334303427486,-0.0626573201465964,6
-0.90505081399505,0.334608897825507,-0.262526016963838,-0.907001607156344,0.367189213540813,-0.20620418539663,2.78746534836014,2.75692208645024,-0.265639112153537,-0.207694180987325,0.962192013593883,-0.0305432619099006,0.0579449311662118,2
0.459777451507217,0.880221367205072,0.117537397457838,0.432405936869019,0.894076376823587,0.116844076300142,1.08943451909486,1.12032684685516,0.117809724509617,0.11711159280882,0.963254035683942,0.0308923277602995,-0.00069813170079773,81
-0.948279800915194,0.308663815270267,-0.0741084901953992,-0.960429723548422,0.268337499893001,-0.0746306389887923,2.82690978945522,2.86914675735348,-0.074176493209759,-0.0747000919853573,0.963254035683942,0.0422369678982628,-0.000523598775598308,2
0.571899109948448,0.812523750073474,0.112856384873482,0.552730830968022,0.817301496951157,0.162809371900999,0.957487627644089,0.976162650640429,0.113097335529233,0.163537350911869,0.963466440101954,0.0186750229963395,0.0504400153826361,3
0.124300218043731,0.990890943439285,-0.0518130678910622,0.0768826974587497,0.996905168522815,0.016405359001362,1.4460052852773,1.49382730678195,-0.0518362787842316,0.0164060949687467,0.963891248937978,0.0478220215046452,0.0682423737529783,8
0.456286132007057,-0.885554539395594,0.0871557427476582,0.463226017847979,-0.878958131958268,0.11337662304521,5.18816573447834,5.19741597951391,0.0872664625997165,0.113620934304831,0.965590484282073,0.00925024503557026,0.0263544717051144,1
0.73104397135566,-0.668237143036641,-0.137963156715018,0.815357209349605,-0.561637546154991,-0.140555639910411,5.54264210555839,5.67999951769035,-0.13840460968315,-0.141022603561142,0.966015293118097,0.137357412131954,-0.0026179938779915,47
-0.790763721504015,-0.588129957471548,-0.169693517488547,-0.797415769383542,-0.576808650797933,-0.177256512159984,3.78108129152052,3.76781678920536,-0.170518667919846,-0.178198116628621,0.966864910790144,-0.0132645023151565,-0.0076794487087751,52
-0.548188078424432,-0.817946793331133,0.174507518326992,-0.556928685100813,-0.823508699941272,0.107999355706023,4.12194409443501,4.11775530423022,0.17540558982543,0.108210413623648,0.966864910790144,-0.00418879020478613,-0.0671951762017817,3
-0.975373202848133,0.196315449069666,-0.100535365033161,-0.98050312353261,0.179779109237563,-0.0793290402346094,2.94297418471284,2.96025294430758,-0.100705497840073,-0.079412480965742,0.96750212404418,0.0172787595947441,0.0212930168743308,84
-0.934192603091348,0.310402378751927,-0.175882186689149,-0.945214466121904,0.28393760736454,-0.161087082529866,2.82080113707324,2.84977360265634,-0.176801853227026,-0.161792021659874,0.967714528462192,0.0289724655831054,0.0150098315671513,16
-0.953224580539473,0.212896263158283,-0.214564862427624,-0.952889806776011,0.159801022289036,-0.25780738821406,2.92185570076371,2.97543730879993,-0.216246294322097,-0.260752190247953,0.968351741716228,0.0535816080362257,-0.0445058959258554,1
-0.929234926624496,-0.366222731936625,-0.049024093607561,-0.910283541415395,-0.410817529989495,-0.0511158613502366,3.51701297569377,3.56553312889922,-0.0490437519810407,-0.0511381470834339,0.96856414613424,0.048520153205442,-0.0020943951023932,31
0.372254949196955,0.919053394074132,0.129487882209847,0.361966495106938,0.922207976403451,0.136061400396481,1.18595122673015,1.19677226809251,0.129852496348378,0.136484747505957,0.968776550552252,0.0108210413623651,0.00663225115757846,59
0.123500784702993,0.978983464476828,0.162292736925264,-0.00155496999107224,0.989923827574273,0.141592364444656,1.4453071535765,1.57236712312169,0.16301375213627,0.142069801112338,0.968988954970263,0.127059969545187,-0.0209439510239319,43
0.524954719757772,0.834906024699585,0.165391874420648,0.52825312965631,0.820631733594584,0.217972908467683,1.00949843935352,0.998851930916355,0.16615534478986,0.219736952826086,0.969626168224299,-0.0106465084371656,0.0535816080362259,6
0.623801703526487,-0.77835336390357,0.0709751757831599,0.648327557206353,-0.757486349243417,0.0767190281268186,5.38800593383169,5.42029452499359,0.0710349005561692,0.0767944870877505,0.970050977060323,0.0322885911618958,0.00575958653158128,85
0.67446236417214,-0.733472310845606,0.0843735061386827,0.688413264968706,-0.71812156486629,0.10192445579505,5.45589924173427,5.47666865983301,0.0844739357965256,0.102101761241668,0.970050977060323,0.0207694180987321,0.0176278254451427,2
0.569056523153398,-0.809985999535893,0.141765136801706,0.637250205486676,-0.753816876649241,0.160225753504146,5.3248250149095,5.41418587261161,0.142244334037538,0.160919357033877,0.970263381478335,0.0893608577021094,0.0186750229963393,1
-0.147642404133243,-0.979709094539271,0.135542652249383,-0.296508665057621,-0.939833347816575,0.169693517488547,4.56281426348878,4.40678182836048,0.135961148730358,0.170518667919846,0.970475785896347,-0.156032435128293,0.0345575191894877,51
-0.145313288108847,-0.968843503051077,0.200564989204778,-0.142454268027874,-0.961215543638641,0.236159819165145,4.56351239518957,4.56525772444157,0.201934594455744,0.238411975822425,0.97090059473237,0.00174532925199422,0.0364773813666815,1
-0.986740878589019,0.127279744628174,-0.100709012152624,-0.979513041034346,0.166903420523071,-0.112682965266925,3.01331095356821,2.97281931492194,-0.100880030765272,-0.112922802604033,0.971325403568394,-0.0404916386462681,-0.0120427718387609,6
-0.0806951653566712,-0.811326828781068,-0.578996603779431,-0.0749482507140309,-0.817221258596186,-0.571429938149352,4.61325427887141,4.62093372758019,-0.617497489355594,-0.608247244320024,0.97196261682243,0.00767944870877546,0.00925024503556993,5
-0.185300827359287,0.961349905379163,-0.203641751140177,-0.182028105927254,0.966129048802798,-0.182921922447632,1.76121174818748,1.75702295798269,-0.205076187109334,-0.183957703160202,0.972387425658454,-0.00418879020478613,0.0211184839491314,2
0.136952882649213,0.98444198591947,0.110081262224782,0.160791560788411,0.97442920240465,0.156951595978711,1.43256625003695,1.40725897588303,0.110304808726042,0.157603231455088,0.972812234494478,-0.025307274153918,0.0472984227290463,1
-0.017647498008044,0.991196407608849,0.131218319442704,-0.025726833940274,0.989064900518701,0.14521967007724,1.58859868516524,1.59680173264961,0.131597825600372,0.145734992541527,0.973449447748513,0.00820304748437328,0.0141371669411541,1
-0.834115068088927,0.396780808187315,0.383167122077593,-0.837336257338953,0.40298272651187,0.369422406302939,2.69758089188244,2.69304303582725,0.393222680474322,0.378387381832371,0.973661852166525,-0.00453785605518497,-0.0148352986419518,7
-0.880500993615947,0.156999672490746,0.44729084841871,-0.876614945147865,0.185850579972894,0.443853354011372,2.96513986621317,2.93267674212607,0.463733982254893,0.459894257900506,0.973874256584537,-0.0324631240870943,-0.00383972435438751,24
-0.406934189811264,0.903781596146604,0.132602381688062,-0.406842983756993,0.904422208069287,0.128449430200303,1.99386413747832,1.99351507162792,0.132994089001968,0.128805298797182,0.974936278674596,-0.000349065850398844,-0.00418879020478638,17
0.566428142916734,0.687376678650099,-0.454612428954444,0.560939522963182,0.711293014338961,-0.423567113136079,0.881565805182336,0.903033354981866,-0.471937029739267,-0.437379510549779,0.975148683092608,0.0214675497995302,0.0345575191894877,4
0.605954544381976,0.763976382282761,-0.22171868991354,0.501876270405491,0.829022728823042,-0.246660747381238,0.900240828178675,1.02642813309787,-0.223576677180474,-0.24923301718479,0.97536108751062,0.12618730491919,-0.0256563400043166,87
0.777304261788622,-0.628550577029737,0.0268748343405192,0.836763038994355,-0.54756238950628,0.00174532836589831,5.6032050306026,5.70373599551747,0.0268780704807127,0.00174532925199433,0.97642310960068,0.100530964914874,-0.0251327412287183,3
-0.221296448985892,-0.967006567638136,0.12619896913583,-0.0734821087488375,-0.984172651016788,0.16125933363502,4.48741603980262,4.63786342132453,0.126536370769589,0.161966554585074,0.977272727272727,0.150447381521912,0.0354301838154849,5
0.024330619929922,-0.974652005381855,0.222399391498615,0.0672447352474472,-0.981333187850887,0.18017580304779,4.73734718868821,4.78080588706287,0.224274808881271,0.181165176357011,0.977697536108751,0.0434586983746588,-0.0431096325242599,2
-0.0528063034769289,-0.987810829719368,0.146428340843694,-0.057268210299127,-0.978354287953407,0.198854819736199,4.65898190527366,4.65392045044288,0.146956723017923,0.20018926520375,0.977697536108751,-0.00506145483078413,0.0532325421858271,1
-0.185077611256734,-0.955703459224621,0.228860603507013,-0.245736014653557,-0.924192943805409,0.292371704722737,4.52110089436611,4.45250945476273,0.23090706003885,0.296705972839036,0.978971962616822,-0.0685914396033773,0.0657989128001862,3
-0.963028612709982,0.211030859796122,-0.167457061109996,-0.971665553162355,0.188344718444618,-0.142801680073145,2.92586995804329,2.95013003464602,-0.168249739892253,-0.143291531588734,0.979396771452846,0.0242600766027214,0.0249582083035189,24
-0.936478884358033,0.319168237025791,-0.145392350642603,-0.919481860981836,0.351851699875327,-0.175366726091987,2.81312168836446,2.77612070822218,-0.145909525466726,-0.176278254451427,0.980033984706882,-0.0370009801422797,-0.0303687289847013,2
-0.989551411337665,-0.092494736566811,-0.110601663762674,-0.989760475610427,-0.0719887919562796,-0.123255080025519,3.23479323564629,3.21419835047276,-0.11082840750164,-0.123569311041199,0.980458793542906,-0.0205948851735336,-0.0127409035395586,2
-0.0996592333543012,0.984545037931694,-0.144010782552252,-0.107461131505385,0.984395660347001,-0.139345933222229,1.67167635756017,1.67953033919414,-0.14451326206513,-0.139800873084746,0.980883602378929,0.00785398163397488,0.0047123889803847,2
0.0463908649278069,0.987378261042038,0.151433342672116,0.0166757855383322,0.984908090219458,0.172272957822577,1.52384696991625,1.55386663305055,0.152018177848706,0.173136661797837,0.981733220050977,0.0300196631343024,0.0211184839491314,14
0.537856868635918,0.810459994934343,-0.232087452207547,0.494792217862759,0.822496727788426,-0.280499187021609,0.9848892969004,1.02922065990106,-0.234223185617639,-0.284314135149876,0.981733220050977,0.0443313630006559,-0.0500909495322372,3
0.547535168426887,0.836721440824804,0.0101227367744598,0.548138515509901,0.834143838428369,-0.0612227459902619,0.991347015132779,0.989427152955585,0.0101229096615671,-0.061261056745001,0.982158028887001,-0.00191986217719364,-0.0713839664065681,4
0.0330926287457884,0.997564680801241,0.0613969505807155,0.000522942007352676,0.998745573776265,0.0500700049328486,1.537635071007,1.5702727280193,0.0614355896702004,0.0500909495322373,0.982582837723025,0.0326376570122942,-0.0113446401379631,21
0.903798358535941,0.415127596766097,0.104007718516191,0.896822183442094,0.4321898524366,0.0944558242618497,0.430572726467001,0.449073216538141,0.104196156344061,0.0945968454580927,0.982582837723025,0.0185004900711401,-0.0095993108859688,22
0.937828641419879,0.290844645508603,0.189438199715681,0.953493710412268,0.279905283139842,0.111815815852006,0.300720230118623,0.285535865626272,0.190589954317781,0.112050137978036,0.983007646559048,-0.0151843644923506,-0.0785398163397448,1
0.815540151931183,-0.357487915400164,0.455078730475187,0.891842608453762,-0.343597033798614,0.294207138103725,5.87006587323253,5.91544443378438,0.472460628514865,0.29862583501623,0.98428207306712,0.0453785605518542,-0.173834793498635,9
0.566551343486589,-0.771548393805352,0.289365946873371,0.607089302379435,-0.753988293706904,0.25088689062883,5.34576896593343,5.39027486185929,0.293564380185446,0.253596340314776,0.98428207306712,0.0445058959258544,-0.0399680398706702,2
-0.102701624250212,-0.983746703994562,0.147291543396775,-0.16645327748321,-0.983087370914941,0.0763709863930475,4.60836735696583,4.54466283926803,0.14782938764392,0.0764454212373516,0.984919286321155,-0.0637045176977935,-0.0713839664065681,3
0.804824541722003,-0.592717614777905,-0.0307129642652526,0.762592426111084,-0.645810660648695,0.0371669507830106,5.64840905822925,5.58051575032667,-0.0307177948351002,0.0371755130674792,0.985344095157179,-0.0678933079025787,0.0678933079025794,3
0.102956241727843,-0.979563206635737,0.172788704766228,0.107938017564307,-0.969929332785279,0.218143241396543,4.81710873550435,4.82321738788633,0.173660260573436,0.219911485751285,0.985556499575191,0.00610865238197977,0.0462512251778497,4
-0.776080090527993,-0.336322403688502,0.533466900438302,-0.804873697195414,-0.227756299074195,0.548001277183741,3.55052329733206,3.4173546754049,0.562694150842972,0.579972910437716,0.985981308411215,-0.133168621927168,0.0172787595947438,32
-0.622824137723497,0.756352622692432,-0.200052002277562,-0.607999126887447,0.767103985444531,-0.204666893315013,2.25967778255706,2.24100275956072,-0.201410995680146,-0.20612338466053,0.986830926083263,-0.0186750229963395,-0.00471238898038473,14
0.538791985779136,0.795194386720067,-0.278152985583603,0.547790198755534,0.806654340530859,-0.221888875453675,0.975289986014431,0.974242788463235,-0.281870674197084,-0.223751210105673,0.987892948173322,-0.00104719755119653,0.0581194640914112,1
-0.0845682885528337,0.992552713527167,0.0876773371008824,-0.142922315624426,0.985718052276488,0.0890681374723863,1.65579386136702,1.71478599008443,0.0877900613753148,0.0891863247769102,0.988105352591334,0.0589921287174082,0.00139626340159546,279
0.087472412362054,0.885745013327848,0.4558556223635,0.0615125847443451,0.897681292936723,0.436330721161739,1.47235975698242,1.50237942011672,0.473333293140862,0.451516677490933,0.988317757009346,0.0300196631343024,-0.0218166156499291,4
0.422716103353982,0.887039460168762,-0.185666615385577,0.384195464039536,0.908191148607767,-0.166080351041148,1.12608643338674,1.1705923293126,-0.186750229963393,-0.166853476490658,0.988530161427358,0.0445058959258553,0.0198967534727353,6
0.98636173281731,-0.155694981396747,0.0533816897587605,0.989551211720958,-0.142243934361254,0.0235597648336102,6.12662927327569,6.14041737436645,0.0534070751110265,0.0235619449019235,0.988954970263382,0.0137881010907552,-0.029845130209103,4
0.927819996373068,-0.245140617195457,-0.281169223300331,0.932661264514811,-0.249208094310861,-0.260841506289897,6.02487657788443,6.02208405108123,-0.285012266850674,-0.263893782901543,0.989379779099405,-0.00279252680319075,0.0211184839491314,6
-0.350273720238607,-0.928933293204548,-0.119963568162838,-0.276100707779931,-0.955947107119015,-0.0996670836044028,4.35180395692266,4.4312164378884,-0.120253185462409,-0.0998328332140757,0.990441801189465,0.0794124809657424,0.0204203522483336,2
0.982041918049554,-0.156594524578904,0.105222745000596,0.979522341010225,-0.191464582732356,0.0622679453729828,6.1250584769489,6.09015189190901,0.105417886820457,0.0623082542961976,0.990441801189465,-0.0349065850398862,-0.0431096325242599,1
-0.21553278490111,-0.970602084198465,0.107131754313874,-0.211796069866398,-0.977118396800086,-0.019546442744821,4.493873758035,4.49893521286578,0.107337748997651,-0.0195476876223365,0.990654205607477,0.00506145483078324,-0.126885436619988,10
-0.694173084836953,-0.46893109991143,0.546101961014429,-0.743555169473746,-0.408772913580176,0.529179000974191,3.73570273096866,3.64424747816416,0.577703982410123,0.557632696012188,0.9910790144435,-0.0914552528045021,-0.0200712863979349,4
-0.876497027477979,0.478477219079906,-0.0530331183679218,-0.916025466765067,0.367126067233904,-0.161603821103361,2.64190488874382,2.76041274495423,-0.0530580092606276,-0.162315620435473,0.991716227697536,0.118507856210415,-0.109257611174845,4
-0.988431936251278,-0.127848658586955,0.0815906115681575,-0.989254155558568,-0.142906204703317,0.0308874143851122,3.27022341946178,3.28505871810373,0.0816814089933346,0.0308923277602996,0.99214103653356,0.0148352986419522,-0.050789081233035,8
-0.215781150045631,0.974130430251721,0.0671446210993991,-0.283558554462871,0.957277636858409,0.0566927875633775,1.78878795036899,1.85877565337396,0.0671951762017817,0.0567232006898157,0.99214103653356,0.0699877030049727,-0.010471975511966,27
-0.486953000490977,0.861037121706716,-0.146600990296271,-0.533387067355038,0.831474024356374,-0.155400074642869,2.08549392320802,2.14116992634664,-0.147131255943122,-0.156032435128293,0.992565845369584,0.0556760031386192,-0.00890117918517108,11
0.331068007221522,0.91706496258121,-0.222229226251396,0.272321173509553,0.932473950106474,-0.237346815506779,1.22434847027402,1.28665672457022,-0.224100275956072,-0.239633706298821,0.992990654205608,0.0623082542961972,-0.0155334303427495,31
0.848525798008494,0.516520494802122,0.114937150492867,0.790994504902008,0.604542238871009,0.0941083133185143,0.546811654649823,0.65257860732068,0.115191730631626,0.0942477796076938,0.993415463041631,0.105766952670856,-0.0209439510239319,17
0.950562168415462,-0.289165344344567,-0.113203213767907,0.951570489466661,-0.285484828345929,-0.114070225565106,5.98787559774215,5.99171532209653,-0.113446401379631,-0.114319066005629,0.993627867459643,0.00383972435438817,-0.000872664625997166,26
-0.812574421368451,0.573845617009178,0.102098078224237,-0.81928637257784,0.56371175792737,0.104875610523512,2.52671315811219,2.53893046287615,0.102276294166868,0.105068820970059,0.994689889549703,0.01221730476396,0.00279252680319092,8
-0.869894240913361,0.485968230533264,0.0843735061386827,-0.894130963520926,0.446187017616346,0.0380389981961955,2.63213104493265,2.6787313359609,0.0844739357965256,0.0380481776934764,0.995751911639762,0.0466002910282484,-0.0464257581030492,72
-0.67890904839313,0.72094481792327,0.139000264458446,-0.691114321492519,0.707469697308268,0.147809411129611,2.32617482705804,2.34450078420398,0.139451807234347,0.148352986419518,0.995751911639762,0.0183259571459407,0.00890117918517108,3
0.9826111660116,-0.0494330641772352,-0.178973932725895,0.965947289712233,-0.233330359839737,-0.111815815852006,6.23291982472215,6.04616959475876,-0.179943445880615,-0.112050137978036,0.996389124893798,-0.186750229963393,0.0678933079025794,25
0.0691064290591212,-0.980887095929119,-0.181892293686227,0.0437319778143671,-0.981962023055983,-0.18395135061272,4.78272574924006,4.75689487631054,-0.182910505609006,-0.185004900711399,0.997238742565845,-0.0258308729295162,-0.00209439510239318,30
-0.0762519230640626,-0.964567779305277,-0.252576015003639,-0.0524909071142753,-0.975522703912287,-0.213541936916335,4.63350009819455,4.65863283942326,-0.25534166956677,-0.215199096770901,0.997238742565845,0.0251327412287177,0.0401425727958696,10
-0.99057081200276,0.118118418084202,-0.0694082539578582,-0.993020970252162,0.116126066446316,-0.0205934293200695,3.02291026445418,3.02517919248177,-0.0694641042293743,-0.0205948851735331,0.997451146983857,0.00226892802759293,0.0488692190558412,12
0.820626374061208,0.552478147044015,-0.146083028562412,0.790209820500864,0.586433742385438,-0.177943545473842,0.592539281052075,0.638441440379526,-0.146607657167524,-0.178896248329419,0.998088360237893,0.0459021593274507,-0.0322885911618951,9
0.241586004652003,-0.949857307777933,-0.198512712986195,0.25893473082195,-0.939416169327065,-0.224610921330703,4.96144746464428,4.98134421811702,-0.199840199353351,-0.226543736908864,0.998088360237893,0.0198967534727368,-0.0267035375555133,80
-0.899062066444897,0.429023239304338,-0.0873296101940437,-0.914044110199226,0.400476459564587,-0.0643581381389997,2.69635916140604,2.72864775256793,-0.0874409955249159,-0.0644026493985908,0.998300764655905,0.0322885911618949,0.0230383461263251,8
0.355101031132525,-0.910787047250947,-0.210642379991584,0.376867131080831,-0.906256650316559,-0.191494253877013,5.08414411105948,5.10648432548501,-0.21223203704251,-0.192684349420174,0.999150382327952,0.0223402144255269,0.0195476876223365,78
-0.62836384076096,-0.766890994058914,-0.130526192220052,-0.673880866974422,-0.721638040635217,-0.158502730052093,4.02595098557532,3.96119927032633,-0.130899693899575,-0.159174027781883,0.999362786745964,-0.0647517152489887,-0.0282743338823082,3
-0.981893515803522,0.18216047167709,-0.0519873655937516,-0.989498179565195,0.130445604050853,-0.0622679453729828,2.95815854920519,3.01051842676502,-0.052010811709431,-0.0623082542961976,0.999575191163976,0.0523598775598297,-0.0102974425867665,4
-0.834998211954606,-0.531952528663711,0.140728438067414,-0.831238287144549,-0.512982480145058,0.214223913345879,3.70882466048795,3.6945129606216,0.141197136486341,0.215897228471699,0.999787595581988,-0.0143116998663539,0.0747000919853573,9
