"births_X.1","births_X.2","births_X.3","deaths_X.1","deaths_X.2","deaths_X.3","theta_birth","theta_death","phi_birth","phi_death","probs_delta_time","delta_theta","delta_phi","area_birth"
-0.818601389929521,-0.195018359483554,0.540240320477655,-0.829398338605533,-0.103307024135693,0.549022817998132,3.37546677335703,3.26551103048139,0.570722665402146,0.581194640914112,0.00034965034965035,-0.109955742875643,0.010471975511966,173
0.750630582051498,0.480048284483203,0.453990499739547,0.738462160780407,0.49997647035185,0.452434709311783,0.568977336150151,0.595157274930066,0.471238898038469,0.469493568786475,0.00104895104895105,0.0261799387799151,-0.00174532925199433,9
-0.264730024355849,0.860518392798031,-0.435231099372328,-0.177044004275228,0.878040419332379,-0.444635179184927,1.86924762888593,1.76976386152225,-0.450294947014537,-0.460766922526503,0.00174825174825175,-0.0994837673636768,-0.0104719755119659,20
-0.649210247044207,0.618234563086248,0.44307119082418,-0.659581353988942,0.617225314453757,0.428935133403146,2.38062909972027,2.38935574598024,0.459021593274509,0.44331363000656,0.0020979020979021,0.00872664625997199,-0.015707963267949,80
-0.527091919376977,-0.730830970117022,0.433659084587544,-0.524307327140792,-0.72430216482092,0.44775908783877,4.08756110817072,4.08581577891873,0.448549617762543,0.464257581030492,0.00244755244755245,-0.00174532925199422,0.015707963267949,11
0.52621628338069,0.693264351138901,-0.492423560103467,0.473414708789684,0.757621905032046,-0.449318998615897,0.921533845053006,1.01229096615671,-0.514872129338327,-0.466002910282486,0.0027972027972028,0.0907571211037053,0.0488692190558412,3
0.410198048760798,-0.844769539643893,0.343659694585616,0.330217780618509,-0.873895999078161,0.356737999319625,5.16442925665122,5.07367213554752,0.35081117965086,0.364773813666815,0.0034965034965035,-0.0907571211037048,0.0139626340159546,4
0.821811689843431,0.152313793709152,-0.549022817998132,0.828788285521959,0.0725095794462581,-0.554844427447999,0.183259571459405,0.0872664625997165,-0.581194640914112,-0.588175957922089,0.00384615384615385,-0.0959931088596879,-0.00698131700797733,42
0.98061297240825,-0.0513917482200582,-0.189095442989891,0.987946323059997,-0.00517292212406346,-0.154710386299468,6.23082542961976,6.2779493194236,-0.190240888467382,-0.155334303427495,0.0041958041958042,0.0471238898038457,0.0349065850398866,14
-0.541239513634885,0.728779623351146,-0.419452082446177,-0.546753869892069,0.72556689174119,-0.417867073801077,2.20958683302482,2.2165681500328,-0.432841654494594,-0.431096325242599,0.0048951048951049,0.00698131700797777,0.00174532925199433,24
0.911985577718949,0.108747696227767,-0.395545502562965,0.914185724151152,0.011169441334725,-0.405141586779863,0.118682389135614,0.0122173047639603,-0.406661715714679,-0.417133691226645,0.00559440559440559,-0.106465084371654,-0.0104719755119659,19
0.880196128923729,0.322106042249382,-0.348572047321815,0.853340827169279,0.381717798819124,-0.355106962408137,0.35081117965086,0.420624349730633,-0.356047167406843,-0.363028484414821,0.00594405594405594,0.0698131700797733,-0.00698131700797733,25
-0.623475033535951,0.534382733832459,-0.570713567684432,-0.610279600213206,0.555311709407118,-0.564967003424938,2.4329889772801,2.40331837999619,-0.607374579694027,-0.600393262686049,0.00664335664335664,-0.029670597283904,0.00698131700797733,2
-0.608467977434337,0.784432189798319,-0.120136838834647,-0.64082617335038,0.761005545544039,-0.101056297182946,2.23053078404875,2.27067335684462,-0.120427718387609,-0.101229096615671,0.00664335664335664,0.0401425727958697,0.0191986217719376,65
0.605758631534478,0.729639798356095,0.317304656405092,0.584539846301997,0.753584229021371,0.300705799504273,0.877900613753148,0.91106186954104,0.322885911618951,0.305432619099008,0.00699300699300699,0.0331612557878924,-0.0174532925199433,53
0.388253908840206,0.844124539245122,-0.369746757273829,0.255591221477134,0.897259954331632,-0.359996808120051,1.1397000015523,1.2932889757278,-0.378736447682769,-0.368264472170804,0.00734265734265734,0.153588974175501,0.0104719755119659,38
0.926770633066262,0.107231020835089,-0.359996808120051,0.934450966265412,0.0932706061037363,-0.343659694585616,0.115191730631626,0.0994837673636768,-0.368264472170804,-0.35081117965086,0.00769230769230769,-0.0157079632679489,0.0174532925199433,38
-0.818102764097697,0.449755800534474,-0.3583679495453,-0.845976931001542,0.403510297314816,-0.348572047321815,2.63893782901543,2.69653369433124,-0.366519142918809,-0.356047167406843,0.00839160839160839,0.0575958653158128,0.010471975511966,36
0.682804640140213,0.64119623635388,0.350207381259467,0.666219545001468,0.659279186448287,0.348572047321815,0.75398223686155,0.780162175641465,0.357792496658838,0.356047167406843,0.00874125874125874,0.0261799387799151,-0.00174532925199433,31
0.939373835894114,0.0970748427786429,-0.328866646738583,0.943519217354653,0.023059112989725,-0.330514392713223,0.102974425867665,0.0244346095279206,-0.335103216382911,-0.336848545634906,0.00909090909090909,-0.0785398163397448,-0.00174532925199439,46
-0.141334970654011,-0.902546247706819,0.4067366430758,-0.195028762623449,-0.879717898024281,0.433659084587544,4.55705467695719,4.4942228238854,0.418879020478639,0.448549617762543,0.0101398601398601,-0.0628318530717955,0.0296705972839036,4
-0.295219396305087,-0.862265296012246,-0.411514358605109,-0.293945023371992,-0.863457833111125,-0.409923033841573,4.38252175175776,4.38426708100976,-0.424115008234622,-0.422369678982628,0.0104895104895105,0.00174532925199422,0.00174532925199433,23
-0.863483576385828,-0.322843280197408,-0.387515586452103,-0.863794234889427,-0.333310455263843,-0.377840786818467,3.49938515024863,3.5098571257606,-0.397935069454707,-0.387463093942741,0.0111888111888112,0.0104719755119658,0.010471975511966,7
-0.467002763900337,0.81543279310372,-0.342020143325669,-0.474100885081622,0.81132642772457,-0.342020143325669,2.09090444388921,2.09963109014918,-0.349065850398866,-0.349065850398866,0.0115384615384615,0.00872664625997155,0,22
-0.753802414736826,0.476534105124589,-0.452434709311783,-0.734526601424819,0.502940860631658,-0.455544907233516,2.57785130519562,2.54119939090374,-0.469493568786475,-0.472984227290463,0.0118881118881119,-0.0366519142918809,-0.00349065850398866,142
0.749773109948095,0.548750962718289,0.369746757273829,0.708126734733386,0.600535143246893,0.371367835550235,0.631809189221947,0.703367688553715,0.378736447682769,0.380481776934764,0.0122377622377622,0.0715584993317675,0.00174532925199433,41
0.831591980444122,0.431056339905132,0.350207381259467,0.818430927540548,0.459282016427257,0.345298198998535,0.478220215046446,0.511381470834338,0.357792496658838,0.352556508902855,0.0125874125874126,0.0331612557878924,-0.005235987755983,21
0.489572997655222,-0.751003461928454,-0.44307119082418,0.52585222372949,-0.734502614107789,-0.428935133403146,5.29009296279481,5.33372619409467,-0.459021593274509,-0.44331363000656,0.0132867132867133,0.0436332312998582,0.015707963267949,20
0.787178706949721,0.486171478308285,-0.379456159529005,0.832553493568011,0.381172749798606,-0.40194777665596,0.553269372882202,0.429350995990605,-0.389208423194735,-0.413643032722656,0.013986013986014,-0.123918376891597,-0.0244346095279206,22
0.89961752488175,0.427169807374453,-0.0906325801977802,0.894792656886386,0.434487969411173,-0.102792536787247,0.44331363000656,0.452040276266531,-0.0907571211037051,-0.102974425867665,0.0143356643356643,0.00872664625997155,-0.0122173047639603,16
-0.768592593328175,0.480269955675286,-0.422618261740699,-0.762045908161136,0.489224778192343,-0.42419942274539,2.58308729295161,2.57086998818765,-0.436332312998582,-0.438077642250577,0.0146853146853147,-0.0122173047639604,-0.00174532925199433,38
0.662323446821279,-0.673985236024115,0.327217898979104,0.620908014852975,-0.709257511641452,0.333806859233771,5.48906049752217,5.43146463220635,0.333357887130917,0.340339204138894,0.015034965034965,-0.0575958653158128,0.00698131700797733,67
-0.490435018428297,-0.695235957512714,-0.525471651072268,-0.480786032645007,-0.707455163507487,-0.51802700937313,4.09803308368269,4.11548637620263,-0.553269372882202,-0.544542726622231,0.0153846153846154,0.0174532925199431,0.00872664625997166,11
0.092463889975035,0.879735148077621,-0.466386640339891,0.0344437829972376,0.896597015254609,-0.441505852791745,1.46607657167524,1.53239908325102,-0.485201532054424,-0.457276264022514,0.0160839160839161,0.0663225115757844,0.0279252680319093,138
0.463570346037204,0.832871528774103,0.302369890750444,0.452398124769937,0.826322080702636,0.335451569750255,1.06290551446455,1.06988683147252,0.307177948351002,0.342084533390889,0.0164335664335664,0.00698131700797733,0.0349065850398866,50
0.828774460156052,0.463186389900008,0.313992455967405,0.836337034667092,0.444688289380286,0.320612990585676,0.509636141582344,0.488692190558412,0.319395253114962,0.32637657012294,0.0167832167832168,-0.020943951023932,0.00698131700797733,48
0.60717765880598,-0.721046649930068,0.333806859233771,0.448377350552612,-0.822382235716948,0.350207381259467,5.41226601043442,5.21155314645507,0.340339204138894,0.357792496658838,0.0171328671328671,-0.200712863979348,0.0174532925199433,9
-0.723052470335631,-0.495084359105638,0.481753674101715,-0.74699766937931,-0.461355163711483,0.478691857940607,3.74198591627584,3.694862026472,0.502654824574367,0.499164166070378,0.0174825174825175,-0.0471238898038475,-0.00349065850398872,35
0.577945317908413,-0.686332129117075,-0.441505852791745,0.565529581001374,-0.671587967546904,-0.478691857940607,5.41226601043442,5.41226601043442,-0.457276264022514,-0.499164166070378,0.0185314685314685,0,-0.0418879020478639,91
0.654510901273749,-0.531906581068682,-0.537299608346824,0.590040664169767,-0.563855106005038,-0.577857624383505,5.6007615696498,5.52047642405806,-0.567232006898157,-0.616101225953998,0.0188811188811189,-0.0802851455917377,-0.0488692190558412,36
0.890818919539256,0.359914205963998,0.277314653302378,0.879708604359687,0.378862380089703,0.287360519849712,0.383972435438752,0.406661715714679,0.280998009571087,0.291469985083053,0.0192307692307692,0.0226892802759262,0.010471975511966,23
0.0577560696910623,-0.918006439710008,-0.392337116603562,0.0962900948283753,-0.916139055528813,-0.389123950140206,4.77522083345649,4.81710873550435,-0.40317105721069,-0.399680398706701,0.0195804195804196,0.0418879020478649,0.00349065850398877,4
0.173628795927517,-0.893242719376998,-0.414693242656239,0.200537499168499,-0.904566202802474,-0.376224263139366,4.90437519810407,4.93055513688398,-0.427605666738611,-0.385717764690747,0.0199300699300699,0.0261799387799151,0.0418879020478638,32
0.0301699282625615,-0.909460988676197,-0.414693242656239,0.0463260627153157,-0.914489956617691,-0.40194777665596,4.74555023617258,4.76300352869252,-0.427605666738611,-0.413643032722656,0.0206293706293706,0.0174532925199431,0.0139626340159546,99
-0.916771595957604,-0.233682149581846,0.323917418198149,-0.912252162648695,-0.29993325006372,0.278991106039229,3.39117473662498,3.45924257745276,0.329867228626928,0.282743338823081,0.0206293706293706,0.0680678408277791,-0.0471238898038469,162
-0.879407563284694,0.0692108762249842,0.47101188121941,-0.87903312293875,0.0738144736938531,0.47101188121941,3.06305283725005,3.05781684949407,0.490437519810407,0.490437519810407,0.020979020979021,-0.00523598775598311,0,130
0.455232610270309,0.828065044023826,-0.327217898979104,0.470296569480762,0.827871679222173,-0.305695304963106,1.06814150222053,1.05417886820457,-0.333357887130917,-0.310668606854991,0.0216783216783217,-0.0139626340159547,0.0226892802759263,38
0.838261558890199,0.468488550167431,0.278991106039229,0.749603266984416,0.609186050413591,0.258819045102521,0.509636141582344,0.682423737529783,0.282743338823081,0.261799387799149,0.022027972027972,0.172787595947439,-0.020943951023932,290
0.835271571499597,0.447868687068757,-0.31895930929807,0.801199135362111,0.518318965562576,-0.299040792256087,0.492182849062401,0.574213323906134,-0.324631240870945,-0.303687289847013,0.0223776223776224,0.0820304748437333,0.020943951023932,76
0.766243573905846,-0.3921066468435,-0.509041415750371,0.735334603097484,-0.427974958854898,-0.525471651072268,5.81020107988912,5.7560958730773,-0.534070751110265,-0.553269372882202,0.0227272727272727,-0.0541052068118235,-0.0191986217719375,36
0.0112458085634775,-0.920436155862672,-0.390731128489274,-0.0707244450557957,-0.919146192467897,-0.387515586452103,4.72460628514865,4.63559449329694,-0.401425727958696,-0.397935069454707,0.0230769230769231,-0.0890117918517106,0.00349065850398861,92
0.101233687603213,-0.947267458724584,0.30403306092549,0.17080607588938,-0.921587115939209,0.348572047321815,4.81885406475634,4.89564855184409,0.308923277602996,0.356047167406843,0.0234265734265734,0.0767944870877502,0.0471238898038469,51
-0.205503013887752,-0.890131346747478,0.4067366430758,-0.179694385614522,-0.8992825517099,0.398749068925246,4.48549617762543,4.51516677490933,0.418879020478639,0.410152374218667,0.0237762237762238,0.0296705972839035,-0.0087266462599716,14
-0.624780089174649,-0.721265862728696,0.299040792256087,-0.629999307877015,-0.694792433566977,0.346935651573256,3.99854931631901,3.97586003604308,0.303687289847013,0.354301838154849,0.0241258741258741,-0.0226892802759262,0.0506145483078356,12
-0.751363207752596,-0.506800882871171,0.422618261740699,-0.846639230378737,-0.352421897184254,0.398749068925246,3.73500459926787,3.53603706454051,0.436332312998582,0.410152374218667,0.0244755244755245,-0.198967534727354,-0.0261799387799149,12
0.731772792486224,0.590466207308831,-0.34037955021305,0.689868283298961,0.629936307526067,-0.356737999319625,0.678933079025794,0.740019602845596,-0.347320521146872,-0.364773813666815,0.0248251748251748,0.0610865238198013,-0.0174532925199433,5
0.745609210568436,0.605940168811489,0.277314653302378,0.738183753900688,0.619409715639127,0.267238376078257,0.682423737529783,0.698131700797732,0.280998009571087,0.270526034059121,0.0258741258741259,0.0157079632679489,-0.010471975511966,64
-0.745246681405085,0.586451309895676,0.317304656405092,-0.810687168094994,0.483266543116249,0.330514392713223,2.47487687932796,2.60403124397554,0.322885911618951,0.336848545634906,0.0262237762237762,0.12915436464758,0.0139626340159547,11
0.275086914359986,-0.899768754145084,0.338737920245291,0.227140076542114,-0.917830464972592,0.325568154457157,5.00909495322373,4.9549897464119,0.345575191894877,0.331612557878923,0.0269230769230769,-0.0541052068118253,-0.0139626340159546,77
0.934251290195436,-0.116367149646445,0.337095258423082,0.925943211001073,-0.15661157147013,0.343659694585616,6.15926693028799,6.11563369898813,0.343829862642883,0.35081117965086,0.0272727272727273,-0.0436332312998582,0.00698131700797738,62
0.231379484522782,0.914402819663035,0.332161131883703,0.269301708638314,0.903354620541108,0.333806859233771,1.3229595730117,1.28107167096384,0.3385938748869,0.340339204138894,0.0276223776223776,-0.041887902047864,0.00174532925199439,71
-0.748848182446933,0.572537667210123,0.333806859233771,-0.81077548685084,0.49295922285332,0.315649036947102,2.48883951334391,2.59530459771557,0.340339204138894,0.321140582366957,0.027972027972028,0.106465084371654,-0.0191986217719377,19
-0.408043958242288,0.80083135915422,-0.438371146789077,-0.441123818578838,0.802401247209745,-0.40194777665596,2.04203522483337,2.07345115136926,-0.453785605518526,-0.413643032722656,0.0283216783216783,0.0314159265358982,0.0401425727958696,55
0.940694178520454,-0.206825028896364,-0.268919820615266,0.952381709236286,-0.133848520371358,-0.273959218692432,6.06676447993229,6.14355896702004,-0.272271363311115,-0.277507351067098,0.0286713286713287,0.0767944870877502,-0.005235987755983,168
0.675068636743053,-0.6317180573279,0.381070376350274,0.647720419474959,-0.643214189302373,0.408330460381385,5.53094839957003,5.50127780228613,0.39095375244673,0.420624349730633,0.0293706293706294,-0.0296705972839035,0.0296705972839036,118
-0.100879942298469,-0.798546969353639,-0.593418886603701,-0.0840996849258866,-0.813815828746291,-0.575005252043279,4.5867252742411,4.60941455451703,-0.635299847725936,-0.61261056745001,0.0293706293706294,0.0226892802759275,0.0226892802759263,17
-0.0791412248477494,-0.923142443155356,0.376224263139366,-0.0852153852649026,-0.918593960687602,0.385906042324319,4.62686784703697,4.61988653002899,0.385717764690747,0.396189740202713,0.0300699300699301,-0.00698131700797866,0.0104719755119659,20
-0.788528792627731,-0.477550011468679,-0.387515586452103,-0.776221912556365,-0.511824048065391,-0.368124552684678,3.68613538021202,3.7245326237559,-0.397935069454707,-0.376991118430775,0.0300699300699301,0.038397243543876,0.0209439510239319,4
-0.665643559741168,-0.599348153251759,0.444635179184927,-0.618751410627931,-0.661212175922694,0.42419942274539,3.87463093942741,3.96015207277513,0.460766922526503,0.438077642250577,0.0304195804195804,0.0855211333477222,-0.0226892802759263,6
-0.66462695240267,0.669283196117814,-0.332161131883703,-0.694456747215647,0.640826242310944,-0.327217898979104,2.35270383168836,2.39633706298821,-0.3385938748869,-0.333357887130917,0.0307692307692308,0.0436332312998582,0.00523598775598294,106
-0.798428687217679,-0.524469618345049,0.295708050044047,-0.761074946089416,-0.583993346009041,0.282341456842876,3.72278729450391,3.79609112308767,0.300196631343025,0.28623399732707,0.0311188811188811,0.0733038285837613,-0.0139626340159547,26
-0.814221610574348,0.409510807593085,0.411514358605109,-0.820596120445928,0.39492624269404,0.413104429824542,2.67558974330731,2.69304303582725,0.424115008234622,0.425860337486616,0.0318181818181818,0.0174532925199435,0.00174532925199422,217
-0.291427313458568,0.870984429466183,0.395545502562965,-0.343082180651595,0.853443732330696,0.392337116603562,1.89368223841385,1.95302343298165,0.406661715714679,0.40317105721069,0.0318181818181818,0.0593411945678075,-0.00349065850398861,9
-0.801227149799547,0.257245895116512,0.540240320477655,-0.815938310308149,0.217104397822844,0.535826794978997,2.8309240467348,2.88153859504264,0.570722665402146,0.565486677646163,0.0321678321678322,0.0506145483078355,-0.005235987755983,36
0.649741666322809,0.631846161567299,-0.422618261740699,0.662095379438839,0.606698636352702,-0.439939169855915,0.771435529381494,0.74176493209759,-0.436332312998582,-0.45553093477052,0.0325174825174825,-0.0296705972839035,-0.0191986217719377,52
0.703633704647058,-0.611659447730188,0.361624570082092,0.711205932126657,-0.598891004957128,0.368124552684678,5.56760031386191,5.58330827712986,0.370009801422798,0.376991118430775,0.0335664335664336,0.015707963267948,0.00698131700797738,17
0.624098465144217,-0.653081738480765,-0.428935133403146,0.664874988441997,-0.637592190331357,-0.389123950140206,5.47509786350621,5.51873109480607,-0.44331363000656,-0.399680398706701,0.0335664335664336,0.0436332312998582,0.0436332312998582,34
0.0343231428563508,-0.936043114378739,0.350207381259467,0.0262042631260823,-0.93812711844525,0.345298198998535,4.74904089467657,4.7403142484166,0.357792496658838,0.352556508902855,0.0342657342657343,-0.00872664625997199,-0.005235987755983,22
0.893422360541514,-0.180145547672583,0.411514358605109,0.898537249428421,-0.164912445161174,0.4067366430758,6.08421777245223,6.10167106497218,0.424115008234622,0.418879020478639,0.0346153846153846,0.017453292519944,-0.00523598775598305,37
-0.751913602977496,-0.598099086039414,0.277314653302378,-0.750380145458917,-0.596879318852451,0.284015344703923,3.81354441560761,3.81354441560761,0.280998009571087,0.287979326579064,0.0353146853146853,0,0.00698131700797727,89
-0.80424878194983,-0.481332966415238,-0.348572047321815,-0.835513466827488,-0.422048221412878,-0.351841648404702,3.68089939245604,3.60934089312427,-0.356047167406843,-0.359537825910832,0.0353146853146853,-0.0715584993317675,-0.00349065850398866,90
-0.891080858789519,0.361830415515841,0.273959218692432,-0.904062296151288,0.33621775411128,0.263873049965373,2.75587488889905,2.78554548618295,0.277507351067098,0.267035375555132,0.036013986013986,0.0296705972839035,-0.0104719755119659,38
-0.685943030008042,0.653214719560954,-0.320612990585676,-0.659885426924185,0.671504288952618,-0.337095258423082,2.38062909972027,2.34746784393237,-0.32637657012294,-0.343829862642883,0.0363636363636364,-0.033161255787892,-0.0174532925199433,19
-0.450355704248401,0.819193984902351,0.355106962408137,-0.537602863388777,0.767776457767537,0.348572047321815,2.07345115136926,2.18166156499291,0.363028484414821,0.356047167406843,0.0367132867132867,0.108210413623648,-0.00698131700797733,23
-0.842955546515502,-0.305145647946018,0.44307119082418,-0.88195041042233,-0.214996335055856,0.419452082446177,3.48891317473666,3.38070276111302,0.459021593274509,0.432841654494594,0.0370629370629371,-0.108210413623648,-0.0261799387799149,29
0.531129246614972,0.793391396258765,-0.297374874077786,0.549449904387321,0.778894891327661,-0.302369890750444,0.980875039620813,0.956440430092892,-0.301941960595019,-0.307177948351002,0.0377622377622378,-0.0244346095279209,-0.00523598775598294,42
0.359249134941276,0.863040615668354,0.355106962408137,0.329997195411471,0.873312237266409,0.3583679495453,1.17635191584418,1.20951317163207,0.363028484414821,0.366519142918809,0.0381118881118881,0.033161255787892,0.00349065850398866,56
-0.651943262572308,0.629574290477179,-0.422618261740699,-0.593884779575652,0.664223979343276,-0.453990499739547,2.37364778271229,2.30034395412853,-0.436332312998582,-0.471238898038469,0.0388111888111888,-0.0733038285837613,-0.0349065850398866,131
0.938472850830371,0.0672705704019994,0.338737920245291,0.941465173057719,0.0740949160355773,0.328866646738583,0.0715584993317675,0.0785398163397448,0.345575191894877,0.335103216382911,0.0391608391608392,0.00698131700797733,-0.010471975511966,37
0.911321464450087,0.268216492987486,0.312334918512233,0.910581548481357,0.252526612761894,0.327217898979104,0.28623399732707,0.270526034059121,0.317649923862968,0.333357887130917,0.0395104895104895,-0.0157079632679489,0.015707963267949,174
0.228705914468766,0.903836973684938,0.361624570082092,0.305983305648916,0.878664365656049,0.366501226724297,1.3229595730117,1.23569311041199,0.370009801422798,0.375245789178781,0.0402097902097902,-0.0872664625997164,0.00523598775598305,26
0.549233653253572,-0.739543741479175,0.389123950140206,0.656063096106401,-0.644711408974966,0.392337116603562,5.35117948661461,5.50651379004211,0.399680398706701,0.40317105721069,0.0402097902097902,0.155334303427495,0.00349065850398877,10
-0.532089842828816,-0.765576952024646,0.361624570082092,-0.494761738001397,-0.788717791647478,0.36487678433762,4.10501440069066,4.15213829049451,0.370009801422798,0.373500459926786,0.0416083916083916,0.0471238898038475,0.00349065850398866,202
-0.891154845821005,-0.191047045074156,0.411514358605109,-0.858260361345419,-0.334621732065498,0.389123950140206,3.35277749308111,3.51334778426459,0.424115008234622,0.399680398706701,0.0416083916083916,0.160570291183479,-0.0244346095279207,13
-0.942180829344965,0.222722110228267,0.250380004054441,-0.958868557796958,0.163902404175302,0.231747903494157,2.90946386307455,2.97229571614634,0.253072741539178,0.23387411976724,0.041958041958042,0.062831853071796,-0.0191986217719376,13
-0.702522522544204,0.63700852454404,0.317304656405092,-0.738024525186732,0.604066074504598,0.300705799504273,2.40506370924819,2.45567825755602,0.322885911618951,0.305432619099008,0.0423076923076923,0.0506145483078351,-0.0174532925199433,197
-0.0929691988347411,-0.931431254852385,0.351841648404702,-0.0912230002720325,-0.930364127355862,0.355106962408137,4.61290521302101,4.61465054227301,0.359537825910832,0.363028484414821,0.0426573426573427,0.00174532925199244,0.00349065850398866,28
-0.883935591904588,-0.0633612910735107,0.463296035119862,-0.892928829533729,-0.0467964170136678,0.44775908783877,3.21315115292156,3.19395253114962,0.481710873550435,0.464257581030492,0.043006993006993,-0.0191986217719378,-0.0174532925199433,77
-0.759354496948264,-0.529733034443626,0.377840786818467,-0.772961079387064,-0.509673924749134,0.377840786818467,3.75071256253581,3.7245326237559,0.387463093942741,0.387463093942741,0.0433566433566434,-0.0261799387799146,0,72
-0.960897575391733,0.159075562056066,-0.226651307436855,-0.970570464394386,0.112298834227255,-0.213030386274977,2.97753170390233,3.02640092295817,-0.228638132011257,-0.214675497995303,0.0440559440559441,0.0488692190558413,0.0139626340159546,55
0.487216650017869,0.837122019760141,0.248689887164855,0.450638959663476,0.858340733314415,0.245307385878803,1.04370689269261,1.08734012399247,0.251327412287183,0.247836753783195,0.0440559440559441,0.0436332312998582,-0.00349065850398869,40
0.580500316836224,0.773153831333489,0.255445757935791,0.57021360772919,0.779098095580597,0.260504508642648,0.926769832808989,0.938987137572949,0.258308729295161,0.263544717051144,0.0447552447552448,0.0122173047639604,0.00523598775598294,57
0.689359569375771,0.66570679795202,0.285688367404974,0.693177737811335,0.669393960350567,0.267238376078257,0.767944870877505,0.767944870877505,0.289724655831059,0.270526034059121,0.0447552447552448,0,-0.0191986217719377,65
-0.800243587032589,0.598658689524447,-0.034899496702501,-0.822955841126367,0.567719207536105,-0.020942419883357,2.49931148885588,2.53770873239976,-0.0349065850398866,-0.020943951023932,0.0454545454545455,0.038397243543876,0.0139626340159546,29
0.802849450500147,0.535434024353365,0.262189178640865,0.794340172835776,0.547978580259173,0.262189178640865,0.588175957922089,0.603883921190038,0.265290046303138,0.265290046303138,0.0454545454545455,0.0157079632679489,0,19
0.767121265257881,0.533163168486514,-0.356737999319625,0.750421644725654,0.55325855207144,-0.361624570082092,0.607374579694027,0.635299847725936,-0.364773813666815,-0.370009801422798,0.0458041958041958,0.0279252680319093,-0.00523598775598294,12
0.772168308263369,0.596799488896143,-0.218143241396543,0.721250784692708,0.65628771798862,-0.221548497619467,0.657989128001862,0.738274273593601,-0.219911485751285,-0.223402144255274,0.0465034965034965,0.080285145591739,-0.00349065850398869,26
0.860965207416804,-0.0647362991320119,-0.504527623815019,0.846284713864479,-0.103910696990691,-0.522498564715949,6.20813614934383,6.16101225953998,-0.528834763354282,-0.549778714378214,0.0465034965034965,-0.0471238898038475,-0.020943951023932,12
0.848533813431934,-0.365436393994815,0.38268343236509,0.85586376788609,-0.363292615573908,0.368124552684678,5.87652359146491,5.88175957922089,0.392699081698724,0.376991118430775,0.0468531468531469,0.00523598775598355,-0.0157079632679489,8
0.569231093255953,-0.661792199603223,0.487859659138733,0.603947438607605,-0.670751583616641,0.430511096808295,5.42273798594638,5.44542726622231,0.509636141582344,0.445058959258554,0.0472027972027972,0.0226892802759266,-0.0645771823237902,3
0.119776372117021,-0.935000856369111,0.333806859233771,0.170269747993661,-0.927726896982033,0.332161131883703,4.83979801578028,4.8939032225921,0.340339204138894,0.3385938748869,0.0475524475524476,0.0541052068118235,-0.00174532925199439,111
-0.761393317874416,-0.523291129381592,0.38268343236509,-0.707640082877073,-0.630484315520876,0.31895930929807,3.74373124552784,3.86939495167143,0.392699081698724,0.324631240870945,0.0482517482517483,0.125663706143592,-0.0680678408277788,163
-0.962785185579245,0.0403526551814762,0.267238376078257,-0.965828111401186,-0.0438579979003492,0.255445757935791,3.09970475154193,3.18697121414165,0.270526034059121,0.258308729295161,0.0486013986013986,0.0872664625997168,-0.0122173047639603,10
-0.904459820724305,0.0775395591096788,0.419452082446177,-0.895109978451302,0.0893438534857724,0.436801788367702,3.05607152024207,3.04210888622612,0.432841654494594,0.452040276266531,0.048951048951049,-0.0139626340159547,0.0191986217719376,6
-0.962250186899058,-0.084185982829369,-0.258819045102521,-0.957709086535644,-0.102349575706576,-0.268919820615266,3.22885911618951,3.24805773796145,-0.261799387799149,-0.272271363311115,0.0493006993006993,0.0191986217719378,-0.010471975511966,6
-0.596184659774404,0.723229824658494,0.348572047321815,-0.59733740054548,0.724628211034382,0.343659694585616,2.26020138133266,2.26020138133266,0.356047167406843,0.35081117965086,0.0496503496503497,0,-0.00523598775598294,214
-0.397072110574242,0.840012544245385,0.369746757273829,-0.403322613196609,0.849395450588841,0.34037955021305,2.01236462754946,2.01410995680146,0.378736447682769,0.347320521146872,0.05,0.00174532925199467,-0.0314159265358979,200
-0.896134690022337,-0.0784016263692722,-0.436801788367702,-0.899744133736978,-0.061338401414819,-0.432085748801982,3.22885911618951,3.20966049441757,-0.452040276266531,-0.446804288510548,0.0503496503496504,-0.0191986217719373,0.00523598775598294,44
-0.881549314791277,-0.123893676532087,0.455544907233516,-0.876956936084818,-0.153053486554001,0.455544907233516,3.28121899374934,3.31438024953723,0.472984227290463,0.472984227290463,0.0506993006993007,0.033161255787892,0,24
-0.483854585240985,0.838060725112553,0.252069358243114,-0.553418253267635,0.793306461911344,0.253757944584806,2.0943951023932,2.17991623574092,0.254818070791172,0.256563400043166,0.0520979020979021,0.0855211333477222,0.00174532925199433,390
0.599224690283223,0.764219575888097,-0.238533457578581,0.590929197235769,0.775705451222851,-0.221548497619467,0.905825881785057,0.919788515801012,-0.240855436775218,-0.223402144255274,0.0520979020979021,0.0139626340159547,0.0174532925199433,8
0.682752508247892,0.692352709661338,0.233445363855905,0.675952141482879,0.661941242568066,0.323917418198149,0.792379480405426,0.774926187885482,0.235619449019234,0.329867228626928,0.0520979020979021,-0.0174532925199431,0.0942477796076938,47
0.800908163142179,0.460542619966377,-0.38268343236509,0.804123077777062,0.449409197962868,-0.389123950140206,0.521853446346304,0.509636141582344,-0.392699081698724,-0.399680398706701,0.0524475524475524,-0.0122173047639604,-0.00698131700797727,58
-0.260660517671907,0.885648462714643,-0.384295322659804,-0.295022408388305,0.881729035622322,-0.368124552684678,1.85703032412197,1.89368223841385,-0.394444410950718,-0.376991118430775,0.0527972027972028,0.0366519142918804,0.0174532925199433,15
0.087378235107909,0.924365173915678,0.371367835550235,0.0839736804430314,0.922715408356278,0.376224263139366,1.4765485471872,1.48003920569119,0.380481776934764,0.385717764690747,0.0531468531468531,0.00349065850398844,0.00523598775598305,18
0.38251798174207,-0.883946900964208,-0.268919820615266,0.40527758098859,-0.881136657040514,-0.243615011786023,5.12079602535136,5.14348530562729,-0.272271363311115,-0.2460914245312,0.0538461538461538,0.0226892802759266,0.0261799387799149,57
0.262121946540923,-0.92631932063369,0.270600445975864,0.317210763795041,-0.91090523372881,0.263873049965373,4.98815100219979,5.0474921967676,0.27401669256311,0.267035375555132,0.0538461538461538,0.059341194567808,-0.00698131700797727,31
0.0549299159966171,-0.952658023057307,-0.299040792256087,0.114807923221114,-0.935035499389058,-0.335451569750255,4.7699848457005,4.83456202802429,-0.303687289847013,-0.342084533390889,0.0545454545454545,0.0645771823237906,-0.0383972435438753,8
-0.69368246645789,-0.651411195193605,0.307356617799807,-0.704468764334252,-0.625456636729887,0.335451569750255,3.89557489045134,3.86764962241943,0.312413936106985,0.342084533390889,0.0545454545454545,-0.0279252680319098,0.0296705972839037,55
0.254099921528979,-0.886151736519006,0.387515586452103,0.284165341891306,-0.879792831714408,0.381070376350274,4.99164166070378,5.02480291649167,0.397935069454707,0.39095375244673,0.0555944055944056,0.033161255787892,-0.00698131700797733,15
-0.9240363463218,-0.208240584286461,-0.320612990585676,-0.931822946738767,-0.192971255439104,-0.307356617799807,3.36324946859307,3.34579617607313,-0.32637657012294,-0.312413936106985,0.0555944055944056,-0.0174532925199435,0.0139626340159547,25
-0.961283011027222,-0.0520612269169843,0.270600445975864,-0.958673701978425,-0.0167337117130078,0.284015344703923,3.19569786040162,3.15904594610974,0.27401669256311,0.287979326579064,0.0566433566433566,-0.0366519142918813,0.0139626340159546,103
-0.915910559872107,0.0287836489264555,0.400349032556895,-0.909053009046098,0.0747377620106156,0.409923033841573,3.1101767270539,3.05956217874606,0.411897703470662,0.422369678982628,0.0566433566433566,-0.0506145483078355,0.010471975511966,139
-0.618511726754222,0.70901330400452,0.338737920245291,-0.631826602879542,0.704182256295586,0.323917418198149,2.28812664936457,2.30208928338052,0.345575191894877,0.329867228626928,0.0583916083916084,0.0139626340159551,-0.015707963267949,41
-0.807754585241025,0.402731580022003,0.430511096808295,-0.753133808048094,0.476111429521718,0.453990499739547,2.6790804018113,2.57785130519562,0.445058959258554,0.471238898038469,0.0587412587412587,-0.101229096615671,0.026179938779915,82
0.697051582755229,0.673134888928229,0.246999012722743,0.66090868759892,0.706262424468673,0.253757944584806,0.767944870877505,0.81855941918534,0.249582083035189,0.256563400043166,0.0594405594405594,0.0506145483078355,0.0069813170079773,27
0.777462404876323,0.566935336767297,0.272280247040574,0.779256030665103,0.574517094821177,0.250380004054441,0.630063859969953,0.635299847725936,0.275762021815104,0.253072741539178,0.0594405594405594,0.00523598775598311,-0.0226892802759263,7
0.620168506412775,-0.741713211697323,0.255445757935791,0.585001672798763,-0.765150425016481,0.268919820615266,5.40877535193043,5.36514212063057,0.258308729295161,0.272271363311115,0.0604895104895105,-0.0436332312998582,0.0139626340159546,14
0.512238044328195,0.768068545720122,-0.384295322659804,0.550335823019655,0.743736179634135,-0.379456159529005,0.982620368872807,0.933751149816966,-0.394444410950718,-0.389208423194735,0.0608391608391608,-0.0488692190558413,0.005235987755983,25
0.120295500835381,-0.952236940568018,-0.280666708920788,0.103327986586346,-0.966864307585193,-0.233445363855905,4.83805268652828,4.81885406475634,-0.284488668075076,-0.235619449019234,0.0611888111888112,-0.0191986217719373,0.0488692190558412,10
0.585304672395995,-0.741124260252177,-0.328866646738583,0.557013814899645,-0.758282421923942,-0.338737920245291,5.38085008389852,5.34594349885863,-0.335103216382911,-0.345575191894877,0.0615384615384615,-0.0349065850398871,-0.010471975511966,9
-0.693618067409533,-0.626732017542052,0.355106962408137,-0.724613164040137,-0.578451089262581,0.374606593415912,3.87637626867941,3.8152897448596,0.363028484414821,0.383972435438752,0.0618881118881119,-0.0610865238198013,0.0209439510239319,168
-0.911235316059268,0.0174966119060972,0.411514358605109,-0.902280085130465,0.0678427803919213,0.425779291565073,3.12239403181786,3.06654349575404,0.424115008234622,0.439822971502571,0.0622377622377622,-0.0558505360638191,0.0157079632679489,75
-0.922986924801205,-0.276909347977043,0.267238376078257,-0.925386516244111,-0.267099093285321,0.268919820615266,3.43306263867285,3.42259066316088,0.270526034059121,0.272271363311115,0.0632867132867133,-0.0104719755119658,0.00174532925199433,69
-0.783141434703247,0.404209435655098,0.472550764869054,-0.730077279750244,0.498024953710705,0.467929814260573,2.66511776779534,2.54294472015574,0.492182849062401,0.486946861306418,0.0632867132867133,-0.122173047639603,-0.005235987755983,55
-0.801629479207582,0.559224470555849,0.211324796455389,-0.840407499743626,0.493064151530255,0.224951054343865,2.53247274464377,2.61101256098352,0.212930168743308,0.226892802759263,0.0636363636363636,0.0785398163397448,0.0139626340159547,24
0.601633280549998,0.759072286252488,0.248689887164855,0.594178265063185,0.763255589489261,0.253757944584806,0.900589894029074,0.909316540289046,0.251327412287183,0.256563400043166,0.063986013986014,0.00872664625997155,0.00523598775598294,106
0.234856852955514,0.914707049979802,0.328866646738583,0.347731067127794,0.831277873703408,0.433659084587544,1.31946891450771,1.17460658659218,0.335103216382911,0.448549617762543,0.0646853146853147,-0.144862327915529,0.113446401379631,130
0.914519745861567,0.0848374317828297,-0.395545502562965,0.921660971765426,0.0193060451955611,-0.387515586452103,0.0925024503556995,0.020943951023932,-0.406661715714679,-0.397935069454707,0.065034965034965,-0.0715584993317675,0.00872664625997166,62
0.256600648733415,-0.877505784443092,-0.405141586779863,0.261901319366692,-0.872962560237157,-0.411514358605109,4.99687764845977,5.00385896546774,-0.417133691226645,-0.424115008234622,0.0653846153846154,0.006981317007976,-0.00698131700797738,5
0.498772678962987,-0.817120820365712,0.289031796944472,0.482223978615195,-0.825227436277911,0.294040325232304,5.26042236551091,5.24122374373897,0.293215314335047,0.29845130209103,0.0660839160839161,-0.0191986217719373,0.00523598775598294,13
-0.617130956635284,-0.682992362762511,0.390731128489274,-0.612886587983733,-0.702565086367519,0.361624570082092,3.97760536529508,3.99505865781502,0.401425727958696,0.370009801422798,0.0664335664335664,0.0174532925199431,-0.0314159265358979,159
-0.0936806383398851,-0.938558959504393,0.332161131883703,-0.0727968454262175,-0.946079438932248,0.315649036947102,4.61290521302101,4.63559449329694,0.3385938748869,0.321140582366957,0.0667832167832168,0.0226892802759258,-0.0174532925199433,14
-0.888973510035785,-0.368224884447237,0.272280247040574,-0.840259100965029,-0.477333604442328,0.257132793154696,3.53429173528852,3.65821011218011,0.275762021815104,0.260054058547155,0.0674825174825175,0.123918376891597,-0.015707963267949,27
-0.769615482324929,-0.507467909943525,0.387515586452103,-0.784997533686599,-0.51761050404983,0.34037955021305,3.7245326237559,3.7245326237559,0.397935069454707,0.347320521146872,0.0685314685314685,0,-0.0506145483078356,41
-0.892207859229504,0.0874817454715452,-0.44307119082418,-0.898273699512021,0.108703061775339,-0.425779291565073,3.04385421547811,3.02116493520218,-0.459021593274509,-0.439822971502571,0.0685314685314685,-0.0226892802759262,0.0191986217719377,59
-0.897692220898584,0.113404900302024,0.425779291565073,-0.874171930511639,0.184216919386798,0.449318998615897,3.0159289474462,2.93389847260247,0.439822971502571,0.466002910282486,0.0685314685314685,-0.0820304748437337,0.0261799387799149,64
-0.753921276433162,0.559911353036096,0.343659694585616,-0.761226223997772,0.567400540618047,0.313992455967405,2.50280214735987,2.50105681810787,0.35081117965086,0.319395253114962,0.0692307692307692,-0.00174532925199422,-0.031415926535898,43
-0.543292873946919,0.796437569169002,-0.265556117486809,-0.500608910300559,0.8266035601255,-0.257132793154696,2.16944426022895,2.11533905341713,-0.268780704807127,-0.260054058547155,0.0699300699300699,-0.0541052068118244,0.0087266462599716,26
-0.924943300322327,0.265223223455951,0.272280247040574,-0.92027111710054,0.274344735290351,0.278991106039229,2.8623399732707,2.85186799775873,0.275762021815104,0.282743338823081,0.0702797202797203,-0.0104719755119658,0.00698131700797727,31
-0.605261178714563,0.688954342153605,0.398749068925246,-0.516361584186645,0.745720831302327,0.421035813367491,2.29161730786856,2.17642557723693,0.410152374218667,0.434586983746588,0.0706293706293706,-0.115191730631626,0.0244346095279206,23
0.595972382971719,0.768322966485575,0.233445363855905,0.553670808586643,0.793668491471041,0.252069358243114,0.91106186954104,0.961676417848876,0.235619449019234,0.254818070791172,0.070979020979021,0.0506145483078355,0.0191986217719376,37
-0.814355609034467,0.406022729079736,-0.414693242656239,-0.836286186814579,0.35498242544675,-0.417867073801077,2.6790804018113,2.7401669256311,-0.427605666738611,-0.431096325242599,0.0713286713286713,0.0610865238198017,-0.00349065850398872,79
-0.43418026140497,0.841208845818865,0.322265695230511,-0.377699216327653,0.868648727768127,0.320612990585676,2.04727121258935,1.98094870101356,0.328121899374934,0.32637657012294,0.0723776223776224,-0.0663225115757839,-0.00174532925199433,17
0.189717410704408,0.932490865140393,0.307356617799807,0.0772821257978623,0.960526482395576,0.267238376078257,1.37008346281555,1.49051118120316,0.312413936106985,0.270526034059121,0.0723776223776224,0.120427718387609,-0.0418879020478639,87
0.91527350428007,0.0913564409228143,-0.392337116603562,0.915856461517252,0.110830809771828,-0.385906042324319,0.0994837673636768,0.120427718387609,-0.40317105721069,-0.396189740202713,0.0723776223776224,0.020943951023932,0.00698131700797738,7
0.739073800366903,-0.536968547301099,0.4067366430758,0.698895889210954,-0.553938055971959,0.452434709311783,5.65486677646163,5.61297887441376,0.418879020478639,0.469493568786475,0.0727272727272727,-0.0418879020478631,0.0506145483078356,26
0.338388359836984,0.89551880956342,0.289031796944472,0.33680890546628,0.900836337906081,0.273959218692432,1.20951317163207,1.21300383013606,0.293215314335047,0.277507351067098,0.0734265734265734,0.00349065850398844,-0.015707963267949,45
0.810447889636263,-0.496643105515448,0.310676429630732,0.904226731244762,-0.343483513523587,0.253757944584806,5.73340659280137,5.92015682276477,0.315904594610974,0.256563400043166,0.0734265734265734,0.186750229963393,-0.0593411945678072,24
-0.0296635786446068,-0.943910377506739,-0.328866646738583,-0.0230731717207976,-0.944094464240556,-0.328866646738583,4.68097305384879,4.68795437085677,-0.335103216382911,-0.335103216382911,0.0741258741258741,0.00698131700797777,0,23
-0.731742460461942,-0.607504295247842,0.309016994374947,-0.750707491774735,-0.586516973034509,0.30403306092549,3.83448836663154,3.80481776934764,0.314159265358979,0.308923277602996,0.0744755244755245,-0.0296705972839035,-0.005235987755983,27
-0.589550787564705,-0.685416023654955,0.427357863387192,-0.604106020826435,-0.668577380679262,0.433659084587544,4.002039974823,3.97760536529508,0.441568300754565,0.448549617762543,0.0748251748251748,-0.02443460952792,0.00698131700797727,70
-0.638836184290316,-0.694729131281249,0.330514392713223,-0.663515236457691,-0.675198009968994,0.322265695230511,3.96887871903511,3.93571746324721,0.336848545634906,0.328121899374934,0.0751748251748252,-0.0331612557878924,-0.00872664625997166,18
-0.853112436777612,-0.480704153359793,0.202787295356512,-0.844331700538355,-0.497349380408007,0.199367934417197,3.65471945367613,3.67391807544806,0.204203522483337,0.200712863979348,0.0762237762237762,0.0191986217719378,-0.00349065850398869,12
-0.416468089640016,-0.850117140157279,0.322265695230511,-0.384577051405078,-0.863774199855458,0.325568154457157,4.25685804561417,4.29350995990605,0.328121899374934,0.331612557878923,0.0765734265734266,0.0366519142918813,0.00349065850398866,23
-0.64876607301877,-0.556059776365572,0.519519111879509,-0.638074530254978,-0.605510120135216,0.475624209070275,3.85019632989949,3.90081087820733,0.546288055874225,0.49567350756639,0.0769230769230769,0.050614548307836,-0.0506145483078356,12
-0.775862018542426,0.513531867553376,0.366501226724297,-0.774790478223058,0.512822630487747,0.369746757273829,2.55690735417169,2.55690735417169,0.375245789178781,0.378736447682769,0.0772727272727273,0,0.00349065850398861,104
-0.860251382278384,0.417715627629193,0.292371704722737,-0.84012877234131,0.441077466391846,0.315649036947102,2.68955237732326,2.65813645078736,0.296705972839036,0.321140582366957,0.077972027972028,-0.0314159265358973,0.0244346095279206,24
-0.414197878949209,0.809413626688499,0.416280792260401,-0.523089370584699,0.758261209484295,0.389123950140206,2.04378055408536,2.17468024798493,0.429350995990605,0.399680398706701,0.077972027972028,0.130899693899575,-0.0296705972839037,66
-0.223253463154802,0.915822511143875,0.333806859233771,-0.26553466402027,0.908057734062922,0.323917418198149,1.80990643431812,1.85528499486997,0.340339204138894,0.329867228626928,0.0783216783216783,0.0453785605518524,-0.010471975511966,67
-0.338041731817989,0.840905222003505,0.422618261740699,-0.317567094271481,0.84487356223336,0.430511096808295,1.95302343298165,1.93033415270573,0.436332312998582,0.445058959258554,0.0786713286713287,-0.0226892802759266,0.0087266462599716,72
0.558153689806161,0.809089833803098,0.18395135061272,0.430749098470447,0.883166531350776,0.185666615385577,0.966912405604858,1.11701072127637,0.185004900711399,0.186750229963393,0.079020979020979,0.150098315671512,0.00174532925199433,89
0.295331317519173,0.848076022369975,0.439939169855915,0.313825957389924,0.843852569236743,0.435231099372328,1.23569311041199,1.21474915938805,0.45553093477052,0.450294947014537,0.0797202797202797,-0.020943951023932,-0.005235987755983,17
0.686872621213226,-0.647276014106101,0.330514392713223,0.674431179547721,-0.672081069944232,0.305695304963106,5.52745774106604,5.49953247303413,0.336848545634906,0.310668606854991,0.0804195804195804,-0.0279252680319093,-0.026179938779915,42
0.930365480737733,0.189284996360527,-0.313992455967405,0.931101685057389,0.19112772733225,-0.310676429630732,0.200712863979348,0.202458193231342,-0.319395253114962,-0.315904594610974,0.0814685314685315,0.00174532925199422,0.00349065850398866,16
0.271601046761211,-0.899586067565357,-0.342020143325669,0.29619459157205,-0.900880968245591,-0.317304656405092,5.00560429471974,5.03003890424766,-0.349065850398866,-0.322885911618951,0.0814685314685315,0.02443460952792,0.0261799387799149,11
-0.151407801474706,-0.945270489335008,-0.289031796944472,-0.0930906126355541,-0.932647664268246,-0.348572047321815,4.5535640184532,4.61290521302101,-0.293215314335047,-0.356047167406843,0.0818181818181818,0.0593411945678088,-0.0628318530717958,62
-0.673499822667566,-0.639127467400276,0.371367835550235,-0.611193460813961,-0.725815568125002,0.315649036947102,3.90081087820733,4.01251195033496,0.380481776934764,0.321140582366957,0.0821678321678322,0.111701072127637,-0.0593411945678072,106
-0.140607539984305,-0.987960070494303,0.064532308252958,-0.0365453011922451,-0.996644674616918,0.0732381971276317,4.57101731097315,4.67573706609281,0.0645771823237902,0.0733038285837618,0.0828671328671329,0.104719755119659,0.00872664625997165,74
-0.148276621937987,-0.968992063528339,-0.197657340379126,-0.0188698447479182,-0.982754206079499,-0.18395135061272,4.56054533546118,4.69319035861275,-0.198967534727354,-0.185004900711399,0.0828671328671329,0.132645023151569,0.0139626340159547,104
-0.788358116222909,0.508062136212597,0.346935651573256,-0.81779098513903,0.466459742500905,0.337095258423082,2.56912465893565,2.62322986574748,0.354301838154849,0.343829862642883,0.0839160839160839,0.0541052068118248,-0.010471975511966,166
-0.236018580361545,0.912616135323394,0.333806859233771,-0.231662498668669,0.915521280677576,0.328866646738583,1.82386906833407,1.81863308057809,0.340339204138894,0.335103216382911,0.0839160839160839,-0.00523598775598311,-0.00523598775598305,40
-0.441651526784044,0.878126317506245,0.18395135061272,-0.450014362749007,0.875633247826613,0.175366726091987,2.03679923707738,2.04552588333735,0.185004900711399,0.176278254451427,0.0842657342657343,0.00872664625997155,-0.00872664625997163,23
-0.403259873874285,0.830480932414883,0.384295322659804,-0.398537603520169,0.839318243615548,0.369746757273829,2.02283660306143,2.01410995680146,0.394444410950718,0.378736447682769,0.0846153846153846,-0.00872664625997155,-0.015707963267949,72
0.171057675150169,0.880015449656347,0.44307119082418,0.21536196917862,0.863769679790345,0.455544907233516,1.37881010907552,1.32645023151569,0.459021593274509,0.472984227290463,0.0856643356643357,-0.0523598775598297,0.0139626340159547,31
0.815518410418637,0.486146541552871,-0.313992455967405,0.768627463867811,0.564613003687157,-0.300705799504273,0.537561409614253,0.633554518473942,-0.319395253114962,-0.305432619099008,0.0856643356643357,0.0959931088596884,0.0139626340159547,28
0.919826364431017,0.0353361645784678,-0.390731128489274,0.906545335952283,0.0300732061000785,-0.421035813367491,0.0383972435438752,0.0331612557878923,-0.401425727958696,-0.434586983746588,0.0863636363636364,-0.00523598775598311,-0.0331612557878923,4
-0.0344773608251598,-0.940248867576253,-0.338737920245291,-0.0410406427256097,-0.93998525894429,-0.338737920245291,4.67573706609281,4.66875574908483,-0.345575191894877,-0.345575191894877,0.0870629370629371,-0.00698131700797688,0,41
0.267594313631762,-0.909207480349807,-0.31895930929807,0.207993275132028,-0.922938949057682,-0.323917418198149,4.99862297771176,4.93404579538797,-0.324631240870945,-0.329867228626928,0.0874125874125874,-0.0645771823237897,-0.00523598775598294,13
0.11625899208136,-0.907543409734261,-0.40354529635239,0.12417427507654,-0.906494315040683,-0.40354529635239,4.83979801578028,4.84852466204025,-0.41538836197465,-0.41538836197465,0.0881118881118881,0.00872664625997199,0,9
-0.64125734950697,-0.692494944322849,0.330514392713223,-0.641648312707911,-0.692917146174065,0.328866646738583,3.96538806053112,3.96538806053112,0.336848545634906,0.335103216382911,0.0884615384615385,0,-0.00174532925199439,67
-0.866650009032917,-0.188960260422045,0.461748613235034,-0.859093651141519,-0.214196104294371,0.46484204572462,3.3562681515851,3.385938748869,0.479965544298441,0.483456202802429,0.0888111888111888,0.0296705972839035,0.00349065850398861,29
-0.789591848175992,0.41454498803385,-0.452434709311783,-0.844563263230198,0.406460849563446,-0.348572047321815,2.65813645078736,2.69304303582725,-0.469493568786475,-0.356047167406843,0.0891608391608392,0.0349065850398866,0.113446401379631,8
0.0649037697378725,0.905454278914943,0.419452082446177,0.105324120953749,0.91028977895837,0.400349032556895,1.49923782746313,1.45560459616327,0.432841654494594,0.411897703470662,0.0895104895104895,-0.0436332312998582,-0.0209439510239319,9
-0.36111367776665,0.912069037154535,0.194234351219972,-0.392198208208273,0.90199412618721,0.18051914525056,1.94778744522567,1.98094870101356,0.195476876223365,0.18151424220741,0.0898601398601399,0.033161255787892,-0.0139626340159546,40
-0.973817734645104,-0.109231160466683,-0.199367934417197,-0.974841763521226,-0.109346023709065,-0.194234351219972,3.25329372571743,3.25329372571743,-0.200712863979348,-0.195476876223365,0.0902097902097902,0,0.00523598775598297,388
0.504779625613095,0.795405414815611,-0.335451569750255,0.496253402724256,0.797264432043672,-0.343659694585616,1.00530964914873,1.01403629540871,-0.342084533390889,-0.35081117965086,0.0912587412587413,0.00872664625997155,-0.00872664625997166,15
0.69516182196184,0.619366590589235,0.36487678433762,0.740632332935299,0.572425717328178,0.351841648404702,0.727802298081635,0.657989128001862,0.373500459926786,0.359537825910832,0.0912587412587413,-0.0698131700797733,-0.0139626340159546,58
-0.717456000280183,0.619291406911206,0.31895930929807,-0.720454329860025,0.61750404376029,0.315649036947102,2.42949831877611,2.4329889772801,0.324631240870945,0.321140582366957,0.0926573426573427,0.00349065850398889,-0.00349065850398872,29
-0.102434920903848,0.87198692198954,0.478691857940607,-0.175641718821636,0.871085858443771,0.458649554484315,1.68773338667852,1.76976386152225,0.499164166070378,0.476474885794452,0.0926573426573427,0.0820304748437337,-0.0226892802759263,11
0.614370610417898,0.694419652100994,0.374606593415912,0.576777633981533,0.725108864077599,0.376224263139366,0.84648468721725,0.89884456477708,0.383972435438752,0.385717764690747,0.0926573426573427,0.0523598775598297,0.00174532925199439,20
0.748389439228124,0.473112164056649,0.46484204572462,0.740202905390027,0.497395710337479,0.452434709311783,0.563741348394168,0.591666616426078,0.483456202802429,0.469493568786475,0.0940559440559441,0.0279252680319093,-0.0139626340159546,16
0.810377387668388,0.443668660318748,0.38268343236509,0.812863320731659,0.410606809330337,0.413104429824542,0.500909495322373,0.46774823953448,0.392699081698724,0.425860337486616,0.0940559440559441,-0.0331612557878924,0.0331612557878922,12
0.875471234858986,0.389784906921707,-0.285688367404974,0.879954509142602,0.388106181776372,-0.273959218692432,0.418879020478639,0.41538836197465,-0.289724655831059,-0.277507351067098,0.0940559440559441,-0.00349065850398844,0.0122173047639603,106
-0.0627007902088737,0.919728373577691,-0.387515586452103,-0.0948991202049482,0.91831980375364,-0.384295322659804,1.63886416762268,1.67377075266256,-0.397935069454707,-0.394444410950718,0.0947552447552448,0.0349065850398862,0.00349065850398866,57
0.188668512979744,0.895296255996792,0.40354529635239,0.188889471311342,0.888655094094805,0.417867073801077,1.36310214580757,1.36135681655558,0.41538836197465,0.431096325242599,0.0947552447552448,-0.00174532925199422,0.015707963267949,16
0.474088017475647,0.834545834684701,0.280666708920788,0.41716696466127,0.870694621880803,0.260504508642648,1.05417886820457,1.12399203828435,0.284488668075076,0.263544717051144,0.0951048951048951,0.0698131700797733,-0.020943951023932,24
0.84679853771396,0.393070794214218,-0.3583679495453,0.841751315881491,0.397894024161229,-0.36487678433762,0.434586983746588,0.441568300754565,-0.366519142918809,-0.373500459926786,0.0968531468531469,0.00698131700797733,-0.00698131700797727,82
0.189978935867166,-0.886172561508225,-0.422618261740699,-0.131932584208051,-0.882781533861032,-0.450877540689431,4.923573819876,4.56403599396517,-0.436332312998582,-0.46774823953448,0.0968531468531469,-0.359537825910833,-0.031415926535898,159
0.188278366246657,-0.925417735655855,-0.328866646738583,0.171994062371759,-0.927996917407741,-0.330514392713223,4.91310184436404,4.89564855184409,-0.335103216382911,-0.336848545634906,0.0968531468531469,-0.0174532925199431,-0.00174532925199439,12
-0.721566097355735,-0.580154037272185,0.377840786818467,-0.74716505779963,-0.523170605758194,0.409923033841573,3.81878040336359,3.75245789178781,0.387463093942741,0.422369678982628,0.0982517482517482,-0.0663225115757853,0.0349065850398866,21
-0.844209860780186,-0.432004011538256,-0.317304656405092,-0.816185794179307,-0.492354748679708,-0.302369890750444,3.61457688088026,3.68439005096003,-0.322885911618951,-0.307177948351002,0.0982517482517482,0.0698131700797728,0.015707963267949,110
-0.912381105732463,-0.359396475301162,0.195946144242518,-0.906959909211941,-0.370123483056512,0.201077921145965,3.51683844276857,3.52905574753253,0.197222205475359,0.202458193231342,0.0989510489510489,0.01221730476396,0.005235987755983,57
-0.96984345314783,-0.144944075224839,-0.195946144242518,-0.963588881112289,-0.185557971000345,-0.192521966525907,3.28994564000931,3.33183354205718,-0.197222205475359,-0.193731546971371,0.0989510489510489,0.0418879020478644,0.00349065850398866,110
-0.889884021644392,-0.155309624152624,-0.428935133403146,-0.886280408988456,-0.206243911761071,-0.414693242656239,3.31438024953723,3.37023078560105,-0.44331363000656,-0.427605666738611,0.1,0.0558505360638186,0.015707963267949,9
-0.873359999650105,-0.0718032624653363,0.481753674101715,-0.883571805681651,-0.0185081909037965,0.467929814260573,3.22362312843353,3.16253660461372,0.502654824574367,0.486946861306418,0.1,-0.0610865238198017,-0.015707963267949,228
-0.972098522543937,-0.0458430026021391,0.230049737188104,-0.970217645694465,0.0508469522320678,0.236838146065619,3.18871654339364,3.08923277602996,0.232128790515246,0.239110107523223,0.1,-0.0994837673636768,0.00698131700797727,21
-0.642071347339831,-0.690951060054872,-0.332161131883703,-0.556037839663209,-0.759729364715717,-0.337095258423082,3.96364273127912,4.08057979116274,-0.3385938748869,-0.343829862642883,0.101748251748252,0.11693705988362,-0.005235987755983,36
-0.916978904333809,-0.218455189307219,0.333806859233771,-0.915044460276175,-0.246897943956571,0.31895930929807,3.37546677335703,3.40513737064094,0.340339204138894,0.324631240870945,0.101748251748252,0.0296705972839035,-0.015707963267949,24
-0.855936870573694,0.359802729716223,-0.371367835550235,-0.824891341332999,0.41307481343145,-0.385906042324319,2.74365758413509,2.6773350725593,-0.380481776934764,-0.396189740202713,0.101748251748252,-0.0663225115757844,-0.015707963267949,14
-0.80818325627985,0.497197656614817,0.315649036947102,-0.813429799010807,0.490692226104302,0.312334918512233,2.59006860995959,2.59879525621956,0.321140582366957,0.317649923862968,0.101748251748252,0.00872664625997199,-0.00349065850398861,138
-0.433635331520453,-0.822462590619083,0.368124552684678,-0.484422504606663,-0.793611460817769,0.368124552684678,4.22718744833027,4.16435559525847,0.376991118430775,0.376991118430775,0.102097902097902,-0.0628318530717946,0,57
0.10164033350686,0.967043176232994,-0.233445363855905,0.0919461697929589,0.954897483297682,-0.282341456842876,1.46607657167524,1.47480321793521,-0.235619449019234,-0.28623399732707,0.102797202797203,0.00872664625997155,-0.0506145483078355,44
0.644783130632869,0.665364575459589,0.376224263139366,0.664973430094391,0.648920390151202,0.369746757273829,0.801106126665397,0.773180858633488,0.385717764690747,0.378736447682769,0.103846153846154,-0.0279252680319093,-0.00698131700797738,42
0.949877359348937,0.0348304215907677,-0.310676429630732,0.927842717745176,0.0975201992954336,-0.359996808120051,0.0366519142918809,0.10471975511966,-0.315904594610974,-0.368264472170804,0.104195804195804,0.0680678408277791,-0.0523598775598299,35
0.912143030007986,-0.215621475353753,0.348572047321815,0.917052078204902,-0.196598930636743,0.346935651573256,6.05105651666434,6.07200046768827,0.356047167406843,0.354301838154849,0.104545454545455,0.0209439510239315,-0.00174532925199433,18
0.971324559419187,-0.108951506057561,-0.211324796455389,0.971423834756636,-0.0935374764451191,-0.218143241396543,6.17148423505195,6.1871921983199,-0.212930168743308,-0.219911485751285,0.105594405594406,0.0157079632679489,-0.00698131700797733,59
0.852715715399033,-0.339336796819709,0.397147890634781,0.861476719078498,-0.342823223622719,0.374606593415912,5.90444885949682,5.90444885949682,0.408407044966673,0.383972435438752,0.105594405594406,0,-0.0244346095279206,25
0.758812486110744,-0.529354922446113,0.379456159529005,0.796395758838091,-0.45610015157753,0.397147890634781,5.67406539823357,5.76307719008528,0.389208423194735,0.408407044966673,0.105944055944056,0.0890117918517097,0.0191986217719377,36
0.932903043629642,-0.239528790058321,0.268919820615266,0.949258902126518,-0.181080820127429,0.257132793154696,6.0318578948924,6.0946897479642,0.272271363311115,0.260054058547155,0.106293706293706,0.0628318530717955,-0.0122173047639603,67
0.870354437868609,-0.369443540051492,-0.325568154457157,0.899823290775631,-0.304573380412129,-0.312334918512233,5.88175957922089,5.95680873705665,-0.331612557878923,-0.317649923862968,0.107342657342657,0.0750491578357559,0.0139626340159547,48
-0.0780148449731008,-0.929054010419612,0.361624570082092,-0.0290615395609587,-0.92475318324072,0.379456159529005,4.62861317628896,4.68097305384879,0.370009801422798,0.389208423194735,0.107342657342657,0.0523598775598302,0.0191986217719377,46
-0.156685575513098,-0.862185031136373,-0.481753674101715,-0.277378784258299,-0.819480317370201,-0.501510737159457,4.53262006742927,4.38601241026175,-0.502654824574367,-0.525344104850293,0.107342657342657,-0.146607657167523,-0.0226892802759262,543
-0.4881368173519,-0.812396089698649,-0.31895930929807,-0.457852886187556,-0.819231278930494,-0.345298198998535,4.17133691226645,4.20275283880235,-0.324631240870945,-0.352556508902855,0.108741258741259,0.0314159265358978,-0.0279252680319093,27
-0.925083849162514,-0.234082200488457,0.299040792256087,-0.930643242708542,-0.240680707326415,0.275637355816999,3.38942940737299,3.39466539512897,0.303687289847013,0.279252680319093,0.109090909090909,0.00523598775598311,-0.0244346095279206,74
-0.98599003004523,-0.00344176846220481,0.166768746716102,-0.985127231700603,-0.0671592370730425,0.158158067254484,3.14508331209378,3.20966049441757,0.167551608191456,0.158824961931484,0.11013986013986,0.0645771823237906,-0.00872664625997163,217
-0.958820388228767,0.177706855015203,0.221548497619467,-0.963587006950446,0.0843029394290398,0.253757944584806,2.95833308213039,3.05432619099008,0.223402144255274,0.256563400043166,0.11013986013986,0.0959931088596884,0.0331612557878922,305
-0.896393237009804,0.354907189429036,0.265556117486809,-0.900920510486295,0.345830982401436,0.262189178640865,2.76460153515902,2.77507351067098,0.268780704807127,0.265290046303138,0.11013986013986,0.0104719755119658,-0.00349065850398866,334
-0.862772620380845,-0.366225249466838,-0.348572047321815,-0.849721713177634,-0.410771525746218,-0.330514392713223,3.54301838154849,3.59188760060433,-0.356047167406843,-0.336848545634906,0.110839160839161,0.0488692190558413,0.0191986217719376,36
-0.767376077155035,0.541324274836693,0.343659694585616,-0.765482804156854,0.552083610288848,0.330514392713223,2.52723675688779,2.51676478137582,0.35081117965086,0.336848545634906,0.110839160839161,-0.0104719755119662,-0.0139626340159547,80
-0.63934228108252,0.657450095179436,0.398749068925246,-0.609143508079877,0.678901534016724,0.409923033841573,2.34223185617639,2.30208928338052,0.410152374218667,0.422369678982628,0.111188811188811,-0.0401425727958693,0.0122173047639603,53
0.0742417070687868,0.964857091784279,-0.252069358243114,0.0760952812909839,0.966882223540045,-0.243615011786023,1.49400183970715,1.49225651045515,-0.254818070791172,-0.2460914245312,0.111538461538462,-0.00174532925199422,0.0087266462599716,18
0.191212392689711,0.884392342660327,0.425779291565073,0.212762945109248,0.879456607265409,0.425779291565073,1.35786615805159,1.33343154852367,0.439822971502571,0.439822971502571,0.111888111888112,-0.0244346095279204,0,26
-0.338043713299741,0.91385090197915,0.224951054343865,-0.364564187064122,0.906881901855674,0.211324796455389,1.92509816494975,1.95302343298165,0.226892802759263,0.212930168743308,0.112237762237762,0.0279252680319093,-0.0139626340159547,26
0.752409369039438,-0.60279357150438,-0.265556117486809,0.76486830930856,-0.586904095982297,-0.265556117486809,5.60774288665778,5.62868683768171,-0.268780704807127,-0.268780704807127,0.112587412587413,0.0209439510239315,0,46
0.673498101319671,0.591682539357417,0.44307119082418,0.719914230927103,0.515407967182492,0.46484204572462,0.720820981073658,0.621337213709981,0.459021593274509,0.483456202802429,0.113986013986014,-0.0994837673636768,0.0244346095279206,140
0.932528235675053,0.152707354952121,-0.327217898979104,0.927092415795174,0.188619083771801,-0.323917418198149,0.162315620435473,0.200712863979348,-0.333357887130917,-0.329867228626928,0.113986013986014,0.0383972435438751,0.00349065850398872,26
-0.34380763610885,-0.806045722550987,-0.481753674101715,-0.338044832137012,-0.812100549939313,-0.475624209070275,4.309217923174,4.31794456943397,-0.502654824574367,-0.49567350756639,0.113986013986014,0.00872664625997288,0.00698131700797738,39
0.764739211171337,-0.578367722880308,-0.284015344703923,0.760830741741226,-0.585918548240712,-0.278991106039229,5.63566815468969,5.62694150842972,-0.287979326579064,-0.282743338823081,0.114335664335664,-0.00872664625997288,0.00523598775598294,26
-0.921134896385453,-0.00964645469812066,-0.389123950140206,-0.913897501367821,-0.025527468639645,-0.405141586779863,3.15206462910176,3.1695179216217,-0.399680398706701,-0.417133691226645,0.114685314685315,0.0174532925199431,-0.0174532925199433,50
-0.165185895541527,-0.946472505135741,-0.277314653302378,-0.147633855434738,-0.953656688401599,-0.262189178640865,4.53960138443725,4.55880000620919,-0.280998009571087,-0.265290046303138,0.115384615384615,0.0191986217719373,0.015707963267949,90
-0.886994754961396,0.124658983238918,-0.444635179184927,-0.88644095414394,0.123003847063434,-0.446197813109809,3.00196631343025,3.00371164268224,-0.460766922526503,-0.462512251778497,0.115384615384615,0.00174532925199422,-0.00174532925199433,11
-0.925851282424221,-0.258502322836059,0.275637355816999,-0.92991928192215,-0.252653477040093,0.267238376078257,3.41386401690091,3.40688269989293,0.279252680319093,0.270526034059121,0.116083916083916,-0.00698131700797777,-0.00872664625997166,18
-0.464729833136594,-0.798485799990273,-0.38268343236509,-0.496982714311377,-0.768218312374522,-0.40354529635239,4.1852995462824,4.13817565647856,-0.392699081698724,-0.41538836197465,0.116783216783217,-0.0471238898038466,-0.0226892802759263,17
-0.749325289106472,0.514997003001527,0.416280792260401,-0.721023679889329,0.577648893041546,0.38268343236509,2.53945406165175,2.46615023306799,0.429350995990605,0.392699081698724,0.117482517482517,-0.0733038285837617,-0.036651914291881,22
-0.260766837074646,0.953203016454815,0.152985836284038,-0.283081528072636,0.943559872472952,0.17192910027941,1.83783170235003,1.86226631187795,0.153588974175501,0.172787595947439,0.117482517482517,0.0244346095279209,0.0191986217719376,159
-0.936194484169276,0.295180987013758,0.190808995376545,-0.929153038631884,0.289398944747249,0.230049737188104,2.83616003449079,2.83965069299477,0.191986217719376,0.232128790515246,0.118531468531469,0.00349065850398844,0.0401425727958696,13
-0.756589393009909,0.588988772692324,0.284015344703923,-0.765743218287075,0.572849116194547,0.292371704722737,2.48011286708394,2.49931148885588,0.287979326579064,0.296705972839036,0.118531468531469,0.0191986217719373,0.00872664625997166,31
0.0987110240115081,0.955206834402689,-0.278991106039229,0.102096304575768,0.955339168911101,-0.277314653302378,1.46782190092723,1.46433124242324,-0.282743338823081,-0.280998009571087,0.118531468531469,-0.00349065850398844,0.00174532925199433,229
0.533576134942173,0.737106520602976,0.414693242656239,0.534861815178549,0.736174132362148,0.414693242656239,0.944223125328932,0.942477796076938,0.427605666738611,0.427605666738611,0.119230769230769,-0.00174532925199422,0,9
0.677983784906092,0.593529936699997,0.433659084587544,0.788541320317364,0.374426947664277,0.487859659138733,0.719075651821664,0.44331363000656,0.448549617762543,0.509636141582344,0.11958041958042,-0.275762021815104,0.0610865238198015,50
0.852639473404772,0.484366634842372,0.195946144242518,0.85864437066435,0.466205855014667,0.213030386274977,0.516617458590322,0.497418836818384,0.197222205475359,0.214675497995303,0.12027972027972,-0.0191986217719378,0.0174532925199433,4
0.75437546487095,0.595769843210406,-0.275637355816999,0.755375034121441,0.57961964972691,-0.305695304963106,0.668461103513828,0.654498469497874,-0.279252680319093,-0.310668606854991,0.120629370629371,-0.0139626340159547,-0.0314159265358979,34
-0.0402129258597447,0.959451344959611,0.278991106039229,-0.10194060862437,0.953882285222414,0.282341456842876,1.61268422884276,1.67726141116655,0.282743338823081,0.28623399732707,0.121328671328671,0.0645771823237897,0.00349065850398861,27
0.90016137101187,-0.0661037189797147,-0.430511096808295,0.897290894874643,-0.116537740021878,-0.425779291565073,6.20988147859582,6.15403094253201,-0.445058959258554,-0.439822971502571,0.121328671328671,-0.0558505360638177,0.005235987755983,99
0.84587971712798,0.45355672484824,0.280666708920788,0.819694296415551,0.498381944066653,0.282341456842876,0.492182849062401,0.546288055874225,0.284488668075076,0.28623399732707,0.122027972027972,0.0541052068118244,0.00174532925199428,12
0.709567669627617,0.629983656687695,-0.315649036947102,0.691923029226226,0.645228663199526,-0.323917418198149,0.726056968829641,0.750491578357562,-0.321140582366957,-0.329867228626928,0.122727272727273,0.0244346095279209,-0.00872664625997166,96
0.663118811780347,-0.67715463557087,-0.31895930929807,0.693290363283867,-0.651042985804468,-0.309016994374947,5.48731516827017,5.52920307031804,-0.324631240870945,-0.314159265358979,0.122727272727273,0.041887902047864,0.010471975511966,42
0.664585066327802,-0.71517870713018,0.216439613938103,0.665633014900339,-0.708827166218161,0.233445363855905,5.46113522949026,5.46637121724624,0.218166156499291,0.235619449019234,0.123426573426573,0.00523598775598355,0.0174532925199433,56
-0.129601304156929,-0.971316595496568,-0.199367934417197,-0.0917331318736763,-0.970435169507857,-0.223250116010951,4.57974395723312,4.618141200777,-0.200712863979348,-0.225147473507269,0.124125874125874,0.0383972435438764,-0.0244346095279206,85
-0.323148575441721,-0.92795630614876,-0.185666615385577,-0.290756391411976,-0.939282137646451,-0.182235525492147,4.37728576400178,4.41219234904167,-0.186750229963393,-0.183259571459405,0.124125874125874,0.034906585039888,0.00349065850398864,10
-0.1846228064571,-0.932413307180783,0.310676429630732,-0.186566083327792,-0.933672039356026,0.305695304963106,4.51691210416132,4.51516677490933,0.315904594610974,0.310668606854991,0.124475524475524,-0.00174532925199422,-0.005235987755983,33
0.251261808672012,-0.924797091384024,0.285688367404974,0.202945843340743,-0.930793684193759,0.30403306092549,4.97767902668783,4.92706447837999,0.289724655831059,0.308923277602996,0.126573426573427,-0.0506145483078351,0.0191986217719376,18
-0.579264633819037,-0.757646689526849,0.300705799504273,-0.608656168074175,-0.727944609527146,0.315649036947102,4.05963584013881,4.01600260883895,0.305432619099008,0.321140582366957,0.127972027972028,-0.0436332312998582,0.0157079632679489,18
-0.94119913866148,-0.27522588893376,0.195946144242518,-0.92041039237576,-0.309752319155656,0.238533457578581,3.42608132166487,3.46622389446074,0.197222205475359,0.240855436775218,0.127972027972028,0.0401425727958689,0.0436332312998583,31
-0.959558247041008,-0.0217754228239617,0.280666708920788,-0.955207069373816,0.011670636547942,0.295708050044047,3.16428193386572,3.12937534882583,0.284488668075076,0.300196631343025,0.128321678321678,-0.0349065850398862,0.0157079632679489,50
-0.892991621771598,0.286708243887707,-0.346935651573256,-0.906772957896101,0.239579749761528,-0.346935651573256,2.8309240467348,2.88328392429463,-0.354301838154849,-0.354301838154849,0.129020979020979,0.0523598775598297,0,74
-0.787328883357983,0.569931062564518,-0.23514211310259,-0.768419553090132,0.591762719729165,-0.243615011786023,2.51501945212383,2.48534885483993,-0.237364778271229,-0.2460914245312,0.129020979020979,-0.0296705972839035,-0.00872664625997166,27
-0.293446535675327,0.936389034058573,0.192521966525907,-0.299558381419946,0.93301511394365,0.199367934417197,1.87448361664191,1.88146493364989,0.193731546971371,0.200712863979348,0.129370629370629,0.00698131700797733,0.0069813170079773,50
-0.815137678831598,0.268003632407401,0.51354125205817,-0.807669792661997,0.292372383368308,0.512042864870571,2.82394272972683,2.79427213244292,0.539306738866248,0.537561409614253,0.12972027972028,-0.029670597283904,-0.00174532925199433,100
0.348779647460335,0.863259920168244,0.36487678433762,0.321899475299711,0.870207355663552,0.372987782575809,1.18682389135614,1.21649448864005,0.373500459926786,0.382227106186758,0.13006993006993,0.0296705972839035,0.00872664625997166,67
-0.0482273518238047,0.890492535817132,-0.452434709311783,0.0537087662822849,0.853676394182459,-0.51802700937313,1.62490153360672,1.5079644737231,-0.469493568786475,-0.544542726622231,0.13041958041958,-0.11693705988362,-0.0750491578357562,35
0.189959078365791,0.950652320767023,-0.245307385878803,0.223504619720793,0.945491077446881,-0.236838146065619,1.37357412131954,1.33866753627965,-0.247836753783195,-0.239110107523223,0.130769230769231,-0.0349065850398866,0.00872664625997166,8
0.899330430487775,0.389175029421073,0.199367934417197,0.807916420777612,0.561516540190384,0.17880221511635,0.408407044966673,0.607374579694027,0.200712863979348,0.179768912955416,0.131118881118881,0.198967534727354,-0.0209439510239319,91
0.297917471976473,0.814097754085015,-0.49848773975383,0.296251280309389,0.818385127168178,-0.492423560103467,1.21998514714404,1.22347580564802,-0.521853446346304,-0.514872129338327,0.131818181818182,0.00349065850398844,0.00698131700797733,302
0.901017377679283,0.198101518463464,-0.385906042324319,0.8972110845286,0.220376179276,-0.38268343236509,0.216420827247297,0.240855436775218,-0.396189740202713,-0.392699081698724,0.132517482517483,0.0244346095279209,0.00349065850398866,41
0.953250445261473,0.111981190886586,0.280666708920788,0.933036148684568,0.211980612049861,0.290702193598252,0.11693705988362,0.223402144255274,0.284488668075076,0.294960643587042,0.133916083916084,0.106465084371654,0.0104719755119659,321
0.655402624146566,-0.690650259382641,-0.305695304963106,0.664981721599251,-0.6814320879313,-0.305695304963106,5.47160720500222,5.48556983901818,-0.310668606854991,-0.310668606854991,0.133916083916084,0.0139626340159547,0,114
0.707223360018336,0.630113028997246,-0.320612990585676,0.704424993922579,0.621034171567472,-0.343659694585616,0.727802298081635,0.722566310325652,-0.32637657012294,-0.35081117965086,0.133916083916084,-0.00523598775598311,-0.0244346095279206,15
0.938432708334036,-0.18922122577527,0.289031796944472,0.960673656441373,-0.0453042195937071,0.273959218692432,6.08421777245223,6.23606141737574,0.293215314335047,0.277507351067098,0.133916083916084,0.151843644923507,-0.015707963267949,9
0.568137326769865,-0.748493286202542,-0.342020143325669,0.552842067037113,-0.755362895145104,-0.351841648404702,5.36165146212658,5.34419816960664,-0.349065850398866,-0.359537825910832,0.134615384615385,-0.0174532925199431,-0.010471975511966,6
-0.201150410112717,-0.892574762304731,-0.40354529635239,-0.34544243379761,-0.846480844197599,-0.405141586779863,4.49073216538141,4.32492588644195,-0.41538836197465,-0.417133691226645,0.134965034965035,-0.165806278939462,-0.00174532925199433,74
-0.30670390629657,-0.890732820892165,0.335451569750255,-0.403510297314815,-0.845976931001542,0.348572047321815,4.38077642250577,4.26733002112614,0.342084533390889,0.356047167406843,0.135314685314685,-0.113446401379631,0.0139626340159546,89
-0.82000175819728,-0.528455071869899,-0.219846204352837,-0.78498146941874,-0.582978688079875,-0.209618562903822,3.71406064824393,3.78038315981972,-0.22165681500328,-0.211184839491314,0.135664335664336,0.0663225115757844,0.0104719755119659,163
0.878030101452505,-0.376324182165392,0.295708050044047,0.853514070466895,-0.425546417749614,0.300705799504273,5.8782689207169,5.82067305540109,0.300196631343025,0.305432619099008,0.136363636363636,-0.0575958653158128,0.005235987755983,52
-0.697671073797943,-0.630394189838697,-0.34037955021305,-0.700518295874984,-0.626335643807614,-0.342020143325669,3.87637626867941,3.87114028092342,-0.347320521146872,-0.349065850398866,0.136363636363636,-0.00523598775598222,-0.00174532925199433,82
-0.0313941137403552,-0.899009792661479,0.436801788367702,-0.0955341753930341,-0.879407029221646,0.466386640339891,4.6774823953448,4.60417856676104,0.452040276266531,0.485201532054424,0.137762237762238,-0.0733038285837617,0.0331612557878923,91
-0.691942139501393,-0.572424320245675,-0.439939169855915,-0.671731293261342,-0.600597092906832,-0.433659084587544,3.83274303737955,3.87114028092342,-0.45553093477052,-0.448549617762543,0.137762237762238,0.0383972435438755,0.00698131700797733,12
-0.836595507274528,-0.452345503344014,-0.309016994374947,-0.827646030068188,-0.460661870768655,-0.320612990585676,3.63726616115618,3.64948346592014,-0.314159265358979,-0.32637657012294,0.137762237762238,0.01221730476396,-0.0122173047639603,11
-0.928151995803512,0.207466551215928,0.309016994374947,-0.922270477702965,0.223120710450445,0.315649036947102,2.92168116783851,2.90422787531856,0.314159265358979,0.321140582366957,0.139160839160839,-0.0174532925199435,0.00698131700797727,138
-0.30586193291456,0.935785760403281,0.175366726091987,-0.305766377542131,0.935493408373735,0.177084740319583,1.88670092140587,1.88670092140587,0.176278254451427,0.178023583703422,0.141258741258741,0,0.00174532925199433,13
-0.716210369625518,-0.598844820616807,-0.3583679495453,-0.69898934800646,-0.614077146768295,-0.366501226724297,3.83797902513553,3.86241363466345,-0.366519142918809,-0.375245789178781,0.142307692307692,0.0244346095279209,-0.00872664625997166,20
0.0729374968355032,0.970037644002249,-0.231747903494157,0.0727197688905348,0.967141955063993,-0.243615011786023,1.49574716895914,1.49574716895914,-0.23387411976724,-0.2460914245312,0.142307692307692,0,-0.0122173047639603,299
-0.924405220773255,0.0161355531485804,0.381070376350274,-0.912730872084655,-0.0638243600472995,0.40354529635239,3.12413936106985,3.21140582366957,0.39095375244673,0.41538836197465,0.143006993006993,0.0872664625997159,0.0244346095279206,56
0.66638654460086,0.724689923039298,0.175366726091987,0.646679660803008,0.743919851380179,0.168489379565003,0.827286065445312,0.855211333477221,0.176278254451427,0.16929693744345,0.143706293706294,0.0279252680319093,-0.00698131700797733,171
-0.147054656023856,0.939071394630678,-0.310676429630732,-0.173608765652375,0.936709076689735,-0.30403306092549,1.72613063022239,1.7540558982543,-0.315904594610974,-0.308923277602996,0.144405594405594,0.0279252680319093,0.00698131700797733,15
0.74183868429229,0.660954157926328,0.113203213767907,0.739958041181426,0.663926378793636,0.107999355706023,0.727802298081635,0.731292956585624,0.113446401379631,0.108210413623648,0.144755244755245,0.00349065850398844,-0.00523598775598298,37
0.919598069125129,-0.297022083262841,0.257132793154696,0.917774985345484,-0.285855075785457,0.275637355816999,5.9707713710726,5.98124334658457,0.260054058547155,0.279252680319093,0.145454545454545,0.0104719755119644,0.0191986217719376,143
-0.0922190611310097,0.975575764095406,-0.199367934417197,-0.0427437152797183,0.978992033435567,-0.199367934417197,1.66504410640259,1.61442955809475,-0.200712863979348,-0.200712863979348,0.145804195804196,-0.050614548307836,0,28
0.851696589861896,0.356272401119445,-0.384295322659804,0.860852698731937,0.34083569487708,-0.377840786818467,0.396189740202713,0.376991118430775,-0.394444410950718,-0.387463093942741,0.146853146853147,-0.0191986217719378,0.00698131700797733,5
0.651322974371391,-0.700906996464701,-0.290702193598252,0.656359831955967,-0.694081061644735,-0.295708050044047,5.46113522949026,5.46986187575023,-0.294960643587042,-0.300196631343025,0.146853146853147,0.00872664625997199,-0.005235987755983,30
0.593049712629345,0.709279498236423,-0.381070376350274,0.613779228275803,0.669822489597121,-0.417867073801077,0.874409955249159,0.829031394697307,-0.39095375244673,-0.431096325242599,0.147902097902098,-0.0453785605518524,-0.0401425727958696,64
0.982754206079499,0.0188698447479174,0.18395135061272,0.984675740253566,0.0292244937202265,0.17192910027941,0.0191986217719376,0.0296705972839036,0.185004900711399,0.172787595947439,0.147902097902098,0.0104719755119658,-0.0122173047639603,85
0.957194728995256,0.168779256513791,0.23514211310259,0.95753455145422,0.161954846753574,0.238533457578581,0.174532925199433,0.167551608191456,0.237364778271229,0.240855436775218,0.148251748251748,-0.00698131700797733,0.00349065850398869,25
0.358789282651397,-0.85352597527603,-0.377840786818467,0.367050453255331,-0.844158249378963,-0.390731128489274,5.1103240498394,5.12254135460336,-0.387463093942741,-0.401425727958696,0.148951048951049,0.0122173047639604,-0.0139626340159546,14
0.0610164961794723,-0.943547753957022,-0.325568154457157,-0.126358773018072,-0.922441538924178,-0.36487678433762,4.77696616270848,4.57625329872913,-0.331612557878923,-0.373500459926786,0.148951048951049,-0.200712863979348,-0.0418879020478639,42
0.0769381393670361,-0.977591750817911,-0.195946144242518,0.102356655590926,-0.973858525607406,-0.202787295356512,4.79092879672443,4.81710873550435,-0.197222205475359,-0.204203522483337,0.15034965034965,0.026179938779916,-0.00698131700797733,13
0.054346639587973,-0.972060863776133,0.228350870110656,0.113254207420198,-0.964087118526726,0.240228042477264,4.76823951644851,4.82932604026831,0.230383461263251,0.242600766027212,0.151048951048951,0.0610865238198013,0.0122173047639603,64
-0.379181237583313,-0.876236140165428,-0.297374874077786,-0.37466102015823,-0.874149653755847,-0.309016994374947,4.30398193541802,4.30747259392201,-0.301941960595019,-0.314159265358979,0.151048951048951,0.00349065850398933,-0.0122173047639603,31
-0.143691613687098,-0.984970208625535,0.095845752520224,-0.11107799497177,-0.990282635194773,0.0836778433323155,4.56752665246916,4.60068790825705,0.0959931088596881,0.0837758040957278,0.151748251748252,0.0331612557878938,-0.0122173047639603,49
-0.736845478598988,-0.609571592961605,-0.292371704722737,-0.753865000055194,-0.563963073649736,-0.337095258423082,3.83274303737955,3.78387381832371,-0.296705972839036,-0.343829862642883,0.151748251748252,-0.0488692190558413,-0.0471238898038469,19
-0.936129758448688,-0.309595317253897,0.166768746716102,-0.918707152669056,-0.361888371458717,0.158158067254484,3.46098790670476,3.51683844276857,0.167551608191456,0.158824961931484,0.152097902097902,0.0558505360638182,-0.00872664625997163,62
-0.926770633066262,-0.107231020835089,0.359996808120051,-0.923927162529979,-0.146335686537947,0.353474843779257,3.25678438422142,3.29867228626928,0.368264472170804,0.361283155162826,0.152447552447552,0.041887902047864,-0.00698131700797738,7
-0.911010336756199,0.276786103059512,0.305695304963106,-0.906837689237852,0.275518355812914,0.31895930929807,2.84663201000275,2.84663201000275,0.310668606854991,0.324631240870945,0.152797202797203,0,0.0139626340159547,24
-0.781012376490991,-0.590675021149435,-0.202787295356512,-0.78266325827431,-0.59192357323597,-0.192521966525907,3.78910980607969,3.78910980607969,-0.204203522483337,-0.193731546971371,0.153846153846154,0,0.010471975511966,71
-0.443030534518656,0.854692543621259,0.270600445975864,-0.443522327549545,0.848379965180746,0.289031796944472,2.04901654184134,2.05250720034533,0.27401669256311,0.293215314335047,0.153846153846154,0.00349065850398844,0.0191986217719377,47
-0.227586234022272,0.906058776197764,0.356737999319625,-0.199527704633578,0.900011314006851,0.387515586452103,1.8168877513261,1.78896248329419,0.364773813666815,0.397935069454707,0.153846153846154,-0.0279252680319093,0.0331612557878923,41
-0.30941064617451,0.935571364689792,-0.170209499166033,-0.3161231381508,0.933945580130037,-0.166768746716102,1.89019157990986,1.89717289691784,-0.171042266695444,-0.167551608191456,0.154195804195804,0.00698131700797733,0.00349065850398869,12
0.110003752949575,0.980705551805332,0.161603821103361,0.0448647148693302,0.98799774055471,0.147809411129611,1.45909525466726,1.52541776624304,0.162315620435473,0.148352986419518,0.154545454545455,0.0663225115757848,-0.0139626340159547,70
-0.914114709928593,-0.0159559316136421,0.405141586779863,-0.912007590177113,-0.0143269600912128,0.409923033841573,3.15904594610974,3.15730061685774,0.417133691226645,0.422369678982628,0.154895104895105,-0.00174532925199378,0.00523598775598305,23
0.560457501111998,0.809403422791795,0.175366726091987,0.57060615527227,0.799960326201658,0.185666615385577,0.965167076352864,0.951204442336909,0.176278254451427,0.186750229963393,0.155944055944056,-0.0139626340159547,0.010471975511966,20
-0.776237198087228,0.57858937587497,0.250380004054441,-0.771422664946223,0.581308673511317,0.258819045102521,2.50105681810787,2.49582083035189,0.253072741539178,0.261799387799149,0.156643356643357,-0.00523598775598355,0.0087266462599716,24
-0.666462450861718,0.625849899139472,0.405141586779863,-0.687156024195762,0.616549838531542,0.384295322659804,2.38761041672824,2.41029969700417,0.417133691226645,0.394444410950718,0.156643356643357,0.0226892802759262,-0.0226892802759263,45
0.729584784193906,0.543815738249626,0.414693242656239,0.753739488824449,0.504584608216138,0.421035813367491,0.640535835481919,0.589921287174083,0.427605666738611,0.434586983746588,0.157692307692308,-0.0506145483078355,0.00698131700797738,21
0.613142291437487,0.61528630597956,-0.495458668432408,0.63940401392613,0.549974215618789,-0.537299608346824,0.787143492649443,0.710349005561692,-0.518362787842316,-0.567232006898157,0.158741258741259,-0.0767944870877506,-0.0488692190558412,29
0.913246086621267,0.0975978517855471,-0.395545502562965,0.914554497038603,0.0575388918665127,-0.400349032556895,0.106465084371654,0.0628318530717959,-0.406661715714679,-0.411897703470662,0.158741258741259,-0.0436332312998582,-0.005235987755983,40
0.970400112044006,-0.107133169762245,0.216439613938103,0.981331975571528,-0.0789560960322914,0.175366726091987,6.17322956430394,6.20290016158785,0.218166156499291,0.176278254451427,0.158741258741259,0.0296705972839035,-0.0418879020478639,63
0.831591980444122,-0.431056339905132,-0.350207381259467,0.868036358912564,-0.33494735469235,-0.366501226724297,5.80496509213314,5.91492083500878,-0.357792496658838,-0.375245789178781,0.159440559440559,0.109955742875642,-0.0174532925199433,73
0.406511832086322,-0.892008803862424,0.197657340379126,0.483714319683518,-0.848041479204547,0.216439613938103,5.1399946471233,5.23075176822701,0.198967534727354,0.218166156499291,0.15979020979021,0.0907571211037048,0.0191986217719376,94
0.243783527807635,-0.949474153078384,0.197657340379126,0.271650570726232,-0.941155479743772,0.201077921145965,4.96371639267187,4.99338698995578,0.198967534727354,0.202458193231342,0.16048951048951,0.0296705972839044,0.00349065850398866,439
-0.426799783947398,-0.85229947412281,-0.302369890750444,-0.483575118031394,-0.817680869226424,-0.312334918512233,4.2481313993542,4.17831822927443,-0.307177948351002,-0.317649923862968,0.161188811188811,-0.0698131700797724,-0.010471975511966,10
-0.199301853490155,-0.817569059667493,-0.540240320477655,-0.221698957260389,-0.804872988206917,-0.550480740084996,4.47327887286147,4.44360827557756,-0.570722665402146,-0.582939970166106,0.161888111888112,-0.0296705972839044,-0.0122173047639603,45
0.556670399226419,-0.663413948168939,-0.5,0.559583838837608,-0.65750878634383,-0.504527623815019,5.41052068118242,5.4175019981904,-0.523598775598299,-0.528834763354282,0.162587412587413,0.00698131700797688,-0.005235987755983,8
0.204124084835174,-0.905769997686464,-0.371367835550235,0.279084244466004,-0.896036348737711,-0.345298198998535,4.93404579538797,5.01433094097971,-0.380481776934764,-0.352556508902855,0.162587412587413,0.0802851455917404,0.0279252680319093,36
-0.525485307066415,-0.75326552254801,0.395545502562965,-0.514174113213684,-0.773894254266311,0.369746757273829,4.10326907143867,4.1259583517146,0.406661715714679,0.378736447682769,0.162937062937063,0.0226892802759266,-0.0279252680319093,20
-0.145080087459657,-0.937160350871901,0.317304656405092,-0.171389475703021,-0.933827813471949,0.313992455967405,4.55880000620919,4.53087473817728,0.322885911618951,0.319395253114962,0.163286713286713,-0.0279252680319084,-0.00349065850398866,15
-0.829193242364094,-0.448343113637542,-0.333806859233771,-0.787930207775229,-0.519544246320459,-0.330514392713223,3.63726616115618,3.7245326237559,-0.340339204138894,-0.336848545634906,0.163986013986014,0.0872664625997168,0.00349065850398866,73
-0.869506815375037,0.398091301454682,0.292371704722737,-0.854193708101912,0.440882248584947,0.275637355816999,2.71224165759919,2.66511776779534,0.296705972839036,0.279252680319093,0.163986013986014,-0.0471238898038471,-0.0174532925199433,4
-0.777851793401711,0.586153369297581,0.226651307436855,-0.814158657953006,0.52468945072499,0.248689887164855,2.49582083035189,2.56912465893565,0.228638132011257,0.251327412287183,0.164335664335664,0.0733038285837617,0.0226892802759263,24
-0.159245810728076,0.903127871232422,-0.398749068925246,-0.106033899223234,0.916424213294857,-0.385906042324319,1.74532925199433,1.68598805742652,-0.410152374218667,-0.396189740202713,0.165034965034965,-0.0593411945678071,0.0139626340159547,170
0.163760023843343,0.968207399285548,0.189095442989891,0.152168722202675,0.971729138279393,0.18051914525056,1.40324471860344,1.4154620233674,0.190240888467382,0.18151424220741,0.165384615384615,0.01221730476396,-0.00872664625997163,508
0.431540691656462,0.873156238185256,-0.226651307436855,0.436190223963485,0.85977789979972,-0.265556117486809,1.11177473352039,1.10130275800842,-0.228638132011257,-0.268780704807127,0.166083916083916,-0.0104719755119662,-0.0401425727958696,13
0.689061564288597,0.500632530869566,-0.523985905970079,0.749996953828895,0.431267376184607,-0.501510737159457,0.628318530717959,0.521853446346304,-0.551524043630208,-0.525344104850293,0.166083916083916,-0.106465084371654,0.0261799387799151,159
0.78430395860475,0.429393874868647,0.44775908783877,0.790884277551484,0.357097943962786,0.496973961027555,0.500909495322373,0.424115008234622,0.464257581030492,0.52010811709431,0.166783216783217,-0.0767944870877506,0.0558505360638186,43
0.510313238133537,-0.842627309943594,-0.17192910027941,0.531840180442116,-0.831615312683422,-0.159881187691835,5.25693170700692,5.28136631653484,-0.172787595947439,-0.160570291183478,0.167482517482517,0.0244346095279209,0.0122173047639603,82
0.889318669859201,0.384842553720157,0.246999012722743,0.874185899392271,0.407639579537731,0.263873049965373,0.408407044966673,0.436332312998582,0.249582083035189,0.267035375555132,0.168531468531469,0.0279252680319093,0.0174532925199433,96
0.865141876347535,-0.420090323958191,-0.273959218692432,0.911083125252608,-0.320843015775879,-0.258819045102521,5.83114503091306,5.94459143229269,-0.277507351067098,-0.261799387799149,0.168531468531469,0.113446401379631,0.015707963267949,216
0.694089215270463,-0.654076588321069,0.300705799504273,0.676661720007494,-0.674303837906657,0.295708050044047,5.52745774106604,5.49953247303413,0.305432619099008,0.300196631343025,0.168531468531469,-0.0279252680319093,-0.005235987755983,105
-0.65896834736667,-0.627527076439012,-0.414693242656239,-0.630577741290452,-0.66681726518843,-0.397147890634781,3.90255620745932,3.95491608501915,-0.427605666738611,-0.408407044966673,0.17027972027972,0.0523598775598302,0.0191986217719375,10
-0.454016924167414,-0.846737985231171,-0.277314653302378,-0.392507569474444,-0.881586435075366,-0.262189178640865,4.22020613132229,4.29350995990605,-0.280998009571087,-0.265290046303138,0.170629370629371,0.0733038285837617,0.015707963267949,9
0.148959900028441,-0.919706198600066,-0.363251230472978,0.233092552208388,-0.907835552250989,-0.348572047321815,4.87295927156817,4.96371639267187,-0.371755130674792,-0.356047167406843,0.170979020979021,0.0907571211037048,0.0157079632679489,38
-0.914441428244864,0.0993401290752969,-0.392337116603562,-0.905141039608422,0.0935372274115473,-0.414693242656239,3.03338223996614,3.03861822772213,-0.40317105721069,-0.427605666738611,0.172027972027972,0.00523598775598266,-0.0244346095279205,9
-0.966522734469932,0.110121355689202,0.231747903494157,-0.974285232640574,0.0493551607246171,0.219846204352837,3.02814625221016,3.09097810528196,0.23387411976724,0.22165681500328,0.172027972027972,0.0628318530717955,-0.0122173047639604,213
-0.919597530390456,0.304127805571452,0.248689887164855,-0.916861489820225,0.306777563125545,0.255445757935791,2.82219740047483,2.81870674197084,0.251327412287183,0.258308729295161,0.172027972027972,-0.00349065850398844,0.00698131700797733,71
-0.889840957994906,0.37222853595161,-0.263873049965373,-0.898307884782352,0.344828089356683,-0.272280247040574,2.74540291338708,2.77507351067098,-0.267035375555132,-0.275762021815104,0.173076923076923,0.0296705972839031,-0.00872664625997166,125
-0.877066247224415,0.44303804115555,0.185666615385577,-0.879551967031759,0.436613388171984,0.189095442989891,2.67384441405531,2.68082573106329,0.186750229963393,0.190240888467382,0.173076923076923,0.00698131700797733,0.00349065850398866,132
-0.794950451294077,0.577565310522202,0.185666615385577,-0.804252951716323,0.561054630327628,0.195946144242518,2.51327412287183,2.53247274464377,0.186750229963393,0.197222205475359,0.173076923076923,0.0191986217719378,0.010471975511966,20
-0.749177985377657,-0.538338994243456,-0.385906042324319,-0.731690477429377,-0.543401304655221,-0.411514358605109,3.76467519655177,3.78038315981972,-0.396189740202713,-0.424115008234622,0.174475524475524,0.0157079632679493,-0.0279252680319093,28
-0.844855627247943,-0.419389975527815,-0.332161131883703,-0.863266338840618,-0.377151789836407,-0.335451569750255,3.6023595761163,3.55349035706046,-0.3385938748869,-0.342084533390889,0.174475524475524,-0.0488692190558413,-0.00349065850398872,10
-0.840066380457221,0.526972647039421,0.128795596577563,-0.857269372928478,0.498942689574463,0.12706460860135,2.58134196369961,2.61450321948751,0.12915436464758,0.127409035395586,0.174475524475524,0.0331612557878929,-0.00174532925199436,23
-0.853174807496384,0.312217642817368,0.417867073801077,-0.884308986056661,0.272048966502244,0.379456159529005,2.79078147393893,2.84314135149876,0.431096325242599,0.389208423194735,0.175174825174825,0.0523598775598297,-0.0418879020478639,28
-0.954570713707726,-0.280945439262471,0.099319749743639,-0.955995803789498,-0.274127385541421,0.104528463267653,3.42782665091686,3.42084533390889,0.0994837673636768,0.10471975511966,0.175874125874126,-0.00698131700797777,0.00523598775598298,95
-0.120335472297911,0.980053773968125,0.158158067254484,-0.0718681055653627,0.978657380193622,0.192521966525907,1.6929693744345,1.64410015537866,0.158824961931484,0.193731546971371,0.176223776223776,-0.0488692190558413,0.0349065850398866,119
-0.0258701976982461,0.926167391293979,-0.376224263139366,-0.00324327792575597,0.929126910940472,-0.369746757273829,1.59872159482681,1.57428698529889,-0.385717764690747,-0.378736447682769,0.176573426573427,-0.02443460952792,0.00698131700797738,171
0.84450411331261,0.487574677152782,0.221548497619467,0.839725111779906,0.492663796889858,0.228350870110656,0.523598775598299,0.530580092606276,0.223402144255274,0.230383461263251,0.177622377622378,0.00698131700797733,0.0069813170079773,12
0.807146075979799,0.311451749945622,-0.501510737159457,0.840339004124268,0.186298672025034,-0.509041415750371,0.368264472170804,0.218166156499291,-0.525344104850293,-0.534070751110265,0.177622377622378,-0.150098315671512,-0.00872664625997177,142
0.96881546121046,0.198869253785196,-0.147809411129611,0.960877491712983,0.234236683508124,-0.147809411129611,0.202458193231342,0.239110107523223,-0.148352986419518,-0.148352986419518,0.178321678321678,0.0366519142918809,0,65
0.963347923482478,-0.104653074660942,-0.246999012722743,0.969473541395409,-0.0694927275324074,-0.23514211310259,6.17497489355594,6.21162680784782,-0.249582083035189,-0.237364778271229,0.178671328671329,0.0366519142918795,0.0122173047639603,22
0.881303891551278,0.385032202848028,0.273959218692432,0.88125490220257,0.38867972345389,0.268919820615266,0.411897703470662,0.41538836197465,0.277507351067098,0.272271363311115,0.179370629370629,0.00349065850398844,-0.005235987755983,21
0.960919875933777,0.16597968320843,0.221548497619467,0.950737579655915,0.191702323049326,0.243615011786023,0.171042266695444,0.198967534727354,0.223402144255274,0.2460914245312,0.179370629370629,0.0279252680319093,0.0226892802759263,38
0.889410609339509,0.192297380350272,0.414693242656239,0.856715695240726,0.281673788646422,0.432085748801982,0.212930168743308,0.317649923862968,0.427605666738611,0.446804288510548,0.18006993006993,0.10471975511966,0.0191986217719377,12
0.678290108933749,-0.712274782875717,0.18051914525056,0.686361260727524,-0.705800772989306,0.175366726091987,5.47335253425422,5.48382450976618,0.18151424220741,0.176278254451427,0.18006993006993,0.0104719755119653,-0.005235987755983,134
0.558958356195894,-0.81940230734345,-0.12706460860135,0.539464921270217,-0.833885806225059,-0.116670737099333,5.31103691381874,5.28660230429082,-0.127409035395586,-0.11693705988362,0.18041958041958,-0.0244346095279209,0.010471975511966,65
0.348086344549071,-0.857233293645297,-0.379456159529005,0.335292462794772,-0.864435575715358,-0.374606593415912,5.09810674507544,5.08239878180749,-0.389208423194735,-0.383972435438752,0.181818181818182,-0.0157079632679489,0.005235987755983,6
0.195318723721935,-0.92685376755524,-0.320612990585676,0.192307989161867,-0.928620155030121,-0.317304656405092,4.92008316137201,4.91659250286803,-0.32637657012294,-0.322885911618951,0.181818181818182,-0.00349065850398844,0.00349065850398866,53
-0.0796900203749234,-0.929543865988055,0.359996808120051,-0.270100876688536,-0.889006665834161,0.369746757273829,4.62686784703697,4.41742833679765,0.368264472170804,0.378736447682769,0.181818181818182,-0.209439510239321,0.0104719755119659,31
-0.017441033407717,-0.908340750482217,-0.417867073801077,-0.00949065948872065,-0.906258093605645,-0.422618261740699,4.69319035861275,4.70191700487272,-0.431096325242599,-0.436332312998582,0.182167832167832,0.00872664625997199,-0.005235987755983,62
0.697622497490793,-0.662019031061903,-0.273959218692432,0.707148047160581,-0.652537436832938,-0.272280247040574,5.52396708256205,5.53792971657801,-0.277507351067098,-0.275762021815104,0.182867132867133,0.0139626340159547,0.00174532925199428,15
-0.3312269272612,-0.845191500897086,-0.419452082446177,-0.39454114584263,-0.834658246960384,-0.384295322659804,4.3388885204579,4.27082067963012,-0.432841654494594,-0.394444410950718,0.184965034965035,-0.0680678408277791,0.0383972435438752,13
-0.786124833072352,-0.562810102591963,-0.255445757935791,-0.750617781752949,-0.618761549340572,-0.231747903494157,3.76292986729977,3.83099770812755,-0.258308729295161,-0.23387411976724,0.184965034965035,0.0680678408277791,0.0244346095279206,35
-0.971051933558874,0.0849560358813302,0.223250116010951,-0.972575087913243,0.110810934260422,0.20449605184179,3.05432619099008,3.02814625221016,0.225147473507269,0.205948851735331,0.184965034965035,-0.0261799387799151,-0.0191986217719376,50
0.395538113491413,-0.892582485988818,0.216439613938103,0.391009801756223,-0.89498607486207,0.214735327167063,5.12952267161133,5.12428668385535,0.218166156499291,0.216420827247297,0.185664335664336,-0.00523598775598266,-0.00174532925199433,13
-0.822002149839551,-0.426085443867258,0.377840786818467,-0.76184363775967,-0.537421568154884,0.361624570082092,3.61981286863624,3.7559485502918,0.387463093942741,0.370009801422798,0.185664335664336,0.136135681655558,-0.0174532925199433,84
-0.788015578769251,0.591658832445363,0.170209499166033,-0.832907370022091,0.53471702818679,0.142628933705512,2.49756615960389,2.57086998818765,0.171042266695444,0.143116998663535,0.186363636363636,0.0733038285837622,-0.0279252680319093,16
-0.919926299279667,0.298902173718611,-0.253757944584806,-0.923975310082865,0.25797854194703,-0.282341456842876,2.82743338823081,2.86932129027868,-0.256563400043166,-0.28623399732707,0.186363636363636,0.041887902047864,-0.0296705972839036,22
-0.419096424709173,0.808518965056064,-0.413104429824542,-0.411698063074009,0.811501213404122,-0.414693242656239,2.04901654184134,2.04028989558137,-0.425860337486616,-0.427605666738611,0.187412587412587,-0.00872664625997155,-0.00174532925199433,25
-0.437424458779091,0.862210709521999,-0.255445757935791,-0.423732940073254,0.864946544924673,-0.268919820615266,2.04028989558137,2.02632726156542,-0.258308729295161,-0.272271363311115,0.187412587412587,-0.0139626340159547,-0.0139626340159546,5
-0.10228204050628,0.973148610498306,0.20620418539663,-0.0206430159301403,0.98548728802918,0.168489379565003,1.67551608191456,1.59174027781883,0.207694180987325,0.16929693744345,0.187412587412587,-0.0837758040957279,-0.0383972435438752,46
0.0886138103311605,0.92028960707315,-0.381070376350274,0.172228788151842,0.902854925444605,-0.393941909590951,1.47480321793521,1.38230076757951,-0.39095375244673,-0.404916386462684,0.187762237762238,-0.0925024503556995,-0.0139626340159547,14
0.718188337182864,0.606916200254429,-0.34037955021305,0.707733975978773,0.621759490154647,-0.335451569750255,0.701622359301721,0.720820981073658,-0.347320521146872,-0.342084533390889,0.189160839160839,0.0191986217719373,0.00523598775598294,120
0.960103171616812,0.18314947516831,-0.211324796455389,0.960151957885241,0.16584704072947,-0.224951054343865,0.188495559215388,0.171042266695444,-0.212930168743308,-0.226892802759263,0.18951048951049,-0.0174532925199431,-0.0139626340159547,30
0.906248245154722,-0.17615681404869,0.384295322659804,0.892396992320932,-0.214245562523237,0.397147890634781,6.09119908946021,6.04756585816035,0.394444410950718,0.408407044966673,0.190909090909091,-0.0436332312998582,0.0139626340159547,42
0.552980147517541,-0.804591107314643,0.216439613938103,0.661310708008686,-0.726770978647548,0.185666615385577,5.31452757232273,5.45066325397829,0.218166156499291,0.186750229963393,0.190909090909091,0.136135681655558,-0.0314159265358979,56
0.933045572025024,-0.229177973610636,-0.277314653302378,0.952139519303426,-0.138902134080668,-0.272280247040574,6.04232987040437,6.13832297926406,-0.280998009571087,-0.275762021815104,0.191958041958042,0.0959931088596875,0.00523598775598294,77
0.323773115623909,-0.88955932420316,-0.322265695230511,0.355280981809513,-0.861976272456157,-0.361624570082092,5.06145483078356,5.10334273283142,-0.328121899374934,-0.370009801422798,0.191958041958042,0.0418879020478631,-0.0418879020478639,9
0.0104002686325587,-0.993116193361617,-0.116670737099333,0.069206423113404,-0.989697959765586,-0.125333233564304,4.72286095589666,4.78220215046446,-0.11693705988362,-0.125663706143592,0.193006993006993,0.0593411945678071,-0.00872664625997165,32
-0.0646928218143985,-0.902511403628805,-0.425779291565073,0.124078498884945,-0.905795131790823,-0.405141586779863,4.64083048105292,4.84852466204025,-0.439822971502571,-0.417133691226645,0.194055944055944,0.207694180987327,0.0226892802759263,40
-0.373758020562208,-0.855498307890855,-0.3583679495453,-0.366032299778533,-0.858150717334789,-0.359996808120051,4.30049127691403,4.309217923174,-0.366519142918809,-0.368264472170804,0.194055944055944,0.0087266462599711,-0.00174532925199433,16
0.283383699808274,-0.915464819319921,0.285688367404974,0.299933250063719,-0.912252162648696,0.278991106039229,5.01258561172771,5.03003890424766,0.289724655831059,0.282743338823081,0.195804195804196,0.017453292519944,-0.00698131700797733,81
0.076054537063149,-0.945268989449964,-0.317304656405092,0.0788293359443756,-0.938753524705318,-0.335451569750255,4.79267412597643,4.79616478448042,-0.322885911618951,-0.342084533390889,0.195804195804196,0.00349065850398844,-0.0191986217719377,5
-0.043275435467481,-0.991170427953445,-0.125333233564304,0.0190332056186924,-0.991262150103801,-0.130526192220052,4.66875574908483,4.73158760215663,-0.125663706143592,-0.130899693899575,0.196853146853147,0.0628318530717964,-0.00523598775598297,11
-0.993539583807117,0.0607674841688653,0.095845752520224,-0.994212540755244,0.0364561188920944,0.101056297182946,3.08050612976999,3.10494073929791,0.0959931088596881,0.101229096615671,0.197552447552448,0.0244346095279209,0.005235987755983,19
-0.949562454371814,0.193190664788357,-0.246999012722743,-0.935843920653822,0.210901536085266,-0.282341456842876,2.94087978961045,2.91993583858651,-0.249582083035189,-0.28623399732707,0.197552447552448,-0.020943951023932,-0.0366519142918809,59
-0.834072564849858,0.493269139799734,0.246999012722743,-0.923625142157582,0.325259757142467,0.202787295356512,2.60752190247953,2.80299877870289,0.249582083035189,0.204203522483337,0.197902097902098,0.195476876223364,-0.0453785605518525,156
-0.0377691910002601,0.983159832418245,0.17880221511635,-0.0309616941900252,0.985217083929569,0.168489379565003,1.60919357033877,1.60221225333079,0.179768912955416,0.16929693744345,0.198601398601399,-0.00698131700797733,-0.010471975511966,63
-0.490732762435545,0.846558438501024,-0.20620418539663,-0.564434233424403,0.794236123132278,-0.224951054343865,2.09614043164519,2.18864288200089,-0.207694180987325,-0.226892802759263,0.198951048951049,0.0925024503556995,-0.0191986217719376,20
0.2133250699438,0.89544491721321,-0.390731128489274,0.197418925809504,0.89049922743276,-0.409923033841573,1.33692220702766,1.35263017029561,-0.401425727958696,-0.422369678982628,0.20034965034965,0.0157079632679489,-0.020943951023932,64
0.618205207236565,0.703688220632534,-0.350207381259467,0.650102857802754,0.659243971601632,-0.377840786818467,0.849975345721238,0.792379480405426,-0.357792496658838,-0.387463093942741,0.20034965034965,-0.0575958653158128,-0.0296705972839036,89
0.734006735007654,0.642574322078819,0.219846204352837,0.703738940571697,0.684356216313127,0.190808995376545,0.719075651821664,0.771435529381494,0.22165681500328,0.191986217719376,0.200699300699301,0.0523598775598302,-0.0296705972839036,192
-0.0294215844716644,0.936209998065905,-0.350207381259467,-0.0932706061037365,0.934450966265412,-0.343659694585616,1.60221225333079,1.67028009415857,-0.357792496658838,-0.35081117965086,0.201398601398601,0.0680678408277791,0.00698131700797727,58
0.731218535446214,0.500675780582714,-0.463296035119862,0.713655625803006,0.518501162496164,-0.47101188121941,0.600393262686049,0.628318530717959,-0.481710873550435,-0.490437519810407,0.201398601398601,0.0279252680319093,-0.0087266462599716,61
0.844742326134451,0.415664755765548,-0.337095258423082,0.79992854164745,0.482547746963153,-0.356737999319625,0.457276264022514,0.542797397370236,-0.343829862642883,-0.364773813666815,0.202447552447552,0.0855211333477222,-0.020943951023932,15
0.961458882157575,0.0487054058393013,0.270600445975864,0.965924355100277,-0.00168585774397621,0.258819045102521,0.0506145483078356,6.28143997792759,0.27401669256311,0.261799387799149,0.202447552447552,-0.0523598775598302,-0.0122173047639603,38
0.939714628170731,0.227340894593459,-0.255445757935791,0.914805260125875,0.32215378637931,-0.243615011786023,0.237364778271229,0.3385938748869,-0.258308729295161,-0.2460914245312,0.203496503496504,0.101229096615671,0.0122173047639603,75
-0.127530038456488,-0.968686814101865,-0.213030386274977,-0.31325350355819,-0.925467609931354,-0.213030386274977,4.58148928648512,4.38601241026175,-0.214675497995303,-0.214675497995303,0.205244755244755,-0.195476876223365,0,13
-0.380049089249056,-0.865775990983998,0.325568154457157,-0.355080817559633,-0.874458603485947,0.330514392713223,4.29874594766203,4.32667121569394,0.331612557878923,0.336848545634906,0.205944055944056,0.0279252680319093,0.005235987755983,40
0.682450426521623,-0.711652724620089,0.166768746716102,0.671830638847013,-0.730610331055079,0.121869343405147,5.47684319275821,5.45589924173427,0.167551608191456,0.122173047639603,0.206643356643357,-0.0209439510239315,-0.0453785605518525,23
0.266611323633993,-0.935946323530262,0.230049737188104,0.377400429718043,-0.893431945746923,0.243615011786023,4.98989633145179,5.11206937909139,0.232128790515246,0.2460914245312,0.207342657342657,0.122173047639603,0.0139626340159546,58
-0.383215288048128,-0.85668850626967,0.345298198998535,-0.388860045501102,-0.861229534793473,0.327217898979104,4.29176463065406,4.28827397215007,0.352556508902855,0.333357887130917,0.208391608391608,-0.00349065850398844,-0.0191986217719376,65
-0.97881910348348,0.153278981124701,0.135715572434304,-0.979608249274681,0.148151818591011,0.135715572434304,2.9862583501623,2.99149433791828,0.136135681655558,0.136135681655558,0.208391608391608,0.00523598775598355,0,33
-0.911834540590772,0.20883798840452,-0.353474843779257,-0.920903604245282,0.0740941447168542,-0.38268343236509,2.91644518008252,3.06130750799805,-0.361283155162826,-0.392699081698724,0.209090909090909,0.144862327915529,-0.031415926535898,37
-0.781839537895484,0.469776588720103,-0.409923033841573,-0.850927271388173,0.368229112071825,-0.374606593415912,2.60054058547155,2.73318560862312,-0.422369678982628,-0.383972435438752,0.21013986013986,0.132645023151569,0.0383972435438753,9
-0.710329198758883,0.543087680442446,-0.44775908783877,-0.699645270037434,0.560521557101856,-0.44307119082418,2.48883951334391,2.46615023306799,-0.464257581030492,-0.459021593274509,0.21013986013986,-0.0226892802759258,0.00523598775598305,41
-0.582585178603376,0.775930606498504,0.241921895599668,-0.587763170029413,0.768762313457079,0.252069358243114,2.2148228207808,2.22354946704078,0.244346095279206,0.254818070791172,0.21013986013986,0.00872664625997155,0.0104719755119659,6
-0.822062976757035,-0.5565784780246,-0.120136838834647,-0.804844531246484,-0.580472183201053,-0.123601476740493,3.73674992851986,3.76642052580376,-0.120427718387609,-0.123918376891597,0.21048951048951,0.0296705972839044,-0.00349065850398864,158
-0.157304708417041,0.971228601606911,-0.17880221511635,-0.183066546986473,0.968852323366771,-0.166768746716102,1.73136661797837,1.75754655675829,-0.179768912955416,-0.167551608191456,0.210839160839161,0.0261799387799151,0.0122173047639603,38
0.25873629683169,0.884809131371567,-0.387515586452103,0.243962781722669,0.891777735426489,-0.381070376350274,1.28630765871982,1.30376095123976,-0.397935069454707,-0.39095375244673,0.211188811188811,0.0174532925199435,0.00698131700797733,15
-0.604105854812054,0.751356150335598,0.265556117486809,-0.613672305624864,0.747096892017142,0.255445757935791,2.2479840765687,2.25845605208066,0.268780704807127,0.258308729295161,0.212587412587413,0.0104719755119658,-0.0104719755119659,99
0.887816562041595,0.380518664531533,0.258819045102521,0.893459171114353,0.368257296242881,0.257132793154696,0.404916386462684,0.39095375244673,0.261799387799149,0.260054058547155,0.212587412587413,-0.0139626340159547,-0.00174532925199428,42
0.941921945812853,0.213999415626186,0.258819045102521,0.935085704030772,0.255810501251578,0.245307385878803,0.223402144255274,0.267035375555132,0.261799387799149,0.247836753783195,0.212587412587413,0.0436332312998582,-0.0139626340159546,55
0.863927234231756,0.201042165050498,-0.461748613235034,0.80493442839993,0.366829753003961,-0.466386640339891,0.228638132011257,0.427605666738611,-0.479965544298441,-0.485201532054424,0.212937062937063,0.198967534727354,-0.00523598775598294,196
0.832564718037987,0.422384188881432,-0.3583679495453,0.778183304742642,0.511170887738395,-0.36487678433762,0.469493568786475,0.581194640914112,-0.366519142918809,-0.373500459926786,0.213286713286713,0.111701072127637,-0.00698131700797727,35
-0.0667199500206491,0.978683536734627,0.194234351219972,-0.0866159417967925,0.970512597433046,0.224951054343865,1.63886416762268,1.65980811864661,0.195476876223365,0.226892802759263,0.214685314685315,0.0209439510239315,0.0314159265358979,94
0.396664461089941,0.903626864537027,0.161603821103361,0.330140279081218,0.932287388153295,0.147809411129611,1.15715329407224,1.230457122656,0.162315620435473,0.148352986419518,0.214685314685315,0.0733038285837617,-0.0139626340159547,33
0.60328492417235,0.783381440504901,0.14953534344371,0.586535778425961,0.798471705212577,0.135715572434304,0.914552528045029,0.937241808320955,0.150098315671512,0.136135681655558,0.214685314685315,0.0226892802759262,-0.0139626340159546,29
0.620625301489167,0.638203002692003,-0.455544907233516,0.611106881993415,0.646227408780323,-0.457097927058694,0.799360797413403,0.813323431429358,-0.472984227290463,-0.474729556542458,0.214685314685315,0.0139626340159547,-0.00174532925199433,76
0.077972226274574,0.948394559993071,-0.307356617799807,0.0627753196051967,0.945127805916308,-0.320612990585676,1.48876585195116,1.50447381521911,-0.312413936106985,-0.32637657012294,0.215034965034965,0.0157079632679489,-0.0139626340159547,6
0.691239299977347,-0.70587033266592,0.154710386299468,0.702138542971551,-0.697253722619216,0.144356201000973,5.48731516827017,5.50127780228613,0.155334303427495,0.144862327915529,0.215384615384615,0.0139626340159547,-0.010471975511966,7
0.93895122349151,-0.0163894545704737,-0.343659694585616,0.933494208384606,0.0603663625509025,-0.353474843779257,6.26573201465964,0.0645771823237902,-0.35081117965086,-0.361283155162826,0.216083916083916,0.0820304748437337,-0.0104719755119659,22
0.908625460419562,-0.416001215490493,-0.0366437087065563,0.914159635389074,-0.363788302306165,-0.17880221511635,5.85383431118898,5.90444885949682,-0.0366519142918809,-0.179768912955416,0.216083916083916,0.050614548307836,-0.143116998663535,10
0.28893001653892,-0.945047501154991,0.152985836284038,0.359537433770161,-0.922165831609476,0.142628933705512,5.00909495322373,5.08414411105948,0.153588974175501,0.143116998663535,0.216433566433566,0.0750491578357559,-0.010471975511966,6
0.905210771048346,0.21231526956101,-0.368124552684678,0.902862102947981,0.205125237054712,-0.377840786818467,0.230383461263251,0.223402144255274,-0.376991118430775,-0.387463093942741,0.217482517482517,-0.00698131700797733,-0.0104719755119659,14
0.362170128162127,-0.865795560184618,0.345298198998535,0.421952888957138,-0.838959935764543,0.343659694585616,5.1085787205874,5.17839189066718,0.352556508902855,0.35081117965086,0.217832167832168,0.0698131700797724,-0.00174532925199428,61
0.587807044805778,-0.78860364967118,0.18051914525056,0.584759657968565,-0.793148705354888,0.170209499166033,5.35292481586661,5.34768882811063,0.18151424220741,0.171042266695444,0.218881118881119,-0.00523598775598266,-0.010471975511966,8
-0.254503926851447,-0.956496073430112,-0.142628933705512,-0.257775929470641,-0.955360066895259,-0.144356201000973,4.45233492183753,4.44884426333355,-0.143116998663535,-0.144862327915529,0.218881118881119,-0.00349065850398933,-0.00174532925199436,31
-0.898239230680464,-0.247416305094137,-0.363251230472978,-0.903837753246996,-0.215324525521153,-0.369746757273829,3.41037335839692,3.37546677335703,-0.371755130674792,-0.378736447682769,0.218881118881119,-0.0349065850398866,-0.00698131700797733,11
-0.328621014886703,-0.888378038248662,-0.320612990585676,-0.226193085658749,-0.900512420080316,-0.371367835550235,4.35808714222984,4.46629755585349,-0.32637657012294,-0.380481776934764,0.21958041958042,0.108210413623649,-0.0541052068118242,52
-0.972731872482414,0.168019969286701,0.159881187691835,-0.991598351962929,-0.0242341417299863,0.12706460860135,2.97055038689435,3.16602726311771,0.160570291183478,0.127409035395586,0.21993006993007,0.195476876223365,-0.0331612557878923,29
-0.738299424751698,0.54631283603218,-0.395545502562965,-0.628249407151302,0.623878637990266,-0.46484204572462,2.50454747661186,2.35968514869633,-0.406661715714679,-0.483456202802429,0.22027972027972,-0.14486232791553,-0.0767944870877504,55
-0.886363740577571,-0.315619930893521,0.338737920245291,-0.894882563708022,-0.292492707464704,0.337095258423082,3.48367718698068,3.45749724820077,0.345575191894877,0.343829862642883,0.221678321678322,-0.0261799387799146,-0.00174532925199433,68
-0.0192817990268625,0.849673938530982,0.526955795496678,0.0425267358011436,0.839490137913705,0.54170821028274,1.59348560707082,1.52018177848706,0.555014702134197,0.57246799465414,0.222027972027972,-0.0733038285837617,0.0174532925199432,46
0.211274127777965,0.828861424178729,-0.51802700937313,0.278773294455739,0.809616434163882,-0.516533328866642,1.32121424375971,1.23918376891597,-0.544542726622231,-0.542797397370236,0.222377622377622,-0.0820304748437337,0.00174532925199433,13
0.756808209128777,0.578623567148427,-0.30403306092549,0.760431577602825,0.530484416315695,-0.374606593415912,0.652753140245879,0.609119908946021,-0.308923277602996,-0.383972435438752,0.223076923076923,-0.0436332312998582,-0.0750491578357562,84
-0.765644915187506,0.5960383043706,0.241921895599668,-0.774845090526046,0.58813943492487,0.231747903494157,2.48011286708394,2.4923301718479,0.244346095279206,0.23387411976724,0.223776223776224,0.0122173047639609,-0.010471975511966,6
0.918064284049382,0.317908261800627,-0.236838146065619,0.891148727515353,0.393043420355731,-0.226651307436855,0.333357887130917,0.41538836197465,-0.239110107523223,-0.228638132011257,0.223776223776224,0.0820304748437333,0.010471975511966,69
0.401549656806154,0.869033079620051,-0.289031796944472,0.338209532150634,0.89504555582362,-0.290702193598252,1.1379546723003,1.20951317163207,-0.293215314335047,-0.294960643587042,0.224475524475524,0.0715584993317675,-0.00174532925199428,22
0.961632045799647,0.0807504990375544,-0.262189178640865,0.949211244175564,0.148642514088198,-0.277314653302378,0.0837758040957278,0.155334303427495,-0.265290046303138,-0.280998009571087,0.224475524475524,0.0715584993317675,-0.015707963267949,229
0.965327377546144,-0.231754598907341,-0.120136838834647,0.991210854129877,-0.062361701065787,-0.116670737099333,6.04756585816035,6.22035345410779,-0.120427718387609,-0.11693705988362,0.225524475524476,0.172787595947439,0.00349065850398866,14
0.940904047485813,-0.316649196082404,-0.120136838834647,0.953008653228337,-0.239379228011069,-0.185666615385577,5.95855406630864,6.03709388264839,-0.120427718387609,-0.186750229963393,0.226573426573427,0.0785398163397453,-0.0663225115757845,12
0.644838580203545,-0.706188354306836,0.292371704722737,0.589109719854317,-0.74594228600145,0.310676429630732,5.45240858323029,5.38085008389852,0.296705972839036,0.315904594610974,0.227272727272727,-0.0715584993317675,0.0191986217719377,78
0.366804380579842,-0.868347584274825,0.333806859233771,0.358315950437554,-0.869339658280234,0.34037955021305,5.11206937909139,5.10334273283142,0.340339204138894,0.347320521146872,0.228321678321678,-0.00872664625997199,0.00698131700797727,26
0.352149334181606,-0.927039665137194,0.128795596577563,0.365830370713378,-0.923982043665619,0.111468932206325,5.07541746479951,5.08938009881547,0.12915436464758,0.111701072127637,0.228321678321678,0.0139626340159547,-0.0174532925199433,45
0.0572586805242895,-0.963773232913983,0.260504508642648,0.187511768569536,-0.955755471595684,0.226651307436855,4.7717301749525,4.90612052735606,0.263544717051144,0.228638132011257,0.229370629370629,0.134390352403564,-0.0349065850398866,26
0.0550877713009347,-0.985316975626569,0.161603821103361,0.0981239266249739,-0.983074967331976,0.154710386299468,4.76823951644851,4.81187274774837,0.162315620435473,0.155334303427495,0.229370629370629,0.0436332312998573,-0.00698131700797733,47
0.961313984967731,-0.0790343963564739,-0.263873049965373,0.956784096686051,-0.0820253319387662,-0.278991106039229,6.20115483233585,6.19766417383186,-0.267035375555132,-0.282743338823081,0.22972027972028,-0.00349065850398844,-0.0157079632679489,9
0.219670814161741,-0.908010315606023,0.356737999319625,0.261408298290664,-0.905670294485396,0.333806859233771,4.94975375865592,4.99338698995578,0.364773813666815,0.340339204138894,0.231818181818182,0.0436332312998582,-0.0244346095279206,13
-0.0235885993191515,-0.96518442743292,0.260504508642648,-0.018490257897636,-0.962985067611711,0.268919820615266,4.68795437085677,4.69319035861275,0.263544717051144,0.272271363311115,0.231818181818182,0.00523598775598177,0.00872664625997166,18
-0.110390040811089,-0.968880953519205,0.221548497619467,-0.0392401939994115,-0.976995529806061,0.209618562903822,4.59894257900506,4.67224640758882,0.223402144255274,0.211184839491314,0.231818181818182,0.0733038285837617,-0.0122173047639603,64
-0.241919523388588,-0.942214335185737,0.231747903494157,-0.17371513474992,-0.955892642783183,0.236838146065619,4.46106156809751,4.53262006742927,0.23387411976724,0.239110107523223,0.231818181818182,0.0715584993317675,0.00523598775598294,28
-0.255746331655848,-0.891893450975933,-0.372987782575809,-0.274539522061299,-0.881444924999941,-0.384295322659804,4.4331363000656,4.41044701978967,-0.382227106186758,-0.394444410950718,0.231818181818182,-0.0226892802759275,-0.0122173047639603,137
-0.210279915783857,-0.972583129778013,-0.099319749743639,-0.150404373032523,-0.982896979197587,-0.106264071336233,4.49945881164138,4.56054533546118,-0.0994837673636768,-0.106465084371654,0.232867132867133,0.0610865238198013,-0.0069813170079773,8
-0.209116418067873,-0.959094495332893,-0.190808995376545,-0.0564283563236116,-0.978645705246217,-0.197657340379126,4.49771348238939,4.65479311506888,-0.191986217719376,-0.198967534727354,0.232867132867133,0.15707963267949,-0.00698131700797733,31
0.461953043571359,-0.77801759646521,0.425779291565073,0.485150705326686,-0.755699887486763,0.439939169855915,5.24820506074695,5.28311164578684,0.439822971502571,0.45553093477052,0.234265734265734,0.0349065850398862,0.015707963267949,74
0.301808331940156,-0.928870534594544,-0.214735327167063,0.402189757560619,-0.886622399352191,-0.228350870110656,5.02654824574367,5.13824931787131,-0.216420827247297,-0.230383461263251,0.234265734265734,0.111701072127636,-0.0139626340159546,161
-0.363576178234347,-0.873435669530591,0.323917418198149,-0.368546453556518,-0.868241034527078,0.332161131883703,4.31794456943397,4.31096325242599,0.329867228626928,0.3385938748869,0.234265734265734,-0.00698131700797777,0.00872664625997166,22
-0.651019297947987,-0.710462894210786,-0.267238376078257,-0.604279271944433,-0.756967569662161,-0.248689887164855,3.9706240482871,4.03869188911488,-0.270526034059121,-0.251327412287183,0.234265734265734,0.0680678408277791,0.0191986217719376,31
-0.837883139611548,-0.421411316912747,0.346935651573256,-0.879792831714408,-0.362624437619153,0.307356617799807,3.60759556387228,3.53254640603652,0.354301838154849,0.312413936106985,0.234615384615385,-0.0750491578357551,-0.041887902047864,15
-0.896960590450575,-0.287982540322579,0.335451569750255,-0.886171844268853,-0.303404437239349,0.350207381259467,3.45226126044478,3.47145988221672,0.342084533390889,0.357792496658838,0.234965034965035,0.0191986217719373,0.0157079632679489,22
-0.92783484072385,-0.00161937893283798,0.372987782575809,-0.925149491732662,-0.0988699588165264,0.366501226724297,3.14333798284179,3.24805773796145,0.382227106186758,0.375245789178781,0.235314685314685,0.10471975511966,-0.00698131700797727,27
0.020232508033536,-0.891567989235053,-0.452434709311783,0.110456611398689,-0.874354111112878,-0.472550764869054,4.73507826066062,4.83805268652828,-0.469493568786475,-0.492182849062401,0.236013986013986,0.102974425867665,-0.0226892802759263,15
-0.849718193476898,0.476839611215281,0.224951054343865,-0.87096317300326,0.432349873790055,0.233445363855905,2.63021118275545,2.68082573106329,0.226892802759263,0.235619449019234,0.236013986013986,0.0506145483078355,0.00872664625997166,61
-0.339673879272116,0.844965316329358,-0.413104429824542,-0.286869602781953,0.85736286810245,-0.427357863387192,1.95302343298165,1.89368223841385,-0.425860337486616,-0.441568300754565,0.236363636363636,-0.0593411945678075,-0.0157079632679491,77
0.564440786030858,0.803118002754428,0.190808995376545,0.445143741133674,0.877426246244665,0.17880221511635,0.958185759344887,1.10130275800842,0.191986217719376,0.179768912955416,0.237062937062937,0.143116998663535,-0.0122173047639603,3
-0.617716418274697,0.741406272699057,-0.262189178640865,-0.634425031130472,0.724697874948832,-0.268919820615266,2.26543736908864,2.28987197861656,-0.265290046303138,-0.272271363311115,0.237412587412587,0.02443460952792,-0.00698131700797733,26
0.954630617249723,0.120597892522782,-0.272280247040574,0.953520634715342,0.105269658116166,-0.282341456842876,0.125663706143592,0.109955742875643,-0.275762021815104,-0.28623399732707,0.237762237762238,-0.0157079632679489,-0.0104719755119659,111
0.937297668922395,0.238914179974188,-0.253757944584806,0.934254073459926,0.255582992872114,-0.248689887164855,0.249582083035189,0.267035375555132,-0.256563400043166,-0.251327412287183,0.238111888111888,0.0174532925199435,0.00523598775598294,40
0.124051855524763,0.981971549695251,0.142628933705512,0.112073859759772,0.983659642761163,0.140901231937583,1.4451326206513,1.45734992541527,0.143116998663535,0.141371669411541,0.238461538461538,0.0122173047639604,-0.0017453292519943,58
0.0188698447479174,0.982754206079499,-0.18395135061272,0.046127711062312,0.978135750861884,-0.202787295356512,1.55159770502296,1.52367243699105,-0.185004900711399,-0.204203522483337,0.23951048951049,-0.0279252680319093,-0.0191986217719377,26
0.830999048757825,-0.507243985753697,0.228350870110656,0.868235260458039,-0.440480887913502,0.228350870110656,5.73515192205337,5.81369173839311,0.230383461263251,0.230383461263251,0.23951048951049,0.0785398163397453,0,73
0.675068636743053,-0.6317180573279,-0.381070376350274,0.726296708920433,-0.555295763780747,-0.405141586779863,5.53094839957003,5.63043216693371,-0.39095375244673,-0.417133691226645,0.23951048951049,0.0994837673636777,-0.0261799387799149,255
0.94871179052687,0.245353551516011,-0.199367934417197,0.938366365467072,0.270845534256283,-0.214735327167063,0.253072741539178,0.280998009571087,-0.200712863979348,-0.216420827247297,0.23986013986014,0.0279252680319093,-0.015707963267949,101
0.0017059116855771,-0.977414405596935,-0.211324796455389,0.0220879093289061,-0.973328312739943,-0.228350870110656,4.71413430963668,4.73507826066062,-0.212930168743308,-0.230383461263251,0.240559440559441,0.0209439510239324,-0.0174532925199433,19
0.0169660397784535,-0.883602762795761,-0.467929814260573,0.0887966594806547,-0.905618389698625,-0.414693242656239,4.73158760215663,4.81012741849637,-0.486946861306418,-0.427605666738611,0.240559440559441,0.0785398163397453,0.0593411945678073,99
-0.198623919506466,-0.840238308700252,-0.504527623815019,-0.267435831865164,-0.808651251269237,-0.523985905970079,4.48026018986944,4.39299372726973,-0.528834763354282,-0.551524043630208,0.240909090909091,-0.0872664625997173,-0.0226892802759264,30
0.164481613672501,-0.972473694535409,0.165047605860678,0.208049934117781,-0.962269056082219,0.175366726091987,4.87994058857615,4.925319149128,0.165806278939461,0.176278254451427,0.242657342657343,0.0453785605518524,0.010471975511966,57
0.124067199094631,-0.942383937777334,-0.310676429630732,0.0767759939411156,-0.954235855074312,-0.289031796944472,4.84328867428426,4.79267412597643,-0.315904594610974,-0.293215314335047,0.242657342657343,-0.0506145483078351,0.0226892802759263,49
-0.243325928637002,-0.871495546361131,0.425779291565073,-0.24878622117753,-0.867620661163117,0.430511096808295,4.44011761707357,4.4331363000656,0.439822971502571,0.445058959258554,0.242657342657343,-0.00698131700797688,0.005235987755983,8
-0.157321837647967,-0.940118231163842,-0.302369890750444,-0.164763538005238,-0.944052505570256,-0.285688367404974,4.54658270144523,4.53960138443725,-0.307177948351002,-0.289724655831059,0.243706293706294,-0.00698131700797688,0.0174532925199433,45
-0.167996215861578,-0.906426467901767,-0.387515586452103,-0.16422024744974,-0.903645652747667,-0.395545502562965,4.52912940892528,4.53262006742927,-0.397935069454707,-0.406661715714679,0.243706293706294,0.00349065850398844,-0.00872664625997166,12
-0.29531629009889,-0.930954901200205,-0.214735327167063,-0.276957380000902,-0.93499244535215,-0.221548497619467,4.40521103203369,4.42440965380563,-0.216420827247297,-0.223402144255274,0.245104895104895,0.0191986217719373,-0.00698131700797733,10
-0.822422123348681,-0.428125859060127,0.374606593415912,-0.802154428907751,-0.464992658386136,0.374606593415912,3.62155819788823,3.66693675844009,0.383972435438752,0.383972435438752,0.245104895104895,0.0453785605518524,0,8
-0.921223483373486,-0.229686811281749,0.313992455967405,-0.903978629358988,-0.260920024241415,0.338737920245291,3.385938748869,3.42259066316088,0.319395253114962,0.345575191894877,0.245104895104895,0.0366519142918809,0.0261799387799149,18
-0.345008327197998,-0.927699434857038,-0.142628933705512,-0.279454862982957,-0.949506169977429,-0.142628933705512,4.35634181297785,4.42615498305762,-0.143116998663535,-0.143116998663535,0.245454545454545,0.0698131700797733,0,77
-0.331379278117198,-0.85434678331769,0.400349032556895,-0.337517476960641,-0.848143966476712,0.408330460381385,4.34237917896189,4.33365253270192,0.411897703470662,0.420624349730633,0.246153846153846,-0.0087266462599711,0.0087266462599716,29
-0.457509236002154,-0.842627190960176,0.284015344703923,-0.517172359184577,-0.799426751753388,0.305695304963106,4.21497014356631,4.13817565647856,0.287979326579064,0.310668606854991,0.246503496503497,-0.0767944870877502,0.0226892802759263,36
-0.132649493371306,0.98109681211734,-0.140901231937583,-0.161656155316901,0.976485675633896,-0.142628933705512,1.70518667919846,1.73485727648236,-0.141371669411541,-0.143116998663535,0.247552447552448,0.0296705972839035,-0.0017453292519943,131
-0.119771775386657,0.961585258588503,0.246999012722743,-0.148569789956073,0.959702457602363,0.238533457578581,1.69471470368649,1.7243853009704,0.249582083035189,0.240855436775218,0.247552447552448,0.0296705972839035,-0.0087266462599716,16
0.0137625695963398,0.985607386666672,0.168489379565003,-0.0740556142790315,0.984908129797562,0.156434465040231,1.55683369277894,1.64584548463065,0.16929693744345,0.15707963267949,0.247552447552448,0.0890117918517106,-0.0122173047639603,46
0.815325230348613,0.493778510999157,-0.302369890750444,0.794883189081059,0.52412889277337,-0.305695304963106,0.544542726622231,0.582939970166106,-0.307177948351002,-0.310668606854991,0.248951048951049,0.0383972435438755,-0.00349065850398866,21
0.934622785450935,0.269765005406555,-0.231747903494157,0.906243830779114,0.340634661689756,-0.250380004054441,0.280998009571087,0.359537825910832,-0.23387411976724,-0.253072741539178,0.248951048951049,0.0785398163397448,-0.0191986217719376,178
0.502757520562912,0.820425708147275,-0.272280247040574,0.412995311362765,0.865862676491033,-0.282341456842876,1.02101761241668,1.12573736753634,-0.275762021815104,-0.28623399732707,0.25,0.104719755119659,-0.0104719755119659,17
0.984287535572133,-0.0671019923339398,-0.163325962241622,0.985201713845904,-0.03956978839764,-0.166768746716102,6.21511746635181,6.24304273438372,-0.164060949687467,-0.167551608191456,0.25,0.0279252680319084,-0.00349065850398864,91
0.907673371190369,-0.330366089549353,0.258819045102521,0.948224176723806,-0.217172327662902,0.231747903494157,5.93411945678072,6.05803783367232,0.261799387799149,0.23387411976724,0.25034965034965,0.123918376891599,-0.0279252680319092,91
0.763761499464156,0.480966285160595,-0.430511096808295,0.784885567221396,0.453153893518325,-0.422618261740699,0.561996019142174,0.523598775598299,-0.445058959258554,-0.436332312998582,0.250699300699301,-0.0383972435438755,0.0087266462599716,9
0.688999842201897,-0.665359413458218,-0.287360519849712,0.575665800826701,-0.734173810416803,-0.359996808120051,5.51524043630208,5.37735942539453,-0.291469985083053,-0.368264472170804,0.251748251748252,-0.137881010907551,-0.0767944870877505,26
0.0147221856196035,-0.937166359338864,-0.348572047321815,-0.155271011534132,-0.918017344731899,-0.36487678433762,4.72809694365264,4.54483737219323,-0.356047167406843,-0.373500459926786,0.251748251748252,-0.183259571459405,-0.0174532925199433,143
-0.109113302596859,-0.972767008063866,-0.20449605184179,-0.0904185557321992,-0.974682435237459,-0.20449605184179,4.60068790825705,4.61988653002899,-0.205948851735331,-0.205948851735331,0.251748251748252,0.0191986217719364,0,8
0.144193186477231,-0.964819139219985,-0.219846204352837,0.167722776432095,-0.961008177227208,-0.219846204352837,4.86074196680421,4.88517657633213,-0.22165681500328,-0.22165681500328,0.252097902097902,0.02443460952792,0,18
0.1938226803916,-0.935934322323472,0.294040325232304,0.20872241663857,-0.933770414732508,0.290702193598252,4.91659250286803,4.93230046613598,0.29845130209103,0.294960643587042,0.253146853146853,0.0157079632679498,-0.00349065850398866,507
-0.351680821646858,-0.902014663547932,0.250380004054441,-0.299357959121185,-0.926830079975808,0.226651307436855,4.3406338497099,4.3999750442777,0.253072741539178,0.228638132011257,0.253146853146853,0.0593411945678071,-0.0244346095279206,22
-0.406970786220882,-0.79529064916266,0.449318998615897,-0.409296477014171,-0.810269303648703,0.419452082446177,4.23940475309423,4.24464074085021,0.466002910282486,0.432841654494594,0.253146853146853,0.00523598775598266,-0.0331612557878922,8
-0.452031445192996,-0.761307720362326,-0.46484204572462,-0.472348204343714,-0.716353653084701,-0.51354125205817,4.17657290002243,4.12944901021858,-0.483456202802429,-0.539306738866248,0.253496503496503,-0.0471238898038466,-0.0558505360638186,50
-0.286733233290079,-0.932040941230359,-0.221548497619467,-0.312141125809685,-0.916908532842941,-0.248689887164855,4.41393767829366,4.38426708100976,-0.223402144255274,-0.251327412287183,0.254545454545455,-0.0296705972839035,-0.0279252680319093,87
-0.778148958017762,-0.505335841975465,-0.372987782575809,-0.788149276642782,-0.466110182863226,-0.40194777665596,3.71755130674792,3.67566340470006,-0.382227106186758,-0.413643032722656,0.254895104895105,-0.0418879020478644,-0.0314159265358979,49
-0.661810548858676,-0.66877755554988,-0.338737920245291,-0.657068219048353,-0.687582615184604,-0.309016994374947,3.93222680474322,3.94968009726317,-0.345575191894877,-0.314159265358979,0.255244755244755,0.0174532925199431,0.0314159265358979,18
-0.609807854476126,0.731914119609331,-0.30403306092549,-0.601500033835588,0.742790681439305,-0.294040325232304,2.26543736908864,2.25147473507268,-0.308923277602996,-0.29845130209103,0.255944055944056,-0.0139626340159551,0.010471975511966,23
-0.333795022125581,0.927151341258713,-0.170209499166033,-0.198716280503088,0.959564623456512,-0.199367934417197,1.91637151868977,1.77499984927823,-0.171042266695444,-0.200712863979348,0.255944055944056,-0.141371669411541,-0.0296705972839036,140
-0.815374800628351,-0.501621924217161,-0.289031796944472,-0.810719891541965,-0.516485532746462,-0.275637355816999,3.69311669722,3.70882466048795,-0.293215314335047,-0.279252680319093,0.256993006993007,0.0157079632679493,0.0139626340159547,12
-0.964592061624845,-0.0776092345358262,0.252069358243114,-0.967998395728069,-0.0829867365070158,0.236838146065619,3.22187779918153,3.22711378693752,0.254818070791172,0.239110107523223,0.256993006993007,0.00523598775598311,-0.015707963267949,153
0.0843181424798475,0.983528574404931,-0.159881187691835,-0.0633892636569743,0.980239789131798,-0.187381314585725,1.48527519344717,1.63537350911869,-0.160570291183478,-0.188495559215388,0.257692307692308,0.150098315671512,-0.0279252680319093,68
0.317816283082278,0.902488251915187,-0.290702193598252,0.312053672120206,0.896096083682247,-0.315649036947102,1.232202451908,1.23569311041199,-0.294960643587042,-0.321140582366957,0.257692307692308,0.00349065850398844,-0.0261799387799149,168
0.489549893145674,0.831090798663438,-0.263873049965373,0.482278709228899,0.83533122779319,-0.263873049965373,1.03847090493663,1.0471975511966,-0.267035375555132,-0.267035375555132,0.258041958041958,0.00872664625997155,0,21
-0.610658942090001,0.767703506082704,0.194234351219972,-0.620626680431208,0.76096349253916,0.189095442989891,2.24274808881271,2.25496539357667,0.195476876223365,0.190240888467382,0.259090909090909,0.0122173047639604,-0.005235987755983,33
0.867459411321334,0.417480021495291,-0.270600445975864,0.859402492228441,0.460807573238658,-0.221548497619467,0.448549617762543,0.492182849062401,-0.27401669256311,-0.223402144255274,0.259090909090909,0.0436332312998582,0.0506145483078355,231
0.898839292488297,0.394562863891841,-0.190808995376545,0.848343838218832,0.497720373657887,-0.18051914525056,0.413643032722656,0.530580092606276,-0.191986217719376,-0.18151424220741,0.259090909090909,0.11693705988362,0.010471975511966,120
0.83809585267132,0.443748911839545,0.317304656405092,0.828757846742105,0.457498910535298,0.322265695230511,0.486946861306418,0.504400153826361,0.322885911618951,0.328121899374934,0.26013986013986,0.0174532925199431,0.005235987755983,9
0.903866246610365,0.28325451189028,-0.320612990585676,0.890749015907192,0.287704092963988,-0.351841648404702,0.303687289847013,0.312413936106985,-0.32637657012294,-0.359537825910832,0.26013986013986,0.00872664625997155,-0.0331612557878923,77
0.786226467040867,-0.550521698962003,-0.280666708920788,0.737222397399341,-0.599124390632467,-0.312334918512233,5.67232006898157,5.6007615696498,-0.284488668075076,-0.317649923862968,0.26048951048951,-0.0715584993317684,-0.0331612557878923,17
0.799734870063473,-0.559980384587607,0.216439613938103,0.808754790256462,-0.545511994065095,0.219846204352837,5.67232006898157,5.68977336150151,0.218166156499291,0.22165681500328,0.261188811188811,0.0174532925199431,0.00349065850398864,13
0.521135606474883,-0.814877036873754,0.253757944584806,0.54886753187171,-0.786783155770953,0.282341456842876,5.28136631653484,5.32150888933071,0.256563400043166,0.28623399732707,0.261188811188811,0.0401425727958689,0.0296705972839036,48
0.212155213447618,-0.941406925835276,0.262189178640865,0.220257525776526,-0.939072753220311,0.263873049965373,4.93404579538797,4.94277244164794,0.265290046303138,0.267035375555132,0.261538461538462,0.00872664625997199,0.00174532925199439,11
0.699334939393138,-0.636345833134277,0.325568154457157,0.676010471406076,-0.668968115635422,0.309016994374947,5.54491103358598,5.50302313153812,0.331612557878923,0.314159265358979,0.262587412587413,-0.0418879020478631,-0.0174532925199433,17
0.289160253968953,-0.945800573855889,0.147809411129611,0.322147062089482,-0.930305208932474,0.175366726091987,5.00909495322373,5.04574686751561,0.148352986419518,0.176278254451427,0.262587412587413,0.0366519142918813,0.0279252680319093,18
-0.0687620457419402,-0.959280004773797,-0.273959218692432,-0.0598513372412121,-0.951309763745754,-0.302369890750444,4.64083048105292,4.64955712731289,-0.277507351067098,-0.307177948351002,0.262587412587413,0.00872664625997288,-0.0296705972839036,19
0.974293982642849,-0.0408350166951518,0.221548497619467,0.973328312739943,-0.0220879093289065,0.228350870110656,6.24129740513172,6.26049602690366,0.223402144255274,0.230383461263251,0.262937062937063,0.0191986217719364,0.0069813170079773,43
0.560755574433794,-0.815904423679574,0.140901231937583,0.545802117031092,-0.821498226926898,0.165047605860678,5.31452757232273,5.29881960905478,0.141371669411541,0.165806278939461,0.263986013986014,-0.0157079632679489,0.0244346095279206,71
-0.795015770055447,-0.506480903975294,-0.333806859233771,-0.718296364747438,-0.596341131508898,-0.3583679495453,3.70882466048795,3.83448836663154,-0.340339204138894,-0.366519142918809,0.263986013986014,0.125663706143591,-0.0261799387799149,7
0.75642198933475,-0.610355601839214,0.23514211310259,0.798154478068852,-0.55680027618377,0.230049737188104,5.60425222815379,5.67406539823357,0.237364778271229,0.232128790515246,0.264685314685315,0.0698131700797733,-0.00523598775598297,16
-0.830745131456033,-0.408777282121328,-0.377840786818467,-0.838953001242017,-0.403760812806853,-0.36487678433762,3.59886891761231,3.59014227135234,-0.387463093942741,-0.373500459926786,0.264685314685315,-0.00872664625997155,0.0139626340159547,11
0.781703544239603,-0.565858996152639,-0.262189178640865,0.786921712774534,-0.565460613728299,-0.246999012722743,5.65661210571362,5.66010276421761,-0.265290046303138,-0.249582083035189,0.265384615384615,0.00349065850398844,0.015707963267949,6
-0.0409364906994143,-0.937599785354916,0.345298198998535,0.00164724257255975,-0.943799514092541,0.330514392713223,4.66875574908483,4.71413430963668,0.352556508902855,0.336848545634906,0.266083916083916,0.0453785605518524,-0.0157079632679489,23
-0.996230865319279,-0.0801548322387745,0.0331551783885263,-0.972944240156184,-0.224621876790894,0.0540788129847753,3.22187779918153,3.36848545634906,0.0331612557878923,0.0541052068118242,0.266083916083916,0.146607657167524,0.020943951023932,74
-0.285391153185649,-0.888889364556727,-0.3583679495453,-0.220358371867744,-0.903946369403286,-0.366501226724297,4.4017203735297,4.47327887286147,-0.366519142918809,-0.375245789178781,0.266783216783217,0.0715584993317684,-0.00872664625997166,33
-0.992078773868316,0.0641548564570364,0.107999355706023,-0.995017681294143,-0.00868338775412113,0.099319749743639,3.077015471266,3.15031929984976,0.108210413623648,0.0994837673636768,0.266783216783217,0.0733038285837613,-0.00872664625997165,43
-0.898688150275279,-0.402002636725899,0.175366726091987,-0.891623724261551,-0.419566276918927,0.170209499166033,3.56221700332043,3.58141562509236,0.176278254451427,0.171042266695444,0.267132867132867,0.0191986217719373,-0.00523598775598297,7
-0.886787011729377,0.342182629453898,-0.310676429630732,-0.956009118509837,0.141171144397529,-0.257132793154696,2.77332818141899,2.99498499642227,-0.315904594610974,-0.260054058547155,0.268181818181818,0.22165681500328,0.0558505360638185,6
-0.549394564226001,0.770222772311211,-0.323917418198149,-0.581768641366281,0.744629904389108,-0.327217898979104,2.19038821125288,2.23402144255274,-0.329867228626928,-0.333357887130917,0.268181818181818,0.0436332312998582,-0.00349065850398872,123
-0.871841244557251,-0.286646816227231,-0.397147890634781,-0.885555083862441,-0.209336351216502,-0.414693242656239,3.45924257745276,3.37372144410504,-0.408407044966673,-0.427605666738611,0.26958041958042,-0.0855211333477222,-0.0191986217719375,111
-0.476295437252037,0.852230338565353,0.216439613938103,-0.494399082739982,0.846062629899279,0.199367934417197,2.08043246837724,2.09963109014918,0.218166156499291,0.200712863979348,0.26958041958042,0.0191986217719373,-0.0174532925199433,29
-0.0393538240311795,0.979824670586842,0.195946144242518,-0.0273114839260148,0.977766235695966,0.207911690817759,1.61093889959077,1.59872159482681,0.197222205475359,0.20943951023932,0.26958041958042,-0.0122173047639604,0.0122173047639603,3
-0.246946192911729,0.954870077867173,-0.165047605860678,-0.348104766648591,0.921232534070244,-0.17364817766693,1.82386906833407,1.93207948195772,-0.165806278939461,-0.174532925199433,0.27027972027972,0.108210413623648,-0.00872664625997163,7
0.626749471258816,0.739037609320923,-0.246999012722743,0.633598689723098,0.731446333654137,-0.252069358243114,0.867428638241182,0.856956662729216,-0.249582083035189,-0.254818070791172,0.27027972027972,-0.0104719755119662,-0.00523598775598297,43
0.732045966168168,0.645385334238331,-0.218143241396543,0.74828968803656,0.623451463720563,-0.226651307436855,0.722566310325652,0.694641042293743,-0.219911485751285,-0.228638132011257,0.270979020979021,-0.0279252680319093,-0.00872664625997166,38
0.764115185984876,0.629887950763036,-0.139173100960065,0.7031742537872,0.695848918643155,-0.146083028562412,0.68940505453776,0.780162175641465,-0.139626340159546,-0.146607657167524,0.270979020979021,0.0907571211037053,-0.00698131700797733,329
0.774532051581134,0.54032104321083,0.328866646738583,0.772860866810735,0.529188879951143,0.350207381259467,0.609119908946021,0.600393262686049,0.335103216382911,0.357792496658838,0.271678321678322,-0.00872664625997155,0.0226892802759263,14
0.965500683811202,0.0286553913308038,-0.258819045102521,0.963132391196439,0.0893470905420232,-0.253757944584806,0.0296705972839036,0.0925024503556995,-0.261799387799149,-0.256563400043166,0.271678321678322,0.062831853071796,0.005235987755983,23
0.853196406697865,-0.459398932641165,-0.246999012722743,0.850439379099471,-0.461750908079032,-0.252069358243114,5.78925712886519,5.7857664703612,-0.249582083035189,-0.254818070791172,0.272377622377622,-0.00349065850398844,-0.00523598775598297,6
0.777286663554681,-0.56473181752387,0.277314653302378,0.792893514748711,-0.540875283936149,0.280666708920788,5.65486677646163,5.68453737374553,0.280998009571087,0.284488668075076,0.274125874125874,0.0296705972839035,0.00349065850398866,72
0.555804589988455,-0.79377121733013,0.246999012722743,0.537417503682513,-0.808878369318443,0.238533457578581,5.32325421858271,5.29881960905478,0.249582083035189,0.240855436775218,0.274125874125874,-0.0244346095279209,-0.0087266462599716,32
0.54755139494352,-0.821018681212674,0.161603821103361,0.57026209989212,-0.805410046145082,0.161603821103361,5.30056493830678,5.32849020633869,0.162315620435473,0.162315620435473,0.274125874125874,0.0279252680319093,0,16
0.969364216285829,-0.0813997875342619,-0.231747903494157,0.963882677861272,-0.0996075852180607,-0.246999012722743,6.19940950308386,6.18021088131192,-0.23387411976724,-0.249582083035189,0.274825174825175,-0.0191986217719364,-0.0157079632679489,21
0.426033529750467,-0.881292684815594,0.20449605184179,0.393645151000048,-0.901018150950773,0.182235525492147,5.16268392739923,5.12428668385535,0.205948851735331,0.183259571459405,0.274825174825175,-0.0383972435438746,-0.0226892802759263,58
0.0802272842054714,-0.91700205457704,0.390731128489274,0.052628139326996,-0.912737954515135,0.405141586779863,4.79965544298441,4.7699848457005,0.401425727958696,0.417133691226645,0.275174825174825,-0.0296705972839035,0.015707963267949,9
0.59096510349376,-0.764619495655894,-0.257132793154696,0.562810102591963,-0.786124833072352,-0.255445757935791,5.37037810838655,5.33372619409467,-0.260054058547155,-0.258308729295161,0.276573426573427,-0.0366519142918804,0.00174532925199433,11
0.385029540196698,-0.907072753184422,-0.170209499166033,0.384912878693763,-0.906797915906733,-0.17192910027941,5.11381470834339,5.11381470834339,-0.171042266695444,-0.172787595947439,0.276573426573427,0,-0.0017453292519943,60
-0.846521919521467,-0.480891380552196,0.228350870110656,-0.845633796629261,-0.466814935376538,0.258819045102521,3.65821011218011,3.64599280741615,0.230383461263251,0.261799387799149,0.276923076923077,-0.01221730476396,0.0314159265358979,21
-0.796931104501084,-0.492194681797831,-0.350207381259467,-0.811115871380449,-0.47208071022136,-0.345298198998535,3.694862026472,3.66868208769208,-0.357792496658838,-0.352556508902855,0.277622377622378,-0.0261799387799146,0.005235987755983,8
-0.909600048727815,-0.307882630405426,0.278991106039229,-0.918383469101148,-0.251241286824546,0.305695304963106,3.46796922371273,3.40862802914493,0.282743338823081,0.310668606854991,0.277622377622378,-0.0593411945678075,0.0279252680319093,11
-0.625854286343038,-0.650358830024599,0.430511096808295,-0.577702325553207,-0.698322151942559,0.422618261740699,3.94618943875918,4.02123859659494,0.445058959258554,0.436332312998582,0.278321678321678,0.0750491578357564,-0.0087266462599716,58
-0.176877432832564,-0.936097362253969,0.30403306092549,-0.214302204640783,-0.928244829207455,0.30403306092549,4.5256387504213,4.48549617762543,0.308923277602996,0.308923277602996,0.27972027972028,-0.0401425727958697,0,27
-0.631159516758574,-0.771126243192602,-0.0836778433323155,-0.540673782531081,-0.835754421231121,-0.095845752520224,4.02647458435092,4.13817565647856,-0.0837758040957278,-0.0959931088596881,0.27972027972028,0.111701072127638,-0.0122173047639603,14
-0.964897442782232,0.0151578202898175,-0.262189178640865,-0.96852265273354,-0.0422866122465996,-0.245307385878803,3.12588469032184,3.18522588488965,-0.265290046303138,-0.247836753783195,0.27972027972028,0.0593411945678071,0.0174532925199433,124
-0.823393881600568,0.512517552650879,0.243615011786023,-0.839086151794401,0.486401229335782,0.243615011786023,2.5848326222036,2.6162485487395,0.2460914245312,0.2460914245312,0.28041958041958,0.0314159265358982,0,6
-0.637351757388002,0.751539396005342,0.170209499166033,-0.67163727253116,0.720242795548736,0.17364817766693,2.27416401534861,2.32128790515246,0.171042266695444,0.174532925199433,0.28041958041958,0.0471238898038466,0.00349065850398864,11
0.165322847393703,0.918825755444598,-0.3583679495453,0.0839496734095432,0.940637645960096,-0.328866646738583,1.39277274309147,1.48178453494319,-0.366519142918809,-0.335103216382911,0.282167832167832,0.0890117918517106,0.031415926535898,8
0.652438143582886,0.745274087542805,-0.137444546037147,0.719965453834456,0.6784611219893,-0.146083028562412,0.851720674973233,0.755727566113545,-0.137881010907552,-0.146607657167524,0.282517482517483,-0.0959931088596879,-0.00872664625997163,64
0.204815745641182,0.963582323838788,-0.17192910027941,0.127279463943288,0.979997587729063,-0.152985836284038,1.36135681655558,1.44164196214732,-0.172787595947439,-0.153588974175501,0.282867132867133,0.0802851455917386,0.0191986217719376,12
0.867129231622119,0.457185379753864,-0.197657340379126,0.841131983993018,0.505403084585925,-0.192521966525907,0.485201532054424,0.541052068118242,-0.198967534727354,-0.193731546971371,0.283566433566434,0.0558505360638186,0.005235987755983,21
0.263621901291286,0.963639373523851,0.043619387365336,0.156308440670925,0.98689265404255,0.0401317925325597,1.30376095123976,1.41371669411541,0.0436332312998582,0.0401425727958696,0.284265734265734,0.109955742875643,-0.00349065850398866,9
0.508638706606238,0.723719674911773,-0.466386640339891,0.467856298399562,0.742943193783502,-0.478691857940607,0.958185759344887,1.00880030765272,-0.485201532054424,-0.499164166070378,0.284265734265734,0.0506145483078355,-0.0139626340159547,8
0.743065576798486,0.48439835543967,-0.461748613235034,0.734395513082145,0.491634945148204,-0.467929814260573,0.577703982410123,0.589921287174083,-0.479965544298441,-0.486946861306418,0.285664335664336,0.0122173047639604,-0.00698131700797733,29
0.834021333076807,0.460404511095474,-0.30403306092549,0.788143356427769,0.547773902465556,-0.280666708920788,0.504400153826361,0.607374579694027,-0.308923277602996,-0.284488668075076,0.285664335664336,0.102974425867665,0.0244346095279206,47
0.953444437327287,-0.110317285287603,0.280666708920788,0.95811586950163,-0.0569225712060655,0.280666708920788,6.16799357654796,6.22384411261178,0.284488668075076,0.284488668075076,0.285664335664336,0.0558505360638195,0,82
0.829483281237433,-0.488602993017077,-0.270600445975864,0.858745209504121,-0.448941146329576,-0.246999012722743,5.75085988532132,5.80147443362915,-0.27401669256311,-0.249582083035189,0.285664335664336,0.050614548307836,0.0244346095279206,326
0.699580075283277,-0.659250913040594,-0.275637355816999,0.702792249213968,-0.664597592536165,-0.253757944584806,5.52745774106604,5.52571241181405,-0.279252680319093,-0.256563400043166,0.286363636363636,-0.00174532925199422,0.0226892802759263,54
0.651196401747995,-0.718169571051135,0.245307385878803,0.676708711411199,-0.688623787620677,0.260504508642648,5.4489179247263,5.48906049752217,0.247836753783195,0.263544717051144,0.286363636363636,0.0401425727958689,0.015707963267949,55
0.948210807695594,-0.0862939435463655,-0.305695304963106,0.953345110853371,-0.026629340143336,-0.300705799504273,6.19242818607588,6.25526003914768,-0.310668606854991,-0.305432619099008,0.287412587412587,0.0628318530717955,0.005235987755983,52
0.0346009266702263,-0.990840899952205,0.130526192220052,0.0519677993830154,-0.99160468338777,0.118403968306501,4.74729556542458,4.76474885794452,0.130899693899575,0.118682389135614,0.288111888111888,0.0174532925199431,-0.0122173047639603,17
-0.0221430733140159,-0.906037244900826,0.422618261740699,-0.0046316339921887,-0.884568849597945,0.466386640339891,4.68795437085677,4.70715299262871,0.436332312998582,0.485201532054424,0.288111888111888,0.0191986217719364,0.0488692190558412,116
-0.15974042737472,-0.924798437298912,0.345298198998535,-0.215481190968,-0.911549585294403,0.350207381259467,4.54134671368925,4.48026018986944,0.352556508902855,0.357792496658838,0.288811188811189,-0.0610865238198013,0.005235987755983,11
-0.520084897610634,-0.810115484307638,0.270600445975864,-0.501496887463808,-0.818368541897651,0.280666708920788,4.14166631498254,4.16261026600648,0.27401669256311,0.284488668075076,0.289160839160839,0.0209439510239315,0.010471975511966,44
0.0671963774359037,-0.985672026198654,-0.154710386299468,0.144324169289706,-0.977361361283484,-0.154710386299468,4.78045682121247,4.85899663755221,-0.155334303427495,-0.155334303427495,0.28951048951049,0.0785398163397453,0,104
-0.82179955802617,-0.468746192108092,-0.323917418198149,-0.846363533728822,-0.405509460484499,-0.345298198998535,3.65995544143211,3.58839694210034,-0.329867228626928,-0.352556508902855,0.28986013986014,-0.0715584993317675,-0.0226892802759263,14
-0.933090411299008,-0.32128879430606,0.161603821103361,-0.866294726881585,-0.478220381633538,0.144356201000973,3.47320521146872,3.64599280741615,0.162315620435473,0.144862327915529,0.291258741258741,0.172787595947439,-0.0174532925199433,18
-0.950888028522641,-0.18655681420499,-0.246999012722743,-0.960513507062043,-0.121341074336239,-0.250380004054441,3.33532420056116,3.26725635973339,-0.249582083035189,-0.253072741539178,0.291258741258741,-0.0680678408277782,-0.00349065850398869,81
-0.909527284149148,-0.293769308345096,0.294040325232304,-0.915443496641816,-0.285128897919725,0.284015344703923,3.45400658969678,3.44353461418481,0.29845130209103,0.287979326579064,0.291958041958042,-0.0104719755119658,-0.010471975511966,148
-0.86695736181408,0.29682584949281,0.400349032556895,-0.867328602236329,0.327736168147645,0.374606593415912,2.81172542496286,2.78030949842697,0.411897703470662,0.383972435438752,0.291958041958042,-0.0314159265358982,-0.0279252680319093,49
-0.92321981683255,-0.330560551736233,-0.195946144242518,-0.92846020332608,-0.319694485845707,-0.189095442989891,3.48542251623268,3.47320521146872,-0.197222205475359,-0.190240888467382,0.293356643356643,-0.01221730476396,0.00698131700797733,26
-0.948207243773133,0.15187819332335,0.278991106039229,-0.939884087553833,0.170805887200194,0.295708050044047,2.98276769165831,2.96182374063438,0.282743338823081,0.300196631343025,0.293356643356643,-0.0209439510239324,0.0174532925199433,15
-0.829992387946613,0.555631474937835,0.0488497697956133,-0.897478814300593,0.437729665281849,0.0540788129847753,2.55167136641571,2.68780704807127,0.0488692190558412,0.0541052068118242,0.294405594405594,0.136135681655558,0.00523598775598299,4
-0.690077611796034,0.648026011341735,-0.322265695230511,-0.703497499196984,0.63343199343038,-0.322265695230511,2.38761041672824,2.40855436775218,-0.328121899374934,-0.328121899374934,0.294405594405594,0.0209439510239324,0,49
-0.709785339598074,0.673561137252261,-0.20620418539663,-0.708453039581785,0.672296831744568,-0.214735327167063,2.38237442897226,2.38237442897226,-0.207694180987325,-0.216420827247297,0.294405594405594,0,-0.00872664625997166,5
-0.886363740577571,-0.315619930893521,-0.338737920245291,-0.869136250843167,-0.388783433281046,-0.305695304963106,3.48367718698068,3.56221700332043,-0.345575191894877,-0.310668606854991,0.294755244755245,0.0785398163397453,0.0349065850398866,15
-0.897792287669553,-0.143803025684871,0.416280792260401,-0.887169573625527,-0.174055750362449,0.427357863387192,3.30041761552128,3.33532420056116,0.429350995990605,0.441568300754565,0.295804195804196,0.0349065850398862,0.0122173047639603,51
-0.073866927600354,0.938568305322292,-0.337095258423082,-0.0610530720094694,0.944113355792646,-0.323917418198149,1.64933614313464,1.63537350911869,-0.343829862642883,-0.329867228626928,0.295804195804196,-0.0139626340159547,0.0139626340159547,55
0.0886548624179576,0.904172231382151,-0.417867073801077,0.0858380856768601,0.908072094810458,-0.409923033841573,1.47305788868321,1.4765485471872,-0.431096325242599,-0.422369678982628,0.296503496503496,0.00349065850398844,0.0087266462599716,6
0.176653808914874,0.917350222999536,-0.356737999319625,0.225070923201602,0.896044904077051,-0.38268343236509,1.38055543832751,1.3247049022637,-0.364773813666815,-0.392699081698724,0.296503496503496,-0.0558505360638186,-0.0279252680319093,111
-0.898005651214428,-0.0376375882566901,-0.438371146789077,-0.903078904985954,-0.0425881200630432,-0.427357863387192,3.18348055563766,3.18871654339364,-0.453785605518526,-0.441568300754565,0.297552447552448,0.00523598775598266,0.0122173047639602,10
0.500004703848876,0.741287457999116,-0.44775908783877,0.603293727556053,0.642442567793569,-0.472550764869054,0.977384381116825,0.816814089933346,-0.464257581030492,-0.492182849062401,0.297552447552448,-0.160570291183478,-0.0279252680319093,24
-0.739876006496595,0.636393762731582,0.218143241396543,-0.738764163515304,0.637684120030084,0.218143241396543,2.4312436480281,2.42949831877611,0.219911485751285,0.219911485751285,0.298601398601399,-0.00174532925199467,0,16
0.615538726906644,0.746708185513627,-0.252069358243114,0.609549133725758,0.752730492006342,-0.248689887164855,0.881391272257136,0.890117918517108,-0.254818070791172,-0.251327412287183,0.298601398601399,0.00872664625997155,0.00349065850398861,56
0.712145140440687,0.690116651913967,-0.128795596577563,0.683561608611974,0.717810402869704,-0.132256390257122,0.769690200129499,0.809832772925369,-0.12915436464758,-0.132645023151569,0.298601398601399,0.0401425727958697,-0.00349065850398864,13
-0.381608961693167,0.873468402131999,0.302369890750444,-0.450370630829665,0.847023964616074,0.282341456842876,1.98269403026556,2.05948851735331,0.307177948351002,0.28623399732707,0.299300699300699,0.0767944870877502,-0.020943951023932,96
0.864923816580799,0.477463598489323,-0.154710386299468,0.875378219887617,0.463488909156442,-0.137444546037147,0.504400153826361,0.486946861306418,-0.155334303427495,-0.137881010907552,0.299300699300699,-0.0174532925199431,0.0174532925199433,12
0.967960796539342,-0.0880913333340497,-0.23514211310259,0.97714066604447,-0.0443716980007458,-0.207911690817759,6.19242818607588,6.23780674662773,-0.237364778271229,-0.20943951023932,0.29965034965035,0.0453785605518524,0.0279252680319093,39
0.942141232498134,-0.220977231093619,-0.252069358243114,0.945837081043437,-0.218363695999981,-0.240228042477264,6.05280184591633,6.05629250442032,-0.254818070791172,-0.242600766027212,0.30034965034965,0.00349065850398844,0.0122173047639603,11
0.847495780220598,-0.477539330039257,-0.231747903494157,0.854045888087738,-0.471458659345735,-0.219846204352837,5.77005850709325,5.77878515335323,-0.23387411976724,-0.22165681500328,0.30034965034965,0.0087266462599711,0.0122173047639604,55
0.411987326429726,0.887550717866984,0.20620418539663,0.356209481336897,0.913630075009678,0.195946144242518,1.13620934304831,1.1990411961201,0.207694180987325,0.197222205475359,0.300699300699301,0.062831853071796,-0.010471975511966,9
0.82002327511442,0.452677167948646,0.350207381259467,0.793640532128978,0.493997723690402,0.355106962408137,0.504400153826361,0.556760031386191,0.357792496658838,0.363028484414821,0.301748251748252,0.0523598775598302,0.005235987755983,31
0.649417831970073,-0.73145690805446,-0.207911690817759,0.702083433369037,-0.675629984339304,-0.224951054343865,5.43844594921433,5.51698576555408,-0.20943951023932,-0.226892802759263,0.301748251748252,0.0785398163397453,-0.0174532925199433,18
0.299341086320446,-0.889474039985914,-0.345298198998535,0.304449281768326,-0.87919706871687,-0.366501226724297,5.03702022125564,5.04574686751561,-0.352556508902855,-0.375245789178781,0.301748251748252,0.00872664625997199,-0.0226892802759263,4
0.0276209290902395,-0.930646021066888,0.36487678433762,-0.0325376314261837,-0.931755854746358,0.361624570082092,4.74205957766859,4.6774823953448,0.373500459926786,0.370009801422798,0.302097902097902,-0.0645771823237897,-0.00349065850398866,14
0.101741597939084,-0.936547324805795,-0.335451569750255,0.101678212255898,-0.935963849676429,-0.337095258423082,4.82059939400834,4.82059939400834,-0.342084533390889,-0.343829862642883,0.302797202797203,0,-0.00174532925199428,21
-0.18819216478367,-0.968164757111977,-0.165047605860678,-0.181481281604513,-0.969736652130377,-0.163325962241622,4.52040276266531,4.52738407967329,-0.165806278939461,-0.164060949687467,0.302797202797203,0.00698131700797688,0.00174532925199433,9
0.720259788900449,-0.493172170218597,-0.487859659138733,0.730037456788054,-0.483201251780037,-0.483282383255002,5.68279204449354,5.69850000776149,-0.509636141582344,-0.504400153826361,0.303496503496503,0.0157079632679489,0.005235987755983,8
-0.4750442976099,-0.836229192148748,0.273959218692432,-0.426701090777216,-0.85582998627476,0.292371704722737,4.19577152179437,4.24987672860619,0.277507351067098,0.296705972839036,0.303496503496503,0.0541052068118244,0.0191986217719376,11
0.810845426354397,-0.557278621902584,0.17880221511635,0.810365380810794,-0.552793782878872,0.194234351219972,5.68104671524154,5.68453737374553,0.179768912955416,0.195476876223365,0.303846153846154,0.00349065850398844,0.015707963267949,22
0.121116799125571,-0.945464526112503,0.302369890750444,0.181024754468686,-0.940048221435795,0.289031796944472,4.83979801578028,4.90262986885207,0.307177948351002,0.293215314335047,0.304545454545455,0.0628318530717955,-0.0139626340159546,33
-0.747517451057963,-0.642966441956769,0.166768746716102,-0.746394124954598,-0.64427012607446,0.166768746716102,3.85194165915149,3.85368698840348,0.167551608191456,0.167551608191456,0.304545454545455,0.00174532925199467,0,8
-0.971585608804816,-0.0918418804053214,0.218143241396543,-0.967167370859406,-0.135926509597498,0.214735327167063,3.23584043319749,3.28121899374934,0.219911485751285,0.216420827247297,0.304895104895105,0.0453785605518529,-0.00349065850398864,85
-0.10912425900549,-0.943133412456615,-0.313992455967405,-0.035116493265618,-0.957678959062068,-0.285688367404974,4.59719724975306,4.67573706609281,-0.319395253114962,-0.289724655831059,0.305244755244755,0.0785398163397453,0.0296705972839036,9
-0.880861535665287,-0.408882311430806,0.238533457578581,-0.84115790250179,-0.466261439057768,0.273959218692432,3.57617963733638,3.64773813666815,0.240855436775218,0.277507351067098,0.306643356643357,0.0715584993317679,0.0366519142918809,20
-0.945861449632833,0.220108854238268,-0.238533457578581,-0.947828464802462,0.227553481650587,-0.223250116010951,2.91295452157854,2.90597320457056,-0.240855436775218,-0.225147473507269,0.306643356643357,-0.00698131700797733,0.015707963267949,58
-0.838361832419526,0.376774746778509,0.393941909590951,-0.815861344620789,0.415702118343037,0.40194777665596,2.71922297460717,2.67035375555132,0.404916386462684,0.413643032722656,0.306643356643357,-0.0488692190558413,0.0087266462599716,22
-0.892387423723185,0.309016851714621,-0.328866646738583,-0.88899287892436,0.32532519561106,-0.322265695230511,2.80823476645888,2.79078147393893,-0.335103216382911,-0.328121899374934,0.307342657342657,-0.0174532925199435,0.00698131700797727,15
-0.790376357264701,0.586985285383509,-0.175366726091987,-0.802210487059518,0.567996685782133,-0.18395135061272,2.50280214735987,2.52549142763579,-0.176278254451427,-0.185004900711399,0.307342657342657,0.0226892802759262,-0.00872664625997163,4
-0.830676448436616,-0.473809481005024,-0.292371704722737,-0.811392432176395,-0.508985513191266,-0.287360519849712,3.65995544143211,3.70184334347997,-0.296705972839036,-0.291469985083053,0.307692307692308,0.0418879020478635,0.00523598775598294,9
-0.862581662756579,-0.385851424338173,-0.327217898979104,-0.870351699832347,-0.3820576850043,-0.310676429630732,3.56221700332043,3.55523568631245,-0.333357887130917,-0.315904594610974,0.309090909090909,-0.00698131700797777,0.0174532925199433,82
-0.851313404801467,0.51152069939547,-0.116670737099333,-0.855141910885238,0.507746110388299,-0.104528463267653,2.60054058547155,2.60577657322753,-0.11693705988362,-0.10471975511966,0.309090909090909,0.00523598775598355,0.0122173047639603,8
-0.590308372540308,0.755560261846482,-0.284015344703923,-0.581926834368634,0.763888160788415,-0.278991106039229,2.23402144255274,2.22180413778878,-0.287979326579064,-0.282743338823081,0.309090909090909,-0.0122173047639604,0.00523598775598294,37
-0.905285189677529,0.276773457954544,-0.322265695230511,-0.91940712982443,0.251521328709056,-0.302369890750444,2.84488668075076,2.87455727803466,-0.328121899374934,-0.307177948351002,0.31013986013986,0.0296705972839035,0.020943951023932,22
-0.250493854695386,0.948081187091241,-0.195946144242518,-0.253801749538569,0.94720102432781,-0.195946144242518,1.82910505609006,1.83259571459405,-0.197222205475359,-0.197222205475359,0.31013986013986,0.00349065850398889,0,12
-0.0458451681165935,0.937372590984359,-0.345298198998535,0.00653057827339774,0.935421234718693,-0.353474843779257,1.61966554585074,1.56381500978692,-0.352556508902855,-0.361283155162826,0.31013986013986,-0.0558505360638186,-0.0087266462599716,68
0.181695364430835,0.917628644583186,-0.353474843779257,0.225128104247102,0.916557457493809,-0.330514392713223,1.37531945057153,1.32994089001968,-0.361283155162826,-0.336848545634906,0.310839160839161,-0.0453785605518524,0.0244346095279205,226
0.224741923438862,0.958192080219277,0.177084740319583,0.217478027715259,0.957233114107778,0.190808995376545,1.34041286553164,1.34739418253962,0.178023583703422,0.191986217719376,0.310839160839161,0.00698131700797777,0.0139626340159546,45
0.360747571707566,0.883984939789313,-0.297374874077786,0.377475511069907,0.868134240898323,-0.322265695230511,1.18333323285216,1.16064395257623,-0.301941960595019,-0.328121899374934,0.311538461538462,-0.0226892802759262,-0.0261799387799149,34
0.717086707082644,0.625554605146532,0.307356617799807,0.710973097273526,0.635683315100991,0.300705799504273,0.717330322569669,0.72954762733363,0.312413936106985,0.305432619099008,0.311538461538462,0.0122173047639604,-0.00698131700797727,146
0.841712742996185,0.289824939871374,-0.455544907233516,0.854335630861265,0.238534794142085,-0.461748613235034,0.331612557878923,0.272271363311115,-0.472984227290463,-0.479965544298441,0.311888111888112,-0.0593411945678071,-0.00698131700797733,17
0.561249444168145,0.804532210807687,0.194234351219972,0.531193946373578,0.827419606115703,0.182235525492147,0.961676417848876,1.00007366139275,0.195476876223365,0.183259571459405,0.312937062937063,0.0383972435438751,-0.0122173047639603,162
0.572418809258392,0.767958747875762,-0.287360519849712,0.557669203474552,0.784716801230688,-0.270600445975864,0.930260491312978,0.952949771588904,-0.291469985083053,-0.27401669256311,0.312937062937063,0.0226892802759262,0.0174532925199433,18
0.769451872892061,0.6033273351913,0.209618562903822,0.753394932486681,0.623262491884058,0.209618562903822,0.66497044500984,0.691150383789754,0.211184839491314,0.211184839491314,0.313636363636364,0.0261799387799151,0,27
0.959002433667402,0.10756935820032,-0.262189178640865,0.943176868806361,0.169704304241553,-0.285688367404974,0.111701072127637,0.178023583703422,-0.265290046303138,-0.289724655831059,0.313636363636364,0.0663225115757844,-0.0244346095279206,8
0.871408968423463,-0.45944182899282,0.17192910027941,0.903491706412266,-0.400372414560152,0.152985836284038,5.79798377512516,5.86605161595294,0.172787595947439,0.153588974175501,0.314685314685315,0.0680678408277799,-0.0191986217719376,63
0.811245271087887,-0.538990069458339,0.226651307436855,0.797509148565183,-0.558421917616549,0.228350870110656,5.69675467850949,5.67232006898157,0.228638132011257,0.230383461263251,0.314685314685315,-0.0244346095279209,0.00174532925199433,56
0.765411674482009,-0.606657817746628,-0.214735327167063,0.773943589008932,-0.59386780301985,-0.219846204352837,5.61297887441376,5.62868683768171,-0.216420827247297,-0.22165681500328,0.314685314685315,0.015707963267948,-0.00523598775598297,45
0.806930728518185,0.490621573145771,0.328866646738583,0.843243114612647,0.452142990983523,0.290702193598252,0.546288055874225,0.492182849062401,0.335103216382911,0.294960643587042,0.315384615384615,-0.0541052068118244,-0.0401425727958696,126
0.633242681037153,-0.74405763314169,-0.213030386274977,0.659697368422107,-0.714907190705906,-0.231747903494157,5.4175019981904,5.45764457098627,-0.214675497995303,-0.23387411976724,0.315384615384615,0.0401425727958697,-0.0191986217719376,8
0.625582903050206,-0.764312952630566,-0.156434465040231,0.595955444927893,-0.785142303429511,-0.168489379565003,5.39830337641846,5.36165146212658,-0.15707963267949,-0.16929693744345,0.316433566433566,-0.0366519142918822,-0.0122173047639603,70
0.508449379431819,-0.810537761731409,-0.290702193598252,0.594028571371273,-0.746796264694366,-0.299040792256087,5.27263967027487,5.38434074240251,-0.294960643587042,-0.303687289847013,0.316433566433566,0.111701072127636,-0.00872664625997166,42
0.45219617930269,-0.854049964644056,0.257132793154696,0.453661012507481,-0.849631576514751,0.268919820615266,5.19933584169111,5.2028265001951,0.260054058547155,0.272271363311115,0.316783216783217,0.00349065850399022,0.0122173047639603,22
0.91708225085574,-0.376122842169318,0.132256390257122,0.920315623875891,-0.369964508690923,0.12706460860135,5.89397688398485,5.90095820099283,0.132645023151569,0.127409035395586,0.318181818181818,0.00698131700797777,-0.005235987755983,15
0.259802007647842,-0.912042034034505,-0.317304656405092,0.266029274703961,-0.898099780153559,-0.350207381259467,4.98989633145179,5.00036830696375,-0.322885911618951,-0.357792496658838,0.318181818181818,0.0104719755119662,-0.0349065850398866,34
-0.796922062990847,-0.537530718746963,0.275637355816999,-0.813499753431633,-0.492672962881206,0.309016994374947,3.73500459926787,3.68613538021202,0.279252680319093,0.314159265358979,0.318881118881119,-0.0488692190558413,0.0349065850398866,30
-0.8266035601255,-0.500608910300559,-0.257132793154696,-0.835134673992103,-0.488013300900907,-0.253757944584806,3.68613538021202,3.67042741694408,-0.260054058547155,-0.256563400043166,0.318881118881119,-0.0157079632679484,0.00349065850398872,15
-0.120135815005676,-0.964507943253227,0.23514211310259,-0.148569789956073,-0.959702457602363,0.238533457578581,4.58847060349309,4.55880000620919,0.237364778271229,0.240855436775218,0.319230769230769,-0.0296705972839035,0.00349065850398869,34
-0.70314989271235,-0.651123939897845,0.285688367404974,-0.719382128762279,-0.625349343955054,0.302369890750444,3.88859357344337,3.85717764690747,0.289724655831059,0.307177948351002,0.32027972027972,-0.0314159265358978,0.0174532925199433,26
-0.746347079287821,-0.664970991344381,0.0279216387235689,-0.751956558062796,-0.65828820429677,0.034899496702501,3.86939495167143,3.86066830541146,0.0279252680319093,0.0349065850398866,0.321328671328671,-0.00872664625997155,0.00698131700797732,27
-0.90301453948214,-0.195238654157247,-0.38268343236509,-0.893615743382762,-0.1964741636204,-0.40354529635239,3.3545228223331,3.35801348083709,-0.392699081698724,-0.41538836197465,0.322027972027972,0.00349065850398933,-0.0226892802759263,12
-0.957748569156637,0.082108016396859,-0.275637355816999,-0.961196057293167,0.0857844627406343,-0.262189178640865,3.05607152024207,3.05258086173808,-0.279252680319093,-0.265290046303138,0.322377622377622,-0.00349065850398844,0.0139626340159547,29
-0.888325863358764,-0.448725682530544,0.0975828997591495,-0.88174969852285,-0.46292894115788,0.0906325801977802,3.60934089312427,3.62504885639222,0.0977384381116825,0.0907571211037051,0.323776223776224,0.0157079632679489,-0.00698131700797731,8
-0.95593331094025,-0.105536020051183,0.273959218692432,-0.956169716936678,-0.098810528241911,0.275637355816999,3.25154839646544,3.24456707945746,0.277507351067098,0.279252680319093,0.323776223776224,-0.00698131700797733,0.00174532925199433,3
-0.712155220762523,0.65257002952396,0.258819045102521,-0.719305028768346,0.649941968195528,0.245307385878803,2.3998277214922,2.40680903850018,0.261799387799149,0.247836753783195,0.323776223776224,0.00698131700797777,-0.0139626340159546,15
-0.311660084124578,0.870432857968793,-0.381070376350274,-0.251993578742767,0.884630331385724,-0.392337116603562,1.91462618943778,1.848303677862,-0.39095375244673,-0.40317105721069,0.323776223776224,-0.0663225115757844,-0.0122173047639604,16
-0.662361951356622,0.544070240674854,-0.515038074910054,-0.619607773445631,0.602542231198663,-0.503019946630235,2.45393292830403,2.3701571242083,-0.541052068118242,-0.527089434102287,0.324475524475524,-0.0837758040957279,0.0139626340159547,67
-0.688605586790342,0.70318087330862,-0.177084740319583,-0.665244224306989,0.720918260853717,-0.194234351219972,2.34572251468038,2.31605191739648,-0.178023583703422,-0.195476876223365,0.324475524475524,-0.029670597283904,-0.0174532925199433,90
-0.648334498684224,0.641580458042478,-0.409923033841573,-0.607290863054769,0.669748508211349,-0.427357863387192,2.36143047794833,2.3073252711365,-0.422369678982628,-0.441568300754565,0.325524475524475,-0.0541052068118248,-0.0191986217719377,19
0.203036240673855,0.923461781437862,-0.325568154457157,0.196215454674022,0.915263322653611,-0.351841648404702,1.3543754995476,1.35961148730358,-0.331612557878923,-0.359537825910832,0.325524475524475,0.00523598775598311,-0.0279252680319093,40
0.387442665265468,0.823357574585456,-0.414693242656239,0.394811871047937,0.846676789761629,-0.356737999319625,1.13097335529233,1.13446401379631,-0.427605666738611,-0.364773813666815,0.325524475524475,0.00349065850398844,0.0628318530717958,52
0.711427030919575,0.64057177586279,0.289031796944472,0.704861405363617,0.630218831860956,0.325568154457157,0.733038285837618,0.72954762733363,0.293215314335047,0.331612557878923,0.325874125874126,-0.00349065850398844,0.0383972435438752,43
-0.0192632880146499,0.919619765267183,-0.392337116603562,0.0032226050509145,0.923204592600407,-0.384295322659804,1.59174027781883,1.56730566829091,-0.40317105721069,-0.394444410950718,0.327272727272727,-0.0244346095279209,0.00872664625997172,54
0.138023359444113,0.969802671616952,-0.201077921145965,0.0685661038751234,0.980540968041184,-0.18395135061272,1.42942465738336,1.50098315671512,-0.202458193231342,-0.185004900711399,0.327272727272727,0.0715584993317675,0.0174532925199433,18
0.939878697687302,0.148862161506157,-0.307356617799807,0.945950943571956,0.0744479538314713,-0.315649036947102,0.15707963267949,0.0785398163397448,-0.312413936106985,-0.321140582366957,0.327972027972028,-0.0785398163397448,-0.00872664625997166,108
0.801054764791885,-0.532219513262761,-0.273959218692432,0.67919210339537,-0.691150905663418,-0.246999012722743,5.69675467850949,5.48906049752217,-0.277507351067098,-0.249582083035189,0.329370629370629,-0.207694180987326,0.0279252680319093,54
0.771722496174128,-0.598609328498335,-0.214735327167063,0.763937874941489,-0.612029646349751,-0.20449605184179,5.62345084992573,5.60774288665778,-0.216420827247297,-0.205948851735331,0.33006993006993,-0.0157079632679489,0.010471975511966,112
0.727389831704245,-0.675932343524515,-0.118403968306501,0.789291933540631,-0.605645001999822,-0.101056297182946,5.53443905807402,5.62868683768171,-0.118682389135614,-0.101229096615671,0.33006993006993,0.0942477796076933,0.0174532925199433,33
0.921095612105699,-0.0128617567582975,-0.389123950140206,0.915979872667876,-0.0672653571279651,-0.395545502562965,6.26922267316363,6.20988147859582,-0.399680398706701,-0.406661715714679,0.330769230769231,-0.0593411945678071,-0.00698131700797738,13
0.618889278657153,-0.769743021345959,-0.156434465040231,0.599332140876098,-0.786735891449215,-0.147809411129611,5.38957673015849,5.36339679137857,-0.15707963267949,-0.148352986419518,0.330769230769231,-0.026179938779916,0.00872664625997166,95
0.23105375207236,-0.906459981724794,-0.353474843779257,0.201267554661337,-0.915417336118627,-0.348572047321815,4.96197106341988,4.92880980763199,-0.361283155162826,-0.356047167406843,0.332167832167832,-0.033161255787892,0.00523598775598294,47
0.846558438501023,-0.490732762435546,0.20620418539663,0.856502721526361,-0.466980443326686,0.219846204352837,5.75784120232929,5.78402114110921,0.207694180987325,0.22165681500328,0.334615384615385,0.0261799387799142,0.0139626340159546,38
0.69392923300978,-0.698790762651749,0.17364817766693,0.69833695310628,-0.683862069667068,0.211324796455389,5.49429648527815,5.5082591192941,0.174532925199433,0.212930168743308,0.334615384615385,0.0139626340159547,0.0383972435438752,339
0.394841625304553,-0.866400872258548,-0.305695304963106,0.41172698351828,-0.855505481360871,-0.313992455967405,5.1399946471233,5.16093859814723,-0.310668606854991,-0.319395253114962,0.334615384615385,0.0209439510239315,-0.00872664625997166,41
-0.126119586076387,-0.971067022841323,0.202787295356512,0.054368804320689,-0.972457309064981,0.226651307436855,4.58323461573711,4.76823951644851,0.204203522483337,0.228638132011257,0.334615384615385,0.185004900711398,0.0244346095279206,14
0.839080825944931,0.402020171560032,-0.366501226724297,0.834249733889619,0.410501760307804,-0.368124552684678,0.446804288510548,0.457276264022514,-0.375245789178781,-0.376991118430775,0.336363636363636,0.0104719755119658,-0.00174532925199433,71
0.715906679194485,-0.691343043907524,-0.0975828997591495,0.707726088982184,-0.697912719430844,-0.109734311091045,5.51524043630208,5.50476846079011,-0.0977384381116825,-0.109955742875643,0.336363636363636,-0.0104719755119662,-0.0122173047639603,30
-0.163555417714632,-0.956838603393349,0.240228042477264,-0.191361487691464,-0.949047224640696,0.250380004054441,4.54309204294124,4.51342144565734,0.242600766027212,0.253072741539178,0.336363636363636,-0.0296705972839035,0.010471975511966,70
-0.170907020586511,-0.904499848282873,-0.390731128489274,-0.243097573277937,-0.894747713065367,-0.374606593415912,4.5256387504213,4.44709893408155,-0.401425727958696,-0.383972435438752,0.336363636363636,-0.0785398163397444,0.0174532925199433,74
-0.29296945977118,-0.907050905301873,-0.302369890750444,-0.31853196701622,-0.899506526132873,-0.299040792256087,4.3999750442777,4.3720497762458,-0.307177948351002,-0.303687289847013,0.336363636363636,-0.0279252680319093,0.00349065850398866,54
-0.313416664358207,-0.905093324544093,0.287360519849712,-0.307518922886289,-0.903330900962492,0.299040792256087,4.37903109325377,4.38426708100976,0.291469985083053,0.303687289847013,0.337062937062937,0.00523598775598266,0.0122173047639603,204
-0.606444907981242,-0.790334391311505,0.0871557427476582,-0.569767219928349,-0.819787593157714,0.0575640269595673,4.05789051088682,4.10501440069066,0.0872664625997165,0.0575958653158129,0.337062937062937,0.0471238898038466,-0.0296705972839036,46
-0.026944841920941,-0.964640249055307,-0.262189178640865,-0.0537389021300235,-0.961190682973739,-0.270600445975864,4.68446371235278,4.65653844432087,-0.265290046303138,-0.27401669256311,0.337762237762238,-0.0279252680319093,-0.00872664625997166,18
-0.479852285864913,-0.827788631467829,-0.290702193598252,-0.334479067246743,-0.904214411541356,-0.265556117486809,4.1870448755344,4.35808714222984,-0.294960643587042,-0.268780704807127,0.337762237762238,0.171042266695444,0.0261799387799149,2
-0.780337731831281,-0.55455716083688,0.289031796944472,-0.758872842838573,-0.584410763105716,0.287360519849712,3.75943920879579,3.79783645233966,0.293215314335047,0.291469985083053,0.338111888111888,0.0383972435438751,-0.00174532925199433,40
-0.629664395160774,-0.753070167215652,0.190808995376545,-0.583830566705285,-0.777589307716335,0.233445363855905,4.01600260883895,4.06836248639878,0.191986217719376,0.235619449019234,0.338461538461538,0.0523598775598302,0.0436332312998582,10
0.0304644162087276,-0.969393441992238,-0.243615011786023,0.0843796266865464,-0.964463546314705,-0.250380004054441,4.74380490692059,4.79965544298441,-0.2460914245312,-0.253072741539178,0.338811188811189,0.0558505360638186,-0.00698131700797733,44
-0.637927203329198,0.554541657546267,-0.534352349389826,-0.676186205276768,0.534019686824909,-0.507538362960704,2.42600766027212,2.47313155007596,-0.563741348394168,-0.53232542185827,0.33951048951049,0.0471238898038466,0.031415926535898,36
-0.303739960527415,0.882124897348544,-0.359996808120051,-0.289058808086364,0.884376535349777,-0.366501226724297,1.90240888467382,1.88670092140587,-0.368264472170804,-0.375245789178781,0.340559440559441,-0.0157079632679489,-0.00698131700797733,73
-0.884245459301371,0.419870613982483,-0.20449605184179,-0.926822653689194,0.326385778703339,-0.185666615385577,2.69827902358323,2.80299877870289,-0.205948851735331,-0.186750229963393,0.342307692307692,0.10471975511966,0.0191986217719377,29
-0.743907664623106,0.644393033218813,-0.177084740319583,-0.812947284732536,0.567119881049987,-0.132256390257122,2.42775298952411,2.53247274464377,-0.178023583703422,-0.132645023151569,0.342307692307692,0.10471975511966,0.0453785605518526,59
-0.570100704846377,0.808169267118703,-0.147809411129611,-0.616368002621266,0.772110861026926,-0.154710386299468,2.1851522234969,2.24449341806471,-0.148352986419518,-0.155334303427495,0.342307692307692,0.0593411945678071,-0.00698131700797733,12
-0.114420335626087,0.814142991738899,0.569279523430844,-0.0763979185113806,0.823544555193869,0.562083377852131,1.71042266695444,1.6632987771506,0.605629250442032,0.596902604182061,0.342307692307692,-0.0471238898038466,-0.00872664625997177,18
0.0445295422700891,0.980616666770767,-0.190808995376545,0.0102828596504236,0.981904871277186,-0.189095442989891,1.52541776624304,1.56032435128293,-0.191986217719376,-0.190240888467382,0.342307692307692,0.0349065850398866,0.00174532925199433,109
0.268200095610222,0.8717980356945,0.409923033841573,0.231819417616172,0.883643061872568,0.4067366430758,1.27234502470387,1.31423292675173,0.422369678982628,0.418879020478639,0.342657342657343,0.041887902047864,-0.00349065850398872,33
-0.896557675467233,-0.0973973318064866,-0.432085748801982,-0.894515476540496,-0.0594136523971836,-0.44307119082418,3.24980306721344,3.20791516516558,-0.446804288510548,-0.459021593274509,0.343006993006993,-0.0418879020478635,-0.0122173047639603,31
0.7467329783395,0.528716420070421,-0.40354529635239,0.767693437743235,0.487193070189864,-0.416280792260401,0.616101225953998,0.565486677646163,-0.41538836197465,-0.429350995990605,0.344405594405594,-0.0506145483078355,-0.0139626340159547,16
0.579838260641825,0.683721808455389,-0.44307119082418,0.610477417965603,0.650092421094119,-0.452434709311783,0.867428638241182,0.816814089933346,-0.459021593274509,-0.469493568786475,0.345104895104895,-0.0506145483078355,-0.010471975511966,12
0.210424452045842,0.957065293857962,-0.199367934417197,0.177938347710432,0.969509810877581,-0.168489379565003,1.3543754995476,1.38928208458749,-0.200712863979348,-0.16929693744345,0.345804195804196,0.0349065850398866,0.0314159265358979,101
0.77921617800922,0.551715807455183,-0.297374874077786,0.76895663699297,0.571077597228402,-0.287360519849712,0.616101225953998,0.638790506229925,-0.301941960595019,-0.291469985083053,0.346503496503496,0.0226892802759262,0.010471975511966,25
0.838221904122854,0.246702122400672,-0.486335380423491,0.841761030421733,0.263791916884302,-0.47101188121941,0.28623399732707,0.303687289847013,-0.50789081233035,-0.490437519810407,0.346503496503496,0.0174532925199431,0.0174532925199433,35
0.924094706463924,0.152982886613961,0.350207381259467,0.91953754110932,0.153877811277547,0.361624570082092,0.164060949687467,0.165806278939461,0.357792496658838,0.370009801422798,0.347552447552448,0.00174532925199422,0.0122173047639603,95
0.745246681405085,-0.586451309895676,-0.317304656405092,0.737222397399341,-0.599124390632467,-0.312334918512233,5.61646953291775,5.6007615696498,-0.322885911618951,-0.317649923862968,0.347552447552448,-0.0157079632679507,0.005235987755983,86
0.758807415284175,-0.627740087060484,0.17364817766693,0.783425620825823,-0.590353549527595,0.194234351219972,5.59203492338983,5.63741348394168,0.174532925199433,0.195476876223365,0.347552447552448,0.0453785605518533,0.020943951023932,17
0.604836333119259,0.731121532724359,-0.315649036947102,0.608058225179203,0.719539741184604,-0.335451569750255,0.879645943005142,0.869173967493176,-0.321140582366957,-0.342084533390889,0.349300699300699,-0.0104719755119658,-0.020943951023932,24
0.747725798358714,-0.654584454155158,-0.111468932206325,0.811773054644293,-0.576897081948043,-0.0906325801977802,5.56410965535792,5.66533875197359,-0.111701072127637,-0.0907571211037051,0.349300699300699,0.101229096615671,0.020943951023932,22
0.662138849506051,-0.702644679017536,-0.260504508642648,0.649775162032921,-0.71409357914908,-0.260504508642648,5.46811654649823,5.45066325397829,-0.263544717051144,-0.263544717051144,0.349300699300699,-0.0174532925199431,0,116
0.259806535157328,0.849788885818639,0.458649554484315,0.249853098109349,0.854430960849832,0.455544907233516,1.27409035395586,1.28630765871982,0.476474885794452,0.472984227290463,0.34965034965035,0.0122173047639604,-0.00349065850398866,13
0.579261752593551,-0.779976611540659,-0.236838146065619,0.586894325544493,-0.773204719496213,-0.240228042477264,5.35117948661461,5.36165146212658,-0.239110107523223,-0.242600766027212,0.351048951048951,0.0104719755119653,-0.00349065850398866,7
0.38964140022251,-0.879275796167547,-0.273959218692432,0.31853196701622,-0.899506526132874,-0.299040792256087,5.12952267161133,5.05272818452358,-0.277507351067098,-0.303687289847013,0.351048951048951,-0.0767944870877502,-0.0261799387799149,35
0.378455591583498,-0.891585500791212,0.248689887164855,0.302409437152751,-0.893430195810895,0.332161131883703,5.11381470834339,5.03876555050763,0.251327412287183,0.3385938748869,0.351048951048951,-0.0750491578357559,0.0872664625997164,7
0.184896918213812,-0.951212183137403,-0.246999012722743,0.138688084913634,-0.962428634859319,-0.233445363855905,4.90437519810407,4.85550597904822,-0.249582083035189,-0.235619449019234,0.351048951048951,-0.0488692190558409,0.0139626340159546,22
0.488249178447848,-0.870049803161131,-0.0680152906652482,0.550383356395854,-0.83153854482275,-0.0749787268263277,5.22377045121903,5.29707427980279,-0.0680678408277788,-0.0750491578357562,0.351748251748252,0.0733038285837617,-0.00698131700797731,24
0.134865344515625,-0.913306325298626,-0.384295322659804,0.118556971752948,-0.912838118002458,-0.390731128489274,4.85899663755221,4.84154334503227,-0.394444410950718,-0.401425727958696,0.351748251748252,-0.017453292519944,-0.00698131700797727,7
0.874712662422113,0.383972013742623,-0.295708050044047,0.855516280530675,0.419113101216409,-0.30403306092549,0.413643032722656,0.45553093477052,-0.300196631343025,-0.308923277602996,0.352447552447552,0.041887902047864,-0.00872664625997166,5
-0.379794416634729,-0.877653113348666,0.292371704722737,-0.33212826364007,-0.897859363623548,0.289031796944472,4.30398193541802,4.35808714222984,0.296705972839036,0.293215314335047,0.352447552447552,0.0541052068118244,-0.00349065850398861,50
-0.468824432863213,-0.867072649853683,-0.168489379565003,-0.455808801471463,-0.875600560942829,-0.159881187691835,4.2167154728183,4.23242343608625,-0.16929693744345,-0.160570291183478,0.352797202797203,0.0157079632679498,0.00872664625997166,22
0.0997279845538964,-0.981803714650546,0.161603821103361,0.125544949526515,-0.966642566489538,0.223250116010951,4.81361807700036,4.84154334503227,0.162315620435473,0.225147473507269,0.353846153846154,0.0279252680319075,0.0628318530717959,6
-0.630970667184289,-0.770895514099749,0.0871557427476582,-0.632118215423647,-0.769553310132779,0.0906325801977802,4.02647458435092,4.02472925509892,0.0872664625997165,0.0907571211037051,0.353846153846154,-0.00174532925199333,0.00349065850398866,20
-0.694828891024725,-0.670988460474225,0.258819045102521,-0.605353249598124,-0.736969107456675,0.300705799504273,3.9095375244673,4.02472925509892,0.261799387799149,0.305432619099008,0.353846153846154,0.115191730631626,0.0436332312998582,15
-0.470605934287134,-0.877676358357923,0.0906325801977802,-0.477849065957105,-0.872809175865368,0.099319749743639,4.22020613132229,4.21147948506232,0.0907571211037051,0.0994837673636768,0.354545454545455,-0.0087266462599711,0.00872664625997165,36
-0.796522017724298,-0.537260884807553,-0.277314653302378,-0.828685153550312,-0.486186691867515,-0.277314653302378,3.73500459926787,3.67217274619607,-0.280998009571087,-0.280998009571087,0.354545454545455,-0.062831853071796,0,111
0.902689249095137,-0.279429000205346,-0.327217898979104,0.912544564491845,-0.278992871563489,-0.299040792256087,5.98298867583656,5.98647933434055,-0.333357887130917,-0.303687289847013,0.355594405594406,0.00349065850398755,0.0296705972839036,17
-0.882175142670208,-0.358214179197742,0.305695304963106,-0.86874109788482,-0.39225164628519,0.302369890750444,3.52731041828054,3.56570766182442,0.310668606854991,0.307177948351002,0.355594405594406,0.0383972435438755,-0.00349065850398866,24
0.275416182490817,-0.941849891876186,-0.192521966525907,0.332626652105537,-0.923906068683131,-0.189095442989891,4.99687764845977,5.05796417227957,-0.193731546971371,-0.190240888467382,0.355944055944056,0.0610865238198013,0.00349065850398866,17
-0.362323981906066,-0.910479960714102,0.199367934417197,-0.326985172723079,-0.918281047675686,0.223250116010951,4.33365253270192,4.3703044469938,0.200712863979348,0.225147473507269,0.356293706293706,0.0366519142918804,0.0244346095279206,17
-0.113614055965841,-0.874779774593093,-0.47101188121941,-0.145046660434251,-0.866764664603019,-0.477158760259608,4.58323461573711,4.54658270144523,-0.490437519810407,-0.497418836818384,0.357342657342657,-0.0366519142918822,-0.00698131700797727,169
-0.369171172598313,-0.8782235155054,0.30403306092549,-0.35842867725789,-0.887142106968395,0.290702193598252,4.31445391092998,4.32841654494594,0.308923277602996,0.294960643587042,0.357342657342657,0.0139626340159547,-0.0139626340159547,11
-0.959903894784582,0.193550576386071,0.202787295356512,-0.964373527839483,0.161380782277712,0.209618562903822,2.94262511886244,2.97578637465033,0.204203522483337,0.211184839491314,0.357342657342657,0.0331612557878924,0.00698131700797733,4
-0.763013332817629,0.518543325518818,0.385906042324319,-0.764678434289192,0.509977121056293,0.393941909590951,2.54469004940773,2.5534166956677,0.396189740202713,0.404916386462684,0.357692307692308,0.00872664625997155,0.00872664625997166,13
-0.713597951751503,-0.557523822808082,0.42419942274539,-0.713511586694156,-0.571630571536096,0.405141586779863,3.80481776934764,3.8170350741116,0.438077642250577,0.417133691226645,0.359090909090909,0.0122173047639604,-0.020943951023932,23
-0.947799422182975,0.262848042617072,0.18051914525056,-0.971259061786919,0.159049770960975,0.177084740319583,2.87106661953067,2.97927703315432,0.18151424220741,0.178023583703422,0.359090909090909,0.108210413623648,-0.00349065850398866,22
-0.490813591723832,0.850114077911045,-0.190808995376545,-0.525750466111177,0.818940514203299,-0.230049737188104,2.0943951023932,2.14151899219704,-0.191986217719376,-0.232128790515246,0.359090909090909,0.0471238898038471,-0.0401425727958696,99
-0.242862991423089,0.952789473412479,-0.182235525492147,-0.253977230260582,0.94785592729811,-0.192521966525907,1.82037840983009,1.83259571459405,-0.183259571459405,-0.193731546971371,0.35979020979021,0.0122173047639604,-0.010471975511966,18
-0.167336032724689,0.930014569100755,-0.327217898979104,-0.232494591077961,0.918809677861302,-0.31895930929807,1.74881991049832,1.81863308057809,-0.333357887130917,-0.324631240870945,0.360839160839161,0.0698131700797733,0.00872664625997166,94
-0.146837533350605,0.970917943103312,-0.189095442989891,-0.140149015416407,0.972566790204702,-0.185666615385577,1.72089464246641,1.71391332545843,-0.190240888467382,-0.186750229963393,0.360839160839161,-0.00698131700797688,0.00349065850398866,12
0.0257218043817771,0.982276079679542,-0.185666615385577,-0.0259027654297657,0.989186703295014,-0.144356201000973,1.54461638801498,1.59697626557481,-0.186750229963393,-0.144862327915529,0.361538461538462,0.0523598775598302,0.0418879020478639,121
0.0465004858143615,0.986040420389183,0.159881187691835,0.0241110346742156,0.986561129890962,0.161603821103361,1.52367243699105,1.54636171726698,0.160570291183478,0.162315620435473,0.361538461538462,0.0226892802759258,0.00174532925199436,10
-0.301140990642209,0.827378071861665,-0.474088209047116,-0.27749574069113,0.839069605470456,-0.467929814260573,1.91986217719376,1.89019157990986,-0.493928178314395,-0.486946861306418,0.362237762237762,-0.0296705972839035,0.00698131700797733,165
0.340676485807376,0.920968210883738,0.189095442989891,0.343063078034977,0.922468817486593,0.177084740319583,1.21649448864005,1.21474915938805,0.190240888467382,0.178023583703422,0.362237762237762,-0.00174532925199422,-0.0122173047639603,11
-0.96212896998382,0.167918386081835,-0.214735327167063,-0.96981192605797,0.0899667322563992,-0.226651307436855,2.96880505764235,3.04909020323409,-0.216420827247297,-0.228638132011257,0.363286713286713,0.0802851455917395,-0.0122173047639603,96
0.0592254407243496,0.941361423490863,-0.332161131883703,0.00328221808126705,0.940282398453373,-0.34037955021305,1.5079644737231,1.56730566829091,-0.3385938748869,-0.347320521146872,0.363286713286713,0.0593411945678071,-0.00872664625997166,8
0.645015174544529,0.747257271914793,0.159881187691835,0.579724131131995,0.797921812950938,0.165047605860678,0.85870199198121,0.942477796076938,0.160570291183478,0.165806278939461,0.363286713286713,0.0837758040957279,0.00523598775598302,30
-0.804760435526754,0.542817767780616,-0.240228042477264,-0.787201583197323,0.563580979967675,-0.250380004054441,2.54818070791172,2.52025543987981,-0.242600766027212,-0.253072741539178,0.363986013986014,-0.0279252680319093,-0.010471975511966,15
-0.44111134093753,0.737043342980202,-0.512042864870571,-0.438200115909851,0.729287462072383,-0.525471651072268,2.11010306566114,2.11184839491314,-0.537561409614253,-0.553269372882202,0.363986013986014,0.00174532925199422,-0.015707963267949,49
-0.720472473029518,0.624092833458529,0.302369890750444,-0.710252094394074,0.637272757126557,0.299040792256087,2.42775298952411,2.41029969700417,0.307177948351002,0.303687289847013,0.364685314685315,-0.0174532925199435,-0.00349065850398866,15
0.75481798604501,0.585496846346847,0.295708050044047,0.726914163227506,0.625244818668629,0.284015344703923,0.659734457253856,0.710349005561692,0.300196631343025,0.287979326579064,0.364685314685315,0.0506145483078355,-0.0122173047639603,20
0.865784258666309,0.23847671641508,0.439939169855915,0.86931111954971,0.23130580430678,0.436801788367702,0.268780704807127,0.260054058547155,0.45553093477052,0.452040276266531,0.365384615384615,-0.00872664625997155,-0.00349065850398872,36
0.507750585920487,0.825336798047556,0.246999012722743,0.514718957273462,0.81735983319193,0.258819045102521,1.01927228316469,1.00880030765272,0.249582083035189,0.261799387799149,0.365734265734266,-0.0104719755119662,0.0122173047639603,27
0.924066260455315,-0.233824710960358,-0.302369890750444,0.920653532042532,-0.236383650046933,-0.310676429630732,6.03534855339639,6.0318578948924,-0.307177948351002,-0.315904594610974,0.366433566433566,-0.00349065850398844,-0.00872664625997166,17
0.929873733824584,-0.0960931027305994,0.355106962408137,0.92915204221587,-0.0340704587110952,0.368124552684678,6.18021088131192,6.2465333928877,0.363028484414821,0.376991118430775,0.366783216783217,0.0663225115757831,0.0139626340159547,43
0.484177882071848,-0.855781509359148,-0.182235525492147,0.442078239997462,-0.878974742293676,-0.17880221511635,5.22726110972302,5.17839189066718,-0.183259571459405,-0.179768912955416,0.367832167832168,-0.0488692190558417,0.00349065850398866,254
0.513403799072518,-0.824817696019009,0.236838146065619,0.488895204406081,-0.836643870964658,0.246999012722743,5.26914901177088,5.24122374373897,0.239110107523223,0.249582083035189,0.367832167832168,-0.0279252680319093,0.010471975511966,377
0.365960562944086,-0.870585776952833,-0.328866646738583,0.333691392164626,-0.87844878983053,-0.342020143325669,5.1103240498394,5.07541746479951,-0.335103216382911,-0.349065850398866,0.367832167832168,-0.0349065850398862,-0.0139626340159547,97
-0.216712567126073,-0.946216756804258,-0.240228042477264,-0.164367210053665,-0.961587784183443,-0.219846204352837,4.48724150687742,4.54309204294124,-0.242600766027212,-0.22165681500328,0.36993006993007,0.0558505360638177,0.020943951023932,43
0.368224884447237,-0.888973510035784,0.272280247040574,0.308994708458032,-0.907665992597303,0.284015344703923,5.10508806208341,5.04051087975962,0.275762021815104,0.287979326579064,0.37027972027972,-0.0645771823237906,0.0122173047639602,15
-0.169551453344092,-0.856297411915945,-0.487859659138733,-0.142151681531861,-0.858668700310365,-0.492423560103467,4.51691210416132,4.54832803069722,-0.509636141582344,-0.514872129338327,0.370979020979021,0.0314159265358986,-0.005235987755983,12
-0.790392273828355,-0.597768981789368,-0.133986185418292,-0.702420618802075,-0.702420618802075,-0.114937150492867,3.78910980607969,3.92699081698724,-0.134390352403563,-0.115191730631626,0.372027972027972,0.137881010907552,0.0191986217719376,53
0.123491759762688,-0.950833880992588,-0.284015344703923,0.12778489619952,-0.945117475474755,-0.300705799504273,4.84154334503227,4.84677933278825,-0.287979326579064,-0.305432619099008,0.372377622377622,0.00523598775598444,-0.0174532925199433,12
-0.401185493759867,-0.837338718987355,-0.371367835550235,-0.385572025878522,-0.846060592729999,-0.368124552684678,4.26558469187414,4.28478331364608,-0.380481776934764,-0.376991118430775,0.373076923076923,0.0191986217719373,0.00349065850398861,25
-0.983534019425609,-0.00858317135524066,-0.18051914525056,-0.983039263514287,0.0205917371265754,-0.182235525492147,3.15031929984976,3.12064870256586,-0.18151424220741,-0.183259571459405,0.373776223776224,-0.0296705972839031,-0.00174532925199433,10
-0.974973841115024,0.159658089405097,-0.154710386299468,-0.979731308475372,0.153421828614331,-0.128795596577563,2.97927703315432,2.9862583501623,-0.155334303427495,-0.12915436464758,0.373776223776224,0.00698131700797733,0.0261799387799149,318
-0.750279479306968,-0.622894024801508,0.221548497619467,-0.751696580580771,-0.617450532406637,0.231747903494157,3.83448836663154,3.82925237887556,0.223402144255274,0.23387411976724,0.374125874125874,-0.00523598775598266,0.010471975511966,45
-0.809207813669564,-0.501730101568202,-0.305695304963106,-0.787269915648969,-0.541075622305434,-0.295708050044047,3.69660735572399,3.74373124552784,-0.310668606854991,-0.300196631343025,0.374475524475524,0.0471238898038466,0.010471975511966,23
-0.670772714246206,0.729459846694685,0.133986185418292,-0.674854965384587,0.723693348683222,0.144356201000973,2.31430658814448,2.32128790515246,0.134390352403563,0.144862327915529,0.374825174825175,0.00698131700797733,0.010471975511966,30
-0.349549476210137,0.852289689664554,-0.389123950140206,-0.327271960325522,0.866100111881468,-0.377840786818467,1.96000474998963,1.93207948195772,-0.399680398706701,-0.387463093942741,0.375174825174825,-0.0279252680319093,0.0122173047639603,68
-0.980223860828671,0.181673754185087,-0.0784590957278449,-0.986225938839492,0.149152650040341,-0.0714974443326859,2.95833308213039,2.99149433791828,-0.0785398163397448,-0.0715584993317675,0.376573426573427,0.0331612557878929,0.00698131700797733,17
-0.926920302879726,0.205493283843812,0.313992455967405,-0.915366130939689,0.229924079943608,0.330514392713223,2.9234264970905,2.89550122905859,0.319395253114962,0.336848545634906,0.376573426573427,-0.0279252680319093,0.0174532925199433,15
-0.25790664842406,0.911422772903101,-0.320612990585676,-0.23890563033864,0.91065409818502,-0.337095258423082,1.84655834861,1.82735972683806,-0.32637657012294,-0.343829862642883,0.376573426573427,-0.0191986217719373,-0.0174532925199433,19
-0.947024010595324,-0.316869801401277,0.0523359562429438,-0.936081666045657,-0.348125651033619,0.0505929400767133,3.46447856520874,3.49763982099664,0.0523598775598299,0.0506145483078356,0.377622377622378,0.033161255787892,-0.00174532925199433,43
-0.987416701185005,-0.0327559855902886,0.154710386299468,-0.987556521258074,-0.0794569110869495,0.135715572434304,3.17475390937769,3.22187779918153,0.155334303427495,0.136135681655558,0.377622377622378,0.0471238898038466,-0.0191986217719376,11
-0.244949441398266,0.843121507435344,-0.478691857940607,-0.235075856132431,0.847656152935776,-0.475624209070275,1.85353966561798,1.84132236085402,-0.499164166070378,-0.49567350756639,0.377622377622378,-0.0122173047639604,0.00349065850398866,11
0.497877186847111,0.855438655946314,0.142628933705512,0.449349005700152,0.881897079225412,0.142628933705512,1.04370689269261,1.09955742875643,0.143116998663535,0.143116998663535,0.378321678321678,0.0558505360638186,0,283
0.667239602144874,0.730720603625022,-0.144356201000973,0.630342829999777,0.76466699862419,-0.133986185418292,0.830776723949301,0.881391272257136,-0.144862327915529,-0.134390352403563,0.378671328671329,0.0506145483078355,0.010471975511966,46
0.199283767293245,0.891544324906418,0.4067366430758,0.21311112816513,0.88089582352027,0.422618261740699,1.35088484104361,1.33343154852367,0.418879020478639,0.436332312998582,0.379370629370629,-0.0174532925199431,0.0174532925199433,38
0.651980832267665,0.724098071745221,0.224951054343865,0.637441843085208,0.735882991245103,0.228350870110656,0.837758040957278,0.856956662729216,0.226892802759263,0.230383461263251,0.38041958041958,0.0191986217719378,0.00349065850398866,18
0.786673534328653,0.437856872192295,-0.435231099372328,0.767540487941568,0.477751876994275,-0.427357863387192,0.50789081233035,0.556760031386191,-0.450294947014537,-0.441568300754565,0.38041958041958,0.0488692190558413,0.0087266462599716,91
0.953096228181164,-0.242941182233162,-0.18051914525056,0.969843264221849,-0.169264745955223,-0.175366726091987,6.0336032241444,6.11039771123215,-0.18151424220741,-0.176278254451427,0.381118881118881,0.0767944870877502,0.005235987755983,6
0.924133840311205,-0.358447893602153,-0.132256390257122,0.922233009431325,-0.370735292742159,-0.109734311091045,5.91317550575679,5.90095820099283,-0.132645023151569,-0.109955742875643,0.382167832167832,-0.0122173047639595,0.0226892802759263,13
0.887003395338613,-0.39121511102088,-0.245307385878803,0.907444864593042,-0.353797968565225,-0.226651307436855,5.86779694520494,5.91143017650479,-0.247836753783195,-0.228638132011257,0.382167832167832,0.0436332312998582,0.0191986217719376,48
0.711859176236241,0.618809741094948,0.332161131883703,0.65203863534047,0.679939602005521,0.335451569750255,0.715584993317675,0.80634211442138,0.3385938748869,0.342084533390889,0.384265734265734,0.0907571211037053,0.00349065850398872,59
0.908060976106161,-0.211312408499995,-0.361624570082092,0.907918477660784,-0.206274017204211,-0.36487678433762,6.05454717516833,6.05978316292431,-0.370009801422798,-0.373500459926786,0.384265734265734,0.00523598775598266,-0.00349065850398866,51
0.611273663354165,-0.760271106199117,0.219846204352837,0.607453952547945,-0.758226475468959,0.236838146065619,5.38957673015849,5.38783140090649,0.22165681500328,0.239110107523223,0.384265734265734,-0.00174532925199511,0.0174532925199433,66
0.578174063121788,-0.792874545649083,-0.192521966525907,0.576745099790362,-0.790914947797122,-0.20449605184179,5.34245284035464,5.34245284035464,-0.193731546971371,-0.205948851735331,0.384265734265734,0,-0.0122173047639603,69
0.501634707196061,-0.834860350821314,0.226651307436855,0.49993527102044,-0.8419869581126,0.202787295356512,5.25344104850293,5.24820506074695,0.228638132011257,0.204203522483337,0.384265734265734,-0.00523598775598266,-0.0244346095279206,154
0.599184152085052,0.747904077151341,0.285688367404974,0.610856701846294,0.735780453727189,0.292371704722737,0.895353906273091,0.877900613753148,0.289724655831059,0.296705972839036,0.384615384615385,-0.0174532925199431,0.00698131700797727,7
0.35028763170707,-0.927009318825926,-0.133986185418292,0.378229935550974,-0.91765460767715,-0.121869343405147,5.07367213554752,5.10334273283142,-0.134390352403563,-0.122173047639603,0.384965034965035,0.0296705972839035,0.0122173047639603,7
0.772127405753267,-0.620806372940516,0.135715572434304,0.773574747838593,-0.619750237388105,0.132256390257122,5.60599755740579,5.60774288665778,0.136135681655558,0.132645023151569,0.385314685314685,0.00174532925199511,-0.00349065850398866,107
-0.615884978852672,-0.785467229516486,0.0610485395348569,-0.561504752242833,-0.82622915254589,0.0453629881292538,4.04741853537485,4.11548637620263,0.0610865238198015,0.0453785605518526,0.385664335664336,0.0680678408277791,-0.015707963267949,75
0.151270797755657,-0.923755703741108,0.351841648404702,0.151171329810437,-0.92314828920308,0.353474843779257,4.87470460082016,4.87470460082016,0.359537825910832,0.361283155162826,0.386363636363636,0,0.00174532925199428,27
0.0447144547672416,-0.984688756160376,-0.168489379565003,0.0636840772923571,-0.984798732383533,-0.161603821103361,4.75776754093654,4.77696616270848,-0.16929693744345,-0.162315620435473,0.386363636363636,0.0191986217719373,0.0069813170079773,68
-0.803727924818715,-0.452877410967012,-0.385906042324319,-0.792982519122512,-0.463381570380531,-0.395545502562965,3.65471945367613,3.67042741694408,-0.396189740202713,-0.406661715714679,0.386713286713287,0.0157079632679493,-0.010471975511966,52
0.498861147387264,-0.81406740500691,0.297374874077786,0.498637192864203,-0.820114106936396,0.280666708920788,5.2621676947629,5.25867703625892,0.301941960595019,0.284488668075076,0.387762237762238,-0.00349065850398844,-0.0174532925199433,51
0.388661354243653,-0.915628770899174,-0.102792536787247,0.414662843123561,-0.901541680389906,-0.123601476740493,5.11381470834339,5.14348530562729,-0.102974425867665,-0.123918376891597,0.387762237762238,0.0296705972839035,-0.0209439510239319,14
-0.648375847749586,-0.669071971924451,-0.363251230472978,-0.700879454874566,-0.604982916743219,-0.377840786818467,3.94269878025519,3.85368698840348,-0.371755130674792,-0.387463093942741,0.387762237762238,-0.0890117918517106,-0.015707963267949,23
-0.653519590118326,-0.754443650084111,-0.0610485395348569,-0.651748358827101,-0.755057740984141,-0.0714974443326859,3.99854931631901,4.000294645571,-0.0610865238198015,-0.0715584993317675,0.388811188811189,0.00174532925199422,-0.010471975511966,9
-0.987791122380738,0.0794757866451006,-0.133986185418292,-0.987749287301776,0.0500372203099889,-0.147809411129611,3.06130750799805,3.09097810528196,-0.134390352403563,-0.148352986419518,0.388811188811189,0.0296705972839031,-0.0139626340159546,85
0.212438460182353,-0.92017206504994,0.328866646738583,0.24471821486331,-0.913300811407433,0.325568154457157,4.93928178314395,4.97418836818384,0.335103216382911,0.331612557878923,0.389510489510489,0.0349065850398862,-0.00349065850398861,53
-0.941303851821678,-0.201798060405289,0.270600445975864,-0.948846288688524,-0.187876624416422,0.253757944584806,3.35277749308111,3.33706952981316,0.27401669256311,0.256563400043166,0.389510489510489,-0.0157079632679493,-0.0174532925199433,106
-0.877269577822977,0.42220133579372,-0.228350870110656,-0.901496653243484,0.369730722743433,-0.224951054343865,2.69304303582725,2.75238423039506,-0.230383461263251,-0.226892802759263,0.390559440559441,0.0593411945678066,0.00349065850398866,7
-0.781602616532803,0.559572513538047,-0.275637355816999,-0.792625291576194,0.548839772264261,-0.265556117486809,2.52025543987981,2.53596340314776,-0.279252680319093,-0.268780704807127,0.390559440559441,0.0157079632679493,0.010471975511966,9
-0.677395661416046,0.701463741826528,-0.221548497619467,-0.757488447761889,0.622208025745035,-0.197657340379126,2.3387411976724,2.45393292830403,-0.223402144255274,-0.198967534727354,0.391608391608392,0.115191730631626,0.0244346095279206,29
-0.622792288222826,0.752826553897849,-0.213030386274977,-0.638599965318275,0.74506736386752,-0.192521966525907,2.26194671058465,2.27940000310459,-0.214675497995303,-0.193731546971371,0.391608391608392,0.0174532925199431,0.020943951023932,71
-0.516698145352144,0.830110284646438,-0.209618562903822,-0.535795534098753,0.818781399132115,-0.20620418539663,2.12755635818109,2.15024563845701,-0.211184839491314,-0.207694180987325,0.391958041958042,0.0226892802759262,0.00349065850398869,7
-0.826519707751207,0.463821228180597,0.31895930929807,-0.819255326531357,0.478734159450071,0.315649036947102,2.63021118275545,2.61275789023551,0.324631240870945,0.321140582366957,0.392657342657343,-0.0174532925199435,-0.00349065850398872,49
0.103173779953733,0.905544644836401,0.411514358605109,0.0832648156575868,0.932963965319612,0.350207381259467,1.45734992541527,1.48178453494319,0.424115008234622,0.357792496658838,0.392657342657343,0.0244346095279209,-0.0663225115757846,31
-0.956011320090789,0.197980426751214,-0.216439613938103,-0.964805981548235,0.163184717095869,-0.20620418539663,2.93738913110646,2.97404104539834,-0.218166156499291,-0.207694180987325,0.393356643356643,0.0366519142918804,0.010471975511966,20
-0.155574664767187,0.950037853098623,-0.270600445975864,-0.139474349144038,0.94451844354574,-0.297374874077786,1.73311194723037,1.71740398396242,-0.27401669256311,-0.301941960595019,0.394405594405594,-0.0157079632679489,-0.0279252680319093,30
0.0416307215218548,0.993278924669528,-0.107999355706023,-0.0364362299806928,0.993670140583807,-0.106264071336233,1.52890842474703,1.60744824108678,-0.108210413623648,-0.106465084371654,0.394405594405594,0.0785398163397444,0.00174532925199435,9
0.526699318197932,0.82675232325291,0.197657340379126,0.577162168817424,0.791486892193158,0.201077921145965,1.00356431989674,0.940732466824944,0.198967534727354,0.202458193231342,0.394405594405594,-0.062831853071796,0.00349065850398866,56
-0.977706329955317,0.0838190000554883,-0.192521966525907,-0.978697281771826,0.0839039545943085,-0.187381314585725,3.05607152024207,3.05607152024207,-0.193731546971371,-0.188495559215388,0.395454545454545,0,0.00523598775598297,35
-0.961944114377575,0.0824677015030428,-0.260504508642648,-0.960513507062043,0.121341074336239,-0.250380004054441,3.05607152024207,3.0159289474462,-0.263544717051144,-0.253072741539178,0.395454545454545,-0.0401425727958693,0.0104719755119659,7
0.770329805859944,0.58048514512066,0.263873049965373,0.749980829087706,0.622646080612424,0.223250116010951,0.645771823237902,0.692895713041749,0.267035375555132,0.225147473507269,0.396503496503496,0.0471238898038466,-0.0418879020478639,119
0.792605693173359,0.565360146516258,-0.228350870110656,0.791006282186642,0.555928526245844,-0.255445757935791,0.619591884457987,0.61261056745001,-0.230383461263251,-0.258308729295161,0.396503496503496,-0.00698131700797733,-0.0279252680319093,115
-0.793665577887605,0.434519211716444,0.425779291565073,-0.801519939522178,0.42617571150868,0.419452082446177,2.64068315826742,2.65290046303138,0.439822971502571,0.432841654494594,0.397202797202797,0.0122173047639604,-0.00698131700797727,6
0.0396884217530356,0.946937056087072,-0.31895930929807,0.0538833563510383,0.934507377368531,-0.351841648404702,1.52890842474703,1.51320046147908,-0.324631240870945,-0.359537825910832,0.398601398601399,-0.0157079632679489,-0.0349065850398866,123
0.219788020475064,0.881521601940973,0.417867073801077,0.202551590224807,0.891534154118,0.405141586779863,1.32645023151569,1.34739418253962,0.431096325242599,0.417133691226645,0.398601398601399,0.020943951023932,-0.0139626340159547,7
0.894638921237274,-0.285515699961888,-0.343659694585616,0.877159847631563,-0.314068695133469,-0.363251230472978,5.97426202957659,5.9393554445367,-0.35081117965086,-0.371755130674792,0.398601398601399,-0.0349065850398871,-0.0209439510239319,55
0.939440645734897,-0.323475355373199,-0.113203213767907,0.924436709573998,-0.364145303944206,-0.113203213767907,5.95157274930066,5.90793951800081,-0.113446401379631,-0.113446401379631,0.398601398601399,-0.0436332312998582,0,110
0.854533555144191,-0.501351859008679,0.135715572434304,0.873755008567251,-0.466541725645505,0.137444546037147,5.75260521457331,5.79274778736918,0.136135681655558,0.137881010907552,0.399300699300699,0.0401425727958689,0.00174532925199436,92
0.325900617716478,0.890565293729586,-0.317304656405092,0.264418956977616,0.910136019616281,-0.31895930929807,1.21998514714404,1.28805298797181,-0.322885911618951,-0.324631240870945,0.40034965034965,0.0680678408277786,-0.00174532925199433,4
0.469332089255359,-0.850193613014593,0.238533457578581,0.463974825730689,-0.854535325883231,0.233445363855905,5.21678913421105,5.20980781720307,0.240855436775218,0.235619449019234,0.400699300699301,-0.00698131700797688,-0.00523598775598302,47
0.696304934234548,-0.706095696674927,-0.128795596577563,0.700104719566735,-0.705009513434394,-0.113203213767907,5.49080582677416,5.49429648527815,-0.12915436464758,-0.113446401379631,0.401398601398601,0.00349065850398844,0.015707963267949,7
0.894296121987146,-0.193353665573255,0.40354529635239,0.913662630369526,-0.141442448135271,0.381070376350274,6.07025513843628,6.12959633300409,0.41538836197465,0.39095375244673,0.402447552447552,0.0593411945678071,-0.0244346095279206,43
0.340231227843407,-0.929725526399399,-0.140901231937583,0.317008140288151,-0.936560206314693,-0.14953534344371,5.06320016003555,5.03876555050763,-0.141371669411541,-0.150098315671512,0.402447552447552,-0.0244346095279209,-0.00872664625997163,198
0.323464097849042,-0.913434433945149,-0.246999012722743,0.421118596726541,-0.867259520533733,-0.265556117486809,5.05272818452358,5.16442925665122,-0.249582083035189,-0.268780704807127,0.402447552447552,0.111701072127636,-0.0191986217719376,47
0.856043626609185,-0.402823553841679,0.323917418198149,0.894267150388224,-0.323720189243735,0.309016994374947,5.84336233567702,5.93586478603271,0.329867228626928,0.314159265358979,0.402797202797203,0.092502450355699,-0.0157079632679489,57
-0.0677429028985368,-0.968768645612814,-0.238533457578581,-0.0606509844594717,-0.964019792315654,-0.258819045102521,4.64257581030492,4.64955712731289,-0.240855436775218,-0.261799387799149,0.403146853146853,0.00698131700797777,-0.0209439510239319,26
0.186901765127014,-0.979773364429908,-0.0714974443326859,0.371733568941407,-0.924716299480856,-0.0819385086300409,4.90088453960008,5.09461608657145,-0.0715584993317675,-0.0820304748437335,0.403496503496504,0.19373154697137,-0.010471975511966,36
0.0338331547919197,-0.96885478998152,-0.245307385878803,0.0728763983482226,-0.969225060143123,-0.23514211310259,4.74729556542458,4.78743813822045,-0.247836753783195,-0.237364778271229,0.404545454545455,0.0401425727958697,0.010471975511966,5
-0.788528792627731,-0.477550011468679,-0.387515586452103,-0.799960995682304,-0.458141981970283,-0.387515586452103,3.68613538021202,3.6617007706841,-0.397935069454707,-0.397935069454707,0.404545454545455,-0.02443460952792,0,24
-0.984807312303723,-0.110463839106621,-0.133986185418292,-0.989620872206218,-0.0761471761249362,-0.121869343405147,3.25329372571743,3.21838714067754,-0.134390352403563,-0.122173047639603,0.404545454545455,-0.0349065850398866,0.0122173047639603,24
-0.982539463816965,0.0120045813560977,-0.185666615385577,-0.982539463816965,0.0120045813560977,-0.185666615385577,3.12937534882583,3.12937534882583,-0.186750229963393,-0.186750229963393,0.404895104895105,0,0,18
-0.897161226750573,0.433704682647836,0.0836778433323155,-0.886674599440149,0.455688846698293,0.0784590957278449,2.69129770657526,2.66686309704734,0.0837758040957278,0.0785398163397448,0.405244755244755,-0.02443460952792,-0.00523598775598298,31
-0.907516804812773,0.362980825093425,-0.211324796455389,-0.927365675480968,0.29239727432709,-0.233445363855905,2.76111087665503,2.83616003449079,-0.212930168743308,-0.235619449019234,0.405594405594406,0.0750491578357564,-0.0226892802759263,37
-0.794958750582108,0.599044386165805,0.095845752520224,-0.794044223117088,0.600530929343964,0.0941083133185143,2.49582083035189,2.4940755010999,0.0959931088596881,0.0942477796076938,0.405944055944056,-0.00174532925199422,-0.00174532925199432,15
0.150893513642746,0.911473827454096,0.38268343236509,0.142305939177201,0.908746723025782,0.392337116603562,1.40673537710743,1.4154620233674,0.392699081698724,0.40317105721069,0.406293706293706,0.00872664625997199,0.010471975511966,13
-0.249548767465736,0.826545394678297,-0.504527623815019,-0.255788806025939,0.816223072616644,-0.51802700937313,1.86401164112994,1.87448361664191,-0.528834763354282,-0.544542726622231,0.407342657342657,0.0104719755119662,-0.015707963267949,21
0.304439508538549,0.931433847552808,0.199367934417197,0.189298168400462,0.964860827626882,0.182235525492147,1.25489173218392,1.37706477982353,0.200712863979348,0.183259571459405,0.407342657342657,0.122173047639603,-0.0174532925199433,49
0.504174787262573,0.855918942029746,-0.114937150492867,0.392426508131541,0.91120415729956,-0.125333233564304,1.03847090493663,1.16413461108022,-0.115191730631626,-0.125663706143592,0.407342657342657,0.125663706143592,-0.010471975511966,599
0.664707940581192,0.646400227334146,0.374606593415912,0.711420564042746,0.618428461332099,0.333806859233771,0.771435529381494,0.715584993317675,0.383972435438752,0.340339204138894,0.407692307692308,-0.0558505360638186,-0.0436332312998582,65
-0.823261509323303,0.469580074405649,0.31895930929807,-0.841173355527068,0.437887132689441,0.317304656405092,2.62322986574748,2.66162710929135,0.324631240870945,0.322885911618951,0.409090909090909,0.0383972435438751,-0.00174532925199433,139
0.551428520477906,0.814456521246871,0.18051914525056,0.45985537911776,0.872193336030035,0.166768746716102,0.97563905186483,1.08559479474047,0.18151424220741,0.167551608191456,0.409090909090909,0.109955742875643,-0.0139626340159547,137
0.662795807069527,0.560105883018234,-0.496973961027555,0.684236011445461,0.536509564757696,-0.493941866584231,0.701622359301721,0.66497044500984,-0.52010811709431,-0.516617458590322,0.409090909090909,-0.0366519142918809,0.00349065850398866,56
0.700171470107343,0.459926690488732,-0.546101961014429,0.731619740973244,0.385739330326301,-0.562083377852131,0.581194640914112,0.485201532054424,-0.577703982410123,-0.596902604182061,0.409090909090909,-0.0959931088596884,-0.0191986217719375,14
0.698299215497548,0.700741003796369,-0.146083028562412,0.673314917715499,0.727113968851394,-0.133986185418292,0.787143492649443,0.823795406941324,-0.146607657167524,-0.134390352403563,0.40979020979021,0.0366519142918809,0.0122173047639603,38
0.901804985315324,0.231544165791034,0.36487678433762,0.912408825839975,0.256466554430429,0.31895930929807,0.251327412287183,0.27401669256311,0.373500459926786,0.324631240870945,0.40979020979021,0.0226892802759262,-0.0488692190558412,21
-0.197229181598913,0.969412398668315,-0.146083028562412,-0.244829259837571,0.960503451718703,-0.132256390257122,1.77150919077424,1.82037840983009,-0.146607657167524,-0.132645023151569,0.41048951048951,0.0488692190558413,0.0139626340159547,85
0.888302366823423,0.377061983895929,0.262189178640865,0.887816562041595,0.380518664531533,0.258819045102521,0.401425727958696,0.404916386462684,0.265290046303138,0.261799387799149,0.41048951048951,0.00349065850398889,-0.00349065850398866,161
0.962245601488913,-0.19577108023326,0.189095442989891,0.960240242078918,-0.198856194393618,0.195946144242518,6.08247244320024,6.07898178469625,0.190240888467382,0.197222205475359,0.411188811188811,-0.00349065850398844,0.00698131700797733,16
0.932040879139394,-0.348475805363768,-0.099319749743639,0.937292265209004,-0.335599217734067,-0.0941083133185143,5.92539281052075,5.9393554445367,-0.0994837673636768,-0.0942477796076938,0.411188811188811,0.0139626340159547,0.00523598775598298,36
0.781970482410596,-0.619782167188045,-0.0662739004000001,0.806632620839892,-0.586052903516605,-0.0767190281268186,5.61297887441376,5.65486677646163,-0.0663225115757845,-0.0767944870877505,0.411538461538462,0.0418879020478631,-0.010471975511966,174
0.828154350578621,-0.444052466694187,-0.342020143325669,0.845307806854744,-0.410459417275218,-0.342020143325669,5.79100245811719,5.83114503091306,-0.349065850398866,-0.349065850398866,0.412237762237762,0.0401425727958697,0,5
0.977767812060514,0.135676495829761,-0.159881187691835,0.977209062239177,0.135598962884956,-0.163325962241622,0.137881010907552,0.137881010907552,-0.160570291183478,-0.164060949687467,0.413636363636364,0,-0.00349065850398869,40
0.966762797931357,-0.184419866830773,0.177084740319583,0.962932246233893,-0.187175067701622,0.194234351219972,6.0946897479642,6.09119908946021,0.178023583703422,0.195476876223365,0.413636363636364,-0.00349065850398844,0.0174532925199433,15
0.868542437690229,-0.31098321567039,0.385906042324319,0.868083605886047,-0.314241878453009,0.384295322659804,5.9393554445367,5.93586478603271,0.396189740202713,0.394444410950718,0.413636363636364,-0.00349065850398844,-0.00174532925199433,28
0.813867616553194,-0.466106378837989,0.346935651573256,0.872556283861495,-0.368582204889937,0.320612990585676,5.76307719008528,5.88350490847288,0.354301838154849,0.32637657012294,0.413636363636364,0.120427718387609,-0.0279252680319093,23
0.581711429013724,-0.78901418817982,0.197657340379126,0.607975436416773,-0.769830426470655,0.194234351219972,5.34768882811063,5.38085008389852,0.198967534727354,0.195476876223365,0.413986013986014,0.0331612557878929,-0.00349065850398866,42
-0.760342809604542,-0.566742063822968,0.317304656405092,-0.696218667453946,-0.644705554934203,0.315649036947102,3.78212848907171,3.88859357344337,0.322885911618951,0.321140582366957,0.415034965034965,0.106465084371655,-0.00174532925199439,44
0.661826022786751,-0.702312715366808,-0.262189178640865,0.656279861329542,-0.706241242125245,-0.265556117486809,5.46811654649823,5.46113522949026,-0.265290046303138,-0.268780704807127,0.415384615384615,-0.00698131700797777,-0.00349065850398866,17
-0.447339831930396,-0.834285260834734,0.322265695230511,-0.469025581889447,-0.822289380456091,0.322265695230511,4.22020613132229,4.19402619254237,0.328121899374934,0.328121899374934,0.415734265734266,-0.0261799387799151,0,34
-0.812286053543224,0.461442701817469,0.356737999319625,-0.832424601372503,0.451969681834455,0.320612990585676,2.62497519499947,2.64417381677141,0.364773813666815,0.32637657012294,0.416433566433566,0.0191986217719373,-0.0383972435438752,46
-0.676974450195241,0.644674056428609,0.355106962408137,-0.713837245943696,0.594746771146349,0.369746757273829,2.38062909972027,2.44695161129605,0.363028484414821,0.378736447682769,0.417132867132867,0.0663225115757844,0.0157079632679489,59
-0.599787907963674,0.730193749663923,0.327217898979104,-0.60086230015463,0.72631775207644,0.333806859233771,2.25845605208066,2.26194671058465,0.333357887130917,0.340339204138894,0.417482517482517,0.00349065850398889,0.00698131700797733,141
-0.520562185253866,0.801595470559185,0.294040325232304,-0.536505808994654,0.780620796022436,0.320612990585676,2.14675497995303,2.17293491873294,0.29845130209103,0.32637657012294,0.417832167832168,0.0261799387799146,0.0279252680319093,19
-0.783680250945908,0.505047457760456,-0.361624570082092,-0.794475644112518,0.479258348869564,-0.372987782575809,2.56912465893565,2.59879525621956,-0.370009801422798,-0.382227106186758,0.418181818181818,0.0296705972839044,-0.0122173047639603,237
0.713955894756977,0.651931319307773,-0.255445757935791,0.579701563013887,0.763728604814543,-0.284015344703923,0.740019602845596,0.921533845053006,-0.258308729295161,-0.287979326579064,0.418881118881119,0.181514242207411,-0.0296705972839035,33
0.860265049793328,-0.402977595881012,0.312334918512233,0.86153376511024,-0.38538267706837,0.330514392713223,5.84510766492901,5.86256095744895,0.317649923862968,0.336848545634906,0.41993006993007,0.0174532925199431,0.0191986217719377,75
0.853218010657176,-0.520806498021291,-0.0279216387235689,0.873760245582026,-0.486328713858429,-0.00523596383141958,5.73515192205337,5.77529449484924,-0.0279252680319093,-0.00523598775598299,0.41993006993007,0.0401425727958689,0.0226892802759263,185
0.861672729608859,-0.487510974119444,-0.140901231937583,0.896048534373437,-0.412136278246498,-0.165047605860678,5.76831317784126,5.85208898193699,-0.141371669411541,-0.165806278939461,0.421328671328671,0.0837758040957279,-0.0244346095279206,9
0.76151791342661,-0.614467494221863,0.20620418539663,0.838632540528321,-0.51391468179555,0.18051914525056,5.60425222815379,5.73340659280137,0.207694180987325,0.18151424220741,0.421328671328671,0.129154364647579,-0.0261799387799149,90
0.722078232447626,-0.66398497199219,0.194234351219972,0.768191996585591,-0.606681482462554,0.20449605184179,5.53967504583,5.61472420366576,0.195476876223365,0.205948851735331,0.421328671328671,0.0750491578357568,0.010471975511966,62
0.662993442294758,-0.744127526891482,-0.0819385086300409,0.721525227777033,-0.687099188562354,-0.0854169231373675,5.44019127846633,5.52222175331006,-0.0820304748437335,-0.0855211333477222,0.421328671328671,0.0820304748437328,-0.00349065850398866,96
0.808338728680902,-0.574456433523704,-0.128795596577563,0.809163049138418,-0.56868931578722,-0.147809411129611,5.66533875197359,5.67057473972958,-0.12915436464758,-0.148352986419518,0.422027972027972,0.00523598775598266,-0.0191986217719376,13
0.529152069057784,-0.837035803165567,-0.139173100960065,0.57816081998918,-0.798697847341646,-0.166768746716102,5.27613032877886,5.33896218185065,-0.139626340159546,-0.167551608191456,0.422027972027972,0.0628318530717946,-0.0279252680319093,171
0.838685335044778,0.468725390654924,-0.277314653302378,0.814498063768533,0.503044256971849,-0.289031796944472,0.509636141582344,0.553269372882202,-0.280998009571087,-0.293215314335047,0.422377622377622,0.0436332312998582,-0.0122173047639603,102
-0.32744955945629,-0.924689030332921,0.194234351219972,-0.258202150317328,-0.943828100607531,0.20620418539663,4.3720497762458,4.44535360482956,0.195476876223365,0.207694180987325,0.423076923076923,0.0733038285837617,0.0122173047639603,153
-0.317743174553481,-0.892326501507372,0.320612990585676,-0.307830737662829,-0.894005376803361,0.325568154457157,4.3703044469938,4.38077642250577,0.32637657012294,0.331612557878923,0.423076923076923,0.0104719755119662,0.005235987755983,33
-0.520826697056308,-0.798946539999963,-0.300705799504273,-0.520489765260023,-0.789364162514949,-0.325568154457157,4.13468499797457,4.12944901021858,-0.305432619099008,-0.331612557878923,0.424125874125874,-0.00523598775598355,-0.026179938779915,29
-0.525443855940101,-0.720563382406267,-0.452434709311783,-0.584084929779518,-0.646419600175475,-0.490903753615141,4.08232512041474,3.97760536529508,-0.469493568786475,-0.513126800086333,0.424125874125874,-0.104719755119659,-0.0436332312998582,100
-0.580265713043411,-0.756217000227967,0.302369890750444,-0.634423655503418,-0.689930542274771,0.348572047321815,4.05789051088682,3.96887871903511,0.307177948351002,0.356047167406843,0.424125874125874,-0.0890117918517106,0.0488692190558412,34
-0.737374737013179,-0.673315660890866,-0.0540788129847753,-0.707610651297135,-0.705144925159949,-0.0453629881292538,3.88161225643539,3.92524548773525,-0.0541052068118242,-0.0453785605518526,0.424475524475525,0.0436332312998591,0.00872664625997165,16
-0.472474456078766,-0.818349763206891,0.327217898979104,-0.419176905168499,-0.851879956196245,0.313992455967405,4.18879020478639,4.25511271636218,0.333357887130917,0.319395253114962,0.425524475524476,0.0663225115757848,-0.0139626340159547,22
0.547682669226434,-0.815037794994481,0.189095442989891,0.578951880412278,-0.793941199395995,0.185666615385577,5.30405559681077,5.34245284035464,0.190240888467382,0.186750229963393,0.426223776223776,0.0383972435438755,-0.00349065850398866,102
-0.956398050148607,-0.208528497939879,-0.20449605184179,-0.968772320458687,-0.0881651877962787,-0.231747903494157,3.3562681515851,3.2323497746935,-0.205948851735331,-0.23387411976724,0.426223776223776,-0.123918376891598,-0.0279252680319093,127
-0.741966225172598,-0.458247680434297,-0.489382451748846,-0.732596388840662,-0.466715372505349,-0.495458668432408,3.694862026472,3.70882466048795,-0.511381470834338,-0.518362787842316,0.426573426573427,0.0139626340159551,-0.00698131700797744,30
-0.966508742719652,0.217812152198418,-0.135715572434304,-0.982962913144534,0.12940952255126,-0.130526192220052,2.91993583858651,3.01069295969022,-0.136135681655558,-0.130899693899575,0.426923076923077,0.0907571211037053,0.005235987755983,142
-0.533912796438975,-0.834856171993577,-0.133986185418292,-0.558444847098814,-0.818649531158381,-0.133986185418292,4.14341164423454,4.11374104695063,-0.134390352403563,-0.134390352403563,0.428321678321678,-0.0296705972839044,0,39
-0.92861010700187,0.345347003132798,-0.135715572434304,-0.939641615526399,0.312577162217744,-0.139173100960065,2.78554548618295,2.82045207122284,-0.136135681655558,-0.139626340159546,0.428321678321678,0.0349065850398866,-0.00349065850398866,24
-0.8593724291646,0.4135880198171,0.300705799504273,-0.863839655032235,0.419457999261901,0.278991106039229,2.69304303582725,2.68955237732326,0.305432619099008,0.282743338823081,0.428321678321678,-0.00349065850398933,-0.0226892802759263,78
-0.878291197294322,0.455262914722186,-0.146083028562412,-0.938874644171931,0.325114495099262,-0.113203213767907,2.66337243854335,2.80823476645888,-0.146607657167524,-0.113446401379631,0.428321678321678,0.14486232791553,0.0331612557878923,91
-0.567043539898774,-0.771936237969673,0.287360519849712,-0.576616424251621,-0.759664084597772,0.300705799504273,4.07883446191075,4.0631264986428,0.291469985083053,0.305432619099008,0.42972027972028,-0.0157079632679489,0.0139626340159546,29
-0.775860186861951,0.619361050113225,-0.120136838834647,-0.789200934861943,0.601210000729655,-0.125333233564304,2.46789556231998,2.49058484259591,-0.120427718387609,-0.125663706143592,0.42972027972028,0.0226892802759258,-0.00523598775598298,36
-0.686044755162379,-0.563523515036497,-0.460199784783852,-0.699851075591168,-0.515974712974551,-0.493941866584231,3.82925237887556,3.77689250131573,-0.478220215046446,-0.516617458590322,0.43006993006993,-0.0523598775598293,-0.0383972435438754,8
-0.976925221778316,0.135559576766259,0.165047605860678,-0.978356184903642,0.120127034570035,0.168489379565003,3.00371164268224,3.01941960595019,0.165806278939461,0.16929693744345,0.43041958041958,0.0157079632679489,0.00349065850398864,18
-0.77636643057188,0.543617627099395,-0.31895930929807,-0.821296874831134,0.483780831121053,-0.302369890750444,2.53072741539178,2.60926723173152,-0.324631240870945,-0.307177948351002,0.432517482517483,0.0785398163397448,0.0174532925199433,27
-0.261675294180732,0.956523776347278,-0.128795596577563,-0.268583431285769,0.955515988132465,-0.121869343405147,1.83783170235003,1.84481301935801,-0.12915436464758,-0.122173047639603,0.432517482517483,0.00698131700797733,0.00698131700797733,17
-0.0457071878035971,0.969218576695964,-0.241921895599668,-0.12948104454775,0.957662459213729,-0.257132793154696,1.61792021659874,1.70518667919846,-0.244346095279206,-0.260054058547155,0.432517482517483,0.0872664625997164,-0.015707963267949,6
0.0776393366917965,0.924582201563084,0.372987782575809,-0.0211231738693513,0.930816170775478,0.36487678433762,1.48702052269917,1.59348560707082,0.382227106186758,0.373500459926786,0.433216783216783,0.106465084371655,-0.00872664625997166,15
-0.803389243315635,0.564631417090112,-0.189095442989891,-0.800993142810971,0.573454766870863,-0.17192910027941,2.52898208613978,2.52025543987981,-0.190240888467382,-0.172787595947439,0.434265734265734,-0.00872664625997199,0.0174532925199433,11
0.633319719191173,0.738906795004145,-0.230049737188104,0.636148053802786,0.729230205269798,-0.252069358243114,0.862192650485199,0.853466004225227,-0.232128790515246,-0.254818070791172,0.434265734265734,-0.00872664625997155,-0.0226892802759262,120
-0.557761807447289,0.82691588544847,0.0714974443326859,-0.544963676065363,0.835972591034462,0.064532308252958,2.16420827247297,2.14850030920502,0.0715584993317675,0.0645771823237902,0.436013986013986,-0.0157079632679489,-0.0069813170079773,9
0.853453377409892,0.300548377906108,0.425779291565073,0.860803568997281,0.276373790730374,0.427357863387192,0.3385938748869,0.310668606854991,0.439822971502571,0.441568300754565,0.436013986013986,-0.0279252680319093,0.00174532925199444,36
0.668957871129629,0.685506599738776,0.287360519849712,0.662347158660747,0.697968271833011,0.272280247040574,0.797615468161409,0.811578102177363,0.291469985083053,0.275762021815104,0.436363636363636,0.0139626340159547,-0.0157079632679489,58
0.900808040623286,-0.433529632919312,-0.0244321781526532,0.920443294102496,-0.388810469984887,-0.0401317925325597,5.83463568941704,5.88350490847288,-0.0244346095279206,-0.0401425727958696,0.436713286713287,0.0488692190558409,-0.015707963267949,66
0.776114907828614,-0.589103278717548,-0.224951054343865,0.778788901948112,-0.586859531238108,-0.221548497619467,5.6339228254377,5.63741348394168,-0.226892802759263,-0.223402144255274,0.437412587412587,0.00349065850398844,0.00349065850398864,38
0.896345501218495,-0.38788333518188,-0.214735327167063,0.892575546435141,-0.397400237077866,-0.213030386274977,5.87477826221291,5.86430628670095,-0.216420827247297,-0.214675497995303,0.438111888111888,-0.0104719755119662,0.0017453292519943,103
0.613548526385121,-0.760379024101915,0.213030386274977,0.64204843947996,-0.741200991579098,0.195946144242518,5.39132205941048,5.42622864445037,0.214675497995303,0.197222205475359,0.438111888111888,0.0349065850398862,-0.0174532925199433,147
0.246455977561439,-0.966885319595869,0.0662739004000001,0.200702870290115,-0.977748144297891,0.0610485395348569,4.96197106341988,4.91484717361603,0.0663225115757845,0.0610865238198015,0.438811188811189,-0.0471238898038466,-0.00523598775598298,83
0.78549297146083,-0.607097958932867,-0.120136838834647,0.790760487748108,-0.598047459789697,-0.130526192220052,5.62519617917772,5.63566815468969,-0.120427718387609,-0.130899693899575,0.439510489510489,0.0104719755119662,-0.010471975511966,18
-0.0438781555869821,-0.966272018130702,-0.253757944584806,-0.0370623790334169,-0.96476099684701,-0.260504508642648,4.66701041983284,4.67399173684082,-0.256563400043166,-0.263544717051144,0.439510489510489,0.00698131700797777,-0.00698131700797733,196
-0.179804481762409,-0.979677575696603,-0.0888942968664415,-0.153862866615705,-0.982547718252758,-0.104528463267653,4.53087473817728,4.55705467695719,-0.0890117918517108,-0.10471975511966,0.440909090909091,0.0261799387799142,-0.015707963267949,149
-0.26208695502353,-0.964640249055307,0.0279216387235689,-0.238489498753767,-0.970955311633593,0.0191974423996897,4.44709893408155,4.47153354360947,0.0279252680319093,0.0191986217719376,0.440909090909091,0.02443460952792,-0.00872664625997165,121
-0.24692299764693,-0.928004846961513,-0.278991106039229,-0.220915310013377,-0.934537526562043,-0.278991106039229,4.45233492183753,4.48026018986944,-0.282743338823081,-0.282743338823081,0.441608391608392,0.0279252680319093,0,16
-0.462922801570512,-0.88548964929819,-0.0401317925325597,-0.455544213399121,-0.890211448739833,0.00174532836589831,4.23067810683425,4.23940475309423,-0.0401425727958696,0.00174532925199433,0.441608391608392,0.00872664625997199,0.0418879020478639,41
-0.620508351988862,-0.782886699606049,-0.0453629881292538,-0.565777455179526,-0.82321130550553,-0.0471064507096427,4.04218254761887,4.11025038844665,-0.0453785605518526,-0.0471238898038469,0.441958041958042,0.0680678408277791,-0.00174532925199433,117
0.463619543905547,-0.839845354965219,-0.282341456842876,0.458444190081113,-0.844349162162582,-0.277314653302378,5.21678913421105,5.20980781720307,-0.28623399732707,-0.280998009571087,0.442307692307692,-0.00698131700797688,0.00523598775598294,13
-0.298527533391597,-0.907976651100902,-0.294040325232304,-0.29120970493111,-0.912480596717343,-0.287360519849712,4.39473905652172,4.40346570278169,-0.29845130209103,-0.291469985083053,0.443006993006993,0.00872664625997199,0.00698131700797727,10
-0.909462994879371,-0.37857290634983,-0.17192910027941,-0.930251144006553,-0.329419207210649,-0.161603821103361,3.53603706454051,3.48193185772869,-0.172787595947439,-0.162315620435473,0.443006993006993,-0.0541052068118235,0.010471975511966,13
-0.169231783260376,-0.950061807535774,0.262189178640865,-0.120657269505298,-0.955100634463819,0.270600445975864,4.53611072593326,4.5867252742411,0.265290046303138,0.27401669256311,0.443356643356643,0.050614548307836,0.00872664625997166,106
-0.98698722209617,0.114198317901377,-0.113203213767907,-0.986418098876323,0.101936394440116,-0.128795596577563,3.02640092295817,3.03861822772213,-0.113446401379631,-0.12915436464758,0.443706293706294,0.01221730476396,-0.015707963267949,31
-0.712851419738468,-0.693217715093822,-0.106264071336233,-0.71351007827873,-0.691439368699309,-0.113203213767907,3.91302818297129,3.91128285371929,-0.106465084371654,-0.113446401379631,0.445104895104895,-0.00174532925199467,-0.00698131700797733,15
-0.79420511662577,-0.589828773027801,-0.146083028562412,-0.788802981658962,-0.594405681562271,-0.156434465040231,3.78038315981972,3.78736447682769,-0.146607657167524,-0.15707963267949,0.445104895104895,0.00698131700797688,-0.010471975511966,5
-0.950948173540031,-0.133647050068031,-0.278991106039229,-0.953986085206028,-0.125594650780996,-0.272280247040574,3.28121899374934,3.27249234748937,-0.282743338823081,-0.275762021815104,0.445104895104895,-0.00872664625997155,0.00698131700797727,44
-0.835223701355538,0.466790748977653,0.290702193598252,-0.811432976942622,0.501151220765279,0.300705799504273,2.63195651200745,2.58832328070759,0.294960643587042,0.305432619099008,0.445454545454545,-0.0436332312998582,0.010471975511966,17
-0.854621679429767,-0.481554567889042,0.194234351219972,-0.858025966801555,-0.479534504391513,0.18395135061272,3.65471945367613,3.65122879517214,0.195476876223365,0.185004900711399,0.446853146853147,-0.00349065850398844,-0.010471975511966,67
-0.7809339327758,-0.384267133768098,-0.492423560103467,-0.804952080662658,-0.317079056941065,-0.501510737159457,3.59886891761231,3.51683844276857,-0.514872129338327,-0.525344104850293,0.446853146853147,-0.0820304748437328,-0.010471975511966,102
-0.901457468090234,0.412719452375193,-0.130526192220052,-0.929127075024851,0.338174599159867,-0.14953534344371,2.71224165759919,2.79252680319093,-0.130899693899575,-0.150098315671512,0.446853146853147,0.080285145591739,-0.0191986217719376,30
-0.81462292760804,0.549470102686734,0.185666615385577,-0.832467064058186,0.520183154803899,0.190808995376545,2.54818070791172,2.58308729295161,0.186750229963393,0.191986217719376,0.446853146853147,0.0349065850398866,0.005235987755983,73
0.355455210296222,0.879782517982504,-0.315649036947102,0.196442784700642,0.932187819167004,-0.30403306092549,1.18682389135614,1.36310214580757,-0.321140582366957,-0.308923277602996,0.448251748251748,0.176278254451427,0.0122173047639603,38
-0.72591022919342,0.684063194892293,0.0714974443326859,-0.777246497028905,0.627158861270963,0.0505929400767133,2.38586508747625,2.462659574564,0.0715584993317675,0.0506145483078356,0.448601398601399,0.0767944870877506,-0.0209439510239319,70
0.194284386877529,0.963543189288046,0.18395135061272,0.0796745411140973,0.969100216485603,0.233445363855905,1.37182879206754,1.48876585195116,0.185004900711399,0.235619449019234,0.44965034965035,0.11693705988362,0.0506145483078356,34
0.900491926104871,0.345666464271429,0.263873049965373,0.902450696495459,0.339208916245127,0.265556117486809,0.366519142918809,0.359537825910832,0.267035375555132,0.268780704807127,0.44965034965035,-0.00698131700797733,0.00174532925199428,53
0.943905813884697,-0.249390673508437,0.216439613938103,0.94072495446215,-0.267972552462911,0.207911690817759,6.02487657788443,6.00567795611249,0.218166156499291,0.20943951023932,0.45,-0.0191986217719373,-0.00872664625997166,12
0.961168403772104,0.104416303050795,0.255445757935791,0.955137480081993,0.168416508024349,0.243615011786023,0.108210413623648,0.174532925199433,0.258308729295161,0.2460914245312,0.450699300699301,0.0663225115757844,-0.0122173047639603,84
0.874734493457873,-0.447624255247927,-0.185666615385577,0.896008028157742,-0.406447267608433,-0.17880221511635,5.81020107988912,5.85732496969297,-0.186750229963393,-0.179768912955416,0.450699300699301,0.0471238898038484,0.0069813170079773,18
0.45406419361681,0.861209375352372,-0.228350870110656,0.453228938682839,0.856000507688143,-0.248689887164855,1.08559479474047,1.08384946548848,-0.230383461263251,-0.251327412287183,0.451398601398601,-0.00174532925199422,-0.020943951023932,13
0.770329805859944,-0.58048514512066,-0.263873049965373,0.739799971872436,-0.625179447550441,-0.248689887164855,5.63741348394168,5.58156294787787,-0.267035375555132,-0.251327412287183,0.451398601398601,-0.0558505360638186,0.015707963267949,36
0.894504727247571,-0.301034099631848,0.330514392713223,0.885852071644033,-0.340046750665761,0.315649036947102,5.95855406630864,5.91666616426078,0.336848545634906,0.321140582366957,0.452097902097902,-0.041887902047864,-0.015707963267949,30
0.640547948303122,-0.744705692786611,0.187381314585725,0.624101892086716,-0.759794078380703,0.182235525492147,5.42273798594638,5.40004870567045,0.188495559215388,0.183259571459405,0.452097902097902,-0.0226892802759275,-0.005235987755983,37
0.51053374767736,-0.856428329287271,0.0767190281268186,0.545949419001491,-0.834298161699528,0.0767190281268186,5.24995038999894,5.29183829204681,0.0767944870877505,0.0767944870877505,0.452797202797203,0.0418879020478631,0,8
0.48752020377134,-0.868750785565605,-0.0871557427476582,0.500949717041689,-0.860717791382602,-0.0906325801977802,5.22377045121903,5.23947841448698,-0.0872664625997165,-0.0907571211037051,0.452797202797203,0.0157079632679489,-0.00349065850398866,8
0.678081893734138,-0.623528264649813,-0.389123950140206,0.660177429199388,-0.637525932758842,-0.397147890634781,5.53967504583,5.51524043630208,-0.399680398706701,-0.408407044966673,0.453146853146853,-0.02443460952792,-0.00872664625997172,8
0.906111795572943,-0.270123658214046,0.325568154457157,0.921805030379753,-0.217905475457345,0.320612990585676,5.99346065134853,6.05105651666434,0.331612557878923,0.32637657012294,0.453846153846154,0.0575958653158137,-0.005235987755983,89
-0.0524495273337513,-0.968452772785004,-0.243615011786023,-0.0388359036616383,-0.966929579246436,-0.252069358243114,4.65828377357287,4.67224640758882,-0.2460914245312,-0.254818070791172,0.453846153846154,0.0139626340159547,-0.0087266462599716,54
-0.076775993941116,-0.954235855074312,0.289031796944472,-0.0648315403293388,-0.950983343989835,0.302369890750444,4.63210383479295,4.64432113955691,0.293215314335047,0.307177948351002,0.454195804195804,0.0122173047639613,0.0139626340159546,120
0.871679883906506,-0.312106584052855,0.377840786818467,0.863799081087992,-0.316105574842873,0.392337116603562,5.9393554445367,5.93237412752873,0.387463093942741,0.40317105721069,0.454895104895105,-0.00698131700797777,0.015707963267949,34
0.693743329827057,-0.705958341257114,-0.142628933705512,0.720523148519899,-0.681364870498326,-0.128795596577563,5.48906049752217,5.52571241181405,-0.143116998663535,-0.12915436464758,0.454895104895105,0.0366519142918813,0.0139626340159546,145
-0.0918127573543412,-0.989711472377868,-0.109734311091045,-0.0816390476504388,-0.992994972364148,-0.0854169231373675,4.61988653002899,4.63035850554096,-0.109955742875643,-0.0855211333477222,0.455594405594406,0.0104719755119671,0.0244346095279206,19
-0.581298453961786,-0.788454042445883,0.201077921145965,-0.498284041407117,-0.84255230037079,0.20449605184179,4.07708913265875,4.17831822927443,0.202458193231342,0.205948851735331,0.455944055944056,0.101229096615672,0.00349065850398866,8
-0.821840932833106,-0.333714997109111,-0.461748613235034,-0.850463570319954,-0.304510043990445,-0.428935133403146,3.52731041828054,3.48542251623268,-0.479965544298441,-0.44331363000656,0.456293706293706,-0.0418879020478635,0.036651914291881,165
0.754481324884721,-0.572682495513793,-0.320612990585676,0.771692333047804,-0.544369058432014,-0.328866646738583,5.6339228254377,5.66882941047758,-0.32637657012294,-0.335103216382911,0.457692307692308,0.0349065850398862,-0.0087266462599716,18
-0.831084592217428,-0.143553235592727,-0.537299608346824,-0.852738406047693,-0.0372313628623437,-0.521009631840576,3.31263492028524,3.18522588488965,-0.567232006898157,-0.548033385126219,0.457692307692308,-0.127409035395586,0.0191986217719377,315
-0.807635795183006,0.380044557441576,-0.450877540689431,-0.767471568797415,0.472151659366276,-0.433659084587544,2.70176968208722,2.59006860995959,-0.46774823953448,-0.448549617762543,0.458041958041958,-0.111701072127637,0.0191986217719377,35
-0.159472017027273,-0.984609969093929,-0.0714974443326859,-0.111210801240842,-0.9914666297577,-0.0680152906652482,4.55181868920121,4.60068790825705,-0.0715584993317675,-0.0680678408277788,0.459440559440559,0.0488692190558417,0.00349065850398865,22
-0.87862999168526,0.387521999971831,-0.278991106039229,-0.874789598785731,0.391312298025222,-0.285688367404974,2.72620429161514,2.72096830385916,-0.282743338823081,-0.289724655831059,0.459440559440559,-0.00523598775598311,-0.00698131700797733,15
-0.874380092021899,0.480694523373782,0.0662739004000001,-0.885316303372894,0.458904383837915,0.0749787268263277,2.63893782901543,2.66337243854335,0.0663225115757845,0.0750491578357562,0.459440559440559,0.0244346095279209,0.00872664625997165,40
-0.7727399419083,0.567633919134744,-0.284015344703923,-0.756961870028071,0.597812462922594,-0.263873049965373,2.50803813511585,2.47313155007596,-0.287979326579064,-0.267035375555132,0.459440559440559,-0.0349065850398866,0.0209439510239319,49
-0.854837894670591,-0.22745477692856,-0.466386640339891,-0.860990307540851,-0.209886812741836,-0.463296035119862,3.40164671213695,3.38070276111302,-0.485201532054424,-0.481710873550435,0.460839160839161,-0.0209439510239324,0.00349065850398855,31
-0.954096597023789,0.117148331724522,-0.275637355816999,-0.959329180301513,0.112695278136428,-0.258819045102521,3.01941960595019,3.02465559370617,-0.279252680319093,-0.261799387799149,0.460839160839161,0.00523598775598311,0.0174532925199433,8
-0.981175540144614,0.18007940968559,0.0697564737441253,-0.981658123926982,0.169561800634053,0.0871557427476582,2.96007841138238,2.97055038689435,0.0698131700797732,0.0872664625997165,0.461888111888112,0.0104719755119662,0.0174532925199433,13
-0.0394597819569777,0.982462792606676,-0.182235525492147,-0.164384532173662,0.971899714248259,-0.168489379565003,1.61093889959077,1.73834793498635,-0.183259571459405,-0.16929693744345,0.461888111888112,0.127409035395586,0.0139626340159547,20
-0.516601518442013,0.726928954543268,-0.452434709311783,-0.575702431777323,0.70840168348925,-0.408330460381385,2.18864288200089,2.25322006432468,-0.469493568786475,-0.420624349730633,0.463636363636364,0.0645771823237902,0.0488692190558412,80
-0.195203039538479,0.92630480676316,-0.322265695230511,-0.260305405588315,0.907792831258555,-0.328866646738583,1.77849050778222,1.85004900711399,-0.328121899374934,-0.335103216382911,0.463986013986014,0.0715584993317675,-0.00698131700797727,25
0.988019308221316,0.0968761401826608,0.120136838834647,0.966713460297774,0.230303631825219,0.111468932206325,0.0977384381116825,0.23387411976724,0.120427718387609,0.111701072127637,0.465034965034965,0.136135681655558,-0.00872664625997166,42
0.918443832760233,-0.0868185035708118,-0.385906042324319,0.930793074579497,-0.063455105848326,-0.359996808120051,6.18893752757189,6.21511746635181,-0.396189740202713,-0.368264472170804,0.466083916083916,0.0261799387799151,0.0279252680319093,62
0.904637892805803,0.397108271471327,-0.154710386299468,0.88872698254837,0.431542636203584,-0.154710386299468,0.413643032722656,0.452040276266531,-0.155334303427495,-0.155334303427495,0.467132867132867,0.0383972435438751,0,13
0.860779381074648,-0.414265140044264,-0.295708050044047,0.880964420867474,-0.36671009494216,-0.299040792256087,5.83463568941704,5.88874089622887,-0.300196631343025,-0.303687289847013,0.467132867132867,0.0541052068118235,-0.00349065850398866,30
0.566654476302628,-0.777077249042607,0.273959218692432,0.603654672350348,-0.753484198591083,0.260504508642648,5.34245284035464,5.38783140090649,0.277507351067098,0.263544717051144,0.467132867132867,0.0453785605518524,-0.0139626340159547,3
0.805272926463542,-0.587215117915341,-0.0819385086300409,0.852053642617697,-0.518056734948419,-0.0749787268263277,5.65312144720963,5.73689725130536,-0.0820304748437335,-0.0750491578357562,0.467482517482517,0.083775804095727,0.00698131700797733,13
-0.0191529864760232,-0.99750041771659,-0.0680152906652482,0.0313051368455963,-0.996145606430387,-0.0819385086300409,4.69319035861275,4.74380490692059,-0.0680678408277788,-0.0820304748437335,0.468881118881119,0.050614548307836,-0.0139626340159546,103
-0.0868099240793057,-0.953880479259875,0.287360519849712,-0.0917550076432432,-0.952912188466198,0.289031796944472,4.62163185928098,4.616395871525,0.291469985083053,0.293215314335047,0.468881118881119,-0.00523598775598266,0.00174532925199433,33
0.960855423372446,-0.202483996444693,-0.189095442989891,0.963917365406104,-0.187366555470853,-0.189095442989891,6.07549112619226,6.09119908946021,-0.190240888467382,-0.190240888467382,0.469230769230769,0.0157079632679489,0,36
0.820548134263057,-0.508761398235232,-0.260504508642648,0.826913603286489,-0.492939439827468,-0.270600445975864,5.72817060504539,5.74562389756533,-0.263544717051144,-0.27401669256311,0.46958041958042,0.0174532925199431,-0.010471975511966,7
0.732547345914704,-0.675975235145354,0.0801989243288589,0.761335748791774,-0.643378590060442,0.0801989243288589,5.53792971657801,5.58156294787787,0.0802851455917391,0.0802851455917391,0.47027972027972,0.0436332312998582,0,42
-0.986615619581603,0.0724525221344554,0.146083028562412,-0.986652180528854,0.131647508071706,0.095845752520224,3.06828882500603,3.00894763043822,0.146607657167524,0.0959931088596881,0.470629370629371,-0.0593411945678071,-0.0506145483078356,6
-0.728671558305535,0.531356439500655,-0.432085748801982,-0.719533586772769,0.546155718489096,-0.428935133403146,2.51152879361984,2.4923301718479,-0.446804288510548,-0.44331363000656,0.470979020979021,-0.0191986217719373,0.00349065850398872,6
-0.645268187600884,0.750193477246262,0.144356201000973,-0.625668038670577,0.775398900326702,0.0854169231373675,2.28114533235659,2.24972940582069,0.144862327915529,0.0855211333477222,0.471328671328671,-0.0314159265358978,-0.0593411945678072,102
-0.566501571405543,0.70458585438269,0.427357863387192,-0.571203472538379,0.697874271371518,0.432085748801982,2.2479840765687,2.25671072282867,0.441568300754565,0.446804288510548,0.473426573426573,0.00872664625997155,0.00523598775598294,91
0.352916413304084,0.905183792270267,0.236838146065619,0.34568473333133,0.905258831967762,0.246999012722743,1.1990411961201,1.20602251312808,0.239110107523223,0.249582083035189,0.473776223776224,0.00698131700797688,0.010471975511966,13
-0.514588596649815,0.84634955719408,0.137444546037147,-0.516179568049576,0.8489662454543,0.113203213767907,2.11708438266912,2.11708438266912,0.137881010907552,0.113446401379631,0.475174825174825,0,-0.0244346095279206,78
0.140494083192529,0.951424069004628,-0.273959218692432,0.0874203275837404,0.960587684611417,-0.263873049965373,1.42418866962737,1.48003920569119,-0.277507351067098,-0.267035375555132,0.475174825174825,0.0558505360638186,0.0104719755119659,58
0.642059447005936,0.743833028603662,0.185666615385577,0.565257160329742,0.810277137198765,0.154710386299468,0.85870199198121,0.961676417848876,0.186750229963393,0.155334303427495,0.475174825174825,0.102974425867665,-0.0314159265358979,80
0.726595333896474,0.584197647267441,-0.361624570082092,0.729027047294244,0.586152795036129,-0.353474843779257,0.6771877497738,0.6771877497738,-0.370009801422798,-0.361283155162826,0.475174825174825,0,0.00872664625997166,22
-0.15828342633524,0.888598082640569,0.430511096808295,-0.0817843293323763,0.881608300778869,0.46484204572462,1.74707458124632,1.6632987771506,0.445058959258554,0.483456202802429,0.476573426573427,-0.0837758040957279,0.0383972435438752,10
0.764827362985056,0.537529673672619,0.355106962408137,0.814388535497364,0.434842981123365,0.384295322659804,0.61261056745001,0.490437519810407,0.363028484414821,0.394444410950718,0.476573426573427,-0.122173047639603,0.0314159265358979,19
0.902218292294862,0.349947412740041,0.252069358243114,0.896201714603945,0.356641977679187,0.263873049965373,0.370009801422798,0.378736447682769,0.254818070791172,0.267035375555132,0.476573426573427,0.00872664625997155,0.0122173047639604,59
0.786053847472129,0.538222302342201,-0.30403306092549,0.777423393918133,0.558635379244692,-0.289031796944472,0.600393262686049,0.623082542961976,-0.308923277602996,-0.293215314335047,0.477272727272727,0.0226892802759266,0.0157079632679489,53
-0.819942915121522,0.526393996063409,-0.224951054343865,-0.792894682120371,0.567656838475317,-0.221548497619467,2.57086998818765,2.52025543987981,-0.226892802759263,-0.223402144255274,0.477622377622378,-0.0506145483078355,0.00349065850398864,36
0.882606278722875,-0.385601201812458,-0.268919820615266,0.857764626848286,-0.437052907055294,-0.270600445975864,5.87128760370892,5.81194640914112,-0.272271363311115,-0.27401669256311,0.478671328671329,-0.0593411945678071,-0.00174532925199433,55
0.336982300269931,0.915891071873613,0.218143241396543,0.359977642287563,0.904583869617845,0.228350870110656,1.21823981789204,1.19205987911213,0.219911485751285,0.230383461263251,0.479020979020979,-0.0261799387799151,0.010471975511966,35
0.892671565139345,0.0514711185954327,-0.44775908783877,0.881608300778869,-0.0817843293323771,-0.46484204572462,0.0575958653158129,6.19068285682389,-0.464257581030492,-0.483456202802429,0.479370629370629,-0.150098315671514,-0.0191986217719375,23
0.716989209210018,-0.670946635222839,-0.189095442989891,0.705882868989964,-0.681663162912222,-0.192521966525907,5.53094839957003,5.51524043630208,-0.190240888467382,-0.193731546971371,0.48006993006993,-0.0157079632679489,-0.00349065850398866,25
0.397415203483702,-0.864042622344223,0.309016994374947,0.425844198219436,-0.850391213519001,0.309016994374947,5.14348530562729,5.17664656141518,0.314159265358979,0.314159265358979,0.48006993006993,0.0331612557878929,0,45
0.964800336344104,0.226291875919925,0.133986185418292,0.96112666452821,0.234297425292964,0.146083028562412,0.230383461263251,0.239110107523223,0.134390352403563,0.146607657167524,0.48041958041958,0.00872664625997155,0.0122173047639603,62
0.876914821912576,-0.420147185167554,0.233445363855905,0.908434000751087,-0.359674465041526,0.213030386274977,5.83638101866904,5.90619418874881,0.235619449019234,0.214675497995303,0.481118881118881,0.0698131700797724,-0.0209439510239319,29
0.295002508287849,-0.913345344657458,0.280666708920788,0.364613312573887,-0.884618204046843,0.290702193598252,5.02480291649167,5.10334273283142,0.284488668075076,0.294960643587042,0.481118881118881,0.0785398163397453,0.0104719755119659,23
0.807380971794073,-0.552825289137329,-0.20620418539663,0.818841448372892,-0.541979331586585,-0.189095442989891,5.68279204449354,5.69850000776149,-0.207694180987325,-0.190240888467382,0.482517482517482,0.0157079632679489,0.0174532925199433,36
-0.95019450853455,-0.165835489123279,-0.263873049965373,-0.965750093753417,0.0455436183002255,-0.255445757935791,3.31438024953723,3.09446876378595,-0.267035375555132,-0.258308729295161,0.483566433566434,-0.219911485751285,0.00872664625997166,69
-0.86669240563694,0.443508910993862,-0.228350870110656,-0.858621720196835,0.454616799265522,-0.236838146065619,2.66860842629933,2.65464579228338,-0.230383461263251,-0.239110107523223,0.483916083916084,-0.0139626340159547,-0.00872664625997163,30
-0.871849038950652,0.47732340635066,-0.109734311091045,-0.871721651918401,0.481216205204513,-0.0923705874465616,2.64068315826742,2.63719249976343,-0.109955742875643,-0.0925024503556995,0.484265734265734,-0.00349065850398889,0.0174532925199433,10
0.0401303842891772,0.957481962747228,-0.285688367404974,0.190451873849775,0.936100866833407,-0.295708050044047,1.52890842474703,1.37008346281555,-0.289724655831059,-0.300196631343025,0.484615384615385,-0.158824961931484,-0.0104719755119659,67
0.0910666408539491,0.866441210706268,-0.490903753615141,0.00610003133013916,0.873750929822744,-0.486335380423491,1.46607657167524,1.56381500978692,-0.513126800086333,-0.50789081233035,0.484965034965035,0.0977384381116826,0.00523598775598288,24
0.469025581889447,0.82228938045609,-0.322265695230511,0.427084776703652,0.849163558791763,-0.310676429630732,1.05243353895258,1.10479341651241,-0.328121899374934,-0.315904594610974,0.485314685314685,0.0523598775598302,0.0122173047639603,24
-0.211139564264366,0.960317810753739,-0.182235525492147,-0.241430451784334,0.954123855533001,-0.177084740319583,1.78721715404219,1.81863308057809,-0.183259571459405,-0.178023583703422,0.486363636363636,0.0314159265358978,0.005235987755983,28
0.575153150678501,0.791630398095921,0.20620418539663,0.57116286025429,0.800740797801727,0.18051914525056,0.942477796076938,0.951204442336909,0.207694180987325,0.18151424220741,0.486363636363636,0.00872664625997155,-0.0261799387799149,157
0.572566142661109,0.727601781261275,0.377840786818467,0.620285223325203,0.686483258878104,0.379456159529005,0.904080552533063,0.836012711705284,0.387463093942741,0.389208423194735,0.486363636363636,-0.0680678408277791,0.00174532925199433,57
0.900984673829643,0.340453737832831,0.268919820615266,0.916010310244518,0.306492762423458,0.258819045102521,0.361283155162826,0.322885911618951,0.272271363311115,0.261799387799149,0.487062937062937,-0.0383972435438751,-0.010471975511966,42
0.88374929447691,-0.0928857937625774,-0.458649554484315,0.880420914959806,-0.114346712179381,-0.460199784783852,6.17846555205993,6.15403094253201,-0.476474885794452,-0.478220215046446,0.487412587412587,-0.0244346095279191,-0.00174532925199428,183
0.84717993012009,0.371885989245652,0.379456159529005,0.847937359828243,0.354699881132407,0.393941909590951,0.413643032722656,0.396189740202713,0.389208423194735,0.404916386462684,0.487762237762238,-0.0174532925199431,0.015707963267949,20
0.763576920859775,-0.640717112668921,-0.0801989243288589,0.679176400316023,-0.733443794264264,-0.0279216387235689,5.58505360638185,5.45938990023826,-0.0802851455917391,-0.0279252680319093,0.488111888111888,-0.125663706143591,0.0523598775598299,57
0.921859256207135,-0.383732971910658,-0.0540788129847753,0.907818395538806,-0.415631712338756,-0.0558215049931638,5.88874089622887,5.85383431118898,-0.0541052068118242,-0.0558505360638185,0.488461538461538,-0.0349065850398862,-0.00174532925199433,27
0.405169191141075,0.861028359605391,-0.307356617799807,0.389216784211134,0.870105018980989,-0.302369890750444,1.13097335529233,1.15017197706426,-0.312413936106985,-0.307177948351002,0.49020979020979,0.0191986217719378,0.00523598775598294,10
0.58698528538351,-0.790376357264701,0.175366726091987,0.626221030575939,-0.75966685609166,0.175366726091987,5.35117948661461,5.40179403492245,0.176278254451427,0.176278254451427,0.49020979020979,0.050614548307836,0,35
0.358214179197743,-0.882175142670208,0.305695304963106,0.455263913601837,-0.845516842956394,0.278991106039229,5.09810674507544,5.20631715869909,0.310668606854991,0.282743338823081,0.49020979020979,0.108210413623649,-0.0279252680319093,45
0.910525866571504,0.292337874011788,-0.292371704722737,0.905013966346611,0.295804160283604,-0.305695304963106,0.310668606854991,0.315904594610974,-0.296705972839036,-0.310668606854991,0.490559440559441,0.00523598775598311,-0.0139626340159547,27
0.310579968313434,-0.835124367641529,0.453990499739547,0.311404293848167,-0.837340912207049,0.449318998615897,5.06843614779153,5.06843614779153,0.471238898038469,0.466002910282486,0.491608391608392,0,-0.00523598775598305,40
0.11599912352373,-0.931296599967,0.345298198998535,0.14746161738373,-0.93103601011296,0.333806859233771,4.83630735727629,4.86946861306418,0.352556508902855,0.340339204138894,0.491608391608392,0.033161255787892,-0.0122173047639603,19
-0.0800597436544671,-0.933856501434701,0.348572047321815,-0.0749221939437541,-0.931195288162524,0.356737999319625,4.62686784703697,4.63210383479295,0.356047167406843,0.364773813666815,0.491608391608392,0.00523598775598177,0.00872664625997166,48
0.550028756594098,-0.762633679243391,0.34037955021305,0.540005320022767,-0.771207521420652,0.337095258423082,5.33721685259866,5.32325421858271,0.347320521146872,0.343829862642883,0.492307692307692,-0.0139626340159547,-0.00349065850398866,42
0.152002421248966,-0.981875906786122,-0.113203213767907,0.250950665508752,-0.963414442929448,-0.0941083133185143,4.86597795456019,4.96720705117586,-0.113446401379631,-0.0942477796076938,0.493006993006993,0.101229096615671,0.0191986217719376,7
0.647213742642136,-0.642711037450952,0.409923033841573,0.662588045807014,-0.630974068679137,0.40354529635239,5.50127780228613,5.52222175331006,0.422369678982628,0.41538836197465,0.494405594405594,0.0209439510239315,-0.00698131700797738,10
-0.950381261351449,-0.292375452483748,0.106264071336233,-0.94864146999452,-0.300926800204355,0.0975828997591495,3.44004395568082,3.4487706019408,0.106465084371654,0.0977384381116825,0.494405594405594,0.00872664625997155,-0.00872664625997163,65
-0.895071231077224,-0.379935196306009,-0.233445363855905,-0.898529928029916,-0.375863210851659,-0.226651307436855,3.54301838154849,3.53778239379251,-0.235619449019234,-0.228638132011257,0.495104895104895,-0.00523598775598311,0.00698131700797733,5
-0.974769158238911,-0.0272277679724413,-0.221548497619467,-0.960733209582093,0.0318708030068925,-0.275637355816999,3.1695179216217,3.1084313978019,-0.223402144255274,-0.279252680319093,0.495104895104895,-0.0610865238198017,-0.0558505360638185,129
-0.836401883856465,0.508540316457285,-0.20449605184179,-0.855041934185852,0.47200850633243,-0.214735327167063,2.59530459771557,2.63719249976343,-0.205948851735331,-0.216420827247297,0.495804195804196,0.041887902047864,-0.010471975511966,258
-0.948314602230963,-0.0646496037685548,0.310676429630732,-0.947686755139515,-0.0347500957809125,0.317304656405092,3.20966049441757,3.17824456788167,0.315904594610974,0.322885911618951,0.496153846153846,-0.0314159265358982,0.00698131700797733,10
-0.859181672138374,-0.393364081798541,-0.327217898979104,-0.870585118045031,-0.315147413213119,-0.377840786818467,3.5709436495804,3.48891317473666,-0.333357887130917,-0.387463093942741,0.496503496503497,-0.0820304748437337,-0.0541052068118242,30
-0.557493926984039,0.79618384059309,-0.23514211310259,-0.580976224695432,0.776606948443766,-0.243615011786023,2.18166156499291,2.21307749152881,-0.237364778271229,-0.2460914245312,0.497202797202797,0.0314159265358982,-0.00872664625997166,19
0.0683733460545498,0.953857364508355,-0.292371704722737,0.0963791036032262,0.948834595982426,-0.300705799504273,1.49923782746313,1.46956723017923,-0.296705972839036,-0.305432619099008,0.497552447552448,-0.0296705972839035,-0.00872664625997166,40
-0.499857653319409,0.84521313280052,0.189095442989891,-0.463421542620708,0.867911425033989,0.17880221511635,2.10486707790516,2.0612338466053,0.190240888467382,0.179768912955416,0.498601398601399,-0.0436332312998577,-0.010471975511966,48
0.363432261015298,0.927369826788606,-0.0888942968664415,0.344654148252836,0.936742544092438,-0.0610485395348569,1.19729586686811,1.21823981789204,-0.0890117918517108,-0.0610865238198015,0.498601398601399,0.020943951023932,0.0279252680319093,184
0.533424496978857,0.808980712833652,-0.246999012722743,0.510132848854791,0.810077216612309,-0.289031796944472,0.987856356628791,1.00880030765272,-0.249582083035189,-0.293215314335047,0.499300699300699,0.0209439510239315,-0.0436332312998583,60
0.546002614300977,0.774008046110767,-0.320612990585676,0.557153961881212,0.752950365476673,-0.350207381259467,0.956440430092892,0.933751149816966,-0.32637657012294,-0.357792496658838,0.499300699300699,-0.0226892802759262,-0.0314159265358979,112
-0.555685426519697,0.811558097089561,-0.18051914525056,-0.615679146362231,0.77124794569546,-0.161603821103361,2.17118958948095,2.24449341806471,-0.18151424220741,-0.162315620435473,0.5,0.0733038285837617,0.0191986217719376,122
0.963235526038584,0.263511421121191,-0.0523359562429438,0.946678679381945,0.314918081791723,-0.0680152906652482,0.267035375555132,0.321140582366957,-0.0523598775598299,-0.0680678408277788,0.5,0.054105206811824,-0.015707963267949,11
0.973793783136819,-0.074929347992203,0.214735327167063,0.974833372306286,-0.0459719748429817,0.218143241396543,6.20639082009184,6.23606141737574,0.216420827247297,0.219911485751285,0.501048951048951,0.0296705972839035,0.00349065850398864,336
0.955095110585954,-0.222257594451335,0.195946144242518,0.9527227157464,-0.204246052716785,0.224951054343865,6.05454717516833,6.07200046768827,0.197222205475359,0.226892802759263,0.501048951048951,0.0174532925199431,0.0296705972839036,39
-0.481954881955799,0.805287927096476,-0.345298198998535,-0.431894287095094,0.833208544449101,-0.345298198998535,2.11010306566114,2.04901654184134,-0.352556508902855,-0.352556508902855,0.501398601398601,-0.0610865238198017,0,11
0.700877137728991,-0.669772740742802,0.245307385878803,0.670673644489323,-0.694502889529094,0.260504508642648,5.52047642405806,5.48033385126219,0.247836753783195,0.263544717051144,0.501748251748252,-0.0401425727958697,0.015707963267949,93
0.0188880763436456,0.983703719847355,0.17880221511635,0.0325010656637136,0.97973223715716,0.197657340379126,1.55159770502296,1.537635071007,0.179768912955416,0.198967534727354,0.502447552447552,-0.0139626340159547,0.0191986217719376,16
0.787706710316067,0.490304244905366,-0.372987782575809,0.794978542430505,0.462688560492123,-0.392337116603562,0.556760031386191,0.527089434102287,-0.382227106186758,-0.40317105721069,0.502447552447552,-0.0296705972839035,-0.020943951023932,20
0.756643029388083,-0.643953692800221,-0.113203213767907,0.760154348912118,-0.640109399230144,-0.111468932206325,5.57807228937388,5.58330827712986,-0.113446401379631,-0.111701072127637,0.502797202797203,0.00523598775598177,0.00174532925199432,89
0.479111433726519,-0.875114937770029,-0.0680152906652482,0.519981538345468,-0.851866509752038,-0.0627905195293134,5.21329847570706,5.26042236551091,-0.0680678408277788,-0.0628318530717959,0.503846153846154,0.0471238898038475,0.00523598775598298,45
0.37658456123786,-0.913662630369527,0.152985836284038,0.382744626537629,-0.91051348644825,0.156434465040231,5.10334273283142,5.1103240498394,0.153588974175501,0.15707963267949,0.503846153846154,0.00698131700797777,0.00349065850398866,18
0.330199816247353,-0.94290266220649,-0.043619387365336,0.373552125874835,-0.924573955818513,-0.0749787268263277,5.0492375260196,5.09636141582344,-0.0436332312998582,-0.0750491578357562,0.503846153846154,0.0471238898038466,-0.0314159265358979,6
0.485941028424889,-0.828266430349781,0.278991106039229,0.49146145142091,-0.824434254668513,0.280666708920788,5.24296907299097,5.24995038999894,0.282743338823081,0.284488668075076,0.504545454545455,0.00698131700797777,0.00174532925199433,5
0.104464294095007,-0.961610168841473,0.253757944584806,0.0975209936518396,-0.960076294052085,0.262189178640865,4.82059939400834,4.81361807700036,0.256563400043166,0.265290046303138,0.504545454545455,-0.006981317007976,0.00872664625997166,20
0.929572570540196,-0.36804381688696,-0.020942419883357,0.971097302091979,-0.238524374955424,0.00872653549837393,5.90619418874881,6.04232987040437,-0.020943951023932,0.00872664625997165,0.504895104895105,0.136135681655558,0.0296705972839036,121
0.582221022636603,-0.764274338090564,0.277314653302378,0.58886832058593,-0.759164464443699,0.277314653302378,5.36339679137857,5.37212343763855,0.280998009571087,0.280998009571087,0.505944055944056,0.00872664625997199,0,17
-0.0810125065741105,-0.964752210336041,0.250380004054441,-0.0117495943820547,-0.961669534468722,0.273959218692432,4.62861317628896,4.70017167562073,0.253072741539178,0.277507351067098,0.505944055944056,0.0715584993317675,0.0244346095279206,101
0.410041010672494,-0.791049300431342,-0.453990499739547,0.433692480352775,-0.772830910566907,-0.463296035119862,5.19060919543114,5.22377045121903,-0.471238898038469,-0.481710873550435,0.506643356643357,0.0331612557878929,-0.010471975511966,18
0.00347628528542767,-0.995878331347413,-0.0906325801977802,0.0966800472033195,-0.986019397310009,-0.135715572434304,4.71587963888868,4.81012741849637,-0.0907571211037051,-0.136135681655558,0.507342657342657,0.094247779607695,-0.0453785605518526,209
-0.773917961157223,-0.609013382275957,-0.17364817766693,-0.765274170999599,-0.604377122667158,-0.221548497619467,3.80830842785163,3.81005375710362,-0.174532925199433,-0.223402144255274,0.508041958041958,0.00174532925199467,-0.0488692190558412,42
-0.821469524385658,-0.470460032503502,-0.322265695230511,-0.820647165976591,-0.471893050014709,-0.322265695230511,3.6617007706841,3.6634460999361,-0.328121899374934,-0.328121899374934,0.508041958041958,0.00174532925199378,0,18
0.0130260655012764,-0.932862594255409,0.359996808120051,-1.72945333379337e-16,-0.941470544812038,0.337095258423082,4.72635161440064,4.71238898038469,0.368264472170804,0.343829862642883,0.509440559440559,-0.0139626340159547,-0.0244346095279206,18
-0.933852709666644,-0.343590896211072,0.099319749743639,-0.921282574001656,-0.374094060343026,0.106264071336233,3.49414916249265,3.52731041828054,0.0994837673636768,0.106465084371654,0.509440559440559,0.033161255787892,0.0069813170079773,54
-0.952380498947071,-0.137240126409339,-0.272280247040574,-0.942683103953068,-0.137522592273728,-0.30403306092549,3.28470965225333,3.28645498150532,-0.275762021815104,-0.308923277602996,0.509440559440559,0.00174532925199467,-0.0331612557878922,81
-0.975197429708923,0.0374633063426152,-0.218143241396543,-0.972888368938828,-0.0237768795940881,-0.230049737188104,3.10319541004592,3.16602726311771,-0.219911485751285,-0.232128790515246,0.50979020979021,0.062831853071796,-0.0122173047639604,14
-0.922550424191673,0.303319146180012,-0.238533457578581,-0.920857656708884,0.288579297047192,-0.262189178640865,2.82394272972683,2.83790536374278,-0.240855436775218,-0.265290046303138,0.510489510489511,0.0139626340159542,-0.0244346095279206,35
-0.961564072283747,0.0184629733934729,-0.273959218692432,-0.9598038301085,0.00167517540182362,-0.280666708920788,3.12239403181786,3.1398473243378,-0.277507351067098,-0.284488668075076,0.511188811188811,0.0174532925199431,-0.00698131700797733,19
-0.835172244559921,0.540297155552004,0.102792536787247,-0.834478667001037,0.53778480294165,0.120136838834647,2.56737932968366,2.56912465893565,0.102974425867665,0.120427718387609,0.511188811188811,0.00174532925199422,0.0174532925199433,26
-0.578498643491401,0.799164532206264,0.163325962241622,-0.602465758958409,0.782317732794671,0.158158067254484,2.19736952826086,2.22704012554476,0.164060949687467,0.158824961931484,0.511538461538461,0.0296705972839035,-0.005235987755983,77
-0.959819251985296,-0.244654859512396,0.137444546037147,-0.962855438377467,-0.240066823477349,0.123601476740493,3.39117473662498,3.385938748869,0.137881010907552,0.123918376891597,0.512587412587413,-0.00523598775598311,-0.0139626340159547,3
-0.94838246502003,-0.236458305934937,-0.211324796455389,-0.955621473135566,-0.225899343785386,-0.189095442989891,3.385938748869,3.37372144410504,-0.212930168743308,-0.190240888467382,0.512587412587413,-0.01221730476396,0.0226892802759263,15
-0.918784187991091,0.378695514959357,-0.111468932206325,-0.934770848443543,0.342077553522548,-0.095845752520224,2.75063890114306,2.79078147393893,-0.111701072127637,-0.0959931088596881,0.514335664335664,0.0401425727958697,0.015707963267949,11
-0.184591080545539,0.967660331655764,0.17192910027941,-0.246873691759376,0.954589736711975,0.166768746716102,1.75929188601028,1.82386906833407,0.172787595947439,0.167551608191456,0.514335664335664,0.0645771823237906,-0.005235987755983,180
-0.934360894856453,0.124670360918443,-0.333806859233771,-0.943748504735938,0.0809077874891572,-0.320612990585676,3.00894763043822,3.05607152024207,-0.340339204138894,-0.32637657012294,0.514685314685315,0.0471238898038466,0.0139626340159547,14
0.244764107941877,0.932985286574975,-0.263873049965373,0.229298679762036,0.947807142124359,-0.221548497619467,1.31423292675173,1.33343154852367,-0.267035375555132,-0.223402144255274,0.515034965034965,0.0191986217719378,0.0436332312998583,530
-0.689715992017373,0.699414107163715,-0.187381314585725,-0.643574735649785,0.729992245200587,-0.230049737188104,2.34921317318437,2.29336263712055,-0.188495559215388,-0.232128790515246,0.515734265734266,-0.0558505360638186,-0.0436332312998582,13
-0.457842290917106,0.875771528735805,-0.152985836284038,-0.412650965997066,0.88091548373709,-0.231747903494157,2.05250720034533,2.00887396904547,-0.153588974175501,-0.23387411976724,0.515734265734266,-0.0436332312998582,-0.0802851455917392,13
-0.978928867968384,0.104617316147552,0.175366726091987,-0.976906178390786,0.102676976806078,0.187381314585725,3.03512756921814,3.03687289847013,0.176278254451427,0.188495559215388,0.516083916083916,0.00174532925199422,0.0122173047639603,21
-0.28982361963129,0.891985382823765,-0.346935651573256,-0.284964712215553,0.892912448461654,-0.348572047321815,1.88495559215388,1.87971960439789,-0.354301838154849,-0.356047167406843,0.516433566433566,-0.00523598775598266,-0.00174532925199433,26
0.977769833547926,-0.00511963766263722,0.209618562903822,0.975528600655578,0.00340525103642424,0.219846204352837,6.2779493194236,0.00349065850398866,0.211184839491314,0.22165681500328,0.517132867132867,0.00872664625997199,0.0104719755119659,84
0.974815194976741,-0.221472578482631,-0.0261769483078731,0.981904871277186,-0.189085074766773,-0.0104717841162458,6.05978316292431,6.0929444187122,-0.0261799387799149,-0.010471975511966,0.517832167832168,0.0331612557878929,0.015707963267949,56
0.835923950335587,0.522343257091683,-0.168489379565003,0.838527875133708,0.515865790689329,-0.175366726091987,0.558505360638185,0.551524043630208,-0.16929693744345,-0.176278254451427,0.518881118881119,-0.00698131700797733,-0.00698131700797733,21
0.687388038751631,-0.66845565907837,0.284015344703923,0.693195167159427,-0.662431690213811,0.284015344703923,5.51174977779809,5.52047642405806,0.287979326579064,0.287979326579064,0.518881118881119,0.00872664625997199,0,51
0.593352307461573,-0.790271075724337,0.152985836284038,0.585450553695014,-0.794085813521467,0.163325962241622,5.3564154743706,5.34768882811063,0.153588974175501,0.164060949687467,0.518881118881119,-0.00872664625997199,0.010471975511966,21
0.96511394895588,-0.154586208744103,0.211324796455389,0.962861512993142,-0.168046235303403,0.211324796455389,6.1243603452481,6.11039771123215,0.212930168743308,0.212930168743308,0.52027972027972,-0.0139626340159538,0,30
0.781328356518587,-0.586637923956079,-0.213030386274977,0.812104687062839,-0.547771527991539,-0.201077921145965,5.63915881319368,5.68977336150151,-0.214675497995303,-0.202458193231342,0.52027972027972,0.0506145483078351,0.0122173047639603,18
0.669380570011319,-0.657798454132943,0.345298198998535,0.68630249080932,-0.644480936768187,0.337095258423082,5.50651379004211,5.52920307031804,0.352556508902855,0.343829862642883,0.520629370629371,0.0226892802759258,-0.00872664625997166,18
0.0870786530409031,-0.975697175260951,-0.201077921145965,0.137873121462834,-0.968747044538979,-0.20620418539663,4.8014007722364,4.85376064979623,-0.202458193231342,-0.207694180987325,0.521328671328671,0.0523598775598293,-0.00523598775598297,70
-0.387399909089596,-0.9215879660174,0.0244321781526532,-0.285686626893674,-0.958316736036062,0.00349065141522373,4.31445391092998,4.42266432455363,0.0244346095279206,0.00349065850398866,0.521328671328671,0.108210413623649,-0.020943951023932,29
0.0069557458593577,-0.996321015958855,-0.0854169231373675,0.0330080345332463,-0.995014620505948,-0.0941083133185143,4.71937029739267,4.74555023617258,-0.0855211333477222,-0.0942477796076938,0.523076923076923,0.0261799387799151,-0.00872664625997165,9
-0.591818350757172,-0.717933068270745,0.366501226724297,-0.514367391086758,-0.807395075128435,0.289031796944472,4.02298392584693,4.14515697348653,0.375245789178781,0.293215314335047,0.523076923076923,0.122173047639603,-0.0820304748437335,4
-0.804993395459255,-0.58271803680662,0.111468932206325,-0.755365615065106,-0.642866527996519,0.12706460860135,3.76816585505576,3.8467056713955,0.111701072127637,0.127409035395586,0.523076923076923,0.0785398163397448,0.0157079632679489,68
-0.977071618054196,-0.087201318792277,0.194234351219972,-0.970585577741985,-0.108868615981429,0.214735327167063,3.2306044454415,3.25329372571743,0.195476876223365,0.216420827247297,0.523426573426573,0.0226892802759266,0.020943951023932,34
-0.953424997070375,-0.180151523420755,-0.241921895599668,-0.948677984769636,-0.201647730574679,-0.243615011786023,3.32834288355319,3.35103216382911,-0.244346095279206,-0.2460914245312,0.525174825174825,0.0226892802759262,-0.00174532925199433,31
-0.943960712534628,0.0280160999076761,-0.328866646738583,-0.920014416315461,0.227680549858392,-0.31895930929807,3.11192205630589,2.89899188756258,-0.335103216382911,-0.324631240870945,0.525174825174825,-0.212930168743309,0.0104719755119659,126
-0.884103202646969,0.196000961252362,-0.42419942274539,-0.89152069904486,0.192753597892971,-0.409923033841573,2.9234264970905,2.92866248484649,-0.438077642250577,-0.422369678982628,0.525524475524476,0.00523598775598311,0.0157079632679489,14
-0.895599089519739,-0.349179493856137,-0.275637355816999,-0.87016533511043,-0.42440799137369,-0.250380004054441,3.51334778426459,3.59537825910832,-0.279252680319093,-0.253072741539178,0.526223776223776,0.0820304748437328,0.0261799387799149,12
-0.874803691296615,0.457336317731344,0.159881187691835,-0.863557659875603,0.482626063154702,0.146083028562412,2.65988178003936,2.63195651200745,0.160570291183478,0.146607657167524,0.526223776223776,-0.0279252680319093,-0.0139626340159546,14
-0.703833699989066,0.68924488190832,0.17192910027941,-0.728987671372353,0.667994128752856,0.14953534344371,2.36666646570431,2.3998277214922,0.172787595947439,0.150098315671512,0.527272727272727,0.0331612557878924,-0.0226892802759263,98
-0.56080256772067,0.809901762261953,0.17192910027941,-0.543948115671919,0.818707730551462,0.18395135061272,2.17642557723693,2.15722695546499,0.172787595947439,0.185004900711399,0.528321678321678,-0.0191986217719378,0.0122173047639603,43
-0.995225884164203,0.00173699861170753,0.0975828997591495,-0.996623725159333,-0.00521835731041976,0.0819385086300409,3.1398473243378,3.14682864134578,0.0977384381116825,0.0820304748437335,0.529020979020979,0.00698131700797733,-0.015707963267949,25
-0.326076298861299,0.931127744930181,0.163325962241622,-0.336719918719433,0.925130373362239,0.175366726091987,1.9076448724298,1.91986217719376,0.164060949687467,0.176278254451427,0.529020979020979,0.0122173047639604,0.0122173047639603,8
0.0119965904131907,0.981885428784293,-0.189095442989891,0.0188574029158135,0.982106227095316,-0.187381314585725,1.55857902203094,1.55159770502296,-0.190240888467382,-0.188495559215388,0.529370629370629,-0.00698131700797733,0.0017453292519943,29
-0.724096743203682,0.61407869534562,0.313992455967405,-0.756385510235864,0.57830038944198,0.305695304963106,2.43822496503608,2.48883951334391,0.319395253114962,0.310668606854991,0.532517482517483,0.0506145483078355,-0.00872664625997166,47
-0.714030585535314,0.67996213720974,-0.166768746716102,-0.755771373638891,0.627453483321361,-0.187381314585725,2.38062909972027,2.44869694054804,-0.167551608191456,-0.188495559215388,0.532517482517483,0.0680678408277791,-0.020943951023932,84
-0.206382126812452,0.923300559904636,-0.323917418198149,-0.210585332305804,0.926894801954113,-0.310676429630732,1.79070781254618,1.79419847105017,-0.329867228626928,-0.315904594610974,0.532517482517483,0.00349065850398889,0.0139626340159546,39
0.224596639855736,0.950110647705749,-0.216439613938103,0.256981090169573,0.932963963896871,-0.252069358243114,1.33866753627965,1.30201562198777,-0.218166156499291,-0.254818070791172,0.532517482517483,-0.0366519142918813,-0.0366519142918809,250
-0.580270176002073,0.784190135919965,-0.219846204352837,-0.534450289584062,0.822981275831054,-0.192521966525907,2.20784150377283,2.14675497995303,-0.22165681500328,-0.193731546971371,0.534265734265734,-0.0610865238198013,0.0279252680319093,3
0.393738093643664,0.896960413419383,-0.201077921145965,0.444122209395688,0.875412697191951,-0.190808995376545,1.15715329407224,1.10130275800842,-0.202458193231342,-0.191986217719376,0.534265734265734,-0.0558505360638186,0.010471975511966,66
0.572918268793798,0.806174320642772,0.147809411129611,0.525385731467001,0.840792927132131,0.130526192220052,0.952949771588904,1.01229096615671,0.148352986419518,0.130899693899575,0.534265734265734,0.0593411945678071,-0.0174532925199433,22
0.59428184206276,0.782937413081179,-0.18395135061272,0.601953243259904,0.773242988752632,-0.199367934417197,0.921533845053006,0.909316540289046,-0.185004900711399,-0.200712863979348,0.534265734265734,-0.0122173047639604,-0.015707963267949,13
0.610446554977992,0.743169798907984,-0.273959218692432,0.600488577676455,0.746857164931548,-0.285688367404974,0.883136601509131,0.893608577021097,-0.277507351067098,-0.289724655831059,0.534965034965035,0.0104719755119658,-0.0122173047639603,3
0.745189555902492,0.625288281514942,0.231747903494157,0.758695838450578,0.603493919730002,0.245307385878803,0.698131700797732,0.671951762017817,0.23387411976724,0.247836753783195,0.535314685314685,-0.0261799387799151,0.0139626340159546,4
0.719221296904774,0.634078867374814,-0.284015344703923,0.70309855085497,0.653359492384717,-0.280666708920788,0.722566310325652,0.748746249105567,-0.287979326579064,-0.284488668075076,0.536363636363636,0.0261799387799151,0.00349065850398861,11
0.79348635771853,0.333550951378405,-0.509041415750371,0.783053414450348,0.355208782391363,-0.510542917911606,0.397935069454707,0.425860337486616,-0.534070751110265,-0.535816080362259,0.536363636363636,0.0279252680319093,-0.00174532925199422,5
0.97543520592866,-0.0306542862895651,0.218143241396543,0.975853804894198,-0.0613955174231264,0.209618562903822,6.25176938064369,6.22035345410779,0.219911485751285,0.211184839491314,0.537062937062937,-0.0314159265358978,-0.0087266462599716,216
0.936015597748146,-0.24905449362361,0.248689887164855,0.93317348243868,-0.265821459071178,0.241921895599668,6.02313124863243,6.00567795611249,0.251327412287183,0.244346095279206,0.537062937062937,-0.0174532925199431,-0.00698131700797733,48
0.482083061733176,0.83163692178028,-0.275637355816999,0.466790748977654,0.835223701355538,-0.290702193598252,1.0454522219446,1.06116018521255,-0.279252680319093,-0.294960643587042,0.537412587412587,0.0157079632679489,-0.0157079632679489,3
0.75966685609166,-0.626221030575939,-0.175366726091987,0.876404889664279,-0.464032502821486,-0.128795596577563,5.59378025264183,5.79623844587317,-0.176278254451427,-0.12915436464758,0.537762237762238,0.202458193231344,0.0471238898038469,4
0.506507283416458,-0.804319916400173,0.310676429630732,0.472759287799658,-0.818843106219086,0.325568154457157,5.27438499952686,5.23598775598299,0.315904594610974,0.331612557878923,0.538461538461538,-0.0383972435438746,0.015707963267949,97
0.926632226321769,-0.118704325883232,-0.356737999319625,0.931124762690829,-0.0831006711959202,-0.355106962408137,6.155776271784,6.19417351532787,-0.364773813666815,-0.363028484414821,0.538811188811189,0.0383972435438746,0.00174532925199433,7
0.350538960572983,-0.922800326691891,0.159881187691835,0.41580095928916,-0.904016122403287,0.099319749743639,5.07541746479951,5.14348530562729,0.160570291183478,0.0994837673636768,0.53951048951049,0.0680678408277782,-0.0610865238198015,4
0.197933470614562,-0.907804867081006,-0.369746757273829,0.155663889225631,-0.910671260216564,-0.38268343236509,4.92706447837999,4.88168591782814,-0.378736447682769,-0.392699081698724,0.53951048951049,-0.0453785605518524,-0.0139626340159547,63
0.0357330888845597,-0.974494437932472,0.221548497619467,0.0238437721898471,-0.975625440812594,0.218143241396543,4.74904089467657,4.73682358991261,0.223402144255274,0.219911485751285,0.53986013986014,-0.0122173047639613,-0.00349065850398869,18
0.538935048224466,-0.836263498303593,-0.101056297182946,0.548037687075176,-0.8311427788952,-0.0941083133185143,5.28485697503883,5.2953289505508,-0.101229096615671,-0.0942477796076938,0.540559440559441,0.0104719755119662,0.00698131700797731,38
0.0709811904080443,-0.922482896103638,-0.379456159529005,0.0627924112620655,-0.921072319674027,-0.384295322659804,4.78918346747244,4.78045682121247,-0.389208423194735,-0.394444410950718,0.540909090909091,-0.00872664625997199,-0.005235987755983,12
-0.723731475552717,-0.663177712666583,-0.190808995376545,-0.705279424972728,-0.673979657810077,-0.219846204352837,3.88335758568738,3.90430153671132,-0.191986217719376,-0.22165681500328,0.541958041958042,0.020943951023932,-0.0296705972839036,35
-0.956416327073165,-0.203292566007743,0.209618562903822,-0.982397221562351,-0.0480472399267666,0.18051914525056,3.35103216382911,3.19046187264563,0.211184839491314,0.18151424220741,0.541958041958042,-0.160570291183478,-0.0296705972839036,47
-0.827699668038812,-0.523250009431849,-0.202787295356512,-0.771983311124668,-0.594507182878876,-0.224951054343865,3.70533400198396,3.79783645233966,-0.204203522483337,-0.226892802759263,0.542307692307692,0.0925024503556995,-0.0226892802759263,11
-0.910242928822383,0.255857748235638,-0.325568154457157,-0.889422262648603,0.297596526143166,-0.346935651573256,2.86757596102668,2.81870674197084,-0.331612557878923,-0.354301838154849,0.542657342657343,-0.0488692190558413,-0.0226892802759263,18
-0.778829813613494,0.572107374634547,-0.257132793154696,-0.72326763137438,0.633172947530378,-0.275637355816999,2.50803813511585,2.42251700176813,-0.260054058547155,-0.279252680319093,0.544055944055944,-0.0855211333477217,-0.0191986217719376,36
-0.755808131770317,0.573689596754403,0.315649036947102,-0.810774753109637,0.522508672867714,0.263873049965373,2.4923301718479,2.56912465893565,0.321140582366957,0.267035375555132,0.544055944055944,0.0767944870877497,-0.0541052068118241,74
-0.776255785759192,0.615252754435136,0.137444546037147,-0.774446018498806,0.620448256810281,0.123601476740493,2.47138622082397,2.46615023306799,0.137881010907552,0.123918376891597,0.544055944055944,-0.00523598775598266,-0.0139626340159547,38
-0.99539945591824,-0.0765918139089908,0.0575640269595673,-0.996851782388939,-0.0435234887591318,0.0662739004000001,3.21838714067754,3.18522588488965,0.0575958653158129,0.0663225115757845,0.544405594405594,-0.0331612557878924,0.00872664625997165,96
-0.930596242990237,0.206308220146508,-0.302369890750444,-0.943666171891509,0.169792343762426,-0.284015344703923,2.9234264970905,2.96356906988637,-0.307177948351002,-0.287979326579064,0.545804195804196,0.0401425727958693,0.0191986217719377,126
-0.815037794994481,0.547682669226434,-0.189095442989891,-0.764870151335842,0.599734806594661,-0.23514211310259,2.54992603716372,2.47662220857995,-0.190240888467382,-0.237364778271229,0.545804195804196,-0.0733038285837617,-0.0471238898038469,22
0.136379159849457,0.970388144757023,-0.199367934417197,0.119506864570539,0.97330530558351,-0.195946144242518,1.43116998663535,1.44862327915529,-0.200712863979348,-0.197222205475359,0.545804195804196,0.0174532925199431,0.00349065850398864,69
0.304532496053314,0.920821201363237,-0.243615011786023,0.331160947243074,0.904939819751637,-0.267238376078257,1.25140107367993,1.21998514714404,-0.2460914245312,-0.270526034059121,0.545804195804196,-0.0314159265358978,-0.0244346095279206,18
0.168865556875146,0.920076061266935,-0.353474843779257,0.160723737460857,0.920905492146659,-0.355106962408137,1.38928208458749,1.39800873084746,-0.361283155162826,-0.363028484414821,0.546503496503496,0.00872664625997155,-0.00174532925199439,32
0.224446364304778,0.887003395338613,-0.40354529635239,0.229917532324179,0.882667001000989,-0.409923033841573,1.3229595730117,1.31597825600372,-0.41538836197465,-0.422369678982628,0.546503496503496,-0.00698131700797688,-0.00698131700797738,9
-0.838167809423767,0.464604003399933,-0.285688367404974,-0.843915141687562,0.44871764035721,-0.294040325232304,2.63544717051144,2.65290046303138,-0.289724655831059,-0.29845130209103,0.547202797202797,0.0174532925199435,-0.0087266462599716,23
0.168488694762046,0.945890132521301,-0.277314653302378,0.168317911739452,0.944931362105864,-0.280666708920788,1.39451807234347,1.39451807234347,-0.280998009571087,-0.284488668075076,0.547202797202797,0,-0.00349065850398866,31
0.903445019722369,0.417450205429874,0.0975828997591495,0.904325586095593,0.415943296684409,0.095845752520224,0.432841654494594,0.431096325242599,0.0977384381116825,0.0959931088596881,0.547552447552448,-0.00174532925199422,-0.00174532925199433,375
-0.66547310905694,0.721166300881487,-0.192521966525907,-0.725375266329317,0.662358638459406,-0.187381314585725,2.31605191739648,2.4015730507442,-0.193731546971371,-0.188495559215388,0.547902097902098,0.0855211333477222,0.00523598775598297,27
0.694405589761317,0.682390472550683,-0.228350870110656,0.681455278846198,0.695879219239816,-0.226651307436855,0.776671517137477,0.795870138909414,-0.230383461263251,-0.228638132011257,0.548251748251748,0.0191986217719378,0.00174532925199433,26
0.855882854704572,0.238966786801203,-0.458649554484315,0.85793561745599,0.231488795564167,-0.458649554484315,0.272271363311115,0.263544717051144,-0.476474885794452,-0.476474885794452,0.548951048951049,-0.00872664625997155,0,6
0.922484146685558,-0.191037282921181,-0.335451569750255,0.919579337117051,-0.207236153882114,-0.333806859233771,6.07898178469625,6.06152849217631,-0.342084533390889,-0.340339204138894,0.548951048951049,-0.0174532925199431,0.00174532925199433,27
0.903896455830941,-0.417658798196614,-0.0923705874465616,0.926921628909875,-0.361391641655886,-0.101056297182946,5.85034365268499,5.91143017650479,-0.0925024503556995,-0.101229096615671,0.54965034965035,0.0610865238198013,-0.00872664625997166,41
0.729598767600945,-0.526203226894286,-0.436801788367702,0.667810575435327,-0.582568295720728,-0.463296035119862,5.65835743496562,5.56585498460992,-0.452040276266531,-0.481710873550435,0.55,-0.0925024503556999,-0.0296705972839037,3
0.504867885562763,-0.836929058242378,-0.211324796455389,0.52103749000831,-0.827393492899223,-0.209618562903822,5.25518637775493,5.27438499952686,-0.212930168743308,-0.211184839491314,0.551398601398601,0.0191986217719364,0.00174532925199428,10
0.446026332135265,-0.842397151116697,0.302369890750444,0.436693721792604,-0.846078586107956,0.305695304963106,5.19933584169111,5.18886386617914,0.307177948351002,0.310668606854991,0.551398601398601,-0.0104719755119644,0.00349065850398866,43
0.900716484609656,0.311901047641697,-0.302369890750444,0.8880793833991,0.346247682951148,-0.302369890750444,0.333357887130917,0.371755130674792,-0.307177948351002,-0.307177948351002,0.552797202797203,0.0383972435438751,0,5
0.976648734914505,-0.17572684353128,0.123601476740493,0.981800982299921,-0.148483438282469,0.118403968306501,6.10516172347617,6.13308699150807,0.123918376891597,0.118682389135614,0.552797202797203,0.0279252680319084,-0.00523598775598298,15
0.706915980238382,-0.65690686667688,0.262189178640865,0.684522675207337,-0.682137400976852,0.257132793154696,5.53443905807402,5.49953247303413,0.265290046303138,0.260054058547155,0.554895104895105,-0.0349065850398871,-0.00523598775598294,6
-0.826853837763019,-0.55562272045217,-0.0871557427476582,-0.78953283302087,-0.599288038273912,-0.132256390257122,3.73325927001587,3.79085513533168,-0.0872664625997165,-0.132645023151569,0.554895104895105,0.057595865315812,-0.0453785605518526,81
-0.9887548750853,0.00172570455880431,0.14953534344371,-0.986211994707897,0.0120494520177724,0.165047605860678,3.1398473243378,3.12937534882583,0.150098315671512,0.165806278939461,0.554895104895105,-0.0104719755119658,0.015707963267949,19
-0.919697123512081,-0.382832962935153,0.0871557427476582,-0.907673883475235,-0.392785563938522,0.147809411129611,3.53603706454051,3.54999969855647,0.0872664625997165,0.148352986419518,0.555944055944056,0.0139626340159555,0.0610865238198015,16
-0.969631989738617,0.0610040739928996,0.236838146065619,-0.959906098454767,0.107670720446955,0.258819045102521,3.078760800518,3.02989158146216,0.239110107523223,0.261799387799149,0.555944055944056,-0.0488692190558413,0.0226892802759263,34
-0.760467046216741,0.618014804308606,-0.199367934417197,-0.77035781824267,0.608391945340984,-0.190808995376545,2.45916891606001,2.47313155007596,-0.200712863979348,-0.191986217719376,0.556643356643357,0.0139626340159542,0.00872664625997163,10
-0.243706551099959,0.93560385938899,-0.255445757935791,-0.248916967373175,0.928970769102653,-0.273959218692432,1.82561439758607,1.83259571459405,-0.258308729295161,-0.277507351067098,0.557692307692308,0.00698131700797733,-0.0191986217719376,37
0.0890209481772023,0.86143790883942,0.5,0.0516176400473779,0.868823720147514,0.492423560103467,1.46782190092723,1.51145513222709,0.523598775598299,0.514872129338327,0.558391608391608,0.0436332312998582,-0.00872664625997166,27
0.564146443661635,0.814730932407126,-0.133986185418292,0.487141004109497,0.86101880983009,-0.146083028562412,0.965167076352864,1.05592419745657,-0.134390352403563,-0.146607657167524,0.558741258741259,0.0907571211037053,-0.0122173047639603,40
0.736845342922061,0.629325375563437,-0.246999012722743,0.768058635382979,0.587225167517747,-0.255445757935791,0.706858347057703,0.652753140245879,-0.249582083035189,-0.258308729295161,0.56013986013986,-0.0541052068118244,-0.00872664625997169,120
0.720251128290954,0.639468875142381,0.268919820615266,0.710664201621385,0.644390948323827,0.282341456842876,0.726056968829641,0.736528944341607,0.272271363311115,0.28623399732707,0.56013986013986,0.0104719755119662,0.0139626340159546,137
0.792728399322962,0.601713605115798,0.0975828997591495,0.78900726768319,0.605426570204851,0.104528463267653,0.649262481741891,0.654498469497874,0.0977384381116825,0.10471975511966,0.56013986013986,0.00523598775598311,0.00698131700797731,23
0.812823793687651,0.558638316099848,0.165047605860678,0.796441201928451,0.585044225479781,0.152985836284038,0.602138591938044,0.633554518473942,0.165806278939461,0.153588974175501,0.56013986013986,0.0314159265358978,-0.0122173047639603,43
0.841157765574467,0.417554341051666,0.343659694585616,0.83309158152413,0.428150916038971,0.350207381259467,0.460766922526503,0.474729556542458,0.35081117965086,0.357792496658838,0.56048951048951,0.0139626340159547,0.00698131700797727,11
-0.889367118564931,0.407184058181079,0.207911690817759,-0.901797439284176,0.39024259945804,0.185666615385577,2.71224165759919,2.73318560862312,0.20943951023932,0.186750229963393,0.561888111888112,0.020943951023932,-0.0226892802759263,59
0.567022673010429,0.755203295116638,0.328866646738583,0.572712712786678,0.735681873451742,0.361624570082092,0.926769832808989,0.909316540289046,0.335103216382911,0.370009801422798,0.561888111888112,-0.0174532925199431,0.0349065850398866,18
0.720020044930149,0.671429554218881,-0.175366726091987,0.704047021760829,0.689453782021214,-0.170209499166033,0.750491578357562,0.774926187885482,-0.176278254451427,-0.171042266695444,0.561888111888112,0.0244346095279204,0.00523598775598297,66
0.937773512843902,0.274224165842366,-0.213030386274977,0.93536177278093,0.277066779769366,-0.219846204352837,0.284488668075076,0.287979326579064,-0.214675497995303,-0.22165681500328,0.561888111888112,0.00349065850398844,-0.00698131700797727,14
-0.285026792806152,0.956103366597127,-0.0680152906652482,-0.274999056558436,0.959035681884513,-0.0680152906652482,1.86052098262596,1.85004900711399,-0.0680678408277788,-0.0680678408277788,0.562587412587413,-0.0104719755119662,0,34
0.829397063830623,-0.530421551116581,-0.175366726091987,0.84666686378903,-0.496736498603678,-0.190808995376545,5.71420797102943,5.75260521457331,-0.176278254451427,-0.191986217719376,0.564335664335664,0.0383972435438755,-0.015707963267949,16
0.519515946791296,-0.85445362447721,0.00349065141522373,0.574934315072302,-0.818048784324755,0.0157073173118207,5.25867703625892,5.3249995478347,0.00349065850398866,0.015707963267949,0.564685314685315,0.0663225115757839,0.0122173047639603,19
0.951179983151006,-0.276343330691179,-0.137444546037147,0.956760644585541,-0.259946113871305,-0.130526192220052,6.00044196835651,6.01789526087645,-0.137881010907552,-0.130899693899575,0.565384615384615,0.0174532925199431,0.00698131700797736,71
0.369744504650053,-0.929126910940473,0.00349065141522373,0.395544900112866,-0.918444982469608,0.00174532836589831,5.09112542806746,5.11905069609937,0.00349065850398866,0.00174532925199433,0.565384615384615,0.0279252680319102,-0.00174532925199433,57
0.643439251381523,-0.753370568299833,-0.135715572434304,0.710777338019447,-0.691200758754302,-0.130526192220052,5.41924732744239,5.51174977779809,-0.136135681655558,-0.130899693899575,0.565734265734266,0.092502450355699,0.005235987755983,26
-0.572182936454265,-0.748384213878583,0.335451569750255,-0.552600743875337,-0.757804771386315,0.346935651573256,4.05963584013881,4.08232512041474,0.342084533390889,0.354301838154849,0.566083916083916,0.0226892802759266,0.0122173047639603,59
-0.799321945949025,-0.597969213904473,0.0593063735759616,-0.774982862436824,-0.62981148815607,0.0523359562429438,3.78387381832371,3.82401639111958,0.0593411945678072,0.0523598775598299,0.566783216783217,0.0401425727958693,-0.00698131700797732,18
-0.877076008081835,-0.375915257224398,-0.299040792256087,-0.883080014477861,-0.382142846460987,-0.272280247040574,3.54650904005248,3.54999969855647,-0.303687289847013,-0.275762021815104,0.566783216783217,0.00349065850398933,0.0279252680319092,22
-0.993152966174282,0.097379499745944,0.064532308252958,-0.994246181860986,0.0747577459406608,0.0767190281268186,3.04385421547811,3.06654349575404,0.0645771823237902,0.0767944870877505,0.567132867132867,0.0226892802759262,0.0122173047639603,31
-0.47864914541285,0.859962784277026,0.177084740319583,-0.48464110511441,0.856600253315062,0.177084740319583,2.07868713912525,2.08566845613322,0.178023583703422,0.178023583703422,0.567482517482517,0.00698131700797733,0,70
-0.713664634249553,-0.67252352998088,-0.195946144242518,-0.674233933873073,-0.712982394466398,-0.192521966525907,3.89732021970334,3.95491608501915,-0.197222205475359,-0.193731546971371,0.567832167832168,0.0575958653158128,0.00349065850398866,239
-0.987531043426715,0.0586701545470665,0.146083028562412,-0.993025605709618,0.0329420521167766,0.113203213767907,3.08225145902199,3.1084313978019,0.146607657167524,0.113446401379631,0.568531468531469,0.0261799387799151,-0.0331612557878923,11
-0.15881325290376,0.959313094248332,-0.233445363855905,-0.0460770617407221,0.977061734591342,-0.207911690817759,1.73485727648236,1.61792021659874,-0.235619449019234,-0.20943951023932,0.568531468531469,-0.11693705988362,0.026179938779915,187
-0.00516714083793576,0.986842188832821,-0.161603821103361,-0.0413938277174313,0.987626809723713,-0.151260820247219,1.57603231455088,1.61268422884276,-0.162315620435473,-0.151843644923507,0.569230769230769,0.0366519142918813,0.010471975511966,39
0.481218799182527,0.854025785973455,-0.197657340379126,0.544155069174745,0.794718434901118,-0.268919820615266,1.05766952670856,0.970403064108847,-0.198967534727354,-0.272271363311115,0.56993006993007,-0.0872664625997164,-0.0733038285837618,378
0.552032830092823,0.794271150212446,0.253757944584806,0.527637744648892,0.821880252645289,0.214735327167063,0.96342174710087,1.00007366139275,0.256563400043166,0.216420827247297,0.56993006993007,0.0366519142918809,-0.0401425727958696,18
0.376482237867708,0.913414375265242,0.154710386299468,0.38125968177433,0.911430607026342,0.154710386299468,1.17984257434817,1.17460658659218,0.155334303427495,0.155334303427495,0.570629370629371,-0.00523598775598266,0,16
0.716125816431676,0.622518674831874,0.315649036947102,0.734117682884488,0.615997876949093,0.285688367404974,0.715584993317675,0.698131700797732,0.321140582366957,0.289724655831059,0.570629370629371,-0.0174532925199431,-0.0314159265358979,44
0.651019297947986,0.710462894210786,0.267238376078257,0.634434322666249,0.722161435069217,0.275637355816999,0.829031394697307,0.849975345721238,0.270526034059121,0.279252680319093,0.571328671328671,0.020943951023932,0.00872664625997166,31
0.743715529252053,0.630716635861062,-0.221548497619467,0.75905644823142,0.610297053274441,-0.226651307436855,0.703367688553715,0.6771877497738,-0.223402144255274,-0.228638132011257,0.571328671328671,-0.0261799387799151,-0.00523598775598297,6
0.93528789251399,0.309316896715733,0.17192910027941,0.949489008219167,0.266889323635548,0.165047605860678,0.319395253114962,0.27401669256311,0.172787595947439,0.165806278939461,0.572027972027972,-0.0453785605518524,-0.0069813170079773,141
0.691473796429463,0.667748483285165,-0.275637355816999,0.649229436372466,0.688945542568558,-0.322265695230511,0.767944870877505,0.815068760681352,-0.279252680319093,-0.328121899374934,0.572377622377622,0.0471238898038471,-0.0488692190558412,32
0.791948302127667,0.542258319678619,-0.280666708920788,0.791948302127667,0.542258319678619,-0.280666708920788,0.600393262686049,0.600393262686049,-0.284488668075076,-0.284488668075076,0.573076923076923,0,0,68
0.897964687472423,-0.428307185151296,-0.101056297182946,0.878019326018461,-0.460970451808267,-0.128795596577563,5.83812634792103,5.79972910437716,-0.101229096615671,-0.12915436464758,0.573076923076923,-0.0383972435438746,-0.0279252680319093,4
0.918389577408149,-0.122539332188984,0.376224263139366,0.920201042138987,-0.108098778307453,0.376224263139366,6.15054028402802,6.16624824729597,0.385717764690747,0.385717764690747,0.574125874125874,0.0157079632679498,0,115
0.937638624917289,0.218195342986231,-0.270600445975864,0.947957411599508,0.104655472566209,-0.300705799504273,0.228638132011257,0.109955742875643,-0.27401669256311,-0.305432619099008,0.574475524475525,-0.118682389135615,-0.0314159265358979,98
0.532739118685114,-0.845975363895407,0.0226873335727814,0.511843227058865,-0.858625001385912,0.0279216387235689,5.27438499952686,5.24995038999894,0.0226892802759263,0.0279252680319093,0.575174825174825,-0.02443460952792,0.00523598775598299,27
0.90266815584258,-0.415180963942681,-0.113203213767907,0.925955394685256,-0.36287795113533,-0.104528463267653,5.85208898193699,5.9096848472528,-0.113446401379631,-0.10471975511966,0.577622377622378,0.0575958653158128,0.00872664625997165,10
0.679192775599501,-0.646786539161791,0.346935651573256,0.670657617017339,-0.647646532492506,0.361624570082092,5.52222175331006,5.51524043630208,0.354301838154849,0.370009801422798,0.577622377622378,-0.00698131700797688,0.0157079632679489,17
0.558034159472536,-0.802905931568523,0.209618562903822,0.613548526385121,-0.760379024101915,0.213030386274977,5.31976356007872,5.39132205941048,0.211184839491314,0.214675497995303,0.577622377622378,0.0715584993317666,0.00349065850398866,19
0.549665432691411,-0.830453880423746,-0.0906325801977802,0.591160748582114,-0.801830933452894,-0.0871557427476582,5.29707427980279,5.34768882811063,-0.0907571211037051,-0.0872664625997165,0.577622377622378,0.0506145483078351,0.00349065850398866,17
-0.660041246770589,-0.727924076049687,-0.185666615385577,-0.646367135063474,-0.738339230377768,-0.192521966525907,3.97586003604308,3.99331332856303,-0.186750229963393,-0.193731546971371,0.577622377622378,0.0174532925199431,-0.00698131700797733,10
-0.838050740878942,-0.521640644059207,0.159881187691835,-0.838286365905636,-0.521787307721305,0.158158067254484,3.69835268497598,3.69835268497598,0.160570291183478,0.158824961931484,0.577622377622378,0,-0.0017453292519943,35
-0.90739355212153,-0.328471880336659,-0.262189178640865,-0.895150847919702,-0.381814192884867,-0.230049737188104,3.48891317473666,3.54476371080048,-0.265290046303138,-0.232128790515246,0.578671328671329,0.0558505360638191,0.0331612557878922,90
-0.894535188541059,-0.309760581965181,0.322265695230511,-0.900868783653963,-0.294449305738573,0.31895930929807,3.47495054072071,3.45749724820077,0.328121899374934,0.324631240870945,0.578671328671329,-0.0174532925199431,-0.00349065850398866,24
-0.938889677978388,-0.334323575879902,0.0819385086300409,-0.915637751794823,-0.392442841690643,0.0871557427476582,3.48367718698068,3.54650904005248,0.0820304748437335,0.0872664625997165,0.58006993006993,0.062831853071796,0.00523598775598298,5
-0.936607830800249,-0.165149230912913,-0.309016994374947,-0.928140794183927,-0.197282415957419,-0.315649036947102,3.31612557878923,3.35103216382911,-0.314159265358979,-0.321140582366957,0.58006993006993,0.0349065850398862,-0.00698131700797727,7
-0.98381356957957,0.0774278071231328,-0.161603821103361,-0.983777518836786,0.0377929201189149,-0.175366726091987,3.06305283725005,3.10319541004592,-0.162315620435473,-0.176278254451427,0.58006993006993,0.0401425727958697,-0.0139626340159546,32
-0.933287374392717,0.31046338753089,-0.18051914525056,-0.91315841230329,0.343233682017639,-0.219846204352837,2.82045207122284,2.78205482767896,-0.18151424220741,-0.22165681500328,0.581468531468532,-0.0383972435438751,-0.0401425727958696,29
-0.770214235443574,0.601757311482926,-0.211324796455389,-0.779704659603363,0.587549604128135,-0.216439613938103,2.47836753783195,2.49582083035189,-0.212930168743308,-0.218166156499291,0.581468531468532,0.0174532925199431,-0.00523598775598302,15
-0.994227904936427,0.0799936778727966,0.0714974443326859,-0.997307715040305,0.0348267528292643,0.064532308252958,3.06130750799805,3.10668606854991,0.0715584993317675,0.0645771823237902,0.582517482517482,0.0453785605518524,-0.0069813170079773,7
0.297123914484104,0.925432637249893,0.23514211310259,0.183637066862182,0.953613767355454,0.238533457578581,1.26012771993991,1.38055543832751,0.237364778271229,0.240855436775218,0.583566433566434,0.120427718387608,0.00349065850398869,184
0.209749613468182,0.970130384426726,-0.121869343405147,0.202455929233004,0.969101872641299,-0.140901231937583,1.35786615805159,1.36484747505957,-0.122173047639603,-0.141371669411541,0.583566433566434,0.00698131700797777,-0.0191986217719376,14
-0.551337187329746,0.790323323848145,0.267238376078257,-0.613102595435784,0.746403315481733,0.258819045102521,2.17991623574092,2.25845605208066,0.270526034059121,0.261799387799149,0.585314685314685,0.0785398163397448,-0.00872664625997166,15
0.568223059838315,0.79661934962245,0.20620418539663,0.56724533772167,0.798191731149239,0.202787295356512,0.951204442336909,0.952949771588904,0.207694180987325,0.204203522483337,0.585314685314685,0.00174532925199422,-0.00349065850398864,23
0.635891998234306,0.757826573397645,0.146083028562412,0.615546343578313,0.779416857664797,0.116670737099333,0.872664625997165,0.902335223281068,0.146607657167524,0.11693705988362,0.585664335664336,0.0296705972839035,-0.0296705972839036,39
-0.439382708132044,0.877426993088056,-0.192521966525907,-0.464637858630598,0.866545944295958,-0.182235525492147,2.03505390782539,2.0629791758573,-0.193731546971371,-0.183259571459405,0.586013986013986,0.0279252680319093,0.010471975511966,42
0.24172783560131,0.955299104934761,0.170209499166033,0.210745067222253,0.966564154832736,0.146083028562412,1.3229595730117,1.35612082879959,0.171042266695444,0.146607657167524,0.587062937062937,0.0331612557878924,-0.0244346095279206,5
0.9328960908986,0.217091720749121,-0.287360519849712,0.928534912355708,0.2645001276246,-0.260504508642648,0.228638132011257,0.277507351067098,-0.291469985083053,-0.263544717051144,0.587062937062937,0.0488692190558413,0.0279252680319093,23
0.743225921972566,0.637021658728453,0.20449605184179,0.710570329793231,0.667269954455193,0.223250116010951,0.708603676309698,0.75398223686155,0.205948851735331,0.225147473507269,0.588811188811189,0.0453785605518524,0.0191986217719376,23
0.934461228350065,0.0801115870391319,-0.346935651573256,0.931689213423085,0.117699719236682,-0.343659694585616,0.0855211333477222,0.125663706143592,-0.354301838154849,-0.35081117965086,0.588811188811189,0.0401425727958697,0.00349065850398861,7
0.963236865474254,0.0656669016185923,-0.260504508642648,0.963711337722404,0.0403914724572695,-0.263873049965373,0.0680678408277788,0.0418879020478639,-0.263544717051144,-0.267035375555132,0.588811188811189,-0.0261799387799151,-0.00349065850398872,10
0.976139741323297,-0.200372712574689,-0.0836778433323155,0.985027099616641,-0.150730327260577,-0.0836778433323155,6.08072711394824,6.13134166225608,-0.0837758040957278,-0.0837758040957278,0.588811188811189,0.0506145483078351,0,49
0.872877378414765,0.450525609922336,-0.187381314585725,0.894544702662578,0.385251813461642,-0.226651307436855,0.476474885794452,0.406661715714679,-0.188495559215388,-0.228638132011257,0.58986013986014,-0.0698131700797733,-0.0401425727958696,96
0.411061863872566,-0.906180849157867,-0.099319749743639,0.440956589250802,-0.892207859229505,-0.0975828997591495,5.13824931787131,5.1714105736592,-0.0994837673636768,-0.0977384381116825,0.590909090909091,0.0331612557878929,0.00174532925199433,25
0.868048543559867,-0.338437984841331,-0.363251230472978,0.850561811392939,-0.378694517060125,-0.36487678433762,5.91143017650479,5.86430628670095,-0.371755130674792,-0.373500459926786,0.591258741258741,-0.0471238898038466,-0.00174532925199433,15
0.321798968733996,-0.924080763595179,0.20620418539663,0.42803286344407,-0.881498890832025,0.199367934417197,5.0474921967676,5.16442925665122,0.207694180987325,0.200712863979348,0.591958041958042,0.116937059883619,-0.00698131700797733,31
-0.500132311644859,-0.849056180262777,0.170209499166033,-0.437247337440013,-0.884702758505032,0.161603821103361,4.18006355852642,4.25336738711018,0.171042266695444,0.162315620435473,0.592657342657343,0.0733038285837626,-0.00872664625997166,22
0.965857314117304,-0.198262033392297,-0.166768746716102,0.954656597780376,-0.232720193033742,-0.185666615385577,6.08072711394824,6.04407519965636,-0.167551608191456,-0.186750229963393,0.593006993006993,-0.0366519142918804,-0.0191986217719376,9
-0.814083908172984,-0.578539320070982,0.0505929400767133,-0.734025072106941,-0.674970654207946,0.0749787268263277,3.75943920879579,3.88510291493938,0.0506145483078356,0.0750491578357562,0.593356643356643,0.125663706143591,0.0244346095279206,44
-0.867429026403735,-0.490767730149154,0.0819385086300409,-0.860306309502728,-0.504738713874506,0.0714974443326859,3.65646478292812,3.67217274619607,0.0820304748437335,0.0715584993317675,0.593706293706294,0.0157079632679484,-0.010471975511966,8
-0.862352113066864,-0.452744981116609,-0.226651307436855,-0.814742023427506,-0.537223381373394,-0.218143241396543,3.62504885639222,3.7245326237559,-0.228638132011257,-0.219911485751285,0.594055944055944,0.0994837673636777,0.00872664625997166,8
-0.690272035467202,0.71230548382906,0.12706460860135,-0.701655937854831,0.694346419804485,0.159881187691835,2.3404865269244,2.36143047794833,0.127409035395586,0.160570291183478,0.595104895104895,0.020943951023932,0.0331612557878923,85
-0.935377523438857,-0.101614516843243,-0.338737920245291,-0.924582201563084,-0.0776393366917967,-0.372987782575809,3.24980306721344,3.22536845768552,-0.345575191894877,-0.382227106186758,0.596503496503497,-0.0244346095279195,-0.0366519142918809,69
-0.832556795354522,0.524288995095735,-0.17880221511635,-0.850539009063267,0.497014867522883,-0.17192910027941,2.57959663444762,2.61275789023551,-0.179768912955416,-0.172787595947439,0.597202797202797,0.033161255787892,0.00698131700797733,20
-0.953109121357445,0.23763679371967,-0.187381314585725,-0.951626538923372,0.24610735670532,-0.18395135061272,2.89724655831059,2.88851991205062,-0.188495559215388,-0.185004900711399,0.597552447552448,-0.00872664625997199,0.00349065850398869,52
0.288359514063409,0.931539078005679,0.221548497619467,0.186969325883166,0.970917943103312,0.14953534344371,1.27059969545187,1.38055543832751,0.223402144255274,0.150098315671512,0.597902097902098,0.109955742875643,-0.0733038285837619,40
-0.865099579122281,0.489449792289083,-0.109734311091045,-0.877730084874977,0.464734157567597,-0.116670737099333,2.62672052425147,2.65464579228338,-0.109955742875643,-0.11693705988362,0.598951048951049,0.0279252680319093,-0.00698131700797734,32
-0.381393930216525,0.889858709888087,-0.250380004054441,-0.367246509215462,0.899910100018166,-0.23514211310259,1.97571271325758,1.95825942073764,-0.253072741539178,-0.237364778271229,0.598951048951049,-0.0174532925199435,0.015707963267949,63
0.00159690506195115,0.914958274286912,0.40354529635239,0.0790640431252304,0.885895232046847,0.457097927058694,1.5690509975429,1.48178453494319,0.41538836197465,0.474729556542458,0.598951048951049,-0.0872664625997164,0.0593411945678072,31
0.927946668503822,0.210824310522582,-0.307356617799807,0.92957048883825,0.17900706119763,-0.322265695230511,0.223402144255274,0.190240888467382,-0.312413936106985,-0.328121899374934,0.599300699300699,-0.0331612557878924,-0.015707963267949,58
0.836745610149736,0.486997574393184,-0.250380004054441,0.819175370216672,0.523884505329717,-0.233445363855905,0.527089434102287,0.568977336150151,-0.253072741539178,-0.235619449019234,0.59965034965035,0.041887902047864,0.0174532925199433,10
0.941064309385616,-0.0790233779554731,-0.328866646738583,0.944320718923212,-0.0577571294317326,-0.323917418198149,6.19940950308386,6.22209878335978,-0.335103216382911,-0.329867228626928,0.6,0.0226892802759266,0.005235987755983,55
0.0121759197871945,0.996563007431452,-0.0819385086300409,-0.00869593031011678,0.996454915854849,-0.0836778433323155,1.55857902203094,1.57952297305487,-0.0820304748437335,-0.0837758040957278,0.600699300699301,0.0209439510239315,-0.00174532925199432,12
0.972487616894758,0.138405483744253,0.187381314585725,0.96103264145087,0.232498264783063,0.14953534344371,0.141371669411541,0.237364778271229,0.188495559215388,0.150098315671512,0.600699300699301,0.0959931088596879,-0.0383972435438753,11
0.317526908017536,0.927420205990291,0.197657340379126,0.327221241997876,0.924044281720101,0.197657340379126,1.24092909816797,1.230457122656,0.198967534727354,0.198967534727354,0.601398601398601,-0.0104719755119658,0,8
0.782767957450223,-0.618192882717927,-0.0714974443326859,0.733033789173754,-0.676424112065399,-0.0714974443326859,5.61472420366576,5.53792971657801,-0.0715584993317675,-0.0715584993317675,0.601398601398601,-0.0767944870877502,0,50
0.477070825684041,-0.87865515732081,0.0191974423996897,0.52388934171918,-0.851569971193416,0.0191974423996897,5.20980781720307,5.2639130240149,0.0191986217719376,0.0191986217719376,0.601748251748252,0.0541052068118244,0,20
0.567925983224115,0.808076936761902,0.156434465040231,0.603100671707299,0.769162798235389,0.211324796455389,0.958185759344887,0.905825881785057,0.15707963267949,0.212930168743308,0.602097902097902,-0.0523598775598302,0.0558505360638185,5
0.909404919268645,-0.35822412427568,0.211324796455389,0.889453734554428,-0.401603760341199,0.218143241396543,5.90793951800081,5.85907029894496,0.212930168743308,0.219911485751285,0.603146853146853,-0.0488692190558417,0.00698131700797733,6
0.580705853152608,-0.743269597508225,-0.332161131883703,0.597595445992699,-0.732724409128117,-0.325568154457157,5.37561409614253,5.39655804716647,-0.3385938748869,-0.331612557878923,0.603146853146853,0.0209439510239315,0.00698131700797727,110
-0.938979303066688,0.235855298821323,-0.250380004054441,-0.962114066018793,0.107918383691022,-0.250380004054441,2.89550122905859,3.02989158146216,-0.253072741539178,-0.253072741539178,0.603846153846154,0.134390352403563,0,227
-0.78405134350067,0.551040513469087,-0.285688367404974,-0.773509426099328,0.547675201873871,-0.31895930929807,2.52898208613978,2.52549142763579,-0.289724655831059,-0.324631240870945,0.604195804195804,-0.00349065850398889,-0.0349065850398866,15
-0.953029379778871,-0.282300163385843,0.109734311091045,-0.923835028971832,-0.37701009186809,0.0662739004000001,3.42957198016886,3.52905574753253,0.109955742875643,0.0663225115757845,0.604545454545454,0.0994837673636768,-0.0436332312998582,131
-0.408886686292542,0.888983414748339,-0.20620418539663,-0.45683800927497,0.862816855885423,-0.216439613938103,2.0018926520375,2.05774318810131,-0.207694180987325,-0.218166156499291,0.604895104895105,0.0558505360638182,-0.010471975511966,10
0.144402180700442,0.977889653522878,0.151260820247219,0.108500500311068,0.982785237217888,0.14953534344371,1.42418866962737,1.46084058391925,0.151843644923507,0.150098315671512,0.605244755244755,0.0366519142918813,-0.00174532925199433,19
0.417039957502738,0.89843567972936,0.137444546037147,0.326798214823075,0.933189213316154,0.14953534344371,1.13620934304831,1.23394778115999,0.137881010907552,0.150098315671512,0.605944055944056,0.0977384381116826,0.0122173047639603,8
0.8295972197943,0.496503693503057,-0.255445757935791,0.821434840196911,0.507328497413193,-0.260504508642648,0.539306738866248,0.553269372882202,-0.258308729295161,-0.263544717051144,0.606293706293706,0.0139626340159547,-0.00523598775598294,27
0.437825217245357,0.863000647612133,0.252069358243114,0.363718795342664,0.904778923890824,0.221548497619467,1.10130275800842,1.18856922060814,0.254818070791172,0.223402144255274,0.606993006993007,0.0872664625997164,-0.0314159265358979,24
0.268116539493136,0.899379049688503,-0.345298198998535,0.266146771875507,0.904289155386004,-0.333806859233771,1.28107167096384,1.28456232946783,-0.352556508902855,-0.340339204138894,0.608391608391608,0.00349065850398844,0.0122173047639603,64
0.420419699168063,0.90571670986992,0.0540788129847753,0.429881117145441,0.901264504520147,0.0540788129847753,1.13620934304831,1.12573736753634,0.0541052068118242,0.0541052068118242,0.608391608391608,-0.0104719755119662,0,41
0.932132615854102,-0.220346813212019,0.287360519849712,0.934726819521977,-0.21579869001959,0.282341456842876,6.05105651666434,6.05629250442032,0.291469985083053,0.28623399732707,0.608391608391608,0.00523598775598266,-0.00523598775598305,90
0.533378699898301,0.805847311330914,0.257132793154696,0.51802540032151,0.819435153660769,0.245307385878803,0.986111027376796,1.00705497840073,0.260054058547155,0.247836753783195,0.61013986013986,0.0209439510239324,-0.0122173047639604,12
0.878882677289228,-0.467310208838574,0.095845752520224,0.900167168846339,-0.427430797517469,0.0836778433323155,5.79449311662117,5.83987167717303,0.0959931088596881,0.0837758040957278,0.61013986013986,0.0453785605518524,-0.0122173047639603,19
0.687767549232912,-0.695007810249849,0.209618562903822,0.673515655283944,-0.717221325642877,0.17880221511635,5.49255115602615,5.46637121724624,0.211184839491314,0.179768912955416,0.61013986013986,-0.0261799387799142,-0.0314159265358979,7
0.613866739902665,-0.726413190153336,-0.309016994374947,0.570666708667711,-0.762825933934235,-0.30403306092549,5.41401133968641,5.3546701451186,-0.314159265358979,-0.308923277602996,0.61013986013986,-0.0593411945678071,0.005235987755983,143
0.979462355366756,0.192162874250118,-0.0610485395348569,0.983573308408769,0.171661022268094,-0.0558215049931638,0.193731546971371,0.172787595947439,-0.0610865238198015,-0.0558505360638185,0.612237762237762,-0.020943951023932,0.00523598775598299,20
0.301205664146776,-0.869830059905611,-0.390731128489274,0.26771383336553,-0.875652492868069,-0.40194777665596,5.04574686751561,5.00909495322373,-0.401425727958696,-0.413643032722656,0.612237762237762,-0.0366519142918813,-0.0122173047639603,39
-0.62319982507383,-0.745338628139015,-0.236838146065619,-0.589589738131788,-0.771151365360414,-0.240228042477264,4.01600260883895,4.05963584013881,-0.239110107523223,-0.242600766027212,0.613286713286713,0.0436332312998582,-0.00349065850398866,100
-0.0480342262976415,-0.948209602724811,-0.313992455967405,-0.028400073881222,-0.956898143042712,-0.289031796944472,4.66177443207685,4.68271838310079,-0.319395253114962,-0.293215314335047,0.613636363636364,0.0209439510239315,0.0261799387799149,65
0.347442918985748,-0.919481005053622,0.18395135061272,0.367971280751356,-0.910760879422438,0.187381314585725,5.07367213554752,5.09636141582344,0.185004900711399,0.188495559215388,0.613986013986014,0.0226892802759266,0.00349065850398869,144
-0.760883078070369,0.50170995023817,-0.411514358605109,-0.804037602339314,0.479302606369201,-0.351841648404702,2.55865268342369,2.60403124397554,-0.424115008234622,-0.359537825910832,0.614685314685315,0.0453785605518524,0.0645771823237902,7
-0.652795942337739,0.608742064399393,-0.450877540689431,-0.634892735382867,0.621732901437104,-0.458649554484315,2.39110107523223,2.36666646570431,-0.46774823953448,-0.476474885794452,0.615034965034965,-0.0244346095279209,-0.0087266462599716,8
-0.968989900708788,0.0984264047983995,-0.226651307436855,-0.958552080487906,0.126195775463827,-0.255445757935791,3.04036355697412,3.01069295969022,-0.228638132011257,-0.258308729295161,0.616083916083916,-0.0296705972839035,-0.0296705972839036,11
-0.143590172684819,0.972390746004969,0.18395135061272,-0.175396954706238,0.965147100231843,0.194234351219972,1.71740398396242,1.75056523975031,0.185004900711399,0.195476876223365,0.617132867132867,0.033161255787892,0.010471975511966,12
-0.0531385336607289,0.981174910080589,0.185666615385577,0.0205714720508286,0.982071818902155,0.187381314585725,1.62490153360672,1.54985237577096,0.186750229963393,0.188495559215388,0.617132867132867,-0.0750491578357559,0.00174532925199436,9
0.0972561644942167,0.974381111942275,0.202787295356512,0.131202329069789,0.970393354103713,0.202787295356512,1.47131255943122,1.43640597439133,0.204203522483337,0.204203522483337,0.617132867132867,-0.0349065850398866,0,86
-0.922938949057681,-0.207993275132028,0.323917418198149,-0.922348192906862,-0.218033873637893,0.31895930929807,3.36324946859307,3.37372144410504,0.329867228626928,0.324631240870945,0.618181818181818,0.0104719755119662,-0.00523598775598294,26
-0.784821690036989,0.615378811244732,-0.0732381971276317,-0.784400208608564,0.615048327590064,-0.0801989243288589,2.47662220857995,2.47662220857995,-0.0733038285837618,-0.0802851455917391,0.618181818181818,0,-0.0069813170079773,9
0.678869898031028,0.710396769051357,-0.185666615385577,0.636850908479214,0.748297286043765,-0.185666615385577,0.808087443673374,0.865683308989187,-0.186750229963393,-0.186750229963393,0.618881118881119,0.0575958653158128,0,177
0.943712750088378,0.24406071175371,-0.223250116010951,0.896009487169259,0.389596013103594,-0.213030386274977,0.253072741539178,0.410152374218667,-0.225147473507269,-0.214675497995303,0.61958041958042,0.15707963267949,0.010471975511966,25
0.951399181060328,-0.143885598130119,-0.272280247040574,0.949791831945755,-0.086437828024671,-0.300705799504273,6.13308699150807,6.19242818607588,-0.275762021815104,-0.305432619099008,0.61993006993007,0.059341194567808,-0.0296705972839035,15
0.846460516039003,0.463423596065859,0.262189178640865,0.830500659489058,0.504952315802086,0.23514211310259,0.500909495322373,0.546288055874225,0.265290046303138,0.237364778271229,0.620979020979021,0.0453785605518524,-0.0279252680319093,50
0.98051206543536,-0.160565008418095,-0.113203213767907,0.984181922301738,-0.134816153524107,-0.114937150492867,6.12086968674411,6.14704962552403,-0.113446401379631,-0.115191730631626,0.620979020979021,0.0261799387799151,-0.00174532925199433,14
0.832784915437943,-0.455936423434865,-0.313992455967405,0.863748891831736,-0.395455118233921,-0.312334918512233,5.78227581185721,5.85383431118898,-0.319395253114962,-0.317649923862968,0.621678321678322,0.0715584993317666,0.00174532925199433,8
0.322632571429207,0.936993023437225,0.133986185418292,0.314871544590554,0.941051850513418,0.123601476740493,1.23918376891597,1.24791041517595,0.134390352403563,0.123918376891597,0.623076923076923,0.00872664625997155,-0.010471975511966,18
0.811286819331204,-0.543109188191273,0.216439613938103,0.84092651654666,-0.491397780424235,0.226651307436855,5.6932640200055,5.7543505438253,0.218166156499291,0.228638132011257,0.623076923076923,0.0610865238198013,0.010471975511966,6
0.492029184976369,-0.806073203744182,-0.328866646738583,0.485496258902458,-0.808001462449297,-0.333806859233771,5.26042236551091,5.25344104850293,-0.335103216382911,-0.340339204138894,0.623076923076923,-0.00698131700797688,-0.00523598775598305,36
0.515277552779637,-0.824616459753025,0.233445363855905,0.582380802895801,-0.770045454109882,0.260504508642648,5.27089434102288,5.35990613287459,0.235619449019234,0.263544717051144,0.623076923076923,0.0890117918517106,0.0279252680319093,51
0.745349321902589,-0.59500454660771,0.300705799504273,0.745333922691419,-0.610048747040493,0.268919820615266,5.60948821590977,5.59727091114581,0.305432619099008,0.272271363311115,0.624125874125874,-0.0122173047639604,-0.0331612557878923,19
0.974987905426831,0.217935617367318,-0.043619387365336,0.952661727611583,0.296721085987978,-0.0662739004000001,0.219911485751285,0.301941960595019,-0.0436332312998582,-0.0663225115757845,0.624825174825175,0.0820304748437337,-0.0226892802759263,47
-0.58300397520534,-0.782159837454226,0.219846204352837,-0.502971202297478,-0.827242300193315,0.250380004054441,4.07185314490277,4.16610092451046,0.22165681500328,0.253072741539178,0.625874125874126,0.0942477796076924,0.031415926535898,373
0.141253839734611,-0.968259875593914,0.20620418539663,0.197450216600168,-0.961902451085869,0.189095442989891,4.85725130830022,4.91484717361603,0.207694180987325,0.190240888467382,0.626573426573427,0.057595865315812,-0.0174532925199433,180
-0.582937411903766,-0.740781313567928,0.333806859233771,-0.495709812548707,-0.793301529406162,0.353474843779257,4.04567320612286,4.1538836197465,0.340339204138894,0.361283155162826,0.626573426573427,0.108210413623648,0.0209439510239319,10
-0.536303943759208,-0.832180823347181,-0.140901231937583,-0.508162312662328,-0.84907735290858,-0.144356201000973,4.13992098573055,4.17308224151844,-0.141371669411541,-0.144862327915529,0.627272727272727,0.033161255787892,-0.00349065850398866,25
-0.919474129156535,-0.253265370622057,-0.300705799504273,-0.901836286369431,-0.307010114575516,-0.30403306092549,3.41037335839692,3.46971455296473,-0.305432619099008,-0.308923277602996,0.627972027972028,0.0593411945678075,-0.00349065850398866,20
-0.787100259475377,0.59527925088868,-0.161603821103361,-0.834906047437268,0.521707200767304,-0.175366726091987,2.4940755010999,2.58308729295161,-0.162315620435473,-0.176278254451427,0.627972027972028,0.089011791851711,-0.0139626340159546,80
-0.665461113041521,0.677178148366511,-0.313992455967405,-0.727094896150749,0.607945697413536,-0.31895930929807,2.34746784393237,2.44520628204406,-0.319395253114962,-0.324631240870945,0.629020979020979,0.0977384381116821,-0.005235987755983,28
-0.910327884749718,0.30106216338128,0.284015344703923,-0.906550380523514,0.291061485078645,0.305695304963106,2.82219740047483,2.8309240467348,0.287979326579064,0.310668606854991,0.629370629370629,0.00872664625997155,0.0226892802759263,7
0.345799603481679,0.92488305206347,-0.158158067254484,0.20422900316773,0.960821917531673,-0.187381314585725,1.21300383013606,1.36135681655558,-0.158824961931484,-0.188495559215388,0.62972027972028,0.148352986419518,-0.0296705972839036,150
0.164444405746857,0.982681019792439,0.0854169231373675,0.0138856940543605,0.994424953361254,0.104528463267653,1.40499004785544,1.55683369277894,0.0855211333477222,0.10471975511966,0.63006993006993,0.151843644923507,0.0191986217719376,114
0.661306964187923,0.716651492930218,-0.221548497619467,0.638985727353185,0.735068993412241,-0.226651307436855,0.825540736193318,0.855211333477221,-0.223402144255274,-0.228638132011257,0.630769230769231,0.0296705972839035,-0.00523598775598297,24
0.898882042986124,0.432602712853118,-0.0697564737441253,0.864019930427992,0.498842139417803,-0.0680152906652482,0.448549617762543,0.523598775598299,-0.0698131700797732,-0.0680678408277788,0.630769230769231,0.0750491578357559,0.00174532925199433,29
0.580527188111697,0.793189816166901,-0.18395135061272,0.553544453324888,0.811465822531903,-0.187381314585725,0.938987137572949,0.972148393360842,-0.185004900711399,-0.188495559215388,0.631468531468531,0.0331612557878924,-0.00349065850398869,14
0.65685569644569,0.692181478092053,-0.299040792256087,0.674072368289457,0.669382806013569,-0.312334918512233,0.811578102177363,0.78190750489346,-0.303687289847013,-0.317649923862968,0.632167832167832,-0.0296705972839035,-0.0139626340159547,7
0.982867949455121,-0.0946394193568997,0.158158067254484,0.985108111986875,-0.0481798245878216,0.165047605860678,6.1871921983199,6.23431608812375,0.158824961931484,0.165806278939461,0.632167832167832,0.0471238898038466,0.00698131700797733,29
0.880522532942471,-0.410594400289111,0.236838146065619,0.883727972054988,-0.423411499765652,0.199367934417197,5.846852994181,5.83638101866904,0.239110107523223,0.200712863979348,0.632867132867133,-0.0104719755119662,-0.0383972435438752,35
0.820770736546023,-0.522888627194533,0.230049737188104,0.83275001191893,-0.510309863627459,0.214735327167063,5.71595330028143,5.73340659280137,0.232128790515246,0.216420827247297,0.632867132867133,0.0174532925199431,-0.015707963267949,21
0.618189876649001,0.768873140684821,-0.163325962241622,0.578682443819208,0.802362996393442,-0.146083028562412,0.893608577021097,0.945968454580927,-0.164060949687467,-0.146607657167524,0.634265734265734,0.0523598775598297,0.0174532925199433,225
0.772938833032466,-0.531226142106966,-0.346935651573256,0.769213863060163,-0.552736232884882,-0.320612990585676,5.68104671524154,5.66010276421761,-0.354301838154849,-0.32637657012294,0.634265734265734,-0.0209439510239315,0.0279252680319093,27
0.599224690283223,-0.764219575888097,0.238533457578581,0.617884920722746,-0.754907856082513,0.219846204352837,5.37735942539453,5.39830337641846,0.240855436775218,0.22165681500328,0.634265734265734,0.0209439510239324,-0.0191986217719377,77
0.562876347468375,-0.818990167592654,-0.111468932206325,0.58224752514578,-0.804343409092713,-0.118403968306501,5.31452757232273,5.33896218185065,-0.111701072127637,-0.118682389135614,0.635314685314685,0.02443460952792,-0.00698131700797731,12
0.893953921505141,-0.227865997294818,-0.385906042324319,0.916113297596548,-0.1731014046151,-0.361624570082092,6.0336032241444,6.09643507721619,-0.396189740202713,-0.370009801422798,0.636713286713287,0.0628318530717955,0.026179938779915,51
0.322168236223116,-0.857114702014974,-0.40194777665596,0.378237389604907,-0.837702959868652,-0.393941909590951,5.07192680629552,5.13650398861931,-0.413643032722656,-0.404916386462684,0.636713286713287,0.0645771823237897,0.0087266462599716,19
0.215132525468267,-0.970400112044006,-0.109734311091045,0.317033099821234,-0.942044794363364,-0.109734311091045,4.93055513688398,5.03702022125564,-0.109955742875643,-0.109955742875643,0.636713286713287,0.106465084371655,0,47
0.915736913039297,0.396274748404475,-0.0662739004000001,0.917904238199863,0.391519336286567,-0.064532308252958,0.408407044966673,0.40317105721069,-0.0663225115757845,-0.0645771823237902,0.638461538461538,-0.00523598775598311,0.00174532925199432,64
0.955315532730936,-0.0818994315958269,-0.284015344703923,0.943847305252317,-0.129290998264443,-0.30403306092549,6.19766417383186,6.14704962552403,-0.287979326579064,-0.308923277602996,0.638461538461538,-0.0506145483078368,-0.020943951023932,7
-0.452883358187563,-0.830646838352257,0.323917418198149,-0.464178878944851,-0.820433391001358,0.333806859233771,4.21322481431431,4.19751685104636,0.329867228626928,0.340339204138894,0.638461538461538,-0.0157079632679489,0.010471975511966,67
0.979526053661501,-0.195728619521689,-0.0471064507096427,0.969106855635949,-0.239829700328383,-0.0575640269595673,6.08596310170423,6.04058454115238,-0.0471238898038469,-0.0575958653158129,0.639160839160839,-0.0453785605518515,-0.010471975511966,55
-0.931795351396841,-0.142584725141664,0.333806859233771,-0.938437953757335,-0.07550492498123,0.337095258423082,3.2934362985133,3.22187779918153,0.340339204138894,0.343829862642883,0.63986013986014,-0.0715584993317675,0.00349065850398861,23
-0.968235087599469,-0.0388883382936072,0.246999012722743,-0.970001276142729,-0.0678290968217973,0.233445363855905,3.18173522638566,3.21140582366957,0.249582083035189,0.235619449019234,0.640559440559441,0.0296705972839031,-0.0139626340159546,155
-0.969053965815037,0.127578374896521,0.211324796455389,-0.971969254132195,0.0833271591580702,0.219846204352837,3.01069295969022,3.05607152024207,0.212930168743308,0.22165681500328,0.640559440559441,0.0453785605518524,0.00872664625997166,57
-0.4578342607208,-0.796198182057991,0.395545502562965,-0.460252426726221,-0.797180587396685,0.390731128489274,4.19053553403839,4.18879020478639,0.406661715714679,0.401425727958696,0.640909090909091,-0.00174532925199511,-0.00523598775598305,12
-0.761892006094677,0.529528738689611,0.372987782575809,-0.750966675902261,0.555686108811207,0.356737999319625,2.53421807389577,2.50454747661186,0.382227106186758,0.364773813666815,0.641258741258741,-0.0296705972839035,-0.0174532925199433,14
-0.903823604436794,-0.307686652830608,-0.297374874077786,-0.897005075590554,-0.330033606625243,-0.294040325232304,3.46971455296473,3.49414916249265,-0.301941960595019,-0.29845130209103,0.642657342657343,0.02443460952792,0.00349065850398872,63
-0.954769037528656,-0.236281449069983,-0.18051914525056,-0.930365480737733,-0.307688964667029,-0.199367934417197,3.38419341961701,3.46098790670476,-0.18151424220741,-0.200712863979348,0.642657342657343,0.0767944870877506,-0.0191986217719376,19
-0.45265247725019,0.888380507194154,0.0767190281268186,-0.47428539042952,0.877172479589174,0.0749787268263277,2.04203522483337,2.06646983436129,0.0767944870877505,0.0750491578357562,0.642657342657343,0.0244346095279209,-0.00174532925199433,68
-0.119340663843663,0.986178106322552,0.114937150492867,-0.141712094334958,0.98341380644763,0.113203213767907,1.69122404518251,1.71391332545843,0.115191730631626,0.113446401379631,0.643006993006993,0.0226892802759262,-0.00174532925199433,19
-0.878192941335426,0.344160050346304,0.332161131883703,-0.888326260911351,0.330365575063983,0.31895930929807,2.76809219366301,2.78554548618295,0.3385938748869,0.324631240870945,0.643356643356643,0.0174532925199435,-0.0139626340159546,36
-0.305941608900922,0.947213452009075,-0.095845752520224,-0.309842101003134,0.947963099981986,-0.0732381971276317,1.88321026290188,1.88670092140587,-0.0959931088596881,-0.0733038285837618,0.644755244755245,0.00349065850398844,0.0226892802759263,9
0.546272867043029,0.822206762654527,-0.159881187691835,0.503791313526782,0.845117790775018,-0.17880221511635,0.984365698124802,1.03323491718064,-0.160570291183478,-0.179768912955416,0.644755244755245,0.0488692190558413,-0.0191986217719377,47
0.938301756656323,0.332270078670184,-0.095845752520224,0.885629156634703,0.457107293446504,-0.0819385086300409,0.340339204138894,0.476474885794452,-0.0959931088596881,-0.0820304748437335,0.645804195804196,0.136135681655558,0.0139626340159546,35
0.0323692682760675,0.975759255139093,0.216439613938103,0.0153919882771715,0.979803813741861,0.199367934417197,1.537635071007,1.55508836352695,0.218166156499291,0.200712863979348,0.646853146853147,0.0174532925199435,-0.0174532925199433,19
0.164787924987534,0.954020331726741,-0.250380004054441,0.153526642578479,0.958498856350972,-0.240228042477264,1.39975406009945,1.41197136486341,-0.253072741539178,-0.242600766027212,0.647902097902098,0.0122173047639604,0.010471975511966,7
0.590038410447521,-0.77734689838551,0.218143241396543,0.591162617689689,-0.776011859366804,0.219846204352837,5.36165146212658,5.36339679137857,0.219911485751285,0.22165681500328,0.647902097902098,0.00174532925199422,0.00174532925199433,24
0.640266590425548,-0.679434401486663,0.3583679495453,0.608108839486199,-0.694637131400666,0.384295322659804,5.46811654649823,5.43146463220635,0.366519142918809,0.394444410950718,0.648251748251748,-0.0366519142918813,0.0279252680319093,14
0.262589091681444,-0.915756991124933,0.30403306092549,0.355865794061975,-0.880798748463346,0.312334918512233,4.99164166070378,5.09636141582344,0.308923277602996,0.317649923862968,0.648951048951049,0.10471975511966,0.00872664625997166,4
0.244410860041232,-0.965902314282169,-0.0854169231373675,0.241850591554802,-0.96284756390584,-0.120136838834647,4.96022573416788,4.95848040491589,-0.0855211333477222,-0.120427718387609,0.648951048951049,-0.00174532925199422,-0.0349065850398866,5
-0.413059047950997,-0.898054779600863,0.151260820247219,-0.481027690557358,-0.860697708859385,0.166768746716102,4.28129265514209,4.20275283880235,0.151843644923507,0.167551608191456,0.649300699300699,-0.0785398163397453,0.015707963267949,46
-0.891285039958293,-0.315620586067997,-0.325568154457157,-0.898264959012098,-0.302299557431187,-0.31895930929807,3.48193185772869,3.46622389446074,-0.331612557878923,-0.324631240870945,0.64965034965035,-0.0157079632679493,0.00698131700797733,32
-0.322791303181403,-0.827916880345963,-0.458649554484315,-0.341577804685663,-0.824641768677754,-0.450877540689431,4.3406338497099,4.31968989868597,-0.476474885794452,-0.46774823953448,0.651048951048951,-0.0209439510239324,0.0087266462599716,43
-0.989519261371705,-0.0917949264784117,0.111468932206325,-0.990220020544535,-0.0536283993329099,0.128795596577563,3.23409510394549,3.19569786040162,0.111701072127637,0.12915436464758,0.651048951048951,-0.0383972435438755,0.0174532925199433,29
-0.972914723709762,-0.0714463912343202,0.219846204352837,-0.976062170008653,-0.057988777915519,0.209618562903822,3.21489648217355,3.2009338481576,0.22165681500328,0.211184839491314,0.651048951048951,-0.0139626340159538,-0.0104719755119659,56
-0.645385334238331,-0.732045966168168,-0.218143241396543,-0.672352166033294,-0.703576352111142,-0.230049737188104,3.98982267005904,3.94968009726317,-0.219911485751285,-0.232128790515246,0.652447552447552,-0.0401425727958697,-0.0122173047639604,90
-0.690869367836298,0.683672219145347,-0.23514211310259,-0.697097033093455,0.675534021393331,-0.240228042477264,2.36143047794833,2.37190245346029,-0.237364778271229,-0.242600766027212,0.652447552447552,0.0104719755119658,-0.00523598775598297,49
-0.816799431598835,-0.567690393542697,0.102792536787247,-0.824452557964813,-0.549841506056364,0.133986185418292,3.74896723328382,3.72976861151188,0.102974425867665,0.134390352403563,0.652797202797203,-0.0191986217719378,0.0314159265358979,5
-0.984533205199596,-0.141873402159291,0.102792536787247,-0.970442886894572,-0.227615324203407,0.0801989243288589,3.28470965225333,3.37197611485304,0.102974425867665,0.0802851455917391,0.653146853146853,0.0872664625997164,-0.0226892802759263,15
-0.824961319201289,0.52555832277966,-0.207911690817759,-0.84848651374237,0.485932808198269,-0.209618562903822,2.57436064669164,2.62148453649548,-0.20943951023932,-0.211184839491314,0.653496503496503,0.0471238898038471,-0.00174532925199436,70
-0.756377572099789,-0.63019003467542,-0.175366726091987,-0.772737701140903,-0.605903753640733,-0.189095442989891,3.83623369588354,3.80656309859963,-0.176278254451427,-0.190240888467382,0.653846153846154,-0.029670597283904,-0.0139626340159546,28
-0.847380290810956,0.400554828420552,0.348572047321815,-0.884741906283252,0.341393488938972,0.317304656405092,2.70002435283523,2.77332818141899,0.356047167406843,0.322885911618951,0.654895104895105,0.0733038285837622,-0.0331612557878923,61
-0.731068660895522,0.58360444469834,-0.353474843779257,-0.734597405060114,0.580150072762909,-0.351841648404702,2.46789556231998,2.47313155007596,-0.361283155162826,-0.359537825910832,0.654895104895105,0.00523598775598266,0.00174532925199428,5
0.42353647292281,0.891965740298601,-0.158158067254484,0.410049894044903,0.891512409783936,-0.192521966525907,1.12748269678834,1.1397000015523,-0.158824961931484,-0.193731546971371,0.654895104895105,0.0122173047639604,-0.0349065850398866,27
0.126611621066353,0.948909962939582,0.289031796944472,0.0816846098359936,0.952809745328763,0.292371704722737,1.43815130364333,1.48527519344717,0.293215314335047,0.296705972839036,0.656293706293706,0.0471238898038466,0.00349065850398861,11
0.264727967982791,0.911199642472531,-0.315649036947102,0.258245326406683,0.906577262078413,-0.333806859233771,1.28805298797181,1.2932889757278,-0.321140582366957,-0.340339204138894,0.656293706293706,0.00523598775598311,-0.0191986217719377,5
0.448851292030768,0.873370156968262,0.189095442989891,0.415976172091141,0.888014038632775,0.195946144242518,1.09606677025244,1.13271868454432,0.190240888467382,0.197222205475359,0.656293706293706,0.0366519142918813,0.00698131700797733,219
-0.494128102893993,0.866298784722614,0.0732381971276317,-0.592434889265014,0.803559135833667,0.0575640269595673,2.08915911463721,2.20609617452083,0.0733038285837618,0.0575958653158129,0.656643356643357,0.11693705988362,-0.015707963267949,56
0.24716987611281,0.873479823965009,-0.419452082446177,0.205503013887752,0.890131346747478,-0.4067366430758,1.29503430497979,1.34390352403563,-0.432841654494594,-0.418879020478639,0.657342657342657,0.0488692190558409,0.0139626340159547,46
-0.837958072403458,0.527690360782762,-0.139173100960065,-0.838461142464976,0.525965683145161,-0.142628933705512,2.57959663444762,2.58134196369961,-0.139626340159546,-0.143116998663535,0.658041958041958,0.00174532925199422,-0.00349065850398864,2
0.592400549481135,0.75823812621496,-0.272280247040574,0.612928478849554,0.748852267440032,-0.252069358243114,0.907571211037051,0.884881930761125,-0.275762021815104,-0.254818070791172,0.658741258741259,-0.0226892802759262,0.020943951023932,29
0.882713323946409,-0.413493135890524,0.223250116010951,0.897646249534467,-0.392172003493777,0.201077921145965,5.84510766492901,5.87128760370892,0.225147473507269,0.202458193231342,0.659440559440559,0.0261799387799151,-0.0226892802759263,13
0.752562867272496,-0.585854207928128,0.300705799504273,0.785664007581625,-0.55217391276824,0.278991106039229,5.62170552067374,5.67057473972958,0.305432619099008,0.282743338823081,0.659440559440559,0.0488692190558409,-0.0226892802759263,95
0.522314883819527,-0.757138527005328,0.392337116603562,0.480161155046885,-0.780490818213001,0.400349032556895,5.31627290157473,5.2639130240149,0.40317105721069,0.411897703470662,0.65979020979021,-0.0523598775598302,0.0087266462599716,219
0.328768564527429,-0.89356679185279,0.305695304963106,0.31853196701622,-0.899506526132874,0.299040792256087,5.06494548928754,5.05272818452358,0.310668606854991,0.303687289847013,0.66013986013986,-0.0122173047639604,-0.00698131700797733,14
0.954386428812216,0.154576871658325,-0.255445757935791,0.959129084677046,0.176033127930876,-0.221548497619467,0.160570291183478,0.18151424220741,-0.258308729295161,-0.223402144255274,0.660839160839161,0.020943951023932,0.0349065850398866,68
0.0720807119486004,-0.981552528248452,0.177084740319583,0.0943012018541286,-0.979355426389395,0.17880221511635,4.78569280896845,4.80838208924438,0.178023583703422,0.179768912955416,0.661888111888112,0.0226892802759258,0.00174532925199433,41
-0.367723501312435,-0.825920506576545,-0.427357863387192,-0.413254259339881,-0.804105822475239,-0.427357863387192,4.29350995990605,4.23765942384223,-0.441568300754565,-0.441568300754565,0.661888111888112,-0.0558505360638186,0,46
0.383375943515375,-0.894483093385996,-0.230049737188104,0.422714047164426,-0.878334913362191,-0.223250116010951,5.11730536684737,5.16093859814723,-0.232128790515246,-0.225147473507269,0.662587412587413,0.0436332312998582,0.00698131700797733,41
-0.492153017874943,-0.737952319037015,-0.461748613235034,-0.509023697821586,-0.735123577579873,-0.44775908783877,4.1242130224626,4.10675972994266,-0.479965544298441,-0.464257581030492,0.662587412587413,-0.0174532925199431,0.0157079632679489,32
0.315038427287603,-0.93074093993088,0.185666615385577,0.379566173644703,-0.907382145527851,0.18051914525056,5.03876555050763,5.1085787205874,0.186750229963393,0.18151424220741,0.663286713286713,0.0698131700797733,-0.00523598775598297,95
-0.711737970943095,-0.663706395281445,0.230049737188104,-0.686850083972102,-0.691662018509484,0.223250116010951,3.89208423194735,3.93048147549123,0.232128790515246,0.225147473507269,0.663286713286713,0.0383972435438751,-0.00698131700797733,74
-0.507153571371337,-0.708384612856507,-0.490903753615141,-0.4928709878872,-0.722521848400239,-0.484809620246337,4.09105176667471,4.11374104695063,-0.513126800086333,-0.506145483078356,0.663986013986014,0.0226892802759266,0.00698131700797722,7
-0.209385860088707,-0.976697775105714,0.0471064507096427,-0.121734053195666,-0.991444301306985,0.0471064507096427,4.50120414089338,4.59021593274509,0.0471238898038469,0.0471238898038469,0.664685314685315,0.0890117918517106,0,18
-0.960933241617451,-0.211274875515438,-0.17880221511635,-0.963263553892563,-0.188984795752631,-0.190808995376545,3.35801348083709,3.33532420056116,-0.179768912955416,-0.191986217719376,0.664685314685315,-0.0226892802759271,-0.0122173047639603,13
-0.741549495155649,0.624442657629754,-0.245307385878803,-0.759970913288739,0.611032302057459,-0.221548497619467,2.44171562354007,2.46440490381599,-0.247836753783195,-0.223402144255274,0.665384615384615,0.0226892802759262,0.0244346095279206,62
-0.975037795873584,-0.170171336857921,0.142628933705512,-0.974410590505004,-0.152588626415428,0.165047605860678,3.31438024953723,3.29692695701729,0.143116998663535,0.165806278939461,0.667132867132867,-0.0174532925199435,0.0226892802759263,95
0.306969066319764,0.944753641834395,-0.114937150492867,0.333552224221725,0.936723470859884,-0.106264071336233,1.25663706143592,1.22871179340401,-0.115191730631626,-0.106465084371654,0.667832167832168,-0.0279252680319093,0.00872664625997166,16
0.460719141531882,0.862850277538013,0.207911690817759,0.459176093997154,0.867232729494519,0.192521966525907,1.08035880698449,1.08384946548848,0.20943951023932,0.193731546971371,0.667832167832168,0.00349065850398889,-0.015707963267949,3
0.433691912722948,0.866062737254434,0.248689887164855,0.433317991931648,0.869101436820773,0.238533457578581,1.1065387457644,1.1082840750164,0.251327412287183,0.240855436775218,0.668181818181818,0.00174532925199422,-0.010471975511966,8
0.115266005763873,0.98121274160414,0.154710386299468,0.0466011083911342,0.988174116976736,0.146083028562412,1.45385926691128,1.52367243699105,0.155334303427495,0.146607657167524,0.668531468531468,0.0698131700797733,-0.00872664625997163,54
-0.0472937893606367,0.966991805062282,-0.250380004054441,-0.0678855264872125,0.970808257954802,-0.230049737188104,1.61966554585074,1.64060949687467,-0.253072741539178,-0.232128790515246,0.67027972027972,0.020943951023932,0.020943951023932,21
0.151763951026528,0.969144323604577,-0.194234351219972,0.129414066203722,0.969913312308647,-0.20620418539663,1.4154620233674,1.43815130364333,-0.195476876223365,-0.207694180987325,0.67027972027972,0.0226892802759266,-0.0122173047639603,37
0.303131813722617,0.932943792688173,-0.194234351219972,0.326512378468,0.922042512863951,-0.207911690817759,1.25663706143592,1.230457122656,-0.195476876223365,-0.20943951023932,0.67027972027972,-0.0261799387799151,-0.0139626340159546,28
0.930799783026389,0.197847601483292,-0.307356617799807,0.912066663250741,0.242682174862656,-0.330514392713223,0.20943951023932,0.260054058547155,-0.312413936106985,-0.336848545634906,0.67027972027972,0.0506145483078355,-0.0244346095279207,93
0.879685586672799,0.430953522120136,-0.201077921145965,0.867433070967369,0.457345576067604,-0.195946144242518,0.45553093477052,0.485201532054424,-0.202458193231342,-0.197222205475359,0.671328671328671,0.0296705972839035,0.005235987755983,7
0.955019158446053,-0.161529399871743,0.248689887164855,0.968094556228708,-0.0101382330826928,0.250380004054441,6.11563369898813,6.27271333166762,0.251327412287183,0.253072741539178,0.671328671328671,0.15707963267949,0.00174532925199433,35
0.939578990029547,-0.307101751465527,0.151260820247219,0.96635162829803,-0.20012180163725,0.161603821103361,5.96728071256861,6.07898178469625,0.151843644923507,0.162315620435473,0.672377622377622,0.111701072127638,0.010471975511966,66
0.459475304476627,-0.802289108018033,0.381070376350274,0.389896680336959,-0.832340285298059,0.393941909590951,5.232497097479,5.15046662263527,0.39095375244673,0.404916386462684,0.672377622377622,-0.0820304748437337,0.0139626340159547,245
0.458939877218372,-0.859518011590431,-0.224951054343865,0.449922661451116,-0.860622674770048,-0.238533457578581,5.2028265001951,5.19409985393512,-0.226892802759263,-0.240855436775218,0.672377622377622,-0.00872664625997199,-0.0139626340159547,35
0.157941317120028,-0.986060590445905,0.0523359562429438,0.211196063099193,-0.97682047893219,0.034899496702501,4.87121394231617,4.925319149128,0.0523598775598299,0.0349065850398866,0.673076923076923,0.0541052068118235,-0.0174532925199433,32
0.0383145342270618,-0.914157092768428,-0.40354529635239,0.076795727785492,-0.914535931037289,-0.397147890634781,4.75427688243255,4.79616478448042,-0.41538836197465,-0.408407044966673,0.673426573426573,0.0418879020478649,0.00698131700797727,8
0.37006125793431,-0.867596477541151,-0.332161131883703,0.474986025762326,-0.822699929505569,-0.312334918512233,5.11556003759538,5.23598775598299,-0.3385938748869,-0.317649923862968,0.674825174825175,0.120427718387608,0.0209439510239319,36
0.482838926971055,-0.856901049596421,0.18051914525056,0.53513880283992,-0.820901265939624,0.199367934417197,5.22551578047102,5.29009296279481,0.18151424220741,0.200712863979348,0.675874125874126,0.0645771823237915,0.0191986217719376,29
-0.659088129327926,-0.747588736259783,0.0819385086300409,-0.6428525989141,-0.763412003263393,0.0627905195293134,3.98982267005904,4.01251195033496,0.0820304748437335,0.0628318530717959,0.675874125874126,0.0226892802759262,-0.0191986217719376,31
-0.56967307808602,-0.778359555479325,0.263873049965373,-0.542676117588378,-0.798523657993961,0.260504508642648,4.08057979116274,4.11548637620263,0.267035375555132,0.263544717051144,0.676573426573427,0.0349065850398862,-0.00349065850398872,71
-0.886882789693479,-0.322798936731399,-0.330514392713223,-0.878250808008744,-0.342415681534117,-0.333806859233771,3.49065850398866,3.51334778426459,-0.336848545634906,-0.340339204138894,0.676923076923077,0.0226892802759266,-0.00349065850398866,10
-0.977676437458857,-0.161853284658707,-0.133986185418292,-0.984415721764257,-0.133098227561216,-0.114937150492867,3.30565360327726,3.27598300599336,-0.134390352403563,-0.115191730631626,0.678671328671329,-0.0296705972839035,0.0191986217719376,73
-0.843139684847848,0.0206058900565241,0.537299608346824,-0.841140399490204,0.0249644642574419,0.540240320477655,3.11715804406187,3.11192205630589,0.567232006898157,0.570722665402146,0.678671328671329,-0.00523598775598311,0.00349065850398866,6
-0.810264477634496,0.548590293578559,-0.20620418539663,-0.809052685308292,0.547769848493851,-0.213030386274977,2.54643537865973,2.54643537865973,-0.207694180987325,-0.214675497995303,0.679020979020979,0,-0.00698131700797736,7
-0.915443496641816,-0.27116671758058,-0.297374874077786,-0.933529489882522,-0.212092696420053,-0.289031796944472,3.42957198016886,3.36499479784507,-0.301941960595019,-0.293215314335047,0.67972027972028,-0.0645771823237902,0.00872664625997166,51
-0.517810197327117,0.815938310308149,0.257132793154696,-0.475513758175128,0.837055592194347,0.270600445975864,2.13628300444106,2.08741378538522,0.260054058547155,0.27401669256311,0.67972027972028,-0.0488692190558417,0.0139626340159546,139
-0.164061681132132,0.94003104701438,0.299040792256087,-0.181977773245851,0.936194484169276,0.300705799504273,1.74358392274234,1.76278254451427,0.303687289847013,0.305432619099008,0.68041958041958,0.0191986217719373,0.00174532925199433,21
-0.12094515556242,0.971005717424411,-0.20620418539663,-0.194490306979108,0.955950399823559,-0.219846204352837,1.69471470368649,1.77150919077424,-0.207694180987325,-0.22165681500328,0.68041958041958,0.0767944870877506,-0.0139626340159546,213
0.124137785658074,0.942920095956908,-0.309016994374947,0.16015180588874,0.936926654089036,-0.310676429630732,1.43989663289532,1.40149938935145,-0.314159265358979,-0.315904594610974,0.680769230769231,-0.0383972435438755,-0.00174532925199433,84
-0.990135991761085,0.0848845979673224,-0.111468932206325,-0.991889161401461,0.0641425947688379,-0.109734311091045,3.05607152024207,3.077015471266,-0.111701072127637,-0.109955742875643,0.681818181818182,0.0209439510239324,0.00174532925199435,28
0.670697623866304,0.699397015331123,-0.246999012722743,0.607611122317985,0.742355727251646,-0.282341456842876,0.80634211442138,0.884881930761125,-0.249582083035189,-0.28623399732707,0.681818181818182,0.0785398163397448,-0.0366519142918809,44
0.783673998339842,0.563126894163007,-0.262189178640865,0.756740228382284,0.610612388379168,-0.233445363855905,0.623082542961976,0.678933079025794,-0.265290046303138,-0.235619449019234,0.682167832167832,0.0558505360638186,0.0296705972839036,44
0.54988608160241,0.776631963515931,0.307356617799807,0.511170887738395,0.778183304742642,0.36487678433762,0.954695100840898,0.989601685880785,0.312413936106985,0.373500459926786,0.682517482517483,0.0349065850398862,0.0610865238198016,81
0.961410166076668,-0.206108480691687,0.182235525492147,0.966827345131393,-0.194946588854076,0.165047605860678,6.07200046768827,6.08421777245223,0.183259571459405,0.165806278939461,0.682867132867133,0.0122173047639604,-0.0174532925199433,70
0.983852995613745,-0.145282770447027,-0.104528463267653,0.99121425433263,-0.102432028892633,-0.0836778433323155,6.13657765001206,6.18021088131192,-0.10471975511966,-0.0837758040957278,0.683916083916084,0.0436332312998591,0.020943951023932,34
0.580528944769076,-0.724618572080537,0.371367835550235,0.581736751706487,-0.72612616157495,0.366501226724297,5.38783140090649,5.38783140090649,0.380481776934764,0.375245789178781,0.683916083916084,0,-0.00523598775598294,46
0.461939766255643,-0.800103145191265,0.38268343236509,0.479425970484373,-0.779295792762272,0.40354529635239,5.23598775598299,5.2639130240149,0.392699081698724,0.41538836197465,0.683916083916084,0.0279252680319093,0.0226892802759263,15
0.396964167590796,-0.843591796997747,0.361624570082092,0.399906434049304,-0.842200994014441,0.361624570082092,5.15221195188726,5.15570261039125,0.370009801422798,0.370009801422798,0.684265734265734,0.00349065850398933,0,8
0.930765174514319,-0.221739542140081,0.290702193598252,0.95596234708266,-0.153120359619191,0.250380004054441,6.04931118741235,6.1243603452481,0.294960643587042,0.253072741539178,0.684615384615385,0.0750491578357551,-0.0418879020478639,254
0.0647458547967168,-0.903251251883506,-0.42419942274539,0.0417568507400832,-0.919557257948503,-0.390731128489274,4.78394747971646,4.75776754093654,-0.438077642250577,-0.401425727958696,0.684965034965035,-0.026179938779916,0.036651914291881,57
-0.352303590764472,-0.894374769329207,0.275637355816999,-0.324450799868059,-0.901196765471714,0.287360519849712,4.33714319120591,4.36681378848981,0.279252680319093,0.291469985083053,0.685664335664336,0.0296705972839026,0.0122173047639603,90
-0.172949616806941,-0.951680269631785,-0.253757944584806,-0.101379231324017,-0.964558954905633,-0.243615011786023,4.53262006742927,4.60766922526503,-0.256563400043166,-0.2460914245312,0.688811188811189,0.0750491578357559,0.0104719755119659,51
-0.373812950231659,-0.906938198029645,0.194234351219972,-0.334350492583045,-0.923633039173893,0.187381314585725,4.32143522793796,4.36506845923782,0.195476876223365,0.188495559215388,0.688811188811189,0.0436332312998591,-0.0069813170079773,47
-0.974028839810383,0.104093654202633,0.201077921145965,-0.98043190360318,0.0410922718043433,0.192521966525907,3.03512756921814,3.09970475154193,0.202458193231342,0.193731546971371,0.688811188811189,0.0645771823237902,-0.00872664625997166,31
-0.948685761814557,0.255975063749573,-0.185666615385577,-0.959051369649425,0.233791522934025,-0.159881187691835,2.87804793653865,2.90248254606657,-0.186750229963393,-0.160570291183478,0.689160839160839,0.0244346095279209,0.026179938779915,14
-0.558576747595788,-0.735897688295448,0.38268343236509,-0.59159301689192,-0.702539292685418,0.395545502562965,4.0631264986428,4.01251195033496,0.392699081698724,0.406661715714679,0.68986013986014,-0.050614548307836,0.0139626340159547,19
-0.983394674508937,-0.0825779580290892,-0.161603821103361,-0.983738017078382,-0.106868147673942,-0.144356201000973,3.22536845768552,3.24980306721344,-0.162315620435473,-0.144862327915529,0.68986013986014,0.0244346095279195,0.0174532925199433,18
-0.661955907788622,0.727480043947426,-0.18051914525056,-0.681836695614103,0.711012731947293,-0.17192910027941,2.3090706003885,2.33525053916841,-0.18151424220741,-0.172787595947439,0.69020979020979,0.0261799387799151,0.00872664625997166,10
0.203757200801459,0.926740896149469,-0.315649036947102,0.228340533552787,0.922681286690442,-0.310676429630732,1.3543754995476,1.32819556076768,-0.321140582366957,-0.315904594610974,0.690559440559441,-0.0261799387799151,0.00523598775598294,9
0.587747806098342,0.7771419044011,0.224951054343865,0.6033273351913,0.769451872892061,0.209618562903822,0.923279174305,0.905825881785057,0.226892802759263,0.211184839491314,0.691608391608392,-0.0174532925199431,-0.0157079632679489,23
0.596879318852452,0.750380145458917,-0.284015344703923,0.645548085840497,0.702028269382485,-0.300705799504273,0.89884456477708,0.827286065445312,-0.287979326579064,-0.305432619099008,0.691608391608392,-0.0715584993317675,-0.0174532925199433,53
0.677669366619535,0.69443360083952,0.241921895599668,0.662442512034085,0.705429625749355,0.252069358243114,0.797615468161409,0.816814089933346,0.244346095279206,0.254818070791172,0.692307692307692,0.0191986217719378,0.0104719755119659,4
-0.52109280886674,0.811685467437568,-0.263873049965373,-0.511823219841266,0.815916124188983,-0.268919820615266,2.14151899219704,2.13104701668508,-0.267035375555132,-0.272271363311115,0.693706293706294,-0.0104719755119658,-0.00523598775598294,55
0.991375138407413,-0.0242286865081919,-0.128795596577563,0.994449408993508,0.034726938582667,-0.099319749743639,6.25875069765167,0.0349065850398866,-0.12915436464758,-0.0994837673636768,0.693706293706294,0.0593411945678062,0.0296705972839036,98
0.969032363620319,-0.101849405526005,0.224951054343865,0.974275178363888,-0.0869517431988293,0.207911690817759,6.17846555205993,6.19417351532787,0.226892802759263,0.20943951023932,0.693706293706294,0.0157079632679489,-0.0174532925199433,90
0.941965233873579,-0.152565077066629,0.299040792256087,0.932820564054354,-0.18808961899047,0.307356617799807,6.12261501599611,6.08421777245223,0.303687289847013,0.312413936106985,0.693706293706294,-0.0383972435438755,0.0087266462599716,18
0.682450426521623,0.711652724620089,-0.166768746716102,0.742817205853346,0.652580860698043,-0.14953534344371,0.80634211442138,0.720820981073658,-0.167551608191456,-0.150098315671512,0.694405594405594,-0.0855211333477222,0.0174532925199433,142
0.856229593304631,-0.459106279762744,0.236838146065619,0.879452081986174,-0.419477125287861,0.224951054343865,5.79100245811719,5.83812634792103,0.239110107523223,0.226892802759263,0.695454545454545,0.0471238898038466,-0.0122173047639603,52
0.0468381233238023,0.957675035790438,0.284015344703923,0.0916087007569196,0.951392733356162,0.294040325232304,1.52192710773906,1.47480321793521,0.287979326579064,0.29845130209103,0.695804195804196,-0.0471238898038466,0.010471975511966,21
0.946367262781684,-0.0761429020372943,0.313992455967405,0.95304549223736,0.0166354709465482,0.302369890750444,6.20290016158785,0.0174532925199433,0.319395253114962,0.307177948351002,0.696503496503497,0.0977384381116826,-0.0122173047639603,12
0.39665007263531,-0.813253167686882,0.425779291565073,0.435187017865358,-0.769190450023609,0.467929814260573,5.16617458590322,5.22726110972302,0.439822971502571,0.486946861306418,0.696503496503497,0.0610865238198013,0.047123889803847,29
0.398024768847808,-0.873385643279773,-0.280666708920788,0.481566503114877,-0.844275955907403,-0.23514211310259,5.1399946471233,5.23075176822701,-0.284488668075076,-0.237364778271229,0.697202797202797,0.0907571211037048,0.0471238898038469,81
0.0256422906724339,-0.979239573626744,-0.201077921145965,0.0255953812449349,-0.97744817486405,-0.209618562903822,4.7385689191646,4.7385689191646,-0.202458193231342,-0.211184839491314,0.697202797202797,0,-0.00872664625997166,22
0.461110458285115,-0.805144247516724,0.372987782575809,0.437489372149487,-0.809119667411101,0.392337116603562,5.232497097479,5.20806248795108,0.382227106186758,0.40317105721069,0.698951048951049,-0.0244346095279218,0.020943951023932,58
-0.897729886551161,-0.300376218217146,0.322265695230511,-0.889519727356329,-0.325517994758557,0.320612990585676,3.46447856520874,3.49240383324065,0.328121899374934,0.32637657012294,0.69965034965035,0.0279252680319089,-0.00174532925199433,50
-0.629449817779343,0.75281353554685,-0.192521966525907,-0.597061257728761,0.766958956636532,-0.23514211310259,2.26718269834063,2.23227611330075,-0.193731546971371,-0.237364778271229,0.7,-0.0349065850398866,-0.0436332312998582,19
-0.9318328144864,0.234060224963867,0.277314653302378,-0.930659903274346,0.228591997162776,0.285688367404974,2.89550122905859,2.90073721681458,0.280998009571087,0.289724655831059,0.70034965034965,0.00523598775598266,0.00872664625997166,25
0.464341699379592,0.876988860342503,-0.123601476740493,0.447465104644891,0.882001903686525,-0.147809411129611,1.08384946548848,1.10130275800842,-0.123918376891597,-0.148352986419518,0.700699300699301,0.0174532925199431,-0.0244346095279206,82
0.269630434393347,0.952853754160634,-0.139173100960065,0.30586193291456,0.935785760403281,-0.175366726091987,1.29503430497979,1.25489173218392,-0.139626340159546,-0.176278254451427,0.701048951048951,-0.0401425727958697,-0.0366519142918809,10
-0.141795633665172,0.948776738764887,-0.282341456842876,-0.203440637362858,0.94095021425528,-0.270600445975864,1.71914931321441,1.7837264955382,-0.28623399732707,-0.27401669256311,0.702097902097902,0.0645771823237902,0.0122173047639603,22
0.938419243564113,0.297684118972336,0.175366726091987,0.910950215457332,0.371751896871727,0.17880221511635,0.307177948351002,0.387463093942741,0.176278254451427,0.179768912955416,0.702097902097902,0.080285145591739,0.00349065850398866,115
0.699530785316013,0.704431558314915,-0.120136838834647,0.591250116338443,0.801952148928802,-0.0854169231373675,0.788888821901437,0.935496479068961,-0.120427718387609,-0.0855211333477222,0.702797202797203,0.146607657167524,0.0349065850398866,122
0.992600848180772,0.0554950029993392,-0.107999355706023,0.990082448058,0.0363046752678853,-0.135715572434304,0.0558505360638185,0.0366519142918809,-0.108210413623648,-0.136135681655558,0.702797202797203,-0.0191986217719378,-0.0279252680319093,33
0.958027209970403,0.115934031069196,-0.262189178640865,0.948293425648744,0.106368150487923,-0.299040792256087,0.120427718387609,0.111701072127637,-0.265290046303138,-0.303687289847013,0.703496503496504,-0.00872664625997155,-0.0383972435438752,32
0.889542261339321,-0.346818035226756,0.297374874077786,0.896578702707783,-0.353171743209851,0.267238376078257,5.91143017650479,5.90793951800081,0.301941960595019,0.270526034059121,0.703496503496504,-0.00349065850398844,-0.031415926535898,131
0.988336555860288,0.128362506806732,-0.0819385086300409,0.983433498781147,0.150486472065577,-0.101056297182946,0.12915436464758,0.151843644923507,-0.0820304748437335,-0.101229096615671,0.703846153846154,0.0226892802759262,-0.0191986217719376,22
0.954368401010406,0.0751104220990009,0.289031796944472,0.947963099981986,0.0696140585258707,0.310676429630732,0.0785398163397448,0.0733038285837618,0.293215314335047,0.315904594610974,0.705244755244755,-0.00523598775598311,0.0226892802759263,9
-0.0880913333340496,-0.967960796539342,-0.23514211310259,-0.00338843286020188,-0.970710567641197,-0.240228042477264,4.62163185928098,4.7088983218807,-0.237364778271229,-0.242600766027212,0.705594405594406,0.0872664625997164,-0.00523598775598297,22
-0.162970284798016,-0.97387202035749,0.158158067254484,-0.142656894866966,-0.97787746893125,0.152985836284038,4.54658270144523,4.56752665246916,0.158824961931484,0.153588974175501,0.705944055944056,0.0209439510239315,-0.005235987755983,21
-0.786292708891588,-0.601166169385768,0.142628933705512,-0.754867057098258,-0.635657086102726,0.161603821103361,3.79434579383567,3.84146968363952,0.143116998663535,0.162315620435473,0.706643356643357,0.0471238898038466,0.0191986217719377,41
-0.887355005858398,-0.349538432396981,0.300705799504273,-0.941174084176468,-0.144019872927662,0.305695304963106,3.51683844276857,3.2934362985133,0.305432619099008,0.310668606854991,0.706643356643357,-0.223402144255274,0.005235987755983,122
-0.83363394784513,-0.428429654466192,-0.348572047321815,-0.819978755784247,-0.448925255818588,-0.355106962408137,3.61632221013225,3.64250214891217,-0.356047167406843,-0.363028484414821,0.706993006993007,0.0261799387799146,-0.00698131700797733,8
-0.748152052309278,-0.638982217667208,-0.17880221511635,-0.729096630028847,-0.661104453794198,-0.177084740319583,3.8484510006475,3.8781215979314,-0.179768912955416,-0.178023583703422,0.707692307692308,0.0296705972839031,0.00174532925199433,17
-0.817315797426614,-0.436405993430588,-0.376224263139366,-0.807751864989861,-0.438573478989822,-0.393941909590951,3.6320301734002,3.63901149040818,-0.385717764690747,-0.404916386462684,0.70979020979021,0.00698131700797733,-0.0191986217719376,6
-0.959153160872245,-0.228502514444637,-0.166768746716102,-0.949609845739636,-0.259783856800463,-0.175366726091987,3.37546677335703,3.40862802914493,-0.167551608191456,-0.176278254451427,0.70979020979021,0.033161255787892,-0.00872664625997166,6
0.185125218405804,0.970460380376897,-0.154710386299468,0.180549453338524,0.974157676301937,-0.135715572434304,1.38230076757951,1.38753675533549,-0.155334303427495,-0.136135681655558,0.71013986013986,0.00523598775598266,0.0191986217719376,63
-0.506414385377187,0.813588733336768,-0.285688367404974,-0.482223978615195,0.825227436277911,-0.294040325232304,2.12755635818109,2.09963109014918,-0.289724655831059,-0.29845130209103,0.710839160839161,-0.0279252680319093,-0.0087266462599716,66
0.521573578800599,0.847805752292922,-0.095845752520224,0.491667856212332,0.865491947329033,-0.095845752520224,1.01927228316469,1.05417886820457,-0.0959931088596881,-0.0959931088596881,0.710839160839161,0.0349065850398866,0,18
-0.842627309943593,0.510313238133537,-0.17192910027941,-0.849247480129909,0.494273836475555,-0.185666615385577,2.59704992696756,2.61450321948751,-0.172787595947439,-0.186750229963393,0.711188811188811,0.0174532925199435,-0.0139626340159546,41
0.654597218237199,0.755687698011256,-0.020942419883357,0.634541039657882,0.772502904629239,-0.0244321781526532,0.856956662729216,0.883136601509131,-0.020943951023932,-0.0244346095279206,0.712237762237762,0.0261799387799151,-0.00349065850398866,10
0.663645448303074,0.726784502925425,-0.177084740319583,0.53228941941656,0.825951500942062,-0.185666615385577,0.830776723949301,0.998328332140756,-0.178023583703422,-0.186750229963393,0.712237762237762,0.167551608191456,-0.00872664625997163,6
0.879255012384764,0.436465978605048,0.190808995376545,0.877066247224415,0.443038041155549,0.185666615385577,0.460766922526503,0.46774823953448,0.191986217719376,0.186750229963393,0.712237762237762,0.00698131700797733,-0.005235987755983,124
-0.267528887703454,0.914877447209033,-0.302369890750444,-0.231953013234694,0.92344365295066,-0.305695304963106,1.85528499486997,1.8168877513261,-0.307177948351002,-0.310668606854991,0.713636363636364,-0.0383972435438755,-0.00349065850398866,15
-0.490244412616219,0.832269858754237,-0.258819045102521,-0.407606817460635,0.866208579220191,-0.289031796944472,2.10312174865317,2.01061929829747,-0.261799387799149,-0.293215314335047,0.715384615384615,-0.092502450355699,-0.031415926535898,19
0.902548605203511,-0.243526303496076,0.355106962408137,0.894821010258625,-0.254896469982068,0.366501226724297,6.01964059012844,6.00567795611249,0.363028484414821,0.375245789178781,0.716433566433566,-0.0139626340159538,0.0122173047639603,13
0.743789270835343,-0.635256050275422,0.207911690817759,0.757486945413779,-0.619995880880528,0.20449605184179,5.57632696012188,5.59727091114581,0.20943951023932,0.205948851735331,0.716783216783217,0.0209439510239315,-0.00349065850398864,116
0.948200162154966,-0.0579944063445118,0.312334918512233,0.956485707939303,-0.0250464597301472,0.290702193598252,6.22209878335978,6.25700536839967,0.317649923862968,0.294960643587042,0.717482517482517,0.0349065850398862,-0.0226892802759263,28
0.00336206477688238,-0.963156698881698,-0.268919820615266,0.03372603879365,-0.965787389124415,-0.257132793154696,4.71587963888868,4.74729556542458,-0.272271363311115,-0.260054058547155,0.718881118881119,0.0314159265358978,0.0122173047639603,8
-0.0584053765006454,-0.983074321904897,0.17364817766693,-0.051705824304691,-0.986605901109476,0.154710386299468,4.65304778581688,4.66002910282486,0.174532925199433,0.155334303427495,0.718881118881119,0.00698131700797777,-0.0191986217719376,6
-0.166909929906089,-0.966305429900523,0.195946144242518,-0.229755901807763,-0.957002204976795,0.177084740319583,4.54134671368925,4.47676953136546,0.197222205475359,0.178023583703422,0.718881118881119,-0.0645771823237897,-0.0191986217719376,4
-0.753817018285904,-0.549692824299103,-0.359996808120051,-0.766639826462773,-0.524929244724103,-0.369746757273829,3.77165651355975,3.74198591627584,-0.368264472170804,-0.378736447682769,0.71993006993007,-0.0296705972839035,-0.0104719755119659,29
-0.315698006417982,-0.853442606880489,0.414693242656239,-0.334293141497046,-0.848652580196488,0.409923033841573,4.35808714222984,4.33714319120591,0.427605666738611,0.422369678982628,0.72027972027972,-0.0209439510239315,-0.00523598775598288,9
0.468906295476255,-0.789728207337782,0.395545502562965,0.394504323778083,-0.827095514829549,0.400349032556895,5.24820506074695,5.15744793964324,0.406661715714679,0.411897703470662,0.720979020979021,-0.0907571211037057,0.005235987755983,177
-0.746613323824202,-0.644459333463203,0.165047605860678,-0.7257888107992,-0.667397023695359,0.166768746716102,3.85368698840348,3.88510291493938,0.165806278939461,0.167551608191456,0.720979020979021,0.0314159265358973,0.0017453292519943,108
-0.847253032807694,-0.350943696950684,0.398749068925246,-0.837818001176631,-0.323287060877609,0.439939169855915,3.53429173528852,3.5098571257606,0.410152374218667,0.45553093477052,0.723426573426573,-0.0244346095279209,0.0453785605518526,38
-0.938863292771936,-0.179097751584764,0.294040325232304,-0.927782667402682,-0.128740483836866,0.350207381259467,3.33008821280518,3.27947366449735,0.29845130209103,0.357792496658838,0.723426573426573,-0.050614548307836,0.0593411945678072,20
-0.624457830049757,0.73633539875956,-0.260504508642648,-0.620736690871756,0.742392752685859,-0.252069358243114,2.27416401534861,2.26718269834063,-0.263544717051144,-0.254818070791172,0.723426573426573,-0.00698131700797733,0.00872664625997166,91
-0.973817734645104,0.109231160466683,-0.199367934417197,-0.981553924277654,0.0119925401200812,-0.190808995376545,3.02989158146216,3.12937534882583,-0.200712863979348,-0.191986217719376,0.724125874125874,0.0994837673636773,0.00872664625997163,14
-0.852977918033802,0.434613957094995,0.289031796944472,-0.855513832610582,0.434026939209762,0.282341456842876,2.67035375555132,2.67209908480332,0.293215314335047,0.28623399732707,0.724825174825175,0.00174532925199422,-0.00698131700797738,61
0.345582593391647,0.909752597998153,0.230049737188104,0.364274566103884,0.892627575730864,0.265556117486809,1.20776784238008,1.18333323285216,0.232128790515246,0.268780704807127,0.725174825174825,-0.0244346095279209,0.0366519142918809,23
-0.45256040888589,0.862000554772874,0.228350870110656,-0.472367882821904,0.855692943573476,0.211324796455389,2.05425252959733,2.07519648062126,0.230383461263251,0.212930168743308,0.725874125874126,0.0209439510239324,-0.0174532925199433,9
0.152957642848851,0.988046262934805,0.0191974423996897,0.0888833301976426,0.995918186296366,0.0157073173118207,1.4172073526194,1.48178453494319,0.0191986217719376,0.015707963267949,0.725874125874126,0.0645771823237902,-0.00349065850398866,61
0.876994591800918,0.431534837938989,0.211324796455389,0.88570045656387,0.426258843720934,0.18395135061272,0.457276264022514,0.448549617762543,0.212930168743308,0.185004900711399,0.726573426573427,-0.00872664625997155,-0.0279252680319093,172
0.604219546854152,0.754189277226763,0.257132793154696,0.553247406734989,0.790119181163818,0.263873049965373,0.895353906273091,0.959931088596881,0.260054058547155,0.267035375555132,0.727972027972028,0.0645771823237902,0.00698131700797733,37
0.951781873743974,0.159273662028719,0.262189178640865,0.97436376922159,-0.0391344915752508,0.221548497619467,0.165806278939461,6.24304273438372,0.265290046303138,0.223402144255274,0.727972027972028,-0.205948851735332,-0.0418879020478639,19
0.945994966892642,0.153217751397382,-0.285688367404974,0.936709076689735,0.173608765652375,-0.30403306092549,0.160570291183478,0.183259571459405,-0.289724655831059,-0.308923277602996,0.727972027972028,0.0226892802759262,-0.0191986217719376,7
0.884328368745903,0.39188039220061,-0.253757944584806,0.869433725338733,0.405423604383681,-0.282341456842876,0.417133691226645,0.436332312998582,-0.256563400043166,-0.28623399732707,0.728321678321678,0.0191986217719378,-0.0296705972839036,33
0.916387848514569,-0.252415267301207,0.310676429630732,0.942141750358193,-0.208867797507488,0.262189178640865,6.01440460237246,6.0650191506803,0.315904594610974,0.265290046303138,0.729020979020979,0.0506145483078351,-0.0506145483078356,49
0.517740260558059,-0.767581502130995,0.377840786818467,0.54836899166064,-0.749251212680918,0.371367835550235,5.30580092606276,5.34419816960664,0.387463093942741,0.380481776934764,0.72972027972028,0.0383972435438746,-0.00698131700797733,37
0.661085250264038,-0.749854025301339,-0.0261769483078731,0.737374737013178,-0.673315660890866,-0.0540788129847753,5.43495529071034,5.54316570433399,-0.0261799387799149,-0.0541052068118242,0.730769230769231,0.108210413623648,-0.0279252680319093,150
-0.639205989688421,-0.70991017170174,-0.295708050044047,-0.598240666914265,-0.746726415152926,-0.290702193598252,3.97935069454707,4.03694655986288,-0.300196631343025,-0.294960643587042,0.732517482517482,0.0575958653158133,0.005235987755983,33
-0.830753200159229,-0.445445957612914,-0.333806859233771,-0.826337872336091,-0.467519473753361,-0.313992455967405,3.63377550265219,3.65646478292812,-0.340339204138894,-0.319395253114962,0.732517482517482,0.0226892802759271,0.020943951023932,24
-0.881766786450358,0.401844275842022,0.246999012722743,-0.904688795290128,0.361849701984235,0.224951054343865,2.71398698685118,2.76111087665503,0.249582083035189,0.226892802759263,0.732517482517482,0.0471238898038466,-0.0226892802759263,25
-0.765584119202282,-0.628857885236478,0.135715572434304,-0.762817235194541,-0.633303070286803,0.130526192220052,3.82925237887556,3.83448836663154,0.136135681655558,0.130899693899575,0.733216783216783,0.00523598775598266,-0.005235987755983,65
-0.470792618056517,0.8423842029544,-0.262189178640865,-0.495810023689613,0.828438181994141,-0.260504508642648,2.08043246837724,2.11010306566114,-0.265290046303138,-0.263544717051144,0.733566433566434,0.0296705972839035,0.00174532925199433,36
0.358050911731587,0.913638241873214,0.192521966525907,0.345259628466473,0.918548355480641,0.192521966525907,1.19729586686811,1.21125850088406,0.193731546971371,0.193731546971371,0.733916083916084,0.0139626340159547,0,32
0.329259969091223,0.904634330208461,0.270600445975864,0.332990674354871,0.900190762725469,0.280666708920788,1.22173047639603,1.21649448864005,0.27401669256311,0.284488668075076,0.734265734265734,-0.00523598775598266,0.010471975511966,4
0.807107226047588,0.528156169294405,-0.263873049965373,0.80050224305478,0.546065606478064,-0.246999012722743,0.579449311662117,0.598647933434055,-0.267035375555132,-0.249582083035189,0.734615384615385,0.0191986217719373,0.0174532925199433,8
0.870643895610034,0.40045144994926,-0.285688367404974,0.871263788232795,0.387911630991822,-0.300705799504273,0.431096325242599,0.418879020478639,-0.289724655831059,-0.305432619099008,0.736013986013986,-0.0122173047639604,-0.0157079632679489,227
0.881842657451142,0.403739090913926,0.243615011786023,0.86905013684776,0.437086683474745,0.231747903494157,0.429350995990605,0.466002910282486,0.2460914245312,0.23387411976724,0.736013986013986,0.0366519142918809,-0.0122173047639603,213
0.908409084339615,0.376275362916393,0.182235525492147,0.845065559652107,0.511789894645196,0.154710386299468,0.392699081698724,0.544542726622231,0.183259571459405,0.155334303427495,0.736013986013986,0.151843644923507,-0.0279252680319093,153
0.948664937641663,-0.0980349847444072,0.300705799504273,0.951349472351307,0.0215891396668048,0.307356617799807,6.18021088131192,0.0226892802759263,0.305432619099008,0.312413936106985,0.736713286713287,0.125663706143591,0.00698131700797727,445
0.997695479490851,-0.0610216696379542,-0.0296662440851108,0.997063297338855,-0.0574903080019924,-0.0505929400767133,6.22209878335978,6.22558944186377,-0.0296705972839036,-0.0506145483078356,0.736713286713287,0.00349065850398844,-0.020943951023932,10
0.755503949158833,-0.636193399017142,0.156434465040231,0.807306364073315,-0.569491993708247,0.154710386299468,5.58330827712986,5.66882941047758,0.15707963267949,0.155334303427495,0.737062937062937,0.085521133347723,-0.00174532925199433,2
0.261398576384945,-0.942572815800044,0.207911690817759,0.397008249754871,-0.895900037031361,0.199367934417197,4.98291501444381,5.12952267161133,0.20943951023932,0.200712863979348,0.737412587412587,0.146607657167523,-0.00872664625997166,62
-0.0255953812449352,-0.97744817486405,-0.209618562903822,-0.0205364439230577,-0.980399593547185,-0.195946144242518,4.68620904160477,4.69144502936076,-0.211184839491314,-0.197222205475359,0.737762237762238,0.00523598775598355,0.0139626340159547,7
-0.533628767521918,-0.812372159246418,-0.23514211310259,-0.547461914044564,-0.799547960027823,-0.246999012722743,4.13119433947058,4.11199571769864,-0.237364778271229,-0.249582083035189,0.738461538461539,-0.0191986217719373,-0.0122173047639603,12
-0.601095586788888,-0.737016005749126,-0.309016994374947,-0.619291406911206,-0.717456000280183,-0.31895930929807,4.02821991360291,4.000294645571,-0.314159265358979,-0.324631240870945,0.738811188811189,-0.0279252680319102,-0.010471975511966,16
-0.714757678022219,0.641315386108343,0.278991106039229,-0.730949128094301,0.624289532361704,0.275637355816999,2.41029969700417,2.43473430653209,0.282743338823081,0.279252680319093,0.739160839160839,0.0244346095279209,-0.00349065850398866,4
-0.0104286864270434,0.995829793642518,-0.0906325801977802,-0.0537625040592926,0.992696193366509,-0.107999355706023,1.58126830230686,1.62490153360672,-0.0907571211037051,-0.108210413623648,0.73986013986014,0.0436332312998582,-0.0174532925199433,114
-0.48359386593066,0.858240850409342,-0.17192910027941,-0.500289215042945,0.839242965913476,-0.213030386274977,2.08392312688123,2.10835773640915,-0.172787595947439,-0.214675497995303,0.740909090909091,0.0244346095279204,-0.0418879020478639,44
0.2544023884644,0.949442639316017,0.18395135061272,0.244880602127728,0.933429335999887,0.262189178640865,1.30899693899575,1.31423292675173,0.185004900711399,0.265290046303138,0.740909090909091,0.00523598775598266,0.0802851455917392,35
0.335157321729979,0.941231108344566,-0.0418756537291996,0.277029177220791,0.959790099071853,-0.0453629881292538,1.22871179340401,1.28979831722381,-0.0418879020478639,-0.0453785605518526,0.740909090909091,0.0610865238198013,-0.00349065850398866,94
0.892858488489385,0.353507683485745,-0.278991106039229,0.904500430312467,0.331000153541981,-0.268919820615266,0.376991118430775,0.35081117965086,-0.282743338823081,-0.272271363311115,0.742657342657343,-0.0261799387799151,0.010471975511966,69
0.944305891108309,-0.0115374469039793,0.328866646738583,0.94437493187038,-0.00164824686705969,0.328866646738583,6.27096800241563,6.28143997792759,0.335103216382911,0.335103216382911,0.743706293706294,0.0104719755119662,0,48
0.85902609384114,-0.487994740208439,0.154710386299468,0.875164883728108,-0.463375953474419,0.139173100960065,5.76656784858926,5.79623844587317,0.155334303427495,0.139626340159546,0.744055944055944,0.0296705972839053,-0.015707963267949,42
0.408735675664179,-0.888655094094805,0.207911690817759,0.472578750218492,-0.859617555455962,0.194234351219972,5.14348530562729,5.21504380495906,0.20943951023932,0.195476876223365,0.744405594405594,0.0715584993317684,-0.0139626340159546,112
0.52013590115733,-0.819603033141529,-0.240228042477264,0.559117811157569,-0.795544175605952,-0.233445363855905,5.27787565803085,5.3249995478347,-0.242600766027212,-0.235619449019234,0.745804195804196,0.0471238898038475,0.0069813170079773,250
-0.0800962181525817,-0.995502360746597,0.0505929400767133,0.090559566148382,-0.995082109278998,0.0401317925325597,4.63210383479295,4.80314610148839,0.0506145483078356,0.0401425727958696,0.745804195804196,0.171042266695444,-0.010471975511966,23
-0.9886592091477,0.0986813080581218,-0.113203213767907,-0.987547261835538,-0.116010140867857,-0.106264071336233,3.04210888622612,3.25852971347341,-0.113446401379631,-0.106465084371654,0.746853146853147,0.216420827247297,0.00698131700797733,19
-0.962260832158854,0.187044558026156,-0.197657340379126,-0.963737194074042,0.156091365157131,-0.216439613938103,2.94960643587042,2.98102236240632,-0.198967534727354,-0.218166156499291,0.746853146853147,0.0314159265358982,-0.0191986217719376,21
-0.900565847844712,0.356559242928389,-0.248689887164855,-0.894322065196691,0.361329568682522,-0.263873049965373,2.76460153515902,2.75762021815104,-0.251327412287183,-0.267035375555132,0.746853146853147,-0.00698131700797733,-0.015707963267949,35
-0.77773305108151,0.598935078734615,-0.190808995376545,-0.786659205191148,0.569446296417527,-0.238533457578581,2.48534885483993,2.51501945212383,-0.191986217719376,-0.240855436775218,0.747552447552448,0.0296705972839035,-0.0488692190558413,48
-0.724541412617829,0.610120522249063,-0.320612990585676,-0.688547967913701,0.642081367608957,-0.337095258423082,2.44171562354007,2.39110107523223,-0.32637657012294,-0.343829862642883,0.747552447552448,-0.0506145483078355,-0.0174532925199433,22
-0.597382606724689,0.735079132781311,0.320612990585676,-0.577249406326422,0.749573631529043,0.323917418198149,2.25322006432468,2.22704012554476,0.32637657012294,0.329867228626928,0.747902097902098,-0.0261799387799146,0.00349065850398861,69
-0.493050867347265,0.785990430130857,-0.372987782575809,-0.510291150574201,0.770965829277743,-0.381070376350274,2.13104701668508,2.155481626213,-0.382227106186758,-0.39095375244673,0.748251748251748,0.0244346095279204,-0.00872664625997166,27
-0.274140793731227,0.891108576732013,-0.361624570082092,-0.332835360208321,0.87619526980056,-0.348572047321815,1.86924762888593,1.93382481120972,-0.370009801422798,-0.356047167406843,0.748601398601399,0.0645771823237902,0.0139626340159546,54
-0.688424244241771,0.688424244241771,-0.228350870110656,-0.709987834795107,0.664394864923819,-0.233445363855905,2.35619449019234,2.38935574598024,-0.230383461263251,-0.235619449019234,0.74965034965035,0.0331612557878924,-0.005235987755983,34
-0.441881313050035,0.894078895656682,0.0732381971276317,-0.511958175763803,0.855419777983983,0.0784590957278449,2.02981792006941,2.11010306566114,0.0733038285837618,0.0785398163397448,0.75,0.0802851455917395,0.00523598775598298,274
0.382483685793517,0.905465698251216,0.18395135061272,0.355574783437553,0.912002159078835,0.20449605184179,1.1711159280882,1.1990411961201,0.185004900711399,0.205948851735331,0.75034965034965,0.0279252680319093,0.020943951023932,22
0.928556235033812,0.252283145396904,0.272280247040574,0.918456555867442,0.293116876773494,0.265556117486809,0.265290046303138,0.308923277602996,0.275762021815104,0.268780704807127,0.751048951048951,0.0436332312998582,-0.00698131700797738,123
0.859741961188131,0.460989594897798,-0.219846204352837,0.82428713892295,0.51107967934434,-0.243615011786023,0.492182849062401,0.555014702134197,-0.22165681500328,-0.2460914245312,0.751748251748252,0.062831853071796,-0.0244346095279206,93
0.945356413841231,0.301701716529449,-0.123601476740493,0.949465290270384,0.257964009972831,-0.17880221511635,0.308923277602996,0.265290046303138,-0.123918376891597,-0.179768912955416,0.751748251748252,-0.0436332312998582,-0.0558505360638186,25
0.969906180713033,-0.139765615731758,0.199367934417197,0.983272205489849,0.0549734509020774,0.17364817766693,6.14006830851605,0.0558505360638185,0.200712863979348,0.174532925199433,0.752797202797203,0.198967534727354,-0.0261799387799149,11
0.756611570546439,-0.630384994831099,-0.17364817766693,0.793703141103308,-0.580902885171652,-0.18051914525056,5.58854426488584,5.65137611795764,-0.174532925199433,-0.18151424220741,0.752797202797203,0.0628318530717964,-0.00698131700797733,143
0.550994133042453,-0.810763246050933,-0.197657340379126,0.564420625871724,-0.79128853380813,-0.23514211310259,5.30929158456675,5.33198086484268,-0.198967534727354,-0.237364778271229,0.753146853146853,0.0226892802759258,-0.0383972435438752,213
0.929070052549458,0.187333383217848,-0.31895930929807,0.92142330978336,0.219513996035761,-0.320612990585676,0.198967534727354,0.23387411976724,-0.324631240870945,-0.32637657012294,0.754195804195804,0.0349065850398866,-0.00174532925199433,112
0.31296326387726,-0.919323547549447,0.238533457578581,0.32191307534251,-0.919239444737165,0.226651307436855,5.04051087975962,5.0492375260196,0.240855436775218,0.228638132011257,0.754195804195804,0.00872664625997199,-0.0122173047639604,17
-0.319659755792578,-0.933649744567749,0.161603821103361,-0.30256994675259,-0.942395041684836,0.142628933705512,4.38252175175776,4.4017203735297,0.162315620435473,0.143116998663535,0.754895104895105,0.0191986217719373,-0.0191986217719377,15
-0.34678760551743,-0.93248377007815,0.101056297182946,-0.32242616665935,-0.941729769507787,0.095845752520224,4.35634181297785,4.38252175175776,0.101229096615671,0.0959931088596881,0.754895104895105,0.0261799387799151,-0.005235987755983,20
-0.652502842786779,-0.727226302246217,0.213030386274977,-0.637935206372727,-0.744291776297734,0.197657340379126,3.98109602379907,4.00378530407499,0.214675497995303,0.198967534727354,0.755244755244755,0.0226892802759266,-0.015707963267949,91
-0.568020957294847,-0.805221037024924,0.170209499166033,-0.513403531063239,-0.844400466714859,0.152985836284038,4.09803308368269,4.16610092451046,0.171042266695444,0.153588974175501,0.755594405594406,0.0680678408277782,-0.0174532925199433,7
-0.905318963919711,-0.360270171839032,-0.224951054343865,-0.896106941892873,-0.378530392329949,-0.231747903494157,3.52032910127256,3.5412730522965,-0.226892802759263,-0.23387411976724,0.755944055944056,0.0209439510239324,-0.00698131700797736,15
-0.946128807443737,0.0313863250905026,0.322265695230511,-0.957296168331201,-0.00668329660058544,0.289031796944472,3.1084313978019,3.14857397059777,0.328121899374934,0.293215314335047,0.756293706293706,0.0401425727958702,-0.0349065850398866,79
-0.724878438470003,-0.648116125038927,-0.233445363855905,-0.7004543364706,-0.681162078394758,-0.213030386274977,3.87114028092342,3.91302818297129,-0.235619449019234,-0.214675497995303,0.756993006993007,0.0418879020478635,0.0209439510239319,6
-0.937797512958834,-0.01309497444314,-0.346935651573256,-0.928668929570425,-0.11238128877064,-0.353474843779257,3.15555528760575,3.2620203719774,-0.354301838154849,-0.361283155162826,0.758391608391608,0.106465084371654,-0.00698131700797727,128
-0.501712818348057,0.806035350031751,0.313992455967405,-0.520840899467989,0.802024652812429,0.292371704722737,2.12755635818109,2.14675497995303,0.319395253114962,0.296705972839036,0.758391608391608,0.0191986217719378,-0.0226892802759263,23
-0.35415426796978,0.92743835074554,0.120136838834647,-0.362943965281286,0.926123842931786,0.102792536787247,1.93557014046171,1.94429678672168,0.120427718387609,0.102974425867665,0.758391608391608,0.00872664625997155,-0.0174532925199433,67
-0.840680847022601,-0.437630748989899,-0.31895930929807,-0.80948854412332,-0.486389787717657,-0.328866646738583,3.62155819788823,3.68264472170804,-0.324631240870945,-0.335103216382911,0.758741258741259,0.0610865238198017,-0.0104719755119659,33
0.866298784722614,0.494128102893993,-0.0732381971276317,0.86834019483426,0.491283244443489,-0.0680152906652482,0.518362787842316,0.514872129338327,-0.0733038285837618,-0.0680678408277788,0.759440559440559,-0.00349065850398889,0.005235987755983,25
-0.40045144994926,0.870643895610034,0.285688367404974,-0.398428622914131,0.874271820148935,0.277314653302378,2.0018926520375,1.99840199353351,0.289724655831059,0.280998009571087,0.76013986013986,-0.00349065850398933,-0.00872664625997166,19
0.279445391134733,0.937380926942114,-0.207911690817759,0.190924057259999,0.955481568377415,-0.224951054343865,1.28107167096384,1.37357412131954,-0.20943951023932,-0.226892802759263,0.76013986013986,0.0925024503556995,-0.0174532925199433,117
0.789594870627607,-0.588545878136553,-0.17364817766693,0.794421286345969,-0.577180849683071,-0.189095442989891,5.64264947169767,5.65486677646163,-0.174532925199433,-0.190240888467382,0.760489510489511,0.0122173047639595,-0.015707963267949,34
0.533853273833351,-0.812713937441457,-0.233445363855905,0.554664156473448,-0.795092422273604,-0.245307385878803,5.2935836212988,5.32150888933071,-0.235619449019234,-0.247836753783195,0.760839160839161,0.0279252680319084,-0.0122173047639603,55
-0.823748841732814,-0.464158617874546,-0.325568154457157,-0.834571434791454,-0.434450390284126,-0.338737920245291,3.65471945367613,3.62155819788823,-0.331612557878923,-0.345575191894877,0.761188811188811,-0.0331612557878924,-0.0139626340159546,28
-0.510725624940344,-0.846639543779091,0.14953534344371,-0.450887521290827,-0.881111474453853,0.142628933705512,4.16959158301445,4.23940475309423,0.150098315671512,0.143116998663535,0.761888111888112,0.0698131700797733,-0.00698131700797733,6
-0.79227242793571,-0.563038707886504,-0.23514211310259,-0.710133542632568,-0.676251033407425,-0.195946144242518,3.75943920879579,3.90255620745932,-0.237364778271229,-0.197222205475359,0.762237762237762,0.143116998663535,0.0401425727958696,71
-0.935968292408377,-0.013069432046164,-0.351841648404702,-0.944305891108309,0.0115374469039788,-0.328866646738583,3.15555528760575,3.12937534882583,-0.359537825910832,-0.335103216382911,0.762587412587413,-0.0261799387799146,0.0244346095279206,53
-0.647817217651101,0.71947390924514,0.250380004054441,-0.650228016030109,0.719621604179616,0.243615011786023,2.30383461263251,2.30557994188451,0.253072741539178,0.2460914245312,0.762937062937063,0.00174532925199422,-0.00698131700797733,55
-0.68062438149063,-0.685392699999582,-0.258819045102521,-0.702227224100676,-0.657132613880403,-0.273959218692432,3.93048147549123,3.89382956119935,-0.261799387799149,-0.277507351067098,0.763286713286713,-0.0366519142918809,-0.015707963267949,159
-0.907192915620642,0.355525015993675,0.224951054343865,-0.927110026464516,0.295878551518436,0.230049737188104,2.76809219366301,2.8326693759868,0.226892802759263,0.232128790515246,0.763636363636364,0.0645771823237906,0.00523598775598302,65
0.448626961296462,0.869198814092152,-0.207911690817759,0.385045083859612,0.898377489588109,-0.211324796455389,1.09432144100044,1.16587994033221,-0.20943951023932,-0.212930168743308,0.763986013986014,0.0715584993317675,-0.00349065850398864,25
-0.887355005858398,0.279781958652856,-0.366501226724297,-0.902627088215146,0.233435237128393,-0.361624570082092,2.83616003449079,2.88851991205062,-0.375245789178781,-0.370009801422798,0.764685314685315,0.0523598775598297,0.00523598775598305,30
0.901405691424452,0.296367111775196,0.315649036947102,0.901836286369431,0.307010114575515,0.30403306092549,0.317649923862968,0.328121899374934,0.321140582366957,0.308923277602996,0.765034965034965,0.0104719755119662,-0.0122173047639603,19
0.986589717562892,0.0568864051917989,0.152985836284038,0.980070690416667,0.148221756238256,0.132256390257122,0.0575958653158129,0.150098315671512,0.153588974175501,0.132645023151569,0.765384615384615,0.0925024503556995,-0.020943951023932,12
0.224854269603992,0.951200498235752,0.211324796455389,0.262328454418827,0.945925847667576,0.190808995376545,1.33866753627965,1.30027029273578,0.212930168743308,0.191986217719376,0.766433566433566,-0.0383972435438755,-0.0209439510239319,119
-0.257577453495068,-0.92253877267175,0.287360519849712,-0.169391249804012,-0.950957047601023,0.258819045102521,4.44011761707357,4.53611072593326,0.291469985083053,0.261799387799149,0.766783216783217,0.0959931088596875,-0.0296705972839036,65
-0.601633280549998,-0.759072286252488,-0.248689887164855,-0.59646819559113,-0.768962164262941,-0.230049737188104,4.04218254761887,4.05265452313083,-0.251327412287183,-0.232128790515246,0.767132867132867,0.0104719755119662,0.0191986217719376,220
0.286425654955362,-0.948687538813727,-0.133986185418292,0.265681989877787,-0.951565960207514,-0.154710386299468,5.00560429471974,4.98466034369581,-0.134390352403563,-0.155334303427495,0.768531468531469,-0.0209439510239315,-0.020943951023932,105
-0.419285790516918,-0.899161279434852,-0.125333233564304,-0.35335236422279,-0.925338372414549,-0.137444546037147,4.27605666738611,4.34761516671788,-0.125663706143592,-0.137881010907552,0.768531468531469,0.0715584993317675,-0.0122173047639603,26
-0.912557966002489,-0.205653819562465,-0.353474843779257,-0.90836295657509,-0.201379219215258,-0.366501226724297,3.36324946859307,3.35975881008908,-0.361283155162826,-0.375245789178781,0.768531468531469,-0.00349065850398889,-0.0139626340159547,19
-0.961173750952182,0.157398237975137,0.226651307436855,-0.966147419195956,0.089626786233002,0.241921895599668,2.97927703315432,3.04909020323409,0.228638132011257,0.244346095279206,0.768881118881119,0.0698131700797733,0.015707963267949,28
-0.602266906266463,0.722863192453536,-0.338737920245291,-0.621034171567472,0.704424993922579,-0.343659694585616,2.26543736908864,2.29336263712055,-0.345575191894877,-0.35081117965086,0.769230769230769,0.0279252680319089,-0.00523598775598305,97
-0.0393944584704425,0.980836379792886,-0.190808995376545,-0.0968898467709777,0.970711081642909,-0.219846204352837,1.61093889959077,1.67028009415857,-0.191986217719376,-0.22165681500328,0.76958041958042,0.0593411945678075,-0.0296705972839036,81
0.147081471743076,0.961181722029749,0.233445363855905,0.16892075852941,0.957997226803873,0.231747903494157,1.41895268187139,1.39626340159546,0.235619449019234,0.23387411976724,0.76993006993007,-0.0226892802759262,-0.0017453292519943,22
-0.835223701355538,0.466790748977653,-0.290702193598252,-0.896362308057971,0.345877428805017,-0.277314653302378,2.63195651200745,2.77332818141899,-0.294960643587042,-0.280998009571087,0.770629370629371,0.14137166941154,0.0139626340159546,105
0.304867564113781,0.938285883091703,0.163325962241622,0.29959657963609,0.938760148208265,0.170209499166033,1.25663706143592,1.2618730491919,0.164060949687467,0.171042266695444,0.770629370629371,0.00523598775598311,0.00698131700797733,8
0.55522809501115,0.804848942719331,-0.209618562903822,0.480353733732605,0.852490542125869,-0.20620418539663,0.966912405604858,1.05766952670856,-0.211184839491314,-0.207694180987325,0.772027972027972,0.0907571211037053,0.00349065850398869,7
0.433137801474935,0.839189116705156,-0.328866646738583,0.463597904975022,0.822753736646447,-0.328866646738583,1.09432144100044,1.05766952670856,-0.335103216382911,-0.335103216382911,0.772377622377622,-0.0366519142918809,0,23
0.798974363027174,-0.487696034096223,0.351841648404702,0.802359625545848,-0.4821063012882,0.351841648404702,5.73515192205337,5.74213323906134,0.359537825910832,0.359537825910832,0.773076923076923,0.00698131700797688,0,13
-0.115035271212411,-0.964714765588921,0.236838146065619,-0.127282532063347,-0.96680681639824,0.221548497619467,4.59370659124907,4.58148928648512,0.239110107523223,0.223402144255274,0.773426573426573,-0.0122173047639595,-0.0157079632679489,21
0.99166512078301,-0.00346157834640913,-0.128795596577563,0.994283423952832,0.0104124922895546,-0.106264071336233,6.2796946486756,0.010471975511966,-0.12915436464758,-0.106465084371654,0.773776223776224,0.0139626340159547,0.0226892802759263,44
-0.255424573141647,-0.921031256023751,-0.294040325232304,-0.252843784881676,-0.91794357177891,-0.305695304963106,4.44186294632557,4.44360827557756,-0.29845130209103,-0.310668606854991,0.774125874125874,0.00174532925199422,-0.0122173047639603,22
-0.897699425257674,-0.296885699715232,-0.325568154457157,-0.879525995404863,-0.335858318574604,-0.337095258423082,3.46098790670476,3.50636646725661,-0.331612557878923,-0.343829862642883,0.774475524475524,0.045378560551852,-0.0122173047639603,17
-0.624043588846069,-0.738455864607173,-0.255445757935791,-0.627611058668213,-0.734838135729107,-0.257132793154696,4.01076662108297,4.00553063332699,-0.258308729295161,-0.260054058547155,0.775174825174825,-0.00523598775598355,-0.00174532925199433,42
-0.783627620159183,-0.577740108563844,-0.228350870110656,-0.820860396650331,-0.524962124691529,-0.224951054343865,3.77689250131573,3.71056998973994,-0.230383461263251,-0.226892802759263,0.775174825174825,-0.0663225115757853,0.00349065850398866,13
-0.908032667848601,0.319768780148119,-0.270600445975864,-0.902453608815579,0.333827726540594,-0.272280247040574,2.80299877870289,2.78729081543494,-0.27401669256311,-0.275762021815104,0.775524475524476,-0.0157079632679489,-0.00174532925199439,19
-0.656892245811604,0.697077118419684,0.287360519849712,-0.695794192155815,0.671920640940827,0.253757944584806,2.32652389290844,2.37364778271229,0.291469985083053,0.256563400043166,0.775874125874126,0.0471238898038466,-0.0349065850398866,42
0.135970086711207,0.979883607519679,0.146083028562412,0.135899171934338,0.979372552264322,0.14953534344371,1.43291531588734,1.43291531588734,0.146607657167524,0.150098315671512,0.777972027972028,0,0.00349065850398864,12
0.41152709604906,0.886559236385542,-0.211324796455389,0.354614354313117,0.91425038598383,-0.195946144242518,1.13620934304831,1.2007865253721,-0.212930168743308,-0.197222205475359,0.777972027972028,0.0645771823237902,0.0157079632679489,57
0.419418220736715,0.852370374187187,-0.312334918512233,0.438414608644766,0.845787519883767,-0.30403306092549,1.11352006277238,1.09257611174845,-0.317649923862968,-0.308923277602996,0.777972027972028,-0.020943951023932,0.00872664625997166,41
-0.612238941534513,0.778016915823282,0.140901231937583,-0.706819212300855,0.694589305445638,0.133986185418292,2.23751210105673,2.36492113645232,0.141371669411541,0.134390352403563,0.778671328671329,0.127409035395586,-0.00698131700797733,60
0.508734139071205,0.823710767996375,-0.250380004054441,0.486292009863354,0.845687724621039,-0.219846204352837,1.01752695391269,1.04894288044859,-0.253072741539178,-0.22165681500328,0.778671328671329,0.0314159265358978,0.031415926535898,22
-0.49860118815639,0.856682614744336,0.132256390257122,-0.553936072162272,0.824343840313089,0.116670737099333,2.09788576089718,2.16246294322097,0.132645023151569,0.11693705988362,0.77972027972028,0.0645771823237902,-0.0157079632679489,29
-0.45636685550505,0.880420914959806,0.128795596577563,-0.459842696728901,0.879597952136708,0.121869343405147,2.04901654184134,2.05250720034533,0.12915436464758,0.122173047639603,0.77972027972028,0.00349065850398844,-0.00698131700797733,32
0.636541737959774,0.727115769681565,0.257132793154696,0.615336544460493,0.74912296953486,0.245307385878803,0.851720674973233,0.883136601509131,0.260054058547155,0.247836753783195,0.77972027972028,0.0314159265358982,-0.0122173047639604,31
0.821405105764308,0.513270876093956,0.248689887164855,0.756450493803813,0.593132951792581,0.275637355816999,0.558505360638185,0.66497044500984,0.251327412287183,0.279252680319093,0.78006993006993,0.106465084371654,0.0279252680319093,21
0.992709928041868,0.0225277397086793,-0.118403968306501,0.991438821152433,0.00346078840847079,-0.130526192220052,0.0226892802759263,0.00349065850398866,-0.118682389135614,-0.130899693899575,0.780769230769231,-0.0191986217719378,-0.0122173047639603,18
-0.821617353381175,-0.47245093251576,-0.31895930929807,-0.787109393306155,-0.530911989471677,-0.313992455967405,3.6634460999361,3.73500459926787,-0.324631240870945,-0.319395253114962,0.782167832167832,0.0715584993317675,0.005235987755983,8
-0.424246386173328,-0.877595800764776,-0.223250116010951,-0.405978387827428,-0.882660320386752,-0.236838146065619,4.26209403337015,4.28129265514209,-0.225147473507269,-0.239110107523223,0.782517482517483,0.0191986217719373,-0.0139626340159546,13
-0.211194864422495,-0.944831510276442,-0.250380004054441,-0.0696367925019089,-0.971483351358741,-0.226651307436855,4.4924774946334,4.64083048105292,-0.253072741539178,-0.228638132011257,0.782867132867133,0.148352986419518,0.0244346095279206,16
-0.821191510344119,0.53532801078684,0.197657340379126,-0.837865035928326,0.505432503400541,0.20620418539663,2.56388867117967,2.59879525621956,0.198967534727354,0.207694180987325,0.783216783216783,0.0349065850398871,0.00872664625997163,7
-0.305934135067662,0.941568450957695,-0.140901231937583,-0.314060606866123,0.93862821313069,-0.142628933705512,1.88495559215388,1.89368223841385,-0.141371669411541,-0.143116998663535,0.783566433566434,0.00872664625997155,-0.0017453292519943,23
-0.323045995891997,0.902232476287364,0.285688367404974,-0.322158906365552,0.894830786370711,0.309016994374947,1.91462618943778,1.91637151868977,0.289724655831059,0.314159265358979,0.783916083916084,0.00174532925199422,0.0244346095279206,49
-0.907049182759635,0.312322080235966,-0.282341456842876,-0.904465757703883,0.316739403722716,-0.285688367404974,2.80998009571087,2.80474410795489,-0.28623399732707,-0.289724655831059,0.784265734265734,-0.00523598775598355,-0.00349065850398872,62
-0.0153864992762627,0.979454401831774,-0.201077921145965,-0.23505275315051,0.956963389911032,-0.170209499166033,1.58650429006285,1.81165176357011,-0.202458193231342,-0.171042266695444,0.785314685314685,0.225147473507269,0.0314159265358979,53
0.867450443698693,-0.341697816849745,-0.361624570082092,0.886827960924075,-0.307091715113931,-0.345298198998535,5.90793951800081,5.94982742004867,-0.370009801422798,-0.352556508902855,0.785664335664336,0.0418879020478631,0.0174532925199433,11
0.96027861359097,-0.264504798187908,-0.0888942968664415,0.978336833380256,-0.197267308768413,-0.0627905195293134,6.01440460237246,6.08421777245223,-0.0890117918517108,-0.0628318530717959,0.786013986013986,0.0698131700797724,0.0261799387799149,38
-0.374178558512501,-0.877249353658356,-0.300705799504273,-0.364419413260392,-0.884147769050215,-0.292371704722737,4.309217923174,4.32143522793796,-0.305432619099008,-0.296705972839036,0.786713286713287,0.0122173047639604,0.00872664625997166,16
-0.983216751822407,-0.14168369832968,-0.114937150492867,-0.976865458895368,-0.184580644663049,-0.107999355706023,3.28470965225333,3.32834288355319,-0.115191730631626,-0.108210413623648,0.788111888111888,0.0436332312998582,0.00698131700797731,36
-0.85063388452293,-0.402092795122376,-0.338737920245291,-0.846450446733303,-0.42387080921265,-0.322265695230511,3.58316095434436,3.60585023462028,-0.345575191894877,-0.328121899374934,0.788811188811189,0.0226892802759262,0.0174532925199433,18
-0.278469313601175,0.946157560442313,-0.165047605860678,-0.2910345640945,0.940180768388862,-0.177084740319583,1.85703032412197,1.87099295813792,-0.165806278939461,-0.178023583703422,0.789160839160839,0.0139626340159547,-0.0122173047639603,31
-0.11494855934273,0.949883710431016,0.290702193598252,-0.165882346747195,0.940765537302888,0.295708050044047,1.69122404518251,1.74532925199433,0.294960643587042,0.300196631343025,0.78951048951049,0.0541052068118244,0.005235987755983,18
0.328935915656924,0.928886370760487,-0.170209499166033,0.279526654853471,0.943666171891509,-0.177084740319583,1.230457122656,1.28281700021583,-0.171042266695444,-0.178023583703422,0.78986013986014,0.0523598775598297,-0.0069813170079773,167
0.708840282984705,0.703908838221362,-0.0453629881292538,0.665557113507193,0.744385122531429,-0.0540788129847753,0.78190750489346,0.841248699461267,-0.0453785605518526,-0.0541052068118242,0.79020979020979,0.0593411945678071,-0.00872664625997165,19
0.929772389356852,0.221503027353873,-0.294040325232304,0.933898239435422,0.210463057885391,-0.289031796944472,0.23387411976724,0.22165681500328,-0.29845130209103,-0.293215314335047,0.790559440559441,-0.0122173047639604,0.00523598775598294,10
0.787704191867064,-0.505697103573788,-0.351841648404702,0.799851868207985,-0.49207215247514,-0.343659694585616,5.71246264177744,5.73166126354938,-0.359537825910832,-0.35081117965086,0.790909090909091,0.0191986217719373,0.0087266462599716,98
0.495377943361242,-0.851144525697099,-0.17364817766693,0.492703949241745,-0.85338827317654,-0.170209499166033,5.23947841448698,5.23598775598299,-0.174532925199433,-0.171042266695444,0.791258741258741,-0.00349065850398844,0.00349065850398864,48
0.924363363848115,0.230469671409655,-0.30403306092549,0.922581867959139,0.243756643970738,-0.299040792256087,0.244346095279206,0.258308729295161,-0.308923277602996,-0.303687289847013,0.791608391608392,0.0139626340159547,0.005235987755983,16
0.910281615456399,-0.378913665207298,0.166768746716102,0.938220743784028,-0.317570201212247,0.137444546037147,5.88874089622887,5.95680873705665,0.167551608191456,0.137881010907552,0.791958041958042,0.0680678408277791,-0.0296705972839036,11
-0.376928970426216,-0.879441178186806,-0.290702193598252,-0.317869344872878,-0.907692363129447,-0.273959218692432,4.30747259392201,4.37554043474978,-0.294960643587042,-0.277507351067098,0.792657342657343,0.0680678408277782,0.0174532925199433,19
-0.796437569169002,-0.543292873946919,-0.265556117486809,-0.705611358149099,-0.66029943051274,-0.257132793154696,3.74024058702385,3.89382956119935,-0.268780704807127,-0.260054058547155,0.792657342657343,0.153588974175501,0.0087266462599716,111
-0.940131035041693,-0.271354879956761,0.20620418539663,-0.932844813798482,-0.290548804665945,0.213030386274977,3.42259066316088,3.44353461418481,0.207694180987325,0.214675497995303,0.793356643356643,0.0209439510239324,0.00698131700797736,123
-0.0131775190902619,0.943708953650454,0.330514392713223,0.0981620790349463,0.933949795522681,0.343659694585616,1.58475896081085,1.46607657167524,0.336848545634906,0.35081117965086,0.794755244755245,-0.118682389135614,0.0139626340159547,18
-0.37548292761769,0.85944646414718,-0.346935651573256,-0.360534480762846,0.853504652597926,-0.376224263139366,1.98269403026556,1.9704767255016,-0.354301838154849,-0.385717764690747,0.795104895104895,-0.0122173047639604,-0.031415926535898,379
0.959467551236256,-0.141681841310725,-0.243615011786023,0.963126530378269,-0.0791834147153355,-0.257132793154696,6.13657765001206,6.20115483233585,-0.2460914245312,-0.260054058547155,0.796153846153846,0.0645771823237906,-0.0139626340159547,7
0.984976923237794,-0.0378389965882887,-0.168489379565003,0.985411621153242,-0.0533679857305206,-0.161603821103361,6.24478806363571,6.22908010036776,-0.16929693744345,-0.162315620435473,0.796503496503496,-0.0157079632679498,0.0069813170079773,132
0.788590015157403,-0.498525913205544,-0.359996808120051,0.792583350220863,-0.49333968590756,-0.3583679495453,5.71944395878542,5.7264252757934,-0.368264472170804,-0.366519142918809,0.796853146853147,0.00698131700797777,0.00174532925199433,20
0.316034373408556,-0.917830464972592,0.240228042477264,0.319510101235448,-0.917508031450796,0.236838146065619,5.04400153826361,5.0474921967676,0.242600766027212,0.239110107523223,0.797552447552448,0.00349065850398933,-0.00349065850398866,10
0.150049274145747,-0.958194626034205,0.243615011786023,0.191274820897957,-0.948617405240574,0.252069358243114,4.86772328381219,4.91135651511204,0.2460914245312,0.254818070791172,0.797552447552448,0.0436332312998582,0.0087266462599716,7
-0.308234646782508,-0.915900720169673,-0.257132793154696,-0.31895184062876,-0.91078348577648,-0.262189178640865,4.38775773951374,4.37554043474978,-0.260054058547155,-0.265290046303138,0.797902097902098,-0.0122173047639604,-0.00523598775598294,28
0.0272060089319936,-0.973990172551847,0.224951054343865,0.074812510740817,-0.972275347542666,0.221548497619467,4.7403142484166,4.78918346747244,0.226892802759263,0.223402144255274,0.798251748251748,0.0488692190558409,-0.00349065850398864,11
-0.796044769711181,-0.547106412416901,-0.258819045102521,-0.758387345500937,-0.601090403199841,-0.252069358243114,3.74373124552784,3.81179908635562,-0.261799387799149,-0.254818070791172,0.798951048951049,0.0680678408277791,0.00698131700797733,50
-0.846082340106026,-0.520513328549127,-0.114937150492867,-0.824965932901433,-0.552266556571087,-0.120136838834647,3.69311669722,3.73151394076388,-0.115191730631626,-0.120427718387609,0.798951048951049,0.0383972435438755,-0.00523598775598301,34
-0.71475767802222,-0.641315386108343,-0.278991106039229,-0.691588770129385,-0.665530744244395,-0.280666708920788,3.87288561017542,3.9077921952153,-0.282743338823081,-0.284488668075076,0.799300699300699,0.0349065850398866,-0.00174532925199433,66
-0.892531752916821,-0.346190251726238,-0.289031796944472,-0.887384175735767,-0.36575336383597,-0.280666708920788,3.51160245501259,3.53254640603652,-0.293215314335047,-0.284488668075076,0.79965034965035,0.0209439510239324,0.00872664625997166,44
-0.865140545275191,0.414505897025346,-0.282341456842876,-0.931253788432524,0.25127155635297,-0.263873049965373,2.69478836507925,2.87804793653865,-0.28623399732707,-0.267035375555132,0.8,0.183259571459404,0.0191986217719375,9
-0.95717524743446,0.184322899824945,-0.223250116010951,-0.953779081003877,0.19925483128141,-0.224951054343865,2.95135176512241,2.93564380185446,-0.225147473507269,-0.226892802759263,0.80034965034965,-0.0157079632679489,-0.0017453292519943,4
-0.525449973891575,0.773176157280221,-0.355106962408137,-0.526830626653568,0.775207726126158,-0.348572047321815,2.16769893097696,2.16769893097696,-0.363028484414821,-0.356047167406843,0.801748251748252,0,0.00698131700797733,235
-0.357800395171177,0.859560241906748,-0.36487678433762,-0.338207170751086,0.867456536031624,-0.36487678433762,1.96524073774561,1.94255145746969,-0.373500459926786,-0.373500459926786,0.803146853146853,-0.0226892802759262,0,110
-0.140870884746254,0.931465317756328,0.335451569750255,-0.154052748217393,0.930557216528036,0.332161131883703,1.72089464246641,1.73485727648236,0.342084533390889,0.3385938748869,0.803496503496503,0.0139626340159551,-0.00349065850398872,131
0.211407612448825,0.961536963812866,0.175366726091987,0.177438649065038,0.966787167077496,0.18395135061272,1.3543754995476,1.38928208458749,0.176278254451427,0.185004900711399,0.804195804195804,0.0349065850398866,0.00872664625997163,25
0.578128805119725,0.795726035070392,-0.18051914525056,0.436204996321465,0.882593741516429,-0.175366726091987,0.942477796076938,1.11177473352039,-0.18151424220741,-0.176278254451427,0.804545454545455,0.16929693744345,0.005235987755983,16
0.507358146450434,-0.847733689080155,-0.154710386299468,0.59748322016264,-0.790014429228179,-0.137444546037147,5.25169571925094,5.35990613287459,-0.155334303427495,-0.137881010907552,0.805244755244755,0.108210413623648,0.0174532925199433,12
-0.501840261674641,0.800001925263463,-0.328866646738583,-0.459408301029881,0.812001423082628,-0.359996808120051,2.13104701668508,2.08566845613322,-0.335103216382911,-0.368264472170804,0.805944055944056,-0.0453785605518529,-0.0331612557878923,63
-0.0262709329126933,0.94051393369359,-0.338737920245291,0.0195645023581419,0.933999587841938,-0.356737999319625,1.59872159482681,1.54985237577096,-0.345575191894877,-0.364773813666815,0.806643356643357,-0.0488692190558409,-0.0191986217719377,19
0.239887642999477,0.907938287029177,0.343659694585616,0.335598022389519,0.888134395777915,0.313992455967405,1.31248759749974,1.20951317163207,0.35081117965086,0.319395253114962,0.806643356643357,-0.102974425867665,-0.031415926535898,64
0.696717572212894,0.682276254732882,-0.221548497619467,0.708827166218161,0.665633014900339,-0.233445363855905,0.774926187885482,0.75398223686155,-0.223402144255274,-0.235619449019234,0.806993006993007,-0.020943951023932,-0.0122173047639603,14
0.915289974734348,0.396081340929222,0.0732381971276317,0.906295097267728,0.416849170611223,0.0697564737441253,0.408407044966673,0.431096325242599,0.0733038285837618,0.0698131700797732,0.807692307692308,0.0226892802759262,-0.00349065850398866,3
0.49058101972727,0.856602748597972,-0.159881187691835,0.484311977345065,0.859515292858691,-0.163325962241622,1.05068820970059,1.05766952670856,-0.160570291183478,-0.164060949687467,0.808741258741259,0.00698131700797733,-0.00349065850398869,14
0.89004874918208,0.455460955829066,0.0191974423996897,0.859033882761977,0.510056994180802,0.043619387365336,0.472984227290463,0.535816080362259,0.0191986217719376,0.0436332312998582,0.808741258741259,0.062831853071796,0.0244346095279206,26
0.377981915735208,-0.90804323111576,-0.18051914525056,0.432947111081708,-0.879864709806282,-0.195946144242518,5.10683339133541,5.1696652444072,-0.18151424220741,-0.197222205475359,0.809090909090909,0.0628318530717955,-0.015707963267949,27
-0.811802644228878,-0.4858538597262,-0.323917418198149,-0.819204613715725,-0.488343959736748,-0.300705799504273,3.68089939245604,3.67915406320405,-0.329867228626928,-0.305432619099008,0.809440559440559,-0.00174532925199378,0.0244346095279206,70
-0.453447668845771,-0.886114441447699,-0.095845752520224,-0.461163112076898,-0.882123673746138,-0.095845752520224,4.23940475309423,4.23067810683425,-0.0959931088596881,-0.0959931088596881,0.810839160839161,-0.00872664625997199,0,26
-0.563920267952744,0.784778094799141,-0.257132793154696,-0.581756147192456,0.766435419507288,-0.272280247040574,2.19387886975687,2.22005880853679,-0.260054058547155,-0.275762021815104,0.811538461538462,0.0261799387799151,-0.015707963267949,69
-0.927243545129682,0.279951331551165,-0.248689887164855,-0.92211522475566,0.260932307319926,-0.285688367404974,2.84837733925475,2.86583063177469,-0.251327412287183,-0.289724655831059,0.811888111888112,0.0174532925199431,-0.0383972435438752,288
-0.939455744638619,-0.218618199991378,-0.263873049965373,-0.939783824474306,-0.199757218443362,-0.277314653302378,3.37023078560105,3.35103216382911,-0.267035375555132,-0.280998009571087,0.812587412587413,-0.0191986217719378,-0.0139626340159546,75
0.333172954435929,0.925423481780337,0.18051914525056,0.332626652105537,0.923906068683131,0.189095442989891,1.22522113490002,1.22522113490002,0.18151424220741,0.190240888467382,0.812587412587413,0,0.00872664625997163,29
0.524966204481065,0.824031879648038,0.213030386274977,0.48112026014675,0.850377180902603,0.213030386274977,1.00356431989674,1.05592419745657,0.214675497995303,0.214675497995303,0.813286713286713,0.0523598775598302,0,173
-0.947192288771891,0.206521317360641,0.245307385878803,-0.944770599194891,0.20945059926348,0.252069358243114,2.92691715559449,2.9234264970905,0.247836753783195,0.254818070791172,0.813986013986014,-0.00349065850398844,0.0069813170079773,56
0.808701570816743,0.587556083663103,0.0279216387235689,0.814526978407076,0.578854193696909,0.0383878090875199,0.628318530717959,0.617846555205993,0.0279252680319093,0.0383972435438752,0.814335664335664,-0.0104719755119662,0.010471975511966,8
0.810654055259622,-0.542685589566169,0.219846204352837,0.854434482344475,-0.465852802718211,0.230049737188104,5.6932640200055,5.78402114110921,0.22165681500328,0.232128790515246,0.815384615384615,0.0907571211037039,0.010471975511966,10
0.496812752047725,-0.843420686362319,-0.20449605184179,0.511262929594458,-0.837583135711011,-0.192521966525907,5.24471440224296,5.26042236551091,-0.205948851735331,-0.193731546971371,0.815734265734266,0.015707963267948,0.0122173047639603,95
0.793333923697396,-0.576390834475518,-0.195946144242518,0.841062436447994,-0.499386330226874,-0.207911690817759,5.65486677646163,5.74736922681733,-0.197222205475359,-0.20943951023932,0.816083916083916,0.092502450355699,-0.0122173047639603,40
0.662592904205078,-0.718045052779152,0.213030386274977,0.68819669923734,-0.693018067892378,0.214735327167063,5.45764457098627,5.49429648527815,0.214675497995303,0.216420827247297,0.816783216783217,0.0366519142918813,0.0017453292519943,34
-0.923754178977677,-0.291258573853561,-0.248689887164855,-0.938796545234168,-0.225385109608519,-0.260504508642648,3.4470252726888,3.37721210260903,-0.251327412287183,-0.263544717051144,0.817482517482517,-0.0698131700797733,-0.0122173047639603,20
0.294127991872519,0.938563563428203,0.18051914525056,0.287929921572347,0.941776337914845,0.17364817766693,1.26710903694788,1.27409035395586,0.18151424220741,0.174532925199433,0.817832167832168,0.00698131700797733,-0.00698131700797733,43
-0.839380080353949,0.492461368154581,0.230049737188104,-0.821775377696014,0.523528654193977,0.224951054343865,2.61101256098352,2.57436064669164,0.232128790515246,0.226892802759263,0.818181818181818,-0.0366519142918813,-0.00523598775598302,21
0.387886234389474,0.883629505943969,-0.262189178640865,0.400552868673584,0.874883344491645,-0.272280247040574,1.15715329407224,1.14144533080429,-0.265290046303138,-0.275762021815104,0.818881118881119,-0.0157079632679489,-0.010471975511966,78
0.77363544902433,0.48718424304817,0.405141586779863,0.776774853327065,0.483499763216673,0.40354529635239,0.561996019142174,0.556760031386191,0.417133691226645,0.41538836197465,0.818881118881119,-0.00523598775598311,-0.00174532925199433,34
0.725425672203702,-0.676470383201507,-0.12706460860135,0.798271877795743,-0.592849016414388,-0.106264071336233,5.53269372882202,5.64439480094966,-0.127409035395586,-0.106465084371654,0.82027972027972,0.111701072127637,0.020943951023932,59
0.54408857876841,-0.815826407399431,-0.195946144242518,0.571000318489136,-0.794631027716775,-0.20620418539663,5.30056493830678,5.33547152334666,-0.197222205475359,-0.207694180987325,0.82027972027972,0.0349065850398862,-0.010471975511966,13
0.507261074351974,-0.854325017098235,-0.113203213767907,0.519503133906336,-0.844440292149794,-0.130526192220052,5.24820506074695,5.2639130240149,-0.113446401379631,-0.130899693899575,0.82027972027972,0.0157079632679489,-0.0174532925199433,156
0.318737713652797,-0.941670010705699,-0.107999355706023,0.331679880122799,-0.931465317756328,-0.14953534344371,5.03876555050763,5.05447351377558,-0.108210413623648,-0.150098315671512,0.82027972027972,0.0157079632679489,-0.0418879020478639,52
0.240366786739759,-0.964058525311104,0.113203213767907,0.286352706060463,-0.954463276541902,0.0836778433323155,4.9567350756639,5.00385896546774,0.113446401379631,0.0837758040957278,0.820629370629371,0.0471238898038466,-0.0296705972839036,152
-0.891051480565278,-0.381905152381758,-0.245307385878803,-0.894322065196691,-0.361329568682522,-0.263873049965373,3.54650904005248,3.52556508902855,-0.247836753783195,-0.267035375555132,0.821328671328671,-0.0209439510239315,-0.0191986217719377,156
-0.858506956764093,0.501670960222638,-0.106264071336233,-0.873396099119511,0.478170397052764,-0.0923705874465616,2.61275789023551,2.64068315826742,-0.106465084371654,-0.0925024503556995,0.822377622377622,0.0279252680319098,0.0139626340159546,61
0.245339115868784,0.935177086426594,-0.255445757935791,0.216236832001697,0.936624620946985,-0.275637355816999,1.31423292675173,1.34390352403563,-0.258308729295161,-0.279252680319093,0.823426573426573,0.0296705972839035,-0.0209439510239319,520
0.418685977301413,0.869965202400655,-0.260504508642648,0.405327702478843,0.873203786203934,-0.270600445975864,1.12224670903235,1.13620934304831,-0.263544717051144,-0.27401669256311,0.823426573426573,0.0139626340159547,-0.010471975511966,63
0.541113028661762,0.796223642483793,-0.270600445975864,0.547677217292484,0.805882552738514,-0.224951054343865,0.973893722612836,0.973893722612836,-0.27401669256311,-0.226892802759263,0.823776223776224,0,0.0471238898038469,59
0.829806179829011,0.547156362374557,-0.109734311091045,0.726208999933876,0.677200848127284,-0.118403968306501,0.582939970166106,0.750491578357562,-0.109955742875643,-0.118682389135614,0.824825174825175,0.167551608191456,-0.00872664625997166,3
0.935204804926751,0.284136944526766,-0.211324796455389,0.931143674368601,0.300751212147604,-0.20620418539663,0.294960643587042,0.312413936106985,-0.212930168743308,-0.207694180987325,0.824825174825175,0.0174532925199431,0.00523598775598297,46
0.913285820673746,-0.397107976705297,-0.0906325801977802,0.890047044425098,-0.434104948922848,-0.139173100960065,5.87303293296092,5.82939970166106,-0.0907571211037051,-0.139626340159546,0.825524475524475,-0.0436332312998582,-0.0488692190558412,10
0.960563033999561,-0.212951697769811,-0.17880221511635,0.965037446478791,-0.196339087516085,-0.17364817766693,6.0650191506803,6.08247244320024,-0.179768912955416,-0.174532925199433,0.826223776223776,0.0174532925199431,0.005235987755983,18
0.0612543208331516,-0.973609549363049,-0.219846204352837,0.0339774137104458,-0.972985824910752,-0.228350870110656,4.77522083345649,4.74729556542458,-0.22165681500328,-0.230383461263251,0.826573426573427,-0.0279252680319093,-0.00872664625997166,17
0.682208388739363,-0.729023781446079,0.0558215049931638,0.67086035517604,-0.739855890202594,0.0505929400767133,5.46462588799425,5.4489179247263,0.0558505360638185,0.0506145483078356,0.827972027972028,-0.0157079632679489,-0.00523598775598299,12
-0.95449442933303,-0.277306266322249,0.109734311091045,-0.932644258374502,-0.343146272708675,0.111468932206325,3.42433599241287,3.49414916249265,0.109955742875643,0.111701072127637,0.827972027972028,0.0698131700797733,0.00174532925199435,65
-0.897131157845905,-0.294961716643002,-0.328866646738583,-0.896547974806967,-0.315724381290751,-0.310676429630732,3.45924257745276,3.48018652847669,-0.335103216382911,-0.315904594610974,0.828321678321678,0.0209439510239315,0.0191986217719376,26
-0.00172238727489353,0.986854213339979,0.161603821103361,-0.0361925638456298,0.987025002960845,0.156434465040231,1.57254165604689,1.60744824108678,0.162315620435473,0.15707963267949,0.829020979020979,0.0349065850398862,-0.005235987755983,230
0.220461856397132,0.932619282774816,-0.285688367404974,0.19075794787588,0.937605268734848,-0.290702193598252,1.33866753627965,1.37008346281555,-0.289724655831059,-0.294960643587042,0.829020979020979,0.0314159265358978,-0.00523598775598294,57
0.39488483043269,0.850706544209921,0.346935651573256,0.34700475188946,0.871984435603356,0.345298198998535,1.13620934304831,1.19205987911213,0.354301838154849,0.352556508902855,0.829370629370629,0.0558505360638186,-0.00174532925199433,59
0.917274676522295,0.263024280966171,-0.299040792256087,0.921698315821861,0.236651904927485,-0.307356617799807,0.279252680319093,0.251327412287183,-0.303687289847013,-0.312413936106985,0.82972027972028,-0.0279252680319093,-0.0087266462599716,68
0.860794903837527,0.431053978249832,-0.270600445975864,0.861545923507719,0.429550951954357,-0.270600445975864,0.464257581030492,0.462512251778497,-0.27401669256311,-0.27401669256311,0.83041958041958,-0.00174532925199422,0,4
0.735851826200348,0.628476832120737,-0.252069358243114,0.749521514974613,0.602630770110183,-0.273959218692432,0.706858347057703,0.6771877497738,-0.254818070791172,-0.277507351067098,0.830769230769231,-0.0296705972839035,-0.0226892802759263,3
0.562423674626048,-0.762852914546593,-0.31895930929807,0.545509307610932,-0.759156532316694,-0.355106962408137,5.34768882811063,5.33547152334666,-0.324631240870945,-0.363028484414821,0.831118881118881,-0.0122173047639604,-0.0383972435438752,12
0.3994679990174,-0.901450776737019,-0.166768746716102,0.386494952562842,-0.906124735409292,-0.17192910027941,5.12952267161133,5.11556003759538,-0.167551608191456,-0.172787595947439,0.831468531468532,-0.0139626340159538,-0.005235987755983,94
0.691093756945656,-0.703262116304781,-0.166768746716102,0.702054859638103,-0.692320127670187,-0.166768746716102,5.48906049752217,5.50476846079011,-0.167551608191456,-0.167551608191456,0.831818181818182,0.0157079632679489,0,69
-0.509050155027981,-0.83395802903355,0.213030386274977,-0.486189956644088,-0.852381732830671,0.192521966525907,4.16435559525847,4.19402619254237,0.214675497995303,0.193731546971371,0.832517482517482,0.0296705972839035,-0.020943951023932,39
-0.849827210375435,-0.492627603215281,0.187381314585725,-0.805510550010619,-0.559844416447773,0.194234351219972,3.66693675844009,3.74896723328382,0.188495559215388,0.195476876223365,0.833566433566434,0.0820304748437337,0.0069813170079773,39
-0.976296419673401,-0.111234926458208,-0.185666615385577,-0.969834125745652,-0.167519441513853,-0.177084740319583,3.25503905496943,3.31263492028524,-0.186750229963393,-0.178023583703422,0.833566433566434,0.0575958653158124,0.00872664625997163,46
-0.992587738249601,-0.0589705775755177,0.106264071336233,-0.976578839500699,-0.195139708020078,0.0906325801977802,3.2009338481576,3.33881485906515,0.106465084371654,0.0907571211037051,0.834265734265734,0.137881010907552,-0.0157079632679489,70
-0.910337731440688,0.329537658371726,-0.250380004054441,-0.949964443221274,0.203654730324379,-0.236838146065619,2.79427213244292,2.93040781409848,-0.253072741539178,-0.239110107523223,0.834615384615385,0.136135681655558,0.0139626340159547,38
0.636673476241847,0.737593321417505,-0.224951054343865,0.631212987274924,0.744300806749849,-0.218143241396543,0.85870199198121,0.867428638241182,-0.226892802759263,-0.219911485751285,0.835314685314685,0.00872664625997155,0.00698131700797733,70
-0.0755049249812301,0.938437953757335,-0.337095258423082,-0.0923217527340672,0.941570071826816,-0.323917418198149,1.65108147238664,1.66853476490658,-0.343829862642883,-0.329867228626928,0.835664335664336,0.0174532925199431,0.0139626340159547,30
0.919895327890608,0.367931881091949,-0.135715572434304,0.902295369903264,0.416918992635867,-0.109734311091045,0.380481776934764,0.432841654494594,-0.136135681655558,-0.109955742875643,0.836013986013986,0.0523598775598297,0.026179938779915,32
0.972512567982524,-0.178489456767642,-0.14953534344371,0.949703256938478,-0.29579962498504,-0.102792536787247,6.10167106497218,5.98124334658457,-0.150098315671512,-0.102974425867665,0.837412587412587,-0.12042771838761,0.0471238898038469,123
-0.810467605210173,-0.486978066968369,-0.325568154457157,-0.795592136783476,-0.508802398334779,-0.328866646738583,3.68264472170804,3.71056998973994,-0.331612557878923,-0.335103216382911,0.838111888111888,0.0279252680319089,-0.00349065850398861,227
-0.885333803750778,-0.441411151538124,-0.146083028562412,-0.880203591049003,-0.450422933880605,-0.14953534344371,3.60410490536829,3.61457688088026,-0.146607657167524,-0.150098315671512,0.838461538461538,0.0104719755119662,-0.00349065850398864,52
-0.0597584244821998,-0.977041603763384,-0.20449605184179,-0.0662182520644709,-0.971324365602569,-0.228350870110656,4.65130245656489,4.64432113955691,-0.205948851735331,-0.230383461263251,0.839160839160839,-0.00698131700797688,-0.0244346095279206,37
-0.948685761814557,-0.255975063749573,-0.185666615385577,-0.953439302304836,-0.246576169192042,-0.17364817766693,3.40513737064094,3.39466539512897,-0.186750229963393,-0.174532925199433,0.839160839160839,-0.0104719755119662,0.0122173047639603,30
-0.942395041684836,-0.30256994675259,0.142628933705512,-0.960278310083592,-0.244771871954389,0.133986185418292,3.45226126044478,3.39117473662498,0.143116998663535,0.134390352403563,0.84020979020979,-0.0610865238198017,-0.00872664625997163,99
-0.988705258572213,-0.0847619408651196,0.123601476740493,-0.98051206543536,-0.160565008418094,0.113203213767907,3.22711378693752,3.30390827402527,0.123918376891597,0.113446401379631,0.840909090909091,0.0767944870877506,-0.010471975511966,75
-0.964653721471997,0.159697388007327,0.209618562903822,-0.956955640104911,0.189482319235995,0.219846204352837,2.97753170390233,2.94611577736643,0.211184839491314,0.22165681500328,0.841258741258741,-0.0314159265358978,0.0104719755119659,48
0.540673782531081,0.835754421231121,0.095845752520224,0.497862349092291,0.862322883803441,0.0923705874465616,0.996583002888762,1.0471975511966,0.0959931088596881,0.0925024503556995,0.841958041958042,0.0506145483078355,-0.00349065850398866,182
0.100713729931487,0.942402092323328,0.31895930929807,0.0643482706747914,0.943894488938784,0.323917418198149,1.46433124242324,1.50272848596712,0.324631240870945,0.329867228626928,0.844405594405594,0.0383972435438746,0.00523598775598294,12
0.954311451803478,0.291762290483681,-0.064532308252958,0.875965021249277,0.481565845589929,-0.0279216387235689,0.296705972839036,0.502654824574367,-0.0645771823237902,-0.0279252680319093,0.844405594405594,0.205948851735331,0.0366519142918809,6
0.979513325787901,-0.181542064299241,-0.0871557427476582,0.967086077050887,-0.23039240165728,-0.107999355706023,6.09992573572018,6.04931118741235,-0.0872664625997165,-0.108210413623648,0.844755244755245,-0.0506145483078351,-0.020943951023932,196
0.751442211971948,0.655524822253291,0.0749787268263277,0.729389634596495,0.680166837933668,0.0732381971276317,0.717330322569669,0.750491578357562,0.0750491578357562,0.0733038285837618,0.845804195804196,0.0331612557878924,-0.00174532925199432,36
0.972653735433145,0.0697206866755166,-0.221548497619467,0.97187644028386,0.0696649694664179,-0.224951054343865,0.0715584993317675,0.0715584993317675,-0.223402144255274,-0.226892802759263,0.845804195804196,0,-0.00349065850398864,19
0.389826304145443,0.918373220881373,0.0680152906652482,0.404842963564872,0.913580073647336,0.0383878090875199,1.1693705988362,1.15366263556825,0.0680678408277788,0.0383972435438752,0.846153846153846,-0.0157079632679493,-0.0296705972839036,17
0.799111115947778,0.559543627253807,0.219846204352837,0.738292580673458,0.632793273839656,0.233445363855905,0.610865238198015,0.708603676309698,0.22165681500328,0.235619449019234,0.846503496503497,0.0977384381116826,0.0139626340159547,81
0.944447658528602,0.277966062100427,-0.175366726091987,0.925537299122571,0.318688049217438,-0.20449605184179,0.28623399732707,0.331612557878923,-0.176278254451427,-0.205948851735331,0.846853146853147,0.0453785605518524,-0.0296705972839036,151
-0.84988459959719,-0.512683167761066,0.121869343405147,-0.83281886966586,-0.542907790969666,0.107999355706023,3.68439005096003,3.71929663599992,0.122173047639603,0.108210413623648,0.847552447552448,0.0349065850398866,-0.0139626340159546,201
0.672553791823846,0.708723819006319,0.213030386274977,0.669588109253417,0.713038913922469,0.207911690817759,0.811578102177363,0.816814089933346,0.214675497995303,0.20943951023932,0.849300699300699,0.00523598775598311,-0.00523598775598302,145
0.827079314559129,0.562082521750407,-0.00174532836589831,0.808420681224865,0.587352005428929,-0.0383878090875199,0.596902604182061,0.628318530717959,-0.00174532925199433,-0.0383972435438752,0.84965034965035,0.0314159265358978,-0.0366519142918809,100
0.933784741487484,0.349127808778849,-0.0784590957278449,0.856069575556518,0.51437849509955,-0.0505929400767133,0.357792496658838,0.541052068118242,-0.0785398163397448,-0.0506145483078356,0.85,0.183259571459405,0.0279252680319093,9
0.970002241059378,-0.213268824361372,-0.116670737099333,0.965944376578317,-0.212376644992437,-0.147809411129611,6.06676447993229,6.06676447993229,-0.11693705988362,-0.148352986419518,0.850699300699301,0,-0.0314159265358979,111
0.975794328039641,-0.212757570441244,0.0505929400767133,0.99374296339229,-0.109710244543247,0.020942419883357,6.06850980918428,6.17322956430394,0.0506145483078356,0.020943951023932,0.851048951048951,0.104719755119659,-0.0296705972839036,115
0.889438296408737,-0.397864977135596,-0.224951054343865,0.902069588036438,-0.360802093824262,-0.236838146065619,5.86256095744895,5.90270353024482,-0.226892802759263,-0.239110107523223,0.852097902097902,0.0401425727958697,-0.0122173047639603,31
0.422149102626812,-0.905301672070099,-0.0471064507096427,0.433278691891187,-0.900286623680378,-0.0418756537291996,5.14872129338327,5.16093859814723,-0.0471238898038469,-0.0418879020478639,0.852797202797203,0.0122173047639604,0.005235987755983,25
-0.77089551409975,-0.630970667184289,0.0871557427476582,-0.77386194005234,-0.628900539244427,0.0749787268263277,3.82750704962357,3.82401639111958,0.0872664625997165,0.0750491578357562,0.852797202797203,-0.00349065850398933,-0.0122173047639603,117
0.570221968189462,-0.817394022364747,0.0819385086300409,0.631066053139752,-0.771012052964389,0.0854169231373675,5.32150888933071,5.39830337641846,0.0820304748437335,0.0855211333477222,0.853496503496504,0.0767944870877519,0.00349065850398866,81
-0.190411276593078,-0.979581097682953,0.064532308252958,-0.145671824342762,-0.9864876634384,0.0749787268263277,4.52040276266531,4.56578132321717,0.0645771823237902,0.0750491578357562,0.853496503496504,0.0453785605518524,0.010471975511966,20
0.774264730723633,0.631474905583914,-0.0418756537291996,0.723588465047913,0.689063982862063,-0.0401317925325597,0.684169066781777,0.760963553869528,-0.0418879020478639,-0.0401425727958696,0.855594405594406,0.0767944870877502,0.00174532925199433,54
0.708253071934717,0.667423931631703,0.230049737188104,0.71557542055739,0.671970047530028,0.190808995376545,0.755727566113545,0.75398223686155,0.232128790515246,0.191986217719376,0.856293706293706,-0.00174532925199422,-0.0401425727958696,58
0.914489005453378,-0.332846777548733,-0.230049737188104,0.913504846045854,-0.327082088595819,-0.241921895599668,5.93411945678072,5.9393554445367,-0.232128790515246,-0.244346095279206,0.856993006993007,0.00523598775598355,-0.0122173047639603,72
0.735570008077244,-0.674025729073427,0.0680152906652482,0.750582063993896,-0.657084925699448,0.0697564737441253,5.541420375082,5.56410965535792,0.0680678408277788,0.0698131700797732,0.857342657342657,0.0226892802759266,0.00174532925199433,62
0.232486762255359,-0.953699026244346,-0.190808995376545,0.408211046961947,-0.891610256611442,-0.195946144242518,4.95149908790791,5.14173997637529,-0.191986217719376,-0.197222205475359,0.857692307692308,0.190240888467383,-0.005235987755983,20
-0.139006947391753,-0.98908582467233,-0.0488497697956133,-0.107786243647643,-0.992189234137102,-0.0627905195293134,4.57276264022514,4.60417856676104,-0.0488692190558412,-0.0628318530717959,0.858041958041958,0.0314159265358986,-0.0139626340159546,45
0.900632394206243,-0.433445100007448,0.0314107590781283,0.924343265388876,-0.380986801319494,0.020942419883357,5.83463568941704,5.89223155473286,0.0314159265358979,0.020943951023932,0.858391608391608,0.0575958653158128,-0.010471975511966,7
0.870608704019183,-0.430281621849745,0.238533457578581,0.868709454034343,-0.429342954041805,0.246999012722743,5.82416371390508,5.82416371390508,0.240855436775218,0.249582083035189,0.859440559440559,0,0.0087266462599716,3
-0.64328726319481,-0.761227678040424,0.0819385086300409,-0.573792689609204,-0.810396476818791,0.118403968306501,4.01076662108297,4.09628775443069,0.0820304748437335,0.118682389135614,0.859440559440559,0.0855211333477222,0.0366519142918809,42
-0.744288168191911,-0.658490546509448,0.111468932206325,-0.674947195436544,-0.736575612152763,0.043619387365336,3.86590429316744,3.9706240482871,0.111701072127637,0.0436332312998582,0.859440559440559,0.104719755119659,-0.0680678408277789,7
0.652334451576805,-0.747785021402247,-0.123601476740493,0.631970739152731,-0.763921395170527,-0.130526192220052,5.42971930295436,5.40353936417444,-0.123918376891597,-0.130899693899575,0.85979020979021,-0.0261799387799151,-0.00698131700797731,160
-0.843225447591847,-0.53100740396795,-0.0836778433323155,-0.840853008323244,-0.533621545479981,-0.0906325801977802,3.70358867273197,3.70707933123596,-0.0837758040957278,-0.0907571211037051,0.86013986013986,0.00349065850398844,-0.00698131700797733,9
-0.943135321006427,-0.306443242007933,-0.128795596577563,-0.936001771519834,-0.333295238646385,-0.113203213767907,3.45575191894877,3.48367718698068,-0.12915436464758,-0.113446401379631,0.860839160839161,0.0279252680319084,0.015707963267949,36
-0.945539585579272,0.290885958527757,-0.146083028562412,-0.942156588648923,0.302493387858297,-0.144356201000973,2.84314135149876,2.8309240467348,-0.146607657167524,-0.144862327915529,0.860839160839161,-0.0122173047639604,0.00174532925199433,8
-0.996636897035587,-0.0330618509884116,-0.0749787268263277,-0.995093055021128,-0.0434467010639342,-0.0888942968664415,3.17475390937769,3.18522588488965,-0.0750491578357562,-0.0890117918517108,0.861188811188811,0.0104719755119658,-0.0139626340159546,9
-0.910669045703078,0.411182840627341,0.0401317925325597,-0.911320031860141,0.409563461694502,0.0418756537291996,2.71747764535517,2.71922297460717,0.0401425727958696,0.0418879020478639,0.861538461538462,0.00174532925199422,0.00174532925199433,44
-0.792166443790959,0.601287057650909,0.104528463267653,-0.848085544435266,0.521745708075032,0.0923705874465616,2.4923301718479,2.59006860995959,0.10471975511966,0.0925024503556995,0.862237762237762,0.0977384381116821,-0.0122173047639603,168
-0.344792913897634,0.937119698070709,0.0540788129847753,-0.357843539090596,0.93221429055624,0.0540788129847753,1.92335283569775,1.93731546971371,0.0541052068118242,0.0541052068118242,0.862237762237762,0.0139626340159547,0,7
0.919813013265063,-0.379119566137014,0.101056297182946,0.912965287363649,-0.389412695230918,0.121869343405147,5.89223155473286,5.8800142499689,0.101229096615671,0.122173047639603,0.862937062937063,-0.0122173047639613,0.020943951023932,25
0.762010644051851,-0.641672544883905,0.0871557427476582,0.761117288457551,-0.643193976764613,0.0836778433323155,5.58330827712986,5.58156294787787,0.0872664625997165,0.0837758040957278,0.862937062937063,-0.00174532925199333,-0.00349065850398866,11
-0.17059252098284,-0.957700945499576,-0.231747903494157,-0.148531880331368,-0.970660184598959,-0.189095442989891,4.53611072593326,4.56054533546118,-0.23387411976724,-0.190240888467382,0.863636363636364,0.0244346095279209,0.0436332312998583,59
-0.627044140673037,-0.77710432223336,0.0540788129847753,-0.567750710305021,-0.819936154483773,0.0732381971276317,4.0334559013589,4.10675972994266,0.0541052068118242,0.0733038285837618,0.864335664335664,0.0733038285837626,0.0191986217719376,119
-0.636603111575394,-0.764074786064446,-0.104528463267653,-0.586283117185308,-0.80399483444506,-0.099319749743639,4.01774793809095,4.08232512041474,-0.10471975511966,-0.0994837673636768,0.864335664335664,0.0645771823237906,0.00523598775598298,5
0.99957205295015,-0.0087231331534339,0.0279216387235689,0.995587843197948,0.0871026498240457,0.034899496702501,6.27445866091961,0.0872664625997165,0.0279252680319093,0.0349065850398866,0.865034965034965,0.0959931088596884,0.00698131700797732,68
0.911353303815513,0.411491795011726,-0.0104717841162458,0.923666070650942,0.380707681790271,-0.043619387365336,0.424115008234622,0.39095375244673,-0.010471975511966,-0.0436332312998582,0.865384615384615,-0.0331612557878924,-0.0331612557878923,49
0.0206671467772818,-0.986639282640256,-0.161603821103361,0.0189558196797593,-0.987231838355406,-0.158158067254484,4.73333293140862,4.73158760215663,-0.162315620435473,-0.158824961931484,0.866083916083916,-0.00174532925199333,0.00349065850398866,185
-0.48663779860942,-0.826147043169247,-0.284015344703923,-0.500460878809327,-0.816677929426956,-0.287360519849712,4.18006355852642,4.16261026600648,-0.287979326579064,-0.291469985083053,0.866433566433566,-0.0174532925199431,-0.00349065850398872,18
-0.670158109118991,0.689138706546274,-0.275637355816999,-0.713166470560054,0.646659867245973,-0.270600445975864,2.34223185617639,2.40506370924819,-0.279252680319093,-0.27401669256311,0.867482517482517,0.0628318530717964,0.005235987755983,441
0.0241574720513122,-0.988461227163343,-0.14953534344371,0.0379256147132863,-0.987231656765366,-0.154710386299468,4.73682358991261,4.75078622392856,-0.150098315671512,-0.155334303427495,0.869230769230769,0.0139626340159547,-0.005235987755983,60
0.952286963086966,-0.264092547852221,0.152985836284038,0.977044011836334,-0.140794192909402,0.159881187691835,6.01265927312047,6.14006830851605,0.153588974175501,0.160570291183478,0.86958041958042,0.127409035395586,0.0069813170079773,39
-0.997695479490851,0.029610910559826,-0.0610485395348569,-0.997874724123481,-0.0174179680998023,-0.0627905195293134,3.11192205630589,3.15904594610974,-0.0610865238198015,-0.0628318530717959,0.86993006993007,0.0471238898038466,-0.00174532925199433,100
-0.420471007629905,0.889513293668048,-0.17880221511635,-0.425252455158452,0.883609335587962,-0.195946144242518,2.01236462754946,2.01934594455744,-0.179768912955416,-0.197222205475359,0.870629370629371,0.00698131700797733,-0.0174532925199433,42
-0.88732300214174,0.400641697767314,-0.228350870110656,-0.916600118739296,0.337243178720584,-0.214735327167063,2.71747764535517,2.78903614468694,-0.230383461263251,-0.216420827247297,0.871328671328671,0.0715584993317675,0.0139626340159546,18
0.412714077678803,0.905618389698625,-0.0975828997591495,0.375630782443637,0.920455134402468,-0.107999355706023,1.14319066005629,1.18333323285216,-0.0977384381116825,-0.108210413623648,0.871328671328671,0.0401425727958697,-0.010471975511966,107
-0.148064284137346,0.967604429787305,-0.20449605184179,-0.190665719116846,0.962932246233893,-0.190808995376545,1.7226399717184,1.76627320301826,-0.205948851735331,-0.191986217719376,0.872727272727273,0.0436332312998582,0.0139626340159547,6
0.0276763622120906,0.990829080220631,0.132256390257122,0.00518627172419457,0.990495885579665,0.137444546037147,1.54287105876299,1.56556033903891,0.132645023151569,0.137881010907552,0.872727272727273,0.0226892802759262,0.00523598775598302,23
0.991935665090484,0.086783125642465,-0.0923705874465616,0.985128555004247,0.14020455565389,-0.099319749743639,0.0872664625997165,0.141371669411541,-0.0925024503556995,-0.0994837673636768,0.872727272727273,0.0541052068118244,-0.00698131700797733,2
0.0258254484763723,-0.986234087967376,-0.163325962241622,0.0292846253849196,-0.986701787035127,-0.159881187691835,4.7385689191646,4.74205957766859,-0.164060949687467,-0.160570291183478,0.873076923076923,0.00349065850398844,0.00349065850398869,23
-0.359861274786697,-0.89971737263592,0.246999012722743,-0.369263189456553,-0.895899650980156,0.246999012722743,4.33190720344993,4.32143522793796,0.249582083035189,0.249582083035189,0.873426573426573,-0.0104719755119662,0,100
-0.289454904522429,-0.946764332390264,-0.140901231937583,-0.203256180886099,-0.964519701149436,-0.168489379565003,4.41568300754565,4.50469479939736,-0.141371669411541,-0.16929693744345,0.873776223776224,0.0890117918517115,-0.0279252680319093,29
-0.935693427974894,-0.320359465017206,0.147809411129611,-0.920090317217919,-0.366148407249013,0.139173100960065,3.47145988221672,3.52032910127256,0.148352986419518,0.139626340159546,0.874475524475524,0.0488692190558413,-0.00872664625997163,33
-0.486361008948543,0.859640173050406,-0.156434465040231,-0.530078623532953,0.835270256647179,-0.146083028562412,2.08566845613322,2.13628300444106,-0.15707963267949,-0.146607657167524,0.874825174825175,0.050614548307836,0.010471975511966,12
0.314033137619058,0.94401843905551,-0.101056297182946,0.366367641437847,0.925339034614808,-0.0975828997591495,1.24965574442794,1.19380520836412,-0.101229096615671,-0.0977384381116825,0.875174825174825,-0.0558505360638186,0.00349065850398866,91
0.712816973116036,0.653176413834963,-0.255445757935791,0.714548568976019,0.647913077562334,-0.263873049965373,0.74176493209759,0.736528944341607,-0.258308729295161,-0.267035375555132,0.875524475524476,-0.00523598775598266,-0.00872664625997166,52
0.562886574409099,0.809887641682257,-0.165047605860678,0.543852878083006,0.824796182927576,-0.154710386299468,0.96342174710087,0.987856356628791,-0.165806278939461,-0.155334303427495,0.875874125874126,0.0244346095279204,0.010471975511966,10
0.871984435603356,-0.34700475188946,0.345298198998535,0.85850808636258,-0.371509623650978,0.353474843779257,5.90444885949682,5.87477826221291,0.352556508902855,0.361283155162826,0.876223776223776,-0.0296705972839035,0.0087266462599716,9
0.786529480148952,0.599174897603189,-0.14953534344371,0.750931367549739,0.643626024342861,-0.147809411129611,0.651007810993885,0.708603676309698,-0.150098315671512,-0.148352986419518,0.876573426573427,0.0575958653158128,0.00174532925199433,152
-0.199121044639784,-0.970042090607784,-0.139173100960065,-0.180953591165372,-0.976338208887488,-0.118403968306501,4.50993078715335,4.52912940892528,-0.139626340159546,-0.118682389135614,0.877272727272727,0.0191986217719373,0.020943951023932,77
-0.523671990894832,-0.809473652701294,-0.265556117486809,-0.542535496368641,-0.801321579526558,-0.252069358243114,4.13817565647856,4.11723170545462,-0.268780704807127,-0.254818070791172,0.877622377622378,-0.0209439510239315,0.0139626340159547,40
-0.743757537787136,-0.651110504632628,0.151260820247219,-0.740534748051785,-0.655169800882985,0.14953534344371,3.86066830541146,3.86590429316744,0.151843644923507,0.150098315671512,0.877972027972028,0.00523598775598311,-0.00174532925199433,55
-0.960189900340084,-0.214627871336383,0.17880221511635,-0.967044296403318,-0.196747385747828,0.161603821103361,3.36150413934108,3.34230551756914,0.179768912955416,0.162315620435473,0.878321678321678,-0.0191986217719378,-0.0174532925199433,41
0.31458763133459,0.945685308659692,-0.0819385086300409,0.338696567340393,0.935638938150126,-0.099319749743639,1.24965574442794,1.22347580564802,-0.0820304748437335,-0.0994837673636768,0.878671328671329,-0.0261799387799151,-0.0174532925199433,179
0.6513260908955,0.713293085071632,0.258819045102521,0.576780014785541,0.78232538063752,0.23514211310259,0.830776723949301,0.935496479068961,0.261799387799149,0.237364778271229,0.879370629370629,0.10471975511966,-0.0244346095279206,18
0.103212847828936,0.982004650602718,-0.158158067254484,0.0464604140744439,0.985190701196316,-0.165047605860678,1.46607657167524,1.52367243699105,-0.158824961931484,-0.165806278939461,0.87972027972028,0.0575958653158128,-0.00698131700797733,75
0.800740473133469,0.564860267156585,-0.199367934417197,0.753826295236039,0.630296616318042,-0.185666615385577,0.614355896702004,0.696386371545737,-0.200712863979348,-0.186750229963393,0.88006993006993,0.0820304748437337,0.0139626340159546,32
0.176715628122585,0.982144168627389,-0.064532308252958,0.0921455773380713,0.993299162864753,-0.0697564737441253,1.39277274309147,1.4782938764392,-0.0645771823237902,-0.0698131700797732,0.880769230769231,0.0855211333477222,-0.00523598775598298,117
0.906222831412228,0.40537306247705,-0.120136838834647,0.937994267449134,0.310211944650158,-0.154710386299468,0.420624349730633,0.319395253114962,-0.120427718387609,-0.155334303427495,0.880769230769231,-0.101229096615671,-0.0349065850398866,3
0.410283194896066,0.904464282926957,-0.116670737099333,0.373883202718984,0.916172821009858,-0.144356201000973,1.14493598930828,1.18333323285216,-0.11693705988362,-0.144862327915529,0.881118881118881,0.0383972435438755,-0.0279252680319093,52
0.804288618925048,0.550707910937129,0.223250116010951,0.83395802903355,0.509050155027981,0.213030386274977,0.600393262686049,0.548033385126219,0.225147473507269,0.214675497995303,0.881468531468531,-0.0523598775598297,-0.010471975511966,24
-0.137368553037822,-0.941627203372416,0.307356617799807,-0.119400143937672,-0.94514946092771,0.30403306092549,4.56752665246916,4.5867252742411,0.312413936106985,0.308923277602996,0.881818181818182,0.0191986217719382,-0.00349065850398861,19
-0.784228312211546,-0.593107214232327,0.182235525492147,-0.760133372115562,-0.622161956037454,0.187381314585725,3.78910980607969,3.82750704962357,0.183259571459405,0.188495559215388,0.882517482517483,0.0383972435438755,0.005235987755983,81
0.244060711753709,-0.943712750088378,-0.223250116010951,0.28428342963251,-0.941592146225947,-0.18051914525056,4.96546172192387,5.00560429471974,-0.225147473507269,-0.18151424220741,0.883216783216783,0.0401425727958706,0.0436332312998582,37
-0.54251663494729,-0.7893666020533,-0.287360519849712,-0.498890922726387,-0.820531419247442,-0.278991106039229,4.11025038844665,4.16610092451046,-0.291469985083053,-0.282743338823081,0.883216783216783,0.0558505360638177,0.00872664625997166,15
-0.983852995613745,-0.103407116717828,-0.146083028562412,-0.977590443065824,-0.140872934852451,-0.156434465040231,3.24631240870945,3.28470965225333,-0.146607657167524,-0.15707963267949,0.883916083916084,0.0383972435438751,-0.010471975511966,396
-0.759880293627276,0.615338928918902,0.209618562903822,-0.810227388597814,0.554774271399119,0.189095442989891,2.460914245312,2.54119939090374,0.211184839491314,0.190240888467382,0.884615384615385,0.080285145591739,-0.020943951023932,112
-0.759183430394561,0.641559739995989,0.109734311091045,-0.839030641167195,0.538648098396199,0.0767190281268186,2.43997029428807,2.57086998818765,0.109955742875643,0.0767944870877505,0.884615384615385,0.130899693899575,-0.0331612557878923,74
0.302138302311951,0.946724417889828,-0.111468932206325,0.280690031489694,0.953702912541111,-0.107999355706023,1.2618730491919,1.28456232946783,-0.111701072127637,-0.108210413623648,0.885314685314685,0.0226892802759258,0.00349065850398866,72
0.467310392311864,0.867889581808154,0.168489379565003,0.457336317731344,0.874803691296615,0.159881187691835,1.0768681484805,1.08908545324446,0.16929693744345,0.160570291183478,0.885664335664336,0.0122173047639604,-0.00872664625997166,129
0.770482218680431,0.586950160336644,0.248689887164855,0.749780083914458,0.61587630429713,0.241921895599668,0.651007810993885,0.687659725285766,0.251327412287183,0.244346095279206,0.886363636363636,0.0366519142918809,-0.00698131700797733,19
0.85068152677109,-0.525391619194631,0.0174524064372835,0.857083747470284,-0.514987871063457,0.0139621803391453,5.72991593429738,5.74213323906134,0.0174532925199433,0.0139626340159546,0.887412587412587,0.0122173047639604,-0.00349065850398866,6
0.967367695909082,0.25017829669993,-0.0401317925325597,0.969220643205374,0.243451398428494,-0.0366437087065563,0.253072741539178,0.2460914245312,-0.0401425727958696,-0.0366519142918809,0.887762237762238,-0.00698131700797733,0.00349065850398865,29
-0.357107824027222,-0.906571025991966,0.224951054343865,-0.393878556312591,-0.897280396310612,0.199367934417197,4.33714319120591,4.29874594766203,0.226892802759263,0.200712863979348,0.888111888111888,-0.0383972435438755,-0.026179938779915,11
-0.574634694574262,-0.802641248387967,0.159881187691835,-0.602603575535349,-0.779677918852177,0.170209499166033,4.09105176667471,4.05439985238283,0.160570291183478,0.171042266695444,0.888461538461538,-0.0366519142918804,0.010471975511966,9
-0.880599276659475,-0.442895295663218,0.168489379565003,-0.849147450105964,-0.49819184995172,0.175366726091987,3.60759556387228,3.67217274619607,0.16929693744345,0.176278254451427,0.888811188811189,0.0645771823237906,0.00698131700797733,21
-0.996317841005509,0.0382746707026733,0.0767190281268186,-0.993964935613868,0.0642768290656921,0.0888942968664415,3.10319541004592,3.077015471266,0.0767944870877505,0.0890117918517108,0.889510489510489,-0.0261799387799146,0.0122173047639603,44
-0.696676442030867,0.708943097920126,0.109734311091045,-0.731365348807685,0.672524913260491,0.113203213767907,2.34746784393237,2.39808239224021,0.109955742875643,0.113446401379631,0.889510489510489,0.0506145483078355,0.00349065850398866,16
0.140129360246289,0.984600204531701,-0.104528463267653,0.0898777161545115,0.987589839174684,-0.128795596577563,1.42942465738336,1.48003920569119,-0.10471975511966,-0.12915436464758,0.88986013986014,0.0506145483078351,-0.0244346095279206,54
0.983573308408769,-0.0549902851687613,-0.17192910027941,0.981093190472678,-0.0651641378117054,-0.182235525492147,6.22733477111577,6.2168627956038,-0.172787595947439,-0.183259571459405,0.89020979020979,-0.0104719755119662,-0.010471975511966,9
0.562260446997181,-0.802991136648955,-0.197657340379126,0.562768568651464,-0.79777530148301,-0.216439613938103,5.32325421858271,5.32674487708669,-0.198967534727354,-0.218166156499291,0.890559440559441,0.00349065850398844,-0.0191986217719376,23
-0.964018261888228,-0.224334076805173,-0.142628933705512,-0.954922577519148,-0.266619174270572,-0.130526192220052,3.37023078560105,3.41386401690091,-0.143116998663535,-0.130899693899575,0.891258741258741,0.0436332312998582,0.0122173047639603,19
-0.994537103041502,0.0451616655822261,0.0941083133185143,-0.996310432740122,0.0417577793554036,0.0749787268263277,3.09621409303794,3.09970475154193,0.0942477796076938,0.0750491578357562,0.891608391608392,0.00349065850398844,-0.0191986217719376,21
-0.828949335825423,-0.55703083671282,0.0505929400767133,-0.849216683833123,-0.522441589675583,0.0767190281268186,3.73325927001587,3.69311669722,0.0506145483078356,0.0767944870877505,0.892307692307692,-0.0401425727958702,0.0261799387799149,27
0.257153447696178,0.95305304687631,-0.159881187691835,0.257153447696178,0.95305304687631,-0.159881187691835,1.30725160974375,1.30725160974375,-0.160570291183478,-0.160570291183478,0.892657342657343,0,0,45
0.940895039004416,-0.303900817106584,0.14953534344371,0.977577700335818,-0.174133110278911,0.118403968306501,5.9707713710726,6.10690705272816,0.150098315671512,0.118682389135614,0.893006993006993,0.136135681655556,-0.0314159265358979,51
0.701756445222178,-0.689614138093629,-0.17880221511635,0.722373534178829,-0.666587111880918,-0.18395135061272,5.50651379004211,5.53792971657801,-0.179768912955416,-0.185004900711399,0.893706293706294,0.0314159265358978,-0.00523598775598297,9
0.0355083301937441,-0.968364934413077,-0.246999012722743,0.171702638161281,-0.9448185893596,-0.278991106039229,4.74904089467657,4.89215789334011,-0.249582083035189,-0.282743338823081,0.894055944055944,0.143116998663535,-0.0331612557878923,74
-0.550878341163205,-0.819793456539421,0.156434465040231,-0.57355353870483,-0.804092405378103,0.156434465040231,4.12072236395861,4.0927970959267,0.15707963267949,0.15707963267949,0.894755244755245,-0.0279252680319084,0,13
-0.214708835802651,-0.976551788698959,-0.0157073173118207,-0.2418773123268,-0.970116912535223,-0.0191974423996897,4.49596815313739,4.46804288510548,-0.015707963267949,-0.0191986217719376,0.895454545454546,-0.0279252680319093,-0.00349065850398866,6
-0.847665421536927,-0.501307932835276,0.17364817766693,-0.845900450614872,-0.508268268392144,0.161603821103361,3.67566340470006,3.68264472170804,0.174532925199433,0.162315620435473,0.895454545454546,0.00698131700797777,-0.0122173047639603,94
0.480741428526361,-0.842829446168024,0.241921895599668,0.510113262458077,-0.832429187968984,0.216439613938103,5.23075176822701,5.2621676947629,0.244346095279206,0.218166156499291,0.896153846153846,0.0314159265358986,-0.026179938779915,5
-0.929699084692417,-0.307468575246434,0.202787295356512,-0.917469754879925,-0.359552465259547,0.170209499166033,3.46098790670476,3.51509311351658,0.204203522483337,0.171042266695444,0.896153846153846,0.0541052068118235,-0.0331612557878923,162
-0.933369678237493,-0.164578257248449,0.31895930929807,-0.92786374424613,-0.190463073537263,0.320612990585676,3.31612557878923,3.34405084682113,0.324631240870945,0.32637657012294,0.896503496503496,0.0279252680319084,0.00174532925199433,8
-0.951040016601655,-0.152331930016585,0.268919820615266,-0.9318328144864,-0.234060224963867,0.277314653302378,3.30041761552128,3.38768407812099,0.272271363311115,0.280998009571087,0.896853146853147,0.0872664625997168,0.00872664625997166,10
-0.776252616905406,-0.624123127861906,0.0888942968664415,-0.781277591941373,-0.619232988969304,0.0784590957278449,3.81878040336359,3.81179908635562,0.0890117918517108,0.0785398163397448,0.897202797202797,-0.00698131700797777,-0.010471975511966,132
-0.99452306678226,-0.0416828665261856,0.095845752520224,-0.99050900523338,-0.112854246039523,0.0784590957278449,3.18348055563766,3.25503905496943,0.0959931088596881,0.0785398163397448,0.897552447552448,0.0715584993317679,-0.0174532925199433,35
-0.156260803223779,0.986591883038473,0.0471064507096427,-0.216344350232264,0.975866300311914,0.0296662440851108,1.72787595947439,1.78896248329419,0.0471238898038469,0.0296705972839036,0.897902097902098,0.0610865238198013,-0.0174532925199433,37
0.60962855256809,-0.747478455472602,0.263873049965373,0.646648175169884,-0.728337368522735,0.226651307436855,5.39655804716647,5.43844594921433,0.267035375555132,0.228638132011257,0.898251748251748,0.0418879020478649,-0.0383972435438753,57
0.975516073500274,0.151017867038493,-0.159881187691835,0.968017583222184,0.179411454351332,-0.175366726091987,0.153588974175501,0.183259571459405,-0.160570291183478,-0.176278254451427,0.898951048951049,0.0296705972839035,-0.015707963267949,29
-0.0207486572736819,-0.990530553097767,0.135715572434304,0.00694173201213324,-0.994313712818907,0.106264071336233,4.69144502936076,4.71937029739267,0.136135681655558,0.106465084371654,0.898951048951049,0.0279252680319084,-0.0296705972839036,117
-0.859957643337339,-0.474722123573165,0.187381314585725,-0.863251888183139,-0.480479837162096,0.154710386299468,3.64599280741615,3.64948346592014,0.188495559215388,0.155334303427495,0.899300699300699,0.00349065850398844,-0.0331612557878923,47
0.267865385633166,-0.928041398360986,-0.258819045102521,0.30329342247885,-0.917074588991149,-0.258819045102521,4.99338698995578,5.03178423349965,-0.261799387799149,-0.261799387799149,0.89965034965035,0.0383972435438755,0,72
-0.128271771752961,0.961352213605322,-0.243615011786023,-0.200542763762374,0.943479524634489,-0.263873049965373,1.70344134994647,1.78023583703422,-0.2460914245312,-0.267035375555132,0.9,0.0767944870877506,-0.020943951023932,4
0.467719514964685,0.872293209070911,-0.142628933705512,0.362186914083928,0.919465047276314,-0.152985836284038,1.0786134777325,1.19555053761612,-0.143116998663535,-0.153588974175501,0.90034965034965,0.11693705988362,-0.010471975511966,124
0.819317863885956,0.538191242693156,0.197657340379126,0.800288630362444,0.579312354851571,0.154710386299468,0.581194640914112,0.626573201465964,0.198967534727354,0.155334303427495,0.900699300699301,0.0453785605518524,-0.0436332312998582,38
0.053664133287729,0.990879829114533,-0.123601476740493,0.00345408959601404,0.989519760539237,-0.144356201000973,1.51669111998307,1.56730566829091,-0.123918376891597,-0.144862327915529,0.901048951048951,0.0506145483078355,-0.020943951023932,29
0.990135991761085,-0.111061546275195,0.0854169231373675,0.997509353190006,-0.0104462753764491,0.0697564737441253,6.17148423505195,6.27271333166762,0.0855211333477222,0.0698131700797732,0.901748251748252,0.10122909661567,-0.015707963267949,78
0.965528403311365,-0.256907244007944,0.0418756537291996,0.970600365764129,-0.238402315686247,0.0331551783885263,6.02313124863243,6.04232987040437,0.0418879020478639,0.0331612557878923,0.902097902097902,0.0191986217719373,-0.00872664625997165,17
0.80804606473132,0.551211652719287,0.207911690817759,0.796482354207523,0.563940941649967,0.218143241396543,0.598647933434055,0.616101225953998,0.20943951023932,0.219911485751285,0.902447552447552,0.0174532925199431,0.010471975511966,10
-0.98063084796916,0.137818677908499,-0.139173100960065,-0.985783429129206,-0.0516627203746826,-0.159881187691835,3.00196631343025,3.19395253114962,-0.139626340159546,-0.160570291183478,0.903146853146853,0.191986217719376,-0.0209439510239319,21
-0.778377948426703,0.592965094527452,-0.20620418539663,-0.801325760687249,0.55901259358134,-0.213030386274977,2.49058484259591,2.53247274464377,-0.207694180987325,-0.214675497995303,0.903146853146853,0.0418879020478644,-0.00698131700797736,15
-0.662261606382336,-0.722731720976835,0.197657340379126,-0.669239987584072,-0.717672022182465,0.192521966525907,3.9706240482871,3.96189740202713,0.198967534727354,0.193731546971371,0.903846153846154,-0.00872664625997155,-0.005235987755983,115
-0.138013950801527,0.982020286799811,-0.128795596577563,-0.214488021165425,0.96749294100453,-0.133986185418292,1.71042266695444,1.78896248329419,-0.12915436464758,-0.134390352403563,0.903846153846154,0.0785398163397453,-0.00523598775598297,42
0.051800885511096,0.988419776982581,-0.142628933705512,-0.0413369764197321,0.986270378852941,-0.159881187691835,1.51843644923507,1.61268422884276,-0.143116998663535,-0.160570291183478,0.904195804195804,0.0942477796076941,-0.0174532925199433,34
-0.135648604991878,0.990258966219389,-0.0314107590781283,-0.120136106919913,0.992751293711987,-0.00349065141522373,1.70693200845045,1.69122404518251,-0.0314159265358979,-0.00349065850398866,0.904895104895105,-0.0157079632679489,0.0279252680319093,27
0.940237915211225,0.236171440340609,-0.245307385878803,0.949686745538412,0.208802172984006,-0.233445363855905,0.2460914245312,0.216420827247297,-0.247836753783195,-0.235619449019234,0.905594405594406,-0.0296705972839035,0.0122173047639603,85
0.995320262345197,0.0539046185552094,0.0801989243288589,0.994287005325414,0.0503684068178186,0.0941083133185143,0.0541052068118242,0.0506145483078356,0.0802851455917391,0.0942477796076938,0.905594405594406,-0.00349065850398844,0.0139626340159547,44
-0.528509979104013,0.826408021980445,-0.194234351219972,-0.559643113380479,0.80222958962326,-0.207911690817759,2.13977366294505,2.17991623574092,-0.195476876223365,-0.20943951023932,0.905944055944056,0.0401425727958693,-0.0139626340159546,77
0.268598767283285,0.96201268297503,-0.0488497697956133,0.241390022641344,0.96816250035569,-0.0662739004000001,1.29852496348378,1.32645023151569,-0.0488692190558412,-0.0663225115757845,0.906643356643357,0.0279252680319093,-0.0174532925199433,62
0.996903668236981,0.0784580202299736,-0.00523596383141958,0.998644822419446,0.0505891643084167,-0.0122170008352472,0.0785398163397448,0.0506145483078356,-0.00523598775598299,-0.0122173047639603,0.906643356643357,-0.0279252680319093,-0.00698131700797732,96
-0.183776269687219,0.981999812497805,-0.043619387365336,-0.222923427491516,0.973334797210904,-0.0540788129847753,1.7558012275063,1.79594380030217,-0.0436332312998582,-0.0541052068118242,0.906993006993007,0.0401425727958697,-0.010471975511966,43
-0.0346539964758611,-0.992360620348029,-0.118403968306501,-0.114604177585794,-0.975578866839585,-0.187381314585725,4.6774823953448,4.59545192050107,-0.118682389135614,-0.188495559215388,0.907342657342657,-0.0820304748437337,-0.0698131700797732,28
-0.977288255812221,-0.158286158238737,-0.140901231937583,-0.969412398668315,-0.197229181598913,-0.146083028562412,3.30216294477327,3.34230551756914,-0.141371669411541,-0.146607657167524,0.907692307692308,0.0401425727958697,-0.005235987755983,81
-0.85027506233422,0.484988333007772,-0.20449605184179,-0.865624622333607,0.462200503693794,-0.192521966525907,2.62322986574748,2.65115513377939,-0.205948851735331,-0.193731546971371,0.908391608391608,0.0279252680319089,0.0122173047639603,20
-0.913106301714561,0.348681390630824,-0.211324796455389,-0.926906613526027,0.310138614501326,-0.211324796455389,2.77681883992298,2.81870674197084,-0.212930168743308,-0.212930168743308,0.909440559440559,0.041887902047864,0,3
-0.388529156121744,0.893555884090586,-0.224951054343865,-0.506978124329227,0.827313107524039,-0.241921895599668,1.98094870101356,2.12057504117311,-0.226892802759263,-0.244346095279206,0.909440559440559,0.139626340159547,-0.0174532925199433,180
-0.410884878357179,0.889236350114537,0.201077921145965,-0.425977789953019,0.885116469969273,0.187381314585725,2.00363798128949,2.01934594455744,0.202458193231342,0.188495559215388,0.909440559440559,0.0157079632679489,-0.0139626340159546,251
-0.229548491496601,0.963543712976364,-0.137444546037147,-0.243152493021551,0.960929296240655,-0.132256390257122,1.80467044656214,1.81863308057809,-0.137881010907552,-0.132645023151569,0.90979020979021,0.0139626340159547,0.00523598775598302,158
-0.64125734950697,0.692494944322849,-0.330514392713223,-0.6492171035197,0.679366892081871,-0.342020143325669,2.31779724664847,2.33350520991642,-0.336848545634906,-0.349065850398866,0.91013986013986,0.0157079632679489,-0.0122173047639603,15
-0.0330822856775562,0.997252892951492,-0.0662739004000001,-0.0470185876834387,0.99702674399081,-0.0610485395348569,1.60395758258279,1.61792021659874,-0.0663225115757845,-0.0610865238198015,0.91048951048951,0.0139626340159547,0.00523598775598298,14
0.898407388036977,-0.401877045707418,0.177084740319583,0.923594139188608,-0.332514350577306,0.190808995376545,5.86256095744895,5.93761011528471,0.178023583703422,0.191986217719376,0.911188811188811,0.0750491578357559,0.0139626340159546,34
-0.798795587066493,-0.559322691552608,-0.221548497619467,-0.798597964972749,-0.565438877568828,-0.20620418539663,3.75245789178781,3.75769387954379,-0.223402144255274,-0.207694180987325,0.912237762237762,0.00523598775598311,0.015707963267949,26
-0.647875578391255,0.737461295396301,-0.190808995376545,-0.586577571767196,0.784094423613439,-0.202787295356512,2.29161730786856,2.21307749152881,-0.191986217719376,-0.204203522483337,0.912937062937063,-0.0785398163397453,-0.0122173047639603,42
-0.422888620721129,0.870904741079229,-0.250380004054441,-0.466758511076211,0.852551862928917,-0.23514211310259,2.02283660306143,2.07170582211727,-0.253072741539178,-0.237364778271229,0.913286713286713,0.0488692190558413,0.015707963267949,29
-0.0612331592772799,0.946898191823857,-0.315649036947102,-0.116356071744379,0.947644157284494,-0.297374874077786,1.63537350911869,1.6929693744345,-0.321140582366957,-0.301941960595019,0.913636363636364,0.0575958653158128,0.0191986217719375,9
-0.888654696610836,-0.420065150660297,0.18395135061272,-0.899904323434305,-0.391289536110082,0.192521966525907,3.58316095434436,3.55174502780846,0.185004900711399,0.193731546971371,0.914685314685315,-0.0314159265358982,0.00872664625997166,8
-0.890968908253843,0.387404307014204,-0.236838146065619,-0.875927497203455,0.410314422367758,-0.253757944584806,2.73144027937113,2.70351501133922,-0.239110107523223,-0.256563400043166,0.915384615384615,-0.0279252680319093,-0.0174532925199433,12
-0.288442014592106,-0.920419587861981,0.263873049965373,-0.292066886568058,-0.920711483398931,0.258819045102521,4.40870169053768,4.40521103203369,0.267035375555132,0.261799387799149,0.915734265734266,-0.00349065850398844,-0.00523598775598305,23
-0.54251758016758,-0.813470794371408,-0.209618562903822,-0.527637744648893,-0.821880252645289,-0.214735327167063,4.1242130224626,4.14166631498254,-0.211184839491314,-0.216420827247297,0.916083916083916,0.0174532925199431,-0.00523598775598297,19
-0.632723565713777,0.748727230161087,-0.197657340379126,-0.637079411140964,0.74592415211363,-0.194234351219972,2.27241868609662,2.2776546738526,-0.198967534727354,-0.195476876223365,0.916433566433566,0.00523598775598311,0.00349065850398866,7
0.0794698664944445,0.966610710861333,0.243615011786023,0.0810851465592133,0.965617256847381,0.246999012722743,1.48876585195116,1.48702052269917,0.2460914245312,0.249582083035189,0.916783216783217,-0.00174532925199422,0.00349065850398864,14
0.810011413624203,0.542255378488418,-0.223250116010951,0.815585269043639,0.531673348061309,-0.228350870110656,0.589921287174083,0.577703982410123,-0.225147473507269,-0.230383461263251,0.917482517482518,-0.0122173047639604,-0.00523598775598297,87
0.935577312543222,0.329468780759859,-0.12706460860135,0.937876568465894,0.333962823809751,-0.0941083133185143,0.3385938748869,0.342084533390889,-0.127409035395586,-0.0942477796076938,0.917482517482518,0.00349065850398889,0.0331612557878922,75
0.676856314777906,0.715755484521345,0.17192910027941,0.632274375558004,0.748195685392767,0.201077921145965,0.813323431429358,0.869173967493176,0.172787595947439,0.202458193231342,0.917832167832168,0.0558505360638186,0.0296705972839036,65
0.484866763281961,0.853519858672233,-0.190808995376545,0.444163670286887,0.879294614150681,-0.17192910027941,1.05417886820457,1.10304808726042,-0.191986217719376,-0.172787595947439,0.918181818181818,0.0488692190558417,0.0191986217719376,67
0.352228622537658,-0.927248393207672,-0.12706460860135,0.418160412241155,-0.90084949283385,-0.116670737099333,5.07541746479951,5.14697596413128,-0.127409035395586,-0.11693705988362,0.919230769230769,0.0715584993317666,0.010471975511966,22
-0.421499717765686,-0.875811723242556,-0.23514211310259,-0.403235235351102,-0.884818968527193,-0.233445363855905,4.26383936262215,4.28478331364608,-0.237364778271229,-0.235619449019234,0.91958041958042,0.0209439510239315,0.00174532925199433,102
-0.23247087971218,-0.939371241161209,0.252069358243114,-0.149438757721815,-0.954295949683734,0.258819045102521,4.46978821435748,4.55705467695719,0.254818070791172,0.261799387799149,0.91993006993007,0.0872664625997155,0.00698131700797733,32
-0.878226503135061,-0.409523744006563,-0.246999012722743,-0.859530793708071,-0.443636923877701,-0.253757944584806,3.57792496658838,3.61806753938425,-0.249582083035189,-0.256563400043166,0.920629370629371,0.0401425727958702,-0.0069813170079773,25
-0.767941927887024,0.63304247335211,0.0975828997591495,-0.779400302567409,0.617745067746181,0.104528463267653,2.45218759905203,2.47138622082397,0.0977384381116825,0.10471975511966,0.920979020979021,0.0191986217719378,0.00698131700797731,7
-0.957034833677954,0.192972072190087,-0.216439613938103,-0.945044718546394,0.235626112272668,-0.226651307436855,2.94262511886244,2.89724655831059,-0.218166156499291,-0.228638132011257,0.921328671328671,-0.0453785605518524,-0.010471975511966,13
-0.105584518235207,0.941307186723202,-0.320612990585676,-0.16551982243137,0.938709559741378,-0.302369890750444,1.68249739892253,1.74532925199433,-0.32637657012294,-0.307177948351002,0.922027972027972,0.062831853071796,0.0191986217719377,12
-0.878519952320265,0.394822521464333,-0.268919820615266,-0.881428036544212,0.39059514187858,-0.265556117486809,2.71922297460717,2.72445896236315,-0.272271363311115,-0.268780704807127,0.922377622377622,0.00523598775598311,0.00349065850398866,114
-0.260147496267277,0.964149484193195,0.0523359562429438,-0.27482498423389,0.958428619545618,0.0767190281268186,1.83434104384604,1.85004900711399,0.0523598775598299,0.0767944870877505,0.923076923076923,0.0157079632679489,0.0244346095279206,17
0.53873926291698,0.823279888289004,0.17880221511635,0.546623190451706,0.81653597323796,0.185666615385577,0.991347015132779,0.980875039620813,0.179768912955416,0.186750229963393,0.923076923076923,-0.0104719755119658,0.0069813170079773,20
-0.746403315481733,0.613102595435785,0.258819045102521,-0.77355433240845,0.585034546710374,0.243615011786023,2.45393292830403,2.4940755010999,0.261799387799149,0.2460914245312,0.923426573426573,0.0401425727958693,-0.0157079632679489,35
0.849028245483859,-0.476452430459019,0.228350870110656,0.872097023722327,-0.440527905742864,0.213030386274977,5.77180383634525,5.81543706764511,0.230383461263251,0.214675497995303,0.924125874125874,0.0436332312998582,-0.0157079632679489,101
-0.576541981157498,-0.762325147886562,0.294040325232304,-0.566145018478489,-0.770713049279375,0.292371704722737,4.06487182789479,4.07883446191075,0.29845130209103,0.296705972839036,0.924475524475525,0.0139626340159547,-0.00174532925199433,56
-0.6610710883987,-0.721432498580616,0.20620418539663,-0.651941951274266,-0.73688632775903,0.17880221511635,3.9706240482871,3.98807734080704,0.207694180987325,0.179768912955416,0.925174825174825,0.0174532925199431,-0.0279252680319093,8
-0.94618275994691,0.273101620596074,-0.17364817766693,-0.974236849611881,0.135186534301034,-0.18051914525056,2.86059464401871,3.00371164268224,-0.174532925199433,-0.18151424220741,0.925524475524475,0.143116998663535,-0.00698131700797733,22
0.0848845979673223,0.990135991761085,-0.111468932206325,0.0658076971848881,0.990782441952064,-0.118403968306501,1.48527519344717,1.50447381521911,-0.111701072127637,-0.118682389135614,0.926223776223776,0.0191986217719378,-0.00698131700797731,17
0.262906838763299,0.954477258487577,-0.140901231937583,0.247159182051261,0.955693645762071,-0.159881187691835,1.30201562198777,1.31772358525572,-0.141371669411541,-0.160570291183478,0.927972027972028,0.0157079632679489,-0.0191986217719376,45
-0.492619732227878,-0.85669197108191,0.152985836284038,-0.506418516078278,-0.849524964056144,0.147809411129611,4.19053553403839,4.17482757077044,0.153588974175501,0.148352986419518,0.928321678321678,-0.0157079632679498,-0.005235987755983,44
-0.640302992358168,0.741798156308976,-0.199367934417197,-0.670324141070486,0.713822708198685,-0.202787295356512,2.28289066160858,2.32477856365645,-0.200712863979348,-0.204203522483337,0.928671328671329,0.041887902047864,-0.00349065850398869,32
-0.945449962014634,0.323699873244886,0.0366437087065563,-0.954388552627012,0.297258932087007,0.0279216387235689,2.81172542496286,2.83965069299477,0.0366519142918809,0.0279252680319093,0.929020979020979,0.0279252680319089,-0.00872664625997165,123
0.207037810552413,0.96574510257585,-0.156434465040231,0.206743770406966,0.964373527839483,-0.165047605860678,1.35961148730358,1.35961148730358,-0.15707963267949,-0.165806278939461,0.929370629370629,0,-0.00872664625997166,13
0.591259014798865,0.79613093880423,-0.128795596577563,0.527091297824222,0.84025552601513,-0.12706460860135,0.932005820564972,1.01054563690472,-0.12915436464758,-0.127409035395586,0.93006993006993,0.0785398163397448,0.00174532925199436,7
0.928571465703754,0.261009667604008,-0.263873049965373,0.922888545801417,0.308794187847229,-0.230049737188104,0.27401669256311,0.322885911618951,-0.267035375555132,-0.232128790515246,0.930769230769231,0.0488692190558413,0.0349065850398866,72
0.838342048328897,-0.495794105290566,0.226651307436855,0.899520787426554,-0.39861274547736,0.17880221511635,5.74911455606932,5.86605161595294,0.228638132011257,0.179768912955416,0.931118881118881,0.116937059883621,-0.0488692190558412,111
0.76446262940561,-0.601572769886008,0.231747903494157,0.779295295506666,-0.576648184627755,0.245307385878803,5.61646953291775,5.64614013020166,0.23387411976724,0.247836753783195,0.932167832167832,0.0296705972839035,0.0139626340159546,68
0.542471310258138,-0.810333968650813,-0.221548497619467,0.626984508339656,-0.760593028679517,-0.168489379565003,5.30231026755877,5.40179403492245,-0.223402144255274,-0.16929693744345,0.932517482517483,0.0994837673636777,0.0541052068118242,128
-0.420994216828301,-0.890620151284619,0.17192910027941,-0.454162762665623,-0.87243854981651,0.18051914525056,4.27082067963012,4.23242343608625,0.172787595947439,0.18151424220741,0.933216783216783,-0.0383972435438746,0.00872664625997166,71
-0.478865126187384,-0.853327618706,-0.20620418539663,-0.513098951570213,-0.834030442333815,-0.202787295356512,4.20100750955035,4.16086493675448,-0.207694180987325,-0.204203522483337,0.933216783216783,-0.0401425727958689,0.00349065850398864,10
-0.615487091821446,-0.757356696698582,-0.218143241396543,-0.628572340744547,-0.751764084788001,-0.199367934417197,4.02996524285491,4.01600260883895,-0.219911485751285,-0.200712863979348,0.933916083916084,-0.0139626340159547,0.0191986217719376,11
-0.842991863317442,0.532917333985376,-0.0732381971276317,-0.852272084509926,0.518189549700687,-0.0714974443326859,2.57785130519562,2.59530459771557,-0.0733038285837618,-0.0715584993317675,0.934965034965035,0.0174532925199431,0.00174532925199435,66
-0.713740336316098,0.665573631199729,-0.218143241396543,-0.714206479022922,0.668342602370207,-0.207911690817759,2.39110107523223,2.38935574598024,-0.219911485751285,-0.20943951023932,0.934965034965035,-0.00174532925199422,0.010471975511966,10
0.832162962717939,0.526071587201095,-0.175366726091987,0.828050000357841,0.533641810004138,-0.17192910027941,0.563741348394168,0.57246799465414,-0.176278254451427,-0.172787595947439,0.935664335664336,0.00872664625997155,0.00349065850398866,167
0.926773567458346,-0.324551487596324,0.189095442989891,0.925537299122571,-0.318688049217438,0.20449605184179,5.94633676154468,5.95157274930066,0.190240888467382,0.205948851735331,0.935664335664336,0.00523598775598355,0.015707963267949,145
-0.479081201651665,-0.850232161504731,-0.218143241396543,-0.528039475969074,-0.822506013486463,-0.211324796455389,4.19926218029836,4.14166631498254,-0.219911485751285,-0.212930168743308,0.936713286713287,-0.0575958653158128,0.00698131700797733,468
-0.956387207529433,0.267028106317156,0.118403968306501,-0.975280877209257,0.209082103499647,0.0714974443326859,2.86932129027868,2.93040781409848,0.118682389135614,0.0715584993317675,0.937762237762238,0.0610865238198017,-0.0471238898038469,46
-0.981161661368551,0.0772190974205834,-0.177084740319583,-0.982502720102326,0.0291599999877543,-0.18395135061272,3.06305283725005,3.11192205630589,-0.178023583703422,-0.185004900711399,0.938111888111888,0.0488692190558413,-0.0069813170079773,5
-0.206919411478385,0.973479293476772,-0.0975828997591495,-0.29776230261407,0.950160663107426,-0.0923705874465616,1.78023583703422,1.87448361664191,-0.0977384381116825,-0.0925024503556995,0.938461538461538,0.0942477796076941,0.005235987755983,122
0.994935335285151,-0.0469199593525524,0.0888942968664415,0.993568132536494,-0.079940593845918,0.0801989243288589,6.23606141737574,6.20290016158785,0.0890117918517108,0.0802851455917391,0.938811188811189,-0.0331612557878929,-0.00872664625997166,36
0.672567557551891,-0.71122025091374,0.20449605184179,0.675775227695928,-0.709633897413826,0.199367934417197,5.46986187575023,5.47335253425422,0.205948851735331,0.200712863979348,0.939160839160839,0.00349065850398933,-0.00523598775598302,77
-0.0711314280971504,-0.992334593137079,-0.101056297182946,-0.0832494720877186,-0.991391522152973,-0.101056297182946,4.64083048105292,4.62861317628896,-0.101229096615671,-0.101229096615671,0.93951048951049,-0.0122173047639595,0,55
-0.199357671655895,-0.971194847544237,-0.130526192220052,-0.17398390707725,-0.976740078343492,-0.125333233564304,4.50993078715335,4.53611072593326,-0.130899693899575,-0.125663706143592,0.93986013986014,0.0261799387799142,0.00523598775598297,78
-0.464706528566385,-0.859456745177623,-0.213030386274977,-0.477409486881916,-0.850733699971264,-0.219846204352837,4.2167154728183,4.20100750955035,-0.214675497995303,-0.22165681500328,0.94020979020979,-0.0157079632679489,-0.00698131700797727,180
0.0329219485549254,-0.992419591499795,0.118403968306501,0.0567068598088944,-0.983475834236778,0.17192910027941,4.74555023617258,4.7699848457005,0.118682389135614,0.172787595947439,0.940559440559441,0.0244346095279209,0.0541052068118242,5
-0.317635807606403,-0.917277483280697,-0.240228042477264,-0.322294526701755,-0.915204913933243,-0.241921895599668,4.37903109325377,4.37379510549779,-0.242600766027212,-0.244346095279206,0.940909090909091,-0.00523598775598355,-0.00174532925199436,7
-0.860568074394129,0.45180833987348,-0.23514211310259,-0.858936073510215,0.462489424802887,-0.219846204352837,2.65813645078736,2.6476644752754,-0.237364778271229,-0.22165681500328,0.941258741258741,-0.0104719755119662,0.015707963267949,8
-0.820153944359381,0.518479800938487,-0.241921895599668,-0.831281229143126,0.51340975117135,-0.213030386274977,2.57785130519562,2.58832328070759,-0.244346095279206,-0.214675497995303,0.941608391608392,0.0104719755119662,0.0296705972839036,1
0.230743230583206,0.95377819955429,0.192521966525907,0.312395700407954,0.922933339692639,0.224951054343865,1.33343154852367,1.24441975667196,0.193731546971371,0.226892802759263,0.942307692307692,-0.089011791851711,0.0331612557878923,6
0.804901202276318,0.553193269880059,-0.214735327167063,0.808743573613905,0.547560564143058,-0.214735327167063,0.602138591938044,0.595157274930066,-0.216420827247297,-0.216420827247297,0.943006993006993,-0.00698131700797733,0,11
0.883112464675147,0.457762022361214,0.102792536787247,0.876967274197342,0.46825691575669,0.107999355706023,0.478220215046446,0.490437519810407,0.102974425867665,0.108210413623648,0.943356643356643,0.0122173047639604,0.00523598775598298,8
0.591744985574773,-0.762873038600765,0.260504508642648,0.538086809884053,-0.803784480186635,0.253757944584806,5.37212343763855,5.30231026755877,0.263544717051144,0.256563400043166,0.943706293706294,-0.0698131700797733,-0.00698131700797733,54
0.126006308109454,-0.983633114844582,0.128795596577563,0.177652848672236,-0.977560482912059,0.113203213767907,4.83979801578028,4.89215789334011,0.12915436464758,0.113446401379631,0.944055944055944,0.0523598775598302,-0.015707963267949,9
-0.0849332877465932,-0.990703933461255,-0.106264071336233,-0.0380234881741736,-0.989779374967832,-0.137444546037147,4.62686784703697,4.67399173684082,-0.106465084371654,-0.137881010907552,0.944405594405594,0.0471238898038466,-0.031415926535898,6
-0.495591983063247,-0.83800027830732,-0.228350870110656,-0.474436963546164,-0.85239498711146,-0.219846204352837,4.17831822927443,4.20449816805434,-0.230383461263251,-0.22165681500328,0.944755244755245,0.0261799387799151,0.00872664625997166,29
-0.605818092370237,-0.761617723911787,-0.230049737188104,-0.518265123468574,-0.839142746852859,-0.165047605860678,4.04043721836687,4.15911960750249,-0.232128790515246,-0.165806278939461,0.945104895104895,0.118682389135614,0.0663225115757845,63
-0.553510721919408,-0.79049523421959,-0.262189178640865,-0.533110646409918,-0.796351175935517,-0.285688367404974,4.10152374218667,4.12246769321061,-0.265290046303138,-0.289724655831059,0.945804195804196,0.0209439510239324,-0.0244346095279206,15
-0.899885947269608,-0.413901290975667,0.137444546037147,-0.874622870094108,-0.474881472351724,0.0975828997591495,3.57268897883239,3.63901149040818,0.137881010907552,0.0977384381116825,0.945804195804196,0.0663225115757848,-0.0401425727958696,337
-0.962496707454427,0.209858220273833,-0.17192910027941,-0.975217513304011,0.105942524754214,-0.194234351219972,2.92691715559449,3.03338223996614,-0.172787595947439,-0.195476876223365,0.946153846153846,0.106465084371654,-0.0226892802759263,55
-0.95185935174378,0.292830172462818,0.0906325801977802,-0.984945468305837,0.147201086512593,0.0906325801977802,2.84314135149876,2.99323966717028,0.0907571211037051,0.0907571211037051,0.946503496503497,0.150098315671512,0,148
0.132987472710027,0.983596561218164,-0.121869343405147,0.064117485261985,0.991500872655338,-0.113203213767907,1.43640597439133,1.50621914447111,-0.122173047639603,-0.113446401379631,0.946853146853147,0.0698131700797733,0.00872664625997166,9
-0.651451441617709,0.723510123864148,-0.228350870110656,-0.674243725498562,0.705555756024164,-0.218143241396543,2.30383461263251,2.33350520991642,-0.230383461263251,-0.219911485751285,0.947202797202797,0.029670597283904,0.010471975511966,24
0.966288081510897,-0.0726555658155698,-0.246999012722743,0.968381069303166,-0.0609253727499422,-0.241921895599668,6.20813614934383,6.22035345410779,-0.249582083035189,-0.244346095279206,0.947902097902098,0.0122173047639604,0.00523598775598297,65
-0.266526254431993,-0.94188381474552,-0.20449605184179,-0.320321635998033,-0.930281579620402,-0.17880221511635,4.43662695856959,4.38077642250577,-0.205948851735331,-0.179768912955416,0.949300699300699,-0.0558505360638186,0.026179938779915,5
-0.861022398884175,-0.499117227006178,0.0975828997591495,-0.840298286029424,-0.533269508007544,0.0975828997591495,3.66693675844009,3.70707933123596,0.0977384381116825,0.0977384381116825,0.949300699300699,0.0401425727958697,0,3
-0.920113855612323,-0.368019285944745,-0.133986185418292,-0.913837951546599,-0.387901196528104,-0.120136838834647,3.52207443052456,3.54301838154849,-0.134390352403563,-0.120427718387609,0.949300699300699,0.0209439510239315,0.0139626340159546,126
-0.652995477701251,0.727775352830701,-0.209618562903822,-0.661568184267221,0.71693457441877,-0.219846204352837,2.30208928338052,2.31605191739648,-0.211184839491314,-0.22165681500328,0.95,0.0139626340159542,-0.0104719755119659,182
0.688223938685314,-0.705249272678903,0.170209499166033,0.685131548771025,-0.709474487686679,0.165047605860678,5.48556983901818,5.48033385126219,0.171042266695444,0.165806278939461,0.950699300699301,-0.00523598775598266,-0.005235987755983,8
0.31808486139245,-0.939741241788005,0.125333233564304,0.329541942147079,-0.935785065562732,0.125333233564304,5.03876555050763,5.05098285527159,0.125663706143592,0.125663706143592,0.951048951048951,0.0122173047639604,0,52
-0.9774020137808,-0.0273013102867355,-0.209618562903822,-0.981255299374449,-0.00856328526662204,-0.192521966525907,3.1695179216217,3.15031929984976,-0.211184839491314,-0.193731546971371,0.951748251748252,-0.0191986217719378,0.0174532925199433,21
-0.227975424652225,0.964403913239516,-0.133986185418292,-0.227522839441275,0.962489343065209,-0.147809411129611,1.80292511731014,1.80292511731014,-0.134390352403563,-0.148352986419518,0.952447552447552,0,-0.0139626340159546,97
-0.401754348042918,0.910899044457153,-0.0941083133185143,-0.470375234886159,0.877246105793365,-0.095845752520224,1.98618468876955,2.0629791758573,-0.0942477796076938,-0.0959931088596881,0.952797202797203,0.0767944870877502,-0.00174532925199432,21
0.755988845153191,0.612187696078587,-0.231747903494157,0.747096892017142,0.613672305624864,-0.255445757935791,0.680678408277789,0.687659725285766,-0.23387411976724,-0.258308729295161,0.953496503496504,0.00698131700797733,-0.0244346095279206,45
0.732123850653097,0.63867234155949,0.236838146065619,0.713919965330049,0.656483060813939,0.243615011786023,0.717330322569669,0.743510261349584,0.239110107523223,0.2460914245312,0.954195804195804,0.0261799387799151,0.00698131700797736,34
0.954160305184287,0.166527631438632,-0.248689887164855,0.944931362105864,0.168317911739452,-0.280666708920788,0.172787595947439,0.176278254451427,-0.251327412287183,-0.284488668075076,0.954545454545455,0.00349065850398844,-0.0331612557878923,36
-0.985135678490696,-0.117470317650854,-0.125333233564304,-0.984054781721139,-0.129553269776408,-0.121869343405147,3.26027504272541,3.27249234748937,-0.125663706143592,-0.122173047639603,0.955594405594406,0.01221730476396,0.00349065850398866,18
-0.911046481452751,0.357035211929405,-0.20620418539663,-0.885858592980187,0.424432322269746,-0.187381314585725,2.76809219366301,2.69478836507925,-0.207694180987325,-0.188495559215388,0.955944055944056,-0.0733038285837613,0.0191986217719376,46
0.0313732589457878,0.998313286806319,-0.0488497697956133,-0.0662374640660825,0.997252892951492,-0.0331551783885263,1.539380400259,1.63711883837068,-0.0488692190558412,-0.0331612557878923,0.956293706293706,0.0977384381116826,0.015707963267949,18
0.558243845486716,0.806206498071489,-0.195946144242518,0.510146318322403,0.839043292889321,-0.189095442989891,0.965167076352864,1.02450827092067,-0.197222205475359,-0.190240888467382,0.956643356643357,0.0593411945678071,0.00698131700797733,15
-0.988907538761555,0.0708857737850016,-0.130526192220052,-0.991008486950888,0.0294124452544443,-0.130526192220052,3.07003415425803,3.11192205630589,-0.130899693899575,-0.130899693899575,0.956993006993007,0.041887902047864,0,6
-0.80765424702489,0.584644172113204,-0.0767190281268186,-0.851843921827541,0.515895016696389,-0.0906325801977802,2.51501945212383,2.59704992696756,-0.0767944870877505,-0.0907571211037051,0.957692307692308,0.0820304748437337,-0.0139626340159546,25
0.100919370432784,-0.9601836707882,0.260504508642648,0.0829513021431031,-0.967585071757709,0.238533457578581,4.81710873550435,4.79791011373241,0.263544717051144,0.240855436775218,0.958741258741259,-0.0191986217719391,-0.0226892802759262,8
-0.801144032384602,-0.579931562648608,-0.147809411129611,-0.760134573385535,-0.626606586959556,-0.17192910027941,3.76816585505576,3.83099770812755,-0.148352986419518,-0.172787595947439,0.959090909090909,0.062831853071796,-0.0244346095279206,31
-0.897255615332676,0.435683917775118,-0.0714974443326859,-0.90510203338085,0.418215853230274,-0.0767190281268186,2.68955237732326,2.7087509990952,-0.0715584993317675,-0.0767944870877505,0.959440559440559,0.0191986217719378,-0.005235987755983,51
-0.464638165775448,-0.877548787928113,0.118403968306501,-0.499031052405879,-0.860873739897752,0.099319749743639,4.22544211907827,4.1870448755344,0.118682389135614,0.0994837673636768,0.95979020979021,-0.0383972435438755,-0.0191986217719376,29
0.480936440351675,0.850052280514742,-0.214735327167063,0.459847018940558,0.861216937066269,-0.216439613938103,1.05592419745657,1.08035880698449,-0.216420827247297,-0.218166156499291,0.96013986013986,0.0244346095279204,-0.00174532925199433,176
0.843503122873812,0.514876505191877,-0.152985836284038,0.824405646273081,0.547733801826299,-0.142628933705512,0.548033385126219,0.586430628670095,-0.153588974175501,-0.143116998663535,0.96048951048951,0.0383972435438755,0.010471975511966,23
-0.431204271809146,-0.891988878502627,-0.135715572434304,-0.429476363717785,-0.896386319606186,-0.109734311091045,4.26209403337015,4.26558469187414,-0.136135681655558,-0.109955742875643,0.960839160839161,0.00349065850398844,0.026179938779915,56
-0.675143697147415,-0.734213254889895,0.0714974443326859,-0.661238895094749,-0.747394611169642,0.064532308252958,3.96887871903511,3.98807734080704,0.0715584993317675,0.0645771823237902,0.961188811188811,0.0191986217719373,-0.0069813170079773,9
-0.735689655891352,-0.650883225439548,-0.187381314585725,-0.71276213924145,-0.676386014636033,-0.185666615385577,3.86590429316744,3.90081087820733,-0.188495559215388,-0.186750229963393,0.961538461538462,0.0349065850398866,0.00174532925199436,65
-0.824000789920062,0.553705551864826,-0.120136838834647,-0.83187267550889,0.540224432049002,-0.12706460860135,2.54992603716372,2.56563400043166,-0.120427718387609,-0.127409035395586,0.961888111888112,0.0157079632679489,-0.00698131700797729,16
-0.179007633320779,0.965838759916488,0.187381314585725,-0.19033503924645,0.961262190851837,0.199367934417197,1.7540558982543,1.76627320301826,0.188495559215388,0.200712863979348,0.962237762237762,0.0122173047639604,0.0122173047639603,27
0.468474610570326,0.855686382784389,-0.219846204352837,0.475171831134062,0.853715283581263,-0.213030386274977,1.06988683147252,1.06290551446455,-0.22165681500328,-0.214675497995303,0.962587412587413,-0.00698131700797733,0.00698131700797727,48
-0.982107371716678,0.11884805082875,-0.146083028562412,-0.990412912347086,0.0138296717533634,-0.137444546037147,3.02116493520218,3.12763001957384,-0.146607657167524,-0.137881010907552,0.962937062937063,0.106465084371654,0.00872664625997163,23
0.448404894113993,0.865060734332684,-0.224951054343865,0.482953883313566,0.846708292325901,-0.223250116010951,1.09257611174845,1.05243353895258,-0.226892802759263,-0.225147473507269,0.963286713286713,-0.0401425727958697,0.0017453292519943,43
-0.578826957378915,-0.808496939112645,0.106264071336233,-0.536106870553461,-0.838286950069149,0.099319749743639,4.09105176667471,4.14341164423454,0.106465084371654,0.0994837673636768,0.963636363636364,0.0523598775598311,-0.0069813170079773,39
-0.0173630624870927,-0.994729183678021,0.101056297182946,-0.0468219727554587,-0.992857534511705,0.109734311091045,4.69493568786475,4.66526509058084,0.101229096615671,0.109955742875643,0.963986013986014,-0.0296705972839035,0.00872664625997163,133
-0.985108111986875,-0.0481798245878216,-0.165047605860678,-0.974069464027559,-0.138630613929791,-0.17880221511635,3.19046187264563,3.28296432300133,-0.165806278939461,-0.179768912955416,0.964685314685315,0.092502450355699,-0.0139626340159546,9
-0.623986728676782,0.746279754288773,-0.231747903494157,-0.658300768682561,0.71339371006443,-0.240228042477264,2.26718269834063,2.31605191739648,-0.23387411976724,-0.242600766027212,0.964685314685315,0.0488692190558409,-0.0087266462599716,25
0.346602489173141,0.92212097849257,-0.17192910027941,0.345493972140476,0.919171816721473,-0.189095442989891,1.21125850088406,1.21125850088406,-0.172787595947439,-0.190240888467382,0.965034965034965,0,-0.0174532925199433,26
0.863873060115684,-0.492744494006039,0.104528463267653,0.85644817269722,-0.508521711894599,0.0888942968664415,5.76482251933727,5.74736922681733,0.10471975511966,0.0890117918517108,0.965384615384615,-0.017453292519944,-0.015707963267949,94
-0.225009749515846,-0.966921792379112,0.120136838834647,-0.231448206406477,-0.964051160932738,0.130526192220052,4.48375084837343,4.47676953136546,0.120427718387609,0.130899693899575,0.965734265734266,-0.00698131700797688,0.010471975511966,62
-0.98397975760843,0.0206114376694474,-0.177084740319583,-0.98323094633544,-0.00686435844895242,-0.182235525492147,3.12064870256586,3.14857397059777,-0.178023583703422,-0.183259571459405,0.966083916083916,0.0279252680319093,-0.005235987755983,37
-0.932197969023593,-0.313719276975924,-0.18051914525056,-0.926555643169547,-0.328110561729463,-0.18395135061272,3.46622389446074,3.48193185772869,-0.18151424220741,-0.185004900711399,0.966433566433566,0.0157079632679493,-0.00349065850398864,10
0.175225449800684,0.983710059402806,0.0401317925325597,0.183803158505962,0.982143491630096,0.0401317925325597,1.39451807234347,1.3857914260835,0.0401425727958696,0.0401425727958696,0.966783216783217,-0.00872664625997199,0,20
0.972754394365658,0.121162964789382,-0.197657340379126,0.959891710192954,0.200531826050968,-0.195946144242518,0.123918376891597,0.205948851735331,-0.198967534727354,-0.197222205475359,0.967132867132867,0.0820304748437337,0.00174532925199433,250
0.718955518934518,-0.658801354731573,-0.221548497619467,0.71866933727916,-0.658539117559337,-0.223250116010951,5.541420375082,5.541420375082,-0.223402144255274,-0.225147473507269,0.967832167832168,0,-0.00174532925199433,26
-0.666386948780866,-0.704684440389472,-0.243615011786023,-0.647995074441534,-0.722202312325968,-0.241921895599668,3.95491608501915,3.98109602379907,-0.2460914245312,-0.244346095279206,0.967832167832168,0.0261799387799151,0.00174532925199433,9
-0.979194983389745,-0.0856684604280579,-0.18395135061272,-0.977103486540552,-0.0975278936035962,-0.189095442989891,3.22885911618951,3.24107642095347,-0.185004900711399,-0.190240888467382,0.968181818181818,0.01221730476396,-0.005235987755983,6
-0.844851620635773,-0.513677836946738,-0.14953534344371,-0.828517099772801,-0.540103502456321,-0.147809411129611,3.68788070946402,3.71929663599992,-0.150098315671512,-0.148352986419518,0.968531468531469,0.0314159265358973,0.00174532925199433,9
0.965062634753781,-0.147675334841047,-0.216439613938103,0.962738933862481,-0.142164917068231,-0.230049737188104,6.13134166225608,6.13657765001206,-0.218166156499291,-0.232128790515246,0.96993006993007,0.00523598775598355,-0.0139626340159547,7
0.0608432569110769,-0.994778457191317,-0.0819385086300409,0.107797915137322,-0.992296672025412,-0.0610485395348569,4.77347550420449,4.82059939400834,-0.0820304748437335,-0.0610865238198015,0.97027972027972,0.0471238898038466,0.020943951023932,11
-0.811986434712983,-0.581325190858125,0.0523359562429438,-0.795127888304605,-0.603534916383077,0.0593063735759616,3.76292986729977,3.79085513533168,0.0523598775598299,0.0593411945678072,0.971328671328671,0.0279252680319089,0.00698131700797732,77
-0.932272165912588,-0.288586442678207,-0.218143241396543,-0.885932446477268,-0.405611542523616,-0.224951054343865,3.44178928493282,3.5709436495804,-0.219911485751285,-0.226892802759263,0.971328671328671,0.129154364647581,-0.00698131700797733,121
-0.962384789252583,0.204561201807058,-0.17880221511635,-0.977560704288493,0.128698308262874,-0.166768746716102,2.93215314335047,3.01069295969022,-0.179768912955416,-0.167551608191456,0.973776223776224,0.0785398163397448,0.0122173047639603,52
-0.897122967436936,-0.406953026496006,-0.17192910027941,-0.880573193558543,-0.446740278627789,-0.158158067254484,3.56745299107641,3.61108622237627,-0.172787595947439,-0.158824961931484,0.974475524475524,0.0436332312998582,0.0139626340159546,77
-0.604350039981159,0.773532776589438,-0.190808995376545,-0.642059447005936,0.743833028603662,-0.185666615385577,2.23402144255274,2.28289066160858,-0.191986217719376,-0.186750229963393,0.974475524475524,0.0488692190558413,0.005235987755983,23
-0.0538388092985258,-0.994105129238181,-0.0941083133185143,-0.0468652990724176,-0.993776266844064,-0.101056297182946,4.65828377357287,4.66526509058084,-0.0942477796076938,-0.101229096615671,0.974825174825175,0.00698131700797777,-0.00698131700797731,35
0.234775471097516,-0.970445484172727,0.0558215049931638,0.221815032045014,-0.968495288554099,0.113203213767907,4.94975375865592,4.93753645389196,0.0558505360638185,0.113446401379631,0.975524475524476,-0.0122173047639613,0.0575958653158129,6
-0.959476390673299,0.280570531449448,-0.0261769483078731,-0.959331686002946,0.280528216842587,-0.0314107590781283,2.85710398551472,2.85710398551472,-0.0261799387799149,-0.0314159265358979,0.975874125874126,0,-0.00523598775598299,43
0.493705023757213,0.834809604370593,-0.243615011786023,0.494134892074782,0.835536471999748,-0.240228042477264,1.03672557568463,1.03672557568463,-0.2460914245312,-0.242600766027212,0.976223776223776,0,0.00349065850398869,13
0.925826409079041,-0.324219797449144,-0.194234351219972,0.914735323857347,-0.347475353388562,-0.20620418539663,5.94633676154468,5.92015682276477,-0.195476876223365,-0.207694180987325,0.976573426573427,-0.0261799387799151,-0.0122173047639603,13
-0.581619481934648,-0.803475801424696,0.12706460860135,-0.480091486348675,-0.866107968272247,0.139173100960065,4.08581577891873,4.20624349730633,0.127409035395586,0.139626340159546,0.976923076923077,0.120427718387608,0.0122173047639603,113
-0.793956177324467,-0.581088079689995,-0.17880221511635,-0.766027889700163,-0.62475710196816,-0.151260820247219,3.77340184281174,3.82576172037157,-0.179768912955416,-0.151843644923507,0.977272727272727,0.0523598775598297,0.0279252680319093,28
-0.953077741096521,-0.202582927651708,-0.224951054343865,-0.955700876774367,-0.206629843485503,-0.209618562903822,3.35103216382911,3.3545228223331,-0.226892802759263,-0.211184839491314,0.977622377622378,0.00349065850398844,0.0157079632679489,96
-0.895150847919702,-0.381814192884867,-0.230049737188104,-0.879421405815702,-0.421348138948889,-0.221548497619467,3.54476371080048,3.58839694210034,-0.232128790515246,-0.223402144255274,0.977972027972028,0.0436332312998582,0.00872664625997166,4
-0.0154781145430544,0.985286331156502,-0.170209499166033,-0.135752375599281,0.978314648089626,-0.156434465040231,1.58650429006285,1.70867733770245,-0.171042266695444,-0.15707963267949,0.978321678321678,0.122173047639603,0.0139626340159547,54
-0.971893621915328,-0.167875178272321,0.165047605860678,-0.958097694932981,-0.226484697813972,0.175366726091987,3.31263492028524,3.37372144410504,0.165806278939461,0.176278254451427,0.978671328671329,0.0610865238198017,0.010471975511966,92
-0.652808706850666,-0.735276142349636,0.182235525492147,-0.603936298170593,-0.773003211221115,0.194234351219972,3.98633201155505,4.04916386462684,0.183259571459405,0.195476876223365,0.979020979020979,0.062831853071796,0.0122173047639603,150
0.74742990329247,0.638365444139926,-0.18395135061272,0.752029884498835,0.628794583798969,-0.197657340379126,0.706858347057703,0.696386371545737,-0.185004900711399,-0.198967534727354,0.97972027972028,-0.0104719755119662,-0.0139626340159547,29
0.960575971787973,-0.26819763031221,0.0732381971276317,0.971231500377968,-0.224226459656428,0.0801989243288589,6.01091394386847,6.05629250442032,0.0733038285837618,0.0802851455917391,0.98006993006993,0.0453785605518533,0.0069813170079773,130
-0.587875363918955,-0.791574849029387,0.166768746716102,-0.551523909174997,-0.817667820944415,0.165047605860678,4.07359847415476,4.11897703470662,0.167551608191456,0.165806278939461,0.981118881118881,0.0453785605518524,-0.0017453292519943,89
-0.710558780537329,-0.67429510529806,0.201077921145965,-0.648116125038927,-0.724878438470003,0.233445363855905,3.90081087820733,3.98284135305106,0.202458193231342,0.235619449019234,0.981118881118881,0.0820304748437328,0.0331612557878923,40
-0.402127003174633,-0.89896617495362,-0.17364817766693,-0.315644508772713,-0.932531530545435,-0.175366726091987,4.29176463065406,4.38601241026175,-0.174532925199433,-0.176278254451427,0.981468531468531,0.0942477796076941,-0.00174532925199433,42
-0.462339234850303,-0.869533634950938,-0.17364817766693,-0.46385615238574,-0.868725376794561,-0.17364817766693,4.22369678982628,4.22195146057428,-0.174532925199433,-0.174532925199433,0.981818181818182,-0.00174532925199422,0,52
-0.0399263462013632,-0.994079228069212,-0.101056297182946,0.0208314840552253,-0.994484662351763,-0.102792536787247,4.67224640758882,4.73333293140862,-0.101229096615671,-0.102974425867665,0.982167832167832,0.0610865238198013,-0.00174532925199433,10
0.5578979686292,-0.827117752702197,0.0680152906652482,0.534455497899228,-0.84216710706319,0.0714974443326859,5.30580092606276,5.27787565803085,0.0680678408277788,0.0715584993317675,0.982867132867133,-0.0279252680319102,0.00349065850398865,32
0.483093958722509,-0.875123196548237,-0.0279216387235689,0.487812104535138,-0.872836988325528,-0.0139621803391453,5.21678913421105,5.22202512196703,-0.0279252680319093,-0.0139626340159546,0.983216783216783,0.00523598775598355,0.0139626340159546,7
0.305281113694408,-0.928517782287766,-0.211324796455389,0.310823787997052,-0.928954381249575,-0.201077921145965,5.03003890424766,5.03527489200364,-0.212930168743308,-0.202458193231342,0.983566433566434,0.00523598775598355,0.0104719755119659,256
0.986821970111059,0.0413600949431298,0.156434465040231,0.988232936356734,0.055250798815734,0.142628933705512,0.0418879020478639,0.0558505360638185,0.15707963267949,0.143116998663535,0.983916083916084,0.0139626340159547,-0.0139626340159547,7
0.367216045348858,-0.90889160620648,-0.197657340379126,0.36833377138201,-0.911658075216858,-0.182235525492147,5.09636141582344,5.09636141582344,-0.198967534727354,-0.183259571459405,0.984265734265734,0,0.015707963267949,128
0.982491574041417,0.0154342109899661,0.185666615385577,0.985658160854401,0.0258103672941624,0.166768746716102,0.015707963267949,0.0261799387799149,0.186750229963393,0.167551608191456,0.984615384615385,0.0104719755119658,-0.0191986217719376,19
-0.690878904356339,0.710446367878983,0.133986185418292,-0.697562319800929,0.700001531348625,0.152985836284038,2.34223185617639,2.35444916094035,0.134390352403563,0.153588974175501,0.984965034965035,0.0122173047639604,0.0191986217719376,45
0.864224395570798,-0.496951068414042,0.0784590957278449,0.896053233660692,-0.438971949641418,0.0662739004000001,5.76133186083328,5.82765437240907,0.0785398163397448,0.0663225115757845,0.985314685314685,0.0663225115757839,-0.0122173047639603,9
0.93655030840706,-0.261489544565024,-0.233445363855905,0.963223385488704,-0.168109392164196,-0.209618562903822,6.01091394386847,6.11039771123215,-0.235619449019234,-0.211184839491314,0.985664335664336,0.0994837673636777,0.0244346095279206,65
0.591069580047623,-0.801707275460905,0.0888942968664415,0.591507412243592,-0.802301136604818,0.0801989243288589,5.34768882811063,5.34768882811063,0.0890117918517108,0.0802851455917391,0.986013986013986,0,-0.00872664625997166,24
0.896212233196954,-0.429392955485894,-0.111468932206325,0.905050166363618,-0.414364318069281,-0.095845752520224,5.83638101866904,5.85383431118898,-0.111701072127637,-0.0959931088596881,0.987062937062937,0.0174532925199431,0.015707963267949,18
-0.560641195010498,-0.821869256790199,-0.101056297182946,-0.505368483276145,-0.857945435727673,-0.0923705874465616,4.11374104695063,4.18006355852642,-0.101229096615671,-0.0925024503556995,0.987062937062937,0.0663225115757839,0.00872664625997166,4
-0.659241734501838,-0.734736919797322,-0.159881187691835,-0.627669803794626,-0.766862647102773,-0.133986185418292,3.98109602379907,4.02647458435092,-0.160570291183478,-0.134390352403563,0.987062937062937,0.0453785605518515,0.0261799387799149,11
-0.0121915359419377,-0.997841143490747,0.064532308252958,0.0868240888334649,-0.992403876506104,0.0871557427476582,4.70017167562073,4.79965544298441,0.0645771823237902,0.0872664625997165,0.987762237762238,0.0994837673636768,0.0226892802759263,92
-0.481498685442562,-0.868646622638794,-0.116670737099333,-0.402678899105258,-0.904431615465674,-0.140901231937583,4.20624349730633,4.29350995990605,-0.11693705988362,-0.141371669411541,0.987762237762238,0.0872664625997173,-0.0244346095279206,67
0.119241357055683,0.985357479245739,-0.121869343405147,0.129468204675507,0.983408648131125,-0.12706460860135,1.45036860840729,1.43989663289532,-0.122173047639603,-0.127409035395586,0.988111888111888,-0.0104719755119662,-0.00523598775598297,41
0.0382895663512587,-0.996705585698468,0.0714974443326859,0.0713054363175381,-0.994762132991129,0.0732381971276317,4.75078622392856,4.78394747971646,0.0715584993317675,0.0733038285837618,0.988461538461539,0.0331612557878938,0.00174532925199435,52
-0.48237435102884,-0.863107274057332,-0.14953534344371,-0.303080039251771,-0.94398379379716,-0.130526192220052,4.20275283880235,4.4017203735297,-0.150098315671512,-0.130899693899575,0.988811188811189,0.198967534727354,0.0191986217719376,54
0.817624160603253,-0.572506600676784,0.0610485395348569,0.840969535822378,-0.537822455715603,0.0593063735759616,5.67232006898157,5.71420797102943,0.0610865238198015,0.0593411945678072,0.989160839160839,0.041887902047864,-0.00174532925199433,26
-0.226448972793824,-0.965470122283881,-0.128795596577563,-0.224864094180252,-0.966295875864536,-0.125333233564304,4.48200551912144,4.48375084837343,-0.12915436464758,-0.125663706143592,0.989510489510489,0.00174532925199422,0.00349065850398866,27
-0.345973844139005,-0.930295631672899,-0.121869343405147,-0.341312722091794,-0.932680848330761,-0.116670737099333,4.35634181297785,4.36157780073383,-0.122173047639603,-0.11693705988362,0.98986013986014,0.00523598775598355,0.00523598775598298,462
-0.886731257388628,-0.424850432997995,0.182235525492147,-0.876864297537738,-0.444858648283082,0.182235525492147,3.58839694210034,3.61108622237627,0.183259571459405,0.183259571459405,0.99020979020979,0.0226892802759262,0,49
-0.0605537070928622,-0.990044359510369,-0.12706460860135,-0.0138955444370052,-0.99513038920505,-0.0975828997591495,4.65130245656489,4.69842634636874,-0.127409035395586,-0.0977384381116825,0.990559440559441,0.0471238898038466,0.0296705972839036,43
-0.854376844261617,-0.485353598854304,0.185666615385577,-0.848070798089029,-0.497560181965195,0.182235525492147,3.65821011218011,3.67217274619607,0.186750229963393,0.183259571459405,0.990909090909091,0.0139626340159547,-0.00349065850398864,12
0.827947467169174,-0.554262519795354,0.0854169231373675,0.835249751998412,-0.544492463225955,0.0767190281268186,5.6932640200055,5.70548132476946,0.0855211333477222,0.0767944870877505,0.991258741258741,0.0122173047639595,-0.00872664625997166,12
0.363231313177533,-0.931640142364394,0.0104717841162458,0.371353695000992,-0.928450472985666,0.00872653549837393,5.08414411105948,5.09287075731945,0.010471975511966,0.00872664625997165,0.991608391608392,0.00872664625997199,-0.00174532925199433,104
-0.269653236636307,0.893134609179903,-0.359996808120051,-0.310140418281622,0.870975481409414,-0.381070376350274,1.86401164112994,1.91288086018578,-0.368264472170804,-0.39095375244673,0.992307692307692,0.0488692190558413,-0.0226892802759263,4
0.988718732233735,-0.00862841765845102,0.14953534344371,0.988344431179712,0.0483381070028417,0.144356201000973,6.27445866091961,0.0488692190558412,0.150098315671512,0.144862327915529,0.992307692307692,0.0575958653158128,-0.00523598775598297,46
0.615242582718996,-0.781833862920334,-0.101056297182946,0.588219361742503,-0.806650088496518,-0.0575640269595673,5.37910475464652,5.34245284035464,-0.101229096615671,-0.0575958653158129,0.992657342657343,-0.0366519142918804,0.0436332312998582,113
0.702830898066015,-0.707754790995874,-0.0714974443326859,0.754340167444156,-0.651128965962639,-0.0836778433323155,5.49429648527815,5.5710909723659,-0.0715584993317675,-0.0837758040957278,0.993006993006993,0.0767944870877502,-0.0122173047639603,19
-0.43057036326465,0.898669672801636,-0.0836778433323155,-0.468921513818188,0.878211955761707,-0.0941083133185143,2.01760061530544,2.0612338466053,-0.0837758040957278,-0.0942477796076938,0.993356643356643,0.0436332312998586,-0.010471975511966,34
-0.261068240769438,0.960890757701586,-0.0923705874465616,-0.395604813416197,0.90982878178603,-0.125333233564304,1.83608637309803,1.98094870101356,-0.0925024503556995,-0.125663706143592,0.993706293706294,0.144862327915529,-0.0331612557878923,174
0.880799124565862,-0.46439269668976,-0.0923705874465616,0.881608300778869,-0.46285470568265,-0.0923705874465616,5.79798377512516,5.79972910437716,-0.0925024503556995,-0.0925024503556995,0.994055944055944,0.001745329251996,0,21
-0.441031163213552,0.888451517144007,-0.12706460860135,-0.444421559496799,0.887489346748698,-0.121869343405147,2.0315632493214,2.03505390782539,-0.127409035395586,-0.122173047639603,0.994405594405594,0.00349065850398844,0.00523598775598297,8
-0.428618961013895,0.886640906259306,0.17364817766693,-0.508122226873904,0.845657396712494,0.163325962241622,2.02109127380943,2.11184839491314,0.174532925199433,0.164060949687467,0.994755244755245,0.0907571211037053,-0.010471975511966,53
-0.180280563452353,0.972706876303101,-0.146083028562412,-0.19837787931641,0.966421671453911,-0.163325962241622,1.7540558982543,1.77325452002624,-0.146607657167524,-0.164060949687467,0.995454545454545,0.0191986217719373,-0.0174532925199433,38
-0.302781782039155,0.948740706342827,-0.0906325801977802,-0.302876123338578,0.949036316701051,-0.0871557427476582,1.87971960439789,1.87971960439789,-0.0907571211037051,-0.0872664625997165,0.995804195804196,0,0.00349065850398866,13
-0.852385642552059,0.522342593555064,0.0244321781526532,-0.890701198505913,0.453834928533952,0.0261769483078731,2.59181393921158,2.67035375555132,0.0244346095279206,0.0261799387799149,0.996153846153846,0.0785398163397448,0.00174532925199433,70
-0.803712776294371,0.571168940279437,0.166768746716102,-0.820753671517892,0.549446693353847,0.156434465040231,2.5237460983838,2.55167136641571,0.167551608191456,0.15707963267949,0.996503496503496,0.0279252680319089,-0.010471975511966,14
-0.946030110518464,0.283822635002918,0.156434465040231,-0.953962587978181,0.260974632329446,0.147809411129611,2.85012266850674,2.87455727803466,0.15707963267949,0.148352986419518,0.996853146853147,0.0244346095279204,-0.00872664625997166,52
-0.963557680817744,0.211851895896589,0.163325962241622,-0.968628810098643,0.170795393511927,0.18051914525056,2.9251718263425,2.96705972839036,0.164060949687467,0.18151424220741,0.997552447552448,0.0418879020478635,0.0174532925199433,123
-0.905516426044724,0.251121929991548,-0.342020143325669,-0.903728879278464,0.265981873649655,-0.335451569750255,2.87106661953067,2.85535865626272,-0.349065850398866,-0.342084533390889,0.997902097902098,-0.0157079632679489,0.00698131700797727,7
0.84864068633697,0.528232304563539,-0.0279216387235689,0.846791641286004,0.531191395204352,-0.0279216387235689,0.556760031386191,0.56025068989018,-0.0279252680319093,-0.0279252680319093,0.998601398601399,0.00349065850398844,0,3
-0.678999378714396,0.718021711093709,-0.152985836284038,-0.726066124776319,0.669994536413072,-0.154710386299468,2.32826922216044,2.39633706298821,-0.153588974175501,-0.155334303427495,0.999300699300699,0.0680678408277791,-0.00174532925199433,18
-0.992403876506104,-0.0868240888334649,-0.0871557427476582,-0.984096638084493,-0.138305762944212,-0.111468932206325,3.22885911618951,3.28121899374934,-0.0872664625997165,-0.111701072127637,0.99965034965035,0.0523598775598302,-0.0244346095279206,79
0.807961461709363,-0.466476767412745,-0.359996808120051,0.813179540249962,-0.473281794184769,-0.338737920245291,5.75958653158129,5.7560958730773,-0.368264472170804,-0.345575191894877,1,-0.00349065850398844,0.0226892802759263,40
