"","theta_pred","phi_pred","theta_resp","phi_resp"
"1",6.22384411261178,0.492182849062401,6.25875069765167,0.0802851455917391
"2",6.25875069765167,0.0802851455917391,4.90612052735606,0.352556508902855
"3",4.90612052735606,0.352556508902855,5.67581072748556,0.336848545634906
"4",5.67581072748556,0.336848545634906,1.11875605052837,-0.481710873550435
"5",1.11875605052837,-0.481710873550435,2.71922297460717,-0.420624349730633
"6",2.71922297460717,-0.420624349730633,4.08581577891873,0.396189740202713
"7",4.08581577891873,0.396189740202713,2.8309240467348,-0.394444410950718
"8",2.8309240467348,-0.394444410950718,3.06828882500603,0.015707963267949
"9",3.06828882500603,0.015707963267949,3.39990138288495,0.422369678982628
"10",3.39990138288495,0.422369678982628,1.86924762888593,-0.411897703470662
"11",1.86924762888593,-0.411897703470662,1.53588974175501,-0.0872664625997165
"12",1.53588974175501,-0.0872664625997165,3.12064870256586,-0.223402144255274
"13",3.12064870256586,-0.223402144255274,3.19918851890561,0.436332312998582
"14",3.19918851890561,0.436332312998582,5.48382450976618,0.373500459926786
"15",5.48382450976618,0.373500459926786,5.09287075731945,-0.263544717051144
"16",5.09287075731945,-0.263544717051144,3.39466539512897,-0.457276264022514
"17",3.39466539512897,-0.457276264022514,5.7560958730773,0.244346095279206
"18",5.7560958730773,0.244346095279206,0.977384381116825,-0.296705972839036
"19",0.977384381116825,-0.296705972839036,0.349065850398866,0.774926187885482
"20",0.349065850398866,0.774926187885482,1.2915436464758,0.506145483078356
"21",1.2915436464758,0.506145483078356,5.01258561172771,-0.441568300754565
"22",5.01258561172771,-0.441568300754565,4.20624349730633,-0.427605666738611
"23",4.20624349730633,-0.427605666738611,5.05796417227957,-0.445058959258554
"24",5.05796417227957,-0.445058959258554,5.20980781720307,-0.509636141582344
"25",5.20980781720307,-0.509636141582344,4.20798882655833,0.382227106186758
"26",4.20798882655833,0.382227106186758,3.0473448739821,-0.204203522483337
"27",3.0473448739821,-0.204203522483337,2.38062909972027,0.335103216382911
"28",2.38062909972027,0.335103216382911,1.21998514714404,0.52010811709431
"29",1.21998514714404,0.52010811709431,0.998328332140756,0.452040276266531
"30",0.998328332140756,0.452040276266531,2.14151899219704,-0.349065850398866
"31",2.14151899219704,-0.349065850398866,1.08559479474047,0.476474885794452
"32",1.08559479474047,0.476474885794452,0.926769832808989,0.556760031386191
"33",0.926769832808989,0.556760031386191,0.62482787221397,0.408407044966673
"34",0.62482787221397,0.408407044966673,5.68628270299753,-0.616101225953998
"35",5.68628270299753,-0.616101225953998,3.31438024953723,0.460766922526503
"36",3.31438024953723,0.460766922526503,2.3701571242083,0.375245789178781
"37",2.3701571242083,0.375245789178781,3.53603706454051,0.359537825910832
"38",3.53603706454051,0.359537825910832,0.991347015132779,-0.418879020478639
"39",0.991347015132779,-0.418879020478639,4.3703044469938,0.493928178314395
"40",4.3703044469938,0.493928178314395,3.50462113800461,-0.380481776934764
"41",3.50462113800461,-0.380481776934764,4.80314610148839,-0.609119908946021
"42",4.80314610148839,-0.609119908946021,3.08574211752597,-0.268780704807127
"43",3.08574211752597,-0.268780704807127,0.691150383789754,-0.356047167406843
"44",0.691150383789754,-0.356047167406843,4.75078622392856,-0.596902604182061
"45",4.75078622392856,-0.596902604182061,4.66351976132885,-0.598647933434055
"46",4.66351976132885,-0.598647933434055,5.52396708256205,-0.579449311662117
"47",5.52396708256205,-0.579449311662117,3.62853951489621,-0.357792496658838
"48",3.62853951489621,-0.357792496658838,2.63021118275545,0.457276264022514
"49",2.63021118275545,0.457276264022514,2.47487687932796,-0.469493568786475
"50",2.47487687932796,-0.469493568786475,0.555014702134197,-0.331612557878923
"51",0.555014702134197,-0.331612557878923,0.270526034059121,-0.417133691226645
"52",0.270526034059121,-0.417133691226645,0.544542726622231,-0.357792496658838
"53",0.544542726622231,-0.357792496658838,6.02313124863243,0.401425727958696
"54",6.02313124863243,0.401425727958696,1.22871179340401,0.336848545634906
"55",1.22871179340401,0.336848545634906,2.8012534494509,-0.317649923862968
"56",2.8012534494509,-0.317649923862968,2.83790536374278,0.335103216382911
"57",2.83790536374278,0.335103216382911,1.16238928182822,-0.385717764690747
"58",1.16238928182822,-0.385717764690747,0.954695100840898,-0.528834763354282
"59",0.954695100840898,-0.528834763354282,1.33517687777566,-0.472984227290463
"60",1.33517687777566,-0.472984227290463,5.78053048260522,0.29845130209103
"61",5.78053048260522,0.29845130209103,1.54112572951099,-0.329867228626928
"62",1.54112572951099,-0.329867228626928,1.15715329407224,0.305432619099008
"63",1.15715329407224,0.305432619099008,0.856956662729216,-0.516617458590322
"64",0.856956662729216,-0.516617458590322,0.977384381116825,-0.483456202802429
"65",0.977384381116825,-0.483456202802429,2.37888377046827,0.368264472170804
"66",2.37888377046827,0.368264472170804,1.05592419745657,0.464257581030492
"67",1.05592419745657,0.464257581030492,4.20275283880235,0.399680398706701
"68",4.20275283880235,0.399680398706701,4.58847060349309,-0.357792496658838
"69",4.58847060349309,-0.357792496658838,2.97404104539834,-0.0837758040957278
"70",2.97404104539834,-0.0837758040957278,2.45044226980004,0.335103216382911
"71",2.45044226980004,0.335103216382911,1.14668131856027,0.301941960595019
"72",1.14668131856027,0.301941960595019,6.05105651666434,0.0506145483078356
"73",6.05105651666434,0.0506145483078356,5.72817060504539,-0.513126800086333
"74",5.72817060504539,-0.513126800086333,6.26573201465964,0.541052068118242
"75",6.26573201465964,0.541052068118242,4.81885406475634,0.349065850398866
"76",4.81885406475634,0.349065850398866,4.52738407967329,0.0907571211037051
"77",4.52738407967329,0.0907571211037051,4.90961118586005,-0.237364778271229
"78",4.90961118586005,-0.237364778271229,4.64955712731289,-0.427605666738611
"79",4.64955712731289,-0.427605666738611,3.9409534510032,0.39095375244673
"80",3.9409534510032,0.39095375244673,4.01076662108297,0.2460914245312
"81",4.01076662108297,0.2460914245312,1.51320046147908,-0.340339204138894
"82",1.51320046147908,-0.340339204138894,1.17984257434817,0.406661715714679
"83",1.17984257434817,0.406661715714679,1.66504410640259,-0.321140582366957
"84",1.66504410640259,-0.321140582366957,1.49923782746313,0.256563400043166
"85",1.49923782746313,0.256563400043166,5.64439480094966,-0.301941960595019
"86",5.64439480094966,-0.301941960595019,5.38783140090649,-0.373500459926786
"87",5.38783140090649,-0.373500459926786,5.20457182944709,0.275762021815104
"88",5.20457182944709,0.275762021815104,4.07359847415476,0.356047167406843
"89",4.07359847415476,0.356047167406843,3.86415896391545,0.368264472170804
"90",3.86415896391545,0.368264472170804,3.75245789178781,0.383972435438752
"91",3.75245789178781,0.383972435438752,4.54483737219323,-0.265290046303138
"92",4.54483737219323,-0.265290046303138,3.97236937753909,0.429350995990605
"93",3.97236937753909,0.429350995990605,5.34594349885863,-0.0279252680319093
"94",5.34594349885863,-0.0279252680319093,3.94968009726317,0.336848545634906
"95",3.94968009726317,0.336848545634906,4.69842634636874,0.303687289847013
"96",4.69842634636874,0.303687289847013,2.74365758413509,0.29845130209103
"97",2.74365758413509,0.29845130209103,1.98269403026556,-0.422369678982628
"98",1.98269403026556,-0.422369678982628,1.87971960439789,-0.466002910282486
"99",1.87971960439789,-0.466002910282486,3.11541271480988,0.459021593274509
"100",3.11541271480988,0.459021593274509,2.35793981944434,-0.354301838154849
"101",2.35793981944434,-0.354301838154849,1.57952297305487,0.28623399732707
"102",1.57952297305487,0.28623399732707,2.40331837999619,-0.317649923862968
"103",2.40331837999619,-0.317649923862968,1.57428698529889,-0.364773813666815
"104",1.57428698529889,-0.364773813666815,1.42069801112338,0.23387411976724
"105",1.42069801112338,0.23387411976724,1.28107167096384,0.425860337486616
"106",1.28107167096384,0.425860337486616,0.642281164733913,0.293215314335047
"107",0.642281164733913,0.293215314335047,1.30899693899575,-0.555014702134197
"108",1.30899693899575,-0.555014702134197,1.17460658659218,-0.164060949687467
"109",1.17460658659218,-0.164060949687467,5.9725167003246,-0.410152374218667
"110",5.9725167003246,-0.410152374218667,5.67581072748556,0.413643032722656
"111",5.67581072748556,0.413643032722656,0.659734457253856,0.626573201465964
"112",0.659734457253856,0.626573201465964,0.441568300754565,-0.432841654494594
"113",0.441568300754565,-0.432841654494594,0.848230016469244,-0.267035375555132
"114",0.848230016469244,-0.267035375555132,4.63035850554096,-0.312413936106985
"115",4.63035850554096,-0.312413936106985,3.76642052580376,0.385717764690747
"116",3.76642052580376,0.385717764690747,5.60425222815379,-0.289724655831059
"117",5.60425222815379,-0.289724655831059,2.72969495011913,-0.394444410950718
"118",2.72969495011913,-0.394444410950718,1.94953277447767,-0.408407044966673
"119",1.94953277447767,-0.408407044966673,2.74889357189107,0.488692190558412
"120",2.74889357189107,0.488692190558412,2.02283660306143,-0.486946861306418
"121",2.02283660306143,-0.486946861306418,3.28296432300133,0.385717764690747
"122",3.28296432300133,0.385717764690747,1.03672557568463,-0.239110107523223
"123",1.03672557568463,-0.239110107523223,0.446804288510548,0.260054058547155
"124",0.446804288510548,0.260054058547155,0.541052068118242,0.35081117965086
"125",0.541052068118242,0.35081117965086,1.98967534727354,0.45553093477052
"126",1.98967534727354,0.45553093477052,1.15191730631626,-0.272271363311115
"127",1.15191730631626,-0.272271363311115,0.673697091269811,-0.277507351067098
"128",0.673697091269811,-0.277507351067098,0.244346095279206,0.328121899374934
"129",0.244346095279206,0.328121899374934,5.80321976288115,-0.453785605518526
"130",5.80321976288115,-0.453785605518526,0.102974425867665,0.368264472170804
"131",0.102974425867665,0.368264472170804,6.20464549083984,0.174532925199433
"132",6.20464549083984,0.174532925199433,5.87477826221291,-0.413643032722656
"133",5.87477826221291,-0.413643032722656,5.73689725130536,-0.40317105721069
"134",5.73689725130536,-0.40317105721069,4.00727596257898,0.368264472170804
"135",4.00727596257898,0.368264472170804,5.10683339133541,0.310668606854991
"136",5.10683339133541,0.310668606854991,3.29867228626928,0.417133691226645
"137",3.29867228626928,0.417133691226645,5.22551578047102,0.462512251778497
"138",5.22551578047102,0.462512251778497,3.69835268497598,0.282743338823081
"139",3.69835268497598,0.282743338823081,3.22711378693752,0.275762021815104
"140",3.22711378693752,0.275762021815104,4.14341164423454,0.282743338823081
"141",4.14341164423454,0.282743338823081,3.86415896391545,-0.382227106186758
"142",3.86415896391545,-0.382227106186758,2.76809219366301,0.15707963267949
"143",2.76809219366301,0.15707963267949,2.81696141271885,0.446804288510548
"144",2.81696141271885,0.446804288510548,3.87114028092342,0.331612557878923
"145",3.87114028092342,0.331612557878923,1.10130275800842,-0.363028484414821
"146",1.10130275800842,-0.363028484414821,2.66686309704734,0.46774823953448
"147",2.66686309704734,0.46774823953448,2.5865779514556,0.502654824574367
"148",2.5865779514556,0.502654824574367,1.16238928182822,0.237364778271229
"149",1.16238928182822,0.237364778271229,1.01403629540871,0.204203522483337
"150",1.01403629540871,0.204203522483337,1.88670092140587,0.322885911618951
"151",1.88670092140587,0.322885911618951,1.78896248329419,0.396189740202713
"152",1.78896248329419,0.396189740202713,1.16587994033221,0.00872664625997165
"153",1.16587994033221,0.00872664625997165,1.05068820970059,-0.0261799387799149
"154",1.05068820970059,-0.0261799387799149,0.820304748437335,-0.349065850398866
"155",0.820304748437335,-0.349065850398866,5.90270353024482,-0.357792496658838
"156",5.90270353024482,-0.357792496658838,0.514872129338327,-0.261799387799149
"157",0.514872129338327,-0.261799387799149,5.6635934227216,-0.424115008234622
"158",5.6635934227216,-0.424115008234622,5.92539281052075,0.3385938748869
"159",5.92539281052075,0.3385938748869,5.89572221323685,-0.387463093942741
"160",5.89572221323685,-0.387463093942741,5.23424242673099,-0.240855436775218
"161",5.23424242673099,-0.240855436775218,5.71595330028143,-0.335103216382911
"162",5.71595330028143,-0.335103216382911,4.66177443207685,-0.347320521146872
"163",4.66177443207685,-0.347320521146872,5.6025068989018,-0.368264472170804
"164",5.6025068989018,-0.368264472170804,5.24471440224296,0.425860337486616
"165",5.24471440224296,0.425860337486616,5.10683339133541,0.506145483078356
"166",5.10683339133541,0.506145483078356,4.1852995462824,0.406661715714679
"167",4.1852995462824,0.406661715714679,6.19417351532787,-0.370009801422798
"168",6.19417351532787,-0.370009801422798,3.97760536529508,0.359537825910832
"169",3.97760536529508,0.359537825910832,3.85019632989949,0.185004900711399
"170",3.85019632989949,0.185004900711399,3.73500459926787,0.172787595947439
"171",3.73500459926787,0.172787595947439,6.03011256564041,-0.340339204138894
"172",6.03011256564041,-0.340339204138894,4.10675972994266,-0.342084533390889
"173",4.10675972994266,-0.342084533390889,3.94793476801117,-0.574213323906134
"174",3.94793476801117,-0.574213323906134,2.49931148885588,0.267035375555132
"175",2.49931148885588,0.267035375555132,2.41728101401215,0.205948851735331
"176",2.41728101401215,0.205948851735331,2.32303323440445,0.158824961931484
"177",2.32303323440445,0.158824961931484,1.43116998663535,-0.40317105721069
"178",1.43116998663535,-0.40317105721069,1.15715329407224,0.228638132011257
"179",1.15715329407224,0.228638132011257,2.99149433791828,-0.424115008234622
"180",2.99149433791828,-0.424115008234622,0.635299847725936,-0.335103216382911
"181",0.635299847725936,-0.335103216382911,2.38935574598024,0.251327412287183
"182",2.38935574598024,0.251327412287183,0.698131700797732,0.462512251778497
"183",0.698131700797732,0.462512251778497,2.40680903850018,-0.331612557878923
"184",2.40680903850018,-0.331612557878923,6.155776271784,-0.32637657012294
"185",6.155776271784,-0.32637657012294,0.0261799387799149,-0.410152374218667
"186",0.0261799387799149,-0.410152374218667,6.0318578948924,0.35081117965086
"187",6.0318578948924,0.35081117965086,5.72817060504539,-0.410152374218667
"188",5.72817060504539,-0.410152374218667,0.66497044500984,-0.260054058547155
"189",0.66497044500984,-0.260054058547155,0.937241808320955,0.00523598775598299
"190",0.937241808320955,0.00523598775598299,0.0628318530717959,-0.380481776934764
"191",0.0628318530717959,-0.380481776934764,6.04931118741235,0.356047167406843
"192",6.04931118741235,0.356047167406843,0.0174532925199433,-0.40317105721069
"193",0.0174532925199433,-0.40317105721069,6.07025513843628,-0.413643032722656
"194",6.07025513843628,-0.413643032722656,4.94277244164794,0.385717764690747
"195",4.94277244164794,0.385717764690747,5.62519617917772,0.6771877497738
"196",5.62519617917772,0.6771877497738,5.9096848472528,-0.462512251778497
"197",5.9096848472528,-0.462512251778497,4.93055513688398,0.289724655831059
"198",4.93055513688398,0.289724655831059,5.38783140090649,0.504400153826361
"199",5.38783140090649,0.504400153826361,0.476474885794452,-0.41538836197465
"200",0.476474885794452,-0.41538836197465,4.27431133813411,0.27401669256311
"201",4.27431133813411,0.27401669256311,4.11025038844665,0.429350995990605
"202",4.11025038844665,0.429350995990605,3.86939495167143,0.270526034059121
"203",3.86939495167143,0.270526034059121,4.23591409459024,0.272271363311115
"204",4.23591409459024,0.272271363311115,3.93746279249921,-0.366519142918809
"205",3.93746279249921,-0.366519142918809,3.90430153671132,0.50789081233035
"206",3.90430153671132,0.50789081233035,3.62679418564422,-0.00698131700797732
"207",3.62679418564422,-0.00698131700797732,2.41902634326414,-0.345575191894877
"208",2.41902634326414,-0.345575191894877,2.13279234593707,0.277507351067098
"209",2.13279234593707,0.277507351067098,3.91128285371929,0.263544717051144
"210",3.91128285371929,0.263544717051144,3.27249234748937,-0.015707963267949
"211",3.27249234748937,-0.015707963267949,2.67384441405531,-0.380481776934764
"212",2.67384441405531,-0.380481776934764,1.53065375399903,0.373500459926786
"213",1.53065375399903,0.373500459926786,1.30201562198777,0.277507351067098
"214",1.30201562198777,0.277507351067098,0.680678408277789,0.459021593274509
"215",0.680678408277789,0.459021593274509,0.602138591938044,0.553269372882202
"216",0.602138591938044,0.553269372882202,0.699877030049726,-0.289724655831059
"217",0.699877030049726,-0.289724655831059,0.869173967493176,-0.504400153826361
"218",0.869173967493176,-0.504400153826361,0.438077642250577,0.439822971502571
"219",0.438077642250577,0.439822971502571,5.80147443362915,-0.315904594610974
"220",5.80147443362915,-0.315904594610974,5.60425222815379,0.406661715714679
"221",5.60425222815379,0.406661715714679,0.710349005561692,-0.492182849062401
"222",0.710349005561692,-0.492182849062401,5.24471440224296,0.356047167406843
"223",5.24471440224296,0.356047167406843,5.0789081233035,0.291469985083053
"224",5.0789081233035,0.291469985083053,4.95324441715991,0.28623399732707
"225",4.95324441715991,0.28623399732707,4.68446371235278,-0.280998009571087
"226",4.68446371235278,-0.280998009571087,4.4645522266015,0.364773813666815
"227",4.4645522266015,0.364773813666815,4.35110582522186,0.397935069454707
"228",4.35110582522186,0.397935069454707,4.18355421703041,0.397935069454707
"229",4.18355421703041,0.397935069454707,5.68453737374553,-0.481710873550435
"230",5.68453737374553,-0.481710873550435,5.61297887441376,-0.425860337486616
"231",5.61297887441376,-0.425860337486616,4.81361807700036,0.3385938748869
"232",4.81361807700036,0.3385938748869,4.81710873550435,0.139626340159546
"233",4.81710873550435,0.139626340159546,5.04051087975962,-0.40317105721069
"234",5.04051087975962,-0.40317105721069,2.40680903850018,-0.333357887130917
"235",2.40680903850018,-0.333357887130917,4.71587963888868,0.0349065850398866
"236",4.71587963888868,0.0349065850398866,4.13119433947058,0.448549617762543
"237",4.13119433947058,0.448549617762543,4.07883446191075,-0.537561409614253
"238",4.07883446191075,-0.537561409614253,2.83965069299477,0.408407044966673
"239",2.83965069299477,0.408407044966673,2.31081592964049,-0.387463093942741
"240",2.31081592964049,-0.387463093942741,4.09628775443069,-0.478220215046446
"241",4.09628775443069,-0.478220215046446,1.15366263556825,-0.356047167406843
"242",1.15366263556825,-0.356047167406843,1.10479341651241,-0.370009801422798
"243",1.10479341651241,-0.370009801422798,2.84139602224677,0.322885911618951
"244",2.84139602224677,0.322885911618951,0.66497044500984,-0.516617458590322
"245",0.66497044500984,-0.516617458590322,0.673697091269811,-0.472984227290463
"246",0.673697091269811,-0.472984227290463,1.3229595730117,-0.478220215046446
"247",1.3229595730117,-0.478220215046446,1.07163216072452,-0.479965544298441
"248",1.07163216072452,-0.479965544298441,0.804596785169386,0.010471975511966
"249",0.804596785169386,0.010471975511966,1.64933614313464,-0.527089434102287
"250",1.64933614313464,-0.527089434102287,0.771435529381494,-0.523598775598299
"251",0.771435529381494,-0.523598775598299,1.47305788868321,0.376991118430775
"252",1.47305788868321,0.376991118430775,0.891863247769102,-0.160570291183478
"253",0.891863247769102,-0.160570291183478,0.0942477796076938,-0.315904594610974
"254",0.0942477796076938,-0.315904594610974,0.363028484414821,0.191986217719376
"255",0.363028484414821,0.191986217719376,6.19766417383186,-0.237364778271229
"256",6.19766417383186,-0.237364778271229,5.17664656141518,0.331612557878923
"257",5.17664656141518,0.331612557878923,5.19759051243911,-0.371755130674792
"258",5.19759051243911,-0.371755130674792,5.36339679137857,0.357792496658838
"259",5.36339679137857,0.357792496658838,5.09287075731945,0.284488668075076
"260",5.09287075731945,0.284488668075076,5.09461608657145,-0.418879020478639
"261",5.09461608657145,-0.418879020478639,4.89739388109609,0.275762021815104
"262",4.89739388109609,0.275762021815104,4.80489143074039,-0.27401669256311
"263",4.80489143074039,-0.27401669256311,6.05803783367232,0.146607657167524
"264",6.05803783367232,0.146607657167524,4.29525528915804,0.371755130674792
"265",4.29525528915804,0.371755130674792,0.0366519142918809,0.301941960595019
"266",0.0366519142918809,0.301941960595019,6.12261501599611,0.247836753783195
"267",6.12261501599611,0.247836753783195,5.46986187575023,0.370009801422798
"268",5.46986187575023,0.370009801422798,5.12603201310735,0.172787595947439
"269",5.12603201310735,0.172787595947439,5.04574686751561,0.310668606854991
"270",5.04574686751561,0.310668606854991,4.34412450821389,-0.22165681500328
"271",4.34412450821389,-0.22165681500328,2.97055038689435,0.321140582366957
"272",2.97055038689435,0.321140582366957,4.11723170545462,-0.225147473507269
"273",4.11723170545462,-0.225147473507269,4.00553063332699,-0.312413936106985
"274",4.00553063332699,-0.312413936106985,2.62497519499947,-0.40317105721069
"275",2.62497519499947,-0.40317105721069,4.24289541159821,0.614355896702004
"276",4.24289541159821,0.614355896702004,1.79070781254618,0.342084533390889
"277",1.79070781254618,0.342084533390889,1.1397000015523,0.595157274930066
"278",1.1397000015523,0.595157274930066,0.392699081698724,0.261799387799149
"279",0.392699081698724,0.261799387799149,1.44862327915529,0.40317105721069
"280",1.44862327915529,0.40317105721069,1.09781209950443,-0.366519142918809
"281",1.09781209950443,-0.366519142918809,5.92190215201676,0.347320521146872
"282",5.92190215201676,0.347320521146872,5.84161700642502,0.378736447682769
"283",5.84161700642502,0.378736447682769,5.61646953291775,0.322885911618951
"284",5.61646953291775,0.322885911618951,5.50476846079011,0.378736447682769
"285",5.50476846079011,0.378736447682769,0.511381470834338,-0.511381470834338
"286",0.511381470834338,-0.511381470834338,5.40179403492245,-0.401425727958696
"287",5.40179403492245,-0.401425727958696,5.08239878180749,0.35081117965086
"288",5.08239878180749,0.35081117965086,5.05098285527159,0.410152374218667
"289",5.05098285527159,0.410152374218667,0.0244346095279206,0.291469985083053
"290",0.0244346095279206,0.291469985083053,4.67399173684082,0.563741348394168
"291",4.67399173684082,0.563741348394168,5.97949801733257,0.401425727958696
"292",5.97949801733257,0.401425727958696,5.95331807855266,0.438077642250577
"293",5.95331807855266,0.438077642250577,5.24995038999894,0.373500459926786
"294",5.24995038999894,0.373500459926786,5.33547152334666,-0.417133691226645
"295",5.33547152334666,-0.417133691226645,3.46273323595675,0.39095375244673
"296",3.46273323595675,0.39095375244673,2.27590934460061,-0.319395253114962
"297",2.27590934460061,-0.319395253114962,2.77507351067098,0.354301838154849
"298",2.77507351067098,0.354301838154849,2.22704012554476,-0.115191730631626
"299",2.22704012554476,-0.115191730631626,1.94429678672168,0.609119908946021
"300",1.94429678672168,0.609119908946021,1.92684349420174,0.223402144255274
"301",1.92684349420174,0.223402144255274,1.66504410640259,0.408407044966673
"302",1.66504410640259,0.408407044966673,0.561996019142174,0.020943951023932
"303",0.561996019142174,0.020943951023932,0.406661715714679,-0.314159265358979
"304",0.406661715714679,-0.314159265358979,1.31772358525572,-0.335103216382911
"305",1.31772358525572,-0.335103216382911,0.225147473507269,0.3385938748869
"306",0.225147473507269,0.3385938748869,0.830776723949301,-0.317649923862968
"307",0.830776723949301,-0.317649923862968,0.0506145483078356,0.305432619099008
"308",0.0506145483078356,0.305432619099008,2.13802833369305,-0.329867228626928
"309",2.13802833369305,-0.329867228626928,1.58824961931484,-0.35081117965086
"310",1.58824961931484,-0.35081117965086,6.04756585816035,0.293215314335047
"311",6.04756585816035,0.293215314335047,0.528834763354282,-0.448549617762543
"312",0.528834763354282,-0.448549617762543,0.228638132011257,-0.322885911618951
"313",0.228638132011257,-0.322885911618951,0.666715774261834,-0.408407044966673
"314",0.666715774261834,-0.408407044966673,0.148352986419518,0.40317105721069
"315",0.148352986419518,0.40317105721069,5.34419816960664,0.378736447682769
"316",5.34419816960664,0.378736447682769,5.31976356007872,-0.406661715714679
"317",5.31976356007872,-0.406661715714679,5.95506340780465,-0.197222205475359
"318",5.95506340780465,-0.197222205475359,6.01091394386847,0.354301838154849
"319",6.01091394386847,0.354301838154849,5.59028959413784,0.396189740202713
"320",5.59028959413784,0.396189740202713,5.59378025264183,0.303687289847013
"321",5.59378025264183,0.303687289847013,4.55880000620919,-0.418879020478639
"322",4.55880000620919,-0.418879020478639,4.73682358991261,-0.294960643587042
"323",4.73682358991261,-0.294960643587042,5.26565835326689,0.28623399732707
"324",5.26565835326689,0.28623399732707,4.22544211907827,-0.340339204138894
"325",4.22544211907827,-0.340339204138894,4.7699848457005,0.333357887130917
"326",4.7699848457005,0.333357887130917,3.81179908635562,-0.333357887130917
"327",3.81179908635562,-0.333357887130917,3.22885911618951,0.275762021815104
"328",3.22885911618951,0.275762021815104,5.23773308523498,0.261799387799149
"329",5.23773308523498,0.261799387799149,3.68613538021202,-0.00698131700797732
"330",3.68613538021202,-0.00698131700797732,4.1242130224626,0.178023583703422
"331",4.1242130224626,0.178023583703422,3.92175482923126,0.23387411976724
"332",3.92175482923126,0.23387411976724,3.81354441560761,0.317649923862968
"333",3.81354441560761,0.317649923862968,3.64250214891217,-0.640535835481919
"334",3.64250214891217,-0.640535835481919,3.75943920879579,-0.383972435438752
"335",3.75943920879579,-0.383972435438752,1.64235482612666,-0.354301838154849
"336",1.64235482612666,-0.354301838154849,2.02109127380943,-0.375245789178781
"337",2.02109127380943,-0.375245789178781,3.21664181142555,0.464257581030492
"338",3.21664181142555,0.464257581030492,2.57785130519562,0.0767944870877505
"339",2.57785130519562,0.0767944870877505,1.69820536219048,0.478220215046446
"340",1.69820536219048,0.478220215046446,1.24441975667196,0.178023583703422
"341",1.24441975667196,0.178023583703422,2.25322006432468,-0.324631240870945
"342",2.25322006432468,-0.324631240870945,0.907571211037051,-0.370009801422798
"343",0.907571211037051,-0.370009801422798,1.75754655675829,-0.342084533390889
"344",1.75754655675829,-0.342084533390889,0.49567350756639,-0.446804288510548
"345",0.49567350756639,-0.446804288510548,2.66337243854335,0.335103216382911
"346",2.66337243854335,0.335103216382911,0.178023583703422,0.300196631343025
"347",0.178023583703422,0.300196631343025,2.41902634326414,-0.387463093942741
"348",2.41902634326414,-0.387463093942741,6.13832297926406,0.328121899374934
"349",6.13832297926406,0.328121899374934,0.839503370209273,-0.277507351067098
"350",0.839503370209273,-0.277507351067098,0.0959931088596881,0.335103216382911
"351",0.0959931088596881,0.335103216382911,0.356047167406843,0.333357887130917
"352",0.356047167406843,0.333357887130917,1.11526539202438,-0.237364778271229
"353",1.11526539202438,-0.237364778271229,5.43670061996234,0.279252680319093
"354",5.43670061996234,0.279252680319093,0.767944870877505,-0.40317105721069
"355",0.767944870877505,-0.40317105721069,0.0191986217719376,0.331612557878923
"356",0.0191986217719376,0.331612557878923,0,-0.418879020478639
"357",0,-0.418879020478639,6.01789526087645,0.363028484414821
"358",6.01789526087645,0.363028484414821,5.30056493830678,-0.342084533390889
"359",5.30056493830678,-0.342084533390889,4.66351976132885,-0.352556508902855
"360",4.66351976132885,-0.352556508902855,5.0771627940515,-0.382227106186758
"361",5.0771627940515,-0.382227106186758,0.214675497995303,-0.249582083035189
"362",0.214675497995303,-0.249582083035189,5.51524043630208,-0.436332312998582
"363",5.51524043630208,-0.436332312998582,4.32318055718995,-0.335103216382911
"364",4.32318055718995,-0.335103216382911,5.93761011528471,-0.537561409614253
"365",5.93761011528471,-0.537561409614253,4.09803308368269,-0.354301838154849
"366",4.09803308368269,-0.354301838154849,5.43670061996234,-0.289724655831059
"367",5.43670061996234,-0.289724655831059,4.9549897464119,-0.438077642250577
"368",4.9549897464119,-0.438077642250577,3.64424747816416,-0.472984227290463
"369",3.64424747816416,-0.472984227290463,3.05432619099008,0.380481776934764
"370",3.05432619099008,0.380481776934764,2.8326693759868,0.321140582366957
"371",2.8326693759868,0.321140582366957,2.72794962086714,-0.314159265358979
"372",2.72794962086714,-0.314159265358979,2.52025543987981,-0.363028484414821
"373",2.52025543987981,-0.363028484414821,2.36492113645232,-0.300196631343025
"374",2.36492113645232,-0.300196631343025,3.62504885639222,-0.432841654494594
"375",3.62504885639222,-0.432841654494594,2.65464579228338,0.382227106186758
"376",2.65464579228338,0.382227106186758,2.71398698685118,0.195476876223365
"377",2.71398698685118,0.195476876223365,2.74889357189107,0.563741348394168
"378",2.74889357189107,0.563741348394168,2.42426233102012,-0.401425727958696
"379",2.42426233102012,-0.401425727958696,2.63021118275545,0.308923277602996
"380",2.63021118275545,0.308923277602996,2.62846585350346,-0.345575191894877
"381",2.62846585350346,-0.345575191894877,2.65115513377939,-0.143116998663535
"382",2.65115513377939,-0.143116998663535,2.8326693759868,-0.312413936106985
"383",2.8326693759868,-0.312413936106985,2.35095850243636,0.237364778271229
"384",2.35095850243636,0.237364778271229,2.0943951023932,-0.427605666738611
"385",2.0943951023932,-0.427605666738611,1.83434104384604,0.109955742875643
"386",1.83434104384604,0.109955742875643,1.7226399717184,-0.345575191894877
"387",1.7226399717184,-0.345575191894877,2.46964089157198,0.216420827247297
"388",2.46964089157198,0.216420827247297,0.361283155162826,-0.239110107523223
"389",0.361283155162826,-0.239110107523223,0.174532925199433,0.314159265358979
"390",0.174532925199433,0.314159265358979,2.08741378538522,0.378736447682769
"391",2.08741378538522,0.378736447682769,1.09257611174845,0.167551608191456
"392",1.09257611174845,0.167551608191456,0.795870138909414,-0.420624349730633
"393",0.795870138909414,-0.420624349730633,0.492182849062401,-0.445058959258554
"394",0.492182849062401,-0.445058959258554,0.242600766027212,-0.279252680319093
"395",0.242600766027212,-0.279252680319093,5.94808209079667,-0.514872129338327
"396",5.94808209079667,-0.514872129338327,1.04021623418862,-0.312413936106985
"397",1.04021623418862,-0.312413936106985,5.92713813977274,-0.359537825910832
"398",5.92713813977274,-0.359537825910832,4.81536340625235,-0.317649923862968
"399",4.81536340625235,-0.317649923862968,5.86954227445693,0.319395253114962
"400",5.86954227445693,0.319395253114962,5.8782689207169,-0.546288055874225
"401",5.8782689207169,-0.546288055874225,5.74213323906134,-0.544542726622231
"402",5.74213323906134,-0.544542726622231,4.90961118586005,0.275762021815104
"403",4.90961118586005,0.275762021815104,4.87819525932415,0.0959931088596881
"404",4.87819525932415,0.0959931088596881,5.4175019981904,-0.464257581030492
"405",5.4175019981904,-0.464257581030492,5.28660230429082,-0.438077642250577
"406",5.28660230429082,-0.438077642250577,5.67406539823357,0.307177948351002
"407",5.67406539823357,0.307177948351002,5.82416371390508,0.366519142918809
"408",5.82416371390508,0.366519142918809,5.13650398861931,-0.49567350756639
"409",5.13650398861931,-0.49567350756639,3.52032910127256,0.392699081698724
"410",3.52032910127256,0.392699081698724,3.84321501289151,0.383972435438752
"411",3.84321501289151,0.383972435438752,3.24282175020546,0.380481776934764
"412",3.24282175020546,0.380481776934764,2.61799387799149,-0.314159265358979
"413",2.61799387799149,-0.314159265358979,2.91120919232654,0.432841654494594
"414",2.91120919232654,0.432841654494594,2.59879525621956,0.422369678982628
"415",2.59879525621956,0.422369678982628,2.77856416917497,-0.432841654494594
"416",2.77856416917497,-0.432841654494594,1.60570291183478,0.399680398706701
"417",1.60570291183478,0.399680398706701,2.49058484259591,-0.342084533390889
"418",2.49058484259591,-0.342084533390889,2.0943951023932,-0.356047167406843
"419",2.0943951023932,-0.356047167406843,3.66868208769208,-0.336848545634906
"420",3.66868208769208,-0.336848545634906,2.97927703315432,-0.488692190558412
"421",2.97927703315432,-0.488692190558412,2.39633706298821,-0.268780704807127
"422",2.39633706298821,-0.268780704807127,1.33866753627965,-0.277507351067098
"423",1.33866753627965,-0.277507351067098,2.14675497995303,0.32637657012294
"424",2.14675497995303,0.32637657012294,3.45575191894877,-0.18151424220741
"425",3.45575191894877,-0.18151424220741,2.34223185617639,-0.406661715714679
"426",2.34223185617639,-0.406661715714679,2.3073252711365,-0.342084533390889
"427",2.3073252711365,-0.342084533390889,0.891863247769102,-0.335103216382911
"428",0.891863247769102,-0.335103216382911,2.3701571242083,-0.340339204138894
"429",2.3701571242083,-0.340339204138894,2.97753170390233,0.431096325242599
"430",2.97753170390233,0.431096325242599,2.04378055408536,-0.0401425727958696
"431",2.04378055408536,-0.0401425727958696,0.773180858633488,-0.319395253114962
"432",0.773180858633488,-0.319395253114962,0.294960643587042,-0.39095375244673
"433",0.294960643587042,-0.39095375244673,2.10835773640915,-0.357792496658838
"434",2.10835773640915,-0.357792496658838,1.01054563690472,-0.354301838154849
"435",1.01054563690472,-0.354301838154849,1.40848070635942,0.50789081233035
"436",1.40848070635942,0.50789081233035,1.230457122656,-0.448549617762543
"437",1.230457122656,-0.448549617762543,0.713839664065681,-0.466002910282486
"438",0.713839664065681,-0.466002910282486,0.113446401379631,0.307177948351002
"439",0.113446401379631,0.307177948351002,0.16929693744345,-0.380481776934764
"440",0.16929693744345,-0.380481776934764,6.14704962552403,0.198967534727354
"441",6.14704962552403,0.198967534727354,0.801106126665397,-0.237364778271229
"442",0.801106126665397,-0.237364778271229,5.99695130985252,0.284488668075076
"443",5.99695130985252,0.284488668075076,5.55538300909795,0.359537825910832
"444",5.55538300909795,0.359537825910832,5.13650398861931,0.16929693744345
"445",5.13650398861931,0.16929693744345,0.0226892802759263,-0.404916386462684
"446",0.0226892802759263,-0.404916386462684,4.95324441715991,0.308923277602996
"447",4.95324441715991,0.308923277602996,4.93230046613598,-0.534070751110265
"448",4.93230046613598,-0.534070751110265,4.79791011373241,-0.591666616426078
"449",4.79791011373241,-0.591666616426078,5.3546701451186,0.12915436464758
"450",5.3546701451186,0.12915436464758,4.62163185928098,-0.0575958653158129
"451",4.62163185928098,-0.0575958653158129,4.32143522793796,0.197222205475359
"452",4.32143522793796,0.197222205475359,3.92175482923126,0.523598775598299
"453",3.92175482923126,0.523598775598299,3.25329372571743,0.376991118430775
"454",3.25329372571743,0.376991118430775,2.58832328070759,0.202458193231342
"455",2.58832328070759,0.202458193231342,3.00371164268224,0.45553093477052
"456",3.00371164268224,0.45553093477052,2.01061929829747,0.324631240870945
"457",2.01061929829747,0.324631240870945,2.26543736908864,-0.413643032722656
"458",2.26543736908864,-0.413643032722656,1.41371669411541,-0.287979326579064
"459",1.41371669411541,-0.287979326579064,2.83790536374278,0.41538836197465
"460",2.83790536374278,0.41538836197465,1.94778744522567,-0.687659725285766
"461",1.94778744522567,-0.687659725285766,1.78896248329419,0.310668606854991
"462",1.78896248329419,0.310668606854991,1.35612082879959,0.44331363000656
"463",1.35612082879959,0.44331363000656,1.10304808726042,0.383972435438752
"464",1.10304808726042,0.383972435438752,1.04021623418862,0.137881010907552
"465",1.04021623418862,0.137881010907552,2.33001455141243,-0.308923277602996
"466",2.33001455141243,-0.308923277602996,2.3404865269244,-0.422369678982628
"467",2.3404865269244,-0.422369678982628,1.56206968053493,0.394444410950718
"468",1.56206968053493,0.394444410950718,0.305432619099008,-0.0122173047639603
"469",0.305432619099008,-0.0122173047639603,0.118682389135614,0.178023583703422
"470",0.118682389135614,0.178023583703422,0.122173047639603,-0.479965544298441
"471",0.122173047639603,-0.479965544298441,5.93062879827673,0.364773813666815
"472",5.93062879827673,0.364773813666815,5.28485697503883,0.134390352403563
"473",5.28485697503883,0.134390352403563,6.05105651666434,0.607374579694027
"474",6.05105651666434,0.607374579694027,5.32150888933071,0.198967534727354
"475",5.32150888933071,0.198967534727354,4.99338698995578,0.16929693744345
"476",4.99338698995578,0.16929693744345,5.23598775598299,-0.352556508902855
"477",5.23598775598299,-0.352556508902855,4.80838208924438,0.258308729295161
"478",4.80838208924438,0.258308729295161,5.88874089622887,0.387463093942741
"479",5.88874089622887,0.387463093942741,5.32325421858271,-0.12915436464758
"480",5.32325421858271,-0.12915436464758,4.93404579538797,-0.0418879020478639
"481",4.93404579538797,-0.0418879020478639,4.85026999129224,0.673697091269811
"482",4.85026999129224,0.673697091269811,4.79441945522842,0.549778714378214
"483",4.79441945522842,0.549778714378214,4.67224640758882,0.303687289847013
"484",4.67224640758882,0.303687289847013,3.46971455296473,-0.284488668075076
"485",3.46971455296473,-0.284488668075076,5.32849020633869,0.312413936106985
"486",5.32849020633869,0.312413936106985,3.70184334347997,0.424115008234622
"487",3.70184334347997,0.424115008234622,3.59537825910832,0.490437519810407
"488",3.59537825910832,0.490437519810407,2.61799387799149,0.212930168743308
"489",2.61799387799149,0.212930168743308,3.89557489045134,-0.256563400043166
"490",3.89557489045134,-0.256563400043166,4.70017167562073,0.53232542185827
"491",4.70017167562073,0.53232542185827,4.01251195033496,-0.446804288510548
"492",4.01251195033496,-0.446804288510548,3.10145008079392,0.32637657012294
"493",3.10145008079392,0.32637657012294,2.19736952826086,0.314159265358979
"494",2.19736952826086,0.314159265358979,4.14864763199052,-0.261799387799149
"495",4.14864763199052,-0.261799387799149,2.50629280586386,1.04196156344061
"496",2.50629280586386,1.04196156344061,2.37190245346029,-0.282743338823081
"497",2.37190245346029,-0.282743338823081,1.22696646415201,0.370009801422798
"498",1.22696646415201,0.370009801422798,1.93731546971371,0.429350995990605
"499",1.93731546971371,0.429350995990605,1.57603231455088,-0.336848545634906
"500",1.57603231455088,-0.336848545634906,2.51152879361984,-0.375245789178781
"501",2.51152879361984,-0.375245789178781,0.392699081698724,-0.375245789178781
"502",0.392699081698724,-0.375245789178781,0.39095375244673,0.453785605518526
"503",0.39095375244673,0.453785605518526,0.301941960595019,0.118682389135614
"504",0.301941960595019,0.118682389135614,1.4765485471872,0.462512251778497
"505",1.4765485471872,0.462512251778497,5.96379005406462,0.277507351067098
"506",5.96379005406462,0.277507351067098,0.464257581030492,0.178023583703422
"507",0.464257581030492,0.178023583703422,1.70518667919846,-0.0890117918517108
"508",1.70518667919846,-0.0890117918517108,0.876155284501153,0.619591884457987
"509",0.876155284501153,0.619591884457987,0.134390352403563,0.29845130209103
"510",0.134390352403563,0.29845130209103,5.91492083500878,0.29845130209103
"511",5.91492083500878,0.29845130209103,0.504400153826361,0.432841654494594
"512",0.504400153826361,0.432841654494594,0.44331363000656,0.261799387799149
"513",0.44331363000656,0.261799387799149,0.0279252680319093,-0.766199541625511
"514",0.0279252680319093,-0.766199541625511,6.21511746635181,-0.816814089933346
"515",6.21511746635181,-0.816814089933346,6.04756585816035,0.363028484414821
"516",6.04756585816035,0.363028484414821,5.63566815468969,0.308923277602996
"517",5.63566815468969,0.308923277602996,5.50651379004211,-0.218166156499291
"518",5.50651379004211,-0.218166156499291,5.14872129338327,0.191986217719376
"519",5.14872129338327,0.191986217719376,4.42266432455363,-0.267035375555132
"520",4.42266432455363,-0.267035375555132,4.37379510549779,0.582939970166106
"521",4.37379510549779,0.582939970166106,4.65130245656489,0.361283155162826
"522",4.65130245656489,0.361283155162826,4.20449816805434,0.197222205475359
"523",4.20449816805434,0.197222205475359,4.6478117980609,-0.675442420521806
"524",4.6478117980609,-0.675442420521806,4.84677933278825,0.0122173047639603
"525",4.84677933278825,0.0122173047639603,3.17998989713367,-0.352556508902855
"526",3.17998989713367,-0.352556508902855,2.78903614468694,0.211184839491314
"527",2.78903614468694,0.211184839491314,4.17308224151844,0.619591884457987
"528",4.17308224151844,0.619591884457987,3.09097810528196,-0.474729556542458
"529",3.09097810528196,-0.474729556542458,3.4784411992247,-0.303687289847013
"530",3.4784411992247,-0.303687289847013,2.81521608346685,-0.197222205475359
"531",2.81521608346685,-0.197222205475359,2.63195651200745,-0.356047167406843
"532",2.63195651200745,-0.356047167406843,2.78380015693096,-0.305432619099008
"533",2.78380015693096,-0.305432619099008,2.21831347928479,0.432841654494594
"534",2.21831347928479,0.432841654494594,1.99840199353351,0.392699081698724
"535",1.99840199353351,0.392699081698724,1.76103721526228,-0.39095375244673
"536",1.76103721526228,-0.39095375244673,1.62141087510273,-0.404916386462684
"537",1.62141087510273,-0.404916386462684,3.04559954473011,-0.549778714378214
"538",3.04559954473011,-0.549778714378214,1.31772358525572,0.525344104850293
"539",1.31772358525572,0.525344104850293,2.11010306566114,0.280998009571087
"540",2.11010306566114,0.280998009571087,1.3857914260835,0.488692190558412
"541",1.3857914260835,0.488692190558412,1.47305788868321,0.46774823953448
"542",1.47305788868321,0.46774823953448,1.33517687777566,0.479965544298441
"543",1.33517687777566,0.479965544298441,2.90771853382255,0.406661715714679
"544",2.90771853382255,0.406661715714679,1.26885436619988,0.649262481741891
"545",1.26885436619988,0.649262481741891,1.18856922060814,0.225147473507269
"546",1.18856922060814,0.225147473507269,0.399680398706701,0.191986217719376
"547",0.399680398706701,0.191986217719376,0.478220215046446,-0.357792496658838
"548",0.478220215046446,-0.357792496658838,0.410152374218667,-0.453785605518526
"549",0.410152374218667,-0.453785605518526,1.34390352403563,0.247836753783195
"550",1.34390352403563,0.247836753783195,0.356047167406843,0.500909495322373
"551",0.356047167406843,0.500909495322373,0.387463093942741,0.228638132011257
"552",0.387463093942741,0.228638132011257,0.28623399732707,-0.493928178314395
"553",0.28623399732707,-0.493928178314395,0.0139626340159546,-0.130899693899575
"554",0.0139626340159546,-0.130899693899575,5.62694150842972,0.39095375244673
"555",5.62694150842972,0.39095375244673,5.42099265669439,0.356047167406843
"556",5.42099265669439,0.356047167406843,0.837758040957278,-0.378736447682769
"557",0.837758040957278,-0.378736447682769,6.22733477111577,0.118682389135614
"558",6.22733477111577,0.118682389135614,5.92539281052075,0.638790506229925
"559",5.92539281052075,0.638790506229925,5.86605161595294,0.483456202802429
"560",5.86605161595294,0.483456202802429,4.74380490692059,0.364773813666815
"561",4.74380490692059,0.364773813666815,4.616395871525,0.392699081698724
"562",4.616395871525,0.392699081698724,4.56403599396517,0.459021593274509
"563",4.56403599396517,0.459021593274509,4.44884426333355,-0.317649923862968
"564",4.44884426333355,-0.317649923862968,4.34936049596987,0.490437519810407
"565",4.34936049596987,0.490437519810407,5.87477826221291,-0.411897703470662
"566",5.87477826221291,-0.411897703470662,4.34412450821389,-0.314159265358979
"567",4.34412450821389,-0.314159265358979,3.43829862642883,-0.268780704807127
"568",3.43829862642883,-0.268780704807127,3.27947366449735,-0.347320521146872
"569",3.27947366449735,-0.347320521146872,4.15737427825049,0.16929693744345
"570",4.15737427825049,0.16929693744345,3.39815605363296,-0.314159265358979
"571",3.39815605363296,-0.314159265358979,4.05090919387884,0.0575958653158129
"572",4.05090919387884,0.0575958653158129,2.9548424236264,-0.29845130209103
"573",2.9548424236264,-0.29845130209103,3.36848545634906,-0.230383461263251
"574",3.36848545634906,-0.230383461263251,2.88502925354663,0.158824961931484
"575",2.88502925354663,0.158824961931484,2.75412955964705,0.422369678982628
"576",2.75412955964705,0.422369678982628,4.00378530407499,-0.574213323906134
"577",4.00378530407499,-0.574213323906134,3.74373124552784,-0.397935069454707
"578",3.74373124552784,-0.397935069454707,3.00022098417825,-0.450294947014537
"579",3.00022098417825,-0.450294947014537,2.78380015693096,0.239110107523223
"580",2.78380015693096,0.239110107523223,2.53421807389577,0.370009801422798
"581",2.53421807389577,0.370009801422798,2.98974900866629,0.382227106186758
"582",2.98974900866629,0.382227106186758,1.84306769010601,0.375245789178781
"583",1.84306769010601,0.375245789178781,0.788888821901437,-0.315904594610974
"584",0.788888821901437,-0.315904594610974,1.10304808726042,0.207694180987325
"585",1.10304808726042,0.207694180987325,0.537561409614253,-0.335103216382911
"586",0.537561409614253,-0.335103216382911,1.43466064513934,0.431096325242599
"587",1.43466064513934,0.431096325242599,1.30027029273578,-0.425860337486616
"588",1.30027029273578,-0.425860337486616,1.11526539202438,-1.03847090493663
"589",1.11526539202438,-1.03847090493663,0.944223125328932,0.361283155162826
"590",0.944223125328932,0.361283155162826,0.0785398163397448,-0.287979326579064
"591",0.0785398163397448,-0.287979326579064,5.37561409614253,-0.303687289847013
"592",5.37561409614253,-0.303687289847013,0.345575191894877,-0.497418836818384
"593",0.345575191894877,-0.497418836818384,5.63915881319368,0.684169066781777
"594",5.63915881319368,0.684169066781777,5.00734962397173,0.214675497995303
"595",5.00734962397173,0.214675497995303,4.87994058857615,0.226892802759263
"596",4.87994058857615,0.226892802759263,4.93928178314395,0.132645023151569
"597",4.93928178314395,0.132645023151569,4.79965544298441,-0.472984227290463
"598",4.79965544298441,-0.472984227290463,4.6774823953448,-0.506145483078356
"599",4.6774823953448,-0.506145483078356,6.10690705272816,-0.0541052068118242
"600",6.10690705272816,-0.0541052068118242,5.46986187575023,0.502654824574367
"601",5.46986187575023,0.502654824574367,5.44368193697031,0.378736447682769
"602",5.44368193697031,0.378736447682769,5.86081562819696,-0.40317105721069
"603",5.86081562819696,-0.40317105721069,5.33372619409467,-0.164060949687467
"604",5.33372619409467,-0.164060949687467,4.20798882655833,-0.307177948351002
"605",4.20798882655833,-0.307177948351002,5.27613032877886,-0.22165681500328
"606",5.27613032877886,-0.22165681500328,5.85557964044098,0.256563400043166
"607",5.85557964044098,0.256563400043166,3.40862802914493,-0.2460914245312
"608",3.40862802914493,-0.2460914245312,3.95840674352314,0.317649923862968
"609",3.95840674352314,0.317649923862968,3.06828882500603,0.188495559215388
"610",3.06828882500603,0.188495559215388,4.96546172192387,0.134390352403563
"611",4.96546172192387,0.134390352403563,3.02291026445418,-0.329867228626928
"612",3.02291026445418,-0.329867228626928,3.52381975977655,0.609119908946021
"613",3.52381975977655,0.609119908946021,3.26027504272541,-0.218166156499291
"614",3.26027504272541,-0.218166156499291,2.91120919232654,-0.52010811709431
"615",2.91120919232654,-0.52010811709431,1.47131255943122,0.232128790515246
"616",1.47131255943122,0.232128790515246,2.65813645078736,-0.335103216382911
"617",2.65813645078736,-0.335103216382911,2.81696141271885,-0.258308729295161
"618",2.81696141271885,-0.258308729295161,2.4940755010999,0.197222205475359
"619",2.4940755010999,0.197222205475359,1.59872159482681,0.197222205475359
"620",1.59872159482681,0.197222205475359,3.078760800518,-0.399680398706701
"621",3.078760800518,-0.399680398706701,2.32303323440445,0.506145483078356
"622",2.32303323440445,0.506145483078356,1.76627320301826,0.397935069454707
"623",1.76627320301826,0.397935069454707,1.82735972683806,0.247836753783195
"624",1.82735972683806,0.247836753783195,0.310668606854991,0.12915436464758
"625",0.310668606854991,0.12915436464758,0.195476876223365,0.12915436464758
"626",0.195476876223365,0.12915436464758,2.08566845613322,0.3385938748869
"627",2.08566845613322,0.3385938748869,1.6004669240788,0.226892802759263
"628",1.6004669240788,0.226892802759263,1.22173047639603,0.183259571459405
"629",1.22173047639603,0.183259571459405,2.11533905341713,0.272271363311115
"630",2.11533905341713,0.272271363311115,0.333357887130917,-0.370009801422798
"631",0.333357887130917,-0.370009801422798,0.293215314335047,-0.40317105721069
"632",0.293215314335047,-0.40317105721069,6.01091394386847,0.207694180987325
"633",6.01091394386847,0.207694180987325,5.67232006898157,0.356047167406843
"634",5.67232006898157,0.356047167406843,0.109955742875643,-0.0349065850398866
"635",0.109955742875643,-0.0349065850398866,5.88350490847288,0.272271363311115
"636",5.88350490847288,0.272271363311115,5.16268392739923,0.593411945678072
"637",5.16268392739923,0.593411945678072,5.28485697503883,0.296705972839036
"638",5.28485697503883,0.296705972839036,0.492182849062401,-0.432841654494594
"639",0.492182849062401,-0.432841654494594,4.62163185928098,-0.226892802759263
"640",4.62163185928098,-0.226892802759263,5.4175019981904,-0.380481776934764
"641",5.4175019981904,-0.380481776934764,4.77347550420449,0.383972435438752
"642",4.77347550420449,0.383972435438752,5.41575666893841,0.45553093477052
"643",5.41575666893841,0.45553093477052,4.31270858167799,-0.289724655831059
"644",4.31270858167799,-0.289724655831059,5.19759051243911,0.172787595947439
"645",5.19759051243911,0.172787595947439,4.05963584013881,-0.240855436775218
"646",4.05963584013881,-0.240855436775218,5.30231026755877,-0.32637657012294
"647",5.30231026755877,-0.32637657012294,5.4489179247263,-0.359537825910832
"648",5.4489179247263,-0.359537825910832,4.83456202802429,0.593411945678072
"649",4.83456202802429,0.593411945678072,4.70715299262871,-0.155334303427495
"650",4.70715299262871,-0.155334303427495,3.56047167406843,-0.319395253114962
"651",3.56047167406843,-0.319395253114962,3.06479816650204,0.193731546971371
"652",3.06479816650204,0.193731546971371,4.57101731097315,-0.230383461263251
"653",4.57101731097315,-0.230383461263251,4.55181868920121,0.197222205475359
"654",4.55181868920121,0.197222205475359,4.14690230273853,0.0698131700797732
"655",4.14690230273853,0.0698131700797732,4.92706447837999,0.284488668075076
"656",4.92706447837999,0.284488668075076,4.76300352869252,0.62482787221397
"657",4.76300352869252,0.62482787221397,3.49414916249265,-0.329867228626928
"658",3.49414916249265,-0.329867228626928,4.74205957766859,0.40317105721069
"659",4.74205957766859,0.40317105721069,2.77332818141899,0.331612557878923
"660",2.77332818141899,0.331612557878923,2.35968514869633,0.247836753783195
"661",2.35968514869633,0.247836753783195,2.74540291338708,-0.314159265358979
"662",2.74540291338708,-0.314159265358979,3.56221700332043,-0.434586983746588
"663",3.56221700332043,-0.434586983746588,2.31954257590046,0.272271363311115
"664",2.31954257590046,0.272271363311115,2.17991623574092,0.44331363000656
"665",2.17991623574092,0.44331363000656,2.08043246837724,0.267035375555132
"666",2.08043246837724,0.267035375555132,1.36135681655558,-0.272271363311115
"667",1.36135681655558,-0.272271363311115,3.22885911618951,0.198967534727354
"668",3.22885911618951,0.198967534727354,1.25663706143592,0.226892802759263
"669",1.25663706143592,0.226892802759263,2.11359372416513,0.185004900711399
"670",2.11359372416513,0.185004900711399,1.17635191584418,0.195476876223365
"671",1.17635191584418,0.195476876223365,2.51851011062782,0.0959931088596881
"672",2.51851011062782,0.0959931088596881,0.935496479068961,-0.291469985083053
"673",0.935496479068961,-0.291469985083053,2.1240656996771,0.486946861306418
"674",2.1240656996771,0.486946861306418,1.54810704651897,0.448549617762543
"675",1.54810704651897,0.448549617762543,1.27583568320785,-0.380481776934764
"676",1.27583568320785,-0.380481776934764,2.09090444388921,0.296705972839036
"677",2.09090444388921,0.296705972839036,0.570722665402146,-0.315904594610974
"678",0.570722665402146,-0.315904594610974,0.396189740202713,-0.366519142918809
"679",0.396189740202713,-0.366519142918809,0.774926187885482,0.0767944870877505
"680",0.774926187885482,0.0767944870877505,5.3860860716545,-0.349065850398866
"681",5.3860860716545,-0.349065850398866,1.55159770502296,0.191986217719376
"682",1.55159770502296,0.191986217719376,1.1990411961201,-0.354301838154849
"683",1.1990411961201,-0.354301838154849,0.427605666738611,-0.340339204138894
"684",0.427605666738611,-0.340339204138894,5.31627290157473,-0.305432619099008
"685",5.31627290157473,-0.305432619099008,5.52047642405806,0.205948851735331
"686",5.52047642405806,0.205948851735331,5.30056493830678,-0.352556508902855
"687",5.30056493830678,-0.352556508902855,4.96895238042786,0.340339204138894
"688",4.96895238042786,0.340339204138894,4.53960138443725,0.183259571459405
"689",4.53960138443725,0.183259571459405,4.22544211907827,-0.232128790515246
"690",4.22544211907827,-0.232128790515246,5.34419816960664,-0.183259571459405
"691",5.34419816960664,-0.183259571459405,5.48556983901818,-0.371755130674792
"692",5.48556983901818,-0.371755130674792,3.76642052580376,-0.200712863979348
"693",3.76642052580376,-0.200712863979348,3.75943920879579,-0.282743338823081
"694",3.75943920879579,-0.282743338823081,4.2778019966381,-0.370009801422798
"695",4.2778019966381,-0.370009801422798,3.99854931631901,0.256563400043166
"696",3.99854931631901,0.256563400043166,3.67217274619607,-0.366519142918809
"697",3.67217274619607,-0.366519142918809,4.67224640758882,0.3385938748869
"698",4.67224640758882,0.3385938748869,2.82045207122284,-0.300196631343025
"699",2.82045207122284,-0.300196631343025,2.71049632834719,0.340339204138894
"700",2.71049632834719,0.340339204138894,2.63544717051144,-0.308923277602996
"701",2.63544717051144,-0.308923277602996,3.46447856520874,-0.389208423194735
"702",3.46447856520874,-0.389208423194735,4.29525528915804,-0.413643032722656
"703",4.29525528915804,-0.413643032722656,3.0176742766982,0.284488668075076
"704",3.0176742766982,0.284488668075076,2.54992603716372,-0.244346095279206
"705",2.54992603716372,-0.244346095279206,2.15897228471699,0.251327412287183
"706",2.15897228471699,0.251327412287183,2.13104701668508,-0.371755130674792
"707",2.13104701668508,-0.371755130674792,3.05781684949407,0.376991118430775
"708",3.05781684949407,0.376991118430775,2.34746784393237,0.287979326579064
"709",2.34746784393237,0.287979326579064,1.9704767255016,0.314159265358979
"710",1.9704767255016,0.314159265358979,1.79943445880615,-0.219911485751285
"711",1.79943445880615,-0.219911485751285,1.68075206967054,0.185004900711399
"712",1.68075206967054,0.185004900711399,2.51501945212383,-0.308923277602996
"713",2.51501945212383,-0.308923277602996,1.39800873084746,0.258308729295161
"714",1.39800873084746,0.258308729295161,1.31248759749974,0.631809189221947
"715",1.31248759749974,0.631809189221947,2.62497519499947,0.44331363000656
"716",2.62497519499947,0.44331363000656,2.52200076913181,0.474729556542458
"717",2.52200076913181,0.474729556542458,2.29510796637254,0.357792496658838
"718",2.29510796637254,0.357792496658838,1.34390352403563,-0.383972435438752
"719",1.34390352403563,-0.383972435438752,1.11875605052837,-0.335103216382911
"720",1.11875605052837,-0.335103216382911,1.54461638801498,0.183259571459405
"721",1.54461638801498,0.183259571459405,1.25489173218392,-0.357792496658838
"722",1.25489173218392,-0.357792496658838,0.626573201465964,-0.425860337486616
"723",0.626573201465964,-0.425860337486616,0.546288055874225,-0.164060949687467
"724",0.546288055874225,-0.164060949687467,0.120427718387609,-0.356047167406843
"725",0.120427718387609,-0.356047167406843,5.60948821590977,-0.570722665402146
"726",5.60948821590977,-0.570722665402146,2.07519648062126,0.280998009571087
"727",2.07519648062126,0.280998009571087,0.881391272257136,0.294960643587042
"728",0.881391272257136,0.294960643587042,0.586430628670095,0.0506145483078356
"729",0.586430628670095,0.0506145483078356,0.410152374218667,0.183259571459405
"730",0.410152374218667,0.183259571459405,5.60599755740579,-0.347320521146872
"731",5.60599755740579,-0.347320521146872,0.945968454580927,-0.162315620435473
"732",0.945968454580927,-0.162315620435473,0.516617458590322,-0.249582083035189
"733",0.516617458590322,-0.249582083035189,0.164060949687467,0.287979326579064
"734",0.164060949687467,0.287979326579064,0.258308729295161,-0.226892802759263
"735",0.258308729295161,-0.226892802759263,0.382227106186758,-0.324631240870945
"736",0.382227106186758,-0.324631240870945,4.86772328381219,0.219911485751285
"737",4.86772328381219,0.219911485751285,6.08596310170423,0.319395253114962
"738",6.08596310170423,0.319395253114962,5.68453737374553,0.296705972839036
"739",5.68453737374553,0.296705972839036,4.54832803069722,-0.364773813666815
"740",4.54832803069722,-0.364773813666815,5.86081562819696,0.226892802759263
"741",5.86081562819696,0.226892802759263,3.89382956119935,-0.500909495322373
"742",3.89382956119935,-0.500909495322373,3.66519142918809,0.331612557878923
"743",3.66519142918809,0.331612557878923,3.1381019950858,0.268780704807127
"744",3.1381019950858,0.268780704807127,2.97927703315432,-0.195476876223365
"745",2.97927703315432,-0.195476876223365,2.84139602224677,0.303687289847013
"746",2.84139602224677,0.303687289847013,4.64955712731289,0.436332312998582
"747",4.64955712731289,0.436332312998582,2.7384215963791,-0.376991118430775
"748",2.7384215963791,-0.376991118430775,2.34572251468038,0.176278254451427
"749",2.34572251468038,0.176278254451427,3.36674012709706,-0.425860337486616
"750",3.36674012709706,-0.425860337486616,2.75238423039506,-0.275762021815104
"751",2.75238423039506,-0.275762021815104,4.00727596257898,0.345575191894877
"752",4.00727596257898,0.345575191894877,3.52032910127256,-0.317649923862968
"753",3.52032910127256,-0.317649923862968,2.88328392429463,-0.258308729295161
"754",2.88328392429463,-0.258308729295161,2.96880505764235,-0.23387411976724
"755",2.96880505764235,-0.23387411976724,2.73493093787511,0.18151424220741
"756",2.73493093787511,0.18151424220741,1.49923782746313,0.275762021815104
"757",1.49923782746313,0.275762021815104,2.9548424236264,0.331612557878923
"758",2.9548424236264,0.331612557878923,0.947713783832921,-0.279252680319093
"759",0.947713783832921,-0.279252680319093,3.15555528760575,-0.335103216382911
"760",3.15555528760575,-0.335103216382911,2.4940755010999,-0.366519142918809
"761",2.4940755010999,-0.366519142918809,1.39626340159546,0.282743338823081
"762",1.39626340159546,0.282743338823081,0.830776723949301,0.158824961931484
"763",0.830776723949301,0.158824961931484,0.486946861306418,-0.329867228626928
"764",0.486946861306418,-0.329867228626928,2.0943951023932,-0.216420827247297
"765",2.0943951023932,-0.216420827247297,0.0942477796076938,-0.368264472170804
"766",0.0942477796076938,-0.368264472170804,0.617846555205993,0.462512251778497
"767",0.617846555205993,0.462512251778497,0.916297857297023,0.0349065850398866
"768",0.916297857297023,0.0349065850398866,1.03498024643264,0.272271363311115
"769",1.03498024643264,0.272271363311115,0.593411945678072,-0.418879020478639
"770",0.593411945678072,-0.418879020478639,0.528834763354282,-0.216420827247297
"771",0.528834763354282,-0.216420827247297,5.80321976288115,0.277507351067098
"772",5.80321976288115,0.277507351067098,1.18682389135614,0.232128790515246
"773",1.18682389135614,0.232128790515246,0.813323431429358,0.178023583703422
"774",0.813323431429358,0.178023583703422,5.83463568941704,-0.291469985083053
"775",5.83463568941704,-0.291469985083053,5.90793951800081,0.237364778271229
"776",5.90793951800081,0.237364778271229,4.56578132321717,0.431096325242599
"777",4.56578132321717,0.431096325242599,0.146607657167524,0.235619449019234
"778",0.146607657167524,0.235619449019234,5.05272818452358,0.178023583703422
"779",5.05272818452358,0.178023583703422,4.89215789334011,0.272271363311115
"780",4.89215789334011,0.272271363311115,3.96887871903511,0.373500459926786
"781",3.96887871903511,0.373500459926786,3.89557489045134,-0.488692190558412
"782",3.89557489045134,-0.488692190558412,4.3999750442777,0.492182849062401
"783",4.3999750442777,0.492182849062401,3.55174502780846,-0.3385938748869
"784",3.55174502780846,-0.3385938748869,3.73325927001587,0.335103216382911
"785",3.73325927001587,0.335103216382911,3.20966049441757,-0.272271363311115
"786",3.20966049441757,-0.272271363311115,4.4331363000656,0.445058959258554
"787",4.4331363000656,0.445058959258554,4.1259583517146,-0.247836753783195
"788",4.1259583517146,-0.247836753783195,4.08756110817072,-0.0959931088596881
"789",4.08756110817072,-0.0959931088596881,3.92873614623924,0.0279252680319093
"790",3.92873614623924,0.0279252680319093,4.11199571769864,0.303687289847013
"791",4.11199571769864,0.303687289847013,3.91128285371929,-0.368264472170804
"792",3.91128285371929,-0.368264472170804,2.51851011062782,0.171042266695444
"793",2.51851011062782,0.171042266695444,2.64940980452739,0.207694180987325
"794",2.64940980452739,0.207694180987325,1.83085038534205,0.167551608191456
"795",1.83085038534205,0.167551608191456,1.77849050778222,-0.261799387799149
"796",1.77849050778222,-0.261799387799149,2.79078147393893,-0.277507351067098
"797",2.79078147393893,-0.277507351067098,1.6929693744345,0.191986217719376
"798",1.6929693744345,0.191986217719376,2.64242848751941,-0.680678408277789
"799",2.64242848751941,-0.680678408277789,2.17991623574092,0.378736447682769
"800",2.17991623574092,0.378736447682769,2.38237442897226,0.172787595947439
"801",2.38237442897226,0.172787595947439,2.58308729295161,-0.272271363311115
"802",2.58308729295161,-0.272271363311115,1.03148958792865,-0.303687289847013
"803",1.03148958792865,-0.303687289847013,2.05599785884932,0.411897703470662
"804",2.05599785884932,0.411897703470662,0.284488668075076,-0.359537825910832
"805",0.284488668075076,-0.359537825910832,0.984365698124802,-0.267035375555132
"806",0.984365698124802,-0.267035375555132,0.143116998663535,-0.342084533390889
"807",0.143116998663535,-0.342084533390889,1.46433124242324,0.0349065850398866
"808",1.46433124242324,0.0349065850398866,0.860447321233204,-0.202458193231342
"809",0.860447321233204,-0.202458193231342,0.668461103513828,-0.303687289847013
"810",0.668461103513828,-0.303687289847013,0.951204442336909,-0.303687289847013
"811",0.951204442336909,-0.303687289847013,5.49778714378214,-0.357792496658838
"812",5.49778714378214,-0.357792496658838,5.00036830696375,0.441568300754565
"813",5.00036830696375,0.441568300754565,1.03323491718064,-0.256563400043166
"814",1.03323491718064,-0.256563400043166,5.25344104850293,-0.396189740202713
"815",5.25344104850293,-0.396189740202713,4.59894257900506,0.146607657167524
"816",4.59894257900506,0.146607657167524,4.4645522266015,0.45553093477052
"817",4.4645522266015,0.45553093477052,4.1538836197465,-0.45553093477052
"818",4.1538836197465,-0.45553093477052,4.00553063332699,0.253072741539178
"819",4.00553063332699,0.253072741539178,3.42433599241287,0.349065850398866
"820",3.42433599241287,0.349065850398866,3.31961623729321,-0.205948851735331
"821",3.31961623729321,-0.205948851735331,3.08923277602996,0.218166156499291
"822",3.08923277602996,0.218166156499291,3.93397213399522,0.349065850398866
"823",3.93397213399522,0.349065850398866,2.86757596102668,-0.267035375555132
"824",2.86757596102668,-0.267035375555132,2.88328392429463,0.102974425867665
"825",2.88328392429463,0.102974425867665,2.58308729295161,0.185004900711399
"826",2.58308729295161,0.185004900711399,2.88851991205062,-0.363028484414821
"827",2.88851991205062,-0.363028484414821,1.89019157990986,0.174532925199433
"828",1.89019157990986,0.174532925199433,2.90946386307455,0.253072741539178
"829",2.90946386307455,0.253072741539178,2.51676478137582,0.219911485751285
"830",2.51676478137582,0.219911485751285,2.5237460983838,-0.253072741539178
"831",2.5237460983838,-0.253072741539178,1.97396738400559,0.218166156499291
"832",1.97396738400559,0.218166156499291,2.69827902358323,0.268780704807127
"833",2.69827902358323,0.268780704807127,1.80467044656214,-0.282743338823081
"834",1.80467044656214,-0.282743338823081,1.63537350911869,0.2460914245312
"835",1.63537350911869,0.2460914245312,1.48527519344717,0.251327412287183
"836",1.48527519344717,0.251327412287183,0.893608577021097,-0.205948851735331
"837",0.893608577021097,-0.205948851735331,2.17817090648892,0.237364778271229
"838",2.17817090648892,0.237364778271229,1.78721715404219,0.20943951023932
"839",1.78721715404219,0.20943951023932,1.72089464246641,0.39095375244673
"840",1.72089464246641,0.39095375244673,0.743510261349584,-0.328121899374934
"841",0.743510261349584,-0.328121899374934,0.820304748437335,-0.329867228626928
"842",0.820304748437335,-0.329867228626928,1.35961148730358,-0.378736447682769
"843",1.35961148730358,-0.378736447682769,1.18158790360016,-0.291469985083053
"844",1.18158790360016,-0.291469985083053,5.19235452468313,0.115191730631626
"845",5.19235452468313,0.115191730631626,0.240855436775218,-0.375245789178781
"846",0.240855436775218,-0.375245789178781,6.08072711394824,0.125663706143592
"847",6.08072711394824,0.125663706143592,0.68940505453776,-0.314159265358979
"848",0.68940505453776,-0.314159265358979,5.22726110972302,-0.432841654494594
"849",5.22726110972302,-0.432841654494594,0.457276264022514,-0.315904594610974
"850",0.457276264022514,-0.315904594610974,5.24471440224296,-0.258308729295161
"851",5.24471440224296,-0.258308729295161,6.05803783367232,0.453785605518526
"852",6.05803783367232,0.453785605518526,4.08057979116274,0.373500459926786
"853",4.08057979116274,0.373500459926786,3.42259066316088,-0.223402144255274
"854",3.42259066316088,-0.223402144255274,4.72809694365264,0.228638132011257
"855",4.72809694365264,0.228638132011257,3.9095375244673,0.324631240870945
"856",3.9095375244673,0.324631240870945,3.55523568631245,0.291469985083053
"857",3.55523568631245,0.291469985083053,3.07352481276201,0.261799387799149
"858",3.07352481276201,0.261799387799149,2.96531439913837,0.322885911618951
"859",2.96531439913837,0.322885911618951,2.68955237732326,0.202458193231342
"860",2.68955237732326,0.202458193231342,2.54643537865973,0.446804288510548
"861",2.54643537865973,0.446804288510548,2.22354946704078,0.228638132011257
"862",2.22354946704078,0.228638132011257,2.14850030920502,0.174532925199433
"863",2.14850030920502,0.174532925199433,2.10137641940117,0.20943951023932
"864",2.10137641940117,0.20943951023932,2.62846585350346,-0.331612557878923
"865",2.62846585350346,-0.331612557878923,3.02291026445418,-0.376991118430775
"866",3.02291026445418,-0.376991118430775,2.50105681810787,0.347320521146872
"867",2.50105681810787,0.347320521146872,1.95127810372966,-0.329867228626928
"868",1.95127810372966,-0.329867228626928,1.93033415270573,0.171042266695444
"869",1.93033415270573,0.171042266695444,1.87273828738992,0.193731546971371
"870",1.87273828738992,0.193731546971371,2.81870674197084,-0.249582083035189
"871",2.81870674197084,-0.249582083035189,2.81870674197084,0.153588974175501
"872",2.81870674197084,0.153588974175501,3.15555528760575,-0.282743338823081
"873",3.15555528760575,-0.282743338823081,3.28994564000931,-0.35081117965086
"874",3.28994564000931,-0.35081117965086,1.96349540849362,0.139626340159546
"875",1.96349540849362,0.139626340159546,1.79245314179818,-0.35081117965086
"876",1.79245314179818,-0.35081117965086,3.02640092295817,-0.139626340159546
"877",3.02640092295817,-0.139626340159546,1.73136661797837,-0.392699081698724
"878",1.73136661797837,-0.392699081698724,1.67900674041855,-0.432841654494594
"879",1.67900674041855,-0.432841654494594,0.5846852994181,-0.356047167406843
"880",0.5846852994181,-0.356047167406843,1.24616508592395,0.340339204138894
"881",1.24616508592395,0.340339204138894,1.62315620435473,-0.434586983746588
"882",1.62315620435473,-0.434586983746588,0.589921287174083,0.101229096615671
"883",0.589921287174083,0.101229096615671,0.916297857297023,-0.270526034059121
"884",0.916297857297023,-0.270526034059121,1.85528499486997,-0.392699081698724
"885",1.85528499486997,-0.392699081698724,5.71595330028143,-0.567232006898157
"886",5.71595330028143,-0.567232006898157,5.27613032877886,0.11693705988362
"887",5.27613032877886,0.11693705988362,0.408407044966673,-0.342084533390889
"888",0.408407044966673,-0.342084533390889,5.61996019142174,-0.373500459926786
"889",5.61996019142174,-0.373500459926786,5.25169571925094,-0.237364778271229
"890",5.25169571925094,-0.237364778271229,4.84503400353626,0.237364778271229
"891",4.84503400353626,0.237364778271229,5.46288055874225,0.102974425867665
"892",5.46288055874225,0.102974425867665,5.48207918051419,0.102974425867665
"893",5.48207918051419,0.102974425867665,3.14159265358979,0.293215314335047
"894",3.14159265358979,0.293215314335047,4.81710873550435,-0.710349005561692
"895",4.81710873550435,-0.710349005561692,4.06487182789479,0.134390352403563
"896",4.06487182789479,0.134390352403563,3.72802328225989,0.268780704807127
"897",3.72802328225989,0.268780704807127,2.68082573106329,0.183259571459405
"898",2.68082573106329,0.183259571459405,3.79434579383567,0.258308729295161
"899",3.79434579383567,0.258308729295161,3.50636646725661,0.39095375244673
"900",3.50636646725661,0.39095375244673,3.34405084682113,-0.427605666738611
"901",3.34405084682113,-0.427605666738611,2.65988178003936,0.375245789178781
"902",2.65988178003936,0.375245789178781,1.94953277447767,0.251327412287183
"903",1.94953277447767,0.251327412287183,1.71740398396242,0.207694180987325
"904",1.71740398396242,0.207694180987325,3.43655329717683,-0.275762021815104
"905",3.43655329717683,-0.275762021815104,2.91819050933452,-0.342084533390889
"906",2.91819050933452,-0.342084533390889,2.25671072282867,0.191986217719376
"907",2.25671072282867,0.191986217719376,1.56730566829091,0.226892802759263
"908",1.56730566829091,0.226892802759263,3.78736447682769,0.28623399732707
"909",3.78736447682769,0.28623399732707,3.07527014201401,-0.195476876223365
"910",3.07527014201401,-0.195476876223365,1.19729586686811,0.0959931088596881
"911",1.19729586686811,0.0959931088596881,1.22522113490002,-0.333357887130917
"912",1.22522113490002,-0.333357887130917,2.2148228207808,-0.178023583703422
"913",2.2148228207808,-0.178023583703422,1.21823981789204,-0.240855436775218
"914",1.21823981789204,-0.240855436775218,1.07163216072452,0.148352986419518
"915",1.07163216072452,0.148352986419518,2.80998009571087,0.534070751110265
"916",2.80998009571087,0.534070751110265,2.68257106031528,0.212930168743308
"917",2.68257106031528,0.212930168743308,6.22384411261178,0.296705972839036
"918",6.22384411261178,0.296705972839036,1.56730566829091,0.223402144255274
"919",1.56730566829091,0.223402144255274,5.65835743496562,-0.452040276266531
"920",5.65835743496562,-0.452040276266531,1.99142067652553,0.504400153826361
"921",1.99142067652553,0.504400153826361,1.43116998663535,0.198967534727354
"922",1.43116998663535,0.198967534727354,5.71420797102943,0.385717764690747
"923",5.71420797102943,0.385717764690747,0.872664625997165,-0.287979326579064
"924",0.872664625997165,-0.287979326579064,0.610865238198015,-0.3385938748869
"925",0.610865238198015,-0.3385938748869,0.0663225115757845,0.368264472170804
"926",0.0663225115757845,0.368264472170804,5.848598323433,-0.548033385126219
"927",5.848598323433,-0.548033385126219,5.78925712886519,0.418879020478639
"928",5.78925712886519,0.418879020478639,5.77529449484924,-0.408407044966673
"929",5.77529449484924,-0.408407044966673,6.12086968674411,0.319395253114962
"930",6.12086968674411,0.319395253114962,4.82234472326033,0.22165681500328
"931",4.82234472326033,0.22165681500328,6.05629250442032,-0.0296705972839036
"932",6.05629250442032,-0.0296705972839036,6.17322956430394,0.242600766027212
"933",6.17322956430394,0.242600766027212,5.9393554445367,0.247836753783195
"934",5.9393554445367,0.247836753783195,5.9411007737887,0.35081117965086
"935",5.9411007737887,0.35081117965086,4.29001930140206,-0.18151424220741
"936",4.29001930140206,-0.18151424220741,5.47160720500222,0.35081117965086
"937",5.47160720500222,0.35081117965086,4.20798882655833,-0.347320521146872
"938",4.20798882655833,-0.347320521146872,6.17148423505195,-0.310668606854991
"939",6.17148423505195,-0.310668606854991,4.44186294632557,0.630063859969953
"940",4.44186294632557,0.630063859969953,2.94262511886244,0.162315620435473
"941",2.94262511886244,0.162315620435473,4.4628068973495,-0.267035375555132
"942",4.4628068973495,-0.267035375555132,4.28129265514209,-0.363028484414821
"943",4.28129265514209,-0.363028484414821,4.27256600888212,0.593411945678072
"944",4.27256600888212,0.593411945678072,3.82401639111958,0.413643032722656
"945",3.82401639111958,0.413643032722656,4.42790031230961,0.478220215046446
"946",4.42790031230961,0.478220215046446,3.2009338481576,0.130899693899575
"947",3.2009338481576,0.130899693899575,2.57959663444762,-0.364773813666815
"948",2.57959663444762,-0.364773813666815,2.32652389290844,0.141371669411541
"949",2.32652389290844,0.141371669411541,2.04028989558137,0.172787595947439
"950",2.04028989558137,0.172787595947439,1.89368223841385,0.186750229963393
"951",1.89368223841385,0.186750229963393,3.16777259236971,0.328121899374934
"952",3.16777259236971,0.328121899374934,2.82917871748281,0.342084533390889
"953",2.82917871748281,0.342084533390889,2.3998277214922,0.717330322569669
"954",2.3998277214922,0.717330322569669,2.17642557723693,0.335103216382911
"955",2.17642557723693,0.335103216382911,1.8762289458939,0.200712863979348
"956",1.8762289458939,0.200712863979348,1.60919357033877,0.158824961931484
"957",1.60919357033877,0.158824961931484,2.02458193231342,0.232128790515246
"958",2.02458193231342,0.232128790515246,3.19220720189763,0.336848545634906
"959",3.19220720189763,0.336848545634906,2.47313155007596,-0.371755130674792
"960",2.47313155007596,-0.371755130674792,1.46433124242324,0.272271363311115
"961",1.46433124242324,0.272271363311115,0.0331612557878923,0.237364778271229
"962",0.0331612557878923,0.237364778271229,1.37706477982353,-0.139626340159546
"963",1.37706477982353,-0.139626340159546,6.18021088131192,-0.308923277602996
"964",6.18021088131192,-0.308923277602996,1.19205987911213,-0.406661715714679
"965",1.19205987911213,-0.406661715714679,5.10159740357942,0.123918376891597
"966",5.10159740357942,0.123918376891597,1.232202451908,-0.610865238198015
"967",1.232202451908,-0.610865238198015,0.605629250442032,-0.205948851735331
"968",0.605629250442032,-0.205948851735331,5.70897198327345,0.314159265358979
"969",5.70897198327345,0.314159265358979,4.81536340625235,-0.364773813666815
"970",4.81536340625235,-0.364773813666815,6.13483232076007,0.212930168743308
"971",6.13483232076007,0.212930168743308,4.95848040491589,-0.253072741539178
"972",4.95848040491589,-0.253072741539178,4.79092879672443,0.251327412287183
"973",4.79092879672443,0.251327412287183,5.13650398861931,-0.293215314335047
"974",5.13650398861931,-0.293215314335047,5.35117948661461,0.153588974175501
"975",5.35117948661461,0.153588974175501,3.4784411992247,0.254818070791172
"976",3.4784411992247,0.254818070791172,2.93564380185446,0.314159265358979
"977",2.93564380185446,0.314159265358979,2.87630260728666,0.308923277602996
"978",2.87630260728666,0.308923277602996,2.78380015693096,0.321140582366957
"979",2.78380015693096,0.321140582366957,4.85376064979623,0.15707963267949
"980",4.85376064979623,0.15707963267949,4.50818545790135,0.207694180987325
"981",4.50818545790135,0.207694180987325,3.15031929984976,0.237364778271229
"982",3.15031929984976,0.237364778271229,4.27082067963012,-0.35081117965086
"983",4.27082067963012,-0.35081117965086,3.09795942228993,-0.368264472170804
"984",3.09795942228993,-0.368264472170804,2.2776546738526,0.462512251778497
"985",2.2776546738526,0.462512251778497,3.15031929984976,0.202458193231342
"986",3.15031929984976,0.202458193231342,2.74365758413509,0.394444410950718
"987",2.74365758413509,0.394444410950718,2.73144027937113,0.335103216382911
"988",2.73144027937113,0.335103216382911,2.49756615960389,0.385717764690747
"989",2.49756615960389,0.385717764690747,1.70344134994647,0.202458193231342
"990",1.70344134994647,0.202458193231342,1.6004669240788,-0.228638132011257
"991",1.6004669240788,-0.228638132011257,1.49400183970715,-0.312413936106985
"992",1.49400183970715,-0.312413936106985,1.46956723017923,-0.226892802759263
"993",1.46956723017923,-0.226892802759263,2.3701571242083,0.35081117965086
"994",2.3701571242083,0.35081117965086,3.40164671213695,-0.258308729295161
"995",3.40164671213695,-0.258308729295161,2.67035375555132,0.277507351067098
"996",2.67035375555132,0.277507351067098,2.50454747661186,0.329867228626928
"997",2.50454747661186,0.329867228626928,2.30557994188451,0.268780704807127
"998",2.30557994188451,0.268780704807127,1.62664686285872,0.207694180987325
"999",1.62664686285872,0.207694180987325,1.45385926691128,-0.275762021815104
"1000",1.45385926691128,-0.275762021815104,0.595157274930066,0.342084533390889
"1001",0.595157274930066,0.342084533390889,2.93215314335047,0.389208423194735
"1002",2.93215314335047,0.389208423194735,2.62148453649548,0.307177948351002
"1003",2.62148453649548,0.307177948351002,1.19729586686811,-0.308923277602996
"1004",1.19729586686811,-0.308923277602996,0.994837673636768,0.16929693744345
"1005",0.994837673636768,0.16929693744345,1.91811684794177,0.466002910282486
"1006",1.91811684794177,0.466002910282486,1.33517687777566,-0.385717764690747
"1007",1.33517687777566,-0.385717764690747,1.84655834861,-0.16929693744345
"1008",1.84655834861,-0.16929693744345,5.97426202957659,0.35081117965086
"1009",5.97426202957659,0.35081117965086,5.7857664703612,-0.401425727958696
"1010",5.7857664703612,-0.401425727958696,5.63043216693371,0.200712863979348
"1011",5.63043216693371,0.200712863979348,5.67930138598955,-0.376991118430775
"1012",5.67930138598955,-0.376991118430775,5.60774288665778,-0.389208423194735
"1013",5.60774288665778,-0.389208423194735,5.52745774106604,0.383972435438752
"1014",5.52745774106604,0.383972435438752,0.579449311662117,0.3385938748869
"1015",0.579449311662117,0.3385938748869,5.39481271791447,-0.378736447682769
"1016",5.39481271791447,-0.378736447682769,6.22209878335978,0.111701072127637
"1017",6.22209878335978,0.111701072127637,5.77180383634525,-0.261799387799149
"1018",5.77180383634525,-0.261799387799149,5.89921287174083,0.317649923862968
"1019",5.89921287174083,0.317649923862968,0.212930168743308,0.226892802759263
"1020",0.212930168743308,0.226892802759263,4.39822971502571,-0.300196631343025
"1021",4.39822971502571,-0.300196631343025,3.59537825910832,-0.575958653158129
"1022",3.59537825910832,-0.575958653158129,3.22536845768552,0.32637657012294
"1023",3.22536845768552,0.32637657012294,4.59370659124907,-0.387463093942741
"1024",4.59370659124907,-0.387463093942741,2.54469004940773,0.324631240870945
"1025",2.54469004940773,0.324631240870945,3.27074701823737,-0.256563400043166
"1026",3.27074701823737,-0.256563400043166,3.03338223996614,0.136135681655558
"1027",3.03338223996614,0.136135681655558,2.92691715559449,0.136135681655558
"1028",2.92691715559449,0.136135681655558,2.82045207122284,-0.319395253114962
"1029",2.82045207122284,-0.319395253114962,2.74714824263907,0.319395253114962
"1030",2.74714824263907,0.319395253114962,2.74540291338708,0.237364778271229
"1031",2.74540291338708,0.237364778271229,2.29336263712055,0.417133691226645
"1032",2.29336263712055,0.417133691226645,2.05425252959733,0.453785605518526
"1033",2.05425252959733,0.453785605518526,2.22704012554476,0.422369678982628
"1034",2.22704012554476,0.422369678982628,3.37895743186102,0.212930168743308
"1035",3.37895743186102,0.212930168743308,2.90771853382255,0.197222205475359
"1036",2.90771853382255,0.197222205475359,2.53072741539178,0.368264472170804
"1037",2.53072741539178,0.368264472170804,2.65290046303138,0.383972435438752
"1038",2.65290046303138,0.383972435438752,1.50272848596712,0.254818070791172
"1039",1.50272848596712,0.254818070791172,2.46615023306799,0.160570291183478
"1040",2.46615023306799,0.160570291183478,1.79768912955416,-0.219911485751285
"1041",1.79768912955416,-0.219911485751285,0.450294947014537,-0.179768912955416
"1042",0.450294947014537,-0.179768912955416,2.15024563845701,0.272271363311115
"1043",2.15024563845701,0.272271363311115,1.66678943565458,0.504400153826361
"1044",1.66678943565458,0.504400153826361,0.91106186954104,0.179768912955416
"1045",0.91106186954104,0.179768912955416,5.48556983901818,-0.39095375244673
"1046",5.48556983901818,-0.39095375244673,5.12952267161133,0.162315620435473
"1047",5.12952267161133,0.162315620435473,5.10334273283142,-0.254818070791172
"1048",5.10334273283142,-0.254818070791172,6.02836723638841,0.466002910282486
"1049",6.02836723638841,0.466002910282486,5.0492375260196,0.174532925199433
"1050",5.0492375260196,0.174532925199433,5.3249995478347,0.373500459926786
"1051",5.3249995478347,0.373500459926786,3.87637626867941,0.272271363311115
"1052",3.87637626867941,0.272271363311115,4.59021593274509,-0.373500459926786
"1053",4.59021593274509,-0.373500459926786,3.62504885639222,0.401425727958696
"1054",3.62504885639222,0.401425727958696,3.2620203719774,0.195476876223365
"1055",3.2620203719774,0.195476876223365,4.000294645571,0.476474885794452
"1056",4.000294645571,0.476474885794452,3.03861822772213,-0.319395253114962
"1057",3.03861822772213,-0.319395253114962,2.87455727803466,-0.275762021815104
"1058",2.87455727803466,-0.275762021815104,2.66337243854335,0.329867228626928
"1059",2.66337243854335,0.329867228626928,2.61973920724349,0.153588974175501
"1060",2.61973920724349,0.153588974175501,2.53770873239976,0.39095375244673
"1061",2.53770873239976,0.39095375244673,4.48375084837343,-0.22165681500328
"1062",4.48375084837343,-0.22165681500328,3.10668606854991,0.247836753783195
"1063",3.10668606854991,0.247836753783195,3.04385421547811,0.155334303427495
"1064",3.04385421547811,0.155334303427495,2.16595360172496,0.202458193231342
"1065",2.16595360172496,0.202458193231342,1.87099295813792,0.418879020478639
"1066",1.87099295813792,0.418879020478639,2.54992603716372,0.359537825910832
"1067",2.54992603716372,0.359537825910832,2.6476644752754,0.363028484414821
"1068",2.6476644752754,0.363028484414821,1.54112572951099,0.0767944870877505
"1069",1.54112572951099,0.0767944870877505,2.63893782901543,0.411897703470662
"1070",2.63893782901543,0.411897703470662,1.78721715404219,0.188495559215388
"1071",1.78721715404219,0.188495559215388,2.31605191739648,0.492182849062401
"1072",2.31605191739648,0.492182849062401,2.38062909972027,0.513126800086333
"1073",2.38062909972027,0.513126800086333,2.4923301718479,0.130899693899575
"1074",2.4923301718479,0.130899693899575,2.42426233102012,0.396189740202713
"1075",2.42426233102012,0.396189740202713,1.63886416762268,-0.413643032722656
"1076",1.63886416762268,-0.413643032722656,0.918043186549017,0.287979326579064
"1077",0.918043186549017,0.287979326579064,1.77325452002624,0.546288055874225
"1078",1.77325452002624,0.546288055874225,2.05599785884932,-0.258308729295161
"1079",2.05599785884932,-0.258308729295161,0.364773813666815,0.279252680319093
"1080",0.364773813666815,0.279252680319093,2.69304303582725,-0.331612557878923
"1081",2.69304303582725,-0.331612557878923,1.9687313962496,-0.425860337486616
"1082",1.9687313962496,-0.425860337486616,0.755727566113545,0.101229096615671
"1083",0.755727566113545,0.101229096615671,1.09955742875643,-0.345575191894877
"1084",1.09955742875643,-0.345575191894877,5.74038790980935,0.401425727958696
"1085",5.74038790980935,0.401425727958696,1.12573736753634,-0.319395253114962
"1086",1.12573736753634,-0.319395253114962,0.464257581030492,-0.219911485751285
"1087",0.464257581030492,-0.219911485751285,5.05970950153156,-0.123918376891597
"1088",5.05970950153156,-0.123918376891597,5.57981761862587,0.300196631343025
"1089",5.57981761862587,0.300196631343025,4.56403599396517,-0.366519142918809
"1090",4.56403599396517,-0.366519142918809,5.65312144720963,0.425860337486616
"1091",5.65312144720963,0.425860337486616,4.53960138443725,0.329867228626928
"1092",4.53960138443725,0.329867228626928,5.27089434102288,-0.324631240870945
"1093",5.27089434102288,-0.324631240870945,4.2463860701022,0.452040276266531
"1094",4.2463860701022,0.452040276266531,4.92008316137201,0.261799387799149
"1095",4.92008316137201,0.261799387799149,2.87979326579064,-0.284488668075076
"1096",2.87979326579064,-0.284488668075076,5.0789081233035,-0.335103216382911
"1097",5.0789081233035,-0.335103216382911,3.65646478292812,-0.401425727958696
"1098",3.65646478292812,-0.401425727958696,2.61799387799149,0.40317105721069
"1099",2.61799387799149,0.40317105721069,2.22180413778878,-0.29845130209103
"1100",2.22180413778878,-0.29845130209103,2.20260551601684,0.363028484414821
"1101",2.20260551601684,0.363028484414821,4.1242130224626,0.490437519810407
"1102",4.1242130224626,0.490437519810407,2.99498499642227,0.40317105721069
"1103",2.99498499642227,0.40317105721069,3.13461133658182,0.115191730631626
"1104",3.13461133658182,0.115191730631626,2.4015730507442,0.438077642250577
"1105",2.4015730507442,0.438077642250577,3.24631240870945,-0.300196631343025
"1106",3.24631240870945,-0.300196631343025,2.53247274464377,-0.397935069454707
"1107",2.53247274464377,-0.397935069454707,2.47662220857995,0.401425727958696
"1108",2.47662220857995,0.401425727958696,2.43647963578408,0.335103216382911
"1109",2.43647963578408,0.335103216382911,1.51320046147908,0.396189740202713
"1110",1.51320046147908,0.396189740202713,1.13446401379631,-0.29845130209103
"1111",1.13446401379631,-0.29845130209103,2.53596340314776,-0.251327412287183
"1112",2.53596340314776,-0.251327412287183,1.77674517853023,-0.387463093942741
"1113",1.77674517853023,-0.387463093942741,2.26543736908864,0.50789081233035
"1114",2.26543736908864,0.50789081233035,1.68249739892253,0.375245789178781
"1115",1.68249739892253,0.375245789178781,2.02981792006941,0.335103216382911
"1116",2.02981792006941,0.335103216382911,0.556760031386191,0.188495559215388
"1117",0.556760031386191,0.188495559215388,1.7558012275063,0.214675497995303
"1118",1.7558012275063,0.214675497995303,0.424115008234622,0.294960643587042
"1119",0.424115008234622,0.294960643587042,0.891863247769102,0.0349065850398866
"1120",0.891863247769102,0.0349065850398866,0.792379480405426,0.10471975511966
"1121",0.792379480405426,0.10471975511966,5.46986187575023,-0.305432619099008
"1122",5.46986187575023,-0.305432619099008,0.336848545634906,-0.397935069454707
"1123",0.336848545634906,-0.397935069454707,5.09112542806746,0.253072741539178
"1124",5.09112542806746,0.253072741539178,4.99164166070378,-0.28623399732707
"1125",4.99164166070378,-0.28623399732707,1.00530964914873,0.272271363311115
"1126",1.00530964914873,0.272271363311115,5.92888346902474,0.162315620435473
"1127",5.92888346902474,0.162315620435473,5.59028959413784,0.307177948351002
"1128",5.59028959413784,0.307177948351002,0.32637657012294,0.303687289847013
"1129",0.32637657012294,0.303687289847013,5.03527489200364,0.253072741539178
"1130",5.03527489200364,0.253072741539178,4.98466034369581,0.101229096615671
"1131",4.98466034369581,0.101229096615671,3.76118453804778,-0.373500459926786
"1132",3.76118453804778,-0.373500459926786,4.71587963888868,-0.373500459926786
"1133",4.71587963888868,-0.373500459926786,4.33016187419793,-0.417133691226645
"1134",4.33016187419793,-0.417133691226645,3.28820031075732,0.123918376891597
"1135",3.28820031075732,0.123918376891597,5.37212343763855,0.284488668075076
"1136",5.37212343763855,0.284488668075076,3.81179908635562,-0.291469985083053
"1137",3.81179908635562,-0.291469985083053,3.20791516516558,-0.237364778271229
"1138",3.20791516516558,-0.237364778271229,2.68780704807127,0.425860337486616
"1139",2.68780704807127,0.425860337486616,2.5534166956677,-0.232128790515246
"1140",2.5534166956677,-0.232128790515246,2.43997029428807,0.261799387799149
"1141",2.43997029428807,0.261799387799149,3.78038315981972,-0.197222205475359
"1142",3.78038315981972,-0.197222205475359,2.12581102892909,-0.389208423194735
"1143",2.12581102892909,-0.389208423194735,1.99142067652553,0.212930168743308
"1144",1.99142067652553,0.212930168743308,3.48193185772869,0.191986217719376
"1145",3.48193185772869,0.191986217719376,3.1695179216217,-0.387463093942741
"1146",3.1695179216217,-0.387463093942741,1.81165176357011,-0.22165681500328
"1147",1.81165176357011,-0.22165681500328,2.69653369433124,-0.394444410950718
"1148",2.69653369433124,-0.394444410950718,3.53429173528852,0.150098315671512
"1149",3.53429173528852,0.150098315671512,2.53072741539178,0.267035375555132
"1150",2.53072741539178,0.267035375555132,1.24441975667196,0.438077642250577
"1151",1.24441975667196,0.438077642250577,1.57603231455088,0.261799387799149
"1152",1.57603231455088,0.261799387799149,1.70867733770245,0.162315620435473
"1153",1.70867733770245,0.162315620435473,1.15715329407224,-0.387463093942741
"1154",1.15715329407224,-0.387463093942741,0.568977336150151,0.296705972839036
"1155",0.568977336150151,0.296705972839036,1.53588974175501,0.270526034059121
"1156",1.53588974175501,0.270526034059121,1.27583568320785,0.413643032722656
"1157",1.27583568320785,0.413643032722656,1.19555053761612,0.226892802759263
"1158",1.19555053761612,0.226892802759263,0.226892802759263,0.261799387799149
"1159",0.226892802759263,0.261799387799149,0.0855211333477222,0.249582083035189
"1160",0.0855211333477222,0.249582083035189,0.0261799387799149,0.282743338823081
"1161",0.0261799387799149,0.282743338823081,1.71740398396242,0.486946861306418
"1162",1.71740398396242,0.486946861306418,0.385717764690747,-0.396189740202713
"1163",0.385717764690747,-0.396189740202713,1.90066355542182,0.287979326579064
"1164",1.90066355542182,0.287979326579064,0.275762021815104,-0.438077642250577
"1165",0.275762021815104,-0.438077642250577,1.02625360017267,-0.319395253114962
"1166",1.02625360017267,-0.319395253114962,0.464257581030492,-0.186750229963393
"1167",0.464257581030492,-0.186750229963393,0.869173967493176,-0.49567350756639
"1168",0.869173967493176,-0.49567350756639,1.1711159280882,-0.35081117965086
"1169",1.1711159280882,-0.35081117965086,0.267035375555132,-0.272271363311115
"1170",0.267035375555132,-0.272271363311115,5.94633676154468,0.333357887130917
"1171",5.94633676154468,0.333357887130917,5.03527489200364,-0.35081117965086
"1172",5.03527489200364,-0.35081117965086,5.27787565803085,0.483456202802429
"1173",5.27787565803085,0.483456202802429,4.53436539668127,-0.39095375244673
"1174",4.53436539668127,-0.39095375244673,0.020943951023932,-0.294960643587042
"1175",0.020943951023932,-0.294960643587042,5.73515192205337,0.293215314335047
"1176",5.73515192205337,0.293215314335047,4.02298392584693,-0.20943951023932
"1177",4.02298392584693,-0.20943951023932,3.92699081698724,0.474729556542458
"1178",3.92699081698724,0.474729556542458,3.87114028092342,-0.448549617762543
"1179",3.87114028092342,-0.448549617762543,4.42790031230961,-0.296705972839036
"1180",4.42790031230961,-0.296705972839036,3.81179908635562,-0.305432619099008
"1181",3.81179908635562,-0.305432619099008,3.53603706454051,0.20943951023932
"1182",3.53603706454051,0.20943951023932,4.38775773951374,-0.411897703470662
"1183",4.38775773951374,-0.411897703470662,4.64955712731289,-0.308923277602996
"1184",4.64955712731289,-0.308923277602996,4.25860337486616,-0.424115008234622
"1185",4.25860337486616,-0.424115008234622,3.39641072438097,0.151843644923507
"1186",3.39641072438097,0.151843644923507,2.36492113645232,0.251327412287183
"1187",2.36492113645232,0.251327412287183,3.02465559370617,-0.291469985083053
"1188",3.02465559370617,-0.291469985083053,2.07694180987325,0.218166156499291
"1189",2.07694180987325,0.218166156499291,1.82561439758607,-0.427605666738611
"1190",1.82561439758607,-0.427605666738611,3.68264472170804,-0.471238898038469
"1191",3.68264472170804,-0.471238898038469,2.78205482767896,0.171042266695444
"1192",2.78205482767896,0.171042266695444,3.86241363466345,0.15707963267949
"1193",3.86241363466345,0.15707963267949,1.96000474998963,0.101229096615671
"1194",1.96000474998963,0.101229096615671,1.73311194723037,0.357792496658838
"1195",1.73311194723037,0.357792496658838,1.24791041517595,0.404916386462684
"1196",1.24791041517595,0.404916386462684,1.10479341651241,0.0279252680319093
"1197",1.10479341651241,0.0279252680319093,2.66162710929135,0.310668606854991
"1198",2.66162710929135,0.310668606854991,2.25322006432468,0.242600766027212
"1199",2.25322006432468,0.242600766027212,3.01243828894221,-0.39095375244673
"1200",3.01243828894221,-0.39095375244673,1.89717289691784,0.321140582366957
"1201",1.89717289691784,0.321140582366957,1.17635191584418,0.534070751110265
"1202",1.17635191584418,0.534070751110265,2.21307749152881,0.122173047639603
"1203",2.21307749152881,0.122173047639603,1.52716309549504,0.247836753783195
"1204",1.52716309549504,0.247836753783195,2.45218759905203,0.500909495322373
"1205",2.45218759905203,0.500909495322373,1.61442955809475,0.424115008234622
"1206",1.61442955809475,0.424115008234622,0.134390352403563,-0.293215314335047
"1207",0.134390352403563,-0.293215314335047,0.275762021815104,0.223402144255274
"1208",0.275762021815104,0.223402144255274,0.0314159265358979,0.10471975511966
"1209",0.0314159265358979,0.10471975511966,6.00393262686049,0.3385938748869
"1210",6.00393262686049,0.3385938748869,0.020943951023932,-0.153588974175501
"1211",0.020943951023932,-0.153588974175501,0.965167076352864,0.247836753783195
"1212",0.965167076352864,0.247836753783195,6.13308699150807,-0.237364778271229
"1213",6.13308699150807,-0.237364778271229,0.548033385126219,0.254818070791172
"1214",0.548033385126219,0.254818070791172,6.15054028402802,-0.40317105721069
"1215",6.15054028402802,-0.40317105721069,5.57458163086989,0.376991118430775
"1216",5.57458163086989,0.376991118430775,5.90270353024482,0.225147473507269
"1217",5.90270353024482,0.225147473507269,4.54483737219323,-0.438077642250577
"1218",4.54483737219323,-0.438077642250577,6.10167106497218,0.401425727958696
"1219",6.10167106497218,0.401425727958696,4.7717301749525,-0.310668606854991
"1220",4.7717301749525,-0.310668606854991,5.50127780228613,-0.204203522483337
"1221",5.50127780228613,-0.204203522483337,5.41575666893841,-0.469493568786475
"1222",5.41575666893841,-0.469493568786475,4.65828377357287,-0.356047167406843
"1223",4.65828377357287,-0.356047167406843,5.61996019142174,-0.0925024503556995
"1224",5.61996019142174,-0.0925024503556995,4.62163185928098,-0.261799387799149
"1225",4.62163185928098,-0.261799387799149,4.04392787687086,-0.198967534727354
"1226",4.04392787687086,-0.198967534727354,4.85725130830022,-0.452040276266531
"1227",4.85725130830022,-0.452040276266531,5.16093859814723,0.198967534727354
"1228",5.16093859814723,0.198967534727354,3.99331332856303,-0.523598775598299
"1229",3.99331332856303,-0.523598775598299,3.13112067807783,-0.383972435438752
"1230",3.13112067807783,-0.383972435438752,3.92699081698724,-0.294960643587042
"1231",3.92699081698724,-0.294960643587042,4.41568300754565,-0.261799387799149
"1232",4.41568300754565,-0.261799387799149,2.7995081201989,0.32637657012294
"1233",2.7995081201989,0.32637657012294,3.12588469032184,0.143116998663535
"1234",3.12588469032184,0.143116998663535,3.72278729450391,0.319395253114962
"1235",3.72278729450391,0.319395253114962,1.79070781254618,0.382227106186758
"1236",1.79070781254618,0.382227106186758,3.15206462910176,-0.244346095279206
"1237",3.15206462910176,-0.244346095279206,1.2915436464758,-0.378736447682769
"1238",1.2915436464758,-0.378736447682769,2.97927703315432,0.139626340159546
"1239",2.97927703315432,0.139626340159546,3.43655329717683,-0.471238898038469
"1240",3.43655329717683,-0.471238898038469,1.1379546723003,0.459021593274509
"1241",1.1379546723003,0.459021593274509,1.02101761241668,0.205948851735331
"1242",1.02101761241668,0.205948851735331,1.09257611174845,-0.357792496658838
"1243",1.09257611174845,-0.357792496658838,1.05941485596056,-0.0959931088596881
"1244",1.05941485596056,-0.0959931088596881,2.49756615960389,0.237364778271229
"1245",2.49756615960389,0.237364778271229,0.429350995990605,-0.256563400043166
"1246",0.429350995990605,-0.256563400043166,2.27416401534861,0.172787595947439
"1247",2.27416401534861,0.172787595947439,0.27401669256311,-0.263544717051144
"1248",0.27401669256311,-0.263544717051144,2.33175988066442,0.570722665402146
"1249",2.33175988066442,0.570722665402146,1.60919357033877,0.411897703470662
"1250",1.60919357033877,0.411897703470662,0.851720674973233,0.230383461263251
"1251",0.851720674973233,0.230383461263251,2.60577657322753,0.303687289847013
"1252",2.60577657322753,0.303687289847013,1.85877565337396,0.549778714378214
"1253",1.85877565337396,0.549778714378214,0.53232542185827,0.319395253114962
"1254",0.53232542185827,0.319395253114962,5.93062879827673,0.347320521146872
"1255",5.93062879827673,0.347320521146872,5.72817060504539,-0.15707963267949
"1256",5.72817060504539,-0.15707963267949,0.500909495322373,-0.143116998663535
"1257",0.500909495322373,-0.143116998663535,6.20464549083984,0.335103216382911
"1258",6.20464549083984,0.335103216382911,6.13308699150807,0.277507351067098
"1259",6.13308699150807,0.277507351067098,4.91659250286803,0.329867228626928
"1260",4.91659250286803,0.329867228626928,5.74038790980935,0.109955742875643
"1261",5.74038790980935,0.109955742875643,5.4489179247263,0.361283155162826
"1262",5.4489179247263,0.361283155162826,4.93928178314395,0.0733038285837618
"1263",4.93928178314395,0.0733038285837618,4.50644012864936,0.108210413623648
"1264",4.50644012864936,0.108210413623648,0.205948851735331,0.225147473507269
"1265",0.205948851735331,0.225147473507269,4.05789051088682,-0.267035375555132
"1266",4.05789051088682,-0.267035375555132,4.94277244164794,0.191986217719376
"1267",4.94277244164794,0.191986217719376,6.22733477111577,0.329867228626928
"1268",6.22733477111577,0.329867228626928,3.87463093942741,0.226892802759263
"1269",3.87463093942741,0.226892802759263,3.95840674352314,-0.183259571459405
"1270",3.95840674352314,-0.183259571459405,5.48207918051419,0.139626340159546
"1271",5.48207918051419,0.139626340159546,3.4173546754049,-0.513126800086333
"1272",3.4173546754049,-0.513126800086333,4.46978821435748,0.115191730631626
"1273",4.46978821435748,0.115191730631626,3.5081117965086,-0.462512251778497
"1274",3.5081117965086,-0.462512251778497,3.28820031075732,-0.254818070791172
"1275",3.28820031075732,-0.254818070791172,4.84677933278825,-0.253072741539178
"1276",4.84677933278825,-0.253072741539178,2.64417381677141,0.29845130209103
"1277",2.64417381677141,0.29845130209103,2.62148453649548,0.164060949687467
"1278",2.62148453649548,0.164060949687467,2.54818070791172,0.123918376891597
"1279",2.54818070791172,0.123918376891597,2.74714824263907,0.0750491578357562
"1280",2.74714824263907,0.0750491578357562,3.54650904005248,-0.460766922526503
"1281",3.54650904005248,-0.460766922526503,2.41029969700417,0.190240888467382
"1282",2.41029969700417,0.190240888467382,1.74358392274234,0.228638132011257
"1283",1.74358392274234,0.228638132011257,1.65108147238664,0.22165681500328
"1284",1.65108147238664,0.22165681500328,1.95476876223365,0.183259571459405
"1285",1.95476876223365,0.183259571459405,1.57603231455088,0.413643032722656
"1286",1.57603231455088,0.413643032722656,1.20602251312808,0.401425727958696
"1287",1.20602251312808,0.401425727958696,1.10304808726042,0.172787595947439
"1288",1.10304808726042,0.172787595947439,1.9076448724298,0.886627260013119
"1289",1.9076448724298,0.886627260013119,1.61617488734675,-0.28623399732707
"1290",1.61617488734675,-0.28623399732707,2.08741378538522,-0.27401669256311
"1291",2.08741378538522,-0.27401669256311,2.86059464401871,0.373500459926786
"1292",2.86059464401871,0.373500459926786,2.35793981944434,0.195476876223365
"1293",2.35793981944434,0.195476876223365,1.93033415270573,-0.272271363311115
"1294",1.93033415270573,-0.272271363311115,0.809832772925369,0.230383461263251
"1295",0.809832772925369,0.230383461263251,2.44171562354007,0.226892802759263
"1296",2.44171562354007,0.226892802759263,0.268780704807127,-0.404916386462684
"1297",0.268780704807127,-0.404916386462684,5.63043216693371,0.0907571211037051
"1298",5.63043216693371,0.0907571211037051,0.0575958653158129,-0.380481776934764
"1299",0.0575958653158129,-0.380481776934764,0.546288055874225,-0.202458193231342
"1300",0.546288055874225,-0.202458193231342,0.342084533390889,-0.44331363000656
"1301",0.342084533390889,-0.44331363000656,0.195476876223365,0.244346095279206
"1302",0.195476876223365,0.244346095279206,4.12944901021858,-0.164060949687467
"1303",4.12944901021858,-0.164060949687467,4.26733002112614,0.303687289847013
"1304",4.26733002112614,0.303687289847013,4.05265452313083,-0.254818070791172
"1305",4.05265452313083,-0.254818070791172,3.71406064824393,0.176278254451427
"1306",3.71406064824393,0.176278254451427,3.74896723328382,-0.287979326579064
"1307",3.74896723328382,-0.287979326579064,3.26551103048139,-0.253072741539178
"1308",3.26551103048139,-0.253072741539178,3.2009338481576,-0.16929693744345
"1309",3.2009338481576,-0.16929693744345,3.37895743186102,0.0959931088596881
"1310",3.37895743186102,0.0959931088596881,3.1398473243378,0.106465084371654
"1311",3.1398473243378,0.106465084371654,3.04559954473011,-0.488692190558412
"1312",3.04559954473011,-0.488692190558412,5.02654824574367,0.324631240870945
"1313",5.02654824574367,0.324631240870945,3.15904594610974,-0.534070751110265
"1314",3.15904594610974,-0.534070751110265,2.5237460983838,0.296705972839036
"1315",2.5237460983838,0.296705972839036,2.73318560862312,0.356047167406843
"1316",2.73318560862312,0.356047167406843,2.08915911463721,-0.303687289847013
"1317",2.08915911463721,-0.303687289847013,1.89368223841385,0.212930168743308
"1318",1.89368223841385,0.212930168743308,2.77332818141899,0.0733038285837618
"1319",2.77332818141899,0.0733038285837618,2.4015730507442,0.53232542185827
"1320",2.4015730507442,0.53232542185827,3.14857397059777,0.359537825910832
"1321",3.14857397059777,0.359537825910832,1.05068820970059,-0.319395253114962
"1322",1.05068820970059,-0.319395253114962,2.97753170390233,0.371755130674792
"1323",2.97753170390233,0.371755130674792,2.73318560862312,0.115191730631626
"1324",2.73318560862312,0.115191730631626,1.42244334037538,0.108210413623648
"1325",1.42244334037538,0.108210413623648,2.3684117949563,0.408407044966673
"1326",2.3684117949563,0.408407044966673,2.19911485751286,-0.268780704807127
"1327",2.19911485751286,-0.268780704807127,1.3247049022637,0.39095375244673
"1328",1.3247049022637,0.39095375244673,0.35081117965086,-0.366519142918809
"1329",0.35081117965086,-0.366519142918809,0.158824961931484,-0.39095375244673
"1330",0.158824961931484,-0.39095375244673,2.16944426022895,0.137881010907552
"1331",2.16944426022895,0.137881010907552,2.15722695546499,-0.528834763354282
"1332",2.15722695546499,-0.528834763354282,0.383972435438752,-0.237364778271229
"1333",0.383972435438752,-0.237364778271229,0.441568300754565,-0.406661715714679
"1334",0.441568300754565,-0.406661715714679,6.01964059012844,-0.40317105721069
"1335",6.01964059012844,-0.40317105721069,5.70897198327345,-0.321140582366957
"1336",5.70897198327345,-0.321140582366957,1.34041286553164,0.392699081698724
"1337",1.34041286553164,0.392699081698724,5.58156294787787,-0.32637657012294
"1338",5.58156294787787,-0.32637657012294,5.66708408122559,0.195476876223365
"1339",5.66708408122559,0.195476876223365,0.0750491578357562,0.258308729295161
"1340",0.0750491578357562,0.258308729295161,0.12915436464758,0.317649923862968
"1341",0.12915436464758,0.317649923862968,5.09112542806746,0.340339204138894
"1342",5.09112542806746,0.340339204138894,4.34761516671788,0.319395253114962
"1343",4.34761516671788,0.319395253114962,4.83979801578028,-0.237364778271229
"1344",4.83979801578028,-0.237364778271229,5.02654824574367,0.237364778271229
"1345",5.02654824574367,0.237364778271229,4.56403599396517,-0.20943951023932
"1346",4.56403599396517,-0.20943951023932,3.93222680474322,0.18151424220741
"1347",3.93222680474322,0.18151424220741,3.92000949997926,0.408407044966673
"1348",3.92000949997926,0.408407044966673,3.68089939245604,-0.287979326579064
"1349",3.68089939245604,-0.287979326579064,3.70707933123596,-0.363028484414821
"1350",3.70707933123596,-0.363028484414821,3.44527994343681,-0.436332312998582
"1351",3.44527994343681,-0.436332312998582,2.99149433791828,-0.479965544298441
"1352",2.99149433791828,-0.479965544298441,3.58665161284835,0.171042266695444
"1353",3.58665161284835,0.171042266695444,2.72794962086714,0.314159265358979
"1354",2.72794962086714,0.314159265358979,2.61275789023551,0.308923277602996
"1355",2.61275789023551,0.308923277602996,3.74722190403183,0.211184839491314
"1356",3.74722190403183,0.211184839491314,2.51152879361984,0.256563400043166
"1357",2.51152879361984,0.256563400043166,2.44346095279206,0.115191730631626
"1358",2.44346095279206,0.115191730631626,2.02109127380943,0.247836753783195
"1359",2.02109127380943,0.247836753783195,2.3998277214922,-0.312413936106985
"1360",2.3998277214922,-0.312413936106985,2.02283660306143,0.172787595947439
"1361",2.02283660306143,0.172787595947439,2.94087978961045,0.453785605518526
"1362",2.94087978961045,0.453785605518526,2.5534166956677,0.336848545634906
"1363",2.5534166956677,0.336848545634906,0.418879020478639,-0.40317105721069
"1364",0.418879020478639,-0.40317105721069,1.69995069144248,-0.342084533390889
"1365",1.69995069144248,-0.342084533390889,2.63893782901543,-0.345575191894877
"1366",2.63893782901543,-0.345575191894877,0.6771877497738,-0.328121899374934
"1367",0.6771877497738,-0.328121899374934,0.296705972839036,0.109955742875643
"1368",0.296705972839036,0.109955742875643,0.277507351067098,0.289724655831059
"1369",0.277507351067098,0.289724655831059,1.232202451908,-0.376991118430775
"1370",1.232202451908,-0.376991118430775,0.00523598775598299,-0.0907571211037051
"1371",0.00523598775598299,-0.0907571211037051,1.80467044656214,0.172787595947439
"1372",1.80467044656214,0.172787595947439,6.0021872976085,-0.247836753783195
"1373",6.0021872976085,-0.247836753783195,1.539380400259,-0.356047167406843
"1374",1.539380400259,-0.356047167406843,1.52890842474703,0.148352986419518
"1375",1.52890842474703,0.148352986419518,5.94633676154468,-0.118682389135614
"1376",5.94633676154468,-0.118682389135614,6.01789526087645,0.162315620435473
"1377",6.01789526087645,0.162315620435473,5.61123354516177,-0.317649923862968
"1378",5.61123354516177,-0.317649923862968,1.33866753627965,0.422369678982628
"1379",1.33866753627965,0.422369678982628,0.548033385126219,-0.438077642250577
"1380",0.548033385126219,-0.438077642250577,5.98298867583656,0.251327412287183
"1381",5.98298867583656,0.251327412287183,4.65828377357287,-0.385717764690747
"1382",4.65828377357287,-0.385717764690747,5.48033385126219,0.171042266695444
"1383",5.48033385126219,0.171042266695444,0.565486677646163,0.261799387799149
"1384",0.565486677646163,0.261799387799149,4.000294645571,0.171042266695444
"1385",4.000294645571,0.171042266695444,4.77522083345649,-0.167551608191456
"1386",4.77522083345649,-0.167551608191456,3.66519142918809,-0.162315620435473
"1387",3.66519142918809,-0.162315620435473,4.16261026600648,0.279252680319093
"1388",4.16261026600648,0.279252680319093,3.00545697193423,-0.441568300754565
"1389",3.00545697193423,-0.441568300754565,5.38085008389852,0.0593411945678072
"1390",5.38085008389852,0.0593411945678072,3.52032910127256,-0.272271363311115
"1391",3.52032910127256,-0.272271363311115,2.82045207122284,0.331612557878923
"1392",2.82045207122284,0.331612557878923,4.05265452313083,0.282743338823081
"1393",4.05265452313083,0.282743338823081,3.91826417072727,-0.287979326579064
"1394",3.91826417072727,-0.287979326579064,2.63893782901543,-0.254818070791172
"1395",2.63893782901543,-0.254818070791172,2.60577657322753,0.0925024503556995
"1396",2.60577657322753,0.0925024503556995,5.33547152334666,0.368264472170804
"1397",5.33547152334666,0.368264472170804,2.97404104539834,-0.514872129338327
"1398",2.97404104539834,-0.514872129338327,4.67399173684082,0.363028484414821
"1399",4.67399173684082,0.363028484414821,2.05599785884932,-0.335103216382911
"1400",2.05599785884932,-0.335103216382911,3.51334778426459,-0.185004900711399
"1401",3.51334778426459,-0.185004900711399,2.94786110661842,0.336848545634906
"1402",2.94786110661842,0.336848545634906,2.90597320457056,0.280998009571087
"1403",2.90597320457056,0.280998009571087,3.67566340470006,-0.373500459926786
"1404",3.67566340470006,-0.373500459926786,1.97745804250958,0.186750229963393
"1405",1.97745804250958,0.186750229963393,2.6459191460234,-0.0663225115757845
"1406",2.6459191460234,-0.0663225115757845,2.01410995680146,0.363028484414821
"1407",2.01410995680146,0.363028484414821,1.38753675533549,0.16929693744345
"1408",1.38753675533549,0.16929693744345,1.55683369277894,0.226892802759263
"1409",1.55683369277894,0.226892802759263,1.1693705988362,0.186750229963393
"1410",1.1693705988362,0.186750229963393,2.4329889772801,0.324631240870945
"1411",2.4329889772801,0.324631240870945,3.17824456788167,-0.488692190558412
"1412",3.17824456788167,-0.488692190558412,1.61093889959077,0.329867228626928
"1413",1.61093889959077,0.329867228626928,2.31081592964049,0.174532925199433
"1414",2.31081592964049,0.174532925199433,0.722566310325652,0.232128790515246
"1415",0.722566310325652,0.232128790515246,2.95309709437441,0.385717764690747
"1416",2.95309709437441,0.385717764690747,2.6790804018113,0.460766922526503
"1417",2.6790804018113,0.460766922526503,1.42942465738336,0.410152374218667
"1418",1.42942465738336,0.410152374218667,0.308923277602996,-0.44331363000656
"1419",0.308923277602996,-0.44331363000656,0.260054058547155,-0.143116998663535
"1420",0.260054058547155,-0.143116998663535,1.58650429006285,0.0872664625997165
"1421",1.58650429006285,0.0872664625997165,0.226892802759263,0.0994837673636768
"1422",0.226892802759263,0.0994837673636768,6.27096800241563,0.172787595947439
"1423",6.27096800241563,0.172787595947439,6.1854468690679,0.29845130209103
"1424",6.1854468690679,0.29845130209103,1.26012771993991,0.205948851735331
"1425",1.26012771993991,0.205948851735331,1.11352006277238,0.179768912955416
"1426",1.11352006277238,0.179768912955416,5.63566815468969,0.308923277602996
"1427",5.63566815468969,0.308923277602996,1.15540796482025,-0.0418879020478639
"1428",1.15540796482025,-0.0418879020478639,0.258308729295161,-0.0261799387799149
"1429",0.258308729295161,-0.0261799387799149,6.01440460237246,0.0907571211037051
"1430",6.01440460237246,0.0907571211037051,1.56206968053493,-0.321140582366957
"1431",1.56206968053493,-0.321140582366957,6.12785100375209,-0.150098315671512
"1432",6.12785100375209,-0.150098315671512,0.0575958653158129,-0.0942477796076938
"1433",0.0575958653158129,-0.0942477796076938,5.56410965535792,-0.359537825910832
"1434",5.56410965535792,-0.359537825910832,0.0645771823237902,-0.397935069454707
"1435",0.0645771823237902,-0.397935069454707,6.11737902824012,0.0872664625997165
"1436",6.11737902824012,0.0872664625997165,5.45938990023826,0.176278254451427
"1437",5.45938990023826,0.176278254451427,0.466002910282486,-0.427605666738611
"1438",0.466002910282486,-0.427605666738611,4.85725130830022,0.202458193231342
"1439",4.85725130830022,0.202458193231342,5.56934564311391,-0.282743338823081
"1440",5.56934564311391,-0.282743338823081,5.0789081233035,-0.178023583703422
"1441",5.0789081233035,-0.178023583703422,4.97418836818384,-0.345575191894877
"1442",4.97418836818384,-0.345575191894877,0.932005820564972,0.230383461263251
"1443",0.932005820564972,0.230383461263251,6.00567795611249,-0.148352986419518
"1444",6.00567795611249,-0.148352986419518,4.01076662108297,0.18151424220741
"1445",4.01076662108297,0.18151424220741,3.96189740202713,-0.219911485751285
"1446",3.96189740202713,-0.219911485751285,4.25336738711018,-0.244346095279206
"1447",4.25336738711018,-0.244346095279206,3.74198591627584,-0.165806278939461
"1448",3.74198591627584,-0.165806278939461,4.4313909708136,0.357792496658838
"1449",4.4313909708136,0.357792496658838,2.93738913110646,0.165806278939461
"1450",2.93738913110646,0.165806278939461,2.89899188756258,0.247836753783195
"1451",2.89899188756258,0.247836753783195,4.40521103203369,0.282743338823081
"1452",4.40521103203369,0.282743338823081,3.53254640603652,-0.335103216382911
"1453",3.53254640603652,-0.335103216382911,2.96880505764235,0.293215314335047
"1454",2.96880505764235,0.293215314335047,3.70009801422798,-0.153588974175501
"1455",3.70009801422798,-0.153588974175501,2.60054058547155,0.137881010907552
"1456",2.60054058547155,0.137881010907552,2.33175988066442,0.314159265358979
"1457",2.33175988066442,0.314159265358979,3.24107642095347,0.251327412287183
"1458",3.24107642095347,0.251327412287183,2.6459191460234,0.261799387799149
"1459",2.6459191460234,0.261799387799149,2.3701571242083,0.160570291183478
"1460",2.3701571242083,0.160570291183478,2.16769893097696,0.376991118430775
"1461",2.16769893097696,0.376991118430775,1.79245314179818,0.272271363311115
"1462",1.79245314179818,0.272271363311115,1.62490153360672,0.178023583703422
"1463",1.62490153360672,0.178023583703422,3.12239403181786,0.331612557878923
"1464",3.12239403181786,0.331612557878923,2.78554548618295,0.380481776934764
"1465",2.78554548618295,0.380481776934764,3.61806753938425,0.109955742875643
"1466",3.61806753938425,0.109955742875643,2.06646983436129,0.226892802759263
"1467",2.06646983436129,0.226892802759263,1.80816110506613,0.158824961931484
"1468",1.80816110506613,0.158824961931484,2.84837733925475,-0.188495559215388
"1469",2.84837733925475,-0.188495559215388,1.39626340159546,0.242600766027212
"1470",1.39626340159546,0.242600766027212,1.18507856210415,-0.160570291183478
"1471",1.18507856210415,-0.160570291183478,0.925024503556995,-0.308923277602996
"1472",0.925024503556995,-0.308923277602996,2.81347075421486,0.261799387799149
"1473",2.81347075421486,0.261799387799149,0.722566310325652,0.247836753783195
"1474",0.722566310325652,0.247836753783195,2.15897228471699,0.240855436775218
"1475",2.15897228471699,0.240855436775218,2.86932129027868,0.0733038285837618
"1476",2.86932129027868,0.0733038285837618,2.68257106031528,0.212930168743308
"1477",2.68257106031528,0.212930168743308,2.35444916094035,-0.439822971502571
"1478",2.35444916094035,-0.439822971502571,1.56556033903891,0.207694180987325
"1479",1.56556033903891,0.207694180987325,1.4765485471872,0.172787595947439
"1480",1.4765485471872,0.172787595947439,0.263544717051144,0.2460914245312
"1481",0.263544717051144,0.2460914245312,2.06996049286527,0.230383461263251
"1482",2.06996049286527,0.230383461263251,0.207694180987325,-0.40317105721069
"1483",0.207694180987325,-0.40317105721069,0.638790506229925,-0.207694180987325
"1484",0.638790506229925,-0.207694180987325,5.82416371390508,-0.336848545634906
"1485",5.82416371390508,-0.336848545634906,1.6929693744345,0.188495559215388
"1486",1.6929693744345,0.188495559215388,5.51524043630208,0.151843644923507
"1487",5.51524043630208,0.151843644923507,5.38259541315051,-0.254818070791172
"1488",5.38259541315051,-0.254818070791172,1.37531945057153,-0.141371669411541
"1489",1.37531945057153,-0.141371669411541,5.00560429471974,0.249582083035189
"1490",5.00560429471974,0.249582083035189,4.4313909708136,0.247836753783195
"1491",4.4313909708136,0.247836753783195,0.413643032722656,-0.0942477796076938
"1492",0.413643032722656,-0.0942477796076938,5.46986187575023,0.237364778271229
"1493",5.46986187575023,0.237364778271229,5.08588944031148,0.16929693744345
"1494",5.08588944031148,0.16929693744345,5.11206937909139,-0.249582083035189
"1495",5.11206937909139,-0.249582083035189,4.7717301749525,0.27401669256311
"1496",4.7717301749525,0.27401669256311,5.31627290157473,0.29845130209103
"1497",5.31627290157473,0.29845130209103,3.91477351222328,0.10471975511966
"1498",3.91477351222328,0.10471975511966,4.74555023617258,0.134390352403563
"1499",4.74555023617258,0.134390352403563,4.31096325242599,0.322885911618951
"1500",4.31096325242599,0.322885911618951,3.79783645233966,-0.226892802759263
"1501",3.79783645233966,-0.226892802759263,3.28121899374934,0.293215314335047
"1502",3.28121899374934,0.293215314335047,3.50113047950062,-0.308923277602996
"1503",3.50113047950062,-0.308923277602996,4.05963584013881,-0.319395253114962
"1504",4.05963584013881,-0.319395253114962,4.68097305384879,-0.239110107523223
"1505",4.68097305384879,-0.239110107523223,3.78910980607969,-0.46774823953448
"1506",3.78910980607969,-0.46774823953448,2.51327412287183,-0.418879020478639
"1507",2.51327412287183,-0.418879020478639,2.32128790515246,0.322885911618951
"1508",2.32128790515246,0.322885911618951,3.92524548773525,0.18151424220741
"1509",3.92524548773525,0.18151424220741,3.56221700332043,-0.392699081698724
"1510",3.56221700332043,-0.392699081698724,3.51160245501259,-0.32637657012294
"1511",3.51160245501259,-0.32637657012294,3.88510291493938,-0.284488668075076
"1512",3.88510291493938,-0.284488668075076,2.5551620249197,0.242600766027212
"1513",2.5551620249197,0.242600766027212,2.14850030920502,-0.190240888467382
"1514",2.14850030920502,-0.190240888467382,2.13104701668508,0.211184839491314
"1515",2.13104701668508,0.211184839491314,4.16959158301445,0.2460914245312
"1516",4.16959158301445,0.2460914245312,3.03687289847013,-0.401425727958696
"1517",3.03687289847013,-0.401425727958696,2.00887396904547,0.0349065850398866
"1518",2.00887396904547,0.0349065850398866,3.53254640603652,0.00698131700797732
"1519",3.53254640603652,0.00698131700797732,2.97229571614634,0.0855211333477222
"1520",2.97229571614634,0.0855211333477222,2.12057504117311,0.345575191894877
"1521",2.12057504117311,0.345575191894877,1.89717289691784,-0.228638132011257
"1522",1.89717289691784,-0.228638132011257,1.7226399717184,0.158824961931484
"1523",1.7226399717184,0.158824961931484,1.60919357033877,0.214675497995303
"1524",1.60919357033877,0.214675497995303,2.39808239224021,-0.275762021815104
"1525",2.39808239224021,-0.275762021815104,2.0926497731412,0.432841654494594
"1526",2.0926497731412,0.432841654494594,1.63711883837068,0.287979326579064
"1527",1.63711883837068,0.287979326579064,1.95476876223365,0.178023583703422
"1528",1.95476876223365,0.178023583703422,1.80990643431812,0.277507351067098
"1529",1.80990643431812,0.277507351067098,3.49938515024863,-0.317649923862968
"1530",3.49938515024863,-0.317649923862968,1.28630765871982,-0.287979326579064
"1531",1.28630765871982,-0.287979326579064,2.70351501133922,0.493928178314395
"1532",2.70351501133922,0.493928178314395,1.84481301935801,-0.324631240870945
"1533",1.84481301935801,-0.324631240870945,1.80816110506613,0.275762021815104
"1534",1.80816110506613,0.275762021815104,0.933751149816966,-0.225147473507269
"1535",0.933751149816966,-0.225147473507269,0.710349005561692,0.291469985083053
"1536",0.710349005561692,0.291469985083053,2.35619449019234,0.333357887130917
"1537",2.35619449019234,0.333357887130917,2.16420827247297,0.432841654494594
"1538",2.16420827247297,0.432841654494594,2.15897228471699,-0.436332312998582
"1539",2.15897228471699,-0.436332312998582,2.70002435283523,0.394444410950718
"1540",2.70002435283523,0.394444410950718,2.52200076913181,0.331612557878923
"1541",2.52200076913181,0.331612557878923,0.275762021815104,0.130899693899575
"1542",0.275762021815104,0.130899693899575,0.998328332140756,-0.307177948351002
"1543",0.998328332140756,-0.307177948351002,0.237364778271229,-0.410152374218667
"1544",0.237364778271229,-0.410152374218667,0.144862327915529,-0.188495559215388
"1545",0.144862327915529,-0.188495559215388,2.28289066160858,0.190240888467382
"1546",2.28289066160858,0.190240888467382,0.553269372882202,-0.420624349730633
"1547",0.553269372882202,-0.420624349730633,2.0629791758573,0.0296705972839036
"1548",2.0629791758573,0.0296705972839036,1.29677963423179,0.261799387799149
"1549",1.29677963423179,0.261799387799149,0.56025068989018,0.504400153826361
"1550",0.56025068989018,0.504400153826361,0.190240888467382,0.27401669256311
"1551",0.190240888467382,0.27401669256311,5.44193660771832,0.247836753783195
"1552",5.44193660771832,0.247836753783195,0.954695100840898,-0.363028484414821
"1553",0.954695100840898,-0.363028484414821,5.80496509213314,0.493928178314395
"1554",5.80496509213314,0.493928178314395,5.6932640200055,0.12915436464758
"1555",5.6932640200055,0.12915436464758,1.39277274309147,0.0628318530717959
"1556",1.39277274309147,0.0628318530717959,5.00734962397173,0.23387411976724
"1557",5.00734962397173,0.23387411976724,0.596902604182061,0.696386371545737
"1558",0.596902604182061,0.696386371545737,6.26573201465964,0.0785398163397448
"1559",6.26573201465964,0.0785398163397448,6.2168627956038,-0.144862327915529
"1560",6.2168627956038,-0.144862327915529,4.61988653002899,-0.308923277602996
"1561",4.61988653002899,-0.308923277602996,4.48724150687742,0.27401669256311
"1562",4.48724150687742,0.27401669256311,5.91492083500878,-0.193731546971371
"1563",5.91492083500878,-0.193731546971371,4.57101731097315,0.186750229963393
"1564",4.57101731097315,0.186750229963393,4.05439985238283,-0.22165681500328
"1565",4.05439985238283,-0.22165681500328,3.85892297615946,-0.2460914245312
"1566",3.85892297615946,-0.2460914245312,3.6634460999361,0.00872664625997165
"1567",3.6634460999361,0.00872664625997165,4.76823951644851,0.307177948351002
"1568",4.76823951644851,0.307177948351002,5.68802803224952,0.12915436464758
"1569",5.68802803224952,0.12915436464758,4.22369678982628,0.261799387799149
"1570",4.22369678982628,0.261799387799149,3.5691983203284,-0.40317105721069
"1571",3.5691983203284,-0.40317105721069,3.27074701823737,0.101229096615671
"1572",3.27074701823737,0.101229096615671,4.59719724975306,-0.363028484414821
"1573",4.59719724975306,-0.363028484414821,4.39473905652172,-0.314159265358979
"1574",4.39473905652172,-0.314159265358979,2.78030949842697,0.448549617762543
"1575",2.78030949842697,0.448549617762543,2.57610597594363,-0.258308729295161
"1576",2.57610597594363,-0.258308729295161,3.81354441560761,-0.294960643587042
"1577",3.81354441560761,-0.294960643587042,2.27940000310459,-0.179768912955416
"1578",2.27940000310459,-0.179768912955416,2.2148228207808,0.291469985083053
"1579",2.2148228207808,0.291469985083053,4.309217923174,-0.141371669411541
"1580",4.309217923174,-0.141371669411541,2.37190245346029,-0.44331363000656
"1581",2.37190245346029,-0.44331363000656,2.47836753783195,0.261799387799149
"1582",2.47836753783195,0.261799387799149,2.09963109014918,-0.16929693744345
"1583",2.09963109014918,-0.16929693744345,1.88495559215388,-0.214675497995303
"1584",1.88495559215388,-0.214675497995303,3.66693675844009,0.0942477796076938
"1585",3.66693675844009,0.0942477796076938,2.39808239224021,0.151843644923507
"1586",2.39808239224021,0.151843644923507,1.77325452002624,0.282743338823081
"1587",1.77325452002624,0.282743338823081,2.12581102892909,0.410152374218667
"1588",2.12581102892909,0.410152374218667,2.48185819633594,-0.401425727958696
"1589",2.48185819633594,-0.401425727958696,1.22871179340401,-0.287979326579064
"1590",1.22871179340401,-0.287979326579064,2.54119939090374,0.479965544298441
"1591",2.54119939090374,0.479965544298441,2.02283660306143,0.436332312998582
"1592",2.02283660306143,0.436332312998582,1.99840199353351,0.120427718387609
"1593",1.99840199353351,0.120427718387609,1.02450827092067,0.198967534727354
"1594",1.02450827092067,0.198967534727354,2.40331837999619,0.558505360638185
"1595",2.40331837999619,0.558505360638185,0.616101225953998,0.16929693744345
"1596",0.616101225953998,0.16929693744345,1.31597825600372,0.0628318530717959
"1597",1.31597825600372,0.0628318530717959,0.28623399732707,0.136135681655558
"1598",0.28623399732707,0.136135681655558,1.61268422884276,0.256563400043166
"1599",1.61268422884276,0.256563400043166,1.09257611174845,-0.11693705988362
"1600",1.09257611174845,-0.11693705988362,0.80634211442138,0.35081117965086
"1601",0.80634211442138,0.35081117965086,1.81165176357011,-0.120427718387609
"1602",1.81165176357011,-0.120427718387609,2.22354946704078,-0.373500459926786
"1603",2.22354946704078,-0.373500459926786,0.115191730631626,-0.432841654494594
"1604",0.115191730631626,-0.432841654494594,2.07519648062126,0.144862327915529
"1605",2.07519648062126,0.144862327915529,2.00363798128949,0.29845130209103
"1606",2.00363798128949,0.29845130209103,1.24791041517595,0.408407044966673
"1607",1.24791041517595,0.408407044966673,1.45036860840729,-0.427605666738611
"1608",1.45036860840729,-0.427605666738611,5.7560958730773,0.424115008234622
"1609",5.7560958730773,0.424115008234622,0.445058959258554,0.472984227290463
"1610",0.445058959258554,0.472984227290463,5.41924732744239,-0.232128790515246
"1611",5.41924732744239,-0.232128790515246,0.595157274930066,0.335103216382911
"1612",0.595157274930066,0.335103216382911,5.8782689207169,0.0506145483078356
"1613",5.8782689207169,0.0506145483078356,0.376991118430775,0.153588974175501
"1614",0.376991118430775,0.153588974175501,5.68279204449354,0.237364778271229
"1615",5.68279204449354,0.237364778271229,5.31627290157473,-0.202458193231342
"1616",5.31627290157473,-0.202458193231342,4.82234472326033,-0.228638132011257
"1617",4.82234472326033,-0.228638132011257,4.69493568786475,0.240855436775218
"1618",4.69493568786475,0.240855436775218,5.32150888933071,0.282743338823081
"1619",5.32150888933071,0.282743338823081,5.2028265001951,0.207694180987325
"1620",5.2028265001951,0.207694180987325,4.61115988376902,-0.29845130209103
"1621",4.61115988376902,-0.29845130209103,5.9096848472528,0.134390352403563
"1622",5.9096848472528,0.134390352403563,6.03534855339639,-0.363028484414821
"1623",6.03534855339639,-0.363028484414821,4.95324441715991,0.27401669256311
"1624",4.95324441715991,0.27401669256311,4.33190720344993,-0.130899693899575
"1625",4.33190720344993,-0.130899693899575,5.44542726622231,-0.319395253114962
"1626",5.44542726622231,-0.319395253114962,4.56054533546118,0.368264472170804
"1627",4.56054533546118,0.368264472170804,3.61806753938425,-0.127409035395586
"1628",3.61806753938425,-0.127409035395586,5.28485697503883,-0.363028484414821
"1629",5.28485697503883,-0.363028484414821,3.93048147549123,0.130899693899575
"1630",3.93048147549123,0.130899693899575,4.94975375865592,0.144862327915529
"1631",4.94975375865592,0.144862327915529,4.05265452313083,0.16929693744345
"1632",4.05265452313083,0.16929693744345,6.11039771123215,0.5846852994181
"1633",6.11039771123215,0.5846852994181,4.23416876533824,-0.294960643587042
"1634",4.23416876533824,-0.294960643587042,2.85186799775873,-0.28623399732707
"1635",2.85186799775873,-0.28623399732707,3.83099770812755,-0.319395253114962
"1636",3.83099770812755,-0.319395253114962,3.06828882500603,0.438077642250577
"1637",3.06828882500603,0.438077642250577,2.6476644752754,0.439822971502571
"1638",2.6476644752754,0.439822971502571,4.3388885204579,-0.504400153826361
"1639",4.3388885204579,-0.504400153826361,3.86939495167143,0.101229096615671
"1640",3.86939495167143,0.101229096615671,2.44695161129605,-0.0733038285837618
"1641",2.44695161129605,-0.0733038285837618,2.42426233102012,-0.207694180987325
"1642",2.42426233102012,-0.207694180987325,2.61799387799149,-0.29845130209103
"1643",2.61799387799149,-0.29845130209103,2.38411975822425,0.267035375555132
"1644",2.38411975822425,0.267035375555132,2.50454747661186,0.0628318530717959
"1645",2.50454747661186,0.0628318530717959,2.462659574564,-0.408407044966673
"1646",2.462659574564,-0.408407044966673,2.28812664936457,-0.291469985083053
"1647",2.28812664936457,-0.291469985083053,1.43989663289532,-0.424115008234622
"1648",1.43989663289532,-0.424115008234622,1.02276294166868,-0.284488668075076
"1649",1.02276294166868,-0.284488668075076,3.08050612976999,0.101229096615671
"1650",3.08050612976999,0.101229096615671,2.86408530252269,0.462512251778497
"1651",2.86408530252269,0.462512251778497,2.29336263712055,-0.0663225115757845
"1652",2.29336263712055,-0.0663225115757845,1.84306769010601,0.275762021815104
"1653",1.84306769010601,0.275762021815104,1.70518667919846,0.237364778271229
"1654",1.70518667919846,0.237364778271229,1.49574716895914,0.12915436464758
"1655",1.49574716895914,0.12915436464758,1.33517687777566,0.356047167406843
"1656",1.33517687777566,0.356047167406843,1.70518667919846,-0.32637657012294
"1657",1.70518667919846,-0.32637657012294,0.450294947014537,0.0541052068118242
"1658",0.450294947014537,0.0541052068118242,2.44171562354007,-0.413643032722656
"1659",2.44171562354007,-0.413643032722656,1.91288086018578,0.546288055874225
"1660",1.91288086018578,0.546288055874225,1.83434104384604,0.277507351067098
"1661",1.83434104384604,0.277507351067098,1.96524073774561,-0.418879020478639
"1662",1.96524073774561,-0.418879020478639,1.10304808726042,0.122173047639603
"1663",1.10304808726042,0.122173047639603,1.9390607989657,-0.198967534727354
"1664",1.9390607989657,-0.198967534727354,0.504400153826361,-0.153588974175501
"1665",0.504400153826361,-0.153588974175501,0.57246799465414,0.214675497995303
"1666",0.57246799465414,0.214675497995303,1.03323491718064,-0.342084533390889
"1667",1.03323491718064,-0.342084533390889,5.46462588799425,0.197222205475359
"1668",5.46462588799425,0.197222205475359,5.40703002267843,-0.335103216382911
"1669",5.40703002267843,-0.335103216382911,5.36514212063057,0.23387411976724
"1670",5.36514212063057,0.23387411976724,0.736528944341607,0.174532925199433
"1671",0.736528944341607,0.174532925199433,5.64439480094966,-0.2460914245312
"1672",5.64439480094966,-0.2460914245312,0.710349005561692,0.0872664625997165
"1673",0.710349005561692,0.0872664625997165,6.22209878335978,-0.176278254451427
"1674",6.22209878335978,-0.176278254451427,5.01956692873569,-0.232128790515246
"1675",5.01956692873569,-0.232128790515246,4.74205957766859,0.228638132011257
"1676",4.74205957766859,0.228638132011257,4.53262006742927,0.310668606854991
"1677",4.53262006742927,0.310668606854991,4.34586983746588,0.144862327915529
"1678",4.34586983746588,0.144862327915529,5.56061899685393,0.287979326579064
"1679",5.56061899685393,0.287979326579064,5.65661210571362,-0.18151424220741
"1680",5.65661210571362,-0.18151424220741,5.76482251933727,0.287979326579064
"1681",5.76482251933727,0.287979326579064,4.50993078715335,-0.347320521146872
"1682",4.50993078715335,-0.347320521146872,3.98284135305106,0.137881010907552
"1683",3.98284135305106,0.137881010907552,3.59014227135234,-0.376991118430775
"1684",3.59014227135234,-0.376991118430775,4.75602221168455,0.354301838154849
"1685",4.75602221168455,0.354301838154849,3.22362312843353,0.102974425867665
"1686",3.22362312843353,0.102974425867665,2.85535865626272,-0.282743338823081
"1687",2.85535865626272,-0.282743338823081,3.15730061685774,0.35081117965086
"1688",3.15730061685774,0.35081117965086,2.76285620590702,-0.361283155162826
"1689",2.76285620590702,-0.361283155162826,2.65115513377939,-0.137881010907552
"1690",2.65115513377939,-0.137881010907552,2.37190245346029,-0.287979326579064
"1691",2.37190245346029,-0.287979326579064,1.7558012275063,-0.29845130209103
"1692",1.7558012275063,-0.29845130209103,2.93040781409848,-0.16929693744345
"1693",2.93040781409848,-0.16929693744345,2.75587488889905,0.0925024503556995
"1694",2.75587488889905,0.0925024503556995,2.53247274464377,-0.40317105721069
"1695",2.53247274464377,-0.40317105721069,2.52200076913181,-0.314159265358979
"1696",2.52200076913181,-0.314159265358979,1.34739418253962,0.420624349730633
"1697",1.34739418253962,0.420624349730633,3.17998989713367,-0.342084533390889
"1698",3.17998989713367,-0.342084533390889,2.64417381677141,-0.389208423194735
"1699",2.64417381677141,-0.389208423194735,1.80990643431812,-0.303687289847013
"1700",1.80990643431812,-0.303687289847013,0.923279174305,0.158824961931484
"1701",0.923279174305,0.158824961931484,1.06465084371654,0.425860337486616
"1702",1.06465084371654,0.425860337486616,0.497418836818384,-0.244346095279206
"1703",0.497418836818384,-0.244346095279206,0.347320521146872,-0.237364778271229
"1704",0.347320521146872,-0.237364778271229,1.91986217719376,-0.258308729295161
"1705",1.91986217719376,-0.258308729295161,5.63043216693371,0.240855436775218
"1706",5.63043216693371,0.240855436775218,0.682423737529783,0.158824961931484
"1707",0.682423737529783,0.158824961931484,5.13301333011532,-0.40317105721069
"1708",5.13301333011532,-0.40317105721069,5.03527489200364,-0.16929693744345
"1709",5.03527489200364,-0.16929693744345,4.85550597904822,0.223402144255274
"1710",4.85550597904822,0.223402144255274,5.70373599551747,-0.293215314335047
"1711",5.70373599551747,-0.293215314335047,5.18013721991917,0.165806278939461
"1712",5.18013721991917,0.165806278939461,4.54483737219323,0.205948851735331
"1713",4.54483737219323,0.205948851735331,4.32492588644195,0.261799387799149
"1714",4.32492588644195,0.261799387799149,4.4628068973495,-0.242600766027212
"1715",4.4628068973495,-0.242600766027212,3.54301838154849,0.144862327915529
"1716",3.54301838154849,0.144862327915529,5.02131225798769,-0.0296705972839036
"1717",5.02131225798769,-0.0296705972839036,3.28296432300133,0.44331363000656
"1718",3.28296432300133,0.44331363000656,4.96895238042786,-0.263544717051144
"1719",4.96895238042786,-0.263544717051144,3.08225145902199,0.127409035395586
"1720",3.08225145902199,0.127409035395586,3.02640092295817,-0.158824961931484
"1721",3.02640092295817,-0.158824961931484,3.10668606854991,-0.261799387799149
"1722",3.10668606854991,-0.261799387799149,4.35634181297785,0.120427718387609
"1723",4.35634181297785,0.120427718387609,3.70882466048795,-0.506145483078356
"1724",3.70882466048795,-0.506145483078356,3.12588469032184,0.303687289847013
"1725",3.12588469032184,0.303687289847013,2.11184839491314,-0.204203522483337
"1726",2.11184839491314,-0.204203522483337,3.97760536529508,-0.237364778271229
"1727",3.97760536529508,-0.237364778271229,2.5237460983838,-0.368264472170804
"1728",2.5237460983838,-0.368264472170804,1.85353966561798,-0.287979326579064
"1729",1.85353966561798,-0.287979326579064,2.78554548618295,0.0541052068118242
"1730",2.78554548618295,0.0541052068118242,2.70002435283523,-0.148352986419518
"1731",2.70002435283523,-0.148352986419518,1.88146493364989,0.150098315671512
"1732",1.88146493364989,0.150098315671512,3.18871654339364,0.383972435438752
"1733",3.18871654339364,0.383972435438752,1.63886416762268,-0.280998009571087
"1734",1.63886416762268,-0.280998009571087,1.14319066005629,0.113446401379631
"1735",1.14319066005629,0.113446401379631,1.10304808726042,0.368264472170804
"1736",1.10304808726042,0.368264472170804,2.87979326579064,-0.12915436464758
"1737",2.87979326579064,-0.12915436464758,2.83441470523879,0.0558505360638185
"1738",2.83441470523879,0.0558505360638185,2.65115513377939,0.424115008234622
"1739",2.65115513377939,0.424115008234622,2.08392312688123,-0.125663706143592
"1740",2.08392312688123,-0.125663706143592,1.02450827092067,-0.361283155162826
"1741",1.02450827092067,-0.361283155162826,0.905825881785057,-0.284488668075076
"1742",0.905825881785057,-0.284488668075076,0.766199541625511,0.109955742875643
"1743",0.766199541625511,0.109955742875643,2.37888377046827,0.396189740202713
"1744",2.37888377046827,0.396189740202713,0.523598775598299,0.18151424220741
"1745",0.523598775598299,0.18151424220741,0.469493568786475,0.134390352403563
"1746",0.469493568786475,0.134390352403563,1.3543754995476,0.0890117918517108
"1747",1.3543754995476,0.0890117918517108,0.853466004225227,-0.0872664625997165
"1748",0.853466004225227,-0.0872664625997165,0.842994028713261,-0.3385938748869
"1749",0.842994028713261,-0.3385938748869,0.591666616426078,-0.115191730631626
"1750",0.591666616426078,-0.115191730631626,1.50272848596712,0.258308729295161
"1751",1.50272848596712,0.258308729295161,0.659734457253856,-0.267035375555132
"1752",0.659734457253856,-0.267035375555132,0.932005820564972,-0.118682389135614
"1753",0.932005820564972,-0.118682389135614,5.3564154743706,0.118682389135614
"1754",5.3564154743706,0.118682389135614,0.989601685880785,0.237364778271229
"1755",0.989601685880785,0.237364778271229,0.907571211037051,-0.186750229963393
"1756",0.907571211037051,-0.186750229963393,0.122173047639603,0.0279252680319093
"1757",0.122173047639603,0.0279252680319093,4.8642326253082,0.153588974175501
"1758",4.8642326253082,0.153588974175501,1.06988683147252,0.204203522483337
"1759",1.06988683147252,0.204203522483337,5.4175019981904,0.230383461263251
"1760",5.4175019981904,0.230383461263251,5.73864258055736,0.452040276266531
"1761",5.73864258055736,0.452040276266531,0.633554518473942,0.178023583703422
"1762",0.633554518473942,0.178023583703422,4.07708913265875,-0.22165681500328
"1763",4.07708913265875,-0.22165681500328,4.4924774946334,0.0925024503556995
"1764",4.4924774946334,0.0925024503556995,5.09636141582344,0.134390352403563
"1765",5.09636141582344,0.134390352403563,3.66868208769208,0.153588974175501
"1766",3.66868208769208,0.153588974175501,3.93222680474322,-0.308923277602996
"1767",3.93222680474322,-0.308923277602996,3.4173546754049,-0.336848545634906
"1768",3.4173546754049,-0.336848545634906,5.42448331519838,-0.267035375555132
"1769",5.42448331519838,-0.267035375555132,3.54650904005248,0.0296705972839036
"1770",3.54650904005248,0.0296705972839036,3.17824456788167,0.359537825910832
"1771",3.17824456788167,0.359537825910832,4.49945881164138,0.2460914245312
"1772",4.49945881164138,0.2460914245312,4.27082067963012,0.561996019142174
"1773",4.27082067963012,0.561996019142174,2.80823476645888,-0.363028484414821
"1774",2.80823476645888,-0.363028484414821,2.77856416917497,0.258308729295161
"1775",2.77856416917497,0.258308729295161,2.75412955964705,-0.275762021815104
"1776",2.75412955964705,-0.275762021815104,3.22013246992954,-0.237364778271229
"1777",3.22013246992954,-0.237364778271229,2.27067335684462,-0.106465084371654
"1778",2.27067335684462,-0.106465084371654,3.03338223996614,0.476474885794452
"1779",3.03338223996614,0.476474885794452,2.76809219366301,0.429350995990605
"1780",2.76809219366301,0.429350995990605,2.23576677180474,0.226892802759263
"1781",2.23576677180474,0.226892802759263,2.00712863979348,-0.230383461263251
"1782",2.00712863979348,-0.230383461263251,2.29859862487653,-0.397935069454707
"1783",2.29859862487653,-0.397935069454707,1.77150919077424,-0.265290046303138
"1784",1.77150919077424,-0.265290046303138,3.02116493520218,0.406661715714679
"1785",3.02116493520218,0.406661715714679,3.62155819788823,0.0541052068118242
"1786",3.62155819788823,0.0541052068118242,1.58999494856683,0.0628318530717959
"1787",1.58999494856683,0.0628318530717959,1.60221225333079,-0.164060949687467
"1788",1.60221225333079,-0.164060949687467,1.92335283569775,-0.301941960595019
"1789",1.92335283569775,-0.301941960595019,2.97578637465033,0.347320521146872
"1790",2.97578637465033,0.347320521146872,0.968657734856853,-0.136135681655558
"1791",0.968657734856853,-0.136135681655558,0.893608577021097,0.123918376891597
"1792",0.893608577021097,0.123918376891597,2.30208928338052,-0.310668606854991
"1793",2.30208928338052,-0.310668606854991,2.10661240715716,-0.513126800086333
"1794",2.10661240715716,-0.513126800086333,1.4154620233674,0.383972435438752
"1795",1.4154620233674,0.383972435438752,2.78729081543494,-0.561996019142174
"1796",2.78729081543494,-0.561996019142174,1.68598805742652,0.191986217719376
"1797",1.68598805742652,0.191986217719376,0.22165681500328,0.164060949687467
"1798",0.22165681500328,0.164060949687467,1.85703032412197,-0.308923277602996
"1799",1.85703032412197,-0.308923277602996,0.401425727958696,-0.207694180987325
"1800",0.401425727958696,-0.207694180987325,1.18856922060814,-0.0628318530717959
"1801",1.18856922060814,-0.0628318530717959,0.862192650485199,-0.267035375555132
"1802",0.862192650485199,-0.267035375555132,6.14355896702004,-0.340339204138894
"1803",6.14355896702004,-0.340339204138894,5.35990613287459,0.118682389135614
"1804",5.35990613287459,0.118682389135614,0.685914396033771,0.191986217719376
"1805",0.685914396033771,0.191986217719376,6.24478806363571,-0.172787595947439
"1806",6.24478806363571,-0.172787595947439,4.68795437085677,0.109955742875643
"1807",4.68795437085677,0.109955742875643,4.49771348238939,0.2460914245312
"1808",4.49771348238939,0.2460914245312,5.2028265001951,0.148352986419518
"1809",5.2028265001951,0.148352986419518,5.05447351377558,0.20943951023932
"1810",5.05447351377558,0.20943951023932,3.98284135305106,-0.314159265358979
"1811",3.98284135305106,-0.314159265358979,5.07541746479951,0.139626340159546
"1812",5.07541746479951,0.139626340159546,3.48193185772869,-0.474729556542458
"1813",3.48193185772869,-0.474729556542458,3.4784411992247,-0.162315620435473
"1814",3.4784411992247,-0.162315620435473,4.14864763199052,-0.23387411976724
"1815",4.14864763199052,-0.23387411976724,5.34419816960664,-0.549778714378214
"1816",5.34419816960664,-0.549778714378214,3.4156093461529,-0.247836753783195
"1817",3.4156093461529,-0.247836753783195,3.68439005096003,0.0575958653158129
"1818",3.68439005096003,0.0575958653158129,2.81696141271885,-0.450294947014537
"1819",2.81696141271885,-0.450294947014537,3.25329372571743,0.375245789178781
"1820",3.25329372571743,0.375245789178781,2.35793981944434,-0.268780704807127
"1821",2.35793981944434,-0.268780704807127,2.3387411976724,-0.111701072127637
"1822",2.3387411976724,-0.111701072127637,2.24100275956072,0.293215314335047
"1823",2.24100275956072,0.293215314335047,1.97745804250958,0.0593411945678072
"1824",1.97745804250958,0.0593411945678072,2.25671072282867,-0.432841654494594
"1825",2.25671072282867,-0.432841654494594,2.07519648062126,-0.162315620435473
"1826",2.07519648062126,-0.162315620435473,1.67726141116655,0.0349065850398866
"1827",1.67726141116655,0.0349065850398866,3.64250214891217,0.261799387799149
"1828",3.64250214891217,0.261799387799149,2.48011286708394,0.300196631343025
"1829",2.48011286708394,0.300196631343025,2.94786110661842,0.312413936106985
"1830",2.94786110661842,0.312413936106985,2.36143047794833,-0.383972435438752
"1831",2.36143047794833,-0.383972435438752,1.02799892942466,-0.143116998663535
"1832",1.02799892942466,-0.143116998663535,1.55857902203094,0.123918376891597
"1833",1.55857902203094,0.123918376891597,1.87448361664191,0.0436332312998582
"1834",1.87448361664191,0.0436332312998582,1.82212373908208,-0.282743338823081
"1835",1.82212373908208,-0.282743338823081,2.11708438266912,-0.197222205475359
"1836",2.11708438266912,-0.197222205475359,0.342084533390889,0.183259571459405
"1837",0.342084533390889,0.183259571459405,1.31423292675173,0.242600766027212
"1838",1.31423292675173,0.242600766027212,0.478220215046446,-0.368264472170804
"1839",0.478220215046446,-0.368264472170804,0.542797397370236,0.242600766027212
"1840",0.542797397370236,0.242600766027212,0.0628318530717959,-0.190240888467382
"1841",0.0628318530717959,-0.190240888467382,1.97222205475359,-0.251327412287183
"1842",1.97222205475359,-0.251327412287183,0.74176493209759,0.212930168743308
"1843",0.74176493209759,0.212930168743308,1.68249739892253,0.0628318530717959
"1844",1.68249739892253,0.0628318530717959,1.15540796482025,-0.342084533390889
"1845",1.15540796482025,-0.342084533390889,5.39132205941048,0.141371669411541
"1846",5.39132205941048,0.141371669411541,1.09083078249646,0.239110107523223
"1847",1.09083078249646,0.239110107523223,0.902335223281068,-0.308923277602996
"1848",0.902335223281068,-0.308923277602996,5.19933584169111,-0.541052068118242
"1849",5.19933584169111,-0.541052068118242,4.51865743341332,0.237364778271229
"1850",4.51865743341332,0.237364778271229,4.92008316137201,-0.28623399732707
"1851",4.92008316137201,-0.28623399732707,5.82590904315707,-0.27401669256311
"1852",5.82590904315707,-0.27401669256311,4.65130245656489,0.258308729295161
"1853",4.65130245656489,0.258308729295161,3.40339204138894,0.232128790515246
"1854",3.40339204138894,0.232128790515246,3.31438024953723,-0.153588974175501
"1855",3.31438024953723,-0.153588974175501,4.69493568786475,-0.214675497995303
"1856",4.69493568786475,-0.214675497995303,3.44004395568082,0.314159265358979
"1857",3.44004395568082,0.314159265358979,2.81172542496286,-0.373500459926786
"1858",2.81172542496286,-0.373500459926786,3.85194165915149,0.0506145483078356
"1859",3.85194165915149,0.0506145483078356,2.33699586842041,-0.244346095279206
"1860",2.33699586842041,-0.244346095279206,3.50113047950062,-0.284488668075076
"1861",3.50113047950062,-0.284488668075076,2.95309709437441,0.308923277602996
"1862",2.95309709437441,0.308923277602996,2.66162710929135,0.352556508902855
"1863",2.66162710929135,0.352556508902855,2.17991623574092,0.0471238898038469
"1864",2.17991623574092,0.0471238898038469,3.45400658969678,0.335103216382911
"1865",3.45400658969678,0.335103216382911,1.87971960439789,-0.282743338823081
"1866",1.87971960439789,-0.282743338823081,2.25147473507268,0.314159265358979
"1867",2.25147473507268,0.314159265358979,1.51494579073108,0.432841654494594
"1868",1.51494579073108,0.432841654494594,2.34572251468038,-0.3385938748869
"1869",2.34572251468038,-0.3385938748869,2.71049632834719,-0.35081117965086
"1870",2.71049632834719,-0.35081117965086,1.27059969545187,-0.35081117965086
"1871",1.27059969545187,-0.35081117965086,0.757472895365539,-0.342084533390889
"1872",0.757472895365539,-0.342084533390889,2.1240656996771,0.411897703470662
"1873",2.1240656996771,0.411897703470662,1.21474915938805,0.474729556542458
"1874",1.21474915938805,0.474729556542458,6.22209878335978,0.12915436464758
"1875",6.22209878335978,0.12915436464758,1.17984257434817,0.249582083035189
"1876",1.17984257434817,0.249582083035189,0.856956662729216,-0.363028484414821
"1877",0.856956662729216,-0.363028484414821,0.0314159265358979,-0.29845130209103
"1878",0.0314159265358979,-0.29845130209103,0.167551608191456,0.258308729295161
"1879",0.167551608191456,0.258308729295161,5.37212343763855,0.125663706143592
"1880",5.37212343763855,0.125663706143592,6.05803783367232,-0.410152374218667
"1881",6.05803783367232,-0.410152374218667,0.778416846389471,0.240855436775218
"1882",0.778416846389471,0.240855436775218,5.07367213554752,-0.232128790515246
"1883",5.07367213554752,-0.232128790515246,0.399680398706701,0.186750229963393
"1884",0.399680398706701,0.186750229963393,0.0628318530717959,-0.357792496658838
"1885",0.0628318530717959,-0.357792496658838,3.99331332856303,0.0541052068118242
"1886",3.99331332856303,0.0541052068118242,4.91135651511204,-0.111701072127637
"1887",4.91135651511204,-0.111701072127637,3.46796922371273,-0.139626340159546
"1888",3.46796922371273,-0.139626340159546,5.45589924173427,-0.132645023151569
"1889",5.45589924173427,-0.132645023151569,3.16777259236971,-0.279252680319093
"1890",3.16777259236971,-0.279252680319093,2.76634686441101,0.324631240870945
"1891",2.76634686441101,0.324631240870945,3.2637657012294,-0.366519142918809
"1892",3.2637657012294,-0.366519142918809,3.98109602379907,0.0663225115757845
"1893",3.98109602379907,0.0663225115757845,3.77165651355975,-0.307177948351002
"1894",3.77165651355975,-0.307177948351002,2.58134196369961,-0.317649923862968
"1895",2.58134196369961,-0.317649923862968,2.38586508747625,0.0453785605518526
"1896",2.38586508747625,0.0453785605518526,4.04567320612286,0.2460914245312
"1897",4.04567320612286,0.2460914245312,3.88510291493938,-0.188495559215388
"1898",3.88510291493938,-0.188495559215388,3.3248522250492,-0.431096325242599
"1899",3.3248522250492,-0.431096325242599,2.50280214735987,0.12915436464758
"1900",2.50280214735987,0.12915436464758,2.52723675688779,0.315904594610974
"1901",2.52723675688779,0.315904594610974,3.35975881008908,0.418879020478639
"1902",3.35975881008908,0.418879020478639,3.1398473243378,0.12915436464758
"1903",3.1398473243378,0.12915436464758,4.32492588644195,-0.211184839491314
"1904",4.32492588644195,-0.211184839491314,4.11374104695063,0.462512251778497
"1905",4.11374104695063,0.462512251778497,2.16769893097696,0.200712863979348
"1906",2.16769893097696,0.200712863979348,2.39808239224021,0.191986217719376
"1907",2.39808239224021,0.191986217719376,1.63537350911869,0.0541052068118242
"1908",1.63537350911869,0.0541052068118242,2.50629280586386,0.258308729295161
"1909",2.50629280586386,0.258308729295161,2.41728101401215,0.10471975511966
"1910",2.41728101401215,0.10471975511966,2.64940980452739,-0.22165681500328
"1911",2.64940980452739,-0.22165681500328,1.68947871593051,0.120427718387609
"1912",1.68947871593051,0.120427718387609,0.336848545634906,0.2460914245312
"1913",0.336848545634906,0.2460914245312,0.205948851735331,-0.314159265358979
"1914",0.205948851735331,-0.314159265358979,2.20609617452083,-0.216420827247297
"1915",2.20609617452083,-0.216420827247297,1.48352986419518,0.0733038285837618
"1916",1.48352986419518,0.0733038285837618,0.3385938748869,-0.431096325242599
"1917",0.3385938748869,-0.431096325242599,1.74009326423835,-0.190240888467382
"1918",1.74009326423835,-0.190240888467382,0.0331612557878923,-0.340339204138894
"1919",0.0331612557878923,-0.340339204138894,0.010471975511966,-0.0785398163397448
"1920",0.010471975511966,-0.0785398163397448,5.95157274930066,-0.267035375555132
"1921",5.95157274930066,-0.267035375555132,5.60948821590977,-0.0872664625997165
"1922",5.60948821590977,-0.0872664625997165,1.1397000015523,-0.420624349730633
"1923",1.1397000015523,-0.420624349730633,1.08384946548848,-0.216420827247297
"1924",1.08384946548848,-0.216420827247297,5.9725167003246,-0.380481776934764
"1925",5.9725167003246,-0.380481776934764,5.35117948661461,0.132645023151569
"1926",5.35117948661461,0.132645023151569,5.15046662263527,-0.317649923862968
"1927",5.15046662263527,-0.317649923862968,4.42964564156161,-0.260054058547155
"1928",4.42964564156161,-0.260054058547155,5.64788545945365,-0.46774823953448
"1929",5.64788545945365,-0.46774823953448,5.00734962397173,-0.436332312998582
"1930",5.00734962397173,-0.436332312998582,3.80481776934764,0.226892802759263
"1931",3.80481776934764,0.226892802759263,3.74198591627584,-0.267035375555132
"1932",3.74198591627584,-0.267035375555132,4.49945881164138,-0.211184839491314
"1933",4.49945881164138,-0.211184839491314,5.59727091114581,-0.258308729295161
"1934",5.59727091114581,-0.258308729295161,3.58316095434436,0.322885911618951
"1935",3.58316095434436,0.322885911618951,3.23758576244948,0.115191730631626
"1936",3.23758576244948,0.115191730631626,4.34412450821389,0.46774823953448
"1937",4.34412450821389,0.46774823953448,3.97935069454707,0.0488692190558412
"1938",3.97935069454707,0.0488692190558412,2.89899188756258,0.293215314335047
"1939",2.89899188756258,0.293215314335047,3.90430153671132,0.0436332312998582
"1940",3.90430153671132,0.0436332312998582,2.6162485487395,0.275762021815104
"1941",2.6162485487395,0.275762021815104,3.63726616115618,-0.279252680319093
"1942",3.63726616115618,-0.279252680319093,2.61973920724349,0.150098315671512
"1943",2.61973920724349,0.150098315671512,2.0315632493214,-0.010471975511966
"1944",2.0315632493214,-0.010471975511966,2.11882971192112,0.191986217719376
"1945",2.11882971192112,0.191986217719376,1.45211393765928,0.352556508902855
"1946",1.45211393765928,0.352556508902855,2.08915911463721,0.328121899374934
"1947",2.08915911463721,0.328121899374934,1.85353966561798,0.165806278939461
"1948",1.85353966561798,0.165806278939461,1.76278254451427,0.0785398163397448
"1949",1.76278254451427,0.0785398163397448,1.72613063022239,-0.28623399732707
"1950",1.72613063022239,-0.28623399732707,2.63021118275545,-0.385717764690747
"1951",2.63021118275545,-0.385717764690747,2.05425252959733,-0.207694180987325
"1952",2.05425252959733,-0.207694180987325,2.5551620249197,0.303687289847013
"1953",2.5551620249197,0.303687289847013,1.60919357033877,0.178023583703422
"1954",1.60919357033877,0.178023583703422,2.55865268342369,0.102974425867665
"1955",2.55865268342369,0.102974425867665,1.31074226824774,-0.188495559215388
"1956",1.31074226824774,-0.188495559215388,2.86757596102668,-0.366519142918809
"1957",2.86757596102668,-0.366519142918809,0.767944870877505,-0.380481776934764
"1958",0.767944870877505,-0.380481776934764,0.385717764690747,-0.204203522483337
"1959",0.385717764690747,-0.204203522483337,5.68104671524154,-0.0977384381116825
"1960",5.68104671524154,-0.0977384381116825,1.50272848596712,-0.267035375555132
"1961",1.50272848596712,-0.267035375555132,5.05098285527159,-0.385717764690747
"1962",5.05098285527159,-0.385717764690747,4.75253155318056,-0.158824961931484
"1963",4.75253155318056,-0.158824961931484,5.26042236551091,-0.44331363000656
"1964",5.26042236551091,-0.44331363000656,5.59727091114581,0.22165681500328
"1965",5.59727091114581,0.22165681500328,4.80314610148839,-0.216420827247297
"1966",4.80314610148839,-0.216420827247297,4.62686784703697,-0.46774823953448
"1967",4.62686784703697,-0.46774823953448,4.27256600888212,-0.146607657167524
"1968",4.27256600888212,-0.146607657167524,4.26558469187414,0.462512251778497
"1969",4.26558469187414,0.462512251778497,3.96364273127912,0.240855436775218
"1970",3.96364273127912,0.240855436775218,3.78212848907171,0.317649923862968
"1971",3.78212848907171,0.317649923862968,5.28311164578684,-0.413643032722656
"1972",5.28311164578684,-0.413643032722656,5.53792971657801,-0.18151424220741
"1973",5.53792971657801,-0.18151424220741,4.13643032722656,-0.218166156499291
"1974",4.13643032722656,-0.218166156499291,4.56927198172115,-0.226892802759263
"1975",4.56927198172115,-0.226892802759263,3.00894763043822,-0.380481776934764
"1976",3.00894763043822,-0.380481776934764,4.41044701978967,0.242600766027212
"1977",4.41044701978967,0.242600766027212,5.43320996145835,-0.450294947014537
"1978",5.43320996145835,-0.450294947014537,3.02989158146216,0.383972435438752
"1979",3.02989158146216,0.383972435438752,2.66686309704734,0.239110107523223
"1980",2.66686309704734,0.239110107523223,3.8170350741116,0.235619449019234
"1981",3.8170350741116,0.235619449019234,2.45567825755602,0.29845130209103
"1982",2.45567825755602,0.29845130209103,2.54119939090374,0.301941960595019
"1983",2.54119939090374,0.301941960595019,2.30383461263251,0.0506145483078356
"1984",2.30383461263251,0.0506145483078356,1.95476876223365,0.00698131700797732
"1985",1.95476876223365,0.00698131700797732,1.80117978805815,-0.291469985083053
"1986",1.80117978805815,-0.291469985083053,1.75056523975031,0.431096325242599
"1987",1.75056523975031,0.431096325242599,2.39110107523223,0.0767944870877505
"1988",2.39110107523223,0.0767944870877505,1.62490153360672,0.113446401379631
"1989",1.62490153360672,0.113446401379631,2.24972940582069,0.0628318530717959
"1990",2.24972940582069,0.0628318530717959,1.97571271325758,0.0575958653158129
"1991",1.97571271325758,0.0575958653158129,1.39451807234347,0.22165681500328
"1992",1.39451807234347,0.22165681500328,1.34041286553164,-0.216420827247297
"1993",1.34041286553164,-0.216420827247297,1.68947871593051,0.205948851735331
"1994",1.68947871593051,0.205948851735331,1.17809724509617,-0.0942477796076938
"1995",1.17809724509617,-0.0942477796076938,0.490437519810407,-0.396189740202713
"1996",0.490437519810407,-0.396189740202713,2.5534166956677,0.29845130209103
"1997",2.5534166956677,0.29845130209103,2.04028989558137,0.287979326579064
"1998",2.04028989558137,0.287979326579064,1.60221225333079,0.190240888467382
"1999",1.60221225333079,0.190240888467382,1.41197136486341,-0.171042266695444
"2000",1.41197136486341,-0.171042266695444,6.14879495477602,0.191986217719376
"2001",6.14879495477602,0.191986217719376,6.12959633300409,0.106465084371654
"2002",6.12959633300409,0.106465084371654,2.12057504117311,0.0436332312998582
"2003",2.12057504117311,0.0436332312998582,1.232202451908,0.399680398706701
"2004",1.232202451908,0.399680398706701,1.64759081388265,0.472984227290463
"2005",1.64759081388265,0.472984227290463,6.01789526087645,0.218166156499291
"2006",6.01789526087645,0.218166156499291,4.81710873550435,-0.165806278939461
"2007",4.81710873550435,-0.165806278939461,0.258308729295161,0.219911485751285
"2008",0.258308729295161,0.219911485751285,4.79616478448042,-0.237364778271229
"2009",4.79616478448042,-0.237364778271229,0.11693705988362,-0.289724655831059
"2010",0.11693705988362,-0.289724655831059,5.0789081233035,-0.153588974175501
"2011",5.0789081233035,-0.153588974175501,5.08588944031148,-0.380481776934764
"2012",5.08588944031148,-0.380481776934764,6.17148423505195,-0.35081117965086
"2013",6.17148423505195,-0.35081117965086,4.68620904160477,-0.308923277602996
"2014",4.68620904160477,-0.308923277602996,5.94284610304069,-0.195476876223365
"2015",5.94284610304069,-0.195476876223365,4.48898683612942,-0.22165681500328
"2016",4.48898683612942,-0.22165681500328,4.44011761707357,0.202458193231342
"2017",4.44011761707357,0.202458193231342,3.67042741694408,0.0488692190558412
"2018",3.67042741694408,0.0488692190558412,4.17831822927443,0.219911485751285
"2019",4.17831822927443,0.219911485751285,5.65486677646163,-0.261799387799149
"2020",5.65486677646163,-0.261799387799149,4.09105176667471,-0.293215314335047
"2021",4.09105176667471,-0.293215314335047,5.50651379004211,-0.446804288510548
"2022",5.50651379004211,-0.446804288510548,3.39990138288495,0.333357887130917
"2023",3.39990138288495,0.333357887130917,4.12072236395861,0.247836753783195
"2024",4.12072236395861,0.247836753783195,3.29518162776529,-0.319395253114962
"2025",3.29518162776529,-0.319395253114962,2.90946386307455,0.373500459926786
"2026",2.90946386307455,0.373500459926786,2.82917871748281,0.258308729295161
"2027",2.82917871748281,0.258308729295161,2.89550122905859,-0.453785605518526
"2028",2.89550122905859,-0.453785605518526,2.43822496503608,0.294960643587042
"2029",2.43822496503608,0.294960643587042,4.30223660616602,-0.230383461263251
"2030",4.30223660616602,-0.230383461263251,3.09097810528196,-0.328121899374934
"2031",3.09097810528196,-0.328121899374934,2.79776279094691,-0.148352986419518
"2032",2.79776279094691,-0.148352986419518,2.46964089157198,0.0488692190558412
"2033",2.46964089157198,0.0488692190558412,2.46789556231998,-0.146607657167524
"2034",2.46789556231998,-0.146607657167524,2.41728101401215,-0.151843644923507
"2035",2.41728101401215,-0.151843644923507,2.23925743030872,0.158824961931484
"2036",2.23925743030872,0.158824961931484,3.08399678827398,-0.413643032722656
"2037",3.08399678827398,-0.413643032722656,2.83790536374278,0.20943951023932
"2038",2.83790536374278,0.20943951023932,2.52200076913181,0.240855436775218
"2039",2.52200076913181,0.240855436775218,1.90415421392581,0.204203522483337
"2040",1.90415421392581,0.204203522483337,2.44520628204406,-0.167551608191456
"2041",2.44520628204406,-0.167551608191456,3.02116493520218,-0.319395253114962
"2042",3.02116493520218,-0.319395253114962,1.56381500978692,-0.244346095279206
"2043",1.56381500978692,-0.244346095279206,1.19205987911213,0.251327412287183
"2044",1.19205987911213,0.251327412287183,3.46447856520874,-0.185004900711399
"2045",3.46447856520874,-0.185004900711399,1.57254165604689,0.191986217719376
"2046",1.57254165604689,0.191986217719376,1.79070781254618,-0.322885911618951
"2047",1.79070781254618,-0.322885911618951,2.07345115136926,-0.352556508902855
"2048",2.07345115136926,-0.352556508902855,1.82037840983009,0.226892802759263
"2049",1.82037840983009,0.226892802759263,2.0315632493214,0.0733038285837618
"2050",2.0315632493214,0.0733038285837618,5.61821486216975,0.335103216382911
"2051",5.61821486216975,0.335103216382911,0.394444410950718,-0.368264472170804
"2052",0.394444410950718,-0.368264472170804,4.86597795456019,-0.20943951023932
"2053",4.86597795456019,-0.20943951023932,5.0160762702317,-0.205948851735331
"2054",5.0160762702317,-0.205948851735331,5.99346065134853,0.226892802759263
"2055",5.99346065134853,0.226892802759263,5.88175957922089,-0.197222205475359
"2056",5.88175957922089,-0.197222205475359,5.31452757232273,0.0541052068118242
"2057",5.31452757232273,0.0541052068118242,4.35459648372585,-0.0820304748437335
"2058",4.35459648372585,-0.0820304748437335,5.44368193697031,0.375245789178781
"2059",5.44368193697031,0.375245789178781,5.34070751110265,-0.239110107523223
"2060",5.34070751110265,-0.239110107523223,5.61821486216975,0.514872129338327
"2061",5.61821486216975,0.514872129338327,5.66533875197359,-0.247836753783195
"2062",5.66533875197359,-0.247836753783195,3.60410490536829,-0.205948851735331
"2063",3.60410490536829,-0.205948851735331,5.0789081233035,0.0907571211037051
"2064",5.0789081233035,0.0907571211037051,4.13817565647856,0.321140582366957
"2065",4.13817565647856,0.321140582366957,2.53421807389577,-0.363028484414821
"2066",2.53421807389577,-0.363028484414821,4.3388885204579,0.216420827247297
"2067",4.3388885204579,0.216420827247297,2.32652389290844,0.293215314335047
"2068",2.32652389290844,0.293215314335047,2.31081592964049,0.158824961931484
"2069",2.31081592964049,0.158824961931484,2.53770873239976,0.10471975511966
"2070",2.53770873239976,0.10471975511966,2.04378055408536,0.18151424220741
"2071",2.04378055408536,0.18151424220741,4.47327887286147,0.204203522483337
"2072",4.47327887286147,0.204203522483337,2.14326432144904,0.12915436464758
"2073",2.14326432144904,0.12915436464758,3.02465559370617,0.347320521146872
"2074",3.02465559370617,0.347320521146872,3.00545697193423,-0.0174532925199433
"2075",3.00545697193423,-0.0174532925199433,2.57436064669164,0.240855436775218
"2076",2.57436064669164,0.240855436775218,2.42600766027212,0.0837758040957278
"2077",2.42600766027212,0.0837758040957278,1.65108147238664,0.207694180987325
"2078",1.65108147238664,0.207694180987325,2.69827902358323,-0.122173047639603
"2079",2.69827902358323,-0.122173047639603,1.4172073526194,0.191986217719376
"2080",1.4172073526194,0.191986217719376,2.6459191460234,-0.401425727958696
"2081",2.6459191460234,-0.401425727958696,2.11359372416513,0.22165681500328
"2082",2.11359372416513,0.22165681500328,2.66511776779534,-0.202458193231342
"2083",2.66511776779534,-0.202458193231342,2.99847565492626,-0.162315620435473
"2084",2.99847565492626,-0.162315620435473,0.970403064108847,-0.253072741539178
"2085",0.970403064108847,-0.253072741539178,0.959931088596881,0.256563400043166
"2086",0.959931088596881,0.256563400043166,2.00887396904547,0.183259571459405
"2087",2.00887396904547,0.183259571459405,2.92691715559449,-0.462512251778497
"2088",2.92691715559449,-0.462512251778497,1.74532925199433,0.183259571459405
"2089",1.74532925199433,0.183259571459405,0.652753140245879,-0.282743338823081
"2090",0.652753140245879,-0.282743338823081,1.76278254451427,0.0680678408277788
"2091",1.76278254451427,0.0680678408277788,1.25140107367993,-0.277507351067098
"2092",1.25140107367993,-0.277507351067098,0.434586983746588,-0.335103216382911
"2093",0.434586983746588,-0.335103216382911,0.424115008234622,-0.20943951023932
"2094",0.424115008234622,-0.20943951023932,5.85732496969297,-0.193731546971371
"2095",5.85732496969297,-0.193731546971371,0.198967534727354,-0.293215314335047
"2096",0.198967534727354,-0.293215314335047,6.08945376020822,-0.158824961931484
"2097",6.08945376020822,-0.158824961931484,5.41226601043442,0.0279252680319093
"2098",5.41226601043442,0.0279252680319093,5.27962098728285,0.0767944870877505
"2099",5.27962098728285,0.0767944870877505,0.378736447682769,-0.329867228626928
"2100",0.378736447682769,-0.329867228626928,6.13657765001206,-0.148352986419518
"2101",6.13657765001206,-0.148352986419518,5.18886386617914,-0.232128790515246
"2102",5.18886386617914,-0.232128790515246,6.15228561328001,0.205948851735331
"2103",6.15228561328001,0.205948851735331,4.4942228238854,0.134390352403563
"2104",4.4942228238854,0.134390352403563,4.34936049596987,0.0994837673636768
"2105",4.34936049596987,0.0994837673636768,6.16275758879198,-0.0191986217719376
"2106",6.16275758879198,-0.0191986217719376,5.0160762702317,-0.0750491578357562
"2107",5.0160762702317,-0.0750491578357562,5.86954227445693,0.176278254451427
"2108",5.86954227445693,0.176278254451427,5.17664656141518,0.0122173047639603
"2109",5.17664656141518,0.0122173047639603,4.74555023617258,-0.294960643587042
"2110",4.74555023617258,-0.294960643587042,4.06138116939081,-0.212930168743308
"2111",4.06138116939081,-0.212930168743308,4.77871149196047,-0.195476876223365
"2112",4.77871149196047,-0.195476876223365,5.76656784858926,0.235619449019234
"2113",5.76656784858926,0.235619449019234,3.82227106186758,0.277507351067098
"2114",3.82227106186758,0.277507351067098,4.56927198172115,-0.225147473507269
"2115",4.56927198172115,-0.225147473507269,4.53611072593326,0.282743338823081
"2116",4.53611072593326,0.282743338823081,5.43844594921433,0.0680678408277788
"2117",5.43844594921433,0.0680678408277788,5.30580092606276,-0.226892802759263
"2118",5.30580092606276,-0.226892802759263,2.91819050933452,-0.280998009571087
"2119",2.91819050933452,-0.280998009571087,3.15730061685774,-0.427605666738611
"2120",3.15730061685774,-0.427605666738611,3.44527994343681,0.240855436775218
"2121",3.44527994343681,0.240855436775218,2.83441470523879,0.101229096615671
"2122",2.83441470523879,0.101229096615671,2.42426233102012,0.146607657167524
"2123",2.42426233102012,0.146607657167524,2.20609617452083,0.144862327915529
"2124",2.20609617452083,0.144862327915529,2.04203522483337,0.125663706143592
"2125",2.04203522483337,0.125663706143592,2.19387886975687,0.280998009571087
"2126",2.19387886975687,0.280998009571087,1.90066355542182,0.106465084371654
"2127",1.90066355542182,0.106465084371654,1.78023583703422,0.12915436464758
"2128",1.78023583703422,0.12915436464758,1.51843644923507,0.185004900711399
"2129",1.51843644923507,0.185004900711399,2.37713844121628,-0.020943951023932
"2130",2.37713844121628,-0.020943951023932,2.26369203983665,0.335103216382911
"2131",2.26369203983665,0.335103216382911,2.87630260728666,-0.373500459926786
"2132",2.87630260728666,-0.373500459926786,2.40331837999619,0.361283155162826
"2133",2.40331837999619,0.361283155162826,3.2637657012294,-0.287979326579064
"2134",3.2637657012294,-0.287979326579064,3.22536845768552,0.277507351067098
"2135",3.22536845768552,0.277507351067098,3.12588469032184,-0.158824961931484
"2136",3.12588469032184,-0.158824961931484,2.96182374063438,-0.249582083035189
"2137",2.96182374063438,-0.249582083035189,2.63544717051144,0.263544717051144
"2138",2.63544717051144,0.263544717051144,2.3404865269244,0.178023583703422
"2139",2.3404865269244,0.178023583703422,2.16944426022895,0.11693705988362
"2140",2.16944426022895,0.11693705988362,1.96349540849362,-0.134390352403563
"2141",1.96349540849362,-0.134390352403563,1.79943445880615,-0.223402144255274
"2142",1.79943445880615,-0.223402144255274,1.35612082879959,-0.445058959258554
"2143",1.35612082879959,-0.445058959258554,2.93389847260247,0.200712863979348
"2144",2.93389847260247,0.200712863979348,2.37364778271229,0.00872664625997165
"2145",2.37364778271229,0.00872664625997165,0.537561409614253,-0.354301838154849
"2146",0.537561409614253,-0.354301838154849,2.25671072282867,-0.141371669411541
"2147",2.25671072282867,-0.141371669411541,2.06646983436129,0.118682389135614
"2148",2.06646983436129,0.118682389135614,1.83957703160202,0.200712863979348
"2149",1.83957703160202,0.200712863979348,1.46607657167524,0.258308729295161
"2150",1.46607657167524,0.258308729295161,0.256563400043166,-0.366519142918809
"2151",0.256563400043166,-0.366519142918809,1.89193690916185,-0.322885911618951
"2152",1.89193690916185,-0.322885911618951,1.76627320301826,0.160570291183478
"2153",1.76627320301826,0.160570291183478,0.795870138909414,-0.356047167406843
"2154",0.795870138909414,-0.356047167406843,6.26049602690366,-0.172787595947439
"2155",6.26049602690366,-0.172787595947439,2.10835773640915,0.216420827247297
"2156",2.10835773640915,0.216420827247297,2.49582083035189,-0.324631240870945
"2157",2.49582083035189,-0.324631240870945,0.453785605518526,0.232128790515246
"2158",0.453785605518526,0.232128790515246,6.15752160103599,0.130899693899575
"2159",6.15752160103599,0.130899693899575,5.81369173839311,0.240855436775218
"2160",5.81369173839311,0.240855436775218,0.944223125328932,0.335103216382911
"2161",0.944223125328932,0.335103216382911,0.809832772925369,-0.101229096615671
"2162",0.809832772925369,-0.101229096615671,5.15919326889524,0.287979326579064
"2163",5.15919326889524,0.287979326579064,5.15046662263527,-0.202458193231342
"2164",5.15046662263527,-0.202458193231342,4.98466034369581,0.322885911618951
"2165",4.98466034369581,0.322885911618951,0.75398223686155,-0.321140582366957
"2166",0.75398223686155,-0.321140582366957,5.38434074240251,-0.242600766027212
"2167",5.38434074240251,-0.242600766027212,4.72460628514865,0.186750229963393
"2168",4.72460628514865,0.186750229963393,4.92008316137201,-0.109955742875643
"2169",4.92008316137201,-0.109955742875643,0.0296705972839036,-0.134390352403563
"2170",0.0296705972839036,-0.134390352403563,4.36157780073383,0.352556508902855
"2171",4.36157780073383,0.352556508902855,4.22718744833027,-0.2460914245312
"2172",4.22718744833027,-0.2460914245312,5.32849020633869,0.010471975511966
"2173",5.32849020633869,0.010471975511966,6.19940950308386,-0.340339204138894
"2174",6.19940950308386,-0.340339204138894,4.41742833679765,0.132645023151569
"2175",4.41742833679765,0.132645023151569,4.17308224151844,0.29845130209103
"2176",4.17308224151844,0.29845130209103,4.07185314490277,-0.237364778271229
"2177",4.07185314490277,-0.237364778271229,3.95666141427114,0.251327412287183
"2178",3.95666141427114,0.251327412287183,5.10683339133541,-0.197222205475359
"2179",5.10683339133541,-0.197222205475359,4.66701041983284,0.261799387799149
"2180",4.66701041983284,0.261799387799149,4.72286095589666,0.373500459926786
"2181",4.72286095589666,0.373500459926786,4.48549617762543,0.27401669256311
"2182",4.48549617762543,0.27401669256311,3.87288561017542,0.108210413623648
"2183",3.87288561017542,0.108210413623648,3.01418361819421,-0.308923277602996
"2184",3.01418361819421,-0.308923277602996,4.39822971502571,0.212930168743308
"2185",4.39822971502571,0.212930168743308,3.84496034214351,0.308923277602996
"2186",3.84496034214351,0.308923277602996,2.80648943720688,-0.322885911618951
"2187",2.80648943720688,-0.322885911618951,5.09810674507544,0.308923277602996
"2188",5.09810674507544,0.308923277602996,4.93055513688398,0.289724655831059
"2189",4.93055513688398,0.289724655831059,3.50462113800461,-0.12915436464758
"2190",3.50462113800461,-0.12915436464758,2.53596340314776,0.132645023151569
"2191",2.53596340314776,0.132645023151569,4.09628775443069,0.197222205475359
"2192",4.09628775443069,0.197222205475359,2.6459191460234,0.0767944870877505
"2193",2.6459191460234,0.0767944870877505,2.33350520991642,0.293215314335047
"2194",2.33350520991642,0.293215314335047,2.29510796637254,0.10471975511966
"2195",2.29510796637254,0.10471975511966,2.33699586842041,-0.207694180987325
"2196",2.33699586842041,-0.207694180987325,2.32477856365645,-0.00698131700797732
"2197",2.32477856365645,-0.00698131700797732,2.72794962086714,0.144862327915529
"2198",2.72794962086714,0.144862327915529,2.44695161129605,0.0872664625997165
"2199",2.44695161129605,0.0872664625997165,1.52541776624304,0.188495559215388
"2200",1.52541776624304,0.188495559215388,2.60228591472355,0.0122173047639603
"2201",2.60228591472355,0.0122173047639603,2.04552588333735,0.0802851455917391
"2202",2.04552588333735,0.0802851455917391,0.616101225953998,0.368264472170804
"2203",0.616101225953998,0.368264472170804,2.04203522483337,0.198967534727354
"2204",2.04203522483337,0.198967534727354,0.471238898038469,-0.357792496658838
"2205",0.471238898038469,-0.357792496658838,1.30376095123976,0.113446401379631
"2206",1.30376095123976,0.113446401379631,1.11002940426839,0.425860337486616
"2207",1.11002940426839,0.425860337486616,0.595157274930066,-0.188495559215388
"2208",0.595157274930066,-0.188495559215388,1.97222205475359,-0.22165681500328
"2209",1.97222205475359,-0.22165681500328,0.380481776934764,0.383972435438752
"2210",0.380481776934764,0.383972435438752,5.88874089622887,-0.383972435438752
"2211",5.88874089622887,-0.383972435438752,0.535816080362259,0.373500459926786
"2212",0.535816080362259,0.373500459926786,5.23947841448698,-0.261799387799149
"2213",5.23947841448698,-0.261799387799149,5.64264947169767,0.10471975511966
"2214",5.64264947169767,0.10471975511966,5.14348530562729,0.219911485751285
"2215",5.14348530562729,0.219911485751285,4.76474885794452,0.202458193231342
"2216",4.76474885794452,0.202458193231342,0.256563400043166,-0.314159265358979
"2217",0.256563400043166,-0.314159265358979,4.59370659124907,0.148352986419518
"2218",4.59370659124907,0.148352986419518,0.62482787221397,-0.312413936106985
"2219",0.62482787221397,-0.312413936106985,0.307177948351002,0.424115008234622
"2220",0.307177948351002,0.424115008234622,4.5256387504213,0.237364778271229
"2221",4.5256387504213,0.237364778271229,5.58330827712986,-0.202458193231342
"2222",5.58330827712986,-0.202458193231342,5.29881960905478,-0.469493568786475
"2223",5.29881960905478,-0.469493568786475,4.35634181297785,-0.197222205475359
"2224",4.35634181297785,-0.197222205475359,4.19053553403839,-0.207694180987325
"2225",4.19053553403839,-0.207694180987325,4.6792277245968,0.0680678408277788
"2226",4.6792277245968,0.0680678408277788,5.61646953291775,-0.0733038285837618
"2227",5.61646953291775,-0.0733038285837618,4.60592389601304,0.0855211333477222
"2228",4.60592389601304,0.0855211333477222,4.05963584013881,0.223402144255274
"2229",4.05963584013881,0.223402144255274,4.6792277245968,0.366519142918809
"2230",4.6792277245968,0.366519142918809,5.2621676947629,-0.275762021815104
"2231",5.2621676947629,-0.275762021815104,3.86590429316744,-0.139626340159546
"2232",3.86590429316744,-0.139626340159546,5.52222175331006,-0.202458193231342
"2233",5.52222175331006,-0.202458193231342,2.63370184125944,0.340339204138894
"2234",2.63370184125944,0.340339204138894,2.27416401534861,0.275762021815104
"2235",2.27416401534861,0.275762021815104,2.17293491873294,-0.167551608191456
"2236",2.17293491873294,-0.167551608191456,3.94618943875918,0.0226892802759263
"2237",3.94618943875918,0.0226892802759263,1.97920337176157,-0.125663706143592
"2238",1.97920337176157,-0.125663706143592,2.56563400043166,0.122173047639603
"2239",2.56563400043166,0.122173047639603,2.06821516361328,0.144862327915529
"2240",2.06821516361328,0.144862327915529,2.77507351067098,0.197222205475359
"2241",2.77507351067098,0.197222205475359,2.43647963578408,0.272271363311115
"2242",2.43647963578408,0.272271363311115,2.38935574598024,-0.22165681500328
"2243",2.38935574598024,-0.22165681500328,1.16413461108022,-0.137881010907552
"2244",1.16413461108022,-0.137881010907552,1.78721715404219,-0.193731546971371
"2245",1.78721715404219,-0.193731546971371,3.42259066316088,0.240855436775218
"2246",3.42259066316088,0.240855436775218,2.13104701668508,-0.153588974175501
"2247",2.13104701668508,-0.153588974175501,2.3090706003885,-0.115191730631626
"2248",2.3090706003885,-0.115191730631626,2.02632726156542,0.240855436775218
"2249",2.02632726156542,0.240855436775218,1.90240888467382,-0.253072741539178
"2250",1.90240888467382,-0.253072741539178,1.32121424375971,0.118682389135614
"2251",1.32121424375971,0.118682389135614,0.603883921190038,-0.23387411976724
"2252",0.603883921190038,-0.23387411976724,2.51152879361984,0.270526034059121
"2253",2.51152879361984,0.270526034059121,0.972148393360842,-0.319395253114962
"2254",0.972148393360842,-0.319395253114962,0.397935069454707,0.22165681500328
"2255",0.397935069454707,0.22165681500328,6.2465333928877,0.167551608191456
"2256",6.2465333928877,0.167551608191456,1.64759081388265,0.39095375244673
"2257",1.64759081388265,0.39095375244673,1.1693705988362,0.0122173047639603
"2258",1.1693705988362,0.0122173047639603,1.76976386152225,0.211184839491314
"2259",1.76976386152225,0.211184839491314,6.20813614934383,0.293215314335047
"2260",6.20813614934383,0.293215314335047,2.0926497731412,-0.212930168743308
"2261",2.0926497731412,-0.212930168743308,0.748746249105567,-0.343829862642883
"2262",0.748746249105567,-0.343829862642883,5.41226601043442,-0.226892802759263
"2263",5.41226601043442,-0.226892802759263,5.87303293296092,0.319395253114962
"2264",5.87303293296092,0.319395253114962,1.11875605052837,0.10471975511966
"2265",1.11875605052837,0.10471975511966,5.65486677646163,-0.32637657012294
"2266",5.65486677646163,-0.32637657012294,4.52738407967329,0.207694180987325
"2267",4.52738407967329,0.207694180987325,5.38957673015849,-0.0942477796076938
"2268",5.38957673015849,-0.0942477796076938,4.97942435593982,-0.16929693744345
"2269",4.97942435593982,-0.16929693744345,4.36681378848981,-0.240855436775218
"2270",4.36681378848981,-0.240855436775218,5.1696652444072,-0.0418879020478639
"2271",5.1696652444072,-0.0418879020478639,5.03876555050763,0.0890117918517108
"2272",5.03876555050763,0.0890117918517108,5.53094839957003,-0.424115008234622
"2273",5.53094839957003,-0.424115008234622,5.16268392739923,-0.0349065850398866
"2274",5.16268392739923,-0.0349065850398866,5.1399946471233,0.0401425727958696
"2275",5.1399946471233,0.0401425727958696,4.56578132321717,0.0139626340159546
"2276",4.56578132321717,0.0139626340159546,3.62853951489621,0.314159265358979
"2277",3.62853951489621,0.314159265358979,3.92524548773525,-0.120427718387609
"2278",3.92524548773525,-0.120427718387609,4.93928178314395,-0.0645771823237902
"2279",4.93928178314395,-0.0645771823237902,4.47153354360947,0.172787595947439
"2280",4.47153354360947,0.172787595947439,4.19228086329038,0.307177948351002
"2281",4.19228086329038,0.307177948351002,3.92699081698724,-0.111701072127637
"2282",3.92699081698724,-0.111701072127637,2.91644518008252,0.287979326579064
"2283",2.91644518008252,0.287979326579064,3.16602726311771,-0.272271363311115
"2284",3.16602726311771,-0.272271363311115,2.78380015693096,-0.486946861306418
"2285",2.78380015693096,-0.486946861306418,3.96015207277513,-0.0733038285837618
"2286",3.96015207277513,-0.0733038285837618,3.88335758568738,-0.40317105721069
"2287",3.88335758568738,-0.40317105721069,2.57261531743964,0.329867228626928
"2288",2.57261531743964,0.329867228626928,2.63719249976343,-0.0261799387799149
"2289",2.63719249976343,-0.0261799387799149,3.93746279249921,0.0907571211037051
"2290",3.93746279249921,0.0907571211037051,2.2165681500328,0.125663706143592
"2291",2.2165681500328,0.125663706143592,3.61806753938425,-0.218166156499291
"2292",3.61806753938425,-0.218166156499291,2.37364778271229,-0.349065850398866
"2293",2.37364778271229,-0.349065850398866,1.91288086018578,0.202458193231342
"2294",1.91288086018578,0.202458193231342,1.88670092140587,0.324631240870945
"2295",1.88670092140587,0.324631240870945,1.40149938935145,0.0890117918517108
"2296",1.40149938935145,0.0890117918517108,1.24791041517595,0.101229096615671
"2297",1.24791041517595,0.101229096615671,1.230457122656,-0.301941960595019
"2298",1.230457122656,-0.301941960595019,1.62664686285872,0.0872664625997165
"2299",1.62664686285872,0.0872664625997165,0.815068760681352,-0.150098315671512
"2300",0.815068760681352,-0.150098315671512,1.53239908325102,0.319395253114962
"2301",1.53239908325102,0.319395253114962,0.232128790515246,-0.328121899374934
"2302",0.232128790515246,-0.328121899374934,0.109955742875643,0.387463093942741
"2303",0.109955742875643,0.387463093942741,2.25147473507268,-0.500909495322373
"2304",2.25147473507268,-0.500909495322373,0.712094334813686,-0.158824961931484
"2305",0.712094334813686,-0.158824961931484,5.86954227445693,-0.223402144255274
"2306",5.86954227445693,-0.223402144255274,5.30580092606276,0.00698131700797732
"2307",5.30580092606276,0.00698131700797732,5.21504380495906,0.134390352403563
"2308",5.21504380495906,0.134390352403563,0.010471975511966,-0.359537825910832
"2309",0.010471975511966,-0.359537825910832,0.431096325242599,0.214675497995303
"2310",0.431096325242599,0.214675497995303,0.363028484414821,0.247836753783195
"2311",0.363028484414821,0.247836753783195,4.23067810683425,0.0575958653158129
"2312",4.23067810683425,0.0575958653158129,5.85208898193699,-0.247836753783195
"2313",5.85208898193699,-0.247836753783195,4.39822971502571,0.00349065850398866
"2314",4.39822971502571,0.00349065850398866,5.39830337641846,-0.329867228626928
"2315",5.39830337641846,-0.329867228626928,5.10159740357942,0.284488668075076
"2316",5.10159740357942,0.284488668075076,4.76300352869252,-0.0122173047639603
"2317",4.76300352869252,-0.0122173047639603,4.60766922526503,0.375245789178781
"2318",4.60766922526503,0.375245789178781,4.12246769321061,0.570722665402146
"2319",4.12246769321061,0.570722665402146,4.56229066471318,0.158824961931484
"2320",4.56229066471318,0.158824961931484,4.14166631498254,0.158824961931484
"2321",4.14166631498254,0.158824961931484,2.7995081201989,0.0820304748437335
"2322",2.7995081201989,0.0820304748437335,4.52040276266531,0.0541052068118242
"2323",4.52040276266531,0.0541052068118242,3.34754150532512,-0.22165681500328
"2324",3.34754150532512,-0.22165681500328,3.01069295969022,0.343829862642883
"2325",3.01069295969022,0.343829862642883,2.41728101401215,-0.202458193231342
"2326",2.41728101401215,-0.202458193231342,2.15024563845701,0.237364778271229
"2327",2.15024563845701,0.237364778271229,2.29336263712055,0.270526034059121
"2328",2.29336263712055,0.270526034059121,1.7540558982543,0.12915436464758
"2329",1.7540558982543,0.12915436464758,1.61442955809475,0.137881010907552
"2330",1.61442955809475,0.137881010907552,1.49051118120316,-0.10471975511966
"2331",1.49051118120316,-0.10471975511966,2.87630260728666,0.242600766027212
"2332",2.87630260728666,0.242600766027212,1.22696646415201,0.293215314335047
"2333",1.22696646415201,0.293215314335047,1.22173047639603,-0.303687289847013
"2334",1.22173047639603,-0.303687289847013,1.16064395257623,-0.0890117918517108
"2335",1.16064395257623,-0.0890117918517108,1.73485727648236,0.0279252680319093
"2336",1.73485727648236,0.0279252680319093,1.28979831722381,-0.153588974175501
"2337",1.28979831722381,-0.153588974175501,1.22522113490002,0.146607657167524
"2338",1.22522113490002,0.146607657167524,0.951204442336909,-0.349065850398866
"2339",0.951204442336909,-0.349065850398866,1.99491133502952,-0.197222205475359
"2340",1.99491133502952,-0.197222205475359,1.10304808726042,0.253072741539178
"2341",1.10304808726042,0.253072741539178,1.35263017029561,0.2460914245312
"2342",1.35263017029561,0.2460914245312,1.13446401379631,-0.16929693744345
"2343",1.13446401379631,-0.16929693744345,2.60752190247953,-0.106465084371654
"2344",2.60752190247953,-0.106465084371654,0.991347015132779,-0.0872664625997165
"2345",0.991347015132779,-0.0872664625997165,2.4312436480281,-0.0698131700797732
"2346",2.4312436480281,-0.0698131700797732,0.315904594610974,0.188495559215388
"2347",0.315904594610974,0.188495559215388,0.0436332312998582,-0.167551608191456
"2348",0.0436332312998582,-0.167551608191456,0.497418836818384,0.287979326579064
"2349",0.497418836818384,0.287979326579064,6.24129740513172,0.40317105721069
"2350",6.24129740513172,0.40317105721069,5.99695130985252,-0.291469985083053
"2351",5.99695130985252,-0.291469985083053,1.58126830230686,-0.155334303427495
"2352",1.58126830230686,-0.155334303427495,5.20457182944709,-0.329867228626928
"2353",5.20457182944709,-0.329867228626928,6.11388836973614,-0.235619449019234
"2354",6.11388836973614,-0.235619449019234,5.76133186083328,-0.399680398706701
"2355",5.76133186083328,-0.399680398706701,4.28303798439408,0.216420827247297
"2356",4.28303798439408,0.216420827247297,5.95855406630864,-0.413643032722656
"2357",5.95855406630864,-0.413643032722656,4.81187274774837,-0.258308729295161
"2358",4.81187274774837,-0.258308729295161,3.90081087820733,-0.294960643587042
"2359",3.90081087820733,-0.294960643587042,5.17664656141518,-0.352556508902855
"2360",5.17664656141518,-0.352556508902855,4.60417856676104,0.448549617762543
"2361",4.60417856676104,0.448549617762543,4.58847060349309,-0.240855436775218
"2362",4.58847060349309,-0.240855436775218,3.46796922371273,0.275762021815104
"2363",3.46796922371273,0.275762021815104,2.60577657322753,-0.179768912955416
"2364",2.60577657322753,-0.179768912955416,2.93738913110646,0.340339204138894
"2365",2.93738913110646,0.340339204138894,2.31779724664847,-0.0907571211037051
"2366",2.31779724664847,-0.0907571211037051,1.79070781254618,0.139626340159546
"2367",1.79070781254618,0.139626340159546,2.60577657322753,0.15707963267949
"2368",2.60577657322753,0.15707963267949,3.46622389446074,0.261799387799149
"2369",3.46622389446074,0.261799387799149,2.83965069299477,0.375245789178781
"2370",2.83965069299477,0.375245789178781,1.77674517853023,0.12915436464758
"2371",1.77674517853023,0.12915436464758,1.17460658659218,-0.335103216382911
"2372",1.17460658659218,-0.335103216382911,1.57952297305487,-0.172787595947439
"2373",1.57952297305487,-0.172787595947439,1.56381500978692,-0.120427718387609
"2374",1.56381500978692,-0.120427718387609,0.513126800086333,-0.148352986419518
"2375",0.513126800086333,-0.148352986419518,0.136135681655558,-0.359537825910832
"2376",0.136135681655558,-0.359537825910832,0.0541052068118242,-0.127409035395586
"2377",0.0541052068118242,-0.127409035395586,0.0977384381116825,0.204203522483337
"2378",0.0977384381116825,0.204203522483337,1.98443935951755,-0.12915436464758
"2379",1.98443935951755,-0.12915436464758,0.66497044500984,0.155334303427495
"2380",0.66497044500984,0.155334303427495,5.85208898193699,-0.223402144255274
"2381",5.85208898193699,-0.223402144255274,1.08734012399247,-0.296705972839036
"2382",1.08734012399247,-0.296705972839036,6.20988147859582,-0.296705972839036
"2383",6.20988147859582,-0.296705972839036,5.73864258055736,-0.28623399732707
"2384",5.73864258055736,-0.28623399732707,5.89572221323685,-0.392699081698724
"2385",5.89572221323685,-0.392699081698724,0.425860337486616,-0.371755130674792
"2386",0.425860337486616,-0.371755130674792,6.26398668540765,-0.207694180987325
"2387",6.26398668540765,-0.207694180987325,4.58847060349309,-0.27401669256311
"2388",4.58847060349309,-0.27401669256311,4.48549617762543,-0.308923277602996
"2389",4.48549617762543,-0.308923277602996,4.51342144565734,0.193731546971371
"2390",4.51342144565734,0.193731546971371,0.3385938748869,-0.127409035395586
"2391",0.3385938748869,-0.127409035395586,5.77529449484924,0.375245789178781
"2392",5.77529449484924,0.375245789178781,5.58854426488584,-0.0226892802759263
"2393",5.58854426488584,-0.0226892802759263,4.68446371235278,-0.212930168743308
"2394",4.68446371235278,-0.212930168743308,4.84503400353626,0.197222205475359
"2395",4.84503400353626,0.197222205475359,5.38434074240251,-0.364773813666815
"2396",5.38434074240251,-0.364773813666815,4.80489143074039,-0.2460914245312
"2397",4.80489143074039,-0.2460914245312,3.96015207277513,0.251327412287183
"2398",3.96015207277513,0.251327412287183,4.38426708100976,-0.2460914245312
"2399",4.38426708100976,-0.2460914245312,4.06138116939081,0.244346095279206
"2400",4.06138116939081,0.244346095279206,2.64068315826742,-0.153588974175501
"2401",2.64068315826742,-0.153588974175501,2.8012534494509,0.0785398163397448
"2402",2.8012534494509,0.0785398163397448,4.50469479939736,0.474729556542458
"2403",4.50469479939736,0.474729556542458,3.07003415425803,-0.164060949687467
"2404",3.07003415425803,-0.164060949687467,2.25147473507268,0.162315620435473
"2405",2.25147473507268,0.162315620435473,2.00887396904547,0.272271363311115
"2406",2.00887396904547,0.272271363311115,1.0471975511966,-0.315904594610974
"2407",1.0471975511966,-0.315904594610974,3.00022098417825,-0.324631240870945
"2408",3.00022098417825,-0.324631240870945,0.74176493209759,-0.136135681655558
"2409",0.74176493209759,-0.136135681655558,1.81339709282211,0.0593411945678072
"2410",1.81339709282211,0.0593411945678072,1.37881010907552,-0.307177948351002
"2411",1.37881010907552,-0.307177948351002,0.335103216382911,0.219911485751285
"2412",0.335103216382911,0.219911485751285,0.0349065850398866,-0.375245789178781
"2413",0.0349065850398866,-0.375245789178781,6.17846555205993,-0.106465084371654
"2414",6.17846555205993,-0.106465084371654,0.556760031386191,-0.301941960595019
"2415",0.556760031386191,-0.301941960595019,5.97600735882858,0.314159265358979
"2416",5.97600735882858,0.314159265358979,5.79972910437716,-0.207694180987325
"2417",5.79972910437716,-0.207694180987325,1.29503430497979,-0.314159265358979
"2418",1.29503430497979,-0.314159265358979,0.57246799465414,-0.0959931088596881
"2419",0.57246799465414,-0.0959931088596881,6.28143997792759,0.18151424220741
"2420",6.28143997792759,0.18151424220741,0.258308729295161,0.0488692190558412
"2421",0.258308729295161,0.0488692190558412,0.544542726622231,0.254818070791172
"2422",0.544542726622231,0.254818070791172,0.109955742875643,-0.15707963267949
"2423",0.109955742875643,-0.15707963267949,5.04574686751561,0.127409035395586
"2424",5.04574686751561,0.127409035395586,6.16101225953998,0.321140582366957
"2425",6.16101225953998,0.321140582366957,6.05280184591633,0.417133691226645
"2426",6.05280184591633,0.417133691226645,4.72635161440064,-0.237364778271229
"2427",4.72635161440064,-0.237364778271229,5.79274778736918,-0.300196631343025
"2428",5.79274778736918,-0.300196631343025,4.5535640184532,-0.322885911618951
"2429",4.5535640184532,-0.322885911618951,5.71071731252545,0.244346095279206
"2430",5.71071731252545,0.244346095279206,4.82409005251233,0.0418879020478639
"2431",4.82409005251233,0.0418879020478639,4.98466034369581,-0.219911485751285
"2432",4.98466034369581,-0.219911485751285,4.97767902668783,-0.122173047639603
"2433",4.97767902668783,-0.122173047639603,5.7543505438253,-0.193731546971371
"2434",5.7543505438253,-0.193731546971371,4.43488162931759,-0.185004900711399
"2435",4.43488162931759,-0.185004900711399,3.9392081217512,0.235619449019234
"2436",3.9392081217512,0.235619449019234,4.19053553403839,-0.49567350756639
"2437",4.19053553403839,-0.49567350756639,5.27438499952686,-0.319395253114962
"2438",5.27438499952686,-0.319395253114962,4.21497014356631,0.422369678982628
"2439",4.21497014356631,0.422369678982628,3.35103216382911,-0.247836753783195
"2440",3.35103216382911,-0.247836753783195,2.40506370924819,-0.0977384381116825
"2441",2.40506370924819,-0.0977384381116825,2.4015730507442,0.122173047639603
"2442",2.4015730507442,0.122173047639603,2.25845605208066,-0.239110107523223
"2443",2.25845605208066,-0.239110107523223,2.11010306566114,0.23387411976724
"2444",2.11010306566114,0.23387411976724,3.99156799931103,0.132645023151569
"2445",3.99156799931103,0.132645023151569,2.04727121258935,0.200712863979348
"2446",2.04727121258935,0.200712863979348,1.94429678672168,0.2460914245312
"2447",1.94429678672168,0.2460914245312,3.52032910127256,0.179768912955416
"2448",3.52032910127256,0.179768912955416,2.32652389290844,0.178023583703422
"2449",2.32652389290844,0.178023583703422,1.49400183970715,-0.265290046303138
"2450",1.49400183970715,-0.265290046303138,2.01585528605345,0.349065850398866
"2451",2.01585528605345,0.349065850398866,0.940732466824944,0.20943951023932
"2452",0.940732466824944,0.20943951023932,1.37182879206754,-0.321140582366957
"2453",1.37182879206754,-0.321140582366957,2.33350520991642,-0.0820304748437335
"2454",2.33350520991642,-0.0820304748437335,1.230457122656,0.244346095279206
"2455",1.230457122656,0.244346095279206,0.980875039620813,0.404916386462684
"2456",0.980875039620813,0.404916386462684,0.514872129338327,0.151843644923507
"2457",0.514872129338327,0.151843644923507,1.4782938764392,-0.301941960595019
"2458",1.4782938764392,-0.301941960595019,0.647517152489896,0.11693705988362
"2459",0.647517152489896,0.11693705988362,1.04021623418862,-0.0698131700797732
"2460",1.04021623418862,-0.0698131700797732,5.23947841448698,-0.0977384381116825
"2461",5.23947841448698,-0.0977384381116825,1.1397000015523,0.0628318530717959
"2462",1.1397000015523,0.0628318530717959,6.04232987040437,0.282743338823081
"2463",6.04232987040437,0.282743338823081,5.74387856831334,0.434586983746588
"2464",5.74387856831334,0.434586983746588,4.96197106341988,0.153588974175501
"2465",4.96197106341988,0.153588974175501,5.57458163086989,-0.212930168743308
"2466",5.57458163086989,-0.212930168743308,4.74904089467657,-0.314159265358979
"2467",4.74904089467657,-0.314159265358979,5.71071731252545,-0.260054058547155
"2468",5.71071731252545,-0.260054058547155,3.60410490536829,0.219911485751285
"2469",3.60410490536829,0.219911485751285,4.45233492183753,-0.370009801422798
"2470",4.45233492183753,-0.370009801422798,4.28827397215007,0.404916386462684
"2471",4.28827397215007,0.404916386462684,4.20275283880235,0.504400153826361
"2472",4.20275283880235,0.504400153826361,3.00894763043822,0.137881010907552
"2473",3.00894763043822,0.137881010907552,2.86932129027868,-0.32637657012294
"2474",2.86932129027868,-0.32637657012294,3.33008821280518,-0.148352986419518
"2475",3.33008821280518,-0.148352986419518,2.70351501133922,0.12915436464758
"2476",2.70351501133922,0.12915436464758,3.09970475154193,-0.108210413623648
"2477",3.09970475154193,-0.108210413623648,1.78721715404219,0.125663706143592
"2478",1.78721715404219,0.125663706143592,2.46964089157198,-0.0488692190558412
"2479",2.46964089157198,-0.0488692190558412,2.88502925354663,0.178023583703422
"2480",2.88502925354663,0.178023583703422,2.49582083035189,0.113446401379631
"2481",2.49582083035189,0.113446401379631,3.38942940737299,-0.134390352403563
"2482",3.38942940737299,-0.134390352403563,1.30725160974375,0.143116998663535
"2483",1.30725160974375,0.143116998663535,3.35103216382911,-0.0855211333477222
"2484",3.35103216382911,-0.0855211333477222,2.68955237732326,0.258308729295161
"2485",2.68955237732326,0.258308729295161,2.04901654184134,0.144862327915529
"2486",2.04901654184134,0.144862327915529,0.607374579694027,0.162315620435473
"2487",0.607374579694027,0.162315620435473,0.0994837673636768,-0.212930168743308
"2488",0.0994837673636768,-0.212930168743308,6.21337213709981,0.279252680319093
"2489",6.21337213709981,0.279252680319093,6.1854468690679,-0.321140582366957
"2490",6.1854468690679,-0.321140582366957,0.146607657167524,-0.287979326579064
"2491",0.146607657167524,-0.287979326579064,5.29881960905478,-0.113446401379631
"2492",5.29881960905478,-0.113446401379631,0.0715584993317675,0.0558505360638185
"2493",0.0715584993317675,0.0558505360638185,3.63552083190419,-0.122173047639603
"2494",3.63552083190419,-0.122173047639603,3.5691983203284,0.240855436775218
"2495",3.5691983203284,0.240855436775218,4.77522083345649,0.132645023151569
"2496",4.77522083345649,0.132645023151569,3.17824456788167,-0.349065850398866
"2497",3.17824456788167,-0.349065850398866,3.04385421547811,-0.307177948351002
"2498",3.04385421547811,-0.307177948351002,3.24805773796145,0.0628318530717959
"2499",3.24805773796145,0.0628318530717959,4.20624349730633,0.020943951023932
"2500",4.20624349730633,0.020943951023932,2.82219740047483,-0.0680678408277788
"2501",2.82219740047483,-0.0680678408277788,3.57967029584037,-0.10471975511966
"2502",3.57967029584037,-0.10471975511966,2.89899188756258,0.101229096615671
"2503",2.89899188756258,0.101229096615671,3.64948346592014,-0.511381470834338
"2504",3.64948346592014,-0.511381470834338,3.44527994343681,-0.160570291183478
"2505",3.44527994343681,-0.160570291183478,2.92866248484649,-0.0226892802759263
"2506",2.92866248484649,-0.0226892802759263,2.3404865269244,-0.363028484414821
"2507",2.3404865269244,-0.363028484414821,4.20449816805434,0.394444410950718
"2508",4.20449816805434,0.394444410950718,3.63901149040818,0.218166156499291
"2509",3.63901149040818,0.218166156499291,2.59530459771557,-0.413643032722656
"2510",2.59530459771557,-0.413643032722656,3.13461133658182,-0.118682389135614
"2511",3.13461133658182,-0.118682389135614,1.47131255943122,0.109955742875643
"2512",1.47131255943122,0.109955742875643,2.90946386307455,-0.321140582366957
"2513",2.90946386307455,-0.321140582366957,1.45734992541527,-0.251327412287183
"2514",1.45734992541527,-0.251327412287183,1.07337748997651,0.191986217719376
"2515",1.07337748997651,0.191986217719376,0.954695100840898,0.0942477796076938
"2516",0.954695100840898,0.0942477796076938,0.902335223281068,0.153588974175501
"2517",0.902335223281068,0.153588974175501,3.06828882500603,-0.225147473507269
"2518",3.06828882500603,-0.225147473507269,2.87455727803466,-0.404916386462684
"2519",2.87455727803466,-0.404916386462684,1.43291531588734,-0.0872664625997165
"2520",1.43291531588734,-0.0872664625997165,1.7540558982543,-0.115191730631626
"2521",1.7540558982543,-0.115191730631626,0.980875039620813,0.158824961931484
"2522",0.980875039620813,0.158824961931484,2.17293491873294,-0.0872664625997165
"2523",2.17293491873294,-0.0872664625997165,1.73834793498635,-0.172787595947439
"2524",1.73834793498635,-0.172787595947439,1.07163216072452,-0.165806278939461
"2525",1.07163216072452,-0.165806278939461,0.490437519810407,0.251327412287183
"2526",0.490437519810407,0.251327412287183,0.115191730631626,-0.148352986419518
"2527",0.115191730631626,-0.148352986419518,6.13657765001206,0.261799387799149
"2528",6.13657765001206,0.261799387799149,0.370009801422798,-0.195476876223365
"2529",0.370009801422798,-0.195476876223365,1.49574716895914,-0.0855211333477222
"2530",1.49574716895914,-0.0855211333477222,6.09643507721619,-0.122173047639603
"2531",6.09643507721619,-0.122173047639603,6.05105651666434,0.284488668075076
"2532",6.05105651666434,0.284488668075076,5.22551578047102,0.0261799387799149
"2533",5.22551578047102,0.0261799387799149,5.91841149351277,-0.497418836818384
"2534",5.91841149351277,-0.497418836818384,5.23075176822701,0.141371669411541
"2535",5.23075176822701,0.141371669411541,4.26034870411816,0.237364778271229
"2536",4.26034870411816,0.237364778271229,5.66882941047758,-0.148352986419518
"2537",5.66882941047758,-0.148352986419518,3.19569786040162,-0.342084533390889
"2538",3.19569786040162,-0.342084533390889,3.56570766182442,-0.261799387799149
"2539",3.56570766182442,-0.261799387799149,4.9864056729478,0.10471975511966
"2540",4.9864056729478,0.10471975511966,3.79958178159165,0.267035375555132
"2541",3.79958178159165,0.267035375555132,3.26551103048139,-0.35081117965086
"2542",3.26551103048139,-0.35081117965086,2.00363798128949,-0.216420827247297
"2543",2.00363798128949,-0.216420827247297,1.53239908325102,0.120427718387609
"2544",1.53239908325102,0.120427718387609,1.39800873084746,-0.329867228626928
"2545",1.39800873084746,-0.329867228626928,2.60228591472355,-0.0575958653158129
"2546",2.60228591472355,-0.0575958653158129,2.48011286708394,0.254818070791172
"2547",2.48011286708394,0.254818070791172,2.4940755010999,0.218166156499291
"2548",2.4940755010999,0.218166156499291,0.502654824574367,-0.28623399732707
"2549",0.502654824574367,-0.28623399732707,0.361283155162826,-0.0872664625997165
"2550",0.361283155162826,-0.0872664625997165,2.20609617452083,-0.258308729295161
"2551",2.20609617452083,-0.258308729295161,0.0471238898038469,0.108210413623648
"2552",0.0471238898038469,0.108210413623648,6.24129740513172,0.268780704807127
"2553",6.24129740513172,0.268780704807127,0.694641042293743,-0.198967534727354
"2554",0.694641042293743,-0.198967534727354,5.66708408122559,-0.293215314335047
"2555",5.66708408122559,-0.293215314335047,5.46811654649823,-0.164060949687467
"2556",5.46811654649823,-0.164060949687467,0.61261056745001,-0.22165681500328
"2557",0.61261056745001,-0.22165681500328,0.984365698124802,-0.106465084371654
"2558",0.984365698124802,-0.106465084371654,5.36165146212658,-0.153588974175501
"2559",5.36165146212658,-0.153588974175501,5.48556983901818,0.0767944870877505
"2560",5.48556983901818,0.0767944870877505,4.05265452313083,0.239110107523223
"2561",4.05265452313083,0.239110107523223,3.55349035706046,-0.0959931088596881
"2562",3.55349035706046,-0.0959931088596881,3.52381975977655,-0.171042266695444
"2563",3.52381975977655,-0.171042266695444,3.08225145902199,-0.35081117965086
"2564",3.08225145902199,-0.35081117965086,5.32150888933071,0.0261799387799149
"2565",5.32150888933071,0.0261799387799149,2.95309709437441,-0.240855436775218
"2566",2.95309709437441,-0.240855436775218,3.98807734080704,0.347320521146872
"2567",3.98807734080704,0.347320521146872,3.19395253114962,-0.287979326579064
"2568",3.19395253114962,-0.287979326579064,3.58316095434436,-0.342084533390889
"2569",3.58316095434436,-0.342084533390889,3.30216294477327,-0.329867228626928
"2570",3.30216294477327,-0.329867228626928,2.88328392429463,-0.123918376891597
"2571",2.88328392429463,-0.123918376891597,1.54636171726698,0.162315620435473
"2572",1.54636171726698,0.162315620435473,3.82925237887556,-0.448549617762543
"2573",3.82925237887556,-0.448549617762543,2.92691715559449,-0.335103216382911
"2574",2.92691715559449,-0.335103216382911,2.88153859504264,-0.232128790515246
"2575",2.88153859504264,-0.232128790515246,1.89542756766584,-0.202458193231342
"2576",1.89542756766584,-0.202458193231342,1.2007865253721,0.139626340159546
"2577",1.2007865253721,0.139626340159546,1.22173047639603,-0.101229096615671
"2578",1.22173047639603,-0.101229096615671,0.96342174710087,0.280998009571087
"2579",0.96342174710087,0.280998009571087,0.863937979737193,0.225147473507269
"2580",0.863937979737193,0.225147473507269,0.176278254451427,0.118682389135614
"2581",0.176278254451427,0.118682389135614,0.153588974175501,0.29845130209103
"2582",0.153588974175501,0.29845130209103,0.0226892802759263,0.425860337486616
"2583",0.0226892802759263,0.425860337486616,5.93237412752873,-0.122173047639603
"2584",5.93237412752873,-0.122173047639603,6.02138591938044,-0.342084533390889
"2585",6.02138591938044,-0.342084533390889,0.84648468721725,0.130899693899575
"2586",0.84648468721725,0.130899693899575,5.74911455606932,-0.22165681500328
"2587",5.74911455606932,-0.22165681500328,0.219911485751285,0.232128790515246
"2588",0.219911485751285,0.232128790515246,0.630063859969953,-0.370009801422798
"2589",0.630063859969953,-0.370009801422798,6.20639082009184,-0.153588974175501
"2590",6.20639082009184,-0.153588974175501,0.595157274930066,-0.254818070791172
"2591",0.595157274930066,-0.254818070791172,0.361283155162826,-0.244346095279206
"2592",0.361283155162826,-0.244346095279206,5.83987167717303,0.287979326579064
"2593",5.83987167717303,0.287979326579064,5.52920307031804,-0.303687289847013
"2594",5.52920307031804,-0.303687289847013,0.328121899374934,0.225147473507269
"2595",0.328121899374934,0.225147473507269,4.13817565647856,0.186750229963393
"2596",4.13817565647856,0.186750229963393,4.04916386462684,0.230383461263251
"2597",4.04916386462684,0.230383461263251,5.45240858323029,0.256563400043166
"2598",5.45240858323029,0.256563400043166,4.2167154728183,0.357792496658838
"2599",4.2167154728183,0.357792496658838,3.88859357344337,-0.307177948351002
"2600",3.88859357344337,-0.307177948351002,3.85368698840348,-0.127409035395586
"2601",3.85368698840348,-0.127409035395586,5.29881960905478,0.0767944870877505
"2602",5.29881960905478,0.0767944870877505,5.84510766492901,-0.144862327915529
"2603",5.84510766492901,-0.144862327915529,5.18886386617914,0.340339204138894
"2604",5.18886386617914,0.340339204138894,3.3545228223331,-0.303687289847013
"2605",3.3545228223331,-0.303687289847013,4.3720497762458,0.212930168743308
"2606",4.3720497762458,0.212930168743308,3.63552083190419,-0.0733038285837618
"2607",3.63552083190419,-0.0733038285837618,3.62330352714023,-0.109955742875643
"2608",3.62330352714023,-0.109955742875643,4.22369678982628,0.198967534727354
"2609",4.22369678982628,0.198967534727354,3.20791516516558,-0.357792496658838
"2610",3.20791516516558,-0.357792496658838,4.17831822927443,0.242600766027212
"2611",4.17831822927443,0.242600766027212,3.78212848907171,-0.0767944870877505
"2612",3.78212848907171,-0.0767944870877505,2.83616003449079,0.160570291183478
"2613",2.83616003449079,0.160570291183478,3.85368698840348,-0.385717764690747
"2614",3.85368698840348,-0.385717764690747,3.46971455296473,0.0802851455917391
"2615",3.46971455296473,0.0802851455917391,2.38411975822425,-0.144862327915529
"2616",2.38411975822425,-0.144862327915529,3.91128285371929,-0.0349065850398866
"2617",3.91128285371929,-0.0349065850398866,3.44004395568082,0.240855436775218
"2618",3.44004395568082,0.240855436775218,2.66860842629933,0.174532925199433
"2619",2.66860842629933,0.174532925199433,4.20449816805434,-0.10471975511966
"2620",4.20449816805434,-0.10471975511966,2.65639112153537,-0.287979326579064
"2621",2.65639112153537,-0.287979326579064,2.49058484259591,0.345575191894877
"2622",2.49058484259591,0.345575191894877,1.98793001802154,-0.115191730631626
"2623",1.98793001802154,-0.115191730631626,1.87273828738992,-0.219911485751285
"2624",1.87273828738992,-0.219911485751285,1.27758101245985,-0.15707963267949
"2625",1.27758101245985,-0.15707963267949,2.04378055408536,0.22165681500328
"2626",2.04378055408536,0.22165681500328,1.61792021659874,0.216420827247297
"2627",1.61792021659874,0.216420827247297,1.06988683147252,0.0645771823237902
"2628",1.06988683147252,0.0645771823237902,2.87979326579064,-0.258308729295161
"2629",2.87979326579064,-0.258308729295161,2.80648943720688,0.275762021815104
"2630",2.80648943720688,0.275762021815104,2.07694180987325,0.12915436464758
"2631",2.07694180987325,0.12915436464758,1.04894288044859,-0.153588974175501
"2632",1.04894288044859,-0.153588974175501,0.638790506229925,-0.305432619099008
"2633",0.638790506229925,-0.305432619099008,0.2460914245312,0.139626340159546
"2634",0.2460914245312,0.139626340159546,1.60221225333079,-0.317649923862968
"2635",1.60221225333079,-0.317649923862968,1.35961148730358,-0.0785398163397448
"2636",1.35961148730358,-0.0785398163397448,0.958185759344887,-0.202458193231342
"2637",0.958185759344887,-0.202458193231342,1.21823981789204,-0.0610865238198015
"2638",1.21823981789204,-0.0610865238198015,0.790634151153431,0.0959931088596881
"2639",0.790634151153431,0.0959931088596881,0.607374579694027,-0.324631240870945
"2640",0.607374579694027,-0.324631240870945,5.7264252757934,-0.132645023151569
"2641",5.7264252757934,-0.132645023151569,0.933751149816966,0.0890117918517108
"2642",0.933751149816966,0.0890117918517108,6.19068285682389,0.0977384381116825
"2643",6.19068285682389,0.0977384381116825,0.321140582366957,-0.11693705988362
"2644",0.321140582366957,-0.11693705988362,1.03323491718064,-0.165806278939461
"2645",1.03323491718064,-0.165806278939461,5.11556003759538,0.164060949687467
"2646",5.11556003759538,0.164060949687467,4.94626310015193,0.153588974175501
"2647",4.94626310015193,0.153588974175501,5.04051087975962,-0.167551608191456
"2648",5.04051087975962,-0.167551608191456,5.848598323433,-0.232128790515246
"2649",5.848598323433,-0.232128790515246,5.6007615696498,-0.35081117965086
"2650",5.6007615696498,-0.35081117965086,5.78227581185721,-0.319395253114962
"2651",5.78227581185721,-0.319395253114962,3.63726616115618,-0.190240888467382
"2652",3.63726616115618,-0.190240888467382,4.52040276266531,0.212930168743308
"2653",4.52040276266531,0.212930168743308,3.55174502780846,-0.315904594610974
"2654",3.55174502780846,-0.315904594610974,3.38244809036501,-0.237364778271229
"2655",3.38244809036501,-0.237364778271229,3.36499479784507,-0.324631240870945
"2656",3.36499479784507,-0.324631240870945,2.96356906988637,0.123918376891597
"2657",2.96356906988637,0.123918376891597,4.16086493675448,0.364773813666815
"2658",4.16086493675448,0.364773813666815,3.42957198016886,-0.312413936106985
"2659",3.42957198016886,-0.312413936106985,2.96705972839036,-0.0977384381116825
"2660",2.96705972839036,-0.0977384381116825,4.52912940892528,-0.253072741539178
"2661",4.52912940892528,-0.253072741539178,3.50462113800461,-0.267035375555132
"2662",3.50462113800461,-0.267035375555132,2.20086018676485,0.139626340159546
"2663",2.20086018676485,0.139626340159546,3.57617963733638,0.284488668075076
"2664",3.57617963733638,0.284488668075076,2.15897228471699,-0.132645023151569
"2665",2.15897228471699,-0.132645023151569,2.00887396904547,-0.232128790515246
"2666",2.00887396904547,-0.232128790515246,3.47145988221672,-0.139626340159546
"2667",3.47145988221672,-0.139626340159546,2.67384441405531,0.349065850398866
"2668",2.67384441405531,0.349065850398866,1.46956723017923,-0.172787595947439
"2669",1.46956723017923,-0.172787595947439,1.32645023151569,-0.148352986419518
"2670",1.32645023151569,-0.148352986419518,3.4766958699727,-0.0680678408277788
"2671",3.4766958699727,-0.0680678408277788,1.61093889959077,0.106465084371654
"2672",1.61093889959077,0.106465084371654,0.89884456477708,-0.216420827247297
"2673",0.89884456477708,-0.216420827247297,1.89891822616983,-0.191986217719376
"2674",1.89891822616983,-0.191986217719376,0.722566310325652,-0.226892802759263
"2675",0.722566310325652,-0.226892802759263,1.27758101245985,0.232128790515246
"2676",1.27758101245985,0.232128790515246,1.50272848596712,-0.235619449019234
"2677",1.50272848596712,-0.235619449019234,1.64235482612666,-0.0314159265358979
"2678",1.64235482612666,-0.0314159265358979,0.801106126665397,0.164060949687467
"2679",0.801106126665397,0.164060949687467,0.617846555205993,-0.280998009571087
"2680",0.617846555205993,-0.280998009571087,6.12086968674411,-0.314159265358979
"2681",6.12086968674411,-0.314159265358979,5.60774288665778,-0.0785398163397448
"2682",5.60774288665778,-0.0785398163397448,5.22202512196703,0.122173047639603
"2683",5.22202512196703,0.122173047639603,0.558505360638185,-0.204203522483337
"2684",0.558505360638185,-0.204203522483337,5.48033385126219,-0.308923277602996
"2685",5.48033385126219,-0.308923277602996,4.78220215046446,-0.272271363311115
"2686",4.78220215046446,-0.272271363311115,5.93062879827673,0.406661715714679
"2687",5.93062879827673,0.406661715714679,5.19409985393512,0.0820304748437335
"2688",5.19409985393512,0.0820304748437335,5.36863277913456,-0.27401669256311
"2689",5.36863277913456,-0.27401669256311,3.95317075576716,-0.115191730631626
"2690",3.95317075576716,-0.115191730631626,5.76307719008528,-0.324631240870945
"2691",5.76307719008528,-0.324631240870945,3.93746279249921,0.171042266695444
"2692",3.93746279249921,0.171042266695444,3.70882466048795,-0.183259571459405
"2693",3.70882466048795,-0.183259571459405,4.37903109325377,0.282743338823081
"2694",4.37903109325377,0.282743338823081,3.45051593119279,-0.123918376891597
"2695",3.45051593119279,-0.123918376891597,4.53436539668127,0.342084533390889
"2696",4.53436539668127,0.342084533390889,4.50469479939736,0.392699081698724
"2697",4.50469479939736,0.392699081698724,3.79609112308767,-0.020943951023932
"2698",3.79609112308767,-0.020943951023932,3.06828882500603,-0.125663706143592
"2699",3.06828882500603,-0.125663706143592,4.38950306876574,0.363028484414821
"2700",4.38950306876574,0.363028484414821,3.71929663599992,-0.0488692190558412
"2701",3.71929663599992,-0.0488692190558412,3.37895743186102,-0.0872664625997165
"2702",3.37895743186102,-0.0872664625997165,3.85717764690747,-0.0139626340159546
"2703",3.85717764690747,-0.0139626340159546,3.34230551756914,-0.188495559215388
"2704",3.34230551756914,-0.188495559215388,3.30739893252925,-0.375245789178781
"2705",3.30739893252925,-0.375245789178781,2.00363798128949,-0.247836753783195
"2706",2.00363798128949,-0.247836753783195,3.33881485906515,-0.293215314335047
"2707",3.33881485906515,-0.293215314335047,1.94429678672168,0.0733038285837618
"2708",1.94429678672168,0.0733038285837618,2.59704992696756,0.731292956585624
"2709",2.59704992696756,0.731292956585624,1.6301375213627,0.0680678408277788
"2710",1.6301375213627,0.0680678408277788,1.85703032412197,0.162315620435473
"2711",1.85703032412197,0.162315620435473,1.56381500978692,-0.0645771823237902
"2712",1.56381500978692,-0.0645771823237902,1.46084058391925,-0.195476876223365
"2713",1.46084058391925,-0.195476876223365,1.11526539202438,-0.16929693744345
"2714",1.11526539202438,-0.16929693744345,3.20791516516558,-0.277507351067098
"2715",3.20791516516558,-0.277507351067098,0.925024503556995,-0.178023583703422
"2716",0.925024503556995,-0.178023583703422,1.54985237577096,0.193731546971371
"2717",1.54985237577096,0.193731546971371,1.01752695391269,-0.202458193231342
"2718",1.01752695391269,-0.202458193231342,1.89193690916185,0.40317105721069
"2719",1.89193690916185,0.40317105721069,1.56032435128293,0.29845130209103
"2720",1.56032435128293,0.29845130209103,6.17672022280793,-0.267035375555132
"2721",6.17672022280793,-0.267035375555132,1.0454522219446,0.218166156499291
"2722",1.0454522219446,0.218166156499291,5.84336233567702,-0.10471975511966
"2723",5.84336233567702,-0.10471975511966,6.21337213709981,-0.111701072127637
"2724",6.21337213709981,-0.111701072127637,5.39655804716647,0.0994837673636768
"2725",5.39655804716647,0.0994837673636768,4.85550597904822,-0.314159265358979
"2726",4.85550597904822,-0.314159265358979,4.73333293140862,-0.272271363311115
"2727",4.73333293140862,-0.272271363311115,4.03869188911488,-0.125663706143592
"2728",4.03869188911488,-0.125663706143592,5.49604181453014,-0.329867228626928
"2729",5.49604181453014,-0.329867228626928,4.49771348238939,0.293215314335047
"2730",4.49771348238939,0.293215314335047,4.41742833679765,0.202458193231342
"2731",4.41742833679765,0.202458193231342,3.12937534882583,-0.115191730631626
"2732",3.12937534882583,-0.115191730631626,3.21838714067754,0.258308729295161
"2733",3.21838714067754,0.258308729295161,4.03694655986288,-0.178023583703422
"2734",4.03694655986288,-0.178023583703422,2.29161730786856,-0.277507351067098
"2735",2.29161730786856,-0.277507351067098,4.08930643742271,0.00698131700797732
"2736",4.08930643742271,0.00698131700797732,4.05963584013881,-0.315904594610974
"2737",4.05963584013881,-0.315904594610974,2.04552588333735,-0.148352986419518
"2738",2.04552588333735,-0.148352986419518,1.8168877513261,-0.0349065850398866
"2739",1.8168877513261,-0.0349065850398866,1.76801853227026,0.0261799387799149
"2740",1.76801853227026,0.0261799387799149,1.91637151868977,-0.22165681500328
"2741",1.91637151868977,-0.22165681500328,2.78030949842697,-0.253072741539178
"2742",2.78030949842697,-0.253072741539178,2.53945406165175,-0.205948851735331
"2743",2.53945406165175,-0.205948851735331,3.15380995835375,-0.329867228626928
"2744",3.15380995835375,-0.329867228626928,3.12064870256586,0.291469985083053
"2745",3.12064870256586,0.291469985083053,1.65806278939461,-0.0593411945678072
"2746",1.65806278939461,-0.0593411945678072,1.15366263556825,-0.165806278939461
"2747",1.15366263556825,-0.165806278939461,0.535816080362259,-0.167551608191456
"2748",0.535816080362259,-0.167551608191456,1.55159770502296,0.16929693744345
"2749",1.55159770502296,0.16929693744345,2.02283660306143,0.0820304748437335
"2750",2.02283660306143,0.0820304748437335,0.534070751110265,0.207694180987325
"2751",0.534070751110265,0.207694180987325,5.9393554445367,-0.261799387799149
"2752",5.9393554445367,-0.261799387799149,6.0632738214283,-0.0959931088596881
"2753",6.0632738214283,-0.0959931088596881,5.39306738866248,0.202458193231342
"2754",5.39306738866248,0.202458193231342,4.9864056729478,-0.263544717051144
"2755",4.9864056729478,-0.263544717051144,4.7699848457005,-0.216420827247297
"2756",4.7699848457005,-0.216420827247297,0.645771823237902,-0.0471238898038469
"2757",0.645771823237902,-0.0471238898038469,0.125663706143592,-0.160570291183478
"2758",0.125663706143592,-0.160570291183478,4.16261026600648,-0.122173047639603
"2759",4.16261026600648,-0.122173047639603,6.06676447993229,-0.272271363311115
"2760",6.06676447993229,-0.272271363311115,5.07018147704353,0.141371669411541
"2761",5.07018147704353,0.141371669411541,3.79085513533168,-0.260054058547155
"2762",3.79085513533168,-0.260054058547155,5.19235452468313,0.226892802759263
"2763",5.19235452468313,0.226892802759263,4.35459648372585,0.364773813666815
"2764",4.35459648372585,0.364773813666815,3.79260046458368,0.0471238898038469
"2765",3.79260046458368,0.0471238898038469,4.26383936262215,0.432841654494594
"2766",4.26383936262215,0.432841654494594,4.71413430963668,-0.287979326579064
"2767",4.71413430963668,-0.287979326579064,3.12937534882583,0.267035375555132
"2768",3.12937534882583,0.267035375555132,1.86226631187795,0.0506145483078356
"2769",1.86226631187795,0.0506145483078356,1.64933614313464,-0.258308729295161
"2770",1.64933614313464,-0.258308729295161,1.42942465738336,0.185004900711399
"2771",1.42942465738336,0.185004900711399,1.5690509975429,-0.0698131700797732
"2772",1.5690509975429,-0.0698131700797732,2.8920105705546,-0.162315620435473
"2773",2.8920105705546,-0.162315620435473,2.26892802759263,0.151843644923507
"2774",2.26892802759263,0.151843644923507,2.38411975822425,-0.279252680319093
"2775",2.38411975822425,-0.279252680319093,1.76801853227026,-0.0541052068118242
"2776",1.76801853227026,-0.0541052068118242,1.21474915938805,-0.0977384381116825
"2777",1.21474915938805,-0.0977384381116825,0.874409955249159,-0.261799387799149
"2778",0.874409955249159,-0.261799387799149,1.55159770502296,-0.312413936106985
"2779",1.55159770502296,-0.312413936106985,0.134390352403563,-0.287979326579064
"2780",0.134390352403563,-0.287979326579064,1.230457122656,0.207694180987325
"2781",1.230457122656,0.207694180987325,6.04232987040437,-0.308923277602996
"2782",6.04232987040437,-0.308923277602996,4.81885406475634,-0.186750229963393
"2783",4.81885406475634,-0.186750229963393,6.08072711394824,0.202458193231342
"2784",6.08072711394824,0.202458193231342,4.84677933278825,0.204203522483337
"2785",4.84677933278825,0.204203522483337,6.14879495477602,0.207694180987325
"2786",6.14879495477602,0.207694180987325,4.27082067963012,-0.172787595947439
"2787",4.27082067963012,-0.172787595947439,3.90081087820733,-0.254818070791172
"2788",3.90081087820733,-0.254818070791172,4.74205957766859,0.204203522483337
"2789",4.74205957766859,0.204203522483337,3.31088959103324,0.204203522483337
"2790",3.31088959103324,0.204203522483337,3.57443430808439,-0.363028484414821
"2791",3.57443430808439,-0.363028484414821,3.15904594610974,0.237364778271229
"2792",3.15904594610974,0.237364778271229,4.84677933278825,-0.258308729295161
"2793",4.84677933278825,-0.258308729295161,3.80132711084365,0.261799387799149
"2794",3.80132711084365,0.261799387799149,4.42266432455363,0.0314159265358979
"2795",4.42266432455363,0.0314159265358979,4.31270858167799,-0.207694180987325
"2796",4.31270858167799,-0.207694180987325,2.48360352558793,-0.258308729295161
"2797",2.48360352558793,-0.258308729295161,1.85877565337396,0.0645771823237902
"2798",1.85877565337396,0.0645771823237902,0.855211333477221,0.197222205475359
"2799",0.855211333477221,0.197222205475359,1.39800873084746,0.0872664625997165
"2800",1.39800873084746,0.0872664625997165,1.98967534727354,0.158824961931484
"2801",1.98967534727354,0.158824961931484,5.81020107988912,0.0872664625997165
"2802",5.81020107988912,0.0872664625997165,5.27089434102288,0.361283155162826
"2803",5.27089434102288,0.361283155162826,4.73158760215663,-0.29845130209103
"2804",4.73158760215663,-0.29845130209103,4.93753645389196,0.212930168743308
"2805",4.93753645389196,0.212930168743308,4.67573706609281,-0.314159265358979
"2806",4.67573706609281,-0.314159265358979,3.5081117965086,0.240855436775218
"2807",3.5081117965086,0.240855436775218,4.18006355852642,0.0453785605518526
"2808",4.18006355852642,0.0453785605518526,4.0927970959267,0.167551608191456
"2809",4.0927970959267,0.167551608191456,3.86764962241943,-0.336848545634906
"2810",3.86764962241943,-0.336848545634906,5.02131225798769,-0.392699081698724
"2811",5.02131225798769,-0.392699081698724,3.31263492028524,0.272271363311115
"2812",3.31263492028524,0.272271363311115,3.82227106186758,-0.289724655831059
"2813",3.82227106186758,-0.289724655831059,2.51676478137582,-0.261799387799149
"2814",2.51676478137582,-0.261799387799149,3.05956217874606,0.293215314335047
"2815",3.05956217874606,0.293215314335047,3.25154839646544,0.378736447682769
"2816",3.25154839646544,0.378736447682769,1.88670092140587,0.0575958653158129
"2817",1.88670092140587,0.0575958653158129,1.79419847105017,-0.319395253114962
"2818",1.79419847105017,-0.319395253114962,3.5081117965086,0.139626340159546
"2819",3.5081117965086,0.139626340159546,2.39110107523223,-0.359537825910832
"2820",2.39110107523223,-0.359537825910832,1.61268422884276,-0.150098315671512
"2821",1.61268422884276,-0.150098315671512,2.29161730786856,0.165806278939461
"2822",2.29161730786856,0.165806278939461,0.979129710368819,0.448549617762543
"2823",0.979129710368819,0.448549617762543,0.556760031386191,0.12915436464758
"2824",0.556760031386191,0.12915436464758,1.48876585195116,-0.23387411976724
"2825",1.48876585195116,-0.23387411976724,0.010471975511966,0.123918376891597
"2826",0.010471975511966,0.123918376891597,6.04407519965636,0.101229096615671
"2827",6.04407519965636,0.101229096615671,5.90793951800081,0.0820304748437335
"2828",5.90793951800081,0.0820304748437335,0.783652834145454,-0.214675497995303
"2829",0.783652834145454,-0.214675497995303,6.13657765001206,0.528834763354282
"2830",6.13657765001206,0.528834763354282,5.17664656141518,-0.340339204138894
"2831",5.17664656141518,-0.340339204138894,6.03709388264839,0.191986217719376
"2832",6.03709388264839,0.191986217719376,5.05098285527159,0.251327412287183
"2833",5.05098285527159,0.251327412287183,3.63726616115618,0.258308729295161
"2834",3.63726616115618,0.258308729295161,4.57450796947714,0.0122173047639603
"2835",4.57450796947714,0.0122173047639603,4.35808714222984,0.0593411945678072
"2836",4.35808714222984,0.0593411945678072,3.36499479784507,-0.212930168743308
"2837",3.36499479784507,-0.212930168743308,5.10159740357942,-0.247836753783195
"2838",5.10159740357942,-0.247836753783195,3.19220720189763,-0.303687289847013
"2839",3.19220720189763,-0.303687289847013,4.56229066471318,0.202458193231342
"2840",4.56229066471318,0.202458193231342,3.5395277230445,0.150098315671512
"2841",3.5395277230445,0.150098315671512,1.93207948195772,-0.111701072127637
"2842",1.93207948195772,-0.111701072127637,2.98276769165831,0.00698131700797732
"2843",2.98276769165831,0.00698131700797732,3.28645498150532,0.321140582366957
"2844",3.28645498150532,0.321140582366957,1.74358392274234,-0.115191730631626
"2845",1.74358392274234,-0.115191730631626,1.95825942073764,0.102974425867665
"2846",1.95825942073764,0.102974425867665,2.02458193231342,0.340339204138894
"2847",2.02458193231342,0.340339204138894,5.33721685259866,0.232128790515246
"2848",5.33721685259866,0.232128790515246,5.2028265001951,0.191986217719376
"2849",5.2028265001951,0.191986217719376,5.19933584169111,-0.261799387799149
"2850",5.19933584169111,-0.261799387799149,5.04574686751561,0.211184839491314
"2851",5.04574686751561,0.211184839491314,4.96546172192387,-0.261799387799149
"2852",4.96546172192387,-0.261799387799149,4.54134671368925,0.0488692190558412
"2853",4.54134671368925,0.0488692190558412,0.44331363000656,-0.267035375555132
"2854",0.44331363000656,-0.267035375555132,4.94102711239595,-0.293215314335047
"2855",4.94102711239595,-0.293215314335047,3.42259066316088,-0.29845130209103
"2856",3.42259066316088,-0.29845130209103,3.1398473243378,-0.328121899374934
"2857",3.1398473243378,-0.328121899374934,2.99673032567426,0.111701072127637
"2858",2.99673032567426,0.111701072127637,3.71056998973994,0.261799387799149
"2859",3.71056998973994,0.261799387799149,3.44353461418481,-0.287979326579064
"2860",3.44353461418481,-0.287979326579064,3.27772833524535,-0.287979326579064
"2861",3.27772833524535,-0.287979326579064,4.78918346747244,-0.16929693744345
"2862",4.78918346747244,-0.16929693744345,4.58148928648512,0.148352986419518
"2863",4.58148928648512,0.148352986419518,2.19736952826086,-0.0820304748437335
"2864",2.19736952826086,-0.0820304748437335,2.83790536374278,0.300196631343025
"2865",2.83790536374278,0.300196631343025,3.3248522250492,-0.272271363311115
"2866",3.3248522250492,-0.272271363311115,3.28296432300133,0.232128790515246
"2867",3.28296432300133,0.232128790515246,3.50636646725661,-0.272271363311115
"2868",3.50636646725661,-0.272271363311115,2.93913446035845,0.143116998663535
"2869",2.93913446035845,0.143116998663535,2.2479840765687,-0.020943951023932
"2870",2.2479840765687,-0.020943951023932,2.51851011062782,-0.204203522483337
"2871",2.51851011062782,-0.204203522483337,6.14181363776805,-0.172787595947439
"2872",6.14181363776805,-0.172787595947439,1.03672557568463,0.111701072127637
"2873",1.03672557568463,0.111701072127637,0.595157274930066,0.207694180987325
"2874",0.595157274930066,0.207694180987325,6.06676447993229,-0.153588974175501
"2875",6.06676447993229,-0.153588974175501,5.93761011528471,-0.296705972839036
"2876",5.93761011528471,-0.296705972839036,0.137881010907552,0.172787595947439
"2877",0.137881010907552,0.172787595947439,0.804596785169386,-0.198967534727354
"2878",0.804596785169386,-0.198967534727354,0.483456202802429,0.122173047639603
"2879",0.483456202802429,0.122173047639603,6.22035345410779,0.0959931088596881
"2880",6.22035345410779,0.0959931088596881,5.12952267161133,0.193731546971371
"2881",5.12952267161133,0.193731546971371,4.09803308368269,0.0872664625997165
"2882",4.09803308368269,0.0872664625997165,4.51342144565734,0.0733038285837618
"2883",4.51342144565734,0.0733038285837618,3.96189740202713,-0.368264472170804
"2884",3.96189740202713,-0.368264472170804,3.4487706019408,-0.144862327915529
"2885",3.4487706019408,-0.144862327915529,3.25852971347341,-0.314159265358979
"2886",3.25852971347341,-0.314159265358979,3.42084533390889,0.2460914245312
"2887",3.42084533390889,0.2460914245312,3.3545228223331,0.349065850398866
"2888",3.3545228223331,0.349065850398866,3.06130750799805,0.0959931088596881
"2889",3.06130750799805,0.0959931088596881,3.84146968363952,-0.413643032722656
"2890",3.84146968363952,-0.413643032722656,3.58141562509236,-0.261799387799149
"2891",3.58141562509236,-0.261799387799149,3.43655329717683,-0.202458193231342
"2892",3.43655329717683,-0.202458193231342,4.01949326734294,0.12915436464758
"2893",4.01949326734294,0.12915436464758,3.06654349575404,-0.342084533390889
"2894",3.06654349575404,-0.342084533390889,2.29685329562454,-0.106465084371654
"2895",2.29685329562454,-0.106465084371654,2.50280214735987,0.265290046303138
"2896",2.50280214735987,0.265290046303138,2.05599785884932,-0.148352986419518
"2897",2.05599785884932,-0.148352986419518,3.49938515024863,0.232128790515246
"2898",3.49938515024863,0.232128790515246,3.32834288355319,0.242600766027212
"2899",3.32834288355319,0.242600766027212,2.00538331054148,-0.226892802759263
"2900",2.00538331054148,-0.226892802759263,1.34215819478364,-0.254818070791172
"2901",1.34215819478364,-0.254818070791172,3.58490628359635,0.247836753783195
"2902",3.58490628359635,0.247836753783195,2.32128790515246,-0.186750229963393
"2903",2.32128790515246,-0.186750229963393,1.0454522219446,-0.15707963267949
"2904",1.0454522219446,-0.15707963267949,2.23576677180474,-0.0331612557878923
"2905",2.23576677180474,-0.0331612557878923,2.45218759905203,-0.235619449019234
"2906",2.45218759905203,-0.235619449019234,2.39284640448423,-0.164060949687467
"2907",2.39284640448423,-0.164060949687467,2.20435084526884,-0.226892802759263
"2908",2.20435084526884,-0.226892802759263,1.83434104384604,-0.0994837673636768
"2909",1.83434104384604,-0.0994837673636768,6.26049602690366,-0.16929693744345
"2910",6.26049602690366,-0.16929693744345,5.56585498460992,0.253072741539178
"2911",5.56585498460992,0.253072741539178,5.25518637775493,0.191986217719376
"2912",5.25518637775493,0.191986217719376,5.65312144720963,0.314159265358979
"2913",5.65312144720963,0.314159265358979,1.12573736753634,-0.317649923862968
"2914",1.12573736753634,-0.317649923862968,4.66875574908483,0.0541052068118242
"2915",4.66875574908483,0.0541052068118242,4.28652864289807,0.11693705988362
"2916",4.28652864289807,0.11693705988362,5.16268392739923,0.123918376891597
"2917",5.16268392739923,0.123918376891597,0.23387411976724,-0.118682389135614
"2918",0.23387411976724,-0.118682389135614,4.84503400353626,-0.260054058547155
"2919",4.84503400353626,-0.260054058547155,4.64083048105292,-0.139626340159546
"2920",4.64083048105292,-0.139626340159546,4.19926218029836,-0.287979326579064
"2921",4.19926218029836,-0.287979326579064,5.1103240498394,0.0767944870877505
"2922",5.1103240498394,0.0767944870877505,4.4628068973495,0.310668606854991
"2923",4.4628068973495,0.310668606854991,3.00371164268224,-0.317649923862968
"2924",3.00371164268224,-0.317649923862968,2.57959663444762,-0.22165681500328
"2925",2.57959663444762,-0.22165681500328,2.3387411976724,-0.0977384381116825
"2926",2.3387411976724,-0.0977384381116825,2.83616003449079,-0.172787595947439
"2927",2.83616003449079,-0.172787595947439,2.03854456632938,-0.0942477796076938
"2928",2.03854456632938,-0.0942477796076938,4.616395871525,-0.0366519142918809
"2929",4.616395871525,-0.0366519142918809,2.68082573106329,-0.146607657167524
"2930",2.68082573106329,-0.146607657167524,2.37539311196428,-0.197222205475359
"2931",2.37539311196428,-0.197222205475359,2.78903614468694,-0.293215314335047
"2932",2.78903614468694,-0.293215314335047,2.28812664936457,0.150098315671512
"2933",2.28812664936457,0.150098315671512,2.22005880853679,-0.186750229963393
"2934",2.22005880853679,-0.186750229963393,2.71922297460717,-0.139626340159546
"2935",2.71922297460717,-0.139626340159546,1.97222205475359,-0.178023583703422
"2936",1.97222205475359,-0.178023583703422,1.40499004785544,0.183259571459405
"2937",1.40499004785544,0.183259571459405,2.29161730786856,-0.270526034059121
"2938",2.29161730786856,-0.270526034059121,1.89542756766584,-0.162315620435473
"2939",1.89542756766584,-0.162315620435473,0.422369678982628,0.15707963267949
"2940",0.422369678982628,0.15707963267949,0.345575191894877,-0.10471975511966
"2941",0.345575191894877,-0.10471975511966,1.15540796482025,-0.144862327915529
"2942",1.15540796482025,-0.144862327915529,1.50621914447111,0.39095375244673
"2943",1.50621914447111,0.39095375244673,5.49778714378214,0.153588974175501
"2944",5.49778714378214,0.153588974175501,5.03178423349965,-0.237364778271229
"2945",5.03178423349965,-0.237364778271229,5.27089434102288,0.214675497995303
"2946",5.27089434102288,0.214675497995303,5.34419816960664,0.10471975511966
"2947",5.34419816960664,0.10471975511966,4.24115008234622,0.0785398163397448
"2948",4.24115008234622,0.0785398163397448,3.71406064824393,0.0244346095279206
"2949",3.71406064824393,0.0244346095279206,5.27263967027487,0.253072741539178
"2950",5.27263967027487,0.253072741539178,4.77347550420449,0.253072741539178
"2951",4.77347550420449,0.253072741539178,4.46629755585349,0.207694180987325
"2952",4.46629755585349,0.207694180987325,4.44709893408155,-0.108210413623648
"2953",4.44709893408155,-0.108210413623648,2.58308729295161,-0.111701072127637
"2954",2.58308729295161,-0.111701072127637,2.11882971192112,-0.0872664625997165
"2955",2.11882971192112,-0.0872664625997165,3.85543231765547,-0.183259571459405
"2956",3.85543231765547,-0.183259571459405,2.5237460983838,0.0959931088596881
"2957",2.5237460983838,0.0959931088596881,2.23227611330075,0.0418879020478639
"2958",2.23227611330075,0.0418879020478639,2.42600766027212,-0.0890117918517108
"2959",2.42600766027212,-0.0890117918517108,2.45742358680802,0.0680678408277788
"2960",2.45742358680802,0.0680678408277788,2.20260551601684,-0.0994837673636768
"2961",2.20260551601684,-0.0994837673636768,1.36484747505957,-0.153588974175501
"2962",1.36484747505957,-0.153588974175501,0.965167076352864,-0.214675497995303
"2963",0.965167076352864,-0.214675497995303,0.553269372882202,0.216420827247297
"2964",0.553269372882202,0.216420827247297,5.5082591192941,0.186750229963393
"2965",5.5082591192941,0.186750229963393,0.188495559215388,0.251327412287183
"2966",0.188495559215388,0.251327412287183,5.79798377512516,0.226892802759263
"2967",5.79798377512516,0.226892802759263,0.56025068989018,-0.0959931088596881
"2968",0.56025068989018,-0.0959931088596881,6.17322956430394,0.0349065850398866
"2969",6.17322956430394,0.0349065850398866,0.123918376891597,0.0733038285837618
"2970",0.123918376891597,0.0733038285837618,4.49945881164138,0.226892802759263
"2971",4.49945881164138,0.226892802759263,5.30929158456675,0.216420827247297
"2972",5.30929158456675,0.216420827247297,5.01433094097971,-0.275762021815104
"2973",5.01433094097971,-0.275762021815104,5.01084028247572,0.155334303427495
"2974",5.01084028247572,0.155334303427495,3.86764962241943,-0.162315620435473
"2975",3.86764962241943,-0.162315620435473,4.97942435593982,0.198967534727354
"2976",4.97942435593982,0.198967534727354,3.61457688088026,-0.139626340159546
"2977",3.61457688088026,-0.139626340159546,4.18006355852642,0.356047167406843
"2978",4.18006355852642,0.356047167406843,3.96015207277513,-0.0942477796076938
"2979",3.96015207277513,-0.0942477796076938,3.51509311351658,-0.188495559215388
"2980",3.51509311351658,-0.188495559215388,4.99164166070378,0.258308729295161
"2981",4.99164166070378,0.258308729295161,3.86939495167143,-0.0733038285837618
"2982",3.86939495167143,-0.0733038285837618,4.44884426333355,0.275762021815104
"2983",4.44884426333355,0.275762021815104,2.6476644752754,-0.0837758040957278
"2984",2.6476644752754,-0.0837758040957278,3.57967029584037,-0.158824961931484
"2985",3.57967029584037,-0.158824961931484,3.50287580875262,-0.29845130209103
"2986",3.50287580875262,-0.29845130209103,2.31779724664847,0.329867228626928
"2987",2.31779724664847,0.329867228626928,2.17817090648892,0.336848545634906
"2988",2.17817090648892,0.336848545634906,2.61973920724349,-0.130899693899575
"2989",2.61973920724349,-0.130899693899575,3.70707933123596,0.254818070791172
"2990",3.70707933123596,0.254818070791172,2.49582083035189,-0.0855211333477222
"2991",2.49582083035189,-0.0855211333477222,2.4923301718479,-0.235619449019234
"2992",2.4923301718479,-0.235619449019234,2.47487687932796,0.0261799387799149
"2993",2.47487687932796,0.0261799387799149,0.523598775598299,0.371755130674792
"2994",0.523598775598299,0.371755130674792,2.44171562354007,-0.279252680319093
"2995",2.44171562354007,-0.279252680319093,0.39095375244673,-0.247836753783195
"2996",0.39095375244673,-0.247836753783195,5.65137611795764,0.136135681655558
"2997",5.65137611795764,0.136135681655558,5.59028959413784,-0.162315620435473
"2998",5.59028959413784,-0.162315620435473,5.541420375082,0.160570291183478
"2999",5.541420375082,0.160570291183478,0.373500459926786,0.0837758040957278
"3000",0.373500459926786,0.0837758040957278,4.65828377357287,0.235619449019234
"3001",4.65828377357287,0.235619449019234,5.94459143229269,0.165806278939461
"3002",5.94459143229269,0.165806278939461,6.02836723638841,0.113446401379631
"3003",6.02836723638841,0.113446401379631,6.17322956430394,-0.200712863979348
"3004",6.17322956430394,-0.200712863979348,3.74547657477983,0.239110107523223
"3005",3.74547657477983,0.239110107523223,4.49945881164138,0.303687289847013
"3006",4.49945881164138,0.303687289847013,4.83456202802429,0.284488668075076
"3007",4.83456202802429,0.284488668075076,3.3562681515851,-0.101229096615671
"3008",3.3562681515851,-0.101229096615671,4.8328166987723,0.137881010907552
"3009",4.8328166987723,0.137881010907552,3.82227106186758,0.18151424220741
"3010",3.82227106186758,0.18151424220741,2.67035375555132,-0.20943951023932
"3011",2.67035375555132,-0.20943951023932,2.12581102892909,0.254818070791172
"3012",2.12581102892909,0.254818070791172,2.22180413778878,0.373500459926786
"3013",2.22180413778878,0.373500459926786,1.53588974175501,0.174532925199433
"3014",1.53588974175501,0.174532925199433,2.01934594455744,0.300196631343025
"3015",2.01934594455744,0.300196631343025,0.984365698124802,0.197222205475359
"3016",0.984365698124802,0.197222205475359,1.76976386152225,-0.010471975511966
"3017",1.76976386152225,-0.010471975511966,1.5097098029751,0.178023583703422
"3018",1.5097098029751,0.178023583703422,0.111701072127637,-0.172787595947439
"3019",0.111701072127637,-0.172787595947439,5.87652359146491,-0.130899693899575
"3020",5.87652359146491,-0.130899693899575,1.66504410640259,0.18151424220741
"3021",1.66504410640259,0.18151424220741,0.450294947014537,-0.22165681500328
"3022",0.450294947014537,-0.22165681500328,5.71246264177744,-0.120427718387609
"3023",5.71246264177744,-0.120427718387609,0.567232006898157,0.151843644923507
"3024",0.567232006898157,0.151843644923507,5.82067305540109,0.0959931088596881
"3025",5.82067305540109,0.0959931088596881,4.89041256408811,0.242600766027212
"3026",4.89041256408811,0.242600766027212,4.70715299262871,0.214675497995303
"3027",4.70715299262871,0.214675497995303,4.69144502936076,-0.0628318530717959
"3028",4.69144502936076,-0.0628318530717959,5.62170552067374,-0.35081117965086
"3029",5.62170552067374,-0.35081117965086,3.86415896391545,0.235619449019234
"3030",3.86415896391545,0.235619449019234,4.78220215046446,0.111701072127637
"3031",4.78220215046446,0.111701072127637,5.05796417227957,0.256563400043166
"3032",5.05796417227957,0.256563400043166,3.50287580875262,-0.50789081233035
"3033",3.50287580875262,-0.50789081233035,3.40513737064094,-0.249582083035189
"3034",3.40513737064094,-0.249582083035189,3.5098571257606,-0.0541052068118242
"3035",3.5098571257606,-0.0541052068118242,2.03854456632938,0.294960643587042
"3036",2.03854456632938,0.294960643587042,3.32834288355319,-0.108210413623648
"3037",3.32834288355319,-0.108210413623648,1.07337748997651,-0.0645771823237902
"3038",1.07337748997651,-0.0645771823237902,2.47313155007596,-0.0907571211037051
"3039",2.47313155007596,-0.0907571211037051,0.178023583703422,0.139626340159546
"3040",0.178023583703422,0.139626340159546,5.68977336150151,-0.242600766027212
"3041",5.68977336150151,-0.242600766027212,5.24645973149496,0.185004900711399
"3042",5.24645973149496,0.185004900711399,4.80838208924438,0.143116998663535
"3043",4.80838208924438,0.143116998663535,4.97244303893184,0.191986217719376
"3044",4.97244303893184,0.191986217719376,3.91128285371929,0.230383461263251
"3045",3.91128285371929,0.230383461263251,3.43306263867285,-0.249582083035189
"3046",3.43306263867285,-0.249582083035189,3.52905574753253,-0.113446401379631
"3047",3.52905574753253,-0.113446401379631,2.92168116783851,-0.125663706143592
"3048",2.92168116783851,-0.125663706143592,3.67391807544806,-0.488692190558412
"3049",3.67391807544806,-0.488692190558412,3.39466539512897,-0.314159265358979
"3050",3.39466539512897,-0.314159265358979,3.24282175020546,-0.282743338823081
"3051",3.24282175020546,-0.282743338823081,2.0612338466053,0.212930168743308
"3052",2.0612338466053,0.212930168743308,3.05432619099008,0.235619449019234
"3053",3.05432619099008,0.235619449019234,2.6459191460234,0.226892802759263
"3054",2.6459191460234,0.226892802759263,6.16450291804397,0.202458193231342
"3055",6.16450291804397,0.202458193231342,5.58156294787787,-0.373500459926786
"3056",5.58156294787787,-0.373500459926786,5.56410965535792,-0.22165681500328
"3057",5.56410965535792,-0.22165681500328,5.46637121724624,-0.204203522483337
"3058",5.46637121724624,-0.204203522483337,1.36659280431156,-0.191986217719376
"3059",1.36659280431156,-0.191986217719376,5.29183829204681,0.207694180987325
"3060",5.29183829204681,0.207694180987325,3.2916909692613,0.197222205475359
"3061",3.2916909692613,0.197222205475359,3.12239403181786,0.247836753783195
"3062",3.12239403181786,0.247836753783195,1.88495559215388,-0.253072741539178
"3063",1.88495559215388,-0.253072741539178,1.79768912955416,-0.167551608191456
"3064",1.79768912955416,-0.167551608191456,2.13279234593707,0.3385938748869
"3065",2.13279234593707,0.3385938748869,2.09614043164519,-0.216420827247297
"3066",2.09614043164519,-0.216420827247297,1.67900674041855,-0.204203522483337
"3067",1.67900674041855,-0.204203522483337,2.00712863979348,0.279252680319093
"3068",2.00712863979348,0.279252680319093,2.32652389290844,-0.197222205475359
"3069",2.32652389290844,-0.197222205475359,5.75085988532132,-0.240855436775218
"3070",5.75085988532132,-0.240855436775218,0.0575958653158129,0.232128790515246
"3071",0.0575958653158129,0.232128790515246,0.108210413623648,0.164060949687467
"3072",0.108210413623648,0.164060949687467,4.92706447837999,0.32637657012294
"3073",4.92706447837999,0.32637657012294,3.64424747816416,0.479965544298441
"3074",3.64424747816416,0.479965544298441,2.55167136641571,-0.174532925199433
"3075",2.55167136641571,-0.174532925199433,2.37190245346029,0.352556508902855
"3076",2.37190245346029,0.352556508902855,2.27940000310459,-0.202458193231342
"3077",2.27940000310459,-0.202458193231342,1.98618468876955,-0.247836753783195
"3078",1.98618468876955,-0.247836753783195,3.2009338481576,0.261799387799149
"3079",3.2009338481576,0.261799387799149,2.39808239224021,-0.207694180987325
"3080",2.39808239224021,-0.207694180987325,2.48709418409192,-0.23387411976724
"3081",2.48709418409192,-0.23387411976724,1.91811684794177,0.265290046303138
"3082",1.91811684794177,0.265290046303138,1.23569311041199,0.188495559215388
"3083",1.23569311041199,0.188495559215388,2.28812664936457,0.35081117965086
"3084",2.28812664936457,0.35081117965086,1.82386906833407,0.261799387799149
"3085",1.82386906833407,0.261799387799149,2.42775298952411,0.2460914245312
"3086",2.42775298952411,0.2460914245312,2.04028989558137,-0.218166156499291
"3087",2.04028989558137,-0.218166156499291,2.14850030920502,-0.29845130209103
"3088",2.14850030920502,-0.29845130209103,1.86226631187795,-0.324631240870945
"3089",1.86226631187795,-0.324631240870945,0.314159265358979,0.125663706143592
"3090",0.314159265358979,0.125663706143592,1.13271868454432,-0.0994837673636768
"3091",1.13271868454432,-0.0994837673636768,5.9393554445367,0.162315620435473
"3092",5.9393554445367,0.162315620435473,5.93062879827673,0.230383461263251
"3093",5.93062879827673,0.230383461263251,5.27613032877886,-0.277507351067098
"3094",5.27613032877886,-0.277507351067098,5.14697596413128,-0.261799387799149
"3095",5.14697596413128,-0.261799387799149,5.32849020633869,0.146607657167524
"3096",5.32849020633869,0.146607657167524,4.42440965380563,-0.139626340159546
"3097",4.42440965380563,-0.139626340159546,3.33357887130917,0.232128790515246
"3098",3.33357887130917,0.232128790515246,4.25685804561417,-0.153588974175501
"3099",4.25685804561417,-0.153588974175501,2.59355926846357,0.328121899374934
"3100",2.59355926846357,0.328121899374934,2.0612338466053,-0.277507351067098
"3101",2.0612338466053,-0.277507351067098,1.97222205475359,-0.226892802759263
"3102",1.97222205475359,-0.226892802759263,2.46615023306799,-0.247836753783195
"3103",2.46615023306799,-0.247836753783195,3.31612557878923,0.22165681500328
"3104",3.31612557878923,0.22165681500328,2.23576677180474,-0.272271363311115
"3105",2.23576677180474,-0.272271363311115,2.02981792006941,0.305432619099008
"3106",2.02981792006941,0.305432619099008,1.85004900711399,0.29845130209103
"3107",1.85004900711399,0.29845130209103,0.148352986419518,0.111701072127637
"3108",0.148352986419518,0.111701072127637,6.21511746635181,0.162315620435473
"3109",6.21511746635181,0.162315620435473,6.01265927312047,-0.193731546971371
"3110",6.01265927312047,-0.193731546971371,1.27059969545187,0.300196631343025
"3111",1.27059969545187,0.300196631343025,0.155334303427495,0.244346095279206
"3112",0.155334303427495,0.244346095279206,0.525344104850293,0.153588974175501
"3113",0.525344104850293,0.153588974175501,5.94284610304069,0.216420827247297
"3114",5.94284610304069,0.216420827247297,0.488692190558412,-0.230383461263251
"3115",0.488692190558412,-0.230383461263251,5.57981761862587,0.125663706143592
"3116",5.57981761862587,0.125663706143592,5.39306738866248,0.188495559215388
"3117",5.39306738866248,0.188495559215388,5.53792971657801,0.197222205475359
"3118",5.53792971657801,0.197222205475359,4.25162205785819,0.120427718387609
"3119",4.25162205785819,0.120427718387609,4.39648438577372,-0.200712863979348
"3120",4.39648438577372,-0.200712863979348,5.20631715869909,0.0383972435438752
"3121",5.20631715869909,0.0383972435438752,5.36339679137857,0.39095375244673
"3122",5.36339679137857,0.39095375244673,2.64242848751941,0.314159265358979
"3123",2.64242848751941,0.314159265358979,4.32492588644195,-0.207694180987325
"3124",4.32492588644195,-0.207694180987325,3.18697121414165,-0.106465084371654
"3125",3.18697121414165,-0.106465084371654,2.38761041672824,0.371755130674792
"3126",2.38761041672824,0.371755130674792,0.849975345721238,-0.183259571459405
"3127",0.849975345721238,-0.183259571459405,0.568977336150151,-0.20943951023932
"3128",0.568977336150151,-0.20943951023932,2.62497519499947,-0.239110107523223
"3129",2.62497519499947,-0.239110107523223,0.605629250442032,-0.160570291183478
"3130",0.605629250442032,-0.160570291183478,2.29336263712055,-0.155334303427495
"3131",2.29336263712055,-0.155334303427495,6.22384411261178,-0.143116998663535
"3132",6.22384411261178,-0.143116998663535,0.698131700797732,-0.158824961931484
"3133",0.698131700797732,-0.158824961931484,1.29852496348378,-0.153588974175501
"3134",1.29852496348378,-0.153588974175501,5.27787565803085,0.0191986217719376
"3135",5.27787565803085,0.0191986217719376,0.0418879020478639,-0.197222205475359
"3136",0.0418879020478639,-0.197222205475359,0.518362787842316,-0.197222205475359
"3137",0.518362787842316,-0.197222205475359,0.635299847725936,-0.256563400043166
"3138",0.635299847725936,-0.256563400043166,5.12079602535136,-0.314159265358979
"3139",5.12079602535136,-0.314159265358979,3.62504885639222,-0.191986217719376
"3140",3.62504885639222,-0.191986217719376,2.47487687932796,-0.151843644923507
"3141",2.47487687932796,-0.151843644923507,3.62330352714023,-0.256563400043166
"3142",3.62330352714023,-0.256563400043166,2.87630260728666,-0.214675497995303
"3143",2.87630260728666,-0.214675497995303,1.6632987771506,0.282743338823081
"3144",1.6632987771506,0.282743338823081,2.48534885483993,0.272271363311115
"3145",2.48534885483993,0.272271363311115,1.34041286553164,-0.139626340159546
"3146",1.34041286553164,-0.139626340159546,2.3998277214922,-0.226892802759263
"3147",2.3998277214922,-0.226892802759263,0.635299847725936,0.155334303427495
"3148",0.635299847725936,0.155334303427495,0.799360797413403,-0.148352986419518
"3149",0.799360797413403,-0.148352986419518,6.11912435749212,-0.207694180987325
"3150",6.11912435749212,-0.207694180987325,6.08421777245223,-0.251327412287183
"3151",6.08421777245223,-0.251327412287183,5.91841149351277,0.287979326579064
"3152",5.91841149351277,0.287979326579064,0.343829862642883,0.197222205475359
"3153",0.343829862642883,0.197222205475359,0.198967534727354,0.153588974175501
"3154",0.198967534727354,0.153588974175501,4.48898683612942,-0.139626340159546
"3155",4.48898683612942,-0.139626340159546,6.23780674662773,0.115191730631626
"3156",6.23780674662773,0.115191730631626,2.5237460983838,-0.146607657167524
"3157",2.5237460983838,-0.146607657167524,3.65821011218011,-0.148352986419518
"3158",3.65821011218011,-0.148352986419518,3.8152897448596,-0.158824961931484
"3159",3.8152897448596,-0.158824961931484,3.59886891761231,-0.242600766027212
"3160",3.59886891761231,-0.242600766027212,4.36506845923782,-0.186750229963393
"3161",4.36506845923782,-0.186750229963393,2.7384215963791,0.183259571459405
"3162",2.7384215963791,0.183259571459405,2.69304303582725,0.123918376891597
"3163",2.69304303582725,0.123918376891597,1.80990643431812,0.0558505360638185
"3164",1.80990643431812,0.0558505360638185,1.64933614313464,-0.150098315671512
"3165",1.64933614313464,-0.150098315671512,0.0174532925199433,-0.16929693744345
"3166",0.0174532925199433,-0.16929693744345,6.19591884457987,-0.207694180987325
"3167",6.19591884457987,-0.207694180987325,6.11563369898813,-0.230383461263251
"3168",6.11563369898813,-0.230383461263251,0.408407044966673,0.172787595947439
"3169",0.408407044966673,0.172787595947439,0.710349005561692,0.139626340159546
"3170",0.710349005561692,0.139626340159546,5.35816080362259,0.216420827247297
"3171",5.35816080362259,0.216420827247297,0.0610865238198015,-0.171042266695444
"3172",0.0610865238198015,-0.171042266695444,6.06152849217631,-0.293215314335047
"3173",6.06152849217631,-0.293215314335047,6.10516172347617,-0.16929693744345
"3174",6.10516172347617,-0.16929693744345,4.57799862798113,-0.167551608191456
"3175",4.57799862798113,-0.167551608191456,3.76292986729977,-0.256563400043166
"3176",3.76292986729977,-0.256563400043166,3.80830842785163,-0.308923277602996
"3177",3.80830842785163,-0.308923277602996,3.58665161284835,0.132645023151569
"3178",3.58665161284835,0.132645023151569,3.56745299107641,0.195476876223365
"3179",3.56745299107641,0.195476876223365,3.89208423194735,-0.132645023151569
"3180",3.89208423194735,-0.132645023151569,3.47495054072071,-0.225147473507269
"3181",3.47495054072071,-0.225147473507269,2.54119939090374,-0.197222205475359
"3182",2.54119939090374,-0.197222205475359,2.460914245312,-0.158824961931484
"3183",2.460914245312,-0.158824961931484,2.462659574564,-0.308923277602996
"3184",2.462659574564,-0.308923277602996,2.26718269834063,-0.253072741539178
"3185",2.26718269834063,-0.253072741539178,3.69660735572399,0.205948851735331
"3186",3.69660735572399,0.205948851735331,1.0768681484805,-0.191986217719376
"3187",1.0768681484805,-0.191986217719376,0.788888821901437,-0.144862327915529
"3188",0.788888821901437,-0.144862327915529,1.14842664781227,-0.0453785605518526
"3189",1.14842664781227,-0.0453785605518526,0.734783615089613,-0.204203522483337
"3190",0.734783615089613,-0.204203522483337,0.195476876223365,-0.256563400043166
"3191",0.195476876223365,-0.256563400043166,5.99869663910451,-0.232128790515246
"3192",5.99869663910451,-0.232128790515246,0.200712863979348,-0.178023583703422
"3193",0.200712863979348,-0.178023583703422,6.03709388264839,-0.0733038285837618
"3194",6.03709388264839,-0.0733038285837618,3.79260046458368,0.207694180987325
"3195",3.79260046458368,0.207694180987325,3.71929663599992,-0.261799387799149
"3196",3.71929663599992,-0.261799387799149,3.88684824419137,0.146607657167524
"3197",3.88684824419137,0.146607657167524,4.03520123061089,-0.22165681500328
"3198",4.03520123061089,-0.22165681500328,2.78729081543494,-0.319395253114962
"3199",2.78729081543494,-0.319395253114962,2.64940980452739,-0.342084533390889
"3200",2.64940980452739,-0.342084533390889,2.39459173373622,-0.301941960595019
"3201",2.39459173373622,-0.301941960595019,1.70169602069447,0.0925024503556995
"3202",1.70169602069447,0.0925024503556995,1.97396738400559,-0.0785398163397448
"3203",1.97396738400559,-0.0785398163397448,1.0471975511966,-0.132645023151569
"3204",1.0471975511966,-0.132645023151569,0.823795406941324,-0.120427718387609
"3205",0.823795406941324,-0.120427718387609,0.633554518473942,-0.207694180987325
"3206",0.633554518473942,-0.207694180987325,1.14319066005629,-0.109955742875643
"3207",1.14319066005629,-0.109955742875643,0.322885911618951,-0.247836753783195
"3208",0.322885911618951,-0.247836753783195,1.56032435128293,0.308923277602996
"3209",1.56032435128293,0.308923277602996,1.25838239068791,-0.136135681655558
"3210",1.25838239068791,-0.136135681655558,0.982620368872807,0.2460914245312
"3211",0.982620368872807,0.2460914245312,4.90961118586005,0.167551608191456
"3212",4.90961118586005,0.167551608191456,0.413643032722656,0.186750229963393
"3213",0.413643032722656,0.186750229963393,4.19402619254237,-0.139626340159546
"3214",4.19402619254237,-0.139626340159546,3.7856191475757,0.113446401379631
"3215",3.7856191475757,0.113446401379631,5.0178215994837,0.172787595947439
"3216",5.0178215994837,0.172787595947439,3.27598300599336,0.23387411976724
"3217",3.27598300599336,0.23387411976724,5.17490123216319,-0.287979326579064
"3218",5.17490123216319,-0.287979326579064,2.78554548618295,-0.267035375555132
"3219",2.78554548618295,-0.267035375555132,3.25329372571743,0.230383461263251
"3220",3.25329372571743,0.230383461263251,3.8152897448596,0.143116998663535
"3221",3.8152897448596,0.143116998663535,3.30565360327726,-0.197222205475359
"3222",3.30565360327726,-0.197222205475359,2.06472450510929,-0.191986217719376
"3223",2.06472450510929,-0.191986217719376,1.49749249821113,0.287979326579064
"3224",1.49749249821113,0.287979326579064,1.76278254451427,0.0244346095279206
"3225",1.76278254451427,0.0244346095279206,1.15017197706426,0.261799387799149
"3226",1.15017197706426,0.261799387799149,0.296705972839036,0.174532925199433
"3227",0.296705972839036,0.174532925199433,2.61973920724349,0.207694180987325
"3228",2.61973920724349,0.207694180987325,0.544542726622231,-0.207694180987325
"3229",0.544542726622231,-0.207694180987325,1.07163216072452,0.237364778271229
"3230",1.07163216072452,0.237364778271229,0.635299847725936,0.293215314335047
"3231",0.635299847725936,0.293215314335047,0.691150383789754,0.164060949687467
"3232",0.691150383789754,0.164060949687467,6.2779493194236,0.293215314335047
"3233",6.2779493194236,0.293215314335047,5.24995038999894,-0.280998009571087
"3234",5.24995038999894,-0.280998009571087,1.43116998663535,-0.143116998663535
"3235",1.43116998663535,-0.143116998663535,4.97244303893184,0.172787595947439
"3236",4.97244303893184,0.172787595947439,0.972148393360842,0.144862327915529
"3237",0.972148393360842,0.144862327915529,4.58847060349309,-0.136135681655558
"3238",4.58847060349309,-0.136135681655558,3.76816585505576,0.16929693744345
"3239",3.76816585505576,0.16929693744345,3.65297412442413,0.155334303427495
"3240",3.65297412442413,0.155334303427495,2.50454747661186,0.263544717051144
"3241",2.50454747661186,0.263544717051144,3.9392081217512,0.179768912955416
"3242",3.9392081217512,0.179768912955416,0.0331612557878923,0.00698131700797732
"3243",0.0331612557878923,0.00698131700797732,0.267035375555132,0.167551608191456
"3244",0.267035375555132,0.167551608191456,0.827286065445312,0.179768912955416
"3245",0.827286065445312,0.179768912955416,1.10130275800842,-0.120427718387609
"3246",1.10130275800842,-0.120427718387609,5.46113522949026,0.0872664625997165
"3247",5.46113522949026,0.0872664625997165,0.0645771823237902,0.172787595947439
"3248",0.0645771823237902,0.172787595947439,6.03011256564041,-0.153588974175501
"3249",6.03011256564041,-0.153588974175501,4.04567320612286,0.188495559215388
"3250",4.04567320612286,0.188495559215388,4.38426708100976,0.141371669411541
"3251",4.38426708100976,0.141371669411541,5.02480291649167,0.144862327915529
"3252",5.02480291649167,0.144862327915529,3.92175482923126,0.256563400043166
"3253",3.92175482923126,0.256563400043166,2.16944426022895,-0.268780704807127
"3254",2.16944426022895,-0.268780704807127,1.93557014046171,-0.115191730631626
"3255",1.93557014046171,-0.115191730631626,2.18864288200089,0.0977384381116825
"3256",2.18864288200089,0.0977384381116825,2.10486707790516,-0.0628318530717959
"3257",2.10486707790516,-0.0628318530717959,3.37721210260903,0.202458193231342
"3258",3.37721210260903,0.202458193231342,1.56730566829091,0.232128790515246
"3259",1.56730566829091,0.232128790515246,0.244346095279206,0.0122173047639603
"3260",0.244346095279206,0.0122173047639603,0.204203522483337,0.132645023151569
"3261",0.204203522483337,0.132645023151569,0.164060949687467,0.16929693744345
"3262",0.164060949687467,0.16929693744345,1.65282680163863,-0.0977384381116825
"3263",1.65282680163863,-0.0977384381116825,0.00523598775598299,-0.228638132011257
"3264",0.00523598775598299,-0.228638132011257,0.703367688553715,-0.146607657167524
"3265",0.703367688553715,-0.146607657167524,6.1854468690679,0.23387411976724
"3266",6.1854468690679,0.23387411976724,0.0802851455917391,0.279252680319093
"3267",0.0802851455917391,0.279252680319093,6.26747734391164,-0.232128790515246
"3268",6.26747734391164,-0.232128790515246,5.67057473972958,-0.10471975511966
"3269",5.67057473972958,-0.10471975511966,3.56396233257242,0.176278254451427
"3270",3.56396233257242,0.176278254451427,2.25845605208066,0.214675497995303
"3271",2.25845605208066,0.214675497995303,2.88153859504264,-0.251327412287183
"3272",2.88153859504264,-0.251327412287183,2.50978346436785,-0.191986217719376
"3273",2.50978346436785,-0.191986217719376,1.77325452002624,0.232128790515246
"3274",1.77325452002624,0.232128790515246,1.8779742751459,-0.118682389135614
"3275",1.8779742751459,-0.118682389135614,1.58301363155886,0.242600766027212
"3276",1.58301363155886,0.242600766027212,2.90248254606657,-0.247836753783195
"3277",2.90248254606657,-0.247836753783195,0.841248699461267,-0.16929693744345
"3278",0.841248699461267,-0.16929693744345,0.394444410950718,0.162315620435473
"3279",0.394444410950718,0.162315620435473,0.380481776934764,0.0785398163397448
"3280",0.380481776934764,0.0785398163397448,0.10471975511966,0.197222205475359
"3281",0.10471975511966,0.197222205475359,0.476474885794452,0.178023583703422
"3282",0.476474885794452,0.178023583703422,0.176278254451427,0.127409035395586
"3283",0.176278254451427,0.127409035395586,6.25176938064369,0.197222205475359
"3284",6.25176938064369,0.197222205475359,0.45553093477052,0.113446401379631
"3285",0.45553093477052,0.113446401379631,0.609119908946021,0.207694180987325
"3286",0.609119908946021,0.207694180987325,0.410152374218667,0.212930168743308
"3287",0.410152374218667,0.212930168743308,0.497418836818384,0.158824961931484
"3288",0.497418836818384,0.158824961931484,6.19068285682389,-0.2460914245312
"3289",6.19068285682389,-0.2460914245312,5.39830337641846,0.0436332312998582
"3290",5.39830337641846,0.0436332312998582,0.0959931088596881,0.268780704807127
"3291",0.0959931088596881,0.268780704807127,0.18151424220741,0.10471975511966
"3292",0.18151424220741,0.10471975511966,6.19940950308386,-0.183259571459405
"3293",6.19940950308386,-0.183259571459405,4.19053553403839,-0.0733038285837618
"3294",4.19053553403839,-0.0733038285837618,5.05098285527159,0.2460914245312
"3295",5.05098285527159,0.2460914245312,2.73667626712711,0.242600766027212
"3296",2.73667626712711,0.242600766027212,3.08923277602996,-0.193731546971371
"3297",3.08923277602996,-0.193731546971371,2.0926497731412,-0.0872664625997165
"3298",2.0926497731412,-0.0872664625997165,3.06654349575404,-0.29845130209103
"3299",3.06654349575404,-0.29845130209103,1.48178453494319,0.242600766027212
"3300",1.48178453494319,0.242600766027212,1.02450827092067,-0.164060949687467
"3301",1.02450827092067,-0.164060949687467,1.63886416762268,0.197222205475359
"3302",1.63886416762268,0.197222205475359,0.61261056745001,0.226892802759263
"3303",0.61261056745001,0.226892802759263,0.0471238898038469,0.312413936106985
"3304",0.0471238898038469,0.312413936106985,5.53269372882202,0.183259571459405
"3305",5.53269372882202,0.183259571459405,4.36855911774181,-0.0349065850398866
"3306",4.36855911774181,-0.0349065850398866,2.94611577736643,0.0785398163397448
"3307",2.94611577736643,0.0785398163397448,4.93753645389196,-0.120427718387609
"3308",4.93753645389196,-0.120427718387609,2.25147473507268,-0.0820304748437335
"3309",2.25147473507268,-0.0820304748437335,3.39815605363296,-0.282743338823081
"3310",3.39815605363296,-0.282743338823081,1.5079644737231,0.197222205475359
"3311",1.5079644737231,0.197222205475359,0.991347015132779,0.18151424220741
"3312",0.991347015132779,0.18151424220741,2.36492113645232,-0.16929693744345
"3313",2.36492113645232,-0.16929693744345,1.84306769010601,0.179768912955416
"3314",1.84306769010601,0.179768912955416,2.13977366294505,-0.109955742875643
"3315",2.13977366294505,-0.109955742875643,0.621337213709981,0.162315620435473
"3316",0.621337213709981,0.162315620435473,0.705113017805709,-0.167551608191456
"3317",0.705113017805709,-0.167551608191456,0.0471238898038469,0.22165681500328
"3318",0.0471238898038469,0.22165681500328,4.1556289489985,-0.193731546971371
"3319",4.1556289489985,-0.193731546971371,2.04203522483337,0.178023583703422
"3320",2.04203522483337,0.178023583703422,1.86924762888593,-0.0890117918517108
"3321",1.86924762888593,-0.0890117918517108,2.37539311196428,-0.237364778271229
"3322",2.37539311196428,-0.237364778271229,2.21831347928479,-0.123918376891597
"3323",2.21831347928479,-0.123918376891597,0.923279174305,0.153588974175501
"3324",0.923279174305,0.153588974175501,5.43495529071034,0.593411945678072
"3325",5.43495529071034,0.593411945678072,4.30747259392201,-0.207694180987325
"3326",4.30747259392201,-0.207694180987325,3.49065850398866,0.12915436464758
"3327",3.49065850398866,0.12915436464758,3.02989158146216,-0.00349065850398866
"3328",3.02989158146216,-0.00349065850398866,3.19569786040162,-0.226892802759263
"3329",3.19569786040162,-0.226892802759263,2.04901654184134,0.197222205475359
"3330",2.04901654184134,0.197222205475359,2.59879525621956,-0.300196631343025
"3331",2.59879525621956,-0.300196631343025,1.42418866962737,0.148352986419518
"3332",1.42418866962737,0.148352986419518,1.05068820970059,0.12915436464758
"3333",1.05068820970059,0.12915436464758,0.56025068989018,0.158824961931484
"3334",0.56025068989018,0.158824961931484,5.6339228254377,-0.0296705972839036
"3335",5.6339228254377,-0.0296705972839036,5.74911455606932,0.0680678408277788
"3336",5.74911455606932,0.0680678408277788,0.856956662729216,0.212930168743308
"3337",0.856956662729216,0.212930168743308,4.98291501444381,0.188495559215388
"3338",4.98291501444381,0.188495559215388,5.09636141582344,0.198967534727354
"3339",5.09636141582344,0.198967534727354,5.47509786350621,-0.125663706143592
"3340",5.47509786350621,-0.125663706143592,2.43997029428807,0.293215314335047
"3341",2.43997029428807,0.293215314335047,2.87804793653865,-0.247836753783195
"3342",2.87804793653865,-0.247836753783195,0.785398163397448,0.125663706143592
"3343",0.785398163397448,0.125663706143592,1.48003920569119,0.282743338823081
"3344",1.48003920569119,0.282743338823081,5.81194640914112,0.0785398163397448
"3345",5.81194640914112,0.0785398163397448,0.649262481741891,0.258308729295161
"3346",0.649262481741891,0.258308729295161,5.52396708256205,-0.108210413623648
"3347",5.52396708256205,-0.108210413623648,0.588175957922089,0.211184839491314
"3348",0.588175957922089,0.211184839491314,0.575958653158129,0.106465084371654
"3349",0.575958653158129,0.106465084371654,4.53611072593326,0.197222205475359
"3350",4.53611072593326,0.197222205475359,4.31445391092998,-0.0977384381116825
"3351",4.31445391092998,-0.0977384381116825,1.95302343298165,-0.216420827247297
"3352",1.95302343298165,-0.216420827247297,0.767944870877505,0.134390352403563
"3353",0.767944870877505,0.134390352403563,1.84306769010601,0.153588974175501
"3354",1.84306769010601,0.153588974175501,0.895353906273091,0.12915436464758
"3355",0.895353906273091,0.12915436464758,1.01229096615671,0.0767944870877505
"3356",1.01229096615671,0.0767944870877505,5.65137611795764,-0.115191730631626
"3357",5.65137611795764,-0.115191730631626,0.0959931088596881,0.218166156499291
"3358",0.0959931088596881,0.218166156499291,5.5082591192941,-0.253072741539178
"3359",5.5082591192941,-0.253072741539178,5.2010811709431,0.197222205475359
"3360",5.2010811709431,0.197222205475359,4.79791011373241,-0.106465084371654
"3361",4.79791011373241,-0.106465084371654,3.77340184281174,0.193731546971371
"3362",3.77340184281174,0.193731546971371,2.8309240467348,-0.127409035395586
"3363",2.8309240467348,-0.127409035395586,3.56396233257242,-0.251327412287183
"3364",3.56396233257242,-0.251327412287183,2.60054058547155,-0.0994837673636768
"3365",2.60054058547155,-0.0994837673636768,1.95302343298165,-0.0226892802759263
"3366",1.95302343298165,-0.0226892802759263,1.18682389135614,0.120427718387609
"3367",1.18682389135614,0.120427718387609,1.79245314179818,0.212930168743308
"3368",1.79245314179818,0.212930168743308,0.268780704807127,0.179768912955416
"3369",0.268780704807127,0.179768912955416,1.62315620435473,-0.287979326579064
"3370",1.62315620435473,-0.287979326579064,5.70897198327345,-0.0872664625997165
"3371",5.70897198327345,-0.0872664625997165,0.780162175641465,-0.179768912955416
"3372",0.780162175641465,-0.179768912955416,5.82765437240907,-0.0401425727958696
"3373",5.82765437240907,-0.0401425727958696,5.24820506074695,-0.139626340159546
"3374",5.24820506074695,-0.139626340159546,3.72104196525191,-0.0558505360638185
"3375",3.72104196525191,-0.0558505360638185,2.94611577736643,-0.389208423194735
"3376",2.94611577736643,-0.389208423194735,2.02109127380943,-0.115191730631626
"3377",2.02109127380943,-0.115191730631626,1.33168621927167,0.0628318530717959
"3378",1.33168621927167,0.0628318530717959,2.25496539357667,0.164060949687467
"3379",2.25496539357667,0.164060949687467,0.993092344384774,-0.202458193231342
"3380",0.993092344384774,-0.202458193231342,1.11526539202438,0.141371669411541
"3381",1.11526539202438,0.141371669411541,0.965167076352864,-0.242600766027212
"3382",0.965167076352864,-0.242600766027212,0.705113017805709,0.186750229963393
"3383",0.705113017805709,0.186750229963393,5.84336233567702,-0.106465084371654
"3384",5.84336233567702,-0.106465084371654,0.747000919853573,0.0436332312998582
"3385",0.747000919853573,0.0436332312998582,0.424115008234622,0.216420827247297
"3386",0.424115008234622,0.216420827247297,5.85034365268499,-0.165806278939461
"3387",5.85034365268499,-0.165806278939461,3.27074701823737,-0.109955742875643
"3388",3.27074701823737,-0.109955742875643,2.07868713912525,0.186750229963393
"3389",2.07868713912525,0.186750229963393,2.05948851735331,0.261799387799149
"3390",2.05948851735331,0.261799387799149,1.87273828738992,0.139626340159546
"3391",1.87273828738992,0.139626340159546,2.35270383168836,0.12915436464758
"3392",2.35270383168836,0.12915436464758,2.68257106031528,-0.188495559215388
"3393",2.68257106031528,-0.188495559215388,2.55690735417169,-0.368264472170804
"3394",2.55690735417169,-0.368264472170804,2.14850030920502,0.321140582366957
"3395",2.14850030920502,0.321140582366957,0.914552528045029,0.164060949687467
"3396",0.914552528045029,0.164060949687467,0.879645943005142,0.218166156499291
"3397",0.879645943005142,0.218166156499291,0.740019602845596,0.123918376891597
"3398",0.740019602845596,0.123918376891597,6.00567795611249,-0.0802851455917391
"3399",6.00567795611249,-0.0802851455917391,5.87303293296092,0.270526034059121
"3400",5.87303293296092,0.270526034059121,5.76831317784126,0.120427718387609
"3401",5.76831317784126,0.120427718387609,0.438077642250577,-0.301941960595019
"3402",0.438077642250577,-0.301941960595019,5.99695130985252,-0.200712863979348
"3403",5.99695130985252,-0.200712863979348,5.91317550575679,-0.10471975511966
"3404",5.91317550575679,-0.10471975511966,5.41575666893841,-0.212930168743308
"3405",5.41575666893841,-0.212930168743308,2.82219740047483,-0.153588974175501
"3406",2.82219740047483,-0.153588974175501,2.10661240715716,0.139626340159546
"3407",2.10661240715716,0.139626340159546,2.28463599086058,0.158824961931484
"3408",2.28463599086058,0.158824961931484,1.79245314179818,0.134390352403563
"3409",1.79245314179818,0.134390352403563,2.50629280586386,0.158824961931484
"3410",2.50629280586386,0.158824961931484,1.64584548463065,0.0541052068118242
"3411",1.64584548463065,0.0541052068118242,0.935496479068961,0.197222205475359
"3412",0.935496479068961,0.197222205475359,0.970403064108847,0.242600766027212
"3413",0.970403064108847,0.242600766027212,1.76452787376627,0.174532925199433
"3414",1.76452787376627,0.174532925199433,1.11875605052837,0.2460914245312
"3415",1.11875605052837,0.2460914245312,0.780162175641465,0.150098315671512
"3416",0.780162175641465,0.150098315671512,0.153588974175501,0.186750229963393
"3417",0.153588974175501,0.186750229963393,1.15715329407224,0.172787595947439
"3418",1.15715329407224,0.172787595947439,1.10479341651241,0.153588974175501
"3419",1.10479341651241,0.153588974175501,6.11912435749212,-0.2460914245312
"3420",6.11912435749212,-0.2460914245312,0.247836753783195,-0.232128790515246
"3421",0.247836753783195,-0.232128790515246,5.25169571925094,-0.359537825910832
"3422",5.25169571925094,-0.359537825910832,4.21147948506232,-0.160570291183478
"3423",4.21147948506232,-0.160570291183478,3.04559954473011,-0.0663225115757845
"3424",3.04559954473011,-0.0663225115757845,1.80641577581413,0.118682389135614
"3425",1.80641577581413,0.118682389135614,1.00705497840073,0.0977384381116825
"3426",1.00705497840073,0.0977384381116825,1.24791041517595,0.244346095279206
"3427",1.24791041517595,0.244346095279206,0.235619449019234,0.162315620435473
"3428",0.235619449019234,0.162315620435473,5.85034365268499,-0.267035375555132
"3429",5.85034365268499,-0.267035375555132,4.76823951644851,0.0942477796076938
"3430",4.76823951644851,0.0942477796076938,0.392699081698724,0.139626340159546
"3431",0.392699081698724,0.139626340159546,0.287979326579064,0.200712863979348
"3432",0.287979326579064,0.200712863979348,5.83987167717303,0.293215314335047
"3433",5.83987167717303,0.293215314335047,3.99680398706701,0.153588974175501
"3434",3.99680398706701,0.153588974175501,3.67391807544806,0.0785398163397448
"3435",3.67391807544806,0.0785398163397448,3.88161225643539,0.186750229963393
"3436",3.88161225643539,0.186750229963393,2.4329889772801,0.148352986419518
"3437",2.4329889772801,0.148352986419518,3.44353461418481,-0.136135681655558
"3438",3.44353461418481,-0.136135681655558,1.99665666428151,0.575958653158129
"3439",1.99665666428151,0.575958653158129,1.59348560707082,-0.139626340159546
"3440",1.59348560707082,-0.139626340159546,1.63362817986669,-0.12915436464758
"3441",1.63362817986669,-0.12915436464758,0.623082542961976,0.548033385126219
"3442",0.623082542961976,0.548033385126219,4.23242343608625,0.176278254451427
"3443",4.23242343608625,0.176278254451427,3.27249234748937,-0.18151424220741
"3444",3.27249234748937,-0.18151424220741,2.73667626712711,0.202458193231342
"3445",2.73667626712711,0.202458193231342,3.40339204138894,0.223402144255274
"3446",3.40339204138894,0.223402144255274,3.40688269989293,-0.162315620435473
"3447",3.40688269989293,-0.162315620435473,1.73834793498635,-0.0907571211037051
"3448",1.73834793498635,-0.0907571211037051,0.431096325242599,-0.108210413623648
"3449",0.431096325242599,-0.108210413623648,1.06116018521255,-0.383972435438752
"3450",1.06116018521255,-0.383972435438752,6.19242818607588,-0.125663706143592
"3451",6.19242818607588,-0.125663706143592,2.97927703315432,0.172787595947439
"3452",2.97927703315432,0.172787595947439,3.35277749308111,-0.183259571459405
"3453",3.35277749308111,-0.183259571459405,3.21664181142555,-0.197222205475359
"3454",3.21664181142555,-0.197222205475359,0.687659725285766,0.368264472170804
"3455",0.687659725285766,0.368264472170804,0.492182849062401,0.165806278939461
"3456",0.492182849062401,0.165806278939461,5.94982742004867,-0.183259571459405
"3457",5.94982742004867,-0.183259571459405,5.15570261039125,0.0767944870877505
"3458",5.15570261039125,0.0767944870877505,5.1085787205874,0.134390352403563
"3459",5.1085787205874,0.134390352403563,4.02647458435092,0.228638132011257
"3460",4.02647458435092,0.228638132011257,2.26543736908864,-0.191986217719376
"3461",2.26543736908864,-0.191986217719376,6.01789526087645,-0.212930168743308
"3462",6.01789526087645,-0.212930168743308,4.59545192050107,0.00872664625997165
"3463",4.59545192050107,0.00872664625997165,3.88859357344337,0.0541052068118242
"3464",3.88859357344337,0.0541052068118242,3.39990138288495,-0.162315620435473
"3465",3.39990138288495,-0.162315620435473,2.93215314335047,0.249582083035189
"3466",2.93215314335047,0.249582083035189,1.18682389135614,0.111701072127637
"3467",1.18682389135614,0.111701072127637,6.22908010036776,0.270526034059121
"3468",6.22908010036776,0.270526034059121,6.02138591938044,-0.205948851735331
"3469",6.02138591938044,-0.205948851735331,5.97949801733257,0.214675497995303
"3470",5.97949801733257,0.214675497995303,0.0174532925199433,0.226892802759263
"3471",0.0174532925199433,0.226892802759263,6.14355896702004,-0.102974425867665
"3472",6.14355896702004,-0.102974425867665,1.65980811864661,-0.253072741539178
"3473",1.65980811864661,-0.253072741539178,0.0174532925199433,-0.113446401379631
"3474",0.0174532925199433,-0.113446401379631,4.59196126199708,0.0767944870877505
"3475",4.59196126199708,0.0767944870877505,4.85725130830022,-0.724311639577647
"3476",4.85725130830022,-0.724311639577647,4.47676953136546,0.0802851455917391
"3477",4.47676953136546,0.0802851455917391,2.90422787531856,0.214675497995303
"3478",2.90422787531856,0.214675497995303,0.897099235525085,-0.0593411945678072
"3479",0.897099235525085,-0.0593411945678072,0.0593411945678072,-0.101229096615671
"3480",0.0593411945678072,-0.101229096615671,2.61101256098352,0.0506145483078356
"3481",2.61101256098352,0.0506145483078356,1.61093889959077,0.106465084371654
"3482",1.61093889959077,0.106465084371654,1.16238928182822,0.148352986419518
"3483",1.16238928182822,0.148352986419518,0.980875039620813,-0.0593411945678072
"3484",0.980875039620813,-0.0593411945678072,2.97578637465033,0.0628318530717959
"3485",2.97578637465033,0.0628318530717959,1.56556033903891,0.010471975511966
"3486",1.56556033903891,0.010471975511966,1.76627320301826,-0.148352986419518
"3487",1.76627320301826,-0.148352986419518,1.0471975511966,0.106465084371654
"3488",1.0471975511966,0.106465084371654,1.10479341651241,-0.0261799387799149
"3489",1.10479341651241,-0.0261799387799149,1.67202542341057,-0.0436332312998582
"3490",1.67202542341057,-0.0436332312998582,1.30201562198777,0.101229096615671
"3491",1.30201562198777,0.101229096615671,1.43815130364333,0.111701072127637
"3492",1.43815130364333,0.111701072127637,4.88343124708013,-0.122173047639603
"3493",4.88343124708013,-0.122173047639603,3.20616983591358,0.211184839491314
"3494",3.20616983591358,0.211184839491314,2.0943951023932,0.207694180987325
"3495",2.0943951023932,0.207694180987325,1.96698606699761,0.115191730631626
"3496",1.96698606699761,0.115191730631626,0.954695100840898,0.247836753783195
"3497",0.954695100840898,0.247836753783195,1.75056523975031,0.0750491578357562
"3498",1.75056523975031,0.0750491578357562,2.21307749152881,-0.53232542185827
"3499",2.21307749152881,-0.53232542185827,2.11359372416513,-0.197222205475359
"3500",2.11359372416513,-0.197222205475359,1.51843644923507,0.109955742875643
"3501",1.51843644923507,0.109955742875643,5.15046662263527,0.0820304748437335
"3502",5.15046662263527,0.0820304748437335,2.13104701668508,0.404916386462684
"3503",2.13104701668508,0.404916386462684,2.57959663444762,-0.101229096615671
"3504",2.57959663444762,-0.101229096615671,1.95476876223365,0.0907571211037051
"3505",1.95476876223365,0.0907571211037051,2.01061929829747,0.0907571211037051
"3506",2.01061929829747,0.0907571211037051,0.0314159265358979,-0.10471975511966
"3507",0.0314159265358979,-0.10471975511966,4.06487182789479,0.0541052068118242
"3508",4.06487182789479,0.0541052068118242,1.97571271325758,0.134390352403563
"3509",1.97571271325758,0.134390352403563,5.67581072748556,0.139626340159546
"3510",5.67581072748556,0.139626340159546,4.88343124708013,-0.178023583703422
"3511",4.88343124708013,-0.178023583703422,4.94102711239595,0.00349065850398866
"3512",4.94102711239595,0.00349065850398866,5.71595330028143,0.462512251778497
"3513",5.71595330028143,0.462512251778497,3.43480796792484,0.167551608191456
"3514",3.43480796792484,0.167551608191456,2.87106661953067,-0.111701072127637
"3515",2.87106661953067,-0.111701072127637,3.31787090804122,0.176278254451427
"3516",3.31787090804122,0.176278254451427,2.460914245312,0.188495559215388
"3517",2.460914245312,0.188495559215388,3.05258086173808,-0.109955742875643
"3518",3.05258086173808,-0.109955742875643,5.3546701451186,-0.0575958653158129
"3519",5.3546701451186,-0.0575958653158129,0.18151424220741,0.521853446346304
"3520",0.18151424220741,0.521853446346304,4.89739388109609,0.125663706143592
"3521",4.89739388109609,0.125663706143592,5.44542726622231,0.0680678408277788
"3522",5.44542726622231,0.0680678408277788,3.84146968363952,0.139626340159546
"3523",3.84146968363952,0.139626340159546,6.02662190713642,0.108210413623648
"3524",6.02662190713642,0.108210413623648,4.07359847415476,0.125663706143592
"3525",4.07359847415476,0.125663706143592,3.5412730522965,0.0541052068118242
"3526",3.5412730522965,0.0541052068118242,1.46956723017923,-0.450294947014537
